g default
v 13.471928 1.166635 4.770184
v 13.452780 1.229337 4.690260
v 13.572054 1.229982 4.637321
v 13.605957 1.165891 4.728643
v 13.621719 1.148431 4.813983
v 13.486309 1.142477 4.846370
v 13.626843 1.160238 4.898991
v 13.498899 1.148756 4.926299
v 13.620834 1.203542 5.012486
v 13.509499 1.191274 5.034182
v 13.605035 1.265401 5.151877
v 13.516738 1.250383 5.170589
v 13.381255 1.222467 4.805327
v 13.371414 1.250864 4.743492
v 13.398973 1.209890 4.865359
v 13.411446 1.209299 4.950485
v 13.427856 1.221994 5.067507
v 13.447481 1.252603 5.198748
v 13.270939 1.250581 4.770329
v 13.181662 1.228353 4.791113
v 13.183128 1.270052 4.731071
v 13.272904 1.292020 4.715393
v 13.279675 1.225450 4.832938
v 13.189503 1.194460 4.856590
v 13.294738 1.216722 4.895758
v 13.203426 1.184305 4.929722
v 13.314708 1.220277 4.977616
v 13.222590 1.198057 5.001664
v 13.343264 1.237413 5.089821
v 13.256516 1.243070 5.097563
v 13.374228 1.266012 5.218816
v 13.298801 1.287901 5.227856
v 13.016701 1.255083 4.823747
v 13.032370 1.302053 4.764317
v 13.012403 1.220930 4.895386
v 13.029665 1.213354 4.980031
v 13.061392 1.230020 5.052850
v 13.122802 1.284547 5.135061
v 13.196869 1.338518 5.254025
v 13.538057 1.318227 4.589073
v 13.437714 1.295084 4.640578
v 13.190533 1.323221 4.703090
v 13.274959 1.327650 4.687985
v 13.057161 1.352239 4.729899
v 13.720102 1.254240 4.987515
v 13.688942 1.302366 5.134758
v 13.739820 1.222738 4.874844
v 13.742373 1.218580 4.795142
v 13.733282 1.231981 4.716527
v 13.692129 1.283479 4.615701
v 13.629334 1.365278 4.554108
v 13.609982 1.301591 5.323565
v 13.623074 1.315717 5.468062
v 13.556269 1.298109 5.482764
v 13.536987 1.282850 5.332998
v 13.641380 1.318819 5.609170
v 13.576025 1.300539 5.625755
v 13.668070 1.307832 5.747463
v 13.599450 1.287618 5.761436
v 13.711926 1.285951 5.877948
v 13.655270 1.268594 5.892821
v 13.497244 1.291597 5.495723
v 13.472122 1.277967 5.346286
v 13.521029 1.291315 5.641660
v 13.541934 1.277364 5.784235
v 13.616611 1.258569 5.904205
v 13.562033 1.250009 5.923244
v 13.440668 1.300939 5.511980
v 13.387669 1.327829 5.533050
v 13.342616 1.318056 5.384379
v 13.407817 1.289339 5.363310
v 13.467627 1.298578 5.658097
v 13.421426 1.323370 5.673900
v 13.489731 1.282415 5.802754
v 13.441723 1.305742 5.816390
v 13.505342 1.252142 5.942885
v 13.443300 1.270422 5.958395
v 13.312984 1.378259 5.561010
v 13.264655 1.369047 5.417113
v 13.347940 1.373014 5.703809
v 13.369850 1.350462 5.847450
v 13.373558 1.308866 5.987070
v 13.359859 1.263773 6.098379
v 13.435575 1.233083 6.061884
v 13.508308 1.221243 6.041616
v 13.637451 1.229116 6.009976
v 13.575236 1.221761 6.025734
v 13.694349 1.240198 5.996231
v 13.727077 1.335355 5.738818
v 13.766619 1.310484 5.870672
v 13.701172 1.348512 5.598434
v 13.686749 1.347528 5.453219
v 13.678825 1.336660 5.311892
v 13.721962 1.216108 6.078108
v 13.655689 1.205862 6.094998
v 13.587197 1.198480 6.109152
v 13.669037 1.195074 6.153918
v 13.596247 1.188936 6.169821
v 13.680090 1.180627 6.192799
v 13.689350 1.167085 6.225978
v 13.608903 1.163251 6.246750
v 13.603084 1.175302 6.211063
v 13.705377 1.142568 6.294639
v 13.623152 1.145952 6.318349
v 13.616964 1.149126 6.290578
v 13.699133 1.148733 6.267947
v 13.716028 1.135706 6.335225
v 13.638883 1.143972 6.359639
v 13.518497 1.183832 6.175290
v 13.430080 1.182535 6.189283
v 13.430326 1.199804 6.137497
v 13.513138 1.194921 6.119533
v 13.524174 1.153848 6.253133
v 13.527847 1.135152 6.275929
v 13.436850 1.120348 6.283942
v 13.431665 1.134702 6.261456
v 13.539747 1.126295 6.330899
v 13.461931 1.107710 6.346681
v 13.443172 1.113264 6.302905
v 13.531580 1.127882 6.294828
v 13.565166 1.120958 6.380639
v 13.597245 1.132269 6.440107
v 13.547005 1.112329 6.465171
v 13.501770 1.099863 6.405508
v 13.336552 1.193346 6.244258
v 13.345113 1.221101 6.179084
v 13.346264 1.103540 6.345272
v 13.334190 1.127248 6.324485
v 13.367016 1.067941 6.495217
v 13.315268 1.083891 6.467917
v 13.357898 1.093004 6.359866
v 13.398621 1.079733 6.400500
v 13.438523 1.080385 6.530680
v 13.431046 1.107740 6.619749
v 13.363985 1.099092 6.603653
v 13.927227 1.111368 6.404887
v 13.900051 1.133325 6.446419
v 13.846848 1.108324 6.392152
v 13.855265 1.094751 6.330554
v 13.926926 1.616361 4.756569
v 13.885778 1.636491 4.643303
v 13.857691 1.775095 4.695124
v 13.883490 1.763021 4.803726
v 13.882263 1.748949 4.877875
v 13.930166 1.602930 4.838225
v 13.869518 1.732183 4.948574
v 13.912090 1.592451 4.916948
v 13.846974 1.711839 5.051999
v 13.873497 1.583612 5.027414
v 13.826252 1.689851 5.190005
v 13.841976 1.576398 5.174634
v 13.901773 1.457624 4.725842
v 13.855421 1.490877 4.613637
v 13.902685 1.446886 4.810541
v 13.887216 1.444425 4.892874
v 13.846435 1.452924 5.007626
v 13.805520 1.466947 5.159719
v 13.821615 1.316179 4.713378
v 13.773145 1.363111 4.607514
v 13.829832 1.303590 4.797177
v 13.819107 1.307760 4.880482
v 13.785010 1.332964 4.995391
v 13.747858 1.366224 5.146779
v 13.808881 1.775827 4.596396
v 13.817760 1.655126 4.548663
v 13.781447 1.532804 4.527946
v 13.701460 1.428213 4.535602
v 13.791591 1.794050 5.070406
v 13.778769 1.763933 5.198818
v 13.801743 1.816049 4.973974
v 13.807080 1.831529 4.909722
v 13.808628 1.845110 4.844732
v 13.797163 1.854795 4.746160
v 13.770418 1.849660 4.650969
v 13.819119 1.662328 5.359934
v 13.824459 1.641916 5.495198
v 13.830448 1.550874 5.483180
v 13.832649 1.563333 5.347908
v 13.841921 1.621935 5.629707
v 13.840279 1.535616 5.617444
v 13.863256 1.599706 5.763658
v 13.865486 1.515497 5.749570
v 13.895851 1.578249 5.895873
v 13.902550 1.491327 5.879281
v 13.798283 1.464990 5.471541
v 13.794355 1.470304 5.335171
v 13.807786 1.456159 5.607266
v 13.829473 1.437635 5.740954
v 13.869019 1.409528 5.872118
v 13.739677 1.393205 5.460732
v 13.733835 1.388815 5.322375
v 13.753672 1.390321 5.598790
v 13.779058 1.375818 5.736596
v 13.819112 1.347257 5.868724
v 13.815731 1.277807 5.982424
v 13.754263 1.256197 5.985914
v 13.875006 1.315023 5.984541
v 13.924044 1.378992 5.992078
v 13.949069 1.464769 6.007546
v 13.938400 1.551569 6.030337
v 13.860586 1.634210 5.912463
v 13.894898 1.618852 6.057407
v 13.836340 1.658769 5.777151
v 13.815804 1.683885 5.641268
v 13.797239 1.707502 5.504897
v 13.780987 1.729639 5.368039
v 13.981905 1.537061 6.136280
v 13.999676 1.441534 6.112785
v 14.010670 1.525541 6.221991
v 14.035290 1.420698 6.201009
v 14.033484 1.520818 6.287502
v 14.068864 1.400880 6.275115
v 14.038818 1.505792 6.346291
v 14.075808 1.383653 6.343631
v 14.035164 1.490755 6.390736
v 14.064464 1.370893 6.388964
v 14.030657 1.481783 6.410581
v 14.013765 1.456682 6.453816
v 14.031631 1.353445 6.458125
v 14.057068 1.365682 6.408610
v 13.980040 1.344656 6.093652
v 14.024555 1.310514 6.178618
v 14.058613 1.281160 6.254034
v 14.071044 1.261079 6.325475
v 14.066120 1.252081 6.374322
v 14.028203 1.249239 6.448811
v 14.059626 1.250002 6.394296
v 13.861694 1.242418 6.071791
v 13.790195 1.228120 6.070129
v 13.928162 1.183881 6.491568
v 13.965918 1.169218 6.459265
v 13.984798 1.558218 6.411997
v 13.972406 1.532583 6.455120
v 13.985312 1.580961 6.359015
v 13.986910 1.567632 6.392755
v 13.976460 1.597303 6.300326
v 13.952253 1.599523 6.238317
v 13.929306 1.609327 6.161841
v 12.893117 1.375768 4.832219
v 12.819233 1.545801 4.835287
v 12.845618 1.565733 4.744095
v 12.921837 1.409570 4.757783
v 12.883675 1.352502 4.916108
v 12.815036 1.529508 4.930823
v 12.910242 1.351205 4.999886
v 12.849139 1.521402 5.018795
v 12.953642 1.362115 5.072999
v 12.900661 1.518671 5.092449
v 13.031202 1.391740 5.164101
v 12.981386 1.523000 5.191174
v 13.119181 1.422929 5.293622
v 13.072274 1.529218 5.328214
v 12.856934 1.726293 4.865372
v 12.864206 1.741827 4.777251
v 12.864954 1.708807 4.951649
v 12.891914 1.692915 5.031628
v 12.929213 1.679224 5.104746
v 12.992666 1.664568 5.207337
v 13.071966 1.649740 5.343989
v 12.961712 1.866396 4.900787
v 12.958738 1.881864 4.822589
v 12.971310 1.849710 4.975989
v 12.988058 1.835275 5.048065
v 13.013149 1.817747 5.116033
v 13.059381 1.791601 5.212106
v 13.118783 1.763231 5.340546
v 12.969521 1.447569 4.720838
v 12.915973 1.587682 4.708862
v 12.923190 1.734682 4.730173
v 12.989876 1.859785 4.763284
v 13.103523 1.951158 4.856084
v 13.118196 1.916822 4.809628
v 13.105727 1.954794 4.922633
v 13.114248 1.946436 4.991385
v 13.128347 1.930101 5.053866
v 13.145355 1.911237 5.114158
v 13.173288 1.883672 5.203395
v 13.210602 1.851369 5.323108
v 13.278341 1.989320 4.910594
v 13.274685 1.966817 4.850143
v 13.284426 1.996782 4.975578
v 13.294655 1.979787 5.037729
v 13.306253 1.960840 5.097199
v 13.324472 1.935636 5.185789
v 13.348307 1.907842 5.304140
v 13.375587 1.976240 4.883678
v 13.370020 1.952142 4.831921
v 13.382307 1.988115 4.942159
v 13.391017 1.982832 5.006925
v 13.402252 1.967714 5.081737
v 13.417808 1.944528 5.178616
v 13.438526 1.915426 5.301604
v 13.571684 1.946336 4.841238
v 13.475405 1.964037 4.865264
v 13.483414 1.976049 4.922907
v 13.582043 1.954504 4.922198
v 13.491788 1.973287 4.988107
v 13.588530 1.950746 4.983883
v 13.500798 1.960962 5.063883
v 13.593709 1.943040 5.045637
v 13.511798 1.939306 5.161076
v 13.598106 1.921526 5.135571
v 13.526763 1.910707 5.283958
v 13.603540 1.893217 5.253267
v 13.697237 1.904848 4.885219
v 13.687199 1.908685 4.795758
v 13.701223 1.898168 4.948621
v 13.702610 1.886869 5.011320
v 13.700975 1.865972 5.104423
v 13.697200 1.836370 5.226713
v 13.268191 1.922781 4.818510
v 13.366687 1.915609 4.806349
v 13.561557 1.919725 4.784193
v 13.677783 1.904871 4.724854
v 13.261108 1.808988 5.494335
v 13.297863 1.778471 5.637460
v 13.418194 1.832513 5.619069
v 13.387456 1.864065 5.475828
v 13.330572 1.746828 5.781214
v 13.448135 1.794641 5.760432
v 13.360863 1.709680 5.924139
v 13.474314 1.760599 5.903307
v 13.384781 1.671629 6.067822
v 13.491661 1.712926 6.047733
v 13.494539 1.845159 5.599203
v 13.466484 1.879594 5.451138
v 13.522155 1.809419 5.745939
v 13.548746 1.773820 5.892262
v 13.573862 1.733759 6.035870
v 13.573841 1.842970 5.580312
v 13.646975 1.825170 5.564141
v 13.625345 1.855257 5.423689
v 13.549307 1.876402 5.433005
v 13.598975 1.809290 5.726426
v 13.669466 1.794603 5.703877
v 13.624021 1.775465 5.871808
v 13.691957 1.763986 5.843605
v 13.648890 1.737646 6.015365
v 13.715399 1.734109 5.983317
v 13.730177 1.775034 5.534769
v 13.710846 1.800600 5.396084
v 13.750879 1.748766 5.673044
v 13.772785 1.721883 5.810839
v 13.795723 1.694250 5.948389
v 13.827253 1.670602 6.093850
v 13.748018 1.699113 6.126616
v 13.672232 1.701414 6.149587
v 13.504209 1.670484 6.193878
v 13.592289 1.692152 6.169636
v 13.407307 1.633024 6.222897
v 13.417915 1.612634 6.344379
v 13.519184 1.638490 6.307178
v 13.432549 1.594862 6.435575
v 13.534805 1.601823 6.389332
v 13.444191 1.578279 6.520064
v 13.549017 1.572782 6.458517
v 13.470831 1.562959 6.588694
v 13.563284 1.550253 6.508868
v 13.494968 1.541433 6.634513
v 13.575897 1.533228 6.546461
v 13.507248 1.530122 6.647922
v 13.547121 1.492563 6.669618
v 13.605053 1.498289 6.601981
v 13.583935 1.523180 6.564752
v 13.609756 1.656118 6.274876
v 13.624352 1.616682 6.347731
v 13.637361 1.581152 6.405682
v 13.648607 1.553716 6.452694
v 13.657790 1.536913 6.489758
v 13.673283 1.505922 6.544280
v 13.663099 1.526624 6.509474
v 13.691615 1.670786 6.251587
v 13.770184 1.678087 6.228387
v 13.706261 1.640932 6.316640
v 13.781189 1.664487 6.292593
v 13.717253 1.618349 6.370841
v 13.791708 1.652452 6.344384
v 13.726970 1.593950 6.416653
v 13.799131 1.635294 6.388742
v 13.805194 1.617899 6.428784
v 13.733803 1.573877 6.452328
v 13.745335 1.533475 6.505603
v 13.816950 1.572092 6.485813
v 13.808489 1.606367 6.446943
v 13.737728 1.560960 6.471412
v 13.853921 1.658357 6.195482
v 13.870106 1.651868 6.262096
v 13.883224 1.648122 6.318739
v 13.892706 1.635816 6.370996
v 13.898142 1.621049 6.410391
v 13.900312 1.576631 6.468544
v 13.899658 1.610323 6.428655
v 13.123039 1.492361 4.717410
v 13.218427 1.498510 4.708488
v 13.218130 1.432924 4.702621
v 13.128371 1.439825 4.713739
v 13.111895 1.584657 4.729559
v 13.221165 1.580610 4.724849
v 13.124255 1.690626 4.748053
v 13.234688 1.674741 4.745220
v 13.152035 1.778890 4.766768
v 13.248863 1.754682 4.759788
v 13.300499 1.502920 4.691909
v 13.293753 1.435346 4.682074
v 13.310276 1.580610 4.706408
v 13.324034 1.666986 4.723411
v 13.338100 1.743391 4.744204
v 13.379704 1.501432 4.677073
v 13.451984 1.500036 4.645934
v 13.442305 1.433626 4.642661
v 13.371149 1.433557 4.670466
v 13.391312 1.578981 4.683535
v 13.467537 1.576772 4.653502
v 13.407557 1.664026 4.699416
v 13.484475 1.661924 4.668117
v 13.423243 1.739694 4.723274
v 13.500441 1.742086 4.690437
v 13.519018 1.495164 4.607372
v 13.506273 1.436540 4.603059
v 13.542220 1.571687 4.614387
v 13.561846 1.660841 4.628997
v 13.576263 1.743463 4.652762
v 13.193710 1.338781 4.698123
v 13.205688 1.384317 4.692175
v 13.286860 1.380266 4.681631
v 13.277470 1.342870 4.682558
v 13.363512 1.379785 4.658068
v 13.434258 1.383051 4.626102
v 13.433065 1.356592 4.624423
v 13.360802 1.343370 4.658710
v 13.515127 1.402898 4.591681
v 13.521036 1.379484 4.585937
v 13.684774 1.554712 4.517169
v 13.633154 1.456812 4.538506
v 13.715502 1.675195 4.530811
v 13.716442 1.783342 4.576518
v 13.550894 1.885725 4.746363
v 13.539025 1.856260 4.723624
v 13.449884 1.856733 4.758079
v 13.459255 1.895658 4.778694
v 13.358892 1.860479 4.779645
v 13.261318 1.867902 4.788395
v 13.266282 1.908567 4.809738
v 13.364933 1.901174 4.798110
v 13.143387 1.873781 4.780706
v 13.124220 1.905450 4.799258
v 13.055787 1.830938 4.745944
v 13.007063 1.723211 4.719643
v 12.938042 1.732732 4.724390
v 13.001741 1.853719 4.754828
v 12.998842 1.595136 4.700941
v 12.931622 1.590513 4.704746
v 13.033944 1.477697 4.702903
v 12.982756 1.455385 4.714697
v 13.277880 1.414079 6.032465
v 13.268103 1.453878 6.045063
v 13.261755 1.475645 5.899446
v 13.270124 1.524950 6.059259
v 13.251940 1.557989 5.919181
v 13.306488 1.607530 6.071522
v 13.285479 1.641946 5.929006
v 13.308516 1.407709 5.874970
v 13.240710 1.501886 5.761164
v 13.284882 1.430654 5.734044
v 13.227976 1.587038 5.780435
v 13.257313 1.673296 5.787663
v 13.200441 1.516943 5.625895
v 13.247015 1.440527 5.595130
v 13.191778 1.609369 5.643651
v 13.222264 1.701624 5.647501
v 13.150522 1.526525 5.493479
v 13.197414 1.439684 5.458551
v 13.144825 1.628835 5.510011
v 13.181959 1.727529 5.508481
v 13.312569 1.364908 6.013892
v 13.323158 1.571619 6.232343
v 13.274330 1.489458 6.221017
v 13.258468 1.414671 6.198694
v 13.264446 1.365923 6.178110
v 13.293566 1.313074 6.142479
v 13.229015 1.286314 6.436462
v 13.238134 1.351617 6.459030
v 13.239529 1.384286 6.334312
v 13.237493 1.327901 6.310323
v 13.252784 1.443300 6.473352
v 13.260826 1.464758 6.353822
v 13.255454 1.323763 6.568298
v 13.277107 1.299532 6.664991
v 13.307188 1.405954 6.679598
v 13.272963 1.426313 6.586266
v 13.326712 1.278127 6.718210
v 13.366039 1.380468 6.735071
v 13.319417 1.555708 6.361335
v 13.314451 1.550512 6.473005
v 13.370793 1.511537 6.653852
v 13.333099 1.530233 6.573431
v 13.419245 1.484438 6.703896
v 13.383980 1.374250 6.742879
v 13.456138 1.353696 6.748058
v 13.493691 1.432935 6.718818
v 13.435129 1.474271 6.712230
v 13.259602 1.210664 6.624448
v 13.303835 1.185972 6.674131
v 13.241327 1.248827 6.538824
v 13.500824 1.112711 6.559630
v 13.490788 1.132784 6.626039
v 13.662175 1.147188 6.413398
v 13.730980 1.138269 6.384777
v 13.746233 1.156770 6.445379
v 13.687641 1.161634 6.472547
v 13.988748 1.251718 6.492573
v 13.946661 1.256380 6.522640
v 13.714132 1.199373 6.532628
v 13.763788 1.199312 6.508568
v 13.780333 1.258749 6.548283
v 13.735489 1.256170 6.573018
v 13.804908 1.199613 6.498372
v 13.844107 1.198949 6.502116
v 13.852834 1.258760 6.540658
v 13.810880 1.259222 6.540023
v 13.512245 1.339384 6.739439
v 13.471843 1.262788 6.734684
v 13.531198 1.261873 6.716277
v 13.563237 1.328836 6.719571
v 13.666457 1.259092 6.617233
v 13.692186 1.256441 6.600212
v 13.694294 1.304819 6.620470
v 13.804313 1.320608 6.574024
v 13.747272 1.318620 6.590326
v 13.859549 1.324464 6.561460
v 13.901415 1.258970 6.538369
v 13.954126 1.334543 6.535025
v 13.910136 1.328786 6.552404
v 13.588211 1.384454 6.707063
v 13.545781 1.404455 6.718249
v 13.812317 1.378278 6.583535
v 13.758780 1.372724 6.603567
v 13.881407 1.477041 6.553621
v 13.823077 1.477907 6.572462
v 13.819534 1.429460 6.586824
v 13.871166 1.433103 6.569191
v 13.632236 1.469701 6.631827
v 13.690751 1.482378 6.586514
v 13.754237 1.499513 6.551920
v 13.821857 1.526876 6.535962
v 13.892654 1.527250 6.518825
v 13.983139 1.429025 6.502951
v 13.994878 1.342466 6.503683
v 13.098438 1.408002 4.708483
v 13.065325 1.365129 4.723274
v 13.585596 1.399824 4.552747
v 13.525311 1.363470 4.584770
v 13.580169 1.479734 4.569582
v 13.552763 1.437574 4.573911
v 13.618032 1.562780 4.564231
v 13.642344 1.666315 4.580018
v 13.650064 1.756563 4.614474
v 13.653318 1.881834 4.693660
v 13.707958 1.842477 4.626184
v 13.592939 1.804205 4.672665
v 13.647919 1.800058 4.643445
v 13.517462 1.802469 4.708127
v 13.437347 1.802267 4.742181
v 13.260561 1.815446 4.774012
v 13.350824 1.805914 4.763387
v 13.172553 1.827871 4.779002
v 13.679210 1.770284 4.594622
v 13.667959 1.820127 4.630867
v 13.674910 1.671537 4.554706
v 13.647305 1.559675 4.540236
v 13.602777 1.469919 4.554211
v 13.561594 1.424665 4.563101
v 13.621181 1.844305 4.675714
v 13.587210 1.455446 6.682642
v 13.950852 1.492834 6.506103
v 13.635025 1.154070 6.501824
v 13.595228 1.145620 6.527870
v 13.632275 1.198248 6.581834
v 13.667828 1.199251 6.559201
v 13.865239 1.384447 6.567672
v 13.649978 1.315977 6.656841
v 13.708498 1.367227 6.630216
v 13.663733 1.368593 6.660541
v 13.948514 1.405462 6.537478
v 13.442581 1.180658 6.693791
v 13.505831 1.191347 6.683669
v 13.911711 1.390100 6.556167
v 13.888020 1.196260 6.507725
v 13.839462 1.143480 6.449479
v 13.875812 1.149858 6.470103
v 13.797722 1.147749 6.435507
v 13.543835 1.159532 6.628546
v 13.564985 1.202005 6.656828
v 13.555481 1.148855 6.589115
v 13.593335 1.191629 6.608008
v 13.626425 1.258859 6.643451
v 13.587154 1.262617 6.682126
v 13.608405 1.321905 6.690521
v 13.624659 1.372491 6.688167
v 13.616241 1.423742 6.683606
v 13.636303 1.404417 6.679537
v 13.667410 1.409570 6.657249
v 13.655062 1.440961 6.649494
v 13.712274 1.414842 6.629481
v 13.764273 1.422117 6.604888
v 13.907890 1.429689 6.558361
v 13.927181 1.455354 6.541737
v 13.361065 1.328394 4.664299
v 13.365562 1.295515 4.691756
v 13.612926 1.154169 6.270167
v 13.467422 1.938730 4.813030
v 13.462142 1.909258 4.787945
v 13.762388 1.464555 6.588881
v 13.705379 1.452383 6.615846
v 13.966189 1.094713 6.297085
v 13.953157 1.097524 6.352247
v 13.859377 1.109338 6.272933
v 13.856945 1.125146 6.226416
v 13.853273 1.159704 6.185462
v 13.957214 1.130735 6.227827
v 13.966676 1.101060 6.274694
v 13.855480 1.137674 6.206734
v 13.929537 1.178026 6.173399
v 13.837180 1.185770 6.151685
v 13.694510 1.155916 6.248124
v 14.002344 1.159525 6.411581
v 14.032579 1.154482 6.360268
v 14.038117 1.156240 6.339808
v 14.037718 1.170412 6.282393
v 14.009506 1.204095 6.213723
v 13.970379 1.240961 6.149660
v 13.929195 1.276147 6.080573
v 13.813870 1.212091 6.115477
v 13.893742 1.216066 6.124101
v 13.404104 1.267370 6.736359
v 13.344730 1.273866 6.727477
v 13.374401 1.178056 6.690942
v 13.321694 1.181390 6.683495
v 13.306895 1.103841 6.594501
v 13.298777 1.093725 6.456923
v 13.265029 1.126978 6.428065
v 13.251469 1.147993 6.540289
v 13.289751 1.110963 6.585226
v 13.238190 1.200739 6.476341
v 13.257879 1.173246 6.386309
v 13.266151 1.215314 6.319702
v 13.277275 1.254831 6.236649
v 13.521544 1.168192 6.215658
v 13.429236 1.159231 6.229146
v 13.333687 1.160650 6.291079
v 13.782424 1.125661 6.260121
v 13.776560 1.139421 6.226936
v 13.772795 1.149629 6.208435
v 13.767155 1.166647 6.184338
v 13.754807 1.185880 6.154208
v 13.787172 1.116216 6.320887
v 13.233176 1.242838 6.390098
v 13.739456 1.203439 6.123280
v 13.458197 1.083562 6.452729
v 13.514578 1.105287 6.502701
v 13.792419 1.119032 6.369588
v 13.250730 1.281854 6.275742
v 13.567129 1.143171 6.557163
v 13.433460 1.339857 4.626458
v 13.693305 1.837003 4.624768
v 13.643612 1.871317 4.685592
v 13.701818 1.780962 4.579169
v 13.700813 1.675718 4.534522
v 13.669945 1.557283 4.521685
v 13.618594 1.463029 4.543420
v 13.573722 1.410966 4.555709
v 13.555053 1.897535 4.757768
vt 0.779184 0.194574
vt 0.778846 0.197345
vt 0.783300 0.198012
vt 0.783552 0.194981
vt 0.783542 0.192822
vt 0.779310 0.192530
vt 0.783433 0.190671
vt 0.779244 0.190456
vt 0.783041 0.187289
vt 0.778905 0.187132
vt 0.782198 0.182255
vt 0.778443 0.182123
vt 0.775313 0.194537
vt 0.775289 0.196558
vt 0.775584 0.192645
vt 0.775563 0.190058
vt 0.775541 0.186276
vt 0.775438 0.181538
vt 0.771270 0.196346
vt 0.767867 0.196060
vt 0.767938 0.198141
vt 0.771535 0.198243
vt 0.771353 0.194351
vt 0.768010 0.194059
vt 0.771607 0.192408
vt 0.768184 0.192075
vt 0.771842 0.189843
vt 0.768412 0.190001
vt 0.772130 0.186085
vt 0.768822 0.186629
vt 0.772305 0.181336
vt 0.769097 0.181640
vt 0.762098 0.196193
vt 0.761945 0.198264
vt 0.762296 0.194222
vt 0.762601 0.192128
vt 0.762955 0.190107
vt 0.763558 0.186810
vt 0.764456 0.181663
vt 0.782685 0.201242
vt 0.778420 0.199862
vt 0.845695 0.205729
vt 0.851117 0.206840
vt 0.850272 0.203381
vt 0.845188 0.203280
vt 0.860157 0.204617
vt 0.858224 0.201446
vt 0.787178 0.187545
vt 0.786027 0.182353
vt 0.787704 0.190925
vt 0.787974 0.193038
vt 0.788164 0.195132
vt 0.788063 0.198436
vt 0.787368 0.202260
vt 0.781449 0.175552
vt 0.780925 0.169520
vt 0.777838 0.169425
vt 0.778192 0.175721
vt 0.780604 0.163382
vt 0.777519 0.163155
vt 0.780601 0.157180
vt 0.777362 0.157044
vt 0.781318 0.151165
vt 0.778635 0.150910
vt 0.775169 0.169368
vt 0.775339 0.175701
vt 0.774946 0.162906
vt 0.774610 0.156474
vt 0.776816 0.150678
vt 0.774271 0.150240
vt 0.772565 0.169174
vt 0.769868 0.168779
vt 0.769354 0.175259
vt 0.772464 0.175542
vt 0.772447 0.162669
vt 0.770040 0.162471
vt 0.772141 0.156119
vt 0.769698 0.156060
vt 0.771653 0.149836
vt 0.768755 0.149736
vt 0.765901 0.168373
vt 0.765342 0.174698
vt 0.766036 0.162027
vt 0.765800 0.155599
vt 0.765149 0.149337
vt 0.764153 0.144425
vt 0.767795 0.145226
vt 0.771009 0.145568
vt 0.776706 0.146015
vt 0.773935 0.145792
vt 0.779281 0.146172
vt 0.783490 0.157199
vt 0.783975 0.151167
vt 0.783554 0.163434
vt 0.784068 0.169656
vt 0.784798 0.175487
vt 0.779599 0.142574
vt 0.776647 0.142434
vt 0.773688 0.142351
vt 0.776618 0.140085
vt 0.773517 0.140009
vt 0.776634 0.138493
vt 0.776610 0.137161
vt 0.773257 0.137016
vt 0.773387 0.138395
vt 0.776574 0.090994
vt 0.781215 0.090745
vt 0.780764 0.089376
vt 0.776339 0.089590
vt 0.776877 0.093136
vt 0.781534 0.092918
vt 0.770349 0.140238
vt 0.766718 0.140064
vt 0.767125 0.142051
vt 0.770587 0.142361
vt 0.769912 0.137300
vt 0.769789 0.136306
vt 0.766225 0.136412
vt 0.766224 0.137191
vt 0.785815 0.090172
vt 0.790325 0.089705
vt 0.789657 0.087986
vt 0.785115 0.088658
vt 0.786107 0.092547
vt 0.786062 0.095620
vt 0.789584 0.095466
vt 0.790257 0.092392
vt 0.762648 0.138458
vt 0.763374 0.140946
vt 0.762429 0.134566
vt 0.762215 0.135282
vt 0.800110 0.092336
vt 0.802824 0.089957
vt 0.796844 0.088930
vt 0.795825 0.090529
vt 0.797059 0.095218
vt 0.799241 0.098354
vt 0.802328 0.096169
vt 0.766757 0.099692
vt 0.769183 0.101256
vt 0.770754 0.097800
vt 0.769170 0.095198
vt 0.813149 0.157108
vt 0.811671 0.162067
vt 0.817896 0.162288
vt 0.819491 0.157853
vt 0.820717 0.155005
vt 0.814923 0.153906
vt 0.821987 0.152246
vt 0.816666 0.150995
vt 0.824039 0.148209
vt 0.819165 0.147056
vt 0.826832 0.142790
vt 0.822910 0.141696
vt 0.798793 0.195219
vt 0.799095 0.199206
vt 0.806568 0.199190
vt 0.806426 0.195048
vt 0.805687 0.191846
vt 0.798277 0.192545
vt 0.803830 0.188519
vt 0.797501 0.189851
vt 0.801517 0.184413
vt 0.796082 0.185807
vt 0.798048 0.179052
vt 0.793861 0.180209
vt 0.792395 0.195250
vt 0.792498 0.198912
vt 0.792102 0.192886
vt 0.791684 0.190511
vt 0.790868 0.186797
vt 0.789385 0.181367
vt 0.816078 0.166995
vt 0.810556 0.166667
vt 0.805689 0.203402
vt 0.798864 0.203466
vt 0.792170 0.202928
vt 0.827838 0.148826
vt 0.829993 0.143585
vt 0.826177 0.152719
vt 0.825109 0.155325
vt 0.824042 0.157949
vt 0.822533 0.161998
vt 0.821353 0.166259
vt 0.829723 0.135988
vt 0.831097 0.130542
vt 0.828258 0.129974
vt 0.826783 0.135144
vt 0.831864 0.125092
vt 0.829099 0.124730
vt 0.832030 0.119610
vt 0.829125 0.119414
vt 0.831723 0.114102
vt 0.828514 0.114068
vt 0.795572 0.172501
vt 0.793931 0.167331
vt 0.790553 0.168068
vt 0.791812 0.173490
vt 0.792995 0.162087
vt 0.789799 0.162527
vt 0.792966 0.156770
vt 0.789631 0.156887
vt 0.793646 0.151424
vt 0.790130 0.151122
vt 0.786918 0.168937
vt 0.787842 0.174578
vt 0.786384 0.163111
vt 0.786328 0.157090
vt 0.786763 0.151089
vt 0.784855 0.145896
vt 0.782017 0.146167
vt 0.787883 0.145621
vt 0.791298 0.145660
vt 0.794887 0.146044
vt 0.827399 0.108687
vt 0.830802 0.108416
vt 0.834289 0.114217
vt 0.834104 0.108246
vt 0.834390 0.119827
vt 0.834164 0.125422
vt 0.833468 0.131015
vt 0.832280 0.136642
vt 0.829988 0.103953
vt 0.825836 0.104169
vt 0.829618 0.100515
vt 0.824623 0.100525
vt 0.829750 0.097934
vt 0.823899 0.097226
vt 0.830010 0.095689
vt 0.823880 0.094460
vt 0.830488 0.093918
vt 0.824531 0.092052
vt 0.762743 0.119886
vt 0.765083 0.118124
vt 0.763596 0.113222
vt 0.760206 0.114120
vt 0.796626 0.141525
vt 0.792516 0.140922
vt 0.797685 0.137777
vt 0.793266 0.137048
vt 0.798782 0.134583
vt 0.793846 0.133773
vt 0.799293 0.131769
vt 0.794293 0.130856
vt 0.799440 0.128842
vt 0.794623 0.128754
vt 0.762943 0.108153
vt 0.758801 0.108168
vt 0.785672 0.141622
vt 0.782594 0.142319
vt 0.769074 0.104624
vt 0.766304 0.103875
vt 0.766127 0.123494
vt 0.767860 0.121620
vt 0.833464 0.096172
vt 0.833562 0.094804
vt 0.833406 0.098423
vt 0.833497 0.100879
vt 0.833721 0.103940
vt 0.756293 0.197528
vt 0.750336 0.198916
vt 0.749974 0.202197
vt 0.755801 0.200192
vt 0.756691 0.195090
vt 0.750782 0.195908
vt 0.757120 0.192713
vt 0.751302 0.193051
vt 0.757617 0.190319
vt 0.752037 0.190252
vt 0.758506 0.186540
vt 0.753429 0.185982
vt 0.759882 0.180912
vt 0.755531 0.179958
vt 0.743735 0.199220
vt 0.743875 0.202926
vt 0.743905 0.195730
vt 0.744562 0.192395
vt 0.745899 0.189260
vt 0.748434 0.184815
vt 0.751517 0.178971
vt 0.872742 0.163452
vt 0.863917 0.161500
vt 0.863333 0.164622
vt 0.871461 0.166837
vt 0.873209 0.158950
vt 0.864238 0.158405
vt 0.872619 0.155615
vt 0.864122 0.155440
vt 0.871417 0.151903
vt 0.863749 0.152523
vt 0.869139 0.147458
vt 0.862819 0.148303
vt 0.866369 0.141614
vt 0.861419 0.142727
vt 0.863050 0.195825
vt 0.866326 0.198283
vt 0.870334 0.189172
vt 0.865775 0.187937
vt 0.869239 0.178625
vt 0.865151 0.179667
vt 0.863333 0.168595
vt 0.861208 0.172127
vt 0.855694 0.165609
vt 0.854866 0.168608
vt 0.856015 0.159970
vt 0.855694 0.162501
vt 0.856278 0.157356
vt 0.856419 0.154871
vt 0.856451 0.152387
vt 0.856340 0.148631
vt 0.856030 0.143562
vt 0.847888 0.159335
vt 0.847343 0.161666
vt 0.848341 0.156980
vt 0.848726 0.154612
vt 0.849028 0.152235
vt 0.849371 0.148627
vt 0.849707 0.143780
vt 0.843214 0.159948
vt 0.842605 0.162127
vt 0.843782 0.157682
vt 0.844293 0.155204
vt 0.844817 0.152260
vt 0.845409 0.148351
vt 0.846029 0.143310
vt 0.833341 0.160858
vt 0.838412 0.160244
vt 0.839120 0.157896
vt 0.834821 0.157368
vt 0.839794 0.155328
vt 0.835695 0.154845
vt 0.840527 0.152312
vt 0.836487 0.152361
vt 0.841390 0.148383
vt 0.837563 0.148695
vt 0.842330 0.143347
vt 0.838869 0.143866
vt 0.829279 0.157851
vt 0.827696 0.161816
vt 0.830319 0.155188
vt 0.831270 0.152598
vt 0.832646 0.148781
vt 0.834378 0.143751
vt 0.847343 0.164774
vt 0.847365 0.167751
vt 0.842605 0.165235
vt 0.842267 0.167852
vt 0.831708 0.163832
vt 0.826190 0.165219
vt 0.855567 0.136287
vt 0.855267 0.130274
vt 0.850027 0.130597
vt 0.849922 0.136574
vt 0.855165 0.124284
vt 0.850159 0.124651
vt 0.855293 0.118298
vt 0.850348 0.118723
vt 0.855667 0.112306
vt 0.850975 0.112668
vt 0.846914 0.130908
vt 0.846547 0.137085
vt 0.847179 0.124784
vt 0.847369 0.118699
vt 0.847542 0.112696
vt 0.843756 0.131025
vt 0.840829 0.130941
vt 0.840130 0.136783
vt 0.843178 0.137158
vt 0.844134 0.124946
vt 0.841277 0.125140
vt 0.844352 0.118911
vt 0.841531 0.119350
vt 0.844459 0.112917
vt 0.841635 0.113566
vt 0.837047 0.130992
vt 0.836103 0.136736
vt 0.837631 0.125285
vt 0.837888 0.119593
vt 0.837911 0.113887
vt 0.837726 0.107863
vt 0.841304 0.107544
vt 0.844481 0.107321
vt 0.851698 0.106636
vt 0.847846 0.107106
vt 0.856214 0.105869
vt 0.856671 0.100973
vt 0.851934 0.101961
vt 0.856731 0.097308
vt 0.851870 0.098393
vt 0.856845 0.093971
vt 0.851635 0.095453
vt 0.856204 0.091109
vt 0.851178 0.093304
vt 0.855509 0.088896
vt 0.850660 0.091707
vt 0.796927 0.120286
vt 0.795325 0.118128
vt 0.791134 0.119990
vt 0.791638 0.122234
vt 0.847892 0.102678
vt 0.847789 0.099406
vt 0.847573 0.096770
vt 0.847285 0.094721
vt 0.846994 0.093227
vt 0.786615 0.121613
vt 0.786804 0.123655
vt 0.844378 0.103060
vt 0.841094 0.103358
vt 0.844211 0.100218
vt 0.841031 0.100778
vt 0.844043 0.097927
vt 0.840868 0.098709
vt 0.843862 0.095938
vt 0.840772 0.096886
vt 0.840687 0.095196
vt 0.843709 0.094414
vt 0.782109 0.122855
vt 0.777134 0.124160
vt 0.776747 0.126860
vt 0.782329 0.124734
vt 0.837481 0.103706
vt 0.837373 0.101058
vt 0.837309 0.098870
vt 0.837210 0.096838
vt 0.837091 0.095224
vt 0.772070 0.123864
vt 0.771147 0.126336
vt 0.854063 0.193346
vt 0.848521 0.193166
vt 0.848528 0.196981
vt 0.853794 0.196391
vt 0.854680 0.187999
vt 0.848486 0.188306
vt 0.854050 0.181879
vt 0.847928 0.182738
vt 0.852700 0.176752
vt 0.847390 0.178046
vt 0.843657 0.193127
vt 0.843940 0.197088
vt 0.843265 0.188522
vt 0.842729 0.183385
vt 0.842307 0.178744
vt 0.838980 0.193412
vt 0.834439 0.193853
vt 0.835000 0.197687
vt 0.839374 0.197359
vt 0.838391 0.188890
vt 0.833638 0.189383
vt 0.837710 0.183832
vt 0.832862 0.184371
vt 0.837271 0.179147
vt 0.832312 0.179512
vt 0.830020 0.194564
vt 0.830714 0.197983
vt 0.828794 0.190134
vt 0.827813 0.184984
vt 0.827237 0.180101
vt 0.850015 0.202452
vt 0.849212 0.199841
vt 0.844374 0.200255
vt 0.844957 0.202381
vt 0.839601 0.200568
vt 0.835103 0.200822
vt 0.835163 0.202387
vt 0.839759 0.202655
vt 0.830049 0.200060
vt 0.829655 0.201496
vt 0.819217 0.192042
vt 0.813806 0.193322
vt 0.818736 0.199341
vt 0.822541 0.197422
vt 0.817528 0.185514
vt 0.811661 0.186028
vt 0.817795 0.179391
vt 0.812413 0.178604
vt 0.830847 0.169919
vt 0.830893 0.172331
vt 0.836815 0.171781
vt 0.836999 0.169037
vt 0.842049 0.171496
vt 0.847341 0.171307
vt 0.847365 0.168688
vt 0.842190 0.168823
vt 0.853493 0.171426
vt 0.854540 0.169440
vt 0.857966 0.174167
vt 0.860609 0.180365
vt 0.864302 0.179830
vt 0.860613 0.172708
vt 0.861157 0.187558
vt 0.864873 0.187789
vt 0.859230 0.194117
vt 0.862229 0.195356
vt 0.759083 0.149152
vt 0.757463 0.149219
vt 0.758666 0.155226
vt 0.754921 0.149606
vt 0.755474 0.155273
vt 0.863310 0.112250
vt 0.859753 0.112159
vt 0.859281 0.118035
vt 0.862814 0.117917
vt 0.762105 0.155339
vt 0.758853 0.161157
vt 0.762303 0.161560
vt 0.755667 0.160901
vt 0.859178 0.123882
vt 0.862641 0.123545
vt 0.758431 0.167032
vt 0.762017 0.167705
vt 0.755112 0.166492
vt 0.859474 0.129712
vt 0.863139 0.129136
vt 0.757433 0.172792
vt 0.761266 0.173727
vt 0.753889 0.172021
vt 0.860154 0.135535
vt 0.864238 0.134665
vt 0.761567 0.149166
vt 0.860735 0.105585
vt 0.864757 0.105851
vt 0.755940 0.142926
vt 0.753311 0.143207
vt 0.757850 0.142969
vt 0.760485 0.143507
vt 0.755047 0.133002
vt 0.752635 0.132885
vt 0.753979 0.137675
vt 0.756118 0.137760
vt 0.748988 0.133507
vt 0.751012 0.138115
vt 0.752253 0.128345
vt 0.752496 0.124466
vt 0.748409 0.124079
vt 0.748217 0.128074
vt 0.752972 0.121485
vt 0.748596 0.120903
vt 0.866822 0.100758
vt 0.861855 0.100498
vt 0.868465 0.096151
vt 0.862562 0.096320
vt 0.861681 0.089243
vt 0.862642 0.092533
vt 0.867729 0.087693
vt 0.865458 0.083823
vt 0.860146 0.086475
vt 0.805617 0.112234
vt 0.801207 0.111242
vt 0.798956 0.114972
vt 0.802177 0.116932
vt 0.755527 0.125731
vt 0.756303 0.123232
vt 0.754938 0.129042
vt 0.794463 0.097908
vt 0.796476 0.100256
vt 0.781740 0.095813
vt 0.777220 0.095749
vt 0.777931 0.099053
vt 0.781963 0.099148
vt 0.766438 0.108251
vt 0.769355 0.108320
vt 0.782192 0.102990
vt 0.778756 0.103037
vt 0.779069 0.106801
vt 0.782247 0.106672
vt 0.776149 0.103398
vt 0.773950 0.104135
vt 0.774704 0.107558
vt 0.777141 0.107036
vt 0.798054 0.110738
vt 0.799735 0.107162
vt 0.796490 0.107363
vt 0.795115 0.110415
vt 0.787195 0.106890
vt 0.785353 0.106732
vt 0.785880 0.109285
vt 0.778610 0.110361
vt 0.782199 0.109989
vt 0.775285 0.110871
vt 0.772014 0.108122
vt 0.769801 0.111914
vt 0.772393 0.111412
vt 0.793726 0.112903
vt 0.796134 0.113692
vt 0.778692 0.113270
vt 0.782128 0.112842
vt 0.774702 0.118140
vt 0.778223 0.118156
vt 0.778568 0.115774
vt 0.775403 0.116042
vt 0.790186 0.117788
vt 0.786195 0.119102
vt 0.782036 0.120163
vt 0.777714 0.120970
vt 0.773526 0.120776
vt 0.768054 0.116373
vt 0.766958 0.112472
vt 0.855567 0.198212
vt 0.857665 0.200674
vt 0.823236 0.202846
vt 0.825504 0.200549
vt 0.828980 0.205288
vt 0.829442 0.202473
vt 0.825983 0.195817
vt 0.827598 0.198191
vt 0.823698 0.191182
vt 0.822430 0.185361
vt 0.822313 0.180088
vt 0.822488 0.172133
vt 0.821049 0.170025
vt 0.815042 0.173857
vt 0.818649 0.175593
vt 0.826459 0.176480
vt 0.822781 0.177316
vt 0.831706 0.175774
vt 0.836954 0.175241
vt 0.847053 0.174428
vt 0.842032 0.174875
vt 0.851779 0.173891
vt 0.820205 0.179763
vt 0.821139 0.176624
vt 0.820135 0.185429
vt 0.821630 0.191580
vt 0.824462 0.196519
vt 0.826906 0.199029
vt 0.824521 0.174409
vt 0.793471 0.116229
vt 0.770138 0.119180
vt 0.785699 0.099175
vt 0.788601 0.099233
vt 0.787999 0.103182
vt 0.785475 0.103086
vt 0.775477 0.113755
vt 0.789222 0.109865
vt 0.785573 0.112461
vt 0.788756 0.112419
vt 0.770583 0.115063
vt 0.800213 0.102799
vt 0.796961 0.103808
vt 0.772788 0.114213
vt 0.771555 0.104861
vt 0.772554 0.100600
vt 0.771005 0.102087
vt 0.774721 0.099414
vt 0.793941 0.101932
vt 0.793528 0.104320
vt 0.792349 0.100659
vt 0.790759 0.103124
vt 0.789987 0.106937
vt 0.793014 0.107374
vt 0.792214 0.110165
vt 0.791454 0.112492
vt 0.791923 0.114810
vt 0.790762 0.113972
vt 0.788643 0.114387
vt 0.789235 0.115987
vt 0.785555 0.114843
vt 0.782061 0.115343
vt 0.773235 0.115968
vt 0.772020 0.117202
vt 0.839842 0.203544
vt 0.840064 0.205759
vt 0.775275 0.198474
vt 0.773168 0.136097
vt 0.837758 0.165672
vt 0.837155 0.168028
vt 0.837758 0.162563
vt 0.782004 0.117625
vt 0.785797 0.116888
vt 0.761750 0.095269
vt 0.764040 0.097711
vt 0.768134 0.092558
vt 0.767952 0.090233
vt 0.783663 0.136722
vt 0.786735 0.134121
vt 0.786409 0.132620
vt 0.783431 0.135710
vt 0.786751 0.136514
vt 0.783499 0.138364
vt 0.776536 0.136280
vt 0.762867 0.102776
vt 0.759087 0.101316
vt 0.790286 0.130053
vt 0.790191 0.132033
vt 0.789954 0.134734
vt 0.789500 0.137666
vt 0.788883 0.140974
vt 0.783063 0.140247
vt 0.786255 0.139065
vt 0.803400 0.106798
vt 0.806873 0.106398
vt 0.803701 0.101484
vt 0.806559 0.100251
vt 0.805283 0.094368
vt 0.759906 0.130795
vt 0.759283 0.131899
vt 0.757653 0.128393
vt 0.758574 0.126395
vt 0.756916 0.130883
vt 0.758962 0.133583
vt 0.759318 0.136153
vt 0.760018 0.139353
vt 0.770124 0.138685
vt 0.766392 0.138474
vt 0.762319 0.136618
vt 0.772018 0.090850
vt 0.771874 0.089191
vt 0.780235 0.136556
vt 0.780273 0.137693
vt 0.780123 0.139131
vt 0.772725 0.093703
vt 0.757024 0.134106
vt 0.779853 0.140617
vt 0.794036 0.093164
vt 0.792339 0.096127
vt 0.773377 0.096024
vt 0.868558 0.091619
vt 0.758179 0.138342
vt 0.790884 0.099685
vt 0.835367 0.206203
vt 0.835211 0.203385
vt 0.819474 0.175955
vt 0.823068 0.172867
vt 0.818604 0.179510
vt 0.818349 0.185468
vt 0.820055 0.191868
vt 0.823399 0.197008
vt 0.826153 0.199863
vt 0.831480 0.166483
vt 0.830953 0.168833
vt 0.773126 0.135319
vt 0.769782 0.135620
vt 0.776450 0.135559
vt 0.780185 0.135743
vt 0.766302 0.135853
vt 0.762581 0.134179
vt 0.760145 0.130358
vt 0.758932 0.125821
vt 0.833684 0.093966
vt 0.830796 0.093066
vt 0.824808 0.090959
vt 0.799449 0.127501
vt 0.794808 0.127822
vt 0.790310 0.129305
vt 0.837004 0.094389
vt 0.850257 0.090906
vt 0.846807 0.092427
vt 0.855045 0.088046
vt 0.859592 0.085713
vt 0.843612 0.093582
vt 0.840648 0.094344
vt 0.753107 0.120593
vt 0.748660 0.119813
vt 0.864579 0.082834
vt 0.756597 0.122472
vt 0.783259 0.134990
vt 0.786186 0.132049
vn -0.357510 -0.875849 -0.324154
vn -0.391257 -0.713667 -0.581031
vn -0.047745 -0.702296 -0.710283
vn 0.128560 -0.899346 -0.417911
vn 0.258559 -0.962885 -0.077452
vn -0.296093 -0.954728 -0.028684
vn 0.323668 -0.920460 0.219071
vn -0.186580 -0.957429 0.220266
vn 0.339151 -0.865218 0.369290
vn -0.024360 -0.938281 0.345017
vn 0.342637 -0.893557 0.290097
vn 0.109665 -0.956053 0.271913
vn -0.343931 -0.903430 -0.255981
vn -0.332190 -0.795535 -0.506729
vn -0.343682 -0.938854 -0.020884
vn -0.292298 -0.945473 0.143673
vn -0.170710 -0.953934 0.246716
vn -0.059679 -0.970805 0.232330
vn -0.005678 -0.860242 -0.509855
vn -0.064635 -0.850853 -0.521413
vn -0.136913 -0.651032 -0.746601
vn -0.082432 -0.692912 -0.716294
vn 0.057348 -0.954620 -0.292253
vn 0.007001 -0.956656 -0.291136
vn 0.101625 -0.992416 -0.069166
vn 0.074344 -0.997231 0.001858
vn 0.062565 -0.991139 0.117174
vn 0.068022 -0.961855 0.264969
vn -0.052971 -0.970138 0.236698
vn -0.069704 -0.921222 0.382742
vn -0.162728 -0.956188 0.243361
vn -0.257831 -0.909871 0.325052
vn -0.456548 -0.744760 -0.486721
vn -0.378086 -0.562374 -0.735382
vn -0.484615 -0.856790 -0.176237
vn -0.442374 -0.872932 0.205658
vn -0.348600 -0.794726 0.496879
vn -0.332745 -0.756233 0.563375
vn -0.433435 -0.794664 0.425022
vn -0.234141 -0.415293 -0.879039
vn -0.408671 -0.492117 -0.768641
vn -0.188388 -0.385057 -0.903461
vn -0.169963 -0.442538 -0.880496
vn -0.278136 -0.358383 -0.891180
vn 0.594332 -0.727141 0.343562
vn 0.582036 -0.767354 0.269078
vn 0.612434 -0.762870 0.207254
vn 0.596917 -0.799817 -0.063113
vn 0.511501 -0.763156 -0.394918
vn 0.306367 -0.620316 -0.722044
vn -0.012544 -0.370209 -0.928864
vn 0.352333 -0.928219 0.119461
vn 0.356383 -0.934225 0.014623
vn 0.191186 -0.981104 0.029701
vn 0.169343 -0.977564 0.125266
vn 0.340172 -0.936533 -0.084791
vn 0.192961 -0.978807 -0.068580
vn 0.314598 -0.928020 -0.199518
vn 0.176041 -0.967557 -0.181228
vn 0.276711 -0.911143 -0.305370
vn 0.184705 -0.944872 -0.270371
vn -0.010439 -0.998754 0.048796
vn -0.020754 -0.990146 0.138491
vn -0.005728 -0.998773 -0.049188
vn -0.013644 -0.988800 -0.148619
vn 0.112871 -0.961728 -0.249679
vn -0.021239 -0.971516 -0.236022
vn -0.276760 -0.956588 0.091348
vn -0.457540 -0.878669 0.136370
vn -0.383970 -0.894502 0.228983
vn -0.231195 -0.956884 0.175849
vn -0.301974 -0.953286 -0.007604
vn -0.498559 -0.866489 0.025230
vn -0.285228 -0.950423 -0.123856
vn -0.495071 -0.860927 -0.117087
vn -0.226075 -0.943693 -0.241524
vn -0.444544 -0.855055 -0.266948
vn -0.569415 -0.804376 0.169548
vn -0.520353 -0.806463 0.280802
vn -0.604751 -0.795108 0.045611
vn -0.631435 -0.767543 -0.110305
vn -0.630901 -0.725431 -0.275163
vn -0.602245 -0.691163 -0.399494
vn -0.369065 -0.853463 -0.367956
vn -0.148135 -0.939069 -0.310170
vn 0.079179 -0.955086 -0.285556
vn -0.005746 -0.960347 -0.278748
vn 0.141991 -0.937356 -0.318123
vn 0.488412 -0.839684 -0.237454
vn 0.436122 -0.825891 -0.357354
vn 0.528062 -0.841574 -0.113596
vn 0.556815 -0.830520 -0.013938
vn 0.573118 -0.813312 0.100301
vn 0.098260 -0.947217 -0.305165
vn 0.061117 -0.967520 -0.245296
vn 0.028250 -0.972594 -0.230786
vn 0.001746 -0.959121 -0.282993
vn 0.035352 -0.965436 -0.258230
vn -0.078626 -0.927377 -0.365772
vn -0.140439 -0.905680 -0.400026
vn 0.017968 -0.914606 -0.403947
vn 0.021790 -0.940001 -0.340474
vn -0.179752 -0.972254 -0.149702
vn 0.071642 -0.988364 -0.134179
vn 0.072842 -0.972007 -0.223376
vn -0.172509 -0.950128 -0.259803
vn -0.178989 -0.983851 0.000923
vn 0.077475 -0.996037 -0.043689
vn 0.001333 -0.952606 -0.304203
vn -0.204314 -0.894035 -0.398695
vn -0.270259 -0.894487 -0.356165
vn -0.060917 -0.960668 -0.270935
vn 0.086023 -0.866044 -0.492512
vn 0.129313 -0.877580 -0.461661
vn -0.041058 -0.863707 -0.502320
vn -0.122624 -0.805366 -0.579956
vn 0.204689 -0.963882 -0.170392
vn 0.167672 -0.961178 -0.219143
vn 0.074554 -0.947484 -0.310992
vn 0.179123 -0.952670 -0.245632
vn 0.255044 -0.960485 -0.111453
vn 0.306518 -0.949435 0.067965
vn 0.349513 -0.932721 0.088725
vn 0.260226 -0.958587 -0.115733
vn -0.516262 -0.736625 -0.436872
vn -0.544275 -0.729427 -0.414367
vn -0.345644 -0.846661 -0.404592
vn -0.490837 -0.705089 -0.511790
vn -0.061751 -0.995624 0.070146
vn -0.342184 -0.939089 -0.031968
vn -0.151206 -0.946335 -0.285633
vn 0.066709 -0.981748 -0.178104
vn 0.220872 -0.960273 0.170562
vn 0.145270 -0.851177 0.504374
vn -0.103112 -0.872847 0.476976
vn 0.196370 -0.909006 0.367624
vn 0.075161 -0.828172 0.555412
vn -0.182131 -0.917380 0.353896
vn -0.126002 -0.989745 0.067287
vn 0.982728 0.090907 -0.161191
vn 0.889142 0.114961 -0.442956
vn 0.824611 0.495776 -0.272438
vn 0.872525 0.487616 -0.030497
vn 0.879256 0.445407 0.168885
vn 0.993288 0.044580 0.106729
vn 0.882732 0.391555 0.259748
vn 0.963914 -0.000028 0.266214
vn 0.906346 0.348597 0.238782
vn 0.962732 -0.046970 0.266346
vn 0.933399 0.328531 0.144342
vn 0.986103 -0.094023 0.136969
vn 0.918112 -0.294259 -0.265486
vn 0.773125 -0.251137 -0.582416
vn 0.945038 -0.324098 0.043163
vn 0.908291 -0.335378 0.250057
vn 0.883954 -0.360942 0.297230
vn 0.891480 -0.420652 0.168274
vn 0.745008 -0.572502 -0.342352
vn 0.556478 -0.489796 -0.671142
vn 0.804158 -0.594214 -0.015459
vn 0.789650 -0.569746 0.227687
vn 0.765247 -0.557211 0.322355
vn 0.766604 -0.602164 0.222973
vn 0.536712 0.537256 -0.650613
vn 0.544581 0.190337 -0.816825
vn 0.397918 -0.135672 -0.907334
vn 0.192809 -0.305410 -0.932497
vn 0.744283 0.630600 0.219967
vn 0.773576 0.613079 0.160359
vn 0.710696 0.667476 0.222231
vn 0.674067 0.717745 0.174575
vn 0.637000 0.769019 0.053308
vn 0.592868 0.795901 -0.122675
vn 0.363561 0.816116 -0.449197
vn 0.952925 0.300239 0.042307
vn 0.967951 0.247979 -0.039712
vn 0.987450 -0.147237 -0.057137
vn 0.991994 -0.124636 0.020351
vn 0.969856 0.222366 -0.099661
vn 0.974981 -0.166818 -0.146911
vn 0.953405 0.263233 -0.147400
vn 0.957789 -0.152763 -0.243523
vn 0.920681 0.337293 -0.196420
vn 0.940952 -0.088950 -0.326645
vn 0.867891 -0.492674 -0.063543
vn 0.880396 -0.473747 0.021591
vn 0.855714 -0.493749 -0.154807
vn 0.831796 -0.480994 -0.277056
vn 0.811820 -0.428967 -0.396152
vn 0.723575 -0.688671 -0.046599
vn 0.750708 -0.657892 0.060125
vn 0.702675 -0.697484 -0.140586
vn 0.673703 -0.688228 -0.269195
vn 0.633955 -0.660930 -0.401589
vn 0.374986 -0.811148 -0.448803
vn 0.222451 -0.901270 -0.371792
vn 0.599891 -0.617369 -0.508907
vn 0.803341 -0.338725 -0.489804
vn 0.918532 0.005484 -0.395308
vn 0.878793 0.402228 -0.256778
vn 0.760525 0.645983 -0.065630
vn 0.699181 0.705116 -0.118142
vn 0.806934 0.589753 -0.032383
vn 0.827092 0.561705 -0.020133
vn 0.823836 0.566826 -0.001905
vn 0.802605 0.593340 0.061420
vn 0.857797 0.441505 -0.263170
vn 0.913570 0.082727 -0.398178
vn 0.851025 0.457560 -0.257672
vn 0.921318 0.125960 -0.367841
vn 0.879451 0.456941 -0.133307
vn 0.963742 0.136633 -0.229200
vn 0.898798 0.420494 0.123886
vn 0.991030 0.119838 0.059149
vn 0.879726 0.373493 0.294253
vn 0.956862 0.102359 0.271915
vn 0.843188 0.327635 0.426251
vn 0.785500 0.276623 0.553597
vn 0.831228 0.040179 0.554478
vn 0.909328 0.078733 0.408563
vn 0.815587 -0.251914 -0.520920
vn 0.845649 -0.183421 -0.501233
vn 0.914212 -0.152183 -0.375576
vn 0.981974 -0.163386 -0.095034
vn 0.967208 -0.180340 0.178846
vn 0.787977 -0.255472 0.560202
vn 0.897897 -0.211849 0.385878
vn 0.313477 -0.799966 -0.511651
vn 0.154773 -0.905404 -0.395334
vn 0.293692 -0.588496 0.753271
vn 0.482659 -0.612237 0.626264
vn 0.661337 0.589349 0.464007
vn 0.624353 0.514626 0.587659
vn 0.682872 0.710234 0.171037
vn 0.684693 0.655780 0.318039
vn 0.656972 0.752831 -0.040423
vn 0.641888 0.753473 -0.142334
vn 0.661401 0.739310 -0.126371
vn -0.775536 -0.517149 -0.362079
vn -0.980964 -0.094415 -0.169695
vn -0.771767 -0.080449 -0.630796
vn -0.566732 -0.430945 -0.702212
vn -0.840832 -0.541288 -0.002806
vn -0.985364 -0.078819 0.151147
vn -0.778809 -0.510717 0.364177
vn -0.891452 -0.090666 0.443951
vn -0.665742 -0.470133 0.579450
vn -0.802492 -0.126179 0.583169
vn -0.612542 -0.503501 0.609326
vn -0.785988 -0.194543 0.586836
vn -0.654996 -0.591682 0.469992
vn -0.834341 -0.272004 0.479467
vn -0.918029 0.392990 0.052732
vn -0.810958 0.405688 -0.421621
vn -0.889060 0.386437 0.245437
vn -0.842808 0.334786 0.421418
vn -0.810277 0.266356 0.522021
vn -0.820934 0.203743 0.533438
vn -0.871411 0.155082 0.465394
vn -0.682039 0.715691 0.150368
vn -0.581072 0.766770 -0.272797
vn -0.684834 0.677945 0.267192
vn -0.673243 0.638291 0.373268
vn -0.663574 0.598114 0.449366
vn -0.681745 0.567706 0.461448
vn -0.725949 0.543634 0.421260
vn -0.318973 -0.288566 -0.902766
vn -0.392449 -0.026513 -0.919392
vn -0.450816 0.323202 -0.832049
vn -0.306290 0.637947 -0.706548
vn -0.242795 0.900370 -0.361087
vn -0.071066 0.716067 -0.694404
vn -0.367231 0.929451 0.035519
vn -0.404156 0.889102 0.214839
vn -0.396778 0.853601 0.337540
vn -0.395359 0.836914 0.378504
vn -0.422980 0.826303 0.371902
vn -0.464186 0.813212 0.351024
vn -0.073146 0.980904 -0.180216
vn -0.055451 0.833059 -0.550398
vn -0.087996 0.992562 0.084128
vn -0.100550 0.959101 0.264605
vn -0.135777 0.944655 0.298650
vn -0.171592 0.942159 0.287911
vn -0.200794 0.938474 0.280980
vn 0.054377 0.952508 -0.299620
vn -0.018798 0.780918 -0.624350
vn 0.084720 0.995540 -0.041514
vn 0.079170 0.984846 0.154306
vn 0.042430 0.974438 0.220613
vn 0.017690 0.972377 0.232745
vn 0.005019 0.972551 0.232636
vn 0.169438 0.958114 -0.230884
vn 0.085938 0.945568 -0.313872
vn 0.148289 0.985967 -0.076682
vn 0.289433 0.956311 -0.041214
vn 0.167125 0.981962 0.088432
vn 0.334247 0.939596 0.073741
vn 0.167509 0.970451 0.173682
vn 0.360551 0.919693 0.155462
vn 0.176627 0.962289 0.206888
vn 0.389771 0.899441 0.197696
vn 0.185937 0.961733 0.201240
vn 0.413613 0.893560 0.174571
vn 0.438694 0.898210 0.027669
vn 0.330769 0.937253 -0.110224
vn 0.504997 0.855492 0.114506
vn 0.552186 0.815580 0.172974
vn 0.587658 0.783498 0.201964
vn 0.617467 0.769814 0.161618
vn -0.033394 0.603612 -0.796579
vn -0.086872 0.563920 -0.821248
vn -0.034714 0.870702 -0.490585
vn 0.093719 0.921584 -0.376697
vn -0.498214 0.804584 0.323152
vn -0.509998 0.805276 0.302379
vn -0.228954 0.934911 0.271149
vn -0.222426 0.935783 0.273564
vn -0.502106 0.810396 0.301908
vn -0.230683 0.932575 0.277650
vn -0.484886 0.821053 0.301259
vn -0.237055 0.926348 0.292719
vn -0.455822 0.842730 0.286413
vn -0.233808 0.924464 0.301164
vn -0.017883 0.971859 0.234882
vn -0.006610 0.972911 0.231085
vn -0.033389 0.969671 0.242122
vn -0.053304 0.963536 0.262216
vn -0.076098 0.954692 0.287703
vn 0.172041 0.966248 0.191749
vn 0.406868 0.904266 0.129469
vn 0.418914 0.897452 0.138170
vn 0.183232 0.964255 0.191411
vn 0.156375 0.967724 0.197628
vn 0.387890 0.911797 0.134789
vn 0.131312 0.968067 0.213551
vn 0.361001 0.921436 0.143648
vn 0.087104 0.966937 0.239680
vn 0.311578 0.937662 0.153981
vn 0.630044 0.774392 0.057989
vn 0.633171 0.769046 0.087535
vn 0.618971 0.783146 0.059647
vn 0.604588 0.794299 0.059686
vn 0.564945 0.824066 0.041859
vn 0.485320 0.874228 0.013794
vn 0.228787 0.960292 0.159676
vn 0.025451 0.964009 0.264649
vn -0.198067 0.938664 0.282277
vn -0.086163 0.949405 0.302004
vn -0.409534 0.882822 0.230017
vn -0.299456 0.932104 0.203736
vn -0.086714 0.942007 0.324197
vn -0.147964 0.960503 0.235669
vn 0.057858 0.930873 0.360732
vn -0.041940 0.963454 0.264571
vn 0.170778 0.927951 0.331274
vn 0.058801 0.937882 0.341937
vn 0.250244 0.916939 0.310806
vn 0.181670 0.869806 0.458731
vn 0.304076 0.893512 0.330415
vn 0.292474 0.770020 0.567034
vn 0.337725 0.670843 0.660236
vn 0.346289 0.823900 0.448634
vn 0.342632 0.857749 0.383237
vn -0.051814 0.922857 0.381642
vn -0.016047 0.891204 0.453319
vn -0.002699 0.886295 0.463114
vn 0.003185 0.894448 0.447161
vn 0.026756 0.893022 0.449216
vn 0.121915 0.851589 0.509836
vn 0.083776 0.866261 0.492518
vn -0.040473 0.940463 0.337479
vn 0.123530 0.973623 0.191831
vn -0.129113 0.904989 0.405370
vn 0.007004 0.973331 0.229298
vn -0.207074 0.870631 0.446231
vn -0.075686 0.949937 0.303137
vn -0.245728 0.844934 0.475083
vn -0.117634 0.910277 0.396937
vn -0.127000 0.863693 0.487755
vn -0.238397 0.825702 0.511257
vn -0.109563 0.785857 0.608625
vn -0.047238 0.745994 0.664275
vn -0.089643 0.790735 0.605560
vn -0.172683 0.791064 0.586855
vn 0.408477 0.912641 0.015294
vn 0.347509 0.937543 0.015839
vn 0.310512 0.944381 0.108291
vn 0.301770 0.914726 0.268723
vn 0.305301 0.863644 0.401137
vn 0.311097 0.697248 0.645805
vn 0.310785 0.779040 0.544527
vn 0.043096 0.098449 -0.994209
vn -0.152535 0.140543 -0.978254
vn -0.157552 0.145265 -0.976768
vn -0.021933 0.127691 -0.991571
vn 0.096911 0.144603 -0.984733
vn -0.122856 0.195607 -0.972956
vn 0.127058 0.160048 -0.978898
vn -0.101131 0.216880 -0.970946
vn 0.130251 0.180655 -0.974884
vn -0.076274 0.241049 -0.967511
vn -0.204940 0.156238 -0.966224
vn -0.201135 0.135978 -0.970080
vn -0.222714 0.203953 -0.953311
vn -0.218196 0.254407 -0.942161
vn -0.181548 0.292589 -0.938846
vn -0.285209 0.142001 -0.947888
vn -0.430030 0.152569 -0.889830
vn -0.434748 0.209717 -0.875793
vn -0.285588 0.176035 -0.942046
vn -0.304319 0.192297 -0.932959
vn -0.407405 0.204488 -0.890060
vn -0.304097 0.277044 -0.911467
vn -0.396026 0.280449 -0.874364
vn -0.295716 0.331879 -0.895772
vn -0.392678 0.343558 -0.853095
vn -0.492223 0.185329 -0.850512
vn -0.507281 0.198781 -0.838542
vn -0.479415 0.221274 -0.849235
vn -0.468744 0.284764 -0.836175
vn -0.443718 0.364577 -0.818657
vn -0.190070 -0.186035 -0.963984
vn -0.162516 0.052832 -0.985291
vn -0.213347 0.066617 -0.974703
vn -0.215849 -0.157016 -0.963720
vn -0.328882 0.128839 -0.935541
vn -0.424682 0.178803 -0.887510
vn -0.411129 -0.041518 -0.910631
vn -0.346932 -0.119039 -0.930305
vn -0.493786 0.149043 -0.856715
vn -0.441313 -0.014162 -0.897242
vn -0.102799 0.019956 -0.994502
vn -0.177215 -0.086854 -0.980332
vn -0.020302 0.263810 -0.964361
vn 0.006447 0.521018 -0.853521
vn -0.268362 0.644784 -0.715707
vn -0.344005 0.488234 -0.802053
vn -0.248155 0.430512 -0.867801
vn -0.183502 0.558438 -0.808996
vn -0.128847 0.376817 -0.917283
vn -0.009802 0.350493 -0.936514
vn -0.006051 0.515704 -0.856745
vn -0.106645 0.491434 -0.864361
vn 0.113793 0.346455 -0.931139
vn 0.031990 0.587087 -0.808892
vn 0.148208 0.273708 -0.950325
vn 0.109474 0.163957 -0.980374
vn -0.188216 0.240856 -0.952136
vn -0.089567 0.488598 -0.867900
vn 0.076056 0.071336 -0.994549
vn -0.189940 0.007118 -0.981770
vn 0.024029 -0.036145 -0.999058
vn -0.192747 -0.198429 -0.960976
vn -0.933541 -0.334788 -0.128132
vn -0.996696 -0.080994 -0.006164
vn -0.947449 -0.319251 0.020469
vn -0.969617 0.215955 0.114922
vn -0.979336 0.113763 0.167211
vn -0.770801 0.593119 0.232543
vn -0.796143 0.543207 0.266614
vn -0.772429 -0.630559 -0.075824
vn -0.916125 -0.371660 0.150282
vn -0.747155 -0.659399 0.083384
vn -0.970201 0.071103 0.231634
vn -0.807474 0.513029 0.291182
vn -0.893771 -0.363603 0.262614
vn -0.718152 -0.664655 0.206133
vn -0.948386 0.078574 0.307231
vn -0.800667 0.506966 0.319245
vn -0.873617 -0.329253 0.358309
vn -0.693912 -0.645515 0.319055
vn -0.918567 0.114155 0.378422
vn -0.771253 0.521712 0.364671
vn -0.790397 -0.566016 -0.234304
vn -0.732545 0.664645 0.147054
vn -0.940516 0.338264 0.031748
vn -0.994215 0.067528 -0.083521
vn -0.961235 -0.178983 -0.209742
vn -0.831583 -0.433278 -0.347476
vn -0.999720 0.010749 0.021085
vn -0.987137 0.132702 0.089166
vn -0.987651 0.145553 -0.057966
vn -0.987839 -0.034722 -0.151556
vn -0.931696 0.344700 0.114562
vn -0.925359 0.379053 -0.005436
vn -0.966124 0.119671 0.228656
vn -0.865756 0.061186 0.496712
vn -0.746453 0.332892 0.576186
vn -0.893529 0.335011 0.298954
vn -0.604791 -0.067266 0.793539
vn -0.472849 0.258424 0.842396
vn -0.682728 0.726630 0.076753
vn -0.629995 0.759788 0.160713
vn -0.427846 0.731343 0.531117
vn -0.562790 0.761005 0.322705
vn -0.210506 0.640971 0.738135
vn -0.189092 0.160625 0.968733
vn 0.043416 0.081976 0.995688
vn 0.167994 0.395710 0.902880
vn 0.019665 0.511672 0.858956
vn -0.914183 -0.143838 0.378921
vn -0.668946 -0.366479 0.646687
vn -0.987947 0.001876 0.154784
vn 0.374202 -0.892550 0.251650
vn 0.337526 -0.799738 0.496483
vn 0.112579 -0.985572 0.126391
vn -0.121537 -0.970593 0.207792
vn 0.026964 -0.900369 0.434292
vn 0.195795 -0.919611 0.340559
vn 0.637872 -0.291205 0.712965
vn 0.424555 -0.319179 0.847277
vn 0.325045 -0.745780 0.581513
vn 0.212116 -0.725031 0.655239
vn 0.298736 -0.512028 0.805347
vn 0.417937 -0.498336 0.759599
vn 0.004478 -0.674874 0.737919
vn -0.127304 -0.599087 0.790499
vn 0.037929 -0.427240 0.903342
vn 0.131802 -0.498736 0.856674
vn 0.225948 0.000326 0.974139
vn 0.149087 -0.325323 0.933776
vn 0.375114 -0.373355 0.848467
vn 0.414468 -0.117922 0.902392
vn 0.478829 -0.498241 0.722827
vn 0.459903 -0.494574 0.737486
vn 0.518962 -0.315012 0.794636
vn 0.263786 -0.331212 0.905933
vn 0.426576 -0.312815 0.848634
vn 0.183352 -0.227910 0.956263
vn 0.169779 -0.355764 0.919025
vn 0.506494 -0.082980 0.858242
vn 0.277509 -0.147750 0.949294
vn 0.411821 0.122844 0.902947
vn 0.275533 0.283279 0.918605
vn 0.308783 -0.143431 0.940256
vn 0.406151 -0.163690 0.899026
vn 0.325716 0.389396 0.861557
vn 0.186216 0.453520 0.871575
vn 0.297696 0.098454 0.949570
vn 0.305102 0.100543 0.946997
vn 0.360424 0.735784 0.573338
vn 0.183146 0.791322 0.583324
vn -0.008108 0.753522 0.657373
vn 0.037392 0.680799 0.731515
vn 0.322348 0.588143 0.741741
vn 0.697126 0.202882 0.687644
vn 0.703163 -0.015643 0.710857
vn -0.075730 -0.009496 -0.997083
vn -0.207424 -0.234428 -0.949747
vn -0.273484 -0.133980 -0.952500
vn -0.365381 -0.177233 -0.913830
vn -0.516680 0.211344 -0.829684
vn -0.515714 0.214472 -0.829483
vn -0.549302 0.220556 -0.805992
vn -0.561640 0.289360 -0.775133
vn -0.561667 0.362983 -0.743487
vn -0.173939 0.792800 -0.584134
vn -0.047485 0.731274 -0.680429
vn -0.445323 0.367776 -0.816351
vn -0.547255 0.359748 -0.755707
vn -0.386096 0.366578 -0.846493
vn -0.286794 0.338609 -0.896155
vn -0.042087 0.242513 -0.969235
vn -0.150997 0.300351 -0.941801
vn 0.095870 0.192345 -0.976633
vn -0.621911 0.357475 -0.696734
vn -0.554403 0.409357 -0.724613
vn -0.616242 0.282935 -0.734979
vn -0.591492 0.205717 -0.779627
vn -0.519906 0.195776 -0.831486
vn -0.503995 0.170617 -0.846687
vn -0.434274 0.462781 -0.772813
vn 0.372360 0.548942 0.748339
vn 0.571919 0.417193 0.706299
vn 0.338513 -0.891001 0.302534
vn 0.410231 -0.853689 0.320821
vn 0.442226 -0.704443 0.555155
vn 0.382696 -0.734668 0.560185
vn 0.263279 -0.096169 0.959914
vn 0.567324 -0.290138 0.770690
vn 0.519424 -0.140756 0.842844
vn 0.570156 -0.101866 0.815197
vn 0.550449 0.090049 0.829998
vn 0.105178 -0.605664 0.788738
vn 0.321909 -0.599435 0.732838
vn 0.348364 -0.023788 0.937058
vn 0.032097 -0.572429 0.819326
vn -0.209030 -0.772418 0.599730
vn -0.065086 -0.737180 0.672554
vn -0.149114 -0.836000 0.528080
vn 0.466843 -0.744453 0.477334
vn 0.518574 -0.601675 0.607510
vn 0.516705 -0.783653 0.344824
vn 0.566122 -0.660529 0.493160
vn 0.558820 -0.476831 0.678492
vn 0.546443 -0.424906 0.721702
vn 0.546480 -0.226531 0.806253
vn 0.529391 -0.021864 0.848096
vn 0.445614 0.364837 0.817510
vn 0.516244 0.183157 0.836628
vn 0.530846 0.193715 0.825032
vn 0.436156 0.521909 0.733062
vn 0.459754 0.174066 0.870820
vn 0.347774 0.135898 0.927677
vn 0.366489 0.103098 0.924693
vn 0.478559 0.268273 0.836069
vn -0.327653 -0.412030 -0.850221
vn -0.323511 -0.635860 -0.700730
vn 0.041186 -0.921829 -0.385402
vn -0.026255 0.799697 -0.599829
vn -0.124559 0.631853 -0.765014
vn 0.182853 0.530078 0.827999
vn 0.325261 0.558165 0.763320
vn 0.299229 -0.950207 -0.087003
vn 0.246708 -0.955409 0.162262
vn -0.113945 -0.979442 -0.166461
vn -0.107338 -0.932276 -0.345457
vn 0.005398 -0.783338 -0.621572
vn 0.371191 -0.719264 -0.587262
vn 0.378842 -0.842832 -0.382248
vn -0.045406 -0.838403 -0.543156
vn 0.315506 -0.672161 -0.669817
vn 0.035487 -0.794596 -0.606101
vn -0.172121 -0.912634 -0.370774
vn 0.628936 -0.619796 0.469353
vn 0.760206 -0.600953 0.246863
vn 0.841465 -0.538359 -0.045904
vn 0.815452 -0.459797 -0.351604
vn 0.704114 -0.424985 -0.568869
vn 0.615417 -0.490828 -0.616725
vn 0.586918 -0.567738 -0.577235
vn 0.085835 -0.860362 -0.502404
vn 0.287604 -0.738672 -0.609629
vn -0.061527 -0.269739 0.960966
vn -0.310811 -0.187651 0.931764
vn -0.094721 -0.585642 0.805016
vn -0.348251 -0.519648 0.780184
vn -0.373836 -0.831193 0.411540
vn -0.562364 -0.818743 -0.115789
vn -0.772687 -0.592528 -0.227739
vn -0.909145 -0.392014 0.140645
vn -0.667915 -0.677668 0.307662
vn -0.979760 -0.199246 -0.019269
vn -0.839469 -0.443440 -0.314090
vn -0.796462 -0.501930 -0.337217
vn -0.782207 -0.497269 -0.375334
vn 0.045012 -0.913343 -0.404696
vn -0.174285 -0.833083 -0.524974
vn -0.538318 -0.660016 -0.524016
vn -0.232729 -0.946725 -0.222596
vn -0.214023 -0.909121 -0.357342
vn -0.195849 -0.850340 -0.488431
vn -0.147089 -0.840976 -0.520696
vn -0.078087 -0.874296 -0.479070
vn -0.260740 -0.965260 -0.016946
vn -0.965432 -0.219525 -0.140534
vn 0.015336 -0.924281 -0.381404
vn 0.252853 -0.966997 -0.031341
vn 0.363758 -0.919491 0.149051
vn -0.250129 -0.931651 0.263555
vn -0.929526 -0.250652 -0.270472
vn 0.476834 -0.818912 0.319394
vn -0.405597 -0.257043 -0.877166
vn -0.369566 0.594164 -0.714416
vn -0.334414 0.662414 -0.670354
vn -0.412275 0.447417 -0.793629
vn -0.436689 0.284975 -0.853283
vn -0.448185 0.132061 -0.884133
vn -0.407774 0.075785 -0.909932
vn -0.421199 0.031475 -0.906422
vn -0.191925 0.732316 -0.653359
s 1
g L_F_Proximal_Phalanx_5 Feet M_Skeleton
usemtl Skeleton_Feet_SG
f 1/1/1 2/2/2 3/3/3 4/4/4
f 4/4/4 5/5/5 6/6/6 1/1/1
f 5/5/5 7/7/7 8/8/8 6/6/6
f 7/7/7 9/9/9 10/10/10 8/8/8
f 9/9/9 11/11/11 12/12/12 10/10/10
f 13/13/13 14/14/14 2/2/2 1/1/1
f 1/1/1 6/6/6 15/15/15 13/13/13
f 6/6/6 8/8/8 16/16/16 15/15/15
f 8/8/8 10/10/10 17/17/17 16/16/16
f 10/10/10 12/12/12 18/18/18 17/17/17
f 19/19/19 20/20/20 21/21/21 22/22/22
f 23/23/23 24/24/24 20/20/20 19/19/19
f 25/25/25 26/26/26 24/24/24 23/23/23
f 27/27/27 28/28/28 26/26/26 25/25/25
f 29/29/29 30/30/30 28/28/28 27/27/27
f 31/31/31 32/32/32 30/30/30 29/29/29
f 20/20/20 33/33/33 34/34/34 21/21/21
f 20/20/20 24/24/24 35/35/35 33/33/33
f 24/24/24 26/26/26 36/36/36 35/35/35
f 26/26/26 28/28/28 37/37/37 36/36/36
f 28/28/28 30/30/30 38/38/38 37/37/37
f 30/30/30 32/32/32 39/39/39 38/38/38
f 40/40/40 3/3/3 2/2/2 41/41/41
f 22/42/22 21/43/21 42/44/42 43/45/43
f 42/44/42 21/43/21 34/46/34 44/47/44
f 11/11/11 9/9/9 45/48/45 46/49/46
f 9/9/9 7/7/7 47/50/47 45/48/45
f 7/7/7 5/5/5 48/51/48 47/50/47
f 5/5/5 4/4/4 49/52/49 48/51/48
f 4/4/4 3/3/3 50/53/50 49/52/49
f 51/54/51 50/53/50 3/3/3 40/40/40
f 52/55/52 53/56/53 54/57/54 55/58/55
f 53/56/53 56/59/56 57/60/57 54/57/54
f 56/59/56 58/61/58 59/62/59 57/60/57
f 58/61/58 60/63/60 61/64/61 59/62/59
f 55/58/55 54/57/54 62/65/62 63/66/63
f 54/57/54 57/60/57 64/67/64 62/65/62
f 57/60/57 59/62/59 65/68/65 64/67/64
f 59/62/59 66/69/66 67/70/67 65/68/65
f 68/71/68 69/72/69 70/73/70 71/74/71
f 72/75/72 73/76/73 69/72/69 68/71/68
f 74/77/74 75/78/75 73/76/73 72/75/72
f 76/79/76 77/80/77 75/78/75 74/77/74
f 70/73/70 69/72/69 78/81/78 79/82/79
f 69/72/69 73/76/73 80/83/80 78/81/78
f 73/76/73 75/78/75 81/84/81 80/83/80
f 75/78/75 77/80/77 82/85/82 81/84/81
f 11/11/11 52/55/52 55/58/55 12/12/12
f 12/12/12 55/58/55 63/66/63 18/18/18
f 71/74/71 70/73/70 32/32/32 31/31/31
f 32/32/32 70/73/70 79/82/79 39/39/39
f 83/86/83 82/85/82 77/80/77 84/87/84
f 84/87/84 77/80/77 76/79/76 85/88/85
f 67/70/67 66/69/66 86/89/86 87/90/87
f 86/89/86 66/69/66 61/64/61 88/91/88
f 89/92/89 90/93/90 60/63/60 58/61/58
f 58/61/58 56/59/56 91/94/91 89/92/89
f 56/59/56 53/56/53 92/95/92 91/94/91
f 53/56/53 52/55/52 93/96/93 92/95/92
f 52/55/52 11/11/11 46/49/46 93/96/93
f 88/91/88 94/97/94 95/98/95 86/89/86
f 86/89/86 95/98/95 96/99/96 87/90/87
f 95/98/95 97/100/97 98/101/98 96/99/96
f 99/102/99 100/103/100 101/104/101 102/105/102
f 103/106/103 104/107/104 105/108/105 106/109/106
f 107/110/107 108/111/108 104/107/104 103/106/103
f 109/112/109 110/113/110 111/114/111 112/115/112
f 113/116/113 114/117/114 115/118/115 116/119/116
f 117/120/117 118/121/118 119/122/119 120/123/120
f 121/124/121 122/125/122 123/126/123 124/127/124
f 111/114/111 110/113/110 125/128/125 126/129/126
f 116/119/116 115/118/115 127/130/127 128/131/128
f 129/132/129 130/133/130 131/134/131 132/135/132
f 133/136/133 134/137/134 135/138/135 129/132/129
f 136/139/136 137/140/137 138/141/138 139/142/139
f 140/143/140 141/144/141 142/145/142 143/146/143
f 143/146/143 144/147/144 145/148/145 140/143/140
f 144/147/144 146/149/146 147/150/147 145/148/145
f 146/149/146 148/151/148 149/152/149 147/150/147
f 148/151/148 150/153/150 151/154/151 149/152/149
f 152/155/152 153/156/153 141/157/141 140/158/140
f 140/158/140 145/159/145 154/160/154 152/155/152
f 145/159/145 147/161/147 155/162/155 154/160/154
f 147/161/147 149/163/149 156/164/156 155/162/155
f 149/163/149 151/165/151 157/166/157 156/164/156
f 158/167/158 159/168/159 153/156/153 152/155/152
f 152/155/152 154/160/154 160/169/160 158/167/158
f 154/160/154 155/162/155 161/170/161 160/169/160
f 155/162/155 156/164/156 162/171/162 161/170/161
f 156/164/156 157/166/157 163/172/163 162/171/162
f 164/173/164 142/145/142 141/144/141 165/174/165
f 165/175/165 141/157/141 153/156/153 166/176/166
f 166/176/166 153/156/153 159/168/159 167/177/167
f 167/177/167 159/168/159 50/53/50 51/54/51
f 49/52/49 50/53/50 159/168/159 158/167/158
f 158/167/158 160/169/160 48/51/48 49/52/49
f 160/169/160 161/170/161 47/50/47 48/51/48
f 161/170/161 162/171/162 45/48/45 47/50/47
f 162/171/162 163/172/163 46/49/46 45/48/45
f 150/153/150 148/151/148 168/178/168 169/179/169
f 148/151/148 146/149/146 170/180/170 168/178/168
f 146/149/146 144/147/144 171/181/171 170/180/170
f 144/147/144 143/146/143 172/182/172 171/181/171
f 143/146/143 142/145/142 173/183/173 172/182/172
f 174/184/174 173/183/173 142/145/142 164/173/164
f 175/185/175 176/186/176 177/187/177 178/188/178
f 176/186/176 179/189/179 180/190/180 177/187/177
f 179/189/179 181/191/181 182/192/182 180/190/180
f 181/191/181 183/193/183 184/194/184 182/192/182
f 178/195/178 177/196/177 185/197/185 186/198/186
f 177/196/177 180/199/180 187/200/187 185/197/185
f 180/199/180 182/201/182 188/202/188 187/200/187
f 182/201/182 184/203/184 189/204/189 188/202/188
f 186/198/186 185/197/185 190/205/190 191/206/191
f 185/197/185 187/200/187 192/207/192 190/205/190
f 187/200/187 188/202/188 193/208/193 192/207/192
f 188/202/188 189/204/189 194/209/194 193/208/193
f 150/153/150 175/185/175 178/188/178 151/154/151
f 151/165/151 178/195/178 186/198/186 157/166/157
f 157/166/157 186/198/186 191/206/191 163/172/163
f 163/172/163 191/206/191 93/96/93 46/49/46
f 191/206/191 190/205/190 92/95/92 93/96/93
f 190/205/190 192/207/192 91/94/91 92/95/92
f 192/207/192 193/208/193 89/92/89 91/94/91
f 90/93/90 195/210/195 196/211/196 60/63/60
f 197/212/197 194/209/194 189/204/189 198/213/198
f 198/213/198 189/204/189 184/203/184 199/214/199
f 199/215/199 184/194/184 183/193/183 200/216/200
f 200/216/200 183/193/183 201/217/201 202/218/202
f 183/193/183 181/191/181 203/219/203 201/217/201
f 181/191/181 179/189/179 204/220/204 203/219/203
f 179/189/179 176/186/176 205/221/205 204/220/204
f 176/186/176 175/185/175 206/222/206 205/221/205
f 175/185/175 150/153/150 169/179/169 206/222/206
f 200/216/200 207/223/207 208/224/208 199/215/199
f 207/223/207 209/225/209 210/226/210 208/224/208
f 209/225/209 211/227/211 212/228/212 210/226/210
f 211/227/211 213/229/213 214/230/214 212/228/212
f 213/229/213 215/231/215 216/232/216 214/230/214
f 217/233/217 218/234/218 219/235/219 220/236/220
f 199/214/199 208/237/208 221/238/221 198/213/198
f 208/237/208 210/239/210 222/240/222 221/238/221
f 210/239/210 212/241/212 223/242/223 222/240/222
f 212/241/212 214/243/214 224/244/224 223/242/223
f 214/243/214 216/245/216 225/246/225 224/244/224
f 220/236/220 219/235/219 226/247/226 227/248/227
f 228/249/228 229/250/229 196/211/196 195/210/195
f 230/251/230 137/140/137 136/139/136 231/252/231
f 232/253/232 233/254/233 218/234/218 217/233/217
f 215/231/215 213/229/213 234/255/234 235/256/235
f 213/229/213 211/227/211 236/257/236 234/255/234
f 211/227/211 209/225/209 237/258/237 236/257/236
f 209/225/209 207/223/207 238/259/238 237/258/237
f 207/223/207 200/216/200 202/218/202 238/259/238
f 239/260/239 240/261/240 241/262/241 242/263/242
f 239/260/239 243/264/243 244/265/244 240/261/240
f 243/264/243 245/266/245 246/267/246 244/265/244
f 245/266/245 247/268/247 248/269/248 246/267/246
f 247/268/247 249/270/249 250/271/250 248/269/248
f 249/270/249 251/272/251 252/273/252 250/271/250
f 240/261/240 253/274/253 254/275/254 241/262/241
f 240/261/240 244/265/244 255/276/255 253/274/253
f 244/265/244 246/267/246 256/277/256 255/276/255
f 246/267/246 248/269/248 257/278/257 256/277/256
f 248/269/248 250/271/250 258/279/258 257/278/257
f 250/271/250 252/273/252 259/280/259 258/279/258
f 253/281/253 260/282/260 261/283/261 254/284/254
f 253/281/253 255/285/255 262/286/262 260/282/260
f 255/285/255 256/287/256 263/288/263 262/286/262
f 256/287/256 257/289/257 264/290/264 263/288/263
f 257/289/257 258/291/258 265/292/265 264/290/264
f 258/291/258 259/293/259 266/294/266 265/292/265
f 267/295/267 242/296/242 241/297/241 268/298/268
f 268/298/268 241/297/241 254/299/254 269/300/269
f 269/300/269 254/299/254 261/301/261 270/302/270
f 270/302/270 261/301/261 271/303/271 272/304/272
f 260/282/260 273/305/273 271/306/271 261/283/261
f 260/282/260 262/286/262 274/307/274 273/305/273
f 262/286/262 263/288/263 275/308/275 274/307/274
f 263/288/263 264/290/264 276/309/276 275/308/275
f 264/290/264 265/292/265 277/310/277 276/309/276
f 265/292/265 266/294/266 278/311/278 277/310/277
f 251/272/251 249/270/249 38/38/38 39/39/39
f 249/270/249 247/268/247 37/37/37 38/38/38
f 247/268/247 245/266/245 36/36/36 37/37/37
f 245/266/245 243/264/243 35/35/35 36/36/36
f 243/264/243 239/260/239 33/33/33 35/35/35
f 239/260/239 242/263/242 34/34/34 33/33/33
f 242/296/242 267/295/267 44/47/44 34/46/34
f 273/305/273 279/312/279 280/313/280 271/306/271
f 273/305/273 274/307/274 281/314/281 279/312/279
f 274/307/274 275/308/275 282/315/282 281/314/281
f 275/308/275 276/309/276 283/316/283 282/315/282
f 276/309/276 277/310/277 284/317/284 283/316/283
f 277/310/277 278/311/278 285/318/285 284/317/284
f 279/312/279 286/319/286 287/320/287 280/313/280
f 279/312/279 281/314/281 288/321/288 286/319/286
f 281/314/281 282/315/282 289/322/289 288/321/288
f 282/315/282 283/316/283 290/323/290 289/322/289
f 283/316/283 284/317/284 291/324/291 290/323/290
f 284/317/284 285/318/285 292/325/292 291/324/291
f 293/326/293 294/327/294 295/328/295 296/329/296
f 297/330/297 298/331/298 296/329/296 295/328/295
f 299/332/299 300/333/300 298/331/298 297/330/297
f 301/334/301 302/335/302 300/333/300 299/332/299
f 303/336/303 304/337/304 302/335/302 301/334/301
f 305/338/305 306/339/306 293/326/293 296/329/296
f 296/329/296 298/331/298 307/340/307 305/338/305
f 298/331/298 300/333/300 308/341/308 307/340/307
f 300/333/300 302/335/302 309/342/309 308/341/308
f 302/335/302 304/337/304 310/343/310 309/342/309
f 272/304/272 271/303/271 280/344/280 311/345/311
f 311/345/311 280/344/280 287/346/287 312/347/312
f 313/348/313 293/326/293 306/339/306 314/349/314
f 314/349/314 306/339/306 173/183/173 174/184/174
f 172/182/172 173/183/173 306/339/306 305/338/305
f 305/338/305 307/340/307 171/181/171 172/182/172
f 307/340/307 308/341/308 170/180/170 171/181/171
f 308/341/308 309/342/309 168/178/168 170/180/170
f 309/342/309 310/343/310 169/179/169 168/178/168
f 315/350/315 316/351/316 317/352/317 318/353/318
f 316/351/316 319/354/319 320/355/320 317/352/317
f 319/354/319 321/356/321 322/357/322 320/355/320
f 321/356/321 323/358/323 324/359/324 322/357/322
f 318/353/318 317/352/317 325/360/325 326/361/326
f 317/352/317 320/355/320 327/362/327 325/360/325
f 320/355/320 322/357/322 328/363/328 327/362/327
f 322/357/322 324/359/324 329/364/329 328/363/328
f 330/365/330 331/366/331 332/367/332 333/368/333
f 334/369/334 335/370/335 331/366/331 330/365/330
f 336/371/336 337/372/337 335/370/335 334/369/334
f 338/373/338 339/374/339 337/372/337 336/371/336
f 332/367/332 331/366/331 340/375/340 341/376/341
f 331/366/331 335/370/335 342/377/342 340/375/340
f 335/370/335 337/372/337 343/378/343 342/377/342
f 337/372/337 339/374/339 344/379/344 343/378/343
f 278/311/278 315/350/315 318/353/318 285/318/285
f 285/318/285 318/353/318 326/361/326 292/325/292
f 333/368/333 332/367/332 304/337/304 303/336/303
f 304/337/304 332/367/332 341/376/341 310/343/310
f 310/343/310 341/376/341 206/222/206 169/179/169
f 341/376/341 340/375/340 205/221/205 206/222/206
f 340/375/340 342/377/342 204/220/204 205/221/205
f 342/377/342 343/378/343 203/219/203 204/220/204
f 343/378/343 344/379/344 201/217/201 203/219/203
f 344/379/344 345/380/345 202/218/202 201/217/201
f 345/380/345 344/379/344 339/374/339 346/381/346
f 346/381/346 339/374/339 338/373/338 347/382/347
f 329/364/329 324/359/324 348/383/348 349/384/349
f 348/383/348 324/359/324 323/358/323 350/385/350
f 350/385/350 351/386/351 352/387/352 348/383/348
f 351/386/351 353/388/353 354/389/354 352/387/352
f 353/388/353 355/390/355 356/391/356 354/389/354
f 355/390/355 357/392/357 358/393/358 356/391/356
f 357/392/357 359/394/359 360/395/360 358/393/358
f 361/396/361 362/397/362 363/398/363 364/399/364
f 348/383/348 352/387/352 365/400/365 349/384/349
f 352/387/352 354/389/354 366/401/366 365/400/365
f 354/389/354 356/391/356 367/402/367 366/401/366
f 356/391/356 358/393/358 368/403/368 367/402/367
f 358/393/358 360/395/360 369/404/369 368/403/368
f 364/399/364 363/398/363 370/405/370 371/406/371
f 372/407/372 373/408/373 346/381/346 347/382/347
f 374/409/374 375/410/375 373/408/373 372/407/372
f 376/411/376 377/412/377 375/410/375 374/409/374
f 378/413/378 379/414/379 377/412/377 376/411/376
f 380/415/380 379/414/379 378/413/378 381/416/381
f 382/417/382 383/418/383 384/419/384 385/420/385
f 346/381/346 373/408/373 386/421/386 345/380/345
f 373/408/373 375/410/375 387/422/387 386/421/386
f 375/410/375 377/412/377 388/423/388 387/422/387
f 377/412/377 379/414/379 389/424/389 388/423/388
f 379/414/379 380/415/380 390/425/390 389/424/389
f 384/419/384 383/418/383 391/426/391 392/427/392
f 345/380/345 386/421/386 238/259/238 202/218/202
f 386/421/386 387/422/387 237/258/237 238/259/238
f 387/422/387 388/423/388 236/257/236 237/258/237
f 388/423/388 389/424/389 234/255/234 236/257/236
f 389/424/389 390/425/390 235/256/235 234/255/234
f 392/427/392 391/426/391 233/254/233 232/253/232
f 393/428/393 394/429/394 395/430/395 396/431/396
f 393/428/393 397/432/397 398/433/398 394/429/394
f 397/432/397 399/434/399 400/435/400 398/433/398
f 399/434/399 401/436/401 402/437/402 400/435/400
f 395/430/395 394/429/394 403/438/403 404/439/404
f 394/429/394 398/433/398 405/440/405 403/438/403
f 398/433/398 400/435/400 406/441/406 405/440/405
f 400/435/400 402/437/402 407/442/407 406/441/406
f 408/443/408 409/444/409 410/445/410 411/446/411
f 412/447/412 413/448/413 409/444/409 408/443/408
f 414/449/414 415/450/415 413/448/413 412/447/412
f 416/451/416 417/452/417 415/450/415 414/449/414
f 410/445/410 409/444/409 418/453/418 419/454/419
f 409/444/409 413/448/413 420/455/420 418/453/418
f 413/448/413 415/450/415 421/456/421 420/455/420
f 415/450/415 417/452/417 422/457/422 421/456/421
f 423/458/423 424/459/424 425/460/425 426/461/426
f 427/462/427 428/463/428 429/464/429 430/465/430
f 431/466/431 432/467/432 429/464/429 428/463/428
f 433/468/433 166/469/166 167/470/167 434/471/434
f 435/472/435 165/473/165 166/469/166 433/468/433
f 436/474/436 164/475/164 165/473/165 435/472/435
f 437/476/437 438/477/438 439/478/439 440/479/440
f 441/480/441 442/481/442 443/482/443 444/483/444
f 442/481/442 445/484/445 446/485/446 443/482/443
f 447/486/447 448/487/448 449/488/449 450/489/450
f 448/487/448 451/490/451 452/491/452 449/488/449
f 451/490/451 453/492/453 454/493/454 452/491/452
f 455/494/455 456/495/456 457/496/457
f 456/495/456 458/497/458 459/498/459 457/496/457
f 458/499/458 460/500/460 461/501/461 459/502/459
f 462/503/462 457/496/457 463/504/463 464/505/464
f 457/496/457 459/498/459 465/506/465 463/504/463
f 459/502/459 461/501/461 466/507/466 465/508/465
f 464/505/464 463/504/463 467/509/467 468/510/468
f 463/504/463 465/506/465 469/511/469 467/509/467
f 465/508/465 466/507/466 470/512/470 469/513/469
f 468/510/468 467/509/467 471/514/471 472/515/472
f 467/509/467 469/511/469 473/516/473 471/514/471
f 469/513/469 470/512/470 474/517/474 473/518/473
f 82/85/82 475/519/475 462/503/462 81/84/81
f 81/84/81 462/503/462 464/505/464 80/83/80
f 80/83/80 464/505/464 468/510/468 78/81/78
f 78/81/78 468/510/468 472/515/472 79/82/79
f 79/82/79 472/515/472 251/272/251 39/39/39
f 472/515/472 471/514/471 252/273/252 251/272/251
f 471/514/471 473/516/473 259/280/259 252/273/252
f 473/518/473 474/517/474 266/294/266 259/293/259
f 474/517/474 315/350/315 278/311/278 266/294/266
f 315/350/315 474/517/474 470/512/470 316/351/316
f 316/351/316 470/512/470 466/507/466 319/354/319
f 319/354/319 466/507/466 461/501/461 321/356/321
f 321/356/321 461/501/461 460/500/460 323/358/323
f 323/358/323 460/500/460 476/520/476 350/385/350
f 460/500/460 458/499/458 477/521/477 476/520/476
f 458/497/458 456/495/456 478/522/478 477/523/477
f 456/495/456 455/494/455 479/524/479 478/522/478
f 475/519/475 82/85/82 83/86/83 480/525/480
f 481/526/481 482/527/482 483/528/483 484/529/484
f 482/527/482 485/530/485 486/531/486 483/528/483
f 487/532/487 488/533/488 489/534/489 490/535/490
f 488/533/488 491/536/491 492/537/492 489/534/489
f 477/521/477 486/538/486 493/539/493 476/520/476
f 486/538/486 485/540/485 494/541/494 493/539/493
f 495/542/495 357/392/357 355/390/355 496/543/496
f 489/544/489 492/545/492 497/546/497 495/542/495
f 498/547/498 499/548/499 500/549/500 501/550/501
f 476/520/476 493/539/493 351/386/351 350/385/350
f 493/539/493 494/541/494 353/388/353 351/386/351
f 495/542/495 497/546/497 359/394/359 357/392/357
f 501/550/501 500/549/500 362/397/362 361/396/361
f 491/536/491 488/533/488 502/551/502 503/552/503
f 502/551/502 488/533/488 487/532/487 504/553/504
f 505/554/505 506/555/506 134/137/134 133/136/133
f 507/556/507 508/557/508 509/558/509 510/559/510
f 230/251/230 231/252/231 511/560/511 512/561/512
f 513/562/513 514/563/514 515/564/515 516/565/516
f 517/566/517 518/567/518 519/568/519 520/569/520
f 521/570/521 522/571/522 523/572/523 524/573/524
f 525/574/525 526/575/526 527/576/527
f 516/565/516 515/564/515 528/577/528 529/578/529
f 520/569/520 519/568/519 530/579/530 528/577/528
f 531/580/531 512/561/512 532/581/532 533/582/533
f 534/583/534 535/584/535 521/570/521 524/573/524
f 529/578/529 528/577/528 536/585/536 537/586/537
f 538/587/538 539/588/539 540/589/540 541/590/541
f 499/548/499 521/570/521 535/584/535 500/549/500
f 542/591/542 543/592/543 370/405/370 363/398/363
f 544/593/544 545/594/545 383/418/383 382/417/382
f 545/594/545 546/595/546 391/426/391 383/418/383
f 218/234/218 547/596/547 548/597/548 219/235/219
f 508/557/508 507/556/507 108/111/108 107/110/107
f 454/493/454 453/492/453 549/598/549 550/599/550
f 434/471/434 167/470/167 51/600/51 551/601/551
f 424/459/424 423/458/423 550/599/550 549/598/549
f 40/602/40 552/603/552 551/601/551 51/600/51
f 418/453/418 553/604/553 554/605/554 419/454/419
f 420/455/420 555/606/555 553/604/553 418/453/418
f 421/456/421 556/607/556 555/606/555 420/455/420
f 422/457/422 557/608/557 556/607/556 421/456/421
f 558/609/558 314/610/314 174/611/174 559/612/559
f 164/475/164 436/474/436 559/612/559 174/611/174
f 560/613/560 561/614/561 557/608/557 422/457/422
f 417/452/417 562/615/562 560/613/560 422/457/422
f 563/616/563 562/615/562 417/452/417 416/451/416
f 402/437/402 564/617/564 565/618/565 407/442/407
f 401/436/401 566/619/566 564/617/564 402/437/402
f 446/485/446 445/484/445 447/486/447 450/489/450
f 567/620/567 557/608/557 561/614/561 568/621/568
f 557/608/557 567/620/567 569/622/569 556/607/556
f 556/607/556 569/622/569 570/623/570 555/606/555
f 555/606/555 570/623/570 571/624/571 553/604/553
f 553/604/553 571/624/571 572/625/572 554/605/554
f 431/466/431 419/454/419 554/605/554 572/625/572
f 411/446/411 410/445/410 428/463/428 427/462/427
f 424/459/424 395/430/395 404/439/404 425/460/425
f 395/430/395 424/459/424 549/598/549 396/431/396
f 453/492/453 393/428/393 396/431/396 549/598/549
f 397/432/397 393/428/393 453/492/453 451/490/451
f 399/434/399 397/432/397 451/490/451 448/487/448
f 401/436/401 399/434/399 448/487/448 447/486/447
f 445/484/445 566/619/566 401/436/401 447/486/447
f 564/617/564 566/619/566 445/484/445 442/481/442
f 565/618/565 564/617/564 442/481/442 441/480/441
f 438/477/438 562/615/562 563/616/563 439/478/439
f 573/626/573 560/613/560 562/615/562 438/477/438
f 560/613/560 573/626/573 568/621/568 561/614/561
f 362/397/362 500/549/500 535/584/535 574/627/574
f 233/254/233 391/426/391 546/595/546 575/628/575
f 576/629/576 577/630/577 123/126/123 122/125/122
f 526/575/526 525/574/525 578/631/578 579/632/579
f 528/577/528 530/579/530 580/633/580 536/585/536
f 581/634/581 527/576/527 582/635/582 583/636/583
f 547/596/547 218/234/218 233/254/233 575/628/575
f 547/596/547 584/637/584 532/581/532 548/597/548
f 542/591/542 363/398/363 362/397/362 574/627/574
f 523/572/523 522/571/522 585/638/585 586/639/586
f 530/579/530 533/582/533 587/640/587 580/633/580
f 519/568/519 531/580/531 533/582/533 530/579/530
f 518/567/518 588/641/588 531/580/531 519/568/519
f 589/642/589 590/643/590 588/641/588 518/567/518
f 591/644/591 589/642/589 518/567/518 517/566/517
f 510/559/510 509/558/509 514/563/514 513/562/513
f 579/632/579 578/631/578 577/630/577 576/629/576
f 592/645/592 593/646/593 586/639/586 506/555/506
f 594/647/594 592/645/592 506/555/506 505/554/505
f 595/648/595 593/646/593 592/645/592 594/647/594
f 596/649/596 597/650/597 593/646/593 595/648/595
f 597/650/597 596/649/596 581/634/581 598/651/598
f 598/651/598 581/634/581 583/636/583 599/652/599
f 600/653/600 601/654/601 602/655/602 603/656/603
f 601/654/601 600/653/600 534/583/534 599/652/599
f 583/636/583 602/655/602 601/654/601 599/652/599
f 604/657/604 602/655/602 583/636/583 582/635/582
f 536/585/536 540/589/540 605/658/605 537/586/537
f 580/633/580 541/590/541 540/589/540 536/585/536
f 587/640/587 606/659/606 541/590/541 580/633/580
f 584/637/584 607/660/607 606/659/606 587/640/587
f 22/42/22 43/45/43 608/661/608 609/662/609
f 14/14/14 19/19/19 22/22/22 609/663/609
f 14/14/14 13/13/13 23/23/23 19/19/19
f 13/13/13 15/15/15 25/25/25 23/23/23
f 15/15/15 16/16/16 27/27/27 25/25/25
f 16/16/16 17/17/17 29/29/29 27/27/27
f 17/17/17 18/18/18 31/31/31 29/29/29
f 18/18/18 63/66/63 71/74/71 31/31/31
f 426/461/426 425/460/425 427/462/427 430/465/430
f 63/66/63 62/65/62 68/71/68 71/74/71
f 62/65/62 64/67/64 72/75/72 68/71/68
f 64/67/64 65/68/65 74/77/74 72/75/72
f 65/68/65 67/70/67 76/79/76 74/77/74
f 67/70/67 87/90/87 85/88/85 76/79/76
f 96/99/96 98/101/98 109/112/109 112/115/112
f 101/104/101 610/664/610 114/117/114 113/116/113
f 121/124/121 117/120/117 104/107/104 108/111/108
f 611/665/611 612/666/612 312/347/312 287/346/287
f 287/320/287 286/319/286 294/327/294 611/667/611
f 286/319/286 288/321/288 295/328/295 294/327/294
f 288/321/288 289/322/289 297/330/297 295/328/295
f 289/322/289 290/323/290 299/332/299 297/330/297
f 290/323/290 291/324/291 301/334/301 299/332/299
f 291/324/291 292/325/292 303/336/303 301/334/301
f 292/325/292 326/361/326 333/368/333 303/336/303
f 440/479/440 439/478/439 441/480/441 444/483/444
f 326/361/326 325/360/325 330/365/330 333/368/333
f 325/360/325 327/362/327 334/369/334 330/365/330
f 327/362/327 328/363/328 336/371/336 334/369/334
f 328/363/328 329/364/329 338/373/338 336/371/336
f 329/364/329 349/384/349 347/382/347 338/373/338
f 349/384/349 365/400/365 372/407/372 347/382/347
f 365/400/365 366/401/366 374/409/374 372/407/372
f 366/401/366 367/402/367 376/411/376 374/409/374
f 367/402/367 368/403/368 378/413/378 376/411/376
f 368/403/368 369/404/369 381/416/381 378/413/378
f 371/406/371 370/405/370 382/417/382 385/420/385
f 370/405/370 543/592/543 544/593/544 382/417/382
f 411/446/411 427/462/427 425/460/425 404/439/404
f 404/439/404 403/438/403 408/443/408 411/446/411
f 403/438/403 405/440/405 412/447/412 408/443/408
f 405/440/405 406/441/406 414/449/414 412/447/412
f 406/441/406 407/442/407 416/451/416 414/449/414
f 407/442/407 565/618/565 563/616/563 416/451/416
f 439/478/439 563/616/563 565/618/565 441/480/441
f 516/565/516 529/578/529 527/576/527 526/575/526
f 526/575/526 579/632/579 513/562/513 516/565/516
f 579/632/579 576/629/576 510/559/510 513/562/513
f 529/578/529 537/586/537 582/635/582 527/576/527
f 613/668/613 544/593/544 543/592/543 614/669/614
f 604/657/604 582/635/582 537/586/537 605/658/605
f 507/556/507 510/559/510 576/629/576 122/125/122
f 134/137/134 506/555/506 586/639/586 585/638/585
f 105/108/105 104/107/104 117/120/117 120/123/120
f 117/120/117 121/124/121 124/127/124 118/121/118
f 615/670/615 616/671/616 617/672/617 618/673/618
f 619/674/619 620/675/620 621/676/621 622/677/622
f 623/678/623 620/675/620 619/674/619 624/679/624
f 100/103/100 625/680/625 610/664/610 101/104/101
f 227/248/227 226/247/226 626/681/626 627/682/627
f 224/244/224 225/246/225 628/683/628 629/684/629
f 223/242/223 224/244/224 629/684/629 630/685/630
f 630/685/630 631/686/631 222/240/222 223/242/223
f 221/238/221 222/240/222 631/686/631 632/687/632
f 198/213/198 221/238/221 632/687/632 197/212/197
f 623/678/623 624/679/624 633/688/633 634/689/634
f 635/690/635 499/548/499 498/547/498 636/691/636
f 637/692/637 635/690/635 636/691/636 638/693/638
f 129/132/129 135/138/135 639/694/639 130/133/130
f 637/692/637 638/693/638 639/694/639 135/138/135
f 128/131/128 127/130/127 640/695/640 641/696/641
f 503/552/503 502/551/502 642/697/642 643/698/643
f 643/698/643 642/697/642 641/696/641 640/695/640
f 642/697/642 502/551/502 504/553/504 644/699/644
f 642/697/642 644/699/644 645/700/645 641/696/641
f 646/701/646 647/702/647 126/129/126 125/128/125
f 119/122/119 118/121/118 132/135/132 131/134/131
f 102/105/102 101/104/101 113/116/113 648/703/648
f 116/119/116 649/704/649 648/703/648 113/116/113
f 128/131/128 650/705/650 649/704/649 116/119/116
f 108/111/108 507/556/507 122/125/122 121/124/121
f 618/673/618 617/672/617 651/706/651 652/707/652
f 651/706/651 103/106/103 106/109/106 652/707/652
f 619/674/619 622/677/622 653/708/653 654/709/654
f 654/709/654 653/708/653 625/680/625 100/103/100
f 624/679/624 619/674/619 654/709/654 655/710/655
f 654/709/654 100/103/100 99/102/99 655/710/655
f 656/711/656 107/110/107 103/106/103 651/706/651
f 139/142/139 656/711/656 651/706/651 617/672/617
f 496/543/496 355/390/355 353/388/353 494/541/494
f 482/527/482 487/532/487 490/535/490 485/530/485
f 481/526/481 504/553/504 487/532/487 482/527/482
f 650/705/650 128/131/128 641/696/641 645/700/645
f 645/700/645 644/699/644 657/712/657 646/701/646
f 646/701/646 125/128/125 650/705/650 645/700/645
f 644/699/644 504/553/504 481/526/481 657/712/657
f 647/702/647 480/525/480 83/86/83 126/129/126
f 479/524/479 484/529/484 483/528/483 478/522/478
f 478/522/478 483/528/483 486/531/486 477/523/477
f 110/113/110 649/704/649 650/705/650 125/128/125
f 648/703/648 649/704/649 110/113/110 109/112/109
f 109/112/109 98/101/98 102/105/102 648/703/648
f 97/100/97 99/102/99 102/105/102 98/101/98
f 196/211/196 229/250/229 94/97/94 88/91/88
f 61/64/61 60/63/60 196/211/196 88/91/88
f 96/99/96 112/115/112 85/88/85 87/90/87
f 111/114/111 84/87/84 85/88/85 112/115/112
f 84/87/84 111/114/111 126/129/126 83/86/83
f 633/688/633 624/679/624 655/710/655 658/713/658
f 658/713/658 655/710/655 99/102/99 97/100/97
f 658/713/658 97/100/97 95/98/95 94/97/94
f 229/250/229 633/688/633 658/713/658 94/97/94
f 228/249/228 634/689/634 633/688/633 229/250/229
f 219/235/219 548/597/548 511/560/511 226/247/226
f 226/247/226 511/560/511 231/252/231 626/681/626
f 626/681/626 231/252/231 136/139/136 616/671/616
f 139/142/139 617/672/617 616/671/616 136/139/136
f 627/682/627 626/681/626 616/671/616 615/670/615
f 620/675/620 629/684/629 628/683/628 621/676/621
f 623/678/623 630/685/630 629/684/629 620/675/620
f 631/686/631 630/685/630 623/678/623 634/689/634
f 632/687/632 631/686/631 634/689/634 228/249/228
f 632/687/632 228/249/228 195/210/195 197/212/197
f 134/137/134 585/638/585 637/692/637 135/138/135
f 637/692/637 585/638/585 522/571/522 635/690/635
f 635/690/635 522/571/522 521/570/521 499/548/499
f 599/652/599 534/583/534 524/573/524 598/651/598
f 523/572/523 597/650/597 598/651/598 524/573/524
f 597/650/597 523/572/523 586/639/586 593/646/593
f 659/714/659 133/136/133 129/132/129 132/135/132
f 660/715/660 505/554/505 133/136/133 659/714/659
f 659/714/659 132/135/132 118/121/118 124/127/124
f 123/126/123 660/715/660 659/714/659 124/127/124
f 661/716/661 508/557/508 107/110/107 656/711/656
f 591/644/591 509/558/509 508/557/508 661/716/661
f 138/141/138 661/716/661 656/711/656 139/142/139
f 591/644/591 661/716/661 138/141/138 589/642/589
f 137/140/137 590/643/590 589/642/589 138/141/138
f 588/641/588 590/643/590 137/140/137 230/251/230
f 588/641/588 230/251/230 512/561/512 531/580/531
f 490/717/490 489/544/489 495/542/495 496/543/496
f 485/540/485 490/717/490 496/543/496 494/541/494
f 546/595/546 545/594/545 539/588/539 538/587/538
f 540/589/540 539/588/539 613/668/613 605/658/605
f 539/588/539 545/594/545 544/593/544 613/668/613
f 584/637/584 587/640/587 533/582/533 532/581/532
f 543/592/543 542/591/542 603/656/603 614/669/614
f 603/656/603 602/655/602 604/657/604 614/669/614
f 538/587/538 541/590/541 606/659/606 607/660/607
f 575/628/575 546/595/546 538/587/538 607/660/607
f 542/591/542 574/627/574 600/653/600 603/656/603
f 547/596/547 575/628/575 607/660/607 584/637/584
f 605/658/605 613/668/613 614/669/614 604/657/604
f 600/653/600 574/627/574 535/584/535 534/583/534
f 512/561/512 511/560/511 548/597/548 532/581/532
f 194/209/194 197/212/197 195/210/195 90/93/90
f 193/208/193 194/209/194 90/93/90 89/92/89
f 646/701/646 657/712/657 662/718/662 647/702/647
f 480/525/480 647/702/647 662/718/662
f 657/712/657 481/526/481 484/529/484 662/718/662
f 480/525/480 662/718/662 484/529/484 479/524/479
f 455/494/455 475/519/475 480/525/480 479/524/479
f 475/519/475 455/494/455 457/496/457 462/503/462
f 509/558/509 591/644/591 517/566/517 514/563/514
f 514/563/514 517/566/517 520/569/520 515/564/515
f 515/564/515 520/569/520 528/577/528
f 577/630/577 663/719/663 660/715/660 123/126/123
f 578/631/578 595/648/595 663/719/663 577/630/577
f 525/574/525 596/649/596 595/648/595 578/631/578
f 596/649/596 525/574/525 527/576/527 581/634/581
f 663/719/663 594/647/594 505/554/505 660/715/660
f 595/648/595 594/647/594 663/719/663
f 66/69/66 59/62/59 61/64/61
f 41/720/41 664/721/664 552/603/552 40/602/40
f 665/722/665 568/621/568 573/626/573 666/723/666
f 667/724/667 567/620/567 568/621/568 665/722/665
f 668/725/668 569/622/569 567/620/567 667/724/667
f 669/726/669 570/623/570 569/622/569 668/725/668
f 670/727/670 571/624/571 570/623/570 669/726/669
f 671/728/671 572/625/572 571/624/571 670/727/670
f 432/467/432 431/466/431 572/625/572 671/728/671
f 438/477/438 437/476/437 666/723/666 573/626/573
f 419/454/419 431/466/431 428/463/428 410/445/410
f 612/666/612 611/665/611 313/729/313 672/730/672
f 672/730/672 313/729/313 314/610/314 558/609/558
f 664/721/664 41/720/41 609/662/609 608/661/608
f 41/41/41 2/2/2 14/14/14 609/663/609
f 611/667/611 294/327/294 293/326/293 313/348/313
f 105/731/105 120/732/120 114/117/114 610/664/610
f 610/664/610 625/680/625 106/733/106 105/731/105
f 625/680/625 653/708/653 652/734/652 106/733/106
f 119/735/119 131/736/131 127/130/127 115/118/115
f 115/118/115 114/117/114 120/732/120 119/735/119
f 131/736/131 130/737/130 640/695/640 127/130/127
f 130/737/130 639/738/639 643/698/643 640/695/640
f 215/231/215 235/256/235 232/739/232 217/740/217
f 217/740/217 220/741/220 216/232/216 215/231/215
f 220/742/220 227/743/227 225/246/225 216/245/216
f 227/743/227 627/744/627 628/683/628 225/246/225
f 235/256/235 390/425/390 392/745/392 232/739/232
f 364/746/364 371/747/371 369/404/369 360/395/360
f 360/395/360 359/394/359 361/748/361 364/746/364
f 359/394/359 497/546/497 501/749/501 361/748/361
f 371/747/371 385/750/385 381/416/381 369/404/369
f 384/751/384 392/745/392 390/425/390 380/415/380
f 380/415/380 381/416/381 385/750/385 384/751/384
f 492/537/492 491/536/491 636/752/636 498/753/498
f 498/754/498 501/749/501 497/546/497 492/545/492
f 491/536/491 503/552/503 638/755/638 636/752/636
f 503/552/503 643/698/643 639/738/639 638/755/638
f 618/756/618 652/734/652 653/708/653 622/677/622
f 622/677/622 621/676/621 615/757/615 618/756/618
f 621/676/621 628/683/628 627/744/627 615/757/615
f 42/44/42 44/47/44 550/599/550 423/458/423
f 423/458/423 426/461/426 43/45/43 42/44/42
f 426/461/426 430/465/430 608/661/608 43/45/43
f 44/47/44 267/295/267 454/493/454 550/599/550
f 267/295/267 268/298/268 452/491/452 454/493/454
f 268/298/268 269/300/269 449/488/449 452/491/452
f 269/300/269 270/302/270 450/489/450 449/488/449
f 270/302/270 272/304/272 446/485/446 450/489/450
f 272/304/272 311/345/311 443/482/443 446/485/446
f 311/345/311 312/347/312 444/483/444 443/482/443
f 312/347/312 612/666/612 440/479/440 444/483/444
f 430/465/430 429/464/429 664/721/664 608/661/608
f 429/464/429 432/467/432 552/603/552 664/721/664
f 432/467/432 671/728/671 551/601/551 552/603/552
f 433/468/433 434/471/434 670/727/670 669/726/669
f 669/726/669 668/725/668 435/472/435 433/468/433
f 434/471/434 551/601/551 671/728/671 670/727/670
f 668/725/668 667/724/667 436/474/436 435/472/435
f 667/724/667 665/722/665 559/612/559 436/474/436
f 437/476/437 440/479/440 612/666/612 672/730/672
f 672/730/672 558/609/558 666/723/666 437/476/437
f 665/722/665 666/723/666 558/609/558 559/612/559
g default
v 10.276440 1.886224 7.191853
v 10.307594 1.881384 7.358959
v 10.400936 1.933298 7.350523
v 10.367673 1.947763 7.184735
v 10.340186 1.867300 7.525863
v 10.433550 1.911829 7.516265
v 10.374335 1.845823 7.691876
v 10.465979 1.886407 7.681915
v 10.406750 1.820470 7.857430
v 10.496133 1.857946 7.847223
v 10.504730 1.954954 7.334897
v 10.473821 1.973177 7.168972
v 10.534702 1.930677 7.500778
v 10.563646 1.905664 7.666940
v 10.590642 1.876691 7.832676
v 10.609484 1.950372 7.314127
v 10.581749 1.968809 7.147414
v 10.636950 1.927911 7.480874
v 10.662533 1.904024 7.648145
v 10.686365 1.878080 7.815213
v 10.705735 1.910032 7.288590
v 10.679600 1.924928 7.120275
v 10.731571 1.893499 7.457113
v 10.755953 1.874765 7.625776
v 10.778358 1.854875 7.794423
v 10.233696 1.894270 7.028128
v 10.329279 1.958429 7.021521
v 10.439320 1.988287 7.005619
v 10.551794 1.985212 6.982330
v 10.655611 1.944769 6.953447
v 10.764332 1.859808 7.091330
v 10.747894 1.882879 6.921450
v 10.787210 1.845049 7.261715
v 10.812837 1.833677 7.431841
v 10.838969 1.822488 7.601657
v 10.861040 1.808584 7.772213
v 10.806370 1.848989 7.963841
v 10.894066 1.810606 7.941608
v 10.710932 1.852060 7.981787
v 10.617374 1.844606 7.997600
v 10.525347 1.825872 8.011396
v 10.433352 1.799665 8.022021
v 10.324884 1.768476 7.864155
v 10.351707 1.749712 8.027204
v 10.292660 1.786779 7.696859
v 10.258302 1.802667 7.530014
v 10.233298 1.803823 7.360503
v 10.206101 1.801584 7.191395
v 10.155321 1.809530 7.027354
v 10.444235 1.791338 8.108391
v 10.461199 1.784105 8.215141
v 10.556429 1.800851 8.204164
v 10.538745 1.809690 8.095238
v 10.480933 1.785955 8.323318
v 10.580632 1.784387 8.312536
v 10.496056 1.771478 8.405514
v 10.595685 1.772825 8.386694
v 10.650199 1.808336 8.188969
v 10.630020 1.828142 8.080709
v 10.672695 1.786115 8.297200
v 10.686611 1.775426 8.370296
v 10.742762 1.819105 8.172874
v 10.722635 1.837293 8.064562
v 10.762423 1.807764 8.282728
v 10.776461 1.795599 8.353977
v 10.836653 1.835909 8.154020
v 10.817574 1.840139 8.046337
v 10.853889 1.839243 8.262159
v 10.867821 1.825533 8.342849
v 10.907528 1.809541 8.024136
v 10.929362 1.809942 8.132359
v 10.953341 1.821081 8.237543
v 10.967577 1.808504 8.330875
v 10.389732 1.736650 8.328157
v 10.414361 1.729902 8.417624
v 10.374300 1.734090 8.221135
v 10.360271 1.741796 8.114605
v 10.096717 1.926588 6.532850
v 10.101694 1.947111 6.606924
v 10.218712 2.020940 6.598988
v 10.217074 1.986116 6.529242
v 10.121031 1.938150 6.678861
v 10.229235 2.019525 6.675134
v 10.147108 1.923162 6.747286
v 10.251638 2.001405 6.745104
v 10.171723 1.910886 6.815984
v 10.273911 1.982721 6.812216
v 10.193227 1.903131 6.885920
v 10.292332 1.971700 6.881161
v 10.213661 1.898401 6.956668
v 10.310733 1.964346 6.950793
v 10.346056 2.068163 6.579551
v 10.341661 2.023874 6.513192
v 10.357634 2.055086 6.657278
v 10.375248 2.033609 6.727074
v 10.391143 2.020719 6.797286
v 10.407101 2.004327 6.865598
v 10.423243 1.994512 6.934741
v 10.481718 2.065885 6.557052
v 10.470793 2.034937 6.485721
v 10.490061 2.055700 6.632383
v 10.502586 2.038000 6.703608
v 10.513149 2.019796 6.773517
v 10.524815 2.004198 6.842393
v 10.538111 1.993467 6.911834
v 10.614313 2.040128 6.528143
v 10.598352 2.024648 6.453882
v 10.616978 2.020994 6.601376
v 10.622847 2.001787 6.672396
v 10.628366 1.982549 6.742375
v 10.635748 1.966638 6.812098
v 10.645752 1.955568 6.882544
v 10.108161 1.883363 6.492631
v 10.220223 1.943262 6.494019
v 10.339470 1.979025 6.483896
v 10.459736 1.987844 6.457305
v 10.577339 1.974775 6.422638
v 10.707077 1.971590 6.408118
v 10.671209 1.930845 6.372371
v 10.729069 1.979395 6.483122
v 10.733070 1.963441 6.561294
v 10.734341 1.944799 6.637212
v 10.734379 1.926267 6.707798
v 10.737232 1.909841 6.778644
v 10.743442 1.897375 6.850167
v 10.131864 1.813379 6.955817
v 10.108648 1.816492 6.883834
v 10.082247 1.823614 6.813164
v 10.046766 1.838579 6.740814
v 10.010748 1.855989 6.668836
v 9.990969 1.861826 6.600481
v 9.986419 1.849371 6.519158
v 10.008577 1.820287 6.471025
v 9.982571 1.289026 6.376313
v 9.956599 1.255704 6.466585
v 9.880665 1.371168 6.466211
v 9.907994 1.390562 6.371323
v 9.945136 1.242033 6.563000
v 9.881079 1.363752 6.566247
v 9.965174 1.247007 6.659622
v 9.905276 1.366777 6.663880
v 10.012261 1.279955 6.742375
v 9.951085 1.380861 6.753440
v 10.067993 1.313226 6.819784
v 10.012770 1.403612 6.832788
v 10.118075 1.344728 6.901353
v 10.067213 1.427549 6.916300
v 9.852310 1.506002 6.488500
v 9.880623 1.517355 6.396937
v 9.863617 1.498178 6.590927
v 9.900202 1.497373 6.680656
v 9.947190 1.501855 6.765749
v 10.001321 1.512552 6.846826
v 10.051061 1.526266 6.929951
v 9.849508 1.642618 6.520989
v 9.874414 1.644415 6.430941
v 9.868944 1.633749 6.611661
v 9.912824 1.624315 6.694120
v 9.961774 1.620279 6.774778
v 10.009689 1.621725 6.856234
v 10.057681 1.626344 6.937303
v 9.908515 1.763532 6.564125
v 9.918864 1.759042 6.479883
v 9.930198 1.753557 6.645473
v 9.970963 1.738680 6.719385
v 10.013220 1.728464 6.793235
v 10.050497 1.724325 6.869922
v 10.085668 1.723383 6.947747
v 10.037020 1.335958 6.327761
v 9.981768 1.422346 6.328945
v 9.953506 1.523309 6.359633
v 9.945881 1.627679 6.391144
v 9.965418 1.726896 6.434064
v 10.115418 1.725832 7.027709
v 10.098058 1.634412 7.021979
v 10.095708 1.542215 7.015633
v 10.113825 1.451498 7.004257
v 10.163011 1.377264 6.985735
v 10.182180 1.269178 6.884247
v 10.224171 1.308160 6.963223
v 10.140669 1.232793 6.804150
v 10.092656 1.189348 6.730892
v 10.045989 1.145620 6.656504
v 10.032341 1.135557 6.562964
v 10.045023 1.153444 6.470325
v 10.073259 1.191858 6.387318
v 10.106441 1.247457 6.332811
v 10.225504 1.417574 7.142816
v 10.272900 1.441423 7.305480
v 10.230946 1.502496 7.323192
v 10.182895 1.481954 7.160775
v 10.305456 1.460607 7.472286
v 10.260521 1.512292 7.489576
v 10.328331 1.460687 7.639893
v 10.273813 1.504678 7.657833
v 10.342064 1.440912 7.807028
v 10.281206 1.488233 7.826696
v 10.200704 1.572874 7.338035
v 10.159985 1.560369 7.173923
v 10.217958 1.573789 7.505929
v 10.235523 1.566969 7.674410
v 10.256803 1.555887 7.843122
v 10.183908 1.648012 7.349933
v 10.154088 1.642076 7.183744
v 10.195452 1.648443 7.519693
v 10.227797 1.641977 7.687282
v 10.254286 1.630445 7.855878
v 10.197382 1.727380 7.357129
v 10.170370 1.723493 7.189360
v 10.216566 1.728082 7.526798
v 10.247368 1.718732 7.694879
v 10.277841 1.703462 7.862770
v 10.301738 1.686536 8.029300
v 10.266954 1.616830 8.027575
v 10.265232 1.539144 8.014753
v 10.281359 1.463773 7.996254
v 10.337155 1.416368 7.977166
v 10.402443 1.407560 7.789919
v 10.405067 1.381643 7.958901
v 10.390398 1.415353 7.619569
v 10.362546 1.402998 7.450654
v 10.325974 1.382688 7.284018
v 10.281316 1.355333 7.119951
v 10.335128 1.387540 8.064445
v 10.321319 1.326624 8.163050
v 10.256582 1.400438 8.196972
v 10.280042 1.442278 8.082990
v 10.298807 1.248495 8.252711
v 10.237506 1.342527 8.313019
v 10.307034 1.223661 8.326622
v 10.251599 1.316499 8.400265
v 10.253843 1.490102 8.217385
v 10.264861 1.519624 8.100085
v 10.245604 1.452261 8.337979
v 10.263918 1.437296 8.427958
v 10.271824 1.579111 8.227071
v 10.268408 1.600900 8.112212
v 10.275033 1.556951 8.346369
v 10.296389 1.547361 8.442645
v 10.316476 1.658357 8.226667
v 10.303946 1.676580 8.116501
v 10.328376 1.653074 8.340588
v 10.341475 1.645231 8.436707
v 10.400347 1.354402 8.051011
v 10.383764 1.293336 8.137918
v 10.669812 1.249639 6.283434
v 10.712663 1.208173 6.356132
v 10.581734 1.168813 6.374130
v 10.553099 1.211629 6.295502
v 10.739328 1.193739 6.443354
v 10.595449 1.163118 6.465337
v 10.739131 1.208765 6.534297
v 10.594576 1.181882 6.556628
v 10.735382 1.237756 6.622624
v 10.602560 1.217455 6.640027
v 10.726805 1.274320 6.707825
v 10.608256 1.256258 6.722428
v 10.716345 1.307901 6.793654
v 10.609933 1.285791 6.808722
v 10.449086 1.175626 6.417885
v 10.438801 1.213194 6.340247
v 10.451069 1.157133 6.503604
v 10.449982 1.178056 6.589621
v 10.468449 1.221983 6.665270
v 10.487617 1.261964 6.742933
v 10.500670 1.282827 6.827718
v 10.315401 1.138269 6.430425
v 10.318893 1.187307 6.351378
v 10.308305 1.114400 6.520144
v 10.313358 1.121885 6.611232
v 10.341348 1.178548 6.688119
v 10.369940 1.235433 6.762683
v 10.392989 1.266355 6.846204
v 10.177535 1.118196 6.444424
v 10.195597 1.178026 6.367478
v 10.164788 1.079141 6.536541
v 10.174178 1.079702 6.640230
v 10.214664 1.140649 6.714916
v 10.255260 1.203249 6.784319
v 10.287120 1.245802 6.867229
v 10.626686 1.303583 6.239760
v 10.524490 1.276239 6.255461
v 10.424597 1.263361 6.289969
v 10.318920 1.248594 6.300941
v 10.212501 1.244688 6.315907
v 10.321005 1.284807 6.951572
v 10.419649 1.283975 6.931115
v 10.518200 1.293306 6.912266
v 10.617567 1.302034 6.896750
v 10.711697 1.333295 6.881977
v 10.804565 1.370836 6.777204
v 10.791979 1.389951 6.863649
v 10.822950 1.347139 6.693046
v 10.844479 1.319093 6.610163
v 10.861748 1.293325 6.525921
v 10.862089 1.275507 6.429102
v 10.817466 1.293386 6.339499
v 10.762436 1.328142 6.270734
v 10.714847 1.361673 6.222887
v 10.706254 1.371900 7.051901
v 10.710512 1.396459 7.222855
v 10.639053 1.360399 7.236546
v 10.625565 1.338026 7.066456
v 10.726622 1.413065 7.394030
v 10.658907 1.377798 7.405824
v 10.743729 1.432973 7.564723
v 10.679262 1.394521 7.574587
v 10.773678 1.444627 7.733443
v 10.705587 1.407339 7.742307
v 10.560703 1.342367 7.249736
v 10.539345 1.323011 7.081118
v 10.584535 1.359403 7.417545
v 10.607079 1.375192 7.585560
v 10.630792 1.386385 7.753043
v 10.480454 1.337194 7.262805
v 10.452059 1.317655 7.096190
v 10.508095 1.355566 7.429634
v 10.532554 1.371317 7.597120
v 10.553638 1.377885 7.764405
v 10.401387 1.353086 7.274792
v 10.364937 1.326566 7.110624
v 10.432973 1.371667 7.440931
v 10.459330 1.386102 7.608451
v 10.476646 1.386232 7.776908
v 10.489386 1.366495 7.944379
v 10.575374 1.364866 7.931086
v 10.660471 1.377946 7.919099
v 10.743689 1.400529 7.907562
v 10.822630 1.435022 7.897032
v 10.834324 1.493898 7.727139
v 10.896298 1.479524 7.888958
v 10.799585 1.482969 7.556027
v 10.783249 1.464025 7.382565
v 10.770254 1.449579 7.208688
v 10.774782 1.424665 7.035125
v 10.858101 1.418008 7.980605
v 10.899598 1.382768 8.059311
v 10.794140 1.374109 8.065254
v 10.767340 1.392812 7.988567
v 10.938484 1.340990 8.124475
v 10.818695 1.350374 8.127523
v 10.957741 1.313566 8.190355
v 10.957465 1.305471 8.227542
v 10.838017 1.319254 8.229243
v 10.833662 1.326486 8.191121
v 10.689566 1.356100 8.072639
v 10.675902 1.372984 7.999754
v 10.701435 1.343362 8.140462
v 10.718719 1.308736 8.243368
v 10.712954 1.321893 8.207092
v 10.586637 1.337255 8.088311
v 10.584171 1.355154 8.012268
v 10.588757 1.317453 8.155869
v 10.605530 1.279886 8.258615
v 10.600448 1.290403 8.225447
v 10.484862 1.314973 8.110502
v 10.491775 1.350843 8.030195
v 10.477336 1.266355 8.172873
v 10.479864 1.218256 8.290038
v 10.473218 1.225519 8.240943
v 10.374600 1.227651 8.199361
v 10.396075 1.163610 8.355362
v 10.374645 1.181192 8.260232
v 10.631382 1.287721 8.386940
v 10.623015 1.264154 8.321129
v 10.727682 1.289590 8.307260
v 10.731186 1.317102 8.365382
v 10.840096 1.306074 8.288355
v 10.838224 1.328130 8.348516
v 11.094479 1.391035 8.421011
v 11.005808 1.394762 8.430338
v 10.997886 1.344595 8.371623
v 11.045235 1.313264 8.332608
v 11.081354 1.306161 8.207895
v 11.068506 1.308344 8.272814
v 11.001968 1.399133 8.060402
v 11.067229 1.326215 8.135103
v 10.941629 1.449510 7.975546
v 10.791083 1.906698 6.354065
v 10.813095 1.898592 6.431812
v 10.890938 1.805673 6.372581
v 10.854795 1.810041 6.289722
v 10.820723 1.883733 6.511330
v 10.910319 1.797205 6.460440
v 10.816010 1.865472 6.590345
v 10.895494 1.778097 6.547172
v 10.805563 1.846094 6.668561
v 10.862048 1.753709 6.629039
v 10.800687 1.832803 6.748567
v 10.849667 1.743803 6.717741
v 10.797487 1.821504 6.828879
v 10.836681 1.735517 6.807116
v 10.940496 1.678602 6.324448
v 10.884281 1.680799 6.243157
v 10.960611 1.670496 6.418675
v 10.946561 1.660268 6.514627
v 10.903944 1.649099 6.602184
v 10.871504 1.643343 6.693744
v 10.851372 1.641885 6.788978
v 10.937028 1.533296 6.308595
v 10.875614 1.541986 6.230215
v 10.963096 1.529047 6.403188
v 10.952890 1.529859 6.500710
v 10.915409 1.534158 6.592122
v 10.883112 1.540067 6.685291
v 10.860415 1.547601 6.781003
v 10.892138 1.417192 6.326006
v 10.835546 1.438177 6.250855
v 10.923515 1.407861 6.415114
v 10.916214 1.410696 6.509181
v 10.889099 1.419626 6.599354
v 10.860460 1.433488 6.688193
v 10.840460 1.448305 6.778978
v 10.742710 1.867662 6.318107
v 10.784805 1.775549 6.262228
v 10.799275 1.668886 6.217317
v 10.792068 1.555032 6.197212
v 10.766935 1.459756 6.207456
v 10.825481 1.462057 6.870865
v 10.847431 1.555387 6.878000
v 10.847841 1.643049 6.886056
v 10.826899 1.727472 6.896565
v 10.797441 1.810937 6.909331
v 10.809351 1.796529 7.078956
v 10.830038 1.787431 7.248595
v 10.856968 1.720739 7.236650
v 10.831543 1.722620 7.067609
v 10.852457 1.780069 7.418072
v 10.874352 1.716982 7.405953
v 10.879627 1.774019 7.586784
v 10.901165 1.714975 7.573521
v 10.906145 1.764577 7.755205
v 10.941751 1.713445 7.738747
v 10.849916 1.648977 7.228400
v 10.837403 1.645109 7.058397
v 10.869030 1.650926 7.397582
v 10.893116 1.653406 7.565587
v 10.938581 1.652212 7.729133
v 10.832865 1.579565 7.221567
v 10.838743 1.567461 7.050545
v 10.847844 1.587129 7.391655
v 10.871973 1.593336 7.560212
v 10.914784 1.594232 7.725024
v 10.804289 1.509439 7.214713
v 10.808466 1.488878 7.042427
v 10.818661 1.525571 7.386970
v 10.842522 1.544656 7.558071
v 10.879118 1.546182 7.725477
v 10.944660 1.525079 7.883383
v 10.995409 1.581926 7.879452
v 11.006495 1.635667 7.885503
v 10.995339 1.694894 7.899373
v 10.940549 1.759855 7.922875
v 10.965895 1.758180 8.006479
v 10.999216 1.753839 8.118784
v 11.075092 1.669550 8.101102
v 11.031611 1.689439 7.984781
v 11.027220 1.753606 8.232722
v 11.110895 1.660638 8.222551
v 11.044430 1.746564 8.323621
v 11.126081 1.655065 8.319578
v 11.117081 1.589559 8.085234
v 11.053583 1.617063 7.970177
v 11.157345 1.573045 8.209833
v 11.175021 1.563661 8.308131
v 11.121754 1.504114 8.071369
v 11.042089 1.551248 7.965103
v 11.181232 1.471780 8.191094
v 11.198605 1.453214 8.282996
v 11.088390 1.431036 8.059716
v 11.003564 1.492673 7.967934
v 11.163768 1.388181 8.170620
v 11.177801 1.367860 8.250481
v 11.152066 1.374975 8.341761
v 10.263662 1.741441 6.439557
v 10.369503 1.762670 6.430293
v 10.380665 1.682355 6.403942
v 10.274056 1.663572 6.414512
v 10.474084 1.779493 6.407194
v 10.484288 1.700246 6.381975
v 10.563145 1.794633 6.377527
v 10.576532 1.716322 6.348911
v 10.175584 1.646013 6.411689
v 10.284381 1.580015 6.385606
v 10.186775 1.563001 6.384120
v 10.389860 1.597627 6.374996
v 10.493631 1.614641 6.350999
v 10.583712 1.630201 6.319052
v 10.295502 1.497224 6.358019
v 10.201722 1.481260 6.358254
v 10.397763 1.514131 6.345572
v 10.497434 1.530042 6.322067
v 10.586913 1.543031 6.291202
v 10.213822 1.420900 6.342435
v 10.303728 1.437734 6.339613
v 10.314520 1.346273 6.313103
v 10.227608 1.337946 6.322794
v 10.402851 1.456792 6.327228
v 10.411812 1.360044 6.298470
v 10.500477 1.468073 6.302789
v 10.507100 1.375093 6.274871
v 9.971367 1.625784 6.386385
v 10.075645 1.633024 6.401472
v 10.084867 1.545198 6.372450
v 9.978134 1.526735 6.354757
v 10.105064 1.459062 6.347131
v 10.005286 1.430612 6.325499
v 10.057070 1.349489 6.322396
v 10.133075 1.390813 6.335425
v 10.160089 1.329549 6.327371
v 10.119008 1.267297 6.324863
v 10.420528 1.285440 6.283613
v 10.318266 1.271810 6.295676
v 10.518025 1.299474 6.252735
v 10.590542 1.390985 6.256448
v 10.615234 1.324415 6.236390
v 10.768131 1.556451 6.198935
v 10.676094 1.552541 6.250618
v 10.677967 1.646497 6.274149
v 10.774936 1.664907 6.219788
v 10.666618 1.737646 6.308630
v 10.761118 1.766126 6.263192
v 10.646355 1.814340 6.342804
v 10.721586 1.853899 6.315373
v 10.463401 1.866968 6.432502
v 10.356526 1.850805 6.457611
v 10.340905 1.954645 6.474435
v 10.457869 1.963262 6.448341
v 10.247950 1.825563 6.466898
v 10.224266 1.919767 6.483159
v 10.150136 1.800340 6.457529
v 10.116867 1.862177 6.479452
v 10.511909 1.522386 8.592043
v 10.504968 1.447950 8.592883
v 10.583881 1.462026 8.579521
v 10.586493 1.527307 8.587679
v 10.579624 1.397043 8.555630
v 10.499003 1.374200 8.579461
v 10.721609 1.662988 8.543085
v 10.710857 1.730825 8.496381
v 10.625751 1.739084 8.518147
v 10.644508 1.656149 8.560623
v 10.660445 1.538980 8.571311
v 10.661453 1.478227 8.557828
v 10.740669 1.493394 8.536794
v 10.736639 1.551698 8.552738
v 10.660601 1.416368 8.535472
v 10.742498 1.435796 8.511006
v 10.798551 1.675947 8.527633
v 10.793253 1.750162 8.482606
v 10.821445 1.507913 8.520510
v 10.814158 1.565469 8.537144
v 10.828113 1.448774 8.495893
v 10.869913 1.692442 8.504033
v 10.924398 1.697004 8.495955
v 10.954904 1.753667 8.468936
v 10.875107 1.772653 8.455693
v 10.891020 1.580930 8.523165
v 10.902485 1.523412 8.505444
v 10.983988 1.542429 8.490019
v 10.965992 1.602838 8.501926
v 10.912826 1.463098 8.481589
v 10.998823 1.477888 8.472078
v 10.421299 1.336130 8.580646
v 10.428942 1.448053 8.599998
v 10.440183 1.536520 8.592240
v 10.587034 1.478521 6.275792
v 10.165678 1.725420 6.433764
v 10.556791 1.871809 6.399478
v 10.570534 1.950876 6.413579
v 10.645504 1.425279 6.245462
v 10.667244 1.483060 6.244675
v 10.744231 1.465803 6.206565
v 10.697459 1.376138 6.219253
v 10.217167 1.268484 6.310149
v 9.988678 1.719446 6.424955
v 10.073117 1.713949 6.426438
v 10.616782 1.864606 6.367634
v 10.655220 1.911882 6.365438
v 10.025178 1.806837 6.457524
v 10.075766 1.777113 6.446741
v 10.461689 1.617174 8.582247
v 10.520817 1.588796 8.586168
v 10.528243 1.639284 8.572338
v 10.492057 1.687811 8.557810
v 11.067112 1.551797 8.476588
v 11.039042 1.636701 8.486519
v 11.086390 1.482206 8.456902
v 10.730202 1.608686 8.556562
v 10.806217 1.621824 8.540796
v 10.655806 1.598478 8.571685
v 10.486160 1.278036 8.514332
v 10.562515 1.303381 8.490995
v 10.648880 1.333738 8.465481
v 10.739487 1.361662 8.443804
v 10.836273 1.365770 8.430749
v 11.162096 1.461210 8.384142
v 11.146931 1.556249 8.414248
v 11.099720 1.648023 8.423570
v 11.039038 1.727773 8.419349
v 10.965645 1.777818 8.413845
v 10.885740 1.808656 8.417771
v 10.793469 1.789651 8.437916
v 10.699047 1.771959 8.454651
v 10.604548 1.768835 8.475480
v 10.511862 1.756200 8.490956
v 10.438766 1.713338 8.510748
v 10.387812 1.634061 8.531999
v 10.346799 1.537214 8.542402
v 10.323844 1.428373 8.539540
v 10.314912 1.307649 8.509869
v 10.337996 1.206293 8.434308
v 10.533896 1.253675 8.410387
v 10.467351 1.230924 8.449137
v 10.433049 1.177606 8.415309
v 10.510984 1.209909 8.345266
v 10.926040 1.382356 8.426280
v 10.878366 1.636530 8.522790
v 10.944363 1.656984 8.503111
v 10.585194 1.589208 8.584135
v 10.575342 1.646787 8.572180
v 11.003595 1.703401 8.478300
v 10.540714 1.727239 8.531245
v 10.421868 1.221704 8.501826
v 10.937819 1.337083 8.350364
v 10.951625 1.291578 8.283036
v 10.954411 1.289617 8.263553
v 11.056701 1.307993 8.314190
v 11.112832 1.388292 8.408479
v 11.106817 1.479826 8.445200
v 11.087669 1.553537 8.466841
v 11.056664 1.642469 8.475612
v 11.016978 1.713316 8.465034
v 10.961192 1.766256 8.453779
v 10.878414 1.789579 8.441174
v 10.792747 1.767419 8.467175
v 10.707055 1.747339 8.482008
v 10.618931 1.753961 8.503993
v 10.530798 1.741441 8.518092
v 10.476920 1.700197 8.547321
v 10.442268 1.623895 8.574611
v 10.418932 1.538591 8.586287
v 10.407522 1.445993 8.594624
v 10.399819 1.328092 8.573349
v 10.402074 1.212061 8.491185
v 10.420765 1.167608 8.398288
v 10.502239 1.206644 8.326997
v 10.618628 1.264085 8.300811
v 10.725525 1.289217 8.287136
v 10.839917 1.305780 8.267463
vt 0.530689 0.095233
vt 0.530434 0.088370
vt 0.526564 0.088378
vt 0.526702 0.095214
vt 0.530284 0.081584
vt 0.526491 0.081593
vt 0.530251 0.074806
vt 0.526476 0.074809
vt 0.530362 0.067990
vt 0.526577 0.068012
vt 0.522705 0.088433
vt 0.522711 0.095268
vt 0.522707 0.081629
vt 0.522716 0.074835
vt 0.522793 0.068033
vt 0.518885 0.088527
vt 0.518760 0.095383
vt 0.518920 0.081699
vt 0.518943 0.074874
vt 0.518991 0.068033
vt 0.515066 0.088662
vt 0.514812 0.095581
vt 0.515192 0.081786
vt 0.515202 0.074926
vt 0.515187 0.068043
vt 0.531210 0.102107
vt 0.527033 0.102035
vt 0.522830 0.102077
vt 0.518644 0.102243
vt 0.514492 0.102502
vt 0.510914 0.095806
vt 0.510383 0.102824
vt 0.511299 0.088815
vt 0.511504 0.081887
vt 0.511487 0.074997
vt 0.511367 0.068068
vt 0.515283 0.061185
vt 0.511371 0.061181
vt 0.519158 0.061235
vt 0.522948 0.061259
vt 0.526733 0.061243
vt 0.530594 0.061267
vt 0.534138 0.067982
vt 0.534471 0.061314
vt 0.534032 0.074838
vt 0.534087 0.081613
vt 0.534324 0.088399
vt 0.534637 0.095311
vt 0.535306 0.102257
vt 0.530754 0.057802
vt 0.530741 0.053598
vt 0.526836 0.053561
vt 0.526830 0.057836
vt 0.530461 0.049533
vt 0.526580 0.049373
vt 0.530362 0.046465
vt 0.526479 0.046579
vt 0.523046 0.053589
vt 0.523052 0.057898
vt 0.522953 0.049373
vt 0.522912 0.046616
vt 0.519287 0.053599
vt 0.519270 0.057898
vt 0.519323 0.049426
vt 0.519294 0.046755
vt 0.515394 0.053653
vt 0.515375 0.057887
vt 0.515527 0.049655
vt 0.515600 0.046746
vt 0.511417 0.057892
vt 0.511433 0.053607
vt 0.511601 0.049653
vt 0.511780 0.046329
vt 0.534483 0.049539
vt 0.533905 0.046163
vt 0.534797 0.053595
vt 0.534716 0.057808
vt 0.532724 0.122794
vt 0.532575 0.119790
vt 0.527746 0.119541
vt 0.527959 0.122506
vt 0.532548 0.116874
vt 0.527815 0.116635
vt 0.532380 0.113963
vt 0.527712 0.113753
vt 0.532126 0.111038
vt 0.527586 0.110879
vt 0.531828 0.108084
vt 0.527447 0.107961
vt 0.531503 0.105108
vt 0.527245 0.105015
vt 0.523028 0.119588
vt 0.523067 0.122534
vt 0.523164 0.116629
vt 0.523098 0.113754
vt 0.523054 0.110876
vt 0.523008 0.107974
vt 0.522923 0.105047
vt 0.518261 0.119761
vt 0.518064 0.122800
vt 0.518443 0.116813
vt 0.518447 0.113916
vt 0.518517 0.111020
vt 0.518574 0.108119
vt 0.518610 0.105193
vt 0.513430 0.120045
vt 0.513198 0.123108
vt 0.513672 0.117099
vt 0.513823 0.114196
vt 0.514002 0.111297
vt 0.514175 0.108386
vt 0.514337 0.105453
vt 0.578321 0.150619
vt 0.577869 0.152609
vt 0.582641 0.154267
vt 0.582764 0.152375
vt 0.587528 0.155120
vt 0.587406 0.153240
vt 0.592514 0.154977
vt 0.592032 0.153057
vt 0.597363 0.154051
vt 0.596516 0.151990
vt 0.601378 0.151647
vt 0.600024 0.149792
vt 0.508770 0.120714
vt 0.509150 0.123807
vt 0.508846 0.117606
vt 0.509129 0.114549
vt 0.509483 0.111661
vt 0.509822 0.108733
vt 0.510132 0.105785
vt 0.535700 0.105276
vt 0.536195 0.108300
vt 0.536702 0.111320
vt 0.537197 0.114529
vt 0.537537 0.117672
vt 0.537644 0.120380
vt 0.537501 0.123573
vt 0.574489 0.148536
vt 0.573470 0.150280
vt 0.570324 0.125408
vt 0.569818 0.122678
vt 0.564765 0.123463
vt 0.564892 0.126648
vt 0.569578 0.120003
vt 0.564806 0.120443
vt 0.569780 0.117303
vt 0.565178 0.117402
vt 0.570058 0.114488
vt 0.565862 0.114301
vt 0.570794 0.111391
vt 0.566841 0.110998
vt 0.571630 0.107986
vt 0.567932 0.107403
vt 0.559230 0.123497
vt 0.559659 0.126977
vt 0.559423 0.120024
vt 0.560146 0.116707
vt 0.561458 0.113323
vt 0.562917 0.109886
vt 0.564327 0.106333
vt 0.552667 0.122966
vt 0.552874 0.126428
vt 0.552822 0.119527
vt 0.554118 0.115735
vt 0.556859 0.112108
vt 0.559128 0.108637
vt 0.560815 0.105203
vt 0.549790 0.126428
vt 0.549582 0.122966
vt 0.543034 0.121738
vt 0.542983 0.125029
vt 0.548896 0.119527
vt 0.542796 0.118547
vt 0.547949 0.116016
vt 0.542156 0.115312
vt 0.545837 0.112355
vt 0.541167 0.112023
vt 0.543973 0.108842
vt 0.540145 0.108719
vt 0.542535 0.105364
vt 0.539241 0.105396
vt 0.573750 0.131177
vt 0.570550 0.129204
vt 0.569118 0.133812
vt 0.572326 0.134480
vt 0.568537 0.138571
vt 0.571589 0.138158
vt 0.568764 0.143352
vt 0.571624 0.141926
vt 0.570721 0.147316
vt 0.572601 0.145454
vt 0.538515 0.102057
vt 0.541627 0.101821
vt 0.562536 0.101695
vt 0.565602 0.102633
vt 0.568953 0.103570
vt 0.572404 0.104306
vt 0.575325 0.108618
vt 0.576042 0.105133
vt 0.574682 0.111826
vt 0.574063 0.114687
vt 0.573685 0.117196
vt 0.573695 0.119537
vt 0.573968 0.121956
vt 0.574278 0.124654
vt 0.576216 0.127749
vt 0.573691 0.097435
vt 0.574775 0.090317
vt 0.571738 0.089638
vt 0.570607 0.096696
vt 0.575321 0.083035
vt 0.572439 0.082511
vt 0.575757 0.075692
vt 0.572758 0.075301
vt 0.575898 0.068249
vt 0.572606 0.067980
vt 0.568669 0.088984
vt 0.567490 0.095883
vt 0.569382 0.082050
vt 0.569744 0.075034
vt 0.569679 0.067924
vt 0.565664 0.088403
vt 0.564491 0.095065
vt 0.566338 0.081672
vt 0.566802 0.074857
vt 0.566852 0.068004
vt 0.540502 0.095153
vt 0.540354 0.088485
vt 0.537396 0.088429
vt 0.537668 0.095245
vt 0.540210 0.081772
vt 0.537201 0.081671
vt 0.540031 0.074950
vt 0.537092 0.074876
vt 0.540168 0.068098
vt 0.537245 0.068013
vt 0.537773 0.061236
vt 0.540996 0.061209
vt 0.565996 0.061096
vt 0.568803 0.060725
vt 0.571881 0.060567
vt 0.574968 0.060681
vt 0.578928 0.068537
vt 0.578264 0.060885
vt 0.579135 0.076183
vt 0.578799 0.083724
vt 0.578100 0.091092
vt 0.577130 0.098288
vt 0.574649 0.056624
vt 0.574389 0.051922
vt 0.570754 0.051722
vt 0.571436 0.056675
vt 0.574327 0.047926
vt 0.570722 0.047255
vt 0.574104 0.045566
vt 0.570791 0.044427
vt 0.567491 0.052196
vt 0.568286 0.057067
vt 0.567223 0.047467
vt 0.567182 0.044122
vt 0.564214 0.052980
vt 0.565202 0.057656
vt 0.563169 0.048127
vt 0.562716 0.043892
vt 0.541688 0.057786
vt 0.542560 0.053130
vt 0.538735 0.053325
vt 0.538242 0.057751
vt 0.543479 0.048299
vt 0.538696 0.048881
vt 0.543281 0.044322
vt 0.538415 0.045158
vt 0.577724 0.056602
vt 0.577121 0.052224
vt 0.596279 0.125755
vt 0.596662 0.123031
vt 0.592327 0.122942
vt 0.592169 0.125675
vt 0.596812 0.120452
vt 0.592191 0.120237
vt 0.596614 0.117850
vt 0.591852 0.117456
vt 0.596557 0.115091
vt 0.592013 0.114654
vt 0.596513 0.112139
vt 0.592190 0.111707
vt 0.596356 0.108943
vt 0.592182 0.108561
vt 0.587698 0.122449
vt 0.587990 0.125316
vt 0.587213 0.119623
vt 0.586844 0.116823
vt 0.587314 0.114043
vt 0.587795 0.111193
vt 0.587949 0.108189
vt 0.582930 0.122369
vt 0.583633 0.125210
vt 0.582196 0.119668
vt 0.581890 0.117050
vt 0.582621 0.114254
vt 0.583366 0.111287
vt 0.583707 0.108189
vt 0.578378 0.122222
vt 0.579251 0.125067
vt 0.577791 0.119669
vt 0.577643 0.117168
vt 0.578246 0.114649
vt 0.578993 0.111740
vt 0.579480 0.108455
vt 0.595509 0.128260
vt 0.591849 0.128051
vt 0.588080 0.127768
vt 0.584164 0.127730
vt 0.580282 0.127781
vt 0.580131 0.104892
vt 0.584202 0.104925
vt 0.588243 0.105055
vt 0.592264 0.105274
vt 0.596225 0.105546
vt 0.600480 0.109255
vt 0.600115 0.105931
vt 0.600816 0.112372
vt 0.601054 0.115265
vt 0.601238 0.117912
vt 0.601266 0.120634
vt 0.601133 0.123471
vt 0.601120 0.126407
vt 0.599276 0.129253
vt 0.595849 0.098715
vt 0.595567 0.091547
vt 0.592079 0.091377
vt 0.592125 0.098509
vt 0.595627 0.084185
vt 0.592288 0.084061
vt 0.595949 0.076672
vt 0.592582 0.076589
vt 0.596597 0.069018
vt 0.593032 0.068971
vt 0.588590 0.091246
vt 0.588395 0.098331
vt 0.588915 0.083963
vt 0.589200 0.076491
vt 0.589450 0.068891
vt 0.585097 0.091152
vt 0.584664 0.098219
vt 0.585535 0.083864
vt 0.585816 0.076381
vt 0.585883 0.068795
vt 0.581597 0.091082
vt 0.580907 0.098182
vt 0.582161 0.083777
vt 0.582461 0.076278
vt 0.582367 0.068664
vt 0.582001 0.061078
vt 0.585800 0.061250
vt 0.589635 0.061359
vt 0.593509 0.061413
vt 0.597429 0.061432
vt 0.600179 0.069036
vt 0.601377 0.061399
vt 0.599285 0.076759
vt 0.598935 0.084325
vt 0.599043 0.091750
vt 0.599491 0.099017
vt 0.597885 0.057490
vt 0.598197 0.053665
vt 0.593945 0.054374
vt 0.593756 0.057781
vt 0.598519 0.050464
vt 0.594105 0.051617
vt 0.598291 0.047790
vt 0.597882 0.046425
vt 0.593609 0.047613
vt 0.593881 0.049014
vt 0.589566 0.054682
vt 0.589686 0.057824
vt 0.589426 0.051911
vt 0.589046 0.047777
vt 0.589201 0.049218
vt 0.585208 0.054427
vt 0.585638 0.057680
vt 0.584827 0.051637
vt 0.584630 0.047545
vt 0.584711 0.048807
vt 0.581023 0.053584
vt 0.581647 0.057244
vt 0.580357 0.050591
vt 0.579798 0.046105
vt 0.579790 0.047803
vt 0.576902 0.049136
vt 0.576470 0.043810
vt 0.576690 0.046860
vt 0.526376 0.021469
vt 0.525959 0.019146
vt 0.521573 0.020055
vt 0.521987 0.022238
vt 0.516815 0.020464
vt 0.517403 0.022576
vt 0.507356 0.026659
vt 0.510919 0.027017
vt 0.510979 0.023947
vt 0.508851 0.021995
vt 0.602109 0.046365
vt 0.601457 0.044182
vt 0.602090 0.052646
vt 0.602396 0.048711
vt 0.601762 0.057059
vt 0.503910 0.124867
vt 0.503617 0.121617
vt 0.497388 0.122707
vt 0.498422 0.126230
vt 0.503795 0.118406
vt 0.497718 0.119081
vt 0.504444 0.115263
vt 0.499216 0.115671
vt 0.505280 0.112133
vt 0.501082 0.112548
vt 0.506080 0.108945
vt 0.502422 0.109104
vt 0.506766 0.105731
vt 0.503421 0.105649
vt 0.620514 0.128004
vt 0.621335 0.124386
vt 0.615494 0.124735
vt 0.615677 0.127972
vt 0.620992 0.120273
vt 0.615131 0.121479
vt 0.619713 0.116621
vt 0.614390 0.118160
vt 0.616701 0.113439
vt 0.613126 0.114807
vt 0.615057 0.109962
vt 0.611797 0.111265
vt 0.613869 0.106473
vt 0.610683 0.107562
vt 0.610161 0.124586
vt 0.609943 0.127599
vt 0.610057 0.121614
vt 0.609674 0.118583
vt 0.608975 0.115396
vt 0.608119 0.111961
vt 0.607311 0.108308
vt 0.605839 0.124027
vt 0.605633 0.127161
vt 0.605785 0.121140
vt 0.605414 0.118290
vt 0.604794 0.115337
vt 0.604177 0.112189
vt 0.603611 0.108817
vt 0.602602 0.147110
vt 0.604457 0.148939
vt 0.606682 0.145163
vt 0.603962 0.143587
vt 0.607398 0.140286
vt 0.604118 0.139716
vt 0.606494 0.135151
vt 0.603291 0.135893
vt 0.604426 0.131400
vt 0.601802 0.132760
vt 0.603070 0.105259
vt 0.606605 0.104506
vt 0.609774 0.103760
vt 0.612774 0.102909
vt 0.504358 0.102170
vt 0.507333 0.102486
vt 0.508166 0.095609
vt 0.508754 0.088719
vt 0.506276 0.088621
vt 0.505506 0.095420
vt 0.509122 0.081869
vt 0.506801 0.081857
vt 0.509134 0.075034
vt 0.506855 0.075104
vt 0.508797 0.068197
vt 0.506237 0.068350
vt 0.611494 0.096133
vt 0.610682 0.089387
vt 0.607842 0.089972
vt 0.608572 0.096868
vt 0.610220 0.082611
vt 0.607538 0.083025
vt 0.610375 0.075860
vt 0.607788 0.076052
vt 0.611414 0.069123
vt 0.608800 0.069028
vt 0.604969 0.090552
vt 0.605616 0.097583
vt 0.604767 0.083439
vt 0.605056 0.076271
vt 0.606025 0.068998
vt 0.601885 0.091170
vt 0.602350 0.098337
vt 0.601922 0.083862
vt 0.602586 0.076468
vt 0.603315 0.069005
vt 0.604428 0.061530
vt 0.607936 0.061682
vt 0.610448 0.061976
vt 0.613168 0.062376
vt 0.505075 0.061571
vt 0.508536 0.061351
vt 0.508148 0.057905
vt 0.507743 0.053319
vt 0.503039 0.052955
vt 0.504062 0.057940
vt 0.507688 0.048871
vt 0.502351 0.047897
vt 0.507880 0.045432
vt 0.502427 0.043961
vt 0.614621 0.058772
vt 0.616132 0.053815
vt 0.612065 0.052810
vt 0.611252 0.057952
vt 0.617205 0.048776
vt 0.612569 0.048084
vt 0.617239 0.044839
vt 0.612205 0.044618
vt 0.608541 0.052136
vt 0.608247 0.057393
vt 0.608556 0.047670
vt 0.608050 0.044827
vt 0.605433 0.051936
vt 0.605124 0.057033
vt 0.605756 0.047642
vt 0.605440 0.045348
vt 0.604940 0.042632
vt 0.583670 0.145184
vt 0.587661 0.145565
vt 0.587805 0.142681
vt 0.583803 0.142392
vt 0.591664 0.145667
vt 0.591753 0.142833
vt 0.595176 0.145685
vt 0.595399 0.142849
vt 0.580131 0.142013
vt 0.583925 0.139377
vt 0.580280 0.139016
vt 0.587880 0.139640
vt 0.591838 0.139746
vt 0.595384 0.139763
vt 0.584079 0.136392
vt 0.580563 0.136050
vt 0.587929 0.136627
vt 0.591732 0.136716
vt 0.595229 0.136651
vt 0.580812 0.133875
vt 0.584201 0.134255
vt 0.584341 0.131015
vt 0.581087 0.130934
vt 0.587946 0.134576
vt 0.587998 0.131152
vt 0.591653 0.134521
vt 0.591606 0.131283
vt 0.572552 0.141706
vt 0.576414 0.141756
vt 0.576473 0.138589
vt 0.572510 0.138144
vt 0.576913 0.135448
vt 0.573174 0.134649
vt 0.574626 0.131633
vt 0.577691 0.132959
vt 0.578516 0.130738
vt 0.576782 0.128529
vt 0.588081 0.128572
vt 0.584266 0.128494
vt 0.591773 0.128770
vt 0.594732 0.131368
vt 0.595301 0.129004
vt 0.602491 0.136011
vt 0.598795 0.136428
vt 0.599227 0.139698
vt 0.603254 0.139641
vt 0.599102 0.142981
vt 0.603069 0.143304
vt 0.598584 0.145810
vt 0.601792 0.146652
vt 0.591612 0.148785
vt 0.587492 0.148712
vt 0.587373 0.152360
vt 0.591897 0.152134
vt 0.583368 0.148200
vt 0.582857 0.151483
vt 0.579660 0.147493
vt 0.578607 0.149775
vt 0.533026 0.033852
vt 0.533689 0.030848
vt 0.530102 0.031170
vt 0.529687 0.033668
vt 0.530311 0.028499
vt 0.534042 0.027929
vt 0.523125 0.038227
vt 0.522936 0.041232
vt 0.526389 0.041466
vt 0.526359 0.038157
vt 0.526432 0.033802
vt 0.526544 0.031467
vt 0.522930 0.031761
vt 0.523024 0.034036
vt 0.526605 0.028989
vt 0.522796 0.029367
vt 0.519851 0.038503
vt 0.519517 0.041575
vt 0.519280 0.032160
vt 0.519563 0.034398
vt 0.518941 0.029756
vt 0.516752 0.039107
vt 0.514468 0.039244
vt 0.513160 0.041311
vt 0.516132 0.042356
vt 0.516170 0.034922
vt 0.515610 0.032684
vt 0.511837 0.033470
vt 0.512664 0.035797
vt 0.515099 0.030193
vt 0.511238 0.030768
vt 0.537369 0.026395
vt 0.537244 0.030951
vt 0.536499 0.034936
vt 0.594980 0.134388
vt 0.580005 0.144820
vt 0.595274 0.148417
vt 0.596185 0.151123
vt 0.596973 0.132159
vt 0.598098 0.134072
vt 0.601045 0.133064
vt 0.598748 0.129987
vt 0.580546 0.128581
vt 0.573458 0.145018
vt 0.576558 0.144600
vt 0.597675 0.147727
vt 0.599393 0.149122
vt 0.575079 0.147920
vt 0.576846 0.146785
vt 0.534087 0.038128
vt 0.531995 0.036410
vt 0.531109 0.038272
vt 0.531892 0.040339
vt 0.507823 0.034228
vt 0.509100 0.037319
vt 0.507240 0.030709
vt 0.523099 0.036167
vt 0.519779 0.036489
vt 0.526312 0.036011
vt 0.534005 0.023318
vt 0.530556 0.024076
vt 0.526561 0.024871
vt 0.522407 0.025562
vt 0.518170 0.025822
vt 0.607581 0.041531
vt 0.611122 0.040674
vt 0.616009 0.040072
vt 0.504529 0.040037
vt 0.509007 0.041931
vt 0.512357 0.043307
vt 0.515490 0.044062
vt 0.519115 0.043689
vt 0.522975 0.043478
vt 0.526752 0.043412
vt 0.530250 0.043374
vt 0.533351 0.042693
vt 0.536852 0.041197
vt 0.541741 0.040000
vt 0.563960 0.038450
vt 0.568007 0.039602
vt 0.571099 0.040615
vt 0.573774 0.042077
vt 0.530611 0.020312
vt 0.533738 0.020049
vt 0.534608 0.017365
vt 0.530753 0.017366
vt 0.514289 0.026388
vt 0.516626 0.036973
vt 0.513655 0.037789
vt 0.529296 0.035991
vt 0.529189 0.038151
vt 0.511084 0.039704
vt 0.529645 0.041482
vt 0.536565 0.020729
vt 0.513316 0.023037
vt 0.512269 0.020083
vt 0.597387 0.044998
vt 0.601002 0.042532
vt 0.604285 0.040230
vt 0.606889 0.038538
vt 0.610140 0.037809
vt 0.614344 0.037141
vt 0.508010 0.037675
vt 0.510465 0.040280
vt 0.512869 0.041954
vt 0.515903 0.043043
vt 0.519386 0.042376
vt 0.522932 0.042061
vt 0.526478 0.042212
vt 0.529824 0.042200
vt 0.532235 0.041042
vt 0.534755 0.038764
vt 0.537725 0.035288
vt 0.565350 0.035005
vt 0.568973 0.036348
vt 0.571840 0.037554
vt 0.573704 0.039189
vt 0.576596 0.042112
vt 0.580186 0.044695
vt 0.584667 0.045931
vt 0.588828 0.046009
vt 0.593258 0.046221
vt 0.538316 0.030814
vt 0.538332 0.025914
vt 0.537293 0.019900
vt 0.534646 0.016414
vt 0.530794 0.016631
vt 0.516642 0.019821
vt 0.512028 0.019339
vt 0.508260 0.021221
vt 0.521411 0.019375
vt 0.525844 0.018500
vt 0.506590 0.026228
vt 0.506205 0.030298
vt 0.506650 0.034539
vn -0.636506 0.750604 0.177352
vn -0.593903 0.789723 0.153679
vn -0.332007 0.929815 0.158797
vn -0.374185 0.915199 0.149652
vn -0.523042 0.831620 0.186641
vn -0.291310 0.938836 0.183647
vn -0.472237 0.855708 0.211558
vn -0.271181 0.941527 0.199969
vn -0.432287 0.878189 0.204725
vn -0.249107 0.945862 0.208064
vn -0.061182 0.989261 0.132740
vn -0.079110 0.990514 0.112350
vn -0.054711 0.986699 0.153074
vn -0.060679 0.983933 0.167913
vn -0.076950 0.979397 0.186712
vn 0.228624 0.970504 0.076503
vn 0.231297 0.970867 0.062600
vn 0.207281 0.973455 0.097053
vn 0.177978 0.977304 0.114897
vn 0.115600 0.985497 0.124227
vn 0.502827 0.864357 0.007252
vn 0.503628 0.863715 0.018858
vn 0.473098 0.880773 0.020398
vn 0.429294 0.902186 0.042036
vn 0.351420 0.935800 0.027973
vn -0.633647 0.741446 0.220793
vn -0.392248 0.904815 0.165683
vn -0.095703 0.988975 0.113007
vn 0.214357 0.974153 0.071257
vn 0.478251 0.876402 0.056533
vn 0.714143 0.699870 -0.013500
vn 0.708479 0.704125 0.047607
vn 0.708815 0.703850 -0.046654
vn 0.688926 0.722990 -0.051635
vn 0.649467 0.759589 -0.034890
vn 0.596309 0.800505 -0.060065
vn 0.247201 0.968291 0.036124
vn 0.545147 0.833865 -0.086514
vn 0.027702 0.989147 0.144296
vn -0.098435 0.974940 0.199507
vn -0.209350 0.957156 0.200063
vn -0.385409 0.906114 0.174406
vn -0.671423 0.713471 0.200375
vn -0.650772 0.742862 0.157008
vn -0.704646 0.677552 0.210705
vn -0.756923 0.630659 0.171284
vn -0.808662 0.572497 0.135326
vn -0.819651 0.535416 0.203723
vn -0.798744 0.534855 0.275568
vn -0.348072 0.927544 0.136047
vn -0.309287 0.946170 0.095412
vn -0.092698 0.987449 0.127871
vn -0.163588 0.973769 0.158156
vn -0.248549 0.959638 0.131597
vn -0.015114 0.989678 0.142507
vn -0.227944 0.955154 0.189004
vn -0.011439 0.992954 0.117950
vn -0.087449 0.980986 0.173262
vn -0.101001 0.977445 0.185472
vn -0.088286 0.980676 0.174584
vn -0.099681 0.987934 0.118531
vn -0.133611 0.981178 0.139421
vn -0.045093 0.986336 0.158457
vn -0.212984 0.963223 0.163826
vn -0.220093 0.960752 0.168862
vn 0.043588 0.998964 0.013062
vn 0.152279 0.986754 0.055931
vn -0.031668 0.996530 0.076979
vn -0.009847 0.980218 0.197674
vn 0.492258 0.866640 -0.081346
vn 0.443281 0.888295 -0.120140
vn 0.433227 0.899712 -0.053223
vn 0.437066 0.887020 0.148893
vn -0.629035 0.763211 0.147729
vn -0.589899 0.764666 0.259434
vn -0.644401 0.755389 0.118887
vn -0.640109 0.755563 0.139230
vn -0.444841 0.755407 -0.481120
vn -0.566716 0.823904 -0.003993
vn -0.434833 0.892510 -0.119777
vn -0.358353 0.725557 -0.587494
vn -0.574549 0.760187 0.303331
vn -0.407252 0.877538 0.253128
vn -0.576394 0.719546 0.387329
vn -0.389141 0.856562 0.338926
vn -0.600286 0.727542 0.332175
vn -0.398804 0.869047 0.292768
vn -0.619049 0.740911 0.260442
vn -0.400382 0.886699 0.231215
vn -0.625036 0.745058 0.232849
vn -0.395825 0.898802 0.188357
vn -0.190006 0.966425 -0.172977
vn -0.240165 0.722613 -0.648191
vn -0.108752 0.969956 0.217618
vn -0.095803 0.957934 0.270526
vn -0.103993 0.964650 0.242147
vn -0.103968 0.974569 0.198510
vn -0.103058 0.984850 0.139464
vn 0.061449 0.990589 -0.122300
vn -0.116967 0.766845 -0.631084
vn 0.161265 0.967286 0.195835
vn 0.180606 0.958055 0.222514
vn 0.193324 0.960116 0.201998
vn 0.196470 0.968357 0.153898
vn 0.197349 0.975422 0.098012
vn 0.307776 0.949985 -0.052928
vn 0.049230 0.815594 -0.576526
vn 0.394542 0.899934 0.185621
vn 0.414776 0.887105 0.202500
vn 0.428093 0.884907 0.183510
vn 0.433660 0.892673 0.122777
vn 0.447726 0.890404 0.081984
vn -0.250312 0.559559 -0.790087
vn -0.240803 0.492017 -0.836620
vn -0.222916 0.459137 -0.859943
vn -0.212227 0.456981 -0.863787
vn -0.183316 0.506097 -0.842770
vn 0.244336 0.813221 -0.528178
vn -0.132257 0.561989 -0.816503
vn 0.552560 0.832697 -0.035958
vn 0.612195 0.774557 0.158990
vn 0.628262 0.752158 0.198858
vn 0.649248 0.739288 0.178690
vn 0.665430 0.737759 0.113640
vn 0.687714 0.721423 0.081230
vn -0.782219 0.551872 0.289085
vn -0.758303 0.567857 0.320179
vn -0.719637 0.572590 0.392763
vn -0.681531 0.576789 0.450365
vn -0.686856 0.629115 0.363926
vn -0.699448 0.710640 0.075910
vn -0.563743 0.709449 -0.422938
vn -0.298969 0.558192 -0.773976
vn -0.585102 -0.492098 -0.644589
vn -0.762874 -0.579598 -0.286513
vn -0.916510 -0.351977 -0.190056
vn -0.714682 -0.244417 -0.655355
vn -0.825592 -0.563731 0.024613
vn -0.938550 -0.323807 0.119467
vn -0.755945 -0.524781 0.391347
vn -0.876951 -0.283278 0.388214
vn -0.618558 -0.502787 0.603814
vn -0.773600 -0.282565 0.567186
vn -0.589090 -0.532562 0.607742
vn -0.733631 -0.319242 0.599891
vn -0.604655 -0.565815 0.560577
vn -0.755325 -0.362380 0.546045
vn -0.992103 -0.077753 -0.098419
vn -0.774055 0.055758 -0.630658
vn -0.968446 -0.080557 0.235845
vn -0.902465 -0.039632 0.428937
vn -0.848953 -0.028840 0.527681
vn -0.833253 -0.060237 0.549601
vn -0.859227 -0.092751 0.503117
vn -0.975457 0.219761 -0.013753
vn -0.739457 0.324419 -0.589878
vn -0.925903 0.165790 0.339437
vn -0.858996 0.164391 0.484873
vn -0.847170 0.173775 0.502101
vn -0.858849 0.152178 0.489103
vn -0.887123 0.115828 0.446762
vn -0.852190 0.519125 0.065428
vn -0.667486 0.571297 -0.477579
vn -0.820340 0.424964 0.382686
vn -0.782895 0.379548 0.492969
vn -0.802628 0.383023 0.457254
vn -0.837488 0.364462 0.407163
vn -0.872116 0.322041 0.368380
vn -0.305675 -0.257844 -0.916558
vn -0.333329 -0.016373 -0.942668
vn -0.341516 0.206975 -0.916803
vn -0.304297 0.346723 -0.887235
vn -0.321002 0.473384 -0.820284
vn -0.899046 0.292694 0.325648
vn -0.923558 0.076815 0.375686
vn -0.893059 -0.133703 0.429614
vn -0.782543 -0.406427 0.471639
vn -0.629827 -0.606481 0.485283
vn -0.351150 -0.765919 0.538574
vn -0.388254 -0.797569 0.461674
vn -0.347931 -0.718058 0.602774
vn -0.381898 -0.655730 0.651285
vn -0.532817 -0.740413 0.409749
vn -0.600677 -0.797002 -0.063047
vn -0.521496 -0.754713 -0.398058
vn -0.386625 -0.633467 -0.670254
vn -0.240589 -0.377660 -0.894142
vn -0.679565 -0.638712 0.360887
vn -0.706252 -0.660986 0.253585
vn -0.816624 -0.529602 0.229447
vn -0.813471 -0.457994 0.358477
vn -0.682343 -0.715525 0.149772
vn -0.783965 -0.610849 0.110733
vn -0.622672 -0.782006 0.027303
vn -0.771179 -0.636059 0.026698
vn -0.581549 -0.809546 -0.080230
vn -0.813208 -0.580995 -0.033732
vn -0.926387 -0.330723 0.180079
vn -0.922794 -0.217472 0.318051
vn -0.914515 -0.391277 0.102781
vn -0.938227 -0.333564 0.092006
vn -0.976444 -0.208045 0.057216
vn -0.990061 -0.016290 0.139691
vn -0.963664 0.027186 0.265729
vn -0.991751 -0.013073 0.127512
vn -0.985506 0.045112 0.163535
vn -0.982751 0.132130 0.129392
vn -0.941833 0.311358 0.126519
vn -0.929225 0.289081 0.230160
vn -0.924048 0.351393 0.150529
vn -0.898848 0.391331 0.197313
vn -0.875730 0.448601 0.178478
vn -0.849212 0.511889 0.129652
vn -0.975261 0.208293 0.074023
vn -0.993732 -0.111764 0.002483
vn -0.862388 -0.495768 -0.102478
vn -0.587706 -0.787448 -0.185817
vn -0.407653 -0.910582 -0.068261
vn -0.348455 -0.917158 -0.193393
vn -0.475707 -0.877554 0.060013
vn -0.514106 -0.841258 0.167269
vn -0.507952 -0.828431 0.235980
vn -0.460533 -0.825459 0.326385
vn -0.623819 -0.694364 -0.358759
vn -0.674304 -0.542730 -0.500757
vn -0.927872 -0.245641 -0.280562
vn -0.896083 -0.387614 -0.216314
vn -0.741951 -0.557633 -0.372228
vn -0.972354 -0.212246 -0.097364
vn -0.735804 -0.676667 -0.026719
vn -0.930392 -0.275457 0.241854
vn -0.994617 0.085976 -0.057837
vn -0.998230 -0.025008 -0.053968
vn -0.985087 0.145032 0.092571
vn -0.930516 0.110111 0.349307
vn -0.941168 0.329843 0.073534
vn -0.962240 0.265507 0.059999
vn -0.921666 0.359105 0.146885
vn -0.883125 0.323243 0.340006
vn -0.828122 0.544542 0.132998
vn -0.831932 0.539977 0.127723
vn -0.822442 0.547298 0.155091
vn -0.791245 0.531269 0.302796
vn -0.309731 -0.862328 -0.400570
vn -0.284308 -0.737083 -0.613088
vn 0.245138 -0.650710 -0.718668
vn 0.353259 -0.826051 -0.439144
vn 0.049131 -0.945287 -0.322520
vn -0.042203 -0.756894 -0.652173
vn 0.398370 -0.915910 -0.049100
vn 0.124021 -0.991902 0.027386
vn 0.398989 -0.882477 0.249082
vn 0.150832 -0.943510 0.295022
vn 0.397116 -0.840991 0.367469
vn 0.131280 -0.904839 0.405009
vn 0.404244 -0.832717 0.378378
vn 0.119606 -0.921819 0.368706
vn 0.428678 -0.853393 0.296572
vn 0.152544 -0.956746 0.247725
vn 0.050956 -0.945854 -0.320569
vn -0.050105 -0.791803 -0.608718
vn 0.165306 -0.986241 0.001900
vn 0.230578 -0.922159 0.310574
vn 0.209539 -0.874399 0.437630
vn 0.156120 -0.922485 0.353056
vn 0.121102 -0.972668 0.198121
vn 0.151474 -0.903517 -0.400891
vn 0.043845 -0.753411 -0.656087
vn 0.258880 -0.961348 -0.093760
vn 0.342285 -0.899746 0.270735
vn 0.343945 -0.818662 0.459885
vn 0.289275 -0.880337 0.375935
vn 0.198386 -0.951014 0.237099
vn -0.113558 -0.884079 -0.453332
vn -0.118327 -0.720078 -0.683730
vn -0.095536 -0.985968 -0.136897
vn -0.012457 -0.939448 0.342465
vn 0.073325 -0.801993 0.592817
vn 0.085962 -0.860518 0.502114
vn 0.041089 -0.919346 0.391298
vn 0.047002 -0.387074 -0.920850
vn -0.143936 -0.422887 -0.894678
vn -0.137506 -0.472927 -0.870306
vn -0.057981 -0.451171 -0.890552
vn -0.133093 -0.429844 -0.893040
vn -0.056326 -0.942090 0.330595
vn 0.098197 -0.975308 0.197820
vn 0.121393 -0.980792 0.152683
vn 0.222560 -0.957457 0.183696
vn 0.470611 -0.854325 0.220578
vn 0.756772 -0.590637 0.280080
vn 0.758841 -0.614724 0.215115
vn 0.752475 -0.560850 0.345295
vn 0.750686 -0.565015 0.342386
vn 0.761534 -0.610867 0.216581
vn 0.741160 -0.656121 -0.142078
vn 0.601140 -0.602184 -0.525362
vn 0.443377 -0.518952 -0.730825
vn 0.181730 -0.345676 -0.920588
vn 0.520797 -0.839603 0.154392
vn 0.557253 -0.827745 0.065625
vn 0.338995 -0.937621 0.077130
vn 0.294076 -0.944884 0.143925
vn 0.576763 -0.816453 0.027382
vn 0.365927 -0.929179 0.052200
vn 0.577673 -0.816227 -0.008151
vn 0.380952 -0.924183 0.027589
vn 0.526866 -0.840976 -0.123171
vn 0.360774 -0.930666 -0.060855
vn 0.151857 -0.984209 0.090956
vn 0.138431 -0.980905 0.136607
vn 0.159612 -0.984180 0.076907
vn 0.170116 -0.983945 0.053969
vn 0.182748 -0.982784 -0.027166
vn -0.037706 -0.991408 0.125251
vn 0.014812 -0.986026 0.165933
vn -0.057991 -0.992285 0.109580
vn -0.045476 -0.996503 0.070099
vn -0.003591 -0.999711 -0.023780
vn -0.244501 -0.953112 0.178319
vn -0.168222 -0.956344 0.238971
vn -0.277292 -0.950025 0.143397
vn -0.262245 -0.962164 0.073943
vn -0.200358 -0.978839 -0.041616
vn -0.120086 -0.981544 -0.148832
vn 0.047596 -0.992908 -0.108941
vn 0.186721 -0.976792 -0.104939
vn 0.297569 -0.941697 -0.157030
vn 0.409241 -0.873131 -0.264884
vn 0.666267 -0.717887 -0.201808
vn 0.522976 -0.758254 -0.389290
vn 0.742201 -0.667541 -0.059384
vn 0.771426 -0.636258 -0.008872
vn 0.776015 -0.629055 0.045711
vn 0.766687 -0.625511 0.144661
vn 0.252017 -0.881802 -0.398638
vn 0.087590 -0.854756 -0.511586
vn 0.087888 -0.933438 -0.347805
vn 0.202598 -0.945106 -0.256376
vn -0.030846 -0.894865 -0.445270
vn -0.006197 -0.934800 -0.355121
vn -0.063429 -0.971302 -0.229236
vn -0.016809 -0.979760 -0.199469
vn -0.039267 -0.952206 -0.302924
vn -0.041826 -0.957578 -0.285122
vn 0.137048 -0.955424 -0.261502
vn 0.170018 -0.967351 -0.187955
vn 0.107816 -0.945598 -0.306953
vn 0.110656 -0.929979 -0.350562
vn 0.102352 -0.939795 -0.326050
vn 0.147778 -0.937136 -0.316130
vn 0.088859 -0.974216 -0.207382
vn 0.227971 -0.899405 -0.372960
vn 0.269527 -0.892965 -0.360511
vn 0.281366 -0.894623 -0.347108
vn 0.069236 -0.865843 -0.495503
vn -0.036407 -0.951049 -0.306890
vn 0.205942 -0.822371 -0.530371
vn 0.349158 -0.889513 -0.294712
vn 0.337711 -0.866863 -0.366742
vn -0.250087 -0.763098 -0.595935
vn -0.043509 -0.998067 -0.044380
vn -0.163880 -0.933434 -0.319130
vn 0.368362 -0.852429 0.371046
vn 0.353915 -0.923604 0.147307
vn 0.216342 -0.959900 0.178289
vn 0.239470 -0.884874 0.399566
vn 0.044603 -0.971752 0.231751
vn 0.104313 -0.890975 0.441907
vn 0.252295 -0.593102 0.764576
vn 0.072791 -0.633745 0.770109
vn -0.016154 -0.805076 0.592951
vn 0.087983 -0.864726 0.494477
vn 0.280597 -0.950227 -0.135402
vn 0.300184 -0.951269 0.070553
vn 0.246019 -0.717959 -0.651160
vn 0.271617 -0.808182 -0.522557
vn 0.343146 -0.760855 -0.550773
vn 0.389041 0.746549 -0.539733
vn 0.689151 0.720398 -0.078088
vn 0.803742 0.556677 -0.210023
vn 0.499670 0.564834 -0.656729
vn 0.732180 0.670956 0.117181
vn 0.849890 0.523119 0.063510
vn 0.769386 0.591286 0.241715
vn 0.855208 0.416353 0.308657
vn 0.815697 0.538165 0.212175
vn 0.886506 0.350205 0.302429
vn 0.845285 0.519741 0.123948
vn 0.932226 0.312696 0.182144
vn 0.869897 0.484265 0.093631
vn 0.953116 0.276790 0.122300
vn 0.902111 0.224527 -0.368488
vn 0.577604 0.249846 -0.777143
vn 0.979598 0.200144 -0.018195
vn 0.941504 0.156008 0.298718
vn 0.921504 0.143823 0.360757
vn 0.960136 0.132485 0.246145
vn 0.983696 0.113144 0.139788
vn 0.874034 -0.176800 -0.452556
vn 0.585736 -0.134922 -0.799193
vn 0.984118 -0.156813 -0.083201
vn 0.961491 -0.120530 0.246998
vn 0.931184 -0.079495 0.355778
vn 0.957601 -0.058121 0.282173
vn 0.981192 -0.073100 0.178659
vn 0.755928 -0.422647 -0.499943
vn 0.539855 -0.384240 -0.748943
vn 0.909789 -0.391520 -0.137831
vn 0.922798 -0.326292 0.204882
vn 0.900931 -0.283677 0.328407
vn 0.911094 -0.283509 0.299215
vn 0.924085 -0.307768 0.226595
vn -0.076161 0.545868 -0.834403
vn -0.020463 0.447952 -0.893824
vn 0.067140 0.267782 -0.961137
vn 0.152580 -0.016184 -0.988159
vn 0.212184 -0.236224 -0.948249
vn 0.922694 -0.348713 0.164425
vn 0.987352 -0.119977 0.103645
vn 0.993605 0.096613 0.058431
vn 0.965905 0.255782 0.040039
vn 0.889011 0.456735 0.032452
vn 0.885050 0.462462 -0.053066
vn 0.871237 0.482752 -0.088859
vn 0.980437 0.163257 -0.109958
vn 0.976084 0.208958 -0.059968
vn 0.862477 0.495671 -0.102190
vn 0.981385 0.144523 -0.126476
vn 0.828934 0.548064 -0.111777
vn 0.966237 0.183478 -0.180893
vn 0.760442 0.637050 -0.126081
vn 0.918676 0.315266 -0.237995
vn 0.990483 -0.111318 -0.080944
vn 0.999793 0.015529 -0.013172
vn 0.975434 -0.185485 -0.118843
vn 0.960978 -0.195478 -0.195727
vn 0.937408 -0.123053 -0.325767
vn 0.957358 -0.287975 -0.023163
vn 0.979158 -0.196155 0.052664
vn 0.928315 -0.360842 -0.089582
vn 0.894814 -0.414963 -0.164661
vn 0.841387 -0.433473 -0.322754
vn 0.898399 -0.438808 0.018104
vn 0.909177 -0.402786 0.105644
vn 0.879327 -0.473428 -0.051485
vn 0.834433 -0.538693 -0.116323
vn 0.748581 -0.606167 -0.268679
vn 0.627227 -0.621387 -0.469537
vn 0.785288 -0.375415 -0.492327
vn 0.903792 0.021732 -0.427420
vn 0.841479 0.457955 -0.286690
vn 0.698888 0.696331 -0.163336
vn 0.668458 0.724753 -0.167021
vn 0.667552 0.726084 -0.164853
vn 0.789962 0.574022 -0.215542
vn 0.796147 0.538871 -0.275259
vn 0.686463 0.717627 -0.117388
vn 0.800906 0.581084 -0.144538
vn 0.690884 0.718184 0.083010
vn 0.824650 0.561656 0.067046
vn 0.887986 0.290140 -0.356791
vn 0.880197 0.163706 -0.445481
vn 0.912098 0.356491 -0.202463
vn 0.943203 0.323077 0.077395
vn 0.836153 -0.060673 -0.545130
vn 0.765707 -0.234351 -0.598976
vn 0.948164 0.034165 -0.315940
vn 0.997256 -0.028483 0.068339
vn 0.577304 -0.449907 -0.681399
vn 0.526977 -0.558151 -0.640908
vn 0.763254 -0.441934 -0.471314
vn 0.823381 -0.567433 -0.008005
vn 0.699395 -0.603883 0.382325
vn -0.070954 0.290683 -0.954185
vn -0.196100 0.270560 -0.942519
vn -0.197655 0.290169 -0.936341
vn -0.082950 0.300011 -0.950323
vn -0.298366 0.249321 -0.921313
vn -0.305642 0.274992 -0.911572
vn -0.389332 0.235265 -0.890545
vn -0.401163 0.263386 -0.877323
vn 0.015739 0.302163 -0.953126
vn -0.095717 0.307920 -0.946585
vn 0.005434 0.310171 -0.950665
vn -0.204817 0.302255 -0.930963
vn -0.309979 0.289406 -0.905625
vn -0.402327 0.266583 -0.875824
vn -0.107746 0.287783 -0.951615
vn -0.006329 0.272088 -0.962252
vn -0.211948 0.289675 -0.933363
vn -0.303732 0.274276 -0.912425
vn -0.381151 0.233893 -0.894437
vn -0.040431 0.226591 -0.973151
vn -0.126729 0.261357 -0.956887
vn -0.142755 0.226847 -0.963411
vn -0.098609 0.197930 -0.975244
vn -0.217627 0.267514 -0.938656
vn -0.223165 0.226795 -0.948030
vn -0.286391 0.249953 -0.924934
vn -0.269300 0.224754 -0.936463
vn -0.044909 0.338846 -0.939769
vn 0.073092 0.313842 -0.946658
vn 0.079973 0.311815 -0.946771
vn -0.048504 0.286761 -0.956774
vn 0.080264 0.249727 -0.964984
vn -0.036601 0.160127 -0.986418
vn -0.042127 -0.006901 -0.999089
vn 0.048850 0.161128 -0.985724
vn -0.030394 0.140193 -0.989658
vn -0.103527 -0.049904 -0.993374
vn -0.204994 -0.029861 -0.978308
vn -0.127070 -0.016787 -0.991752
vn -0.233425 -0.003793 -0.972367
vn -0.288763 0.196735 -0.936969
vn -0.177119 -0.003229 -0.984184
vn -0.280253 0.100682 -0.954631
vn -0.449446 0.176306 -0.875737
vn -0.470228 0.245436 -0.847730
vn -0.320862 0.262564 -0.910005
vn -0.462258 0.264780 -0.846292
vn -0.336451 0.341439 -0.877622
vn -0.436331 0.242792 -0.866411
vn -0.325840 0.364965 -0.872140
vn -0.282396 0.195412 -0.939184
vn -0.187083 0.200216 -0.961724
vn -0.191827 0.248045 -0.949566
vn -0.250041 0.258168 -0.933182
vn -0.070158 0.239394 -0.968384
vn -0.134239 0.290964 -0.947270
vn 0.009219 0.298700 -0.954303
vn -0.090439 0.387790 -0.917300
vn 0.056417 0.040871 0.997570
vn 0.139108 -0.116814 0.983363
vn 0.246702 -0.209789 0.946111
vn 0.157350 -0.030494 0.987072
vn 0.342963 -0.448783 0.825210
vn 0.274284 -0.399850 0.874579
vn 0.146319 0.398448 0.905445
vn 0.114209 0.613599 0.781314
vn 0.133569 0.603719 0.785928
vn 0.150658 0.369397 0.916978
vn 0.240904 -0.091828 0.966195
vn 0.296186 -0.269463 0.916332
vn 0.267190 -0.297058 0.916715
vn 0.235750 -0.129258 0.963179
vn 0.345598 -0.487703 0.801690
vn 0.276333 -0.504852 0.817781
vn 0.138419 0.408163 0.902354
vn 0.057387 0.595897 0.801008
vn 0.227585 -0.300102 0.926361
vn 0.218797 -0.129998 0.967072
vn 0.206237 -0.481813 0.851659
vn 0.132510 0.400890 0.906492
vn 0.119150 0.365192 0.923276
vn 0.173491 0.524134 0.833778
vn 0.074936 0.589865 0.804017
vn 0.240727 -0.084280 0.966927
vn 0.227381 -0.258530 0.938861
vn 0.211741 -0.188808 0.958915
vn 0.234432 -0.007240 0.972106
vn 0.180442 -0.423206 0.887883
vn 0.154041 -0.349856 0.924052
vn 0.011597 -0.380623 0.924658
vn -0.089563 -0.043136 0.995047
vn -0.118264 0.118102 0.985934
vn -0.337342 0.200267 -0.919833
vn 0.023107 0.296502 -0.954753
vn -0.369175 0.214086 -0.904366
vn -0.301486 0.316448 -0.899426
vn -0.346486 0.146400 -0.926560
vn -0.399339 0.129876 -0.907557
vn -0.223762 -0.015886 -0.974514
vn -0.185868 -0.029616 -0.982128
vn -0.138219 -0.022490 -0.990146
vn -0.083769 0.383330 -0.919805
vn 0.047478 0.313517 -0.948395
vn -0.415574 0.231636 -0.879570
vn -0.325481 0.362853 -0.873155
vn -0.090924 0.419072 -0.903389
vn 0.025922 0.328372 -0.944193
vn -0.115126 0.255256 0.959995
vn 0.024817 0.174840 0.984284
vn 0.032912 0.313407 0.949048
vn -0.052573 0.443057 0.894951
vn 0.331392 -0.094814 0.938717
vn 0.339035 0.125952 0.932304
vn 0.316674 -0.265039 0.910753
vn 0.190994 0.112486 0.975125
vn 0.194788 0.133726 0.971687
vn 0.182819 0.120719 0.975707
vn 0.445697 -0.673614 0.589575
vn 0.408703 -0.715826 0.566176
vn 0.374327 -0.738490 0.560814
vn 0.258964 -0.763351 0.591805
vn 0.158346 -0.757022 0.633912
vn 0.851566 -0.147115 0.503182
vn 0.840109 0.177816 0.512443
vn 0.771203 0.461391 0.438594
vn 0.648894 0.674477 0.352161
vn 0.420623 0.840175 0.342320
vn 0.073392 0.916399 0.393480
vn -0.124998 0.908770 0.398137
vn -0.030084 0.938909 0.342847
vn 0.006897 0.952268 0.305185
vn -0.205802 0.904811 0.372777
vn -0.493199 0.714286 0.496539
vn -0.653336 0.462616 0.599281
vn -0.709340 0.251960 0.658295
vn -0.734979 0.031379 0.677364
vn -0.716383 -0.339146 0.609734
vn -0.558057 -0.752949 0.348771
vn 0.459995 -0.804911 0.374864
vn 0.536829 -0.747610 0.391017
vn 0.454702 -0.825177 0.335156
vn 0.479669 -0.858390 0.181892
vn 0.111192 -0.707967 0.697437
vn 0.208218 0.172464 0.962757
vn 0.200468 0.209983 0.956932
vn 0.093924 0.139876 0.985704
vn 0.066480 0.337823 0.938859
vn 0.318908 0.352555 0.879774
vn 0.018079 0.557049 0.830283
vn 0.248314 -0.718380 0.649823
vn 0.006593 -0.855506 0.517752
vn -0.039736 -0.943810 0.328093
vn 0.000253 -0.997535 -0.070175
vn 0.276401 -0.932744 0.231496
vn 0.535352 -0.586535 0.607763
vn 0.602402 -0.201051 0.772457
vn 0.588934 0.021369 0.807899
vn 0.585133 0.295936 0.755011
vn 0.533120 0.555551 0.638080
vn 0.329512 0.735593 0.591883
vn 0.093019 0.758537 0.644957
vn -0.008739 0.720669 0.693225
vn 0.075207 0.748192 0.659206
vn 0.088183 0.783637 0.614928
vn -0.094935 0.749956 0.654640
vn -0.275176 0.589036 0.759812
vn -0.388001 0.353304 0.851253
vn -0.404985 0.180634 0.896302
vn -0.407093 -0.014847 0.913266
vn -0.356598 -0.369631 0.858027
vn -0.186632 -0.770642 0.609327
vn 0.168782 -0.972575 0.160035
vn 0.381370 -0.906928 -0.178995
vn 0.290593 -0.926477 -0.239158
vn 0.151696 -0.966866 -0.205325
vn -0.015736 -0.984035 -0.177280
s 1
g Feet M_Skeleton L_F_Proximal_Phalanx_3
usemtl Skeleton_Feet_SG
f 673/758/673 674/759/674 675/760/675 676/761/676
f 674/759/674 677/762/677 678/763/678 675/760/675
f 677/762/677 679/764/679 680/765/680 678/763/678
f 679/764/679 681/766/681 682/767/682 680/765/680
f 676/761/676 675/760/675 683/768/683 684/769/684
f 675/760/675 678/763/678 685/770/685 683/768/683
f 678/763/678 680/765/680 686/771/686 685/770/685
f 680/765/680 682/767/682 687/772/687 686/771/686
f 684/769/684 683/768/683 688/773/688 689/774/689
f 683/768/683 685/770/685 690/775/690 688/773/688
f 685/770/685 686/771/686 691/776/691 690/775/690
f 686/771/686 687/772/687 692/777/692 691/776/691
f 689/774/689 688/773/688 693/778/693 694/779/694
f 688/773/688 690/775/690 695/780/695 693/778/693
f 690/775/690 691/776/691 696/781/696 695/780/695
f 691/776/691 692/777/692 697/782/697 696/781/696
f 698/783/698 673/758/673 676/761/676 699/784/699
f 699/784/699 676/761/676 684/769/684 700/785/700
f 700/785/700 684/769/684 689/774/689 701/786/701
f 701/786/701 689/774/689 694/779/694 702/787/702
f 702/787/702 694/779/694 703/788/703 704/789/704
f 694/779/694 693/778/693 705/790/705 703/788/703
f 693/778/693 695/780/695 706/791/706 705/790/705
f 695/780/695 696/781/696 707/792/707 706/791/706
f 696/781/696 697/782/697 708/793/708 707/792/707
f 697/782/697 709/794/709 710/795/710 708/793/708
f 709/794/709 697/782/697 692/777/692 711/796/711
f 711/796/711 692/777/692 687/772/687 712/797/712
f 712/797/712 687/772/687 682/767/682 713/798/713
f 713/798/713 682/767/682 681/766/681 714/799/714
f 714/799/714 681/766/681 715/800/715 716/801/716
f 681/766/681 679/764/679 717/802/717 715/800/715
f 679/764/679 677/762/677 718/803/718 717/802/717
f 677/762/677 674/759/674 719/804/719 718/803/718
f 674/759/674 673/758/673 720/805/720 719/804/719
f 673/758/673 698/783/698 721/806/721 720/805/720
f 722/807/722 723/808/723 724/809/724 725/810/725
f 723/808/723 726/811/726 727/812/727 724/809/724
f 726/811/726 728/813/728 729/814/729 727/812/727
f 725/810/725 724/809/724 730/815/730 731/816/731
f 724/809/724 727/812/727 732/817/732 730/815/730
f 727/812/727 729/814/729 733/818/733 732/817/732
f 731/816/731 730/815/730 734/819/734 735/820/735
f 730/815/730 732/817/732 736/821/736 734/819/734
f 732/817/732 733/818/733 737/822/737 736/821/736
f 735/820/735 734/819/734 738/823/738 739/824/739
f 734/819/734 736/821/736 740/825/740 738/823/738
f 736/821/736 737/822/737 741/826/741 740/825/740
f 714/799/714 722/807/722 725/810/725 713/798/713
f 713/798/713 725/810/725 731/816/731 712/797/712
f 712/797/712 731/816/731 735/820/735 711/796/711
f 711/796/711 735/820/735 739/824/739 709/794/709
f 709/794/709 739/824/739 742/827/742 710/795/710
f 739/824/739 738/823/738 743/828/743 742/827/742
f 738/823/738 740/825/740 744/829/744 743/828/743
f 740/825/740 741/826/741 745/830/745 744/829/744
f 728/813/728 726/811/726 746/831/746 747/832/747
f 726/811/726 723/808/723 748/833/748 746/831/746
f 723/808/723 722/807/722 749/834/749 748/833/748
f 722/807/722 714/799/714 716/801/716 749/834/749
f 750/835/750 751/836/751 752/837/752 753/838/753
f 751/836/751 754/839/754 755/840/755 752/837/752
f 754/839/754 756/841/756 757/842/757 755/840/755
f 756/841/756 758/843/758 759/844/759 757/842/757
f 758/843/758 760/845/760 761/846/761 759/844/759
f 760/845/760 762/847/762 763/848/763 761/846/761
f 753/838/753 752/837/752 764/849/764 765/850/765
f 752/837/752 755/840/755 766/851/766 764/849/764
f 755/840/755 757/842/757 767/852/767 766/851/766
f 757/842/757 759/844/759 768/853/768 767/852/767
f 759/844/759 761/846/761 769/854/769 768/853/768
f 761/846/761 763/848/763 770/855/770 769/854/769
f 765/850/765 764/849/764 771/856/771 772/857/772
f 764/849/764 766/851/766 773/858/773 771/856/771
f 766/851/766 767/852/767 774/859/774 773/858/773
f 767/852/767 768/853/768 775/860/775 774/859/774
f 768/853/768 769/854/769 776/861/776 775/860/775
f 769/854/769 770/855/770 777/862/777 776/861/776
f 772/857/772 771/856/771 778/863/778 779/864/779
f 771/856/771 773/858/773 780/865/780 778/863/778
f 773/858/773 774/859/774 781/866/781 780/865/780
f 774/859/774 775/860/775 782/867/782 781/866/781
f 775/860/775 776/861/776 783/868/783 782/867/782
f 776/861/776 777/862/777 784/869/784 783/868/783
f 785/870/785 750/871/750 753/872/753 786/873/786
f 786/873/786 753/872/753 765/874/765 787/875/787
f 787/875/787 765/874/765 772/876/772 788/877/788
f 788/877/788 772/876/772 779/878/779 789/879/789
f 789/879/789 779/878/779 790/880/790 791/881/791
f 779/864/779 778/863/778 792/882/792 790/883/790
f 778/863/778 780/865/780 793/884/793 792/882/792
f 780/865/780 781/866/781 794/885/794 793/884/793
f 781/866/781 782/867/782 795/886/795 794/885/794
f 782/867/782 783/868/783 796/887/796 795/886/795
f 783/868/783 784/869/784 797/888/797 796/887/796
f 784/869/784 702/787/702 704/789/704 797/888/797
f 702/787/702 784/869/784 777/862/777 701/786/701
f 701/786/701 777/862/777 770/855/770 700/785/700
f 700/785/700 770/855/770 763/848/763 699/784/699
f 699/784/699 763/848/763 762/847/762 698/783/698
f 698/783/698 762/847/762 798/889/798 721/806/721
f 762/847/762 760/845/760 799/890/799 798/889/798
f 760/845/760 758/843/758 800/891/800 799/890/799
f 758/843/758 756/841/756 801/892/801 800/891/800
f 756/841/756 754/839/754 802/893/802 801/892/801
f 754/839/754 751/836/751 803/894/803 802/893/802
f 751/836/751 750/835/750 804/895/804 803/894/803
f 750/871/750 785/870/785 805/896/805 804/897/804
f 806/898/806 807/899/807 808/900/808 809/901/809
f 807/899/807 810/902/810 811/903/811 808/900/808
f 810/902/810 812/904/812 813/905/813 811/903/811
f 812/904/812 814/906/814 815/907/815 813/905/813
f 814/906/814 816/908/816 817/909/817 815/907/815
f 816/908/816 818/910/818 819/911/819 817/909/817
f 809/901/809 808/900/808 820/912/820 821/913/821
f 808/900/808 811/903/811 822/914/822 820/912/820
f 811/903/811 813/905/813 823/915/823 822/914/822
f 813/905/813 815/907/815 824/916/824 823/915/823
f 815/907/815 817/909/817 825/917/825 824/916/824
f 817/909/817 819/911/819 826/918/826 825/917/825
f 821/913/821 820/912/820 827/919/827 828/920/828
f 820/912/820 822/914/822 829/921/829 827/919/827
f 822/914/822 823/915/823 830/922/830 829/921/829
f 823/915/823 824/916/824 831/923/831 830/922/830
f 824/916/824 825/917/825 832/924/832 831/923/831
f 825/917/825 826/918/826 833/925/833 832/924/832
f 828/926/828 827/927/827 834/928/834 835/929/835
f 827/927/827 829/930/829 836/931/836 834/928/834
f 829/930/829 830/932/830 837/933/837 836/931/836
f 830/932/830 831/934/831 838/935/838 837/933/837
f 831/934/831 832/936/832 839/937/839 838/935/838
f 832/936/832 833/938/833 840/939/840 839/937/839
f 841/940/841 806/941/806 809/942/809 842/943/842
f 842/943/842 809/942/809 821/944/821 843/945/843
f 843/945/843 821/944/821 828/946/828 844/947/844
f 844/947/844 828/946/828 835/948/835 845/949/845
f 845/949/845 835/948/835 804/897/804 805/896/805
f 835/929/835 834/928/834 803/894/803 804/895/804
f 834/928/834 836/931/836 802/893/802 803/894/803
f 836/931/836 837/933/837 801/892/801 802/893/802
f 837/933/837 838/935/838 800/891/800 801/892/801
f 838/935/838 839/937/839 799/890/799 800/891/800
f 839/937/839 840/939/840 798/889/798 799/890/799
f 840/939/840 846/950/846 721/806/721 798/889/798
f 846/950/846 840/939/840 833/938/833 847/951/847
f 847/952/847 833/925/833 826/918/826 848/953/848
f 848/953/848 826/918/826 819/911/819 849/954/849
f 849/954/849 819/911/819 818/910/818 850/955/850
f 850/955/850 818/910/818 851/956/851 852/957/852
f 818/910/818 816/908/816 853/958/853 851/956/851
f 816/908/816 814/906/814 854/959/854 853/958/853
f 814/906/814 812/904/812 855/960/855 854/959/854
f 812/904/812 810/902/810 856/961/856 855/960/855
f 810/902/810 807/899/807 857/962/857 856/961/856
f 807/899/807 806/898/806 858/963/858 857/962/857
f 806/941/806 841/940/841 859/964/859 858/963/858
f 860/965/860 861/966/861 862/967/862 863/968/863
f 861/966/861 864/969/864 865/970/865 862/967/862
f 864/969/864 866/971/866 867/972/867 865/970/865
f 866/971/866 868/973/868 869/974/869 867/972/867
f 863/968/863 862/967/862 870/975/870 871/976/871
f 862/967/862 865/970/865 872/977/872 870/975/870
f 865/970/865 867/972/867 873/978/873 872/977/872
f 867/972/867 869/974/869 874/979/874 873/978/873
f 871/976/871 870/975/870 875/980/875 876/981/876
f 870/975/870 872/977/872 877/982/877 875/980/875
f 872/977/872 873/978/873 878/983/878 877/982/877
f 873/978/873 874/979/874 879/984/879 878/983/878
f 876/985/876 875/986/875 880/987/880 881/988/881
f 875/986/875 877/989/877 882/990/882 880/987/880
f 877/989/877 878/991/878 883/992/883 882/990/882
f 878/991/878 879/993/879 884/994/884 883/992/883
f 850/955/850 860/965/860 863/968/863 849/954/849
f 849/954/849 863/968/863 871/976/871 848/953/848
f 848/953/848 871/976/871 876/981/876 847/952/847
f 847/951/847 876/985/876 881/988/881 846/950/846
f 846/950/846 881/988/881 720/805/720 721/806/721
f 881/988/881 880/987/880 719/804/719 720/805/720
f 880/987/880 882/990/882 718/803/718 719/804/719
f 882/990/882 883/992/883 717/802/717 718/803/718
f 883/992/883 884/994/884 715/800/715 717/802/717
f 884/994/884 885/995/885 716/801/716 715/800/715
f 885/995/885 884/994/884 879/993/879 886/996/886
f 886/997/886 879/984/879 874/979/874 887/998/887
f 887/998/887 874/979/874 869/974/869 888/999/888
f 888/999/888 869/974/869 868/973/868 889/1000/889
f 889/1000/889 868/973/868 890/1001/890 891/1002/891
f 868/973/868 866/971/866 892/1003/892 890/1001/890
f 866/971/866 864/969/864 893/1004/893 892/1003/892
f 864/969/864 861/966/861 894/1005/894 893/1004/893
f 861/966/861 860/965/860 895/1006/895 894/1005/894
f 860/965/860 850/955/850 852/957/852 895/1006/895
f 896/1007/896 897/1008/897 898/1009/898 899/1010/899
f 897/1008/897 900/1011/900 901/1012/901 898/1009/898
f 900/1011/900 902/1013/902 903/1014/903 901/1012/901
f 899/1010/899 898/1009/898 904/1015/904 905/1016/905
f 898/1009/898 901/1012/901 906/1017/906 904/1015/904
f 901/1012/901 903/1014/903 907/1018/907 906/1017/906
f 905/1016/905 904/1015/904 908/1019/908 909/1020/909
f 904/1015/904 906/1017/906 910/1021/910 908/1019/908
f 906/1017/906 907/1018/907 911/1022/911 910/1021/910
f 909/1023/909 908/1024/908 912/1025/912 913/1026/913
f 908/1024/908 910/1027/910 914/1028/914 912/1025/912
f 910/1027/910 911/1029/911 915/1030/915 914/1028/914
f 889/1000/889 896/1007/896 899/1010/899 888/999/888
f 888/999/888 899/1010/899 905/1016/905 887/998/887
f 887/998/887 905/1016/905 909/1020/909 886/997/886
f 886/996/886 909/1023/909 913/1026/913 885/995/885
f 885/995/885 913/1026/913 749/834/749 716/801/716
f 913/1026/913 912/1025/912 748/833/748 749/834/749
f 912/1025/912 914/1028/914 746/831/746 748/833/748
f 914/1028/914 915/1030/915 747/832/747 746/831/746
f 897/1008/897 896/1007/896 916/1031/916 917/1032/917
f 896/1007/896 889/1000/889 891/1002/891 916/1031/916
f 918/1033/918 919/1034/919 920/1035/920 921/1036/921
f 919/1034/919 922/1037/922 923/1038/923 920/1035/920
f 922/1037/922 924/1039/924 925/1040/925 923/1038/923
f 924/1039/924 926/1041/926 927/1042/927 925/1040/925
f 926/1041/926 928/1043/928 929/1044/929 927/1042/927
f 928/1043/928 930/1045/930 931/1046/931 929/1044/929
f 921/1036/921 920/1035/920 932/1047/932 933/1048/933
f 920/1035/920 923/1038/923 934/1049/934 932/1047/932
f 923/1038/923 925/1040/925 935/1050/935 934/1049/934
f 925/1040/925 927/1042/927 936/1051/936 935/1050/935
f 927/1042/927 929/1044/929 937/1052/937 936/1051/936
f 929/1044/929 931/1046/931 938/1053/938 937/1052/937
f 933/1048/933 932/1047/932 939/1054/939 940/1055/940
f 932/1047/932 934/1049/934 941/1056/941 939/1054/939
f 934/1049/934 935/1050/935 942/1057/942 941/1056/941
f 935/1050/935 936/1051/936 943/1058/943 942/1057/942
f 936/1051/936 937/1052/937 944/1059/944 943/1058/943
f 937/1052/937 938/1053/938 945/1060/945 944/1059/944
f 940/1055/940 939/1054/939 946/1061/946 947/1062/947
f 939/1054/939 941/1056/941 948/1063/948 946/1061/946
f 941/1056/941 942/1057/942 949/1064/949 948/1063/948
f 942/1057/942 943/1058/943 950/1065/950 949/1064/949
f 943/1058/943 944/1059/944 951/1066/951 950/1065/950
f 944/1059/944 945/1060/945 952/1067/952 951/1066/951
f 953/1068/953 918/1033/918 921/1036/921 954/1069/954
f 954/1069/954 921/1036/921 933/1048/933 955/1070/955
f 955/1070/955 933/1048/933 940/1055/940 956/1071/956
f 956/1071/956 940/1055/940 947/1062/947 957/1072/957
f 957/1072/957 947/1062/947 858/963/858 859/964/859
f 947/1062/947 946/1061/946 857/962/857 858/963/858
f 946/1061/946 948/1063/948 856/961/856 857/962/857
f 948/1063/948 949/1064/949 855/960/855 856/961/856
f 950/1065/950 854/959/854 855/960/855 949/1064/949
f 951/1066/951 952/1067/952 851/956/851 853/958/853
f 952/1067/952 958/1073/958 852/957/852 851/956/851
f 958/1073/958 952/1067/952 945/1060/945 959/1074/959
f 959/1074/959 945/1060/945 938/1053/938 960/1075/960
f 960/1075/960 938/1053/938 931/1046/931 961/1076/961
f 961/1076/961 931/1046/931 930/1045/930 962/1077/962
f 962/1077/962 930/1045/930 963/1078/963 964/1079/964
f 930/1045/930 928/1043/928 965/1080/965 963/1078/963
f 928/1043/928 926/1041/926 966/1081/966 965/1080/965
f 926/1041/926 924/1039/924 967/1082/967 966/1081/966
f 924/1039/924 922/1037/922 968/1083/968 967/1082/967
f 922/1037/922 919/1034/919 969/1084/969 968/1083/968
f 919/1034/919 918/1033/918 970/1085/970 969/1084/969
f 918/1033/918 953/1068/953 971/1086/971 970/1085/970
f 972/1087/972 973/1088/973 974/1089/974 975/1090/975
f 973/1088/973 976/1091/976 977/1092/977 974/1089/974
f 976/1091/976 978/1093/978 979/1094/979 977/1092/977
f 978/1093/978 980/1095/980 981/1096/981 979/1094/979
f 975/1090/975 974/1089/974 982/1097/982 983/1098/983
f 974/1089/974 977/1092/977 984/1099/984 982/1097/982
f 977/1092/977 979/1094/979 985/1100/985 984/1099/984
f 979/1094/979 981/1096/981 986/1101/986 985/1100/985
f 983/1098/983 982/1097/982 987/1102/987 988/1103/988
f 982/1097/982 984/1099/984 989/1104/989 987/1102/987
f 984/1099/984 985/1100/985 990/1105/990 989/1104/989
f 985/1100/985 986/1101/986 991/1106/991 990/1105/990
f 988/1103/988 987/1102/987 992/1107/992 993/1108/993
f 987/1102/987 989/1104/989 994/1109/994 992/1107/992
f 989/1104/989 990/1105/990 995/1110/995 994/1109/994
f 990/1105/990 991/1106/991 996/1111/996 995/1110/995
f 962/1077/962 972/1087/972 975/1090/975 961/1076/961
f 961/1076/961 975/1090/975 983/1098/983 960/1075/960
f 960/1075/960 983/1098/983 988/1103/988 959/1074/959
f 959/1074/959 988/1103/988 993/1108/993 958/1073/958
f 958/1073/958 993/1108/993 895/1006/895 852/957/852
f 993/1108/993 992/1107/992 894/1005/894 895/1006/895
f 992/1107/992 994/1109/994 893/1004/893 894/1005/894
f 994/1109/994 995/1110/995 892/1003/892 893/1004/893
f 995/1110/995 996/1111/996 890/1001/890 892/1003/892
f 996/1111/996 997/1112/997 891/1002/891 890/1001/890
f 997/1112/997 996/1111/996 991/1106/991 998/1113/998
f 998/1113/998 991/1106/991 986/1101/986 999/1114/999
f 999/1114/999 986/1101/986 981/1096/981 1000/1115/1000
f 1000/1115/1000 981/1096/981 980/1095/980 1001/1116/1001
f 1001/1116/1001 980/1095/980 1002/1117/1002 1003/1118/1003
f 980/1095/980 978/1093/978 1004/1119/1004 1002/1117/1002
f 978/1093/978 976/1091/976 1005/1120/1005 1004/1119/1004
f 976/1091/976 973/1088/973 1006/1121/1006 1005/1120/1005
f 973/1088/973 972/1087/972 1007/1122/1007 1006/1121/1006
f 972/1087/972 962/1077/962 964/1079/964 1007/1122/1007
f 1008/1123/1008 1009/1124/1009 1010/1125/1010 1011/1126/1011
f 1009/1124/1009 1012/1127/1012 1013/1128/1013 1010/1125/1010
f 1014/1129/1014 1015/1130/1015 1016/1131/1016 1017/1132/1017
f 1011/1126/1011 1010/1125/1010 1018/1133/1018 1019/1134/1019
f 1010/1125/1010 1013/1128/1013 1020/1135/1020 1018/1133/1018
f 1017/1132/1017 1016/1131/1016 1021/1136/1021 1022/1137/1022
f 1019/1134/1019 1018/1133/1018 1023/1138/1023 1024/1139/1024
f 1018/1133/1018 1020/1135/1020 1025/1140/1025 1023/1138/1023
f 1022/1137/1022 1021/1136/1021 1026/1141/1026 1027/1142/1027
f 1024/1139/1024 1023/1138/1023 1028/1143/1028 1029/1144/1029
f 1023/1138/1023 1025/1140/1025 1030/1145/1030 1028/1143/1028
f 1027/1142/1027 1026/1141/1026 1031/1146/1031 1032/1147/1032
f 1001/1116/1001 1008/1123/1008 1011/1126/1011 1000/1115/1000
f 1000/1115/1000 1011/1126/1011 1019/1134/1019 999/1114/999
f 999/1114/999 1019/1134/1019 1024/1139/1024 998/1113/998
f 998/1113/998 1024/1139/1024 1029/1144/1029 997/1112/997
f 997/1112/997 1029/1144/1029 916/1031/916 891/1002/891
f 1029/1144/1029 1028/1143/1028 917/1032/917 916/1031/916
f 1028/1143/1028 1030/1145/1030 1033/1148/1033 917/1032/917
f 1031/1146/1031 1034/1149/1034 1035/1150/1035 1032/1147/1032
f 1036/1151/1036 1037/1152/1037 1038/1153/1038 1039/1154/1039
f 1039/1154/1039 1038/1153/1038 1040/1155/1040 1041/1156/1041
f 1042/1157/1042 1043/1158/1043 1044/1159/1044 1045/1160/1045
f 1015/1130/1015 1014/1129/1014 1046/1161/1046 1047/1162/1047
f 1012/1127/1012 1009/1124/1009 1048/1163/1048 1049/1164/1049
f 1009/1124/1009 1008/1123/1008 1050/1165/1050 1048/1163/1048
f 1008/1123/1008 1001/1116/1001 1003/1118/1003 1050/1165/1050
f 1051/1166/1051 1052/1167/1052 1053/1168/1053 1054/1169/1054
f 1052/1167/1052 1055/1170/1055 1056/1171/1056 1053/1168/1053
f 1055/1170/1055 1057/1172/1057 1058/1173/1058 1056/1171/1056
f 1057/1172/1057 1059/1174/1059 1060/1175/1060 1058/1173/1058
f 1059/1174/1059 1061/1176/1061 1062/1177/1062 1060/1175/1060
f 1061/1176/1061 1063/1178/1063 1064/1179/1064 1062/1177/1062
f 1054/1180/1054 1053/1181/1053 1065/1182/1065 1066/1183/1066
f 1053/1181/1053 1056/1184/1056 1067/1185/1067 1065/1182/1065
f 1056/1184/1056 1058/1186/1058 1068/1187/1068 1067/1185/1067
f 1058/1186/1058 1060/1188/1060 1069/1189/1069 1068/1187/1068
f 1060/1188/1060 1062/1190/1062 1070/1191/1070 1069/1189/1069
f 1062/1190/1062 1064/1192/1064 1071/1193/1071 1070/1191/1070
f 1066/1183/1066 1065/1182/1065 1072/1194/1072 1073/1195/1073
f 1065/1182/1065 1067/1185/1067 1074/1196/1074 1072/1194/1072
f 1067/1185/1067 1068/1187/1068 1075/1197/1075 1074/1196/1074
f 1068/1187/1068 1069/1189/1069 1076/1198/1076 1075/1197/1075
f 1069/1189/1069 1070/1191/1070 1077/1199/1077 1076/1198/1076
f 1070/1191/1070 1071/1193/1071 1078/1200/1078 1077/1199/1077
f 1073/1195/1073 1072/1194/1072 1079/1201/1079 1080/1202/1080
f 1072/1194/1072 1074/1196/1074 1081/1203/1081 1079/1201/1079
f 1074/1196/1074 1075/1197/1075 1082/1204/1082 1081/1203/1081
f 1075/1197/1075 1076/1198/1076 1083/1205/1083 1082/1204/1082
f 1076/1198/1076 1077/1199/1077 1084/1206/1084 1083/1205/1083
f 1077/1199/1077 1078/1200/1078 1085/1207/1085 1084/1206/1084
f 1086/1208/1086 1051/1209/1051 1054/1210/1054 1087/1211/1087
f 1087/1211/1087 1054/1210/1054 1066/1212/1066 1088/1213/1088
f 1088/1213/1088 1066/1212/1066 1073/1214/1073 1089/1215/1089
f 1089/1215/1089 1073/1214/1073 1080/1216/1080 1090/1217/1090
f 1090/1217/1090 1080/1216/1080 970/1085/970 971/1086/971
f 1080/1202/1080 1079/1201/1079 969/1084/969 970/1085/970
f 1079/1201/1079 1081/1203/1081 968/1083/968 969/1084/969
f 1081/1203/1081 1082/1204/1082 967/1082/967 968/1083/968
f 1082/1204/1082 1083/1205/1083 966/1081/966 967/1082/967
f 1083/1205/1083 1084/1206/1084 965/1080/965 966/1081/966
f 1084/1206/1084 1085/1207/1085 963/1078/963 965/1080/965
f 1085/1207/1085 1091/1218/1091 964/1079/964 963/1078/963
f 1091/1218/1091 1085/1207/1085 1078/1200/1078 1092/1219/1092
f 1092/1219/1092 1078/1200/1078 1071/1193/1071 1093/1220/1093
f 1093/1220/1093 1071/1193/1071 1064/1192/1064 1094/1221/1094
f 1094/1222/1094 1064/1179/1064 1063/1178/1063 1095/1223/1095
f 1095/1223/1095 1063/1178/1063 797/888/797 704/789/704
f 1063/1178/1063 1061/1176/1061 796/887/796 797/888/797
f 1061/1176/1061 1059/1174/1059 795/886/795 796/887/796
f 1059/1174/1059 1057/1172/1057 794/885/794 795/886/795
f 1057/1172/1057 1055/1170/1055 793/884/793 794/885/794
f 1055/1170/1055 1052/1167/1052 792/882/792 793/884/793
f 1052/1167/1052 1051/1166/1051 790/883/790 792/882/792
f 1051/1209/1051 1086/1208/1086 791/881/791 790/880/790
f 1096/1224/1096 1097/1225/1097 1098/1226/1098 1099/1227/1099
f 1097/1225/1097 1100/1228/1100 1101/1229/1101 1098/1226/1098
f 1100/1228/1100 1102/1230/1102 1103/1231/1103 1101/1229/1101
f 1102/1230/1102 1104/1232/1104 1105/1233/1105 1103/1231/1103
f 1099/1234/1099 1098/1235/1098 1106/1236/1106 1107/1237/1107
f 1098/1235/1098 1101/1238/1101 1108/1239/1108 1106/1236/1106
f 1101/1238/1101 1103/1240/1103 1109/1241/1109 1108/1239/1108
f 1103/1240/1103 1105/1242/1105 1110/1243/1110 1109/1241/1109
f 1107/1237/1107 1106/1236/1106 1111/1244/1111 1112/1245/1112
f 1106/1236/1106 1108/1239/1108 1113/1246/1113 1111/1244/1111
f 1108/1239/1108 1109/1241/1109 1114/1247/1114 1113/1246/1113
f 1109/1241/1109 1110/1243/1110 1115/1248/1115 1114/1247/1114
f 1112/1245/1112 1111/1244/1111 1116/1249/1116 1117/1250/1117
f 1111/1244/1111 1113/1246/1113 1118/1251/1118 1116/1249/1116
f 1113/1246/1113 1114/1247/1114 1119/1252/1119 1118/1251/1118
f 1114/1247/1114 1115/1248/1115 1120/1253/1120 1119/1252/1119
f 1095/1223/1095 1096/1224/1096 1099/1227/1099 1094/1222/1094
f 1094/1221/1094 1099/1234/1099 1107/1237/1107 1093/1220/1093
f 1093/1220/1093 1107/1237/1107 1112/1245/1112 1092/1219/1092
f 1092/1219/1092 1112/1245/1112 1117/1250/1117 1091/1218/1091
f 1091/1218/1091 1117/1250/1117 1007/1122/1007 964/1079/964
f 1117/1250/1117 1116/1249/1116 1006/1121/1006 1007/1122/1007
f 1116/1249/1116 1118/1251/1118 1005/1120/1005 1006/1121/1006
f 1118/1251/1118 1119/1252/1119 1004/1119/1004 1005/1120/1005
f 1119/1252/1119 1120/1253/1120 1002/1117/1002 1004/1119/1004
f 1120/1253/1120 1121/1254/1121 1003/1118/1003 1002/1117/1002
f 1121/1254/1121 1120/1253/1120 1115/1248/1115 1122/1255/1122
f 1122/1255/1122 1115/1248/1115 1110/1243/1110 1123/1256/1123
f 1123/1256/1123 1110/1243/1110 1105/1242/1105 1124/1257/1124
f 1124/1258/1124 1105/1233/1105 1104/1232/1104 1125/1259/1125
f 1125/1259/1125 1104/1232/1104 708/793/708 710/795/710
f 1104/1232/1104 1102/1230/1102 707/792/707 708/793/708
f 1102/1230/1102 1100/1228/1100 706/791/706 707/792/707
f 1100/1228/1100 1097/1225/1097 705/790/705 706/791/706
f 1097/1225/1097 1096/1224/1096 703/788/703 705/790/705
f 1096/1224/1096 1095/1223/1095 704/789/704 703/788/703
f 1126/1260/1126 1127/1261/1127 1128/1262/1128 1129/1263/1129
f 1127/1261/1127 1130/1264/1130 1131/1265/1131 1128/1262/1128
f 1130/1264/1130 1132/1266/1132 1133/1267/1133 1131/1265/1131
f 1129/1268/1129 1128/1269/1128 1134/1270/1134 1135/1271/1135
f 1128/1269/1128 1131/1272/1131 1136/1273/1136 1134/1270/1134
f 1131/1272/1131 1133/1274/1133 1137/1275/1137 1136/1273/1136
f 1135/1271/1135 1134/1270/1134 1138/1276/1138 1139/1277/1139
f 1134/1270/1134 1136/1273/1136 1140/1278/1140 1138/1276/1138
f 1136/1273/1136 1137/1275/1137 1141/1279/1141 1140/1278/1140
f 1139/1277/1139 1138/1276/1138 1142/1280/1142 1143/1281/1143
f 1138/1276/1138 1140/1278/1140 1144/1282/1144 1142/1280/1142
f 1140/1278/1140 1141/1279/1141 1145/1283/1145 1144/1282/1144
f 1125/1259/1125 1126/1260/1126 1129/1263/1129 1124/1258/1124
f 1124/1257/1124 1129/1268/1129 1135/1271/1135 1123/1256/1123
f 1123/1256/1123 1135/1271/1135 1139/1277/1139 1122/1255/1122
f 1122/1255/1122 1139/1277/1139 1143/1281/1143 1121/1254/1121
f 1121/1254/1121 1143/1281/1143 1050/1165/1050 1003/1118/1003
f 1143/1281/1143 1142/1280/1142 1048/1163/1048 1050/1165/1050
f 1144/1282/1144 1049/1164/1049 1048/1163/1048 1142/1280/1142
f 1145/1283/1145 1146/1284/1146 1047/1162/1047 1046/1161/1046
f 1132/1266/1132 1130/1264/1130 744/829/744 745/830/745
f 1130/1264/1130 1127/1261/1127 743/828/743 744/829/744
f 1127/1261/1127 1126/1260/1126 742/827/742 743/828/743
f 1126/1260/1126 1125/1259/1125 710/795/710 742/827/742
f 1147/1285/1147 1148/1286/1148 1149/1287/1149 1150/1288/1150
f 1148/1286/1148 1151/1289/1151 1152/1290/1152 1149/1287/1149
f 1151/1289/1151 1153/1291/1153 1154/1292/1154 1152/1290/1152
f 1155/1293/1155 1150/1288/1150 1156/1294/1156 1157/1295/1157
f 1150/1288/1150 1149/1287/1149 1158/1296/1158 1156/1294/1156
f 1149/1287/1149 1152/1290/1152 1159/1297/1159 1158/1296/1158
f 1152/1290/1152 1154/1292/1154 1160/1298/1160 1159/1297/1159
f 1157/1295/1157 1156/1294/1156 1161/1299/1161 1162/1300/1162
f 1156/1294/1156 1158/1296/1158 1163/1301/1163 1161/1299/1161
f 1158/1296/1158 1159/1297/1159 1164/1302/1164 1163/1301/1163
f 1159/1297/1159 1160/1298/1160 1165/1303/1165 1164/1302/1164
f 1166/1304/1166 1167/1305/1167 1168/1306/1168 1169/1307/1169
f 1167/1305/1167 1170/1308/1170 1171/1309/1171 1168/1306/1168
f 1170/1308/1170 1172/1310/1172 1173/1311/1173 1171/1309/1171
f 1174/1312/1174 1175/1313/1175 1176/1314/1176 1177/1315/1177
f 1177/1315/1177 1176/1314/1176 1178/1316/1178 1179/1317/1179
f 1180/1318/1180 1181/1319/1181 1182/1320/1182 1183/1321/1183
f 1168/1306/1168 1171/1309/1171 1184/1322/1184 1185/1323/1185
f 1171/1309/1171 1173/1311/1173 1186/1324/1186 1184/1322/1184
f 1186/1324/1186 1173/1311/1173 1187/1325/1187 1188/1326/1188
f 1189/1327/1189 1190/1328/1190 1191/1329/1191 1192/1330/1192
f 1192/1330/1192 1191/1329/1191 1193/1331/1193 1194/1332/1194
f 1194/1332/1194 1193/1331/1193 1195/1333/1195 1196/1334/1196
f 1197/1335/1197 1198/1336/1198 1199/1337/1199 1200/1338/1200
f 1198/1336/1198 1201/1339/1201 1202/1340/1202 1199/1337/1199
f 1202/1340/1202 1201/1339/1201 1203/1341/1203 1204/1342/1204
f 1205/1343/1205 1206/1344/1206 1207/1345/1207 1208/1346/1208
f 1209/1347/1209 1207/1345/1207 1206/1344/1206 1210/1348/1210
f 1211/1349/1211 1212/1350/1212 1213/1351/1213 1214/1352/1214
f 1215/1353/1215 1216/1354/1216 1217/1355/1217 1218/1356/1218
f 1216/1354/1216 1219/1357/1219 1220/1358/1220 1217/1355/1217
f 1221/1359/1221 1222/1360/1222 1212/1350/1212 1211/1349/1211
f 1218/1356/1218 1217/1355/1217 1223/1361/1223 1224/1362/1224
f 1217/1355/1217 1220/1358/1220 1225/1363/1225 1223/1361/1223
f 1226/1364/1226 1227/1365/1227 1228/1366/1228 1229/1367/1229
f 1230/1368/1230 1231/1369/1231 1232/1370/1232 1233/1371/1233
f 1231/1369/1231 1234/1372/1234 1235/1373/1235 1232/1370/1232
f 1236/1374/1236 1210/1348/1210 1206/1344/1206 1237/1375/1237
f 1237/1375/1237 1206/1344/1206 1205/1343/1205 1238/1376/1238
f 1172/1310/1172 1239/1377/1239 1187/1325/1187 1173/1311/1173
f 1147/1285/1147 1150/1288/1150 1155/1293/1155 1240/1378/1240
f 1241/1379/1241 1197/1335/1197 1200/1338/1200 1242/1380/1242
f 1243/1381/1243 1244/1382/1244 1245/1383/1245 1246/1384/1246
f 1169/1307/1169 1168/1306/1168 1185/1323/1185 1247/1385/1247
f 1248/1386/1248 1249/1387/1249 1175/1313/1175 1174/1312/1174
f 1196/1334/1196 1195/1333/1195 1250/1388/1250 1251/1389/1251
f 1197/1335/1197 1241/1379/1241 1153/1291/1153 1151/1289/1151
f 1198/1336/1198 1197/1335/1197 1151/1289/1151 1148/1286/1148
f 1201/1339/1201 1198/1336/1198 1148/1286/1148 1147/1285/1147
f 1201/1339/1201 1147/1285/1147 1240/1378/1240 1203/1341/1203
f 1252/1390/1252 1253/1391/1253 1249/1387/1249 1248/1386/1248
f 1204/1342/1204 1203/1341/1203 1253/1391/1253 1252/1390/1252
f 1240/1378/1240 1249/1387/1249 1253/1391/1253 1203/1341/1203
f 1155/1293/1155 1175/1313/1175 1249/1387/1249 1240/1378/1240
f 1175/1313/1175 1155/1293/1155 1157/1295/1157 1176/1314/1176
f 1176/1314/1176 1157/1295/1157 1162/1300/1162 1178/1316/1178
f 1181/1319/1181 1166/1304/1166 1169/1307/1169 1182/1320/1182
f 1182/1320/1182 1169/1307/1169 1247/1385/1247 1183/1321/1183
f 1188/1326/1188 1187/1325/1187 1243/1381/1243 1246/1384/1246
f 1239/1377/1239 1244/1382/1244 1243/1381/1243 1187/1325/1187
f 1160/1298/1160 1191/1329/1191 1190/1328/1190 1165/1303/1165
f 1154/1292/1154 1193/1331/1193 1191/1329/1191 1160/1298/1160
f 1153/1291/1153 1195/1333/1195 1193/1331/1193 1154/1292/1154
f 1241/1379/1241 1250/1388/1250 1195/1333/1195 1153/1291/1153
f 1250/1388/1250 1241/1379/1241 1242/1380/1242 1251/1389/1251
f 1244/1382/1244 1190/1328/1190 1189/1327/1189 1245/1383/1245
f 1165/1303/1165 1190/1328/1190 1244/1382/1244 1239/1377/1239
f 1164/1302/1164 1165/1303/1165 1239/1377/1239 1172/1310/1172
f 1163/1301/1163 1164/1302/1164 1172/1310/1172 1170/1308/1170
f 1161/1299/1161 1163/1301/1163 1170/1308/1170 1167/1305/1167
f 1162/1300/1162 1161/1299/1161 1167/1305/1167 1166/1304/1166
f 1178/1316/1178 1162/1300/1162 1166/1304/1166 1181/1319/1181
f 1179/1317/1179 1178/1316/1178 1181/1319/1181 1180/1318/1180
f 1254/1392/1254 1255/1393/1255 1256/1394/1256 1257/1395/1257
f 1232/1370/1232 1258/1396/1258 1259/1397/1259 1233/1371/1233
f 1235/1373/1235 1260/1398/1260 1258/1396/1258 1232/1370/1232
f 1211/1349/1211 1261/1399/1261 1262/1400/1262 1221/1359/1221
f 1214/1352/1214 1263/1401/1263 1261/1399/1261 1211/1349/1211
f 1210/1348/1210 1264/1402/1264 1265/1403/1265 1209/1347/1209
f 1219/1357/1219 1266/1404/1266 1267/1405/1267 1220/1358/1220
f 1220/1358/1220 1267/1405/1267 1268/1406/1268 1225/1363/1225
f 1046/1161/1046 1049/1164/1049 1144/1282/1144 1145/1283/1145
f 1012/1127/1012 1049/1164/1049 1046/1161/1046 1014/1129/1014
f 1013/1128/1013 1012/1127/1012 1014/1129/1014 1017/1132/1017
f 1013/1128/1013 1017/1132/1017 1022/1137/1022 1020/1135/1020
f 1020/1135/1020 1022/1137/1022 1027/1142/1027 1025/1140/1025
f 1025/1140/1025 1027/1142/1027 1032/1147/1032 1030/1145/1030
f 1035/1150/1035 1033/1148/1033 1030/1145/1030 1032/1147/1032
f 902/1013/902 900/1011/900 1033/1148/1033 1035/1150/1035
f 1146/1284/1146 1145/1283/1145 1141/1279/1141 1269/1407/1269
f 1269/1407/1269 1141/1279/1141 1137/1275/1137 1270/1408/1270
f 1270/1408/1270 1137/1275/1137 1133/1274/1133 1271/1409/1271
f 1271/1410/1271 1133/1267/1133 1132/1266/1132 1272/1411/1272
f 1272/1411/1272 1132/1266/1132 745/830/745 1273/1412/1273
f 741/826/741 1274/1413/1274 1273/1412/1273 745/830/745
f 1274/1413/1274 741/826/741 737/822/737 1275/1414/1275
f 1275/1414/1275 737/822/737 733/818/733 1276/1415/1276
f 1276/1415/1276 733/818/733 729/814/729 1277/1416/1277
f 1277/1416/1277 729/814/729 728/813/728 1278/1417/1278
f 1278/1417/1278 728/813/728 747/832/747 1279/1418/1279
f 915/1030/915 1280/1419/1280 1279/1418/1279 747/832/747
f 1280/1419/1280 915/1030/915 911/1029/911 1281/1420/1281
f 1281/1421/1281 911/1022/911 907/1018/907 1282/1422/1282
f 1282/1422/1282 907/1018/907 903/1014/903 1283/1423/1283
f 1283/1423/1283 903/1014/903 902/1013/902 1284/1424/1284
f 1035/1150/1035 1034/1149/1034 1284/1424/1284 902/1013/902
f 897/1008/897 917/1032/917 1033/1148/1033 900/1011/900
f 1285/1425/1285 1286/1426/1286 1287/1427/1287 1288/1428/1288
f 1234/1372/1234 1289/1429/1289 1043/1158/1043 1235/1373/1235
f 1226/1364/1226 1290/1430/1290 1291/1431/1291 1227/1365/1227
f 1255/1393/1255 1292/1432/1292 1293/1433/1293 1256/1394/1256
f 1227/1365/1227 1291/1431/1291 1294/1434/1294 1228/1366/1228
f 1295/1435/1295 1293/1433/1293 1214/1352/1214 1213/1351/1213
f 1286/1426/1286 1264/1402/1264 1296/1436/1296 1287/1427/1287
f 1297/1437/1297 1041/1156/1041 1040/1155/1040 1298/1438/1298
f 1292/1432/1292 1263/1401/1263 1214/1352/1214 1293/1433/1293
f 1207/1345/1207 1216/1354/1216 1215/1353/1215 1208/1346/1208
f 1219/1357/1219 1216/1354/1216 1207/1345/1207 1209/1347/1209
f 1265/1403/1265 1266/1404/1266 1219/1357/1219 1209/1347/1209
f 1225/1363/1225 1268/1406/1268 1289/1429/1289 1234/1372/1234
f 1223/1361/1223 1225/1363/1225 1234/1372/1234 1231/1369/1231
f 1224/1362/1224 1223/1361/1223 1231/1369/1231 1230/1368/1230
f 1221/1359/1221 1262/1400/1262 1290/1430/1290 1226/1364/1226
f 1289/1429/1289 1297/1437/1297 1044/1159/1044 1043/1158/1043
f 1268/1406/1268 1041/1156/1041 1297/1437/1297 1289/1429/1289
f 1267/1405/1267 1039/1154/1039 1041/1156/1041 1268/1406/1268
f 1266/1404/1266 1036/1151/1036 1039/1154/1039 1267/1405/1267
f 1285/1425/1285 1036/1151/1036 1266/1404/1266 1265/1403/1265
f 1264/1402/1264 1286/1426/1286 1285/1425/1285 1265/1403/1265
f 1290/1430/1290 1230/1368/1230 1233/1371/1233 1291/1431/1291
f 1262/1400/1262 1224/1362/1224 1230/1368/1230 1290/1430/1290
f 1261/1399/1261 1218/1356/1218 1224/1362/1224 1262/1400/1262
f 1263/1401/1263 1215/1353/1215 1218/1356/1218 1261/1399/1261
f 1208/1346/1208 1215/1353/1215 1263/1401/1263 1292/1432/1292
f 1205/1343/1205 1208/1346/1208 1292/1432/1292 1255/1393/1255
f 1291/1431/1291 1233/1371/1233 1259/1397/1259 1294/1434/1294
f 1221/1359/1221 1226/1364/1226 1229/1367/1229 1222/1360/1222
f 1257/1395/1257 1256/1394/1256 1293/1433/1293 1295/1435/1295
f 1238/1376/1238 1205/1343/1205 1255/1393/1255 1254/1392/1254
f 1044/1159/1044 1297/1437/1297 1298/1438/1298 1045/1160/1045
f 1036/1151/1036 1285/1425/1285 1288/1428/1288 1037/1152/1037
f 1264/1402/1264 1210/1348/1210 1236/1374/1236 1296/1436/1296
f 1260/1398/1260 1235/1373/1235 1043/1158/1043 1042/1157/1042
f 1299/1439/1299 1015/1130/1015 1047/1162/1047 1300/1440/1300
f 1146/1284/1146 1301/1441/1301 1300/1440/1300 1047/1162/1047
f 1301/1441/1301 1146/1284/1146 1269/1407/1269 1302/1442/1302
f 1302/1442/1302 1269/1407/1269 1270/1408/1270 1303/1443/1303
f 1303/1443/1303 1270/1408/1270 1271/1409/1271 1304/1444/1304
f 1304/1445/1304 1271/1410/1271 1272/1411/1272 1305/1446/1305
f 1305/1446/1305 1272/1411/1272 1273/1412/1273 1306/1447/1306
f 1274/1413/1274 1307/1448/1307 1306/1447/1306 1273/1412/1273
f 1307/1448/1307 1274/1413/1274 1275/1414/1275 1308/1449/1308
f 1308/1449/1308 1275/1414/1275 1276/1415/1276 1309/1450/1309
f 1309/1450/1309 1276/1415/1276 1277/1416/1277 1310/1451/1310
f 1310/1451/1310 1277/1416/1277 1278/1417/1278 1311/1452/1311
f 1311/1452/1311 1278/1417/1278 1279/1418/1279 1312/1453/1312
f 1280/1419/1280 1313/1454/1313 1312/1453/1312 1279/1418/1279
f 1313/1454/1313 1280/1419/1280 1281/1420/1281 1314/1455/1314
f 1314/1456/1314 1281/1421/1281 1282/1422/1282 1315/1457/1315
f 1315/1457/1315 1282/1422/1282 1283/1423/1283 1316/1458/1316
f 1316/1458/1316 1283/1423/1283 1284/1424/1284 1317/1459/1317
f 1034/1149/1034 1318/1460/1318 1317/1459/1317 1284/1424/1284
f 1318/1460/1318 1034/1149/1034 1031/1146/1031 1319/1461/1319
f 1026/1141/1026 1320/1462/1320 1319/1461/1319 1031/1146/1031
f 1021/1136/1021 1321/1463/1321 1320/1462/1320 1026/1141/1026
f 1016/1131/1016 1322/1464/1322 1321/1463/1321 1021/1136/1021
f 1015/1130/1015 1299/1439/1299 1322/1464/1322 1016/1131/1016
f 785/870/785 786/873/786 1202/1340/1202 1204/1342/1204
f 1204/1342/1204 1252/1390/1252 805/896/805 785/870/785
f 786/873/786 787/875/787 1199/1337/1199 1202/1340/1202
f 787/875/787 788/877/788 1200/1338/1200 1199/1337/1199
f 788/877/788 789/879/789 1242/1380/1242 1200/1338/1200
f 789/879/789 791/881/791 1251/1389/1251 1242/1380/1242
f 791/881/791 1086/1208/1086 1196/1334/1196 1251/1389/1251
f 1252/1390/1252 1248/1386/1248 845/949/845 805/896/805
f 842/943/842 843/945/843 1177/1315/1177 1179/1317/1179
f 1179/1317/1179 1180/1318/1180 841/940/841 842/943/842
f 1180/1318/1180 1183/1321/1183 859/964/859 841/940/841
f 843/945/843 844/947/844 1174/1312/1174 1177/1315/1177
f 844/947/844 845/949/845 1248/1386/1248 1174/1312/1174
f 1183/1321/1183 1247/1385/1247 957/1072/957 859/964/859
f 953/1068/953 954/1069/954 1186/1324/1186 1188/1326/1188
f 1188/1326/1188 1246/1384/1246 971/1086/971 953/1068/953
f 954/1069/954 955/1070/955 1184/1322/1184 1186/1324/1186
f 955/1070/955 956/1071/956 1185/1323/1185 1184/1322/1184
f 956/1071/956 957/1072/957 1247/1385/1247 1185/1323/1185
f 1246/1384/1246 1245/1383/1245 1090/1217/1090 971/1086/971
f 1086/1208/1086 1087/1211/1087 1194/1332/1194 1196/1334/1196
f 1087/1211/1087 1088/1213/1088 1192/1330/1192 1194/1332/1194
f 1088/1213/1088 1089/1215/1089 1189/1327/1189 1192/1330/1192
f 1089/1215/1089 1090/1217/1090 1245/1383/1245 1189/1327/1189
f 1228/1366/1228 1294/1434/1294 1305/1446/1305 1306/1447/1306
f 1306/1447/1306 1307/1448/1307 1229/1367/1229 1228/1366/1228
f 1307/1448/1307 1308/1449/1308 1222/1360/1222 1229/1367/1229
f 1308/1449/1308 1309/1450/1309 1212/1350/1212 1222/1360/1222
f 1309/1450/1309 1310/1451/1310 1213/1351/1213 1212/1350/1212
f 1310/1451/1310 1311/1452/1311 1295/1435/1295 1213/1351/1213
f 1311/1452/1311 1312/1453/1312 1257/1395/1257 1295/1435/1295
f 1312/1453/1312 1313/1454/1313 1254/1392/1254 1257/1395/1257
f 1313/1454/1313 1314/1455/1314 1238/1376/1238 1254/1392/1254
f 1314/1455/1314 1315/1465/1315 1237/1375/1237 1238/1376/1238
f 1315/1465/1315 1316/1466/1316 1236/1374/1236 1237/1375/1237
f 1316/1466/1316 1317/1467/1317 1296/1436/1296 1236/1374/1236
f 1317/1467/1317 1318/1468/1318 1287/1427/1287 1296/1436/1296
f 1318/1468/1318 1319/1469/1319 1288/1428/1288 1287/1427/1287
f 1298/1438/1298 1040/1155/1040 1322/1470/1322 1299/1471/1299
f 1299/1471/1299 1300/1472/1300 1045/1160/1045 1298/1438/1298
f 1040/1155/1040 1038/1153/1038 1321/1473/1321 1322/1470/1322
f 1038/1153/1038 1037/1152/1037 1320/1474/1320 1321/1473/1321
f 1037/1152/1037 1288/1428/1288 1319/1469/1319 1320/1474/1320
f 1301/1475/1301 1302/1476/1302 1260/1398/1260 1042/1157/1042
f 1042/1157/1042 1045/1160/1045 1300/1472/1300 1301/1475/1301
f 1302/1476/1302 1303/1477/1303 1258/1396/1258 1260/1398/1260
f 1303/1477/1303 1304/1445/1304 1259/1397/1259 1258/1396/1258
f 1304/1445/1304 1305/1446/1305 1294/1434/1294 1259/1397/1259
f 950/1065/950 951/1066/951 853/958/853 854/959/854
g default
v 13.840756 1.046915 6.415652
v 13.854034 1.003358 6.477326
v 13.708828 1.001161 6.503036
v 13.697001 1.048692 6.431600
v 13.876562 0.949636 6.550037
v 13.885508 0.935293 6.643411
v 13.739973 0.953405 6.670355
v 13.728401 0.965257 6.591875
v 13.893360 0.936338 6.743416
v 13.896763 0.936952 6.820163
v 13.761259 0.943681 6.836943
v 13.753553 0.946535 6.771165
v 13.892623 0.944868 6.888316
v 13.763926 0.932973 6.899889
v 13.570018 0.979230 6.584138
v 13.567845 1.023309 6.522271
v 13.598858 0.939119 6.727247
v 13.582890 0.931474 6.657797
v 13.628576 0.954519 6.864305
v 13.616356 0.953645 6.807426
v 13.637627 0.946954 6.919349
v 13.388965 1.001192 6.725338
v 13.415224 1.053243 6.673584
v 13.431077 0.986173 6.837622
v 13.403574 0.977441 6.792084
v 13.476643 0.995023 6.945460
v 13.460525 0.994672 6.901837
v 13.491116 0.991659 6.992138
v 13.815822 1.144334 6.453450
v 13.837368 1.058549 6.411923
v 13.695041 1.059583 6.429005
v 13.688749 1.136228 6.481879
v 13.567207 1.035875 6.518164
v 13.570374 1.114610 6.558724
v 13.424772 1.064977 6.662661
v 13.466393 1.101049 6.631656
v 13.541164 1.016962 7.034286
v 13.499964 0.994520 7.004836
v 13.640312 0.951166 6.934382
v 13.652283 0.999853 6.995341
v 13.764745 0.936971 6.914701
v 13.769218 0.990011 6.977950
v 13.891680 0.950773 6.903555
v 13.887503 0.998506 6.969835
v 14.002081 0.983179 6.911589
v 13.975004 1.015516 6.964537
v 14.021610 0.973085 6.828990
v 14.007214 0.978479 6.896729
v 14.027323 0.974237 6.749857
v 14.024164 0.994642 6.574614
v 14.028240 0.978948 6.653724
v 13.966478 1.075704 6.471059
v 13.990072 1.035001 6.507648
v 13.904923 1.152975 6.475411
v 13.957596 1.087671 6.466338
v 14.010189 1.169839 6.534021
v 14.061483 1.126455 6.567764
v 14.018991 1.272592 6.595488
v 14.064863 1.239442 6.641126
v 14.003276 1.370573 6.666985
v 14.033346 1.343610 6.717544
v 14.091569 1.101953 6.620962
v 14.100014 1.076189 6.711305
v 14.086988 1.213998 6.687882
v 14.099974 1.183450 6.773754
v 14.035830 1.309408 6.761520
v 14.043575 1.275594 6.829825
v 14.099531 1.062032 6.777211
v 14.091091 1.050199 6.858009
v 14.104561 1.166715 6.827510
v 14.110976 1.148332 6.901387
v 14.051321 1.260709 6.873495
v 14.056046 1.238176 6.926271
v 14.068998 1.044115 6.927828
v 14.089748 1.130663 6.963388
v 14.046499 1.213636 6.975478
v 14.060393 1.045438 6.941550
v 14.009835 1.062418 6.988533
v 14.079810 1.127439 6.975380
v 14.023867 1.119653 7.008128
v 14.039015 1.205923 6.987449
v 14.004536 1.183149 7.013115
v 13.990116 1.256288 7.004507
v 13.974325 1.228284 7.014982
v 13.993254 1.291006 6.951828
v 13.993941 1.267377 6.994491
v 13.984591 1.309248 6.904897
v 13.972511 1.361673 6.812339
v 13.976034 1.328683 6.863368
v 13.962526 1.420629 6.720793
v 13.980141 1.401292 6.770567
v 13.991878 1.373548 6.656952
v 13.943832 1.370363 6.634445
v 13.918102 1.413679 6.676022
v 13.953773 1.422044 6.707911
v 14.005923 1.278680 6.588291
v 13.945488 1.296438 6.573052
v 13.997213 1.178949 6.529613
v 13.935192 1.215463 6.524015
v 13.756502 1.453436 6.792627
v 13.765940 1.441492 6.833933
v 13.887858 1.430673 6.798475
v 13.879698 1.447580 6.757303
v 13.636052 1.434431 6.831979
v 13.645043 1.421682 6.869933
v 13.518755 1.401926 6.872734
v 13.525083 1.396238 6.906501
v 13.776428 1.418832 6.887344
v 13.786621 1.392683 6.938941
v 13.896027 1.373155 6.898614
v 13.891056 1.403452 6.849275
v 13.656567 1.406564 6.923217
v 13.669046 1.385229 6.974324
v 13.535274 1.390081 6.957091
v 13.549349 1.372160 7.003830
v 13.796894 1.371667 6.980426
v 13.807444 1.351930 7.019559
v 13.920335 1.333376 6.977506
v 13.906718 1.350351 6.937158
v 13.680326 1.367578 7.016338
v 13.691128 1.353044 7.053934
v 13.562685 1.349969 7.042517
v 13.573566 1.330694 7.073718
v 13.817583 1.323251 7.056599
v 13.925318 1.303560 7.018883
v 13.704599 1.321443 7.088220
v 13.588453 1.306524 7.107080
v 13.924830 1.290403 7.027188
v 13.917545 1.244325 7.035493
v 13.819813 1.309888 7.064707
v 13.822245 1.264524 7.073341
v 13.707535 1.307531 7.093644
v 13.710764 1.261724 7.090600
v 13.595257 1.294218 7.113531
v 13.613321 1.259092 7.113397
v 13.632706 1.434663 6.816363
v 13.625201 1.422739 6.777317
v 13.518677 1.392450 6.820598
v 13.517504 1.401292 6.856590
v 13.751808 1.453184 6.777380
v 13.735789 1.439344 6.736513
v 13.873960 1.448114 6.742908
v 13.850222 1.433588 6.704701
v 13.386614 1.240820 6.819010
v 13.382376 1.230753 6.854161
v 13.435409 1.325159 6.892355
v 13.436067 1.330724 6.859346
v 13.380468 1.144476 6.760845
v 13.371206 1.124273 6.809235
v 13.373064 1.219896 6.907618
v 13.376745 1.207861 6.955729
v 13.436033 1.315225 6.996246
v 13.429552 1.324323 6.945490
v 13.363024 1.106252 6.861487
v 13.370808 1.094411 6.903649
v 13.400944 1.193346 7.003069
v 13.429131 1.181684 7.034392
v 13.484291 1.268915 7.063337
v 13.460770 1.290853 7.035591
v 13.395579 1.084856 6.961964
v 13.417923 1.082094 7.001716
v 13.451927 1.173204 7.063003
v 13.501463 1.252924 7.096146
v 13.440238 1.080587 7.039380
v 13.513447 1.245813 7.103369
v 13.576435 1.217855 7.104810
v 13.465576 1.169759 7.070931
v 13.536976 1.157034 7.082205
v 13.452823 1.080759 7.048715
v 13.526228 1.085016 7.066244
v 13.388708 1.149931 6.748076
v 13.449986 1.169458 6.703561
v 13.393905 1.243852 6.805583
v 13.450626 1.250391 6.757475
v 13.441374 1.332552 6.844342
v 13.481560 1.336038 6.791579
v 13.571486 1.187608 6.639163
v 13.577419 1.272131 6.694973
v 13.595976 1.366262 6.731642
v 13.695516 1.207510 6.574543
v 13.705473 1.292081 6.634518
v 13.717278 1.385007 6.681138
v 13.828127 1.221994 6.524968
v 13.838079 1.304407 6.584470
v 13.844673 1.384355 6.645539
v 13.913025 1.055585 7.006011
v 13.782288 1.059423 7.015991
v 13.927158 1.121229 7.032660
v 13.797400 1.130983 7.047883
v 13.925825 1.190843 7.042319
v 13.812937 1.204485 7.072984
v 13.654888 1.066503 7.040847
v 13.669882 1.139745 7.065641
v 13.692919 1.206373 7.084688
vt 0.144079 0.642127
vt 0.143970 0.639049
vt 0.138012 0.638305
vt 0.137444 0.641582
vt 0.144254 0.635635
vt 0.144341 0.632319
vt 0.139192 0.631702
vt 0.138763 0.634663
vt 0.144644 0.628746
vt 0.144866 0.625899
vt 0.139966 0.625526
vt 0.139683 0.627966
vt 0.144800 0.623274
vt 0.140046 0.623191
vt 0.132726 0.635264
vt 0.132143 0.638154
vt 0.134285 0.629812
vt 0.133687 0.632224
vt 0.135227 0.624750
vt 0.134840 0.626870
vt 0.135553 0.622670
vt 0.127140 0.630405
vt 0.126129 0.632951
vt 0.128573 0.626532
vt 0.127991 0.628226
vt 0.129554 0.622099
vt 0.129195 0.623953
vt 0.129887 0.620022
vt 0.173635 0.647885
vt 0.173423 0.651535
vt 0.178817 0.650047
vt 0.178254 0.646735
vt 0.184059 0.648000
vt 0.182981 0.644829
vt 0.189419 0.642993
vt 0.187127 0.642880
vt 0.131564 0.617895
vt 0.130059 0.619348
vt 0.135608 0.622077
vt 0.135839 0.619105
vt 0.140064 0.622639
vt 0.140194 0.619592
vt 0.144791 0.622643
vt 0.144686 0.619475
vt 0.149863 0.621713
vt 0.148327 0.619026
vt 0.149698 0.625552
vt 0.149834 0.622539
vt 0.149413 0.628563
vt 0.149012 0.634685
vt 0.149097 0.631943
vt 0.149047 0.640482
vt 0.148816 0.637828
vt 0.170314 0.647729
vt 0.168694 0.650410
vt 0.153300 0.638863
vt 0.152785 0.636014
vt 0.157860 0.637163
vt 0.157178 0.634481
vt 0.161922 0.634910
vt 0.161580 0.632651
vt 0.152875 0.633684
vt 0.153074 0.630443
vt 0.156906 0.632404
vt 0.156969 0.629065
vt 0.161251 0.630682
vt 0.161061 0.627806
vt 0.153264 0.628098
vt 0.153616 0.625141
vt 0.157046 0.627024
vt 0.157278 0.624305
vt 0.160977 0.626038
vt 0.160786 0.623886
vt 0.154016 0.622353
vt 0.157634 0.621841
vt 0.160660 0.621699
vt 0.152148 0.617812
vt 0.149608 0.616723
vt 0.152808 0.614347
vt 0.150122 0.614429
vt 0.151240 0.611287
vt 0.149516 0.612047
vt 0.149304 0.609232
vt 0.148519 0.610240
vt 0.163952 0.623187
vt 0.163880 0.621183
vt 0.164152 0.625185
vt 0.164730 0.629259
vt 0.164421 0.626963
vt 0.165408 0.633334
vt 0.164948 0.631359
vt 0.164841 0.637493
vt 0.166911 0.637803
vt 0.167476 0.635222
vt 0.165628 0.633900
vt 0.165150 0.642087
vt 0.167547 0.641461
vt 0.166386 0.646459
vt 0.168616 0.644964
vt 0.173314 0.630430
vt 0.172976 0.628905
vt 0.168571 0.630298
vt 0.168957 0.631869
vt 0.177639 0.628984
vt 0.177363 0.627453
vt 0.182422 0.627356
vt 0.181992 0.625891
vt 0.172577 0.626787
vt 0.172157 0.624612
vt 0.167983 0.626011
vt 0.168320 0.628188
vt 0.176949 0.625326
vt 0.176485 0.623194
vt 0.181396 0.623884
vt 0.180861 0.621959
vt 0.171737 0.622824
vt 0.171300 0.621108
vt 0.167029 0.622576
vt 0.167511 0.624300
vt 0.176069 0.621435
vt 0.175668 0.619879
vt 0.180430 0.620232
vt 0.180074 0.618801
vt 0.170776 0.619249
vt 0.166629 0.620545
vt 0.175129 0.618069
vt 0.179577 0.617174
vt 0.146687 0.607734
vt 0.146210 0.609460
vt 0.142439 0.606640
vt 0.142336 0.608412
vt 0.137931 0.606466
vt 0.137996 0.608265
vt 0.133459 0.606803
vt 0.134139 0.608180
vt 0.177750 0.629574
vt 0.178075 0.631082
vt 0.182433 0.629739
vt 0.182646 0.628068
vt 0.173482 0.630960
vt 0.174100 0.632440
vt 0.169173 0.632373
vt 0.170079 0.633813
vt 0.190184 0.625622
vt 0.190346 0.624193
vt 0.185835 0.624989
vt 0.185862 0.626361
vt 0.123147 0.630423
vt 0.123869 0.628361
vt 0.120877 0.626878
vt 0.120692 0.628648
vt 0.190284 0.622188
vt 0.189951 0.620247
vt 0.185155 0.621160
vt 0.185561 0.622978
vt 0.124514 0.626296
vt 0.124975 0.624669
vt 0.121574 0.622717
vt 0.121224 0.624796
vt 0.189182 0.618318
vt 0.188416 0.616816
vt 0.184192 0.617726
vt 0.184669 0.619317
vt 0.125571 0.622273
vt 0.125978 0.620504
vt 0.122717 0.618771
vt 0.122113 0.620484
vt 0.187415 0.615059
vt 0.183673 0.616163
vt 0.126393 0.618755
vt 0.123532 0.617500
vt 0.130289 0.608776
vt 0.132749 0.609794
vt 0.128523 0.612017
vt 0.131289 0.612306
vt 0.128055 0.615612
vt 0.130923 0.615116
vt 0.190076 0.638207
vt 0.187300 0.639056
vt 0.189029 0.634021
vt 0.186509 0.635343
vt 0.186404 0.630716
vt 0.184378 0.632143
vt 0.182480 0.640767
vt 0.181441 0.637031
vt 0.179629 0.633559
vt 0.177588 0.642483
vt 0.176460 0.638717
vt 0.175113 0.635087
vt 0.172543 0.644070
vt 0.171451 0.640331
vt 0.170564 0.636617
vt 0.145715 0.616862
vt 0.140689 0.616603
vt 0.146263 0.614161
vt 0.141270 0.613615
vt 0.146290 0.611520
vt 0.141865 0.610664
vt 0.135819 0.616034
vt 0.136373 0.613078
vt 0.137255 0.610410
vt 0.144117 0.642647
vt 0.149156 0.641261
vt 0.137247 0.641986
vt 0.131868 0.638620
vt 0.125898 0.633654
vt 0.122909 0.631073
vt 0.153451 0.639536
vt 0.158067 0.637781
vt 0.161954 0.635466
vt 0.185754 0.627066
vt 0.190153 0.626267
vt 0.120597 0.629342
vt 0.126604 0.618126
vt 0.154165 0.621721
vt 0.157785 0.621232
vt 0.160627 0.621033
vt 0.163906 0.620511
vt 0.166465 0.619914
vt 0.170577 0.618626
vt 0.174971 0.617487
vt 0.179364 0.616605
vt 0.183395 0.615590
vt 0.187142 0.614492
vt 0.123810 0.616902
vn 0.165380 -0.508755 -0.844878
vn 0.119379 -0.794298 -0.595684
vn -0.120786 -0.857733 -0.499704
vn -0.242487 -0.597180 -0.764576
vn 0.087998 -0.926987 -0.364625
vn 0.088662 -0.991679 -0.093343
vn -0.016563 -0.998953 -0.042643
vn -0.051847 -0.959079 -0.278350
vn 0.100171 -0.994869 -0.014219
vn 0.126145 -0.991694 0.025092
vn -0.058396 -0.997303 -0.044454
vn -0.048840 -0.998807 0.000482
vn 0.164294 -0.965969 0.199776
vn -0.011607 -0.994101 0.107835
vn -0.331739 -0.801404 -0.497695
vn -0.537419 -0.479213 -0.693928
vn -0.021934 -0.995405 0.093205
vn -0.122989 -0.976936 -0.174554
vn -0.174856 -0.984219 -0.027178
vn -0.096718 -0.992382 0.076319
vn -0.157618 -0.982320 0.101013
vn -0.824235 -0.440068 -0.356339
vn -0.820382 -0.136342 -0.555323
vn -0.478379 -0.835894 0.269138
vn -0.675355 -0.736600 0.036275
vn -0.505338 -0.847581 0.161987
vn -0.459149 -0.857935 0.230500
vn -0.452615 -0.837505 0.306145
vn -0.023751 0.582895 -0.812201
vn 0.109513 0.135910 -0.984650
vn -0.371481 0.086741 -0.924380
vn -0.364988 0.597572 -0.713927
vn -0.632871 0.072034 -0.770899
vn -0.532900 0.519374 -0.668033
vn -0.734201 0.183410 -0.653690
vn -0.595572 0.449719 -0.665618
vn -0.000248 -0.614692 0.788767
vn -0.219605 -0.756417 0.616123
vn -0.030841 -0.888292 0.458243
vn 0.090129 -0.659452 0.746325
vn 0.050023 -0.883534 0.465687
vn 0.081103 -0.662339 0.744801
vn 0.169192 -0.864962 0.472456
vn 0.140488 -0.676295 0.723111
vn 0.353157 -0.783692 0.510985
vn 0.258513 -0.681714 0.684425
vn 0.516476 -0.852169 0.084028
vn 0.450808 -0.846952 0.281859
vn 0.555287 -0.831421 -0.019879
vn 0.622236 -0.658485 -0.423344
vn 0.598131 -0.792045 -0.122085
vn 0.557565 -0.116611 -0.821902
vn 0.586346 -0.424063 -0.690195
vn 0.230382 0.501522 -0.833906
vn 0.415902 0.261903 -0.870880
vn 0.653444 0.257350 -0.711886
vn 0.813774 0.087142 -0.574612
vn 0.691911 0.430891 -0.579303
vn 0.870910 0.358128 -0.336541
vn 0.698705 0.629459 -0.339990
vn 0.858403 0.512920 0.007586
vn 0.941118 -0.115576 -0.317711
vn 0.958979 -0.265650 -0.098938
vn 0.950784 0.293981 -0.097899
vn 0.965038 0.262093 -0.002950
vn 0.846819 0.491854 0.202426
vn 0.791288 0.592838 0.149691
vn 0.932530 -0.360249 -0.024690
vn 0.877186 -0.466870 0.112148
vn 0.974982 0.221262 0.021292
vn 0.974703 0.121520 0.187581
vn 0.774613 0.619017 0.129591
vn 0.782953 0.561413 0.267957
vn 0.756103 -0.551266 0.352723
vn 0.874503 -0.008947 0.484937
vn 0.736494 0.423220 0.527695
vn 0.574869 -0.560926 0.595725
vn 0.333000 -0.516511 0.788877
vn 0.668180 -0.111081 0.735660
vn 0.397467 -0.193166 0.897054
vn 0.585388 0.246919 0.772238
vn 0.405720 0.109337 0.907434
vn 0.498011 0.296639 0.814856
vn 0.393929 0.165536 0.904112
vn 0.617052 0.725220 0.305453
vn 0.611327 0.556836 0.562328
vn 0.597922 0.771762 0.216503
vn 0.647871 0.635547 0.419932
vn 0.620865 0.727768 0.291344
vn 0.503712 0.862406 -0.050288
vn 0.629774 0.713567 0.306932
vn 0.450756 0.685135 -0.572197
vn 0.145857 0.693594 -0.705446
vn 0.125796 0.819303 -0.559390
vn 0.309717 0.881924 -0.355368
vn 0.467075 0.497672 -0.730865
vn 0.164605 0.567076 -0.807050
vn 0.463262 0.389615 -0.795983
vn 0.195287 0.528895 -0.825914
vn -0.001577 0.986763 0.162159
vn 0.073452 0.938236 0.338110
vn 0.314250 0.872273 0.374682
vn 0.216916 0.969039 0.117946
vn -0.153253 0.974568 0.163494
vn -0.082042 0.954664 0.286157
vn -0.444140 0.889103 0.110617
vn -0.381624 0.903304 0.195970
vn 0.133829 0.907240 0.398754
vn 0.181691 0.892347 0.413164
vn 0.432397 0.816028 0.383577
vn 0.394682 0.802309 0.447801
vn -0.024060 0.940964 0.337650
vn 0.024804 0.912203 0.408987
vn -0.307153 0.915296 0.260557
vn -0.237724 0.858554 0.454283
vn 0.195908 0.904619 0.378530
vn 0.224505 0.856546 0.464679
vn 0.430560 0.821486 0.373870
vn 0.423909 0.853316 0.303568
vn 0.027067 0.905985 0.422444
vn 0.049602 0.848831 0.526332
vn -0.237668 0.791231 0.563442
vn -0.258512 0.744105 0.616019
vn 0.278330 0.650137 0.707004
vn 0.447211 0.635266 0.629635
vn 0.121305 0.629697 0.767311
vn -0.187759 0.569403 0.800329
vn 0.412839 0.315756 0.854320
vn 0.359235 0.126891 0.924580
vn 0.298385 0.306277 0.903969
vn 0.256697 0.047956 0.965301
vn 0.183702 0.254444 0.949480
vn 0.177245 -0.061060 0.982271
vn -0.026686 0.180765 0.983164
vn 0.098739 -0.109415 0.989080
vn -0.247840 0.963554 -0.100693
vn -0.355289 0.830536 -0.428928
vn -0.493785 0.774475 -0.395430
vn -0.491657 0.857224 -0.153104
vn -0.094718 0.986561 -0.133141
vn -0.200999 0.861738 -0.465840
vn 0.099239 0.974103 -0.203162
vn -0.026395 0.854163 -0.519336
vn -0.907147 0.375782 -0.189399
vn -0.945145 0.320152 -0.064829
vn -0.759651 0.647519 0.060411
vn -0.763423 0.645478 -0.023334
vn -0.925062 0.159941 -0.344499
vn -0.989048 0.024107 -0.145614
vn -0.960030 0.278181 0.030939
vn -0.932279 0.148874 0.329686
vn -0.683692 0.577882 0.445666
vn -0.735011 0.664364 0.135570
vn -0.985859 -0.149365 0.075977
vn -0.895306 -0.330958 0.298152
vn -0.821015 0.050434 0.568674
vn -0.786773 0.063465 0.613971
vn -0.609151 0.429316 0.666800
vn -0.601665 0.448454 0.660975
vn -0.816883 -0.408850 0.406872
vn -0.805825 -0.391171 0.444558
vn -0.686157 0.006262 0.727426
vn -0.546035 0.309093 0.778657
vn -0.704183 -0.378889 0.600474
vn -0.283165 -0.018086 0.958901
vn 0.004617 -0.243598 0.969865
vn -0.370275 -0.162518 0.914595
vn -0.041599 -0.280392 0.958984
vn -0.394807 -0.375216 0.838654
vn -0.039719 -0.376445 0.925587
vn -0.759201 0.332837 -0.559314
vn -0.557542 0.497345 -0.664677
vn -0.743231 0.462687 -0.483248
vn -0.551124 0.478156 -0.683834
vn -0.698980 0.643569 -0.311844
vn -0.566186 0.589111 -0.576525
vn -0.455780 0.593170 -0.663637
vn -0.450919 0.475047 -0.755647
vn -0.433587 0.564944 -0.702027
vn -0.373618 0.640111 -0.671317
vn -0.373846 0.517627 -0.769611
vn -0.309851 0.613360 -0.726486
vn -0.134410 0.636077 -0.759829
vn -0.165719 0.577030 -0.799733
vn -0.120953 0.667261 -0.734938
vn 0.130079 -0.471881 0.872014
vn 0.094417 -0.461018 0.882353
vn 0.182215 -0.277950 0.943155
vn 0.113073 -0.340767 0.933324
vn 0.287973 -0.017226 0.957484
vn 0.177261 -0.153023 0.972195
vn 0.128425 -0.422783 0.897085
vn 0.109268 -0.336949 0.935161
vn 0.125654 -0.252461 0.959413
s 1
g Feet M_Skeleton L_F_Middle_Phalanx_5
usemtl Skeleton_Feet_SG
f 1323/1478/1323 1324/1479/1324 1325/1480/1325 1326/1481/1326
f 1327/1482/1327 1328/1483/1328 1329/1484/1329 1330/1485/1330
f 1331/1486/1331 1332/1487/1332 1333/1488/1333 1334/1489/1334
f 1332/1487/1332 1335/1490/1335 1336/1491/1336 1333/1488/1333
f 1326/1481/1326 1325/1480/1325 1337/1492/1337 1338/1493/1338
f 1330/1485/1330 1329/1484/1329 1339/1494/1339 1340/1495/1340
f 1334/1489/1334 1333/1488/1333 1341/1496/1341 1342/1497/1342
f 1333/1488/1333 1336/1491/1336 1343/1498/1343 1341/1496/1341
f 1338/1493/1338 1337/1492/1337 1344/1499/1344 1345/1500/1345
f 1340/1495/1340 1339/1494/1339 1346/1501/1346 1347/1502/1347
f 1342/1497/1342 1341/1496/1341 1348/1503/1348 1349/1504/1349
f 1341/1496/1341 1343/1498/1343 1350/1505/1350 1348/1503/1348
f 1351/1506/1351 1352/1507/1352 1353/1508/1353 1354/1509/1354
f 1354/1509/1354 1353/1508/1353 1355/1510/1355 1356/1511/1356
f 1356/1511/1356 1355/1510/1355 1357/1512/1357 1358/1513/1358
f 1359/1514/1359 1360/1515/1360 1361/1516/1361 1362/1517/1362
f 1362/1517/1362 1361/1516/1361 1363/1518/1363 1364/1519/1364
f 1364/1519/1364 1363/1518/1363 1365/1520/1365 1366/1521/1366
f 1366/1521/1366 1365/1520/1365 1367/1522/1367 1368/1523/1368
f 1335/1490/1335 1332/1487/1332 1369/1524/1369 1370/1525/1370
f 1332/1487/1332 1331/1486/1331 1371/1526/1371 1369/1524/1369
f 1328/1483/1328 1327/1482/1327 1372/1527/1372 1373/1528/1373
f 1324/1479/1324 1323/1478/1323 1374/1529/1374 1375/1530/1375
f 1352/1507/1352 1351/1506/1351 1376/1531/1376 1377/1532/1377
f 1378/1533/1378 1379/1534/1379 1375/1530/1375 1374/1529/1374
f 1380/1535/1380 1381/1536/1381 1379/1534/1379 1378/1533/1378
f 1382/1537/1382 1383/1538/1383 1381/1536/1381 1380/1535/1380
f 1384/1539/1384 1385/1540/1385 1373/1528/1373 1372/1527/1372
f 1386/1541/1386 1387/1542/1387 1385/1540/1385 1384/1539/1384
f 1388/1543/1388 1389/1544/1389 1387/1542/1387 1386/1541/1386
f 1390/1545/1390 1391/1546/1391 1369/1524/1369 1371/1526/1371
f 1392/1547/1392 1393/1548/1393 1391/1546/1391 1390/1545/1390
f 1394/1549/1394 1395/1550/1395 1393/1548/1393 1392/1547/1392
f 1369/1524/1369 1391/1546/1391 1396/1551/1396 1370/1525/1370
f 1391/1546/1391 1393/1548/1393 1397/1552/1397 1396/1551/1396
f 1393/1548/1393 1395/1550/1395 1398/1553/1398 1397/1552/1397
f 1399/1554/1399 1400/1555/1400 1368/1523/1368 1367/1522/1367
f 1401/1556/1401 1402/1557/1402 1400/1555/1400 1399/1554/1399
f 1403/1558/1403 1404/1559/1404 1402/1557/1402 1401/1556/1401
f 1405/1560/1405 1406/1561/1406 1404/1559/1404 1403/1558/1403
f 1398/1553/1398 1395/1550/1395 1407/1562/1407 1408/1563/1408
f 1407/1562/1407 1395/1550/1395 1394/1549/1394 1409/1564/1409
f 1389/1544/1389 1388/1543/1388 1410/1565/1410 1411/1566/1411
f 1383/1538/1383 1382/1537/1382 1412/1567/1412 1413/1568/1413
f 1414/1569/1414 1415/1570/1415 1416/1571/1416 1417/1572/1417
f 1418/1573/1418 1419/1574/1419 1415/1570/1415 1414/1569/1414
f 1420/1575/1420 1421/1576/1421 1419/1574/1419 1418/1573/1418
f 1377/1532/1377 1376/1531/1376 1421/1576/1421 1420/1575/1420
f 1422/1577/1422 1423/1578/1423 1424/1579/1424 1425/1580/1425
f 1426/1581/1426 1427/1582/1427 1423/1578/1423 1422/1577/1422
f 1428/1583/1428 1429/1584/1429 1427/1582/1427 1426/1581/1426
f 1430/1585/1430 1431/1586/1431 1432/1587/1432 1433/1588/1433
f 1434/1589/1434 1435/1590/1435 1431/1586/1431 1430/1585/1430
f 1436/1591/1436 1437/1592/1437 1435/1590/1435 1434/1589/1434
f 1438/1593/1438 1439/1594/1439 1440/1595/1440 1441/1596/1441
f 1442/1597/1442 1443/1598/1443 1439/1594/1439 1438/1593/1438
f 1444/1599/1444 1445/1600/1445 1443/1598/1443 1442/1597/1442
f 1440/1595/1440 1439/1594/1439 1446/1601/1446 1447/1602/1447
f 1439/1594/1439 1443/1598/1443 1448/1603/1448 1446/1601/1446
f 1443/1598/1443 1445/1600/1445 1449/1604/1449 1448/1603/1448
f 1425/1580/1425 1424/1579/1424 1413/1568/1413 1412/1567/1412
f 1433/1588/1433 1432/1587/1432 1411/1566/1411 1410/1565/1410
f 1441/1596/1441 1440/1595/1440 1407/1562/1407 1409/1564/1409
f 1407/1562/1407 1440/1595/1440 1447/1602/1447 1408/1563/1408
f 1450/1605/1450 1451/1606/1451 1406/1561/1406 1405/1560/1405
f 1452/1607/1452 1453/1608/1453 1451/1606/1451 1450/1605/1450
f 1454/1609/1454 1455/1610/1455 1453/1608/1453 1452/1607/1452
f 1456/1611/1456 1457/1612/1457 1455/1610/1455 1454/1609/1454
f 1458/1613/1458 1459/1614/1459 1460/1615/1460 1461/1616/1461
f 1462/1617/1462 1463/1618/1463 1459/1614/1459 1458/1613/1458
f 1464/1619/1464 1465/1620/1465 1463/1618/1463 1462/1617/1462
f 1417/1572/1417 1416/1571/1416 1465/1620/1465 1464/1619/1464
f 1466/1621/1466 1467/1622/1467 1468/1623/1468 1469/1624/1469
f 1470/1625/1470 1471/1626/1471 1467/1627/1467 1466/1628/1466
f 1345/1500/1345 1344/1499/1344 1471/1626/1471 1470/1625/1470
f 1472/1629/1472 1473/1630/1473 1474/1631/1474 1475/1632/1475
f 1476/1633/1476 1477/1634/1477 1473/1635/1473 1472/1636/1472
f 1347/1502/1347 1346/1501/1346 1477/1634/1477 1476/1633/1476
f 1478/1637/1478 1479/1638/1479 1480/1639/1480 1481/1640/1481
f 1482/1641/1482 1483/1642/1483 1479/1643/1479 1478/1644/1478
f 1349/1504/1349 1348/1503/1348 1483/1642/1483 1482/1641/1482
f 1480/1639/1480 1479/1638/1479 1484/1645/1484 1485/1646/1485
f 1479/1643/1479 1483/1642/1483 1486/1647/1486 1484/1648/1484
f 1483/1642/1483 1348/1503/1348 1350/1505/1350 1486/1647/1486
f 1469/1624/1469 1468/1623/1468 1429/1584/1429 1428/1583/1428
f 1475/1632/1475 1474/1631/1474 1437/1592/1437 1436/1591/1436
f 1481/1640/1481 1480/1639/1480 1445/1600/1445 1444/1599/1444
f 1445/1600/1445 1480/1639/1480 1485/1646/1485 1449/1604/1449
f 1487/1649/1487 1488/1650/1488 1457/1612/1457 1456/1611/1456
f 1489/1651/1489 1490/1652/1490 1488/1650/1488 1487/1649/1487
f 1491/1653/1491 1492/1654/1492 1490/1652/1490 1489/1651/1489
f 1360/1515/1360 1359/1514/1359 1492/1654/1492 1491/1653/1491
f 1493/1655/1493 1494/1656/1494 1358/1513/1358 1357/1512/1357
f 1495/1657/1495 1496/1658/1496 1494/1656/1494 1493/1655/1493
f 1497/1659/1497 1498/1660/1498 1496/1658/1496 1495/1657/1495
f 1461/1616/1461 1460/1615/1460 1498/1660/1498 1497/1659/1497
f 1358/1513/1358 1494/1656/1494 1499/1661/1499 1356/1511/1356
f 1494/1656/1494 1496/1658/1496 1500/1662/1500 1499/1661/1499
f 1496/1658/1496 1498/1660/1498 1501/1663/1501 1500/1662/1500
f 1356/1511/1356 1499/1661/1499 1502/1664/1502 1354/1509/1354
f 1499/1661/1499 1500/1662/1500 1503/1665/1503 1502/1664/1502
f 1500/1662/1500 1501/1663/1501 1504/1666/1504 1503/1665/1503
f 1354/1509/1354 1502/1664/1502 1505/1667/1505 1351/1506/1351
f 1502/1664/1502 1503/1665/1503 1506/1668/1506 1505/1667/1505
f 1503/1665/1503 1504/1666/1504 1507/1669/1507 1506/1668/1506
f 1351/1506/1351 1505/1667/1505 1421/1576/1421 1376/1531/1376
f 1505/1667/1505 1506/1668/1506 1419/1574/1419 1421/1576/1421
f 1506/1668/1506 1507/1669/1507 1415/1570/1415 1419/1574/1419
f 1507/1669/1507 1465/1620/1465 1416/1571/1416 1415/1570/1415
f 1465/1620/1465 1507/1669/1507 1504/1666/1504 1463/1618/1463
f 1463/1618/1463 1504/1666/1504 1501/1663/1501 1459/1614/1459
f 1459/1614/1459 1501/1663/1501 1498/1660/1498 1460/1615/1460
f 1366/1521/1366 1508/1670/1508 1509/1671/1509 1364/1519/1364
f 1508/1670/1508 1510/1672/1510 1511/1673/1511 1509/1671/1509
f 1510/1672/1510 1512/1674/1512 1513/1675/1513 1511/1673/1511
f 1364/1519/1364 1509/1671/1509 1514/1676/1514 1362/1517/1362
f 1509/1671/1509 1511/1673/1511 1515/1677/1515 1514/1676/1514
f 1511/1673/1511 1513/1675/1513 1516/1678/1516 1515/1677/1515
f 1362/1517/1362 1514/1676/1514 1492/1654/1492 1359/1514/1359
f 1514/1676/1514 1515/1677/1515 1490/1652/1490 1492/1654/1492
f 1515/1677/1515 1516/1678/1516 1488/1650/1488 1490/1652/1490
f 1457/1612/1457 1488/1650/1488 1516/1678/1516 1455/1610/1455
f 1455/1610/1455 1516/1678/1516 1513/1675/1513 1453/1608/1453
f 1453/1608/1453 1513/1675/1513 1512/1674/1512 1451/1606/1451
f 1451/1606/1451 1512/1674/1512 1404/1559/1404 1406/1561/1406
f 1512/1674/1512 1510/1672/1510 1402/1557/1402 1404/1559/1404
f 1510/1672/1510 1508/1670/1508 1400/1555/1400 1402/1557/1402
f 1508/1670/1508 1366/1521/1366 1368/1523/1368 1400/1555/1400
f 1328/1483/1328 1373/1528/1373 1371/1526/1371 1331/1486/1331
f 1331/1486/1331 1334/1489/1334 1329/1484/1329 1328/1483/1328
f 1334/1489/1334 1342/1497/1342 1339/1494/1339 1329/1484/1329
f 1342/1497/1342 1349/1504/1349 1346/1501/1346 1339/1494/1339
f 1349/1504/1349 1482/1641/1482 1477/1634/1477 1346/1501/1346
f 1373/1528/1373 1385/1540/1385 1390/1545/1390 1371/1526/1371
f 1385/1540/1385 1387/1542/1387 1392/1547/1392 1390/1545/1390
f 1387/1542/1387 1389/1544/1389 1394/1549/1394 1392/1547/1392
f 1389/1544/1389 1411/1566/1411 1409/1564/1409 1394/1549/1394
f 1411/1566/1411 1432/1587/1432 1441/1596/1441 1409/1564/1409
f 1432/1587/1432 1431/1586/1431 1438/1593/1438 1441/1596/1441
f 1431/1586/1431 1435/1590/1435 1442/1597/1442 1438/1593/1438
f 1435/1590/1435 1437/1592/1437 1444/1599/1444 1442/1597/1442
f 1437/1592/1437 1474/1631/1474 1481/1640/1481 1444/1599/1444
f 1474/1631/1474 1473/1630/1473 1478/1637/1478 1481/1640/1481
f 1473/1635/1473 1477/1634/1477 1482/1641/1482 1478/1644/1478
f 1324/1479/1324 1375/1530/1375 1372/1527/1372 1327/1482/1327
f 1327/1482/1327 1330/1485/1330 1325/1480/1325 1324/1479/1324
f 1330/1485/1330 1340/1495/1340 1337/1492/1337 1325/1480/1325
f 1340/1495/1340 1347/1502/1347 1344/1499/1344 1337/1492/1337
f 1347/1502/1347 1476/1633/1476 1471/1626/1471 1344/1499/1344
f 1375/1530/1375 1379/1534/1379 1384/1539/1384 1372/1527/1372
f 1379/1534/1379 1381/1536/1381 1386/1541/1386 1384/1539/1384
f 1381/1536/1381 1383/1538/1383 1388/1543/1388 1386/1541/1386
f 1383/1538/1383 1413/1568/1413 1410/1565/1410 1388/1543/1388
f 1413/1568/1413 1424/1579/1424 1433/1588/1433 1410/1565/1410
f 1424/1579/1424 1423/1578/1423 1430/1585/1430 1433/1588/1433
f 1423/1578/1423 1427/1582/1427 1434/1589/1434 1430/1585/1430
f 1427/1582/1427 1429/1584/1429 1436/1591/1436 1434/1589/1434
f 1429/1584/1429 1468/1623/1468 1475/1632/1475 1436/1591/1436
f 1468/1623/1468 1467/1622/1467 1472/1629/1472 1475/1632/1475
f 1467/1627/1467 1471/1626/1471 1476/1633/1476 1472/1636/1472
f 1352/1679/1352 1377/1680/1377 1374/1529/1374 1323/1478/1323
f 1323/1478/1323 1326/1481/1326 1353/1681/1353 1352/1679/1352
f 1326/1481/1326 1338/1493/1338 1355/1682/1355 1353/1681/1353
f 1338/1493/1338 1345/1500/1345 1357/1683/1357 1355/1682/1355
f 1345/1500/1345 1470/1625/1470 1493/1684/1493 1357/1683/1357
f 1377/1680/1377 1420/1685/1420 1378/1533/1378 1374/1529/1374
f 1420/1685/1420 1418/1686/1418 1380/1535/1380 1378/1533/1378
f 1418/1686/1418 1414/1687/1414 1382/1537/1382 1380/1535/1380
f 1414/1687/1414 1417/1572/1417 1412/1567/1412 1382/1537/1382
f 1417/1572/1417 1464/1619/1464 1425/1580/1425 1412/1567/1412
f 1464/1619/1464 1462/1617/1462 1422/1577/1422 1425/1580/1425
f 1462/1617/1462 1458/1613/1458 1426/1581/1426 1422/1577/1422
f 1458/1613/1458 1461/1616/1461 1428/1583/1428 1426/1581/1426
f 1461/1616/1461 1497/1688/1497 1469/1624/1469 1428/1583/1428
f 1497/1688/1497 1495/1689/1495 1466/1621/1466 1469/1624/1469
f 1495/1690/1495 1493/1684/1493 1470/1625/1470 1466/1628/1466
f 1335/1490/1335 1370/1525/1370 1367/1522/1367 1365/1520/1365
f 1365/1520/1365 1363/1518/1363 1336/1491/1336 1335/1490/1335
f 1363/1518/1363 1361/1516/1361 1343/1498/1343 1336/1491/1336
f 1361/1516/1361 1360/1515/1360 1350/1505/1350 1343/1498/1343
f 1360/1515/1360 1491/1691/1491 1486/1647/1486 1350/1505/1350
f 1370/1525/1370 1396/1551/1396 1399/1692/1399 1367/1522/1367
f 1396/1551/1396 1397/1552/1397 1401/1693/1401 1399/1692/1399
f 1397/1552/1397 1398/1553/1398 1403/1694/1403 1401/1693/1401
f 1398/1553/1398 1408/1563/1408 1405/1695/1405 1403/1694/1403
f 1408/1563/1408 1447/1602/1447 1450/1696/1450 1405/1695/1405
f 1447/1602/1447 1446/1601/1446 1452/1697/1452 1450/1696/1450
f 1446/1601/1446 1448/1603/1448 1454/1698/1454 1452/1697/1452
f 1448/1603/1448 1449/1604/1449 1456/1699/1456 1454/1698/1454
f 1449/1604/1449 1485/1646/1485 1487/1700/1487 1456/1699/1456
f 1485/1646/1485 1484/1645/1484 1489/1701/1489 1487/1700/1487
f 1484/1648/1484 1486/1647/1486 1491/1691/1491 1489/1702/1489
g default
v 10.946424 1.062719 9.770844
v 10.940755 1.037584 9.750099
v 10.869544 1.017927 9.797429
v 10.890874 1.034448 9.803740
v 10.771215 1.122034 9.984038
v 10.836069 1.136751 9.952826
v 10.836929 1.074922 9.907425
v 10.765892 1.049017 9.937576
v 11.006718 1.316499 9.938085
v 10.942892 1.286886 9.966379
v 10.919322 1.333688 9.997383
v 10.987585 1.380315 9.967348
v 10.925959 1.113748 9.862636
v 10.937937 1.082628 9.810482
v 10.861897 1.048303 9.842433
v 10.926544 1.164667 9.904674
v 11.089186 1.108022 9.710378
v 11.155528 1.128545 9.691034
v 11.157162 1.105089 9.663229
v 11.081936 1.080026 9.682076
v 11.094902 1.220308 9.832455
v 11.190454 1.247518 9.803786
v 11.191734 1.198728 9.759439
v 11.097118 1.173818 9.790194
v 11.150824 1.401281 9.925036
v 11.149222 1.347368 9.895081
v 11.075356 1.340498 9.917076
v 11.054131 1.400518 9.942974
v 11.282295 1.217332 9.730317
v 11.279270 1.274038 9.781815
v 11.353243 1.300619 9.761896
v 11.362255 1.232282 9.703171
v 10.854456 0.924383 9.840067
v 10.858067 0.998720 9.799742
v 10.938792 1.016580 9.746599
v 10.956215 0.934991 9.779252
v 10.919409 1.357202 10.062131
v 10.912781 1.346536 10.012272
v 10.852415 1.276308 10.024791
v 10.848318 1.267156 10.083921
v 10.857231 1.250745 10.137593
v 10.892403 1.217985 10.196911
v 10.972567 1.320680 10.167831
v 10.938550 1.358038 10.102674
v 10.932341 1.179605 10.247791
v 11.010672 1.274934 10.228113
v 10.974505 1.141271 10.296947
v 11.050823 1.216802 10.266699
v 11.015039 1.109808 10.347717
v 11.082106 1.169798 10.333971
v 11.054161 1.080106 10.408733
v 11.115561 1.131136 10.402669
v 11.083881 1.055906 10.480699
v 11.095748 1.040357 10.563332
v 11.176361 1.094419 10.557610
v 11.147385 1.105177 10.476401
v 11.128223 1.014589 10.628660
v 11.209135 1.066103 10.630157
v 11.164127 0.985178 10.689698
v 11.240984 1.027799 10.696066
v 11.206619 0.948583 10.739447
v 11.270691 0.976480 10.749123
v 11.054190 1.377988 10.135693
v 11.019388 1.424966 10.064801
v 11.083128 1.330152 10.186718
v 11.108882 1.258497 10.221282
v 11.145164 1.205659 10.312547
v 11.177901 1.164526 10.388494
v 11.236599 1.118681 10.545925
v 11.208784 1.134893 10.465117
v 11.268479 1.090452 10.623751
v 11.299486 1.053465 10.696558
v 11.323666 0.996862 10.754062
v 11.111087 1.392179 10.117929
v 11.215057 1.380670 10.092215
v 11.187718 1.431478 10.028946
v 11.074869 1.441282 10.048390
v 11.140530 1.351278 10.173238
v 11.233980 1.339986 10.153080
v 11.165770 1.280046 10.210175
v 11.250477 1.278467 10.206776
v 11.208609 1.224584 10.295288
v 11.282564 1.227983 10.276687
v 11.241843 1.182478 10.371906
v 11.311461 1.186864 10.348278
v 11.297111 1.133276 10.536057
v 11.364643 1.139131 10.524369
v 11.338297 1.156629 10.430077
v 11.271130 1.151506 10.450737
v 11.329258 1.106405 10.615875
v 11.394287 1.115114 10.603271
v 11.361086 1.071577 10.691555
v 11.420725 1.079916 10.678806
v 11.382574 1.011758 10.747841
v 11.439469 1.023592 10.734632
v 11.322166 1.363954 10.034877
v 11.296832 1.398046 9.970145
v 11.340092 1.314512 10.100630
v 11.350182 1.263490 10.167845
v 11.364939 1.216943 10.235607
v 11.384509 1.176458 10.308831
v 11.447117 1.136800 10.471128
v 11.412333 1.148653 10.387665
v 11.472889 1.108774 10.548406
v 11.493705 1.073385 10.624300
v 11.503696 1.024011 10.691977
v 10.997288 1.417585 10.026249
v 10.983038 1.397565 9.980865
v 11.173543 1.431699 9.985447
v 11.152748 1.416612 9.938101
v 11.050797 1.418520 9.956257
v 11.061162 1.437265 10.003988
v 11.374730 1.380136 9.857397
v 11.322744 1.368604 9.831512
v 11.237293 1.393316 9.893864
v 11.271228 1.401743 9.932573
v 11.491638 0.969606 10.733122
v 11.450013 0.954210 10.760727
v 11.404369 0.940004 10.778442
v 11.289841 0.914098 10.784035
v 11.344709 0.926683 10.789687
v 11.254045 0.905531 10.774496
v 11.412123 1.380338 9.884615
v 11.439609 1.345117 9.961203
v 11.514221 1.277784 9.880856
v 11.478966 1.313757 9.802409
v 11.449076 1.286516 10.052027
v 11.529264 1.226175 10.003422
v 11.427088 1.224836 10.117823
v 11.478666 1.163713 10.073738
v 11.432222 1.184644 10.185227
v 11.478468 1.132021 10.135540
v 11.448186 1.146917 10.260676
v 11.492440 1.097997 10.212432
v 11.478640 1.120828 10.338219
v 11.526356 1.112764 10.415251
v 11.590636 1.057191 10.363219
v 11.527246 1.071153 10.289493
v 11.547048 1.079996 10.495648
v 11.605309 1.022668 10.449450
v 11.553371 1.041040 10.575447
v 11.596811 0.985006 10.534716
v 11.546150 0.991788 10.651691
v 11.574136 0.942335 10.617697
v 11.539069 1.180639 9.801744
v 11.498325 1.218328 9.724556
v 11.552299 1.135805 9.939396
v 11.504167 1.089037 10.015549
v 11.497847 1.065672 10.088269
v 11.509054 1.035646 10.170250
v 11.618279 0.976900 10.310432
v 11.545492 1.005159 10.246027
v 11.628998 0.944185 10.401571
v 11.606494 0.917734 10.491177
v 11.580345 0.885591 10.582067
v 11.510654 1.068273 9.754921
v 11.461720 1.107137 9.689844
v 11.521969 1.032400 9.876681
v 11.496897 1.016046 9.966129
v 11.484009 0.996591 10.055537
v 11.491739 0.969278 10.143555
v 11.586086 0.892400 10.274673
v 11.523535 0.937212 10.219302
v 11.596617 0.863420 10.365160
v 11.580019 0.850431 10.457476
v 11.561633 0.829187 10.553033
v 11.438013 1.313284 9.777422
v 11.377813 1.307668 9.759184
v 11.453352 1.226366 9.706415
v 11.387954 1.233968 9.697404
v 11.415859 1.138055 9.667444
v 11.350428 1.169027 9.658147
v 11.214167 1.016016 9.678771
v 11.164082 1.086897 9.655994
v 11.243765 1.124132 9.649735
v 11.310951 1.069707 9.665570
v 11.423330 0.971998 9.765724
v 11.377750 1.013868 9.695703
v 11.440886 0.947698 9.851581
v 11.434933 0.936960 9.948325
v 11.431410 0.925378 10.047948
v 11.441093 0.904916 10.137625
v 11.508530 0.830885 10.275601
v 11.467205 0.874841 10.216208
v 11.521580 0.806654 10.361537
v 11.526397 0.790811 10.450832
v 11.525173 0.777101 10.543698
v 11.527767 0.802316 10.640943
v 11.509012 0.776819 10.619110
v 11.535967 0.846895 10.672306
v 11.529080 0.895334 10.699263
v 11.510834 0.939211 10.719589
v 11.298103 0.894319 9.786978
v 11.263125 0.945982 9.718344
v 11.315968 0.879049 9.879272
v 11.326522 0.866644 9.972826
v 11.348270 0.864103 10.063066
v 11.369618 0.850996 10.151510
v 11.416467 0.775995 10.306370
v 11.392363 0.823572 10.233417
v 11.436298 0.750513 10.391512
v 11.452599 0.733343 10.480425
v 11.462750 0.730783 10.572745
v 11.194278 0.845781 9.814006
v 11.163311 0.895254 9.737591
v 11.218536 0.837694 9.906366
v 11.239525 0.831537 9.998602
v 11.269135 0.826944 10.086125
v 11.295942 0.815565 10.173082
v 11.348488 0.759443 10.346375
v 11.330564 0.790430 10.271657
v 11.369913 0.723741 10.413486
v 11.395262 0.707147 10.499917
v 11.416380 0.709917 10.589884
v 11.120172 0.822042 9.841382
v 11.014963 0.806272 9.892590
v 10.982952 0.856527 9.822588
v 11.084024 0.870210 9.767233
v 11.148853 0.816328 9.931983
v 11.050144 0.798486 9.977397
v 11.176399 0.811987 10.021423
v 11.087521 0.792509 10.059287
v 11.197802 0.805658 10.110553
v 11.115208 0.794149 10.144943
v 11.224428 0.794912 10.197817
v 11.147289 0.786523 10.227776
v 11.286634 0.742345 10.367229
v 11.212175 0.719400 10.375240
v 11.179834 0.765226 10.305422
v 11.262194 0.771173 10.294938
v 11.312263 0.707719 10.432346
v 11.241812 0.696458 10.455127
v 11.337893 0.690874 10.518208
v 11.275219 0.683057 10.536991
v 11.358967 0.693132 10.607811
v 11.308113 0.685510 10.621040
v 10.879802 0.795885 9.960689
v 10.862869 0.854089 9.889158
v 10.915850 0.785551 10.042257
v 10.967072 0.797182 10.116846
v 11.022850 0.801309 10.190786
v 11.069035 0.796659 10.265488
v 11.107679 0.726213 10.409729
v 11.099900 0.773374 10.340129
v 11.140440 0.702264 10.484791
v 11.180890 0.691194 10.559912
v 11.225666 0.697523 10.632743
v 11.122488 0.976530 9.699179
v 11.084400 1.059103 9.675343
v 11.013438 1.036913 9.704412
v 11.045252 0.952291 9.729780
v 11.272627 0.715334 10.699860
v 11.316717 0.712499 10.699366
v 11.375475 0.714830 10.692789
v 11.470911 0.745470 10.650681
v 11.430149 0.730440 10.674757
v 10.766283 0.892500 9.964531
v 10.785097 0.847356 10.035653
v 10.747667 0.936620 10.104338
v 10.721085 0.976621 10.032991
v 10.823277 0.818517 10.108385
v 10.793569 0.906465 10.168953
v 10.887938 0.826082 10.174899
v 10.876142 0.902906 10.244992
v 10.958600 0.836851 10.239347
v 10.931920 0.897302 10.287634
v 11.011082 0.830923 10.308376
v 10.982932 0.885530 10.349440
v 11.043116 0.809606 10.381369
v 11.046513 0.768350 10.456981
v 11.020917 0.829095 10.506355
v 11.015142 0.863802 10.422461
v 11.077097 0.737764 10.533028
v 11.050434 0.799722 10.582686
v 11.123884 0.723619 10.604513
v 11.098558 0.781652 10.651030
v 11.180904 0.729345 10.667397
v 11.160358 0.776628 10.706907
v 10.747673 1.042474 10.157944
v 10.715017 1.078909 10.089604
v 10.803108 1.009718 10.207226
v 10.887758 0.991247 10.272587
v 10.935580 0.970872 10.318735
v 10.982414 0.951345 10.380760
v 11.018110 0.903539 10.538734
v 11.013281 0.929376 10.453413
v 11.048108 0.876218 10.613926
v 11.094612 0.852621 10.679621
v 11.156024 0.835313 10.730531
v 10.792431 1.144102 10.193373
v 10.758198 1.178499 10.129283
v 10.842785 1.105581 10.237216
v 10.906511 1.072179 10.279239
v 10.960986 1.044214 10.338401
v 11.006508 1.018598 10.400673
v 11.040454 0.977583 10.556559
v 11.036055 0.996088 10.472931
v 11.072243 0.951978 10.627108
v 11.115374 0.924764 10.688713
v 11.169348 0.896448 10.737657
v 10.722507 1.001241 9.995130
v 10.745306 1.036939 9.950200
v 10.790980 0.994833 9.875759
v 10.771046 0.938356 9.920028
v 10.723247 1.093668 10.048201
v 10.749743 1.115064 9.998527
v 10.766590 1.194341 10.080484
v 10.789593 1.207430 10.024188
v 11.247736 0.869989 10.779813
v 11.244037 0.821340 10.777703
v 11.248808 0.775415 10.759755
v 11.260660 0.737806 10.728561
v 11.307878 0.822595 10.804266
v 11.298853 0.877382 10.797103
v 11.316710 0.770551 10.781488
v 11.320976 0.732019 10.738312
v 11.370291 0.830480 10.805803
v 11.355683 0.887247 10.801285
v 11.382022 0.775385 10.782639
v 11.381437 0.733595 10.736408
v 11.427151 0.844614 10.786942
v 11.474106 0.861784 10.760170
v 11.458965 0.913736 10.762035
v 11.413363 0.900156 10.784109
v 11.438719 0.789869 10.765240
v 11.485420 0.809446 10.737230
v 11.437819 0.748762 10.719246
v 11.479861 0.768171 10.695576
v 11.012888 1.058771 9.709899
v 11.019029 1.087801 9.735152
v 11.020430 1.118318 9.772714
v 11.021376 1.149660 9.818917
v 11.091801 1.140287 9.746086
v 11.019316 1.195947 9.860634
v 11.018040 1.250574 9.898596
v 11.085736 1.271738 9.873663
v 10.861732 1.209268 9.979338
v 10.934893 1.224557 9.938166
v 11.172888 1.297937 9.851025
v 11.175163 1.157976 9.721174
v 10.808228 1.209287 10.008598
v 11.245136 1.321825 9.834764
v 11.303030 1.358480 9.829600
v 11.325010 1.173708 9.665191
v 11.256426 1.171747 9.694752
v 10.808985 1.012502 9.865205
v 11.211710 1.145609 9.679126
v 11.228189 1.136671 9.658534
v 11.226938 1.380308 9.884537
v 11.213659 1.353014 9.874077
v 10.891546 1.255876 9.987588
v 10.864702 1.271535 10.008951
vt 0.774090 0.060116
vt 0.774168 0.059059
vt 0.771623 0.058588
vt 0.772066 0.059359
vt 0.765135 0.064069
vt 0.768021 0.064700
vt 0.768723 0.061703
vt 0.765813 0.060349
vt 0.774648 0.071675
vt 0.772085 0.070999
vt 0.771224 0.073237
vt 0.774017 0.074434
vt 0.772264 0.063081
vt 0.773323 0.061304
vt 0.770637 0.060035
vt 0.771817 0.065513
vt 0.778856 0.061047
vt 0.781031 0.061325
vt 0.781154 0.060180
vt 0.778798 0.059795
vt 0.778258 0.066719
vt 0.781772 0.067213
vt 0.781964 0.064781
vt 0.778565 0.064476
vt 0.779874 0.074538
vt 0.779941 0.072169
vt 0.777222 0.072237
vt 0.776450 0.074765
vt 0.785333 0.064725
vt 0.785112 0.067745
vt 0.788036 0.068427
vt 0.788461 0.064503
vt 0.770564 0.055249
vt 0.771286 0.057932
vt 0.774124 0.058361
vt 0.774077 0.055525
vt 0.770126 0.075721
vt 0.770893 0.073969
vt 0.768307 0.071565
vt 0.766837 0.073047
vt 0.823589 0.048175
vt 0.823112 0.046286
vt 0.818954 0.047351
vt 0.819314 0.049374
vt 0.822726 0.044216
vt 0.818593 0.045088
vt 0.822306 0.041922
vt 0.818311 0.042613
vt 0.821756 0.039533
vt 0.818257 0.039718
vt 0.821143 0.036766
vt 0.817980 0.036673
vt 0.820615 0.033793
vt 0.820374 0.030786
vt 0.816995 0.030372
vt 0.817537 0.033556
vt 0.820009 0.027910
vt 0.816765 0.027177
vt 0.819836 0.024754
vt 0.816846 0.023853
vt 0.770497 0.010676
vt 0.772960 0.012675
vt 0.775800 0.011561
vt 0.774430 0.008721
vt 0.815622 0.048088
vt 0.815715 0.050509
vt 0.815472 0.046031
vt 0.815509 0.043522
vt 0.815360 0.039962
vt 0.815123 0.036676
vt 0.814609 0.030163
vt 0.814843 0.033404
vt 0.814485 0.026794
vt 0.814577 0.023308
vt 0.778064 0.010951
vt 0.777426 0.007627
vt 0.813697 0.048121
vt 0.810275 0.047579
vt 0.810571 0.049731
vt 0.814052 0.050528
vt 0.813406 0.046133
vt 0.810252 0.045496
vt 0.813259 0.043591
vt 0.810153 0.042917
vt 0.812700 0.039979
vt 0.809675 0.039785
vt 0.812381 0.036607
vt 0.809387 0.036562
vt 0.812280 0.029801
vt 0.809725 0.029311
vt 0.809417 0.033069
vt 0.812234 0.033222
vt 0.812199 0.026387
vt 0.809772 0.026013
vt 0.812198 0.022914
vt 0.809887 0.022788
vt 0.780484 0.010613
vt 0.782809 0.010580
vt 0.783659 0.006947
vt 0.780579 0.006991
vt 0.806329 0.047983
vt 0.806568 0.049940
vt 0.806089 0.045645
vt 0.806073 0.043014
vt 0.805984 0.040097
vt 0.805950 0.036860
vt 0.806057 0.029919
vt 0.805961 0.033418
vt 0.806285 0.026594
vt 0.806848 0.022949
vt 0.785663 0.011191
vt 0.787800 0.008388
vt 0.773632 0.077186
vt 0.773807 0.075249
vt 0.780361 0.077116
vt 0.779869 0.075301
vt 0.776269 0.075590
vt 0.776244 0.077519
vt 0.788551 0.073445
vt 0.786680 0.072055
vt 0.783166 0.073823
vt 0.784203 0.075325
vt 0.783962 0.013121
vt 0.782222 0.013330
vt 0.780511 0.013568
vt 0.776447 0.014154
vt 0.778408 0.013835
vt 0.775089 0.014439
vt 0.802684 0.051118
vt 0.802307 0.049137
vt 0.798811 0.050431
vt 0.799325 0.052572
vt 0.802094 0.046385
vt 0.798793 0.047123
vt 0.802314 0.043514
vt 0.798793 0.043872
vt 0.802360 0.040696
vt 0.798823 0.041301
vt 0.802372 0.037373
vt 0.798834 0.037909
vt 0.802366 0.033895
vt 0.802273 0.030467
vt 0.798640 0.030727
vt 0.798796 0.034305
vt 0.802536 0.027199
vt 0.798866 0.027554
vt 0.803131 0.023617
vt 0.799512 0.024011
vt 0.791021 0.010897
vt 0.787575 0.012944
vt 0.788587 0.015441
vt 0.793167 0.014323
vt 0.795164 0.051957
vt 0.795224 0.054820
vt 0.795563 0.047929
vt 0.795166 0.044825
vt 0.795343 0.041998
vt 0.795400 0.038431
vt 0.795223 0.031139
vt 0.795348 0.034729
vt 0.795231 0.028108
vt 0.795467 0.024503
vt 0.788583 0.018402
vt 0.792914 0.019415
vt 0.791580 0.052603
vt 0.791175 0.055838
vt 0.791931 0.048806
vt 0.792027 0.045835
vt 0.792076 0.042504
vt 0.792061 0.038805
vt 0.791976 0.031771
vt 0.792052 0.035188
vt 0.791608 0.028791
vt 0.791048 0.025261
vt 0.787486 0.021189
vt 0.790865 0.023798
vt 0.791268 0.069956
vt 0.788976 0.068749
vt 0.792018 0.064234
vt 0.789458 0.064378
vt 0.790780 0.058897
vt 0.787961 0.061098
vt 0.782303 0.056783
vt 0.781302 0.059523
vt 0.783915 0.060217
vt 0.785726 0.057669
vt 0.787895 0.051722
vt 0.787151 0.054677
vt 0.788270 0.048972
vt 0.788385 0.045903
vt 0.788467 0.042405
vt 0.788469 0.038899
vt 0.788441 0.032329
vt 0.788460 0.035472
vt 0.787906 0.029299
vt 0.787003 0.026111
vt 0.785476 0.023002
vt 0.784484 0.019916
vt 0.783984 0.021128
vt 0.784814 0.018053
vt 0.784800 0.016123
vt 0.784446 0.014367
vt 0.783492 0.051003
vt 0.783089 0.053838
vt 0.783812 0.048155
vt 0.783922 0.045156
vt 0.784498 0.042030
vt 0.784790 0.038719
vt 0.784333 0.032223
vt 0.784738 0.035428
vt 0.783941 0.029189
vt 0.783406 0.026220
vt 0.782714 0.023432
vt 0.780096 0.050529
vt 0.779874 0.053274
vt 0.780413 0.047762
vt 0.780636 0.044827
vt 0.781178 0.041772
vt 0.781519 0.038563
vt 0.781521 0.031873
vt 0.781811 0.034722
vt 0.781338 0.029243
vt 0.781235 0.026365
vt 0.781076 0.023630
vt 0.777783 0.050258
vt 0.774407 0.049933
vt 0.774264 0.052635
vt 0.777481 0.052953
vt 0.778029 0.047528
vt 0.774623 0.047239
vt 0.778289 0.044646
vt 0.775005 0.044457
vt 0.778342 0.041639
vt 0.775100 0.041507
vt 0.778557 0.038460
vt 0.775429 0.038396
vt 0.779136 0.031874
vt 0.776428 0.032194
vt 0.775893 0.035290
vt 0.779009 0.034681
vt 0.779238 0.029294
vt 0.776752 0.029354
vt 0.779258 0.026475
vt 0.777165 0.026560
vt 0.779220 0.023796
vt 0.777641 0.023899
vt 0.769999 0.049727
vt 0.770254 0.052473
vt 0.769975 0.047211
vt 0.770491 0.044471
vt 0.771354 0.041426
vt 0.772105 0.038298
vt 0.772729 0.032322
vt 0.772619 0.035227
vt 0.773234 0.029599
vt 0.773892 0.026802
vt 0.774948 0.024072
vt 0.779388 0.056231
vt 0.778834 0.059103
vt 0.776609 0.058746
vt 0.776982 0.055861
vt 0.776214 0.021729
vt 0.777531 0.021568
vt 0.779205 0.021361
vt 0.782245 0.021226
vt 0.780858 0.021208
vt 0.766138 0.052429
vt 0.765992 0.049554
vt 0.761375 0.048901
vt 0.761039 0.051799
vt 0.766274 0.046944
vt 0.762114 0.045545
vt 0.766967 0.044222
vt 0.764034 0.042406
vt 0.768143 0.041040
vt 0.765566 0.039902
vt 0.769076 0.037946
vt 0.766474 0.037240
vt 0.769676 0.035005
vt 0.769945 0.032052
vt 0.767417 0.031647
vt 0.767116 0.034728
vt 0.770447 0.029166
vt 0.767811 0.028688
vt 0.771029 0.025925
vt 0.767728 0.025458
vt 0.772983 0.022881
vt 0.771713 0.020567
vt 0.768225 0.022539
vt 0.834377 0.050319
vt 0.834207 0.047728
vt 0.830467 0.047429
vt 0.830533 0.049441
vt 0.833733 0.045184
vt 0.830235 0.045260
vt 0.832593 0.041936
vt 0.828958 0.042108
vt 0.831303 0.039917
vt 0.828228 0.039923
vt 0.829892 0.037533
vt 0.827164 0.037283
vt 0.828806 0.034841
vt 0.828003 0.032031
vt 0.825563 0.031520
vt 0.826242 0.034453
vt 0.827677 0.029253
vt 0.825039 0.028707
vt 0.826954 0.026039
vt 0.824259 0.025686
vt 0.771115 0.017826
vt 0.767156 0.018040
vt 0.826932 0.046956
vt 0.827033 0.048715
vt 0.826683 0.045002
vt 0.826008 0.042569
vt 0.825122 0.039850
vt 0.824254 0.037039
vt 0.823102 0.031213
vt 0.823529 0.034126
vt 0.822600 0.028376
vt 0.821960 0.025217
vt 0.771348 0.014968
vt 0.767689 0.013406
vt 0.762465 0.058317
vt 0.764809 0.059767
vt 0.768099 0.057755
vt 0.766688 0.055109
vt 0.761611 0.063441
vt 0.764066 0.063831
vt 0.762819 0.069084
vt 0.765396 0.068463
vt 0.774926 0.015766
vt 0.774934 0.017505
vt 0.775219 0.019161
vt 0.775725 0.020677
vt 0.777050 0.017152
vt 0.776744 0.015444
vt 0.777329 0.018790
vt 0.777533 0.020371
vt 0.778825 0.016902
vt 0.778582 0.015183
vt 0.779088 0.018534
vt 0.779179 0.020139
vt 0.780528 0.016671
vt 0.782119 0.016469
vt 0.782145 0.014743
vt 0.780495 0.014929
vt 0.780674 0.018337
vt 0.782193 0.018181
vt 0.780784 0.019946
vt 0.782174 0.019827
vt 0.776607 0.059453
vt 0.776578 0.060669
vt 0.776279 0.062191
vt 0.775837 0.064003
vt 0.778718 0.062603
vt 0.775439 0.066218
vt 0.775174 0.068718
vt 0.777744 0.069142
vt 0.768765 0.068083
vt 0.771873 0.068244
vt 0.780971 0.069740
vt 0.781538 0.062777
vt 0.766381 0.068355
vt 0.783696 0.070342
vt 0.785951 0.071613
vt 0.787023 0.061600
vt 0.784438 0.062540
vt 0.768768 0.058512
vt 0.782905 0.061504
vt 0.783459 0.060812
vt 0.782843 0.073197
vt 0.782371 0.072065
vt 0.769947 0.070125
vt 0.768889 0.071097
vt 0.819994 0.050285
vt 0.823846 0.049449
vt 0.826663 0.049691
vt 0.830567 0.050475
vt 0.833772 0.051552
vt 0.761170 0.054184
vt 0.795110 0.056714
vt 0.799881 0.053615
vt 0.803383 0.051931
vt 0.806813 0.051019
vt 0.810487 0.050761
vt 0.814183 0.051758
vt 0.816145 0.051623
vn -0.537243 0.655373 -0.530901
vn -0.561827 0.441001 -0.699905
vn -0.619618 0.484067 -0.617861
vn -0.562942 0.646055 -0.515470
vn -0.538911 0.457529 -0.707277
vn -0.496527 0.478357 -0.724318
vn -0.527664 0.584831 -0.616071
vn -0.584884 0.496343 -0.641525
vn -0.454880 0.337168 -0.824259
vn -0.511961 0.340019 -0.788849
vn -0.565668 0.350596 -0.746393
vn -0.485248 0.360712 -0.796506
vn -0.525495 0.616952 -0.585854
vn -0.530450 0.675718 -0.511886
vn -0.553157 0.641292 -0.531754
vn -0.515236 0.504466 -0.692853
vn -0.398338 0.702560 -0.589691
vn -0.355084 0.737362 -0.574641
vn -0.328587 0.515711 -0.791248
vn -0.403514 0.478445 -0.779914
vn -0.409356 0.567322 -0.714544
vn -0.366393 0.589302 -0.720055
vn -0.358591 0.670727 -0.649260
vn -0.404539 0.676884 -0.614961
vn -0.220939 0.538951 -0.812845
vn -0.298710 0.483555 -0.822768
vn -0.339432 0.401273 -0.850745
vn -0.298779 0.447557 -0.842866
vn -0.350114 0.647052 -0.677306
vn -0.371565 0.579540 -0.725308
vn -0.317953 0.594105 -0.738881
vn -0.277521 0.619156 -0.734594
vn -0.551598 -0.445234 -0.705341
vn -0.646422 -0.037046 -0.762080
vn -0.502322 -0.107637 -0.857955
vn -0.387055 -0.475677 -0.789886
vn -0.678581 0.726726 0.106762
vn -0.702336 0.602867 -0.378519
vn -0.712618 0.614602 -0.338289
vn -0.708044 0.692951 0.135988
vn -0.595304 0.661520 0.456075
vn -0.471734 0.554310 0.685717
vn -0.365932 0.647321 0.668632
vn -0.536078 0.713752 0.450754
vn -0.406917 0.464581 0.786500
vn -0.196613 0.584911 0.786907
vn -0.439203 0.474180 0.763056
vn -0.187049 0.638240 0.746768
vn -0.529440 0.530908 0.661687
vn -0.334491 0.721415 0.606363
vn -0.599713 0.581684 0.549534
vn -0.404660 0.749826 0.523461
vn -0.653133 0.668732 0.355268
vn -0.620695 0.685854 0.379923
vn -0.415379 0.828655 0.375221
vn -0.445015 0.817067 0.366556
vn -0.544681 0.620077 0.564648
vn -0.372006 0.763704 0.527605
vn -0.487967 0.537804 0.687499
vn -0.350320 0.662402 0.662193
vn -0.406345 0.396574 0.823172
vn -0.296231 0.496161 0.816132
vn -0.145137 0.755266 0.639147
vn -0.314172 0.875891 0.366211
vn -0.015481 0.623061 0.782020
vn -0.040974 0.672331 0.739116
vn -0.178897 0.812639 0.554630
vn -0.217319 0.847516 0.484241
vn -0.248646 0.906513 0.341189
vn -0.255993 0.901657 0.348544
vn -0.235551 0.850210 0.470807
vn -0.225473 0.736670 0.637558
vn -0.148837 0.539165 0.828944
vn 0.077586 0.816212 0.572519
vn 0.301266 0.829159 0.470886
vn 0.237084 0.949821 0.204036
vn -0.022989 0.960187 0.278409
vn 0.084884 0.677201 0.730886
vn 0.293097 0.749779 0.593233
vn 0.024275 0.694571 0.719014
vn 0.238381 0.756868 0.608544
vn -0.024848 0.852325 0.522422
vn 0.200422 0.860956 0.467532
vn -0.031306 0.900507 0.433712
vn 0.178390 0.914904 0.362115
vn -0.109938 0.949536 0.293759
vn 0.068580 0.972598 0.222149
vn 0.102494 0.967769 0.230041
vn -0.081075 0.948825 0.305217
vn -0.110007 0.905776 0.409230
vn 0.111485 0.936208 0.333295
vn -0.076093 0.794840 0.602030
vn 0.186393 0.835647 0.516674
vn 0.031135 0.560963 0.827255
vn 0.279298 0.586032 0.760631
vn 0.389804 0.827279 0.404553
vn 0.290842 0.946446 0.140183
vn 0.435396 0.733733 0.521599
vn 0.468930 0.725891 0.503177
vn 0.459869 0.803883 0.377216
vn 0.410767 0.873799 0.260281
vn 0.279292 0.951115 0.131816
vn 0.298321 0.947693 0.113505
vn 0.386847 0.883789 0.263185
vn 0.510120 0.767300 0.388624
vn 0.611247 0.520257 0.596414
vn -0.473660 0.879445 -0.047143
vn -0.541193 0.685006 -0.487726
vn 0.099079 0.974721 -0.200255
vn -0.067608 0.823826 -0.562797
vn -0.255614 0.780101 -0.571055
vn -0.160996 0.971965 -0.171363
vn 0.138926 0.920717 -0.364663
vn -0.109672 0.797318 -0.593512
vn -0.096674 0.844974 -0.525998
vn 0.124645 0.972545 -0.196520
vn 0.614172 0.260081 0.745084
vn 0.397759 0.273098 0.875903
vn 0.184473 0.314349 0.931211
vn -0.247230 0.323461 0.913373
vn -0.036940 0.345604 0.937653
vn -0.348302 0.282420 0.893826
vn 0.396309 0.916812 -0.048939
vn 0.567951 0.776836 0.271951
vn 0.854791 0.518917 0.007609
vn 0.618885 0.697170 -0.361850
vn 0.619635 0.604428 0.500718
vn 0.883429 0.287278 0.370169
vn 0.689969 0.548009 0.472893
vn 0.886653 0.233025 0.399431
vn 0.710348 0.655525 0.256306
vn 0.905258 0.407578 0.119949
vn 0.648569 0.751903 0.118324
vn 0.855555 0.514633 -0.056378
vn 0.513563 0.855932 -0.060275
vn 0.516360 0.856356 0.005191
vn 0.761559 0.623930 -0.175329
vn 0.717052 0.639418 -0.277456
vn 0.648210 0.729486 0.218343
vn 0.895622 0.419699 0.147358
vn 0.754327 0.569877 0.325931
vn 0.931346 0.236709 0.276701
vn 0.816108 0.329454 0.474793
vn 0.915921 0.071345 0.394967
vn 0.961667 0.111726 -0.250427
vn 0.702467 0.310842 -0.640247
vn 0.981586 -0.107198 0.158105
vn 0.961815 -0.115723 0.248033
vn 0.999131 0.041667 0.001364
vn 0.965392 0.119615 -0.231755
vn 0.898221 0.177014 -0.402324
vn 0.825715 0.243393 -0.508875
vn 0.996988 -0.073565 0.024543
vn 0.966135 -0.191201 0.173281
vn 0.935643 -0.239873 0.258908
vn 0.813452 -0.374588 -0.444950
vn 0.545774 -0.187004 -0.816799
vn 0.873785 -0.484800 -0.038335
vn 0.881371 -0.464879 0.084103
vn 0.915299 -0.392207 -0.091660
vn 0.870579 -0.354791 -0.340904
vn 0.731993 -0.396864 -0.553792
vn 0.717387 -0.276282 -0.639550
vn 0.812580 -0.569347 -0.124727
vn 0.834390 -0.550523 0.026793
vn 0.852759 -0.509205 0.116245
vn 0.246482 0.739945 -0.625882
vn -0.054166 0.688826 -0.722901
vn 0.323703 0.458222 -0.827798
vn 0.001419 0.566090 -0.824342
vn 0.264951 0.027674 -0.963865
vn 0.012546 0.346062 -0.938128
vn 0.014618 -0.368692 -0.929437
vn -0.153664 -0.006890 -0.988099
vn -0.053922 0.112232 -0.992218
vn 0.113622 -0.273521 -0.955132
vn 0.513341 -0.704963 -0.489396
vn 0.291888 -0.497132 -0.817105
vn 0.612775 -0.772513 -0.166522
vn 0.656307 -0.752179 -0.059063
vn 0.681681 -0.714336 -0.158227
vn 0.635276 -0.687834 -0.351154
vn 0.447737 -0.722587 -0.526688
vn 0.482895 -0.646007 -0.591175
vn 0.553548 -0.799757 -0.232323
vn 0.642244 -0.759054 -0.106582
vn 0.704454 -0.709218 0.027464
vn 0.805614 -0.539504 0.244791
vn 0.715108 -0.683596 0.146005
vn 0.864275 -0.284812 0.414622
vn 0.818885 -0.025336 0.573399
vn 0.725698 0.131393 0.675350
vn 0.341306 -0.825875 -0.448821
vn 0.164586 -0.593486 -0.787836
vn 0.409110 -0.893279 -0.186230
vn 0.436128 -0.890254 -0.131301
vn 0.457916 -0.869930 -0.183127
vn 0.422835 -0.849957 -0.314298
vn 0.217396 -0.856140 -0.468790
vn 0.276755 -0.831725 -0.481291
vn 0.342902 -0.889731 -0.301326
vn 0.451965 -0.877738 -0.159072
vn 0.518275 -0.855008 0.018776
vn 0.227519 -0.890571 -0.393851
vn 0.032530 -0.648943 -0.760142
vn 0.299383 -0.941669 -0.153719
vn 0.300013 -0.944140 -0.136352
vn 0.297338 -0.939173 -0.171888
vn 0.261519 -0.927513 -0.267071
vn 0.088208 -0.892292 -0.442757
vn 0.157060 -0.909302 -0.385359
vn 0.173583 -0.921419 -0.347644
vn 0.291630 -0.944799 -0.149356
vn 0.356436 -0.932873 0.051969
vn 0.069118 -0.936343 -0.344214
vn -0.064751 -0.941118 -0.331819
vn -0.285811 -0.699756 -0.654716
vn -0.157289 -0.696227 -0.700377
vn 0.188304 -0.974221 -0.124242
vn 0.079969 -0.993251 -0.084009
vn 0.198152 -0.974086 -0.109048
vn 0.076167 -0.996664 -0.029311
vn 0.171115 -0.976647 -0.129921
vn 0.019642 -0.998894 -0.042713
vn 0.119352 -0.968300 -0.219433
vn -0.055737 -0.986583 -0.153454
vn 0.105773 -0.887202 -0.449093
vn -0.039669 -0.909286 -0.414277
vn -0.084102 -0.926548 -0.366655
vn 0.102083 -0.925359 -0.365089
vn 0.118776 -0.933541 -0.338222
vn -0.007329 -0.970267 -0.241926
vn 0.167049 -0.978090 -0.124233
vn 0.003810 -0.998404 -0.056339
vn 0.216528 -0.971329 0.098166
vn 0.023497 -0.985023 0.170814
vn -0.331770 -0.902519 -0.274570
vn -0.488315 -0.659446 -0.571559
vn -0.133011 -0.990566 0.032975
vn -0.089505 -0.983828 0.155151
vn -0.183699 -0.974421 0.129456
vn -0.314018 -0.949315 -0.013897
vn -0.426231 -0.855289 -0.294633
vn -0.436368 -0.857084 -0.273843
vn -0.314907 -0.945840 -0.078874
vn -0.240128 -0.964996 0.105455
vn -0.198309 -0.931613 0.304584
vn -0.122118 -0.411069 -0.903388
vn -0.282200 -0.060300 -0.957459
vn -0.412658 -0.094037 -0.906019
vn -0.286794 -0.448684 -0.846423
vn -0.163504 -0.885317 0.435293
vn -0.000477 -0.923999 0.382395
vn 0.218426 -0.929936 0.295821
vn 0.579386 -0.794710 0.180961
vn 0.403395 -0.886053 0.228434
vn -0.802517 -0.502504 -0.321645
vn -0.730974 -0.682047 -0.022109
vn -0.886191 -0.350397 0.303129
vn -0.973346 -0.227989 -0.024889
vn -0.523465 -0.799416 0.294819
vn -0.725543 -0.392376 0.565357
vn -0.361560 -0.816925 0.449341
vn -0.602797 -0.419150 0.678932
vn -0.441009 -0.809320 0.387958
vn -0.668050 -0.444631 0.596668
vn -0.612896 -0.763926 0.201931
vn -0.818798 -0.417092 0.394468
vn -0.775182 -0.627230 -0.075339
vn -0.793325 -0.601271 -0.095438
vn -0.957922 -0.269135 0.099755
vn -0.947742 -0.295192 0.121022
vn -0.669458 -0.729465 0.140381
vn -0.860116 -0.381593 0.338508
vn -0.515423 -0.788141 0.336411
vn -0.702705 -0.468405 0.535540
vn -0.388698 -0.779542 0.491150
vn -0.526790 -0.515141 0.676109
vn -0.829776 -0.052290 0.555642
vn -0.977180 0.113317 0.179662
vn -0.675292 -0.088875 0.732176
vn -0.654156 -0.070411 0.753075
vn -0.745118 -0.064523 0.663804
vn -0.865285 -0.033219 0.500178
vn -0.969957 0.061883 0.235275
vn -0.968615 0.057833 0.241747
vn -0.878253 -0.019372 0.477804
vn -0.745023 -0.088698 0.661115
vn -0.575478 -0.155997 0.802802
vn -0.629875 0.336951 0.699801
vn -0.770905 0.525056 0.360586
vn -0.541908 0.221464 0.810734
vn -0.591943 0.213074 0.777305
vn -0.687734 0.252602 0.680598
vn -0.776185 0.313084 0.547279
vn -0.844102 0.420512 0.332658
vn -0.857501 0.408418 0.312867
vn -0.749125 0.353161 0.560437
vn -0.650840 0.280624 0.705448
vn -0.519021 0.174985 0.836659
vn -0.947173 -0.024283 -0.319803
vn -0.798103 0.257821 -0.544574
vn -0.775233 0.099402 -0.623805
vn -0.800451 -0.293185 -0.522801
vn -0.940398 0.284448 -0.186390
vn -0.771168 0.403475 -0.492452
vn -0.799839 0.599912 -0.019057
vn -0.718233 0.560680 -0.412043
vn -0.394204 0.122670 0.910799
vn -0.419685 -0.187902 0.888007
vn -0.364566 -0.545905 0.754374
vn -0.259526 -0.775886 0.575019
vn -0.189022 -0.175729 0.966121
vn -0.223509 0.155066 0.962288
vn -0.125943 -0.578616 0.805817
vn -0.060626 -0.814584 0.576868
vn 0.152497 -0.119259 0.981082
vn 0.062079 0.189500 0.979916
vn 0.205803 -0.551973 0.808066
vn 0.209901 -0.828966 0.518419
vn 0.413335 -0.063994 0.908327
vn 0.630766 -0.044558 0.774693
vn 0.513689 0.109929 0.850905
vn 0.308902 0.167223 0.936278
vn 0.483504 -0.470256 0.738298
vn 0.709120 -0.371781 0.599105
vn 0.459228 -0.767627 0.447055
vn 0.664150 -0.656613 0.357441
vn -0.487982 0.440113 -0.753773
vn -0.468431 0.673209 -0.572156
vn -0.467428 0.712588 -0.523193
vn -0.474706 0.653634 -0.589420
vn -0.389901 0.732624 -0.557889
vn -0.472147 0.535988 -0.699853
vn -0.464218 0.454054 -0.760484
vn -0.387328 0.498685 -0.775429
vn -0.482180 0.430893 -0.762780
vn -0.511933 0.440911 -0.737239
vn -0.345016 0.546121 -0.763358
vn -0.343089 0.744954 -0.572131
vn -0.518552 0.454689 -0.724129
vn -0.372187 0.545516 -0.750926
vn -0.338493 0.596458 -0.727778
vn -0.225687 0.643929 -0.731041
vn -0.313895 0.741384 -0.593143
vn -0.632392 0.508241 -0.584612
vn -0.313018 0.766558 -0.560722
vn -0.248482 0.596525 -0.763161
vn -0.303074 0.588855 -0.749264
vn -0.349429 0.516089 -0.782018
vn -0.487655 0.372967 -0.789359
vn -0.542196 0.417876 -0.728974
s 1
g Feet M_Skeleton L_F_Distal_Phalanx_3
usemtl Skeleton_Feet_SG
f 1517/1703/1517 1518/1704/1518 1519/1705/1519 1520/1706/1520
f 1521/1707/1521 1522/1708/1522 1523/1709/1523 1524/1710/1524
f 1525/1711/1525 1526/1712/1526 1527/1713/1527 1528/1714/1528
f 1523/1709/1523 1529/1715/1529 1530/1716/1530 1531/1717/1531
f 1523/1709/1523 1522/1708/1522 1532/1718/1532 1529/1715/1529
f 1533/1719/1533 1534/1720/1534 1535/1721/1535 1536/1722/1536
f 1537/1723/1537 1538/1724/1538 1539/1725/1539 1540/1726/1540
f 1541/1727/1541 1542/1728/1542 1543/1729/1543 1544/1730/1544
f 1545/1731/1545 1546/1732/1546 1547/1733/1547 1548/1734/1548
f 1549/1735/1549 1550/1736/1550 1551/1737/1551 1552/1738/1552
f 1553/1739/1553 1554/1740/1554 1555/1741/1555 1556/1742/1556
f 1557/1743/1557 1558/1744/1558 1559/1745/1559 1560/1746/1560
f 1558/1744/1558 1561/1747/1561 1562/1748/1562 1559/1745/1559
f 1561/1747/1561 1563/1749/1563 1564/1750/1564 1562/1748/1562
f 1563/1749/1563 1565/1751/1565 1566/1752/1566 1564/1750/1564
f 1565/1751/1565 1567/1753/1567 1568/1754/1568 1566/1752/1566
f 1569/1755/1569 1570/1756/1570 1571/1757/1571 1572/1758/1572
f 1570/1756/1570 1573/1759/1573 1574/1760/1574 1571/1757/1571
f 1573/1759/1573 1575/1761/1575 1576/1762/1576 1574/1760/1574
f 1575/1763/1575 1577/1764/1577 1578/1765/1578 1576/1766/1576
f 1560/1746/1560 1559/1745/1559 1579/1767/1579 1580/1768/1580
f 1559/1745/1559 1562/1748/1562 1581/1769/1581 1579/1767/1579
f 1562/1748/1562 1564/1750/1564 1582/1770/1582 1581/1769/1581
f 1564/1750/1564 1566/1752/1566 1583/1771/1583 1582/1770/1582
f 1566/1752/1566 1568/1754/1568 1584/1772/1584 1583/1771/1583
f 1572/1758/1572 1571/1757/1571 1585/1773/1585 1586/1774/1586
f 1571/1757/1571 1574/1760/1574 1587/1775/1587 1585/1773/1585
f 1574/1760/1574 1576/1762/1576 1588/1776/1588 1587/1775/1587
f 1576/1766/1576 1578/1765/1578 1589/1777/1589 1588/1778/1588
f 1590/1779/1590 1591/1780/1591 1592/1781/1592 1593/1782/1593
f 1594/1783/1594 1595/1784/1595 1591/1780/1591 1590/1779/1590
f 1596/1785/1596 1597/1786/1597 1595/1784/1595 1594/1783/1594
f 1598/1787/1598 1599/1788/1599 1597/1786/1597 1596/1785/1596
f 1600/1789/1600 1601/1790/1601 1599/1788/1599 1598/1787/1598
f 1602/1791/1602 1603/1792/1603 1604/1793/1604 1605/1794/1605
f 1606/1795/1606 1607/1796/1607 1603/1792/1603 1602/1791/1602
f 1608/1797/1608 1609/1798/1609 1607/1796/1607 1606/1795/1606
f 1610/1799/1610 1611/1800/1611 1609/1801/1609 1608/1802/1608
f 1592/1781/1592 1591/1780/1591 1612/1803/1612 1613/1804/1613
f 1591/1780/1591 1595/1784/1595 1614/1805/1614 1612/1803/1612
f 1595/1784/1595 1597/1786/1597 1615/1806/1615 1614/1805/1614
f 1597/1786/1597 1599/1788/1599 1616/1807/1616 1615/1806/1615
f 1599/1788/1599 1601/1790/1601 1617/1808/1617 1616/1807/1616
f 1604/1793/1604 1603/1792/1603 1618/1809/1618 1619/1810/1619
f 1603/1792/1603 1607/1796/1607 1620/1811/1620 1618/1809/1618
f 1607/1796/1607 1609/1798/1609 1621/1812/1621 1620/1811/1620
f 1609/1801/1609 1611/1800/1611 1622/1813/1622 1621/1814/1621
f 1623/1815/1623 1624/1816/1624 1554/1740/1554 1553/1739/1553
f 1625/1817/1625 1626/1818/1626 1627/1819/1627 1628/1820/1628
f 1629/1821/1629 1630/1822/1630 1631/1823/1631 1632/1824/1632
f 1633/1825/1633 1622/1813/1622 1611/1800/1611 1634/1826/1634
f 1634/1826/1634 1611/1800/1611 1610/1799/1610 1635/1827/1635
f 1589/1777/1589 1578/1765/1578 1636/1828/1636 1637/1829/1637
f 1636/1828/1636 1578/1765/1578 1577/1764/1577 1638/1830/1638
f 1639/1831/1639 1640/1832/1640 1641/1833/1641 1642/1834/1642
f 1640/1832/1640 1643/1835/1643 1644/1836/1644 1641/1833/1641
f 1643/1835/1643 1645/1837/1645 1646/1838/1646 1644/1836/1644
f 1645/1837/1645 1647/1839/1647 1648/1840/1648 1646/1838/1646
f 1647/1839/1647 1649/1841/1649 1650/1842/1650 1648/1840/1648
f 1651/1843/1651 1652/1844/1652 1653/1845/1653 1654/1846/1654
f 1652/1844/1652 1655/1847/1655 1656/1848/1656 1653/1845/1653
f 1655/1847/1655 1657/1849/1657 1658/1850/1658 1656/1848/1656
f 1657/1851/1657 1659/1852/1659 1660/1853/1660 1658/1854/1658
f 1642/1834/1642 1641/1833/1641 1661/1855/1661 1662/1856/1662
f 1641/1833/1641 1644/1836/1644 1663/1857/1663 1661/1855/1661
f 1644/1836/1644 1646/1838/1646 1664/1858/1664 1663/1857/1663
f 1646/1838/1646 1648/1840/1648 1665/1859/1665 1664/1858/1664
f 1648/1840/1648 1650/1842/1650 1666/1860/1666 1665/1859/1665
f 1654/1846/1654 1653/1845/1653 1667/1861/1667 1668/1862/1668
f 1653/1845/1653 1656/1848/1656 1669/1863/1669 1667/1861/1667
f 1656/1848/1656 1658/1850/1658 1670/1864/1670 1669/1863/1669
f 1658/1854/1658 1660/1853/1660 1671/1865/1671 1670/1866/1670
f 1662/1856/1662 1661/1855/1661 1672/1867/1672 1673/1868/1673
f 1661/1855/1661 1663/1857/1663 1674/1869/1674 1672/1867/1672
f 1663/1857/1663 1664/1858/1664 1675/1870/1675 1674/1869/1674
f 1664/1858/1664 1665/1859/1665 1676/1871/1676 1675/1870/1675
f 1665/1859/1665 1666/1860/1666 1677/1872/1677 1676/1871/1676
f 1668/1862/1668 1667/1861/1667 1678/1873/1678 1679/1874/1679
f 1667/1861/1667 1669/1863/1669 1680/1875/1680 1678/1873/1678
f 1669/1863/1669 1670/1864/1670 1681/1876/1681 1680/1875/1680
f 1670/1866/1670 1671/1865/1671 1682/1877/1682 1681/1878/1681
f 1683/1879/1683 1684/1880/1684 1630/1822/1630 1629/1821/1629
f 1685/1881/1685 1686/1882/1686 1684/1880/1684 1683/1879/1683
f 1687/1883/1687 1688/1884/1688 1686/1882/1686 1685/1881/1685
f 1689/1885/1689 1690/1886/1690 1691/1887/1691 1692/1888/1692
f 1673/1868/1673 1672/1867/1672 1693/1889/1693 1694/1890/1694
f 1672/1867/1672 1674/1869/1674 1695/1891/1695 1693/1889/1693
f 1674/1869/1674 1675/1870/1675 1696/1892/1696 1695/1891/1695
f 1675/1870/1675 1676/1871/1676 1697/1893/1697 1696/1892/1696
f 1676/1871/1676 1677/1872/1677 1698/1894/1698 1697/1893/1697
f 1679/1874/1679 1678/1873/1678 1699/1895/1699 1700/1896/1700
f 1678/1873/1678 1680/1875/1680 1701/1897/1701 1699/1895/1699
f 1680/1875/1680 1681/1876/1681 1702/1898/1702 1701/1897/1701
f 1681/1878/1681 1682/1877/1682 1703/1899/1703 1702/1898/1702
f 1682/1877/1682 1704/1900/1704 1705/1901/1705 1703/1899/1703
f 1704/1900/1704 1682/1877/1682 1671/1865/1671 1706/1902/1706
f 1706/1902/1706 1671/1865/1671 1660/1853/1660 1707/1903/1707
f 1707/1903/1707 1660/1853/1660 1659/1852/1659 1708/1904/1708
f 1708/1904/1708 1659/1852/1659 1622/1813/1622 1633/1825/1633
f 1659/1852/1659 1657/1851/1657 1621/1814/1621 1622/1813/1622
f 1657/1849/1657 1655/1847/1655 1620/1811/1620 1621/1812/1621
f 1655/1847/1655 1652/1844/1652 1618/1809/1618 1620/1811/1620
f 1652/1844/1652 1651/1843/1651 1619/1810/1619 1618/1809/1618
f 1649/1841/1649 1647/1839/1647 1616/1807/1616 1617/1808/1617
f 1647/1839/1647 1645/1837/1645 1615/1806/1615 1616/1807/1616
f 1645/1837/1645 1643/1835/1643 1614/1805/1614 1615/1806/1615
f 1643/1835/1643 1640/1832/1640 1612/1803/1612 1614/1805/1614
f 1640/1832/1640 1639/1831/1639 1613/1804/1613 1612/1803/1612
f 1694/1890/1694 1693/1889/1693 1709/1905/1709 1710/1906/1710
f 1693/1889/1693 1695/1891/1695 1711/1907/1711 1709/1905/1709
f 1695/1891/1695 1696/1892/1696 1712/1908/1712 1711/1907/1711
f 1696/1892/1696 1697/1893/1697 1713/1909/1713 1712/1908/1712
f 1697/1893/1697 1698/1894/1698 1714/1910/1714 1713/1909/1713
f 1700/1896/1700 1699/1895/1699 1715/1911/1715 1716/1912/1716
f 1699/1895/1699 1701/1897/1701 1717/1913/1717 1715/1911/1715
f 1701/1897/1701 1702/1898/1702 1718/1914/1718 1717/1913/1717
f 1702/1898/1702 1703/1899/1703 1719/1915/1719 1718/1914/1718
f 1710/1906/1710 1709/1905/1709 1720/1916/1720 1721/1917/1721
f 1709/1905/1709 1711/1907/1711 1722/1918/1722 1720/1916/1720
f 1711/1907/1711 1712/1908/1712 1723/1919/1723 1722/1918/1722
f 1712/1908/1712 1713/1909/1713 1724/1920/1724 1723/1919/1723
f 1713/1909/1713 1714/1910/1714 1725/1921/1725 1724/1920/1724
f 1716/1912/1716 1715/1911/1715 1726/1922/1726 1727/1923/1727
f 1715/1911/1715 1717/1913/1717 1728/1924/1728 1726/1922/1726
f 1717/1913/1717 1718/1914/1718 1729/1925/1729 1728/1924/1728
f 1718/1914/1718 1719/1915/1719 1730/1926/1730 1729/1925/1729
f 1731/1927/1731 1732/1928/1732 1733/1929/1733 1734/1930/1734
f 1735/1931/1735 1736/1932/1736 1732/1928/1732 1731/1927/1731
f 1737/1933/1737 1738/1934/1738 1736/1932/1736 1735/1931/1735
f 1739/1935/1739 1740/1936/1740 1738/1934/1738 1737/1933/1737
f 1741/1937/1741 1742/1938/1742 1740/1936/1740 1739/1935/1739
f 1743/1939/1743 1744/1940/1744 1745/1941/1745 1746/1942/1746
f 1747/1943/1747 1748/1944/1748 1744/1940/1744 1743/1939/1743
f 1749/1945/1749 1750/1946/1750 1748/1944/1748 1747/1943/1747
f 1751/1947/1751 1752/1948/1752 1750/1946/1750 1749/1945/1749
f 1733/1929/1733 1732/1928/1732 1753/1949/1753 1754/1950/1754
f 1732/1928/1732 1736/1932/1736 1755/1951/1755 1753/1949/1753
f 1736/1932/1736 1738/1934/1738 1756/1952/1756 1755/1951/1755
f 1738/1934/1738 1740/1936/1740 1757/1953/1757 1756/1952/1756
f 1740/1936/1740 1742/1938/1742 1758/1954/1758 1757/1953/1757
f 1745/1941/1745 1744/1940/1744 1759/1955/1759 1760/1956/1760
f 1744/1940/1744 1748/1944/1748 1761/1957/1761 1759/1955/1759
f 1748/1944/1748 1750/1946/1750 1762/1958/1762 1761/1957/1761
f 1750/1946/1750 1752/1948/1752 1763/1959/1763 1762/1958/1762
f 1764/1960/1764 1765/1961/1765 1690/1886/1690 1689/1885/1689
f 1552/1738/1552 1551/1737/1551 1766/1962/1766 1767/1963/1767
f 1768/1964/1768 1763/1959/1763 1752/1948/1752 1769/1965/1769
f 1769/1965/1769 1752/1948/1752 1751/1947/1751 1770/1966/1770
f 1730/1926/1730 1719/1915/1719 1771/1967/1771 1772/1968/1772
f 1771/1967/1771 1719/1915/1719 1703/1899/1703 1705/1901/1705
f 1773/1969/1773 1774/1970/1774 1775/1971/1775 1776/1972/1776
f 1774/1970/1774 1777/1973/1777 1778/1974/1778 1775/1971/1775
f 1777/1973/1777 1779/1975/1779 1780/1976/1780 1778/1974/1778
f 1779/1975/1779 1781/1977/1781 1782/1978/1782 1780/1976/1780
f 1781/1977/1781 1783/1979/1783 1784/1980/1784 1782/1978/1782
f 1785/1981/1785 1786/1982/1786 1787/1983/1787 1788/1984/1788
f 1786/1982/1786 1789/1985/1789 1790/1986/1790 1787/1983/1787
f 1789/1985/1789 1791/1987/1791 1792/1988/1792 1790/1986/1790
f 1791/1987/1791 1793/1989/1793 1794/1990/1794 1792/1991/1792
f 1776/1992/1776 1775/1993/1775 1795/1994/1795 1796/1995/1796
f 1775/1993/1775 1778/1996/1778 1797/1997/1797 1795/1994/1795
f 1778/1996/1778 1780/1998/1780 1798/1999/1798 1797/1997/1797
f 1780/1998/1780 1782/2000/1782 1799/2001/1799 1798/1999/1798
f 1782/2000/1782 1784/2002/1784 1800/2003/1800 1799/2001/1799
f 1788/2004/1788 1787/2005/1787 1801/2006/1801 1802/2007/1802
f 1787/2005/1787 1790/2008/1790 1803/2009/1803 1801/2006/1801
f 1790/2008/1790 1792/2010/1792 1804/2011/1804 1803/2009/1803
f 1792/1991/1792 1794/1990/1794 1805/2012/1805 1804/2013/1804
f 1796/1995/1796 1795/1994/1795 1806/2014/1806 1807/2015/1807
f 1795/1994/1795 1797/1997/1797 1808/2016/1808 1806/2014/1806
f 1797/1997/1797 1798/1999/1798 1809/2017/1809 1808/2016/1808
f 1798/1999/1798 1799/2001/1799 1810/2018/1810 1809/2017/1809
f 1799/2001/1799 1800/2003/1800 1811/2019/1811 1810/2018/1810
f 1802/2007/1802 1801/2006/1801 1812/2020/1812 1813/2021/1813
f 1801/2006/1801 1803/2009/1803 1814/2022/1814 1812/2020/1812
f 1803/2009/1803 1804/2011/1804 1815/2023/1815 1814/2022/1814
f 1804/2013/1804 1805/2012/1805 1816/2024/1816 1815/2025/1815
f 1817/2026/1817 1818/2027/1818 1819/2028/1819 1820/2029/1820
f 1821/2030/1821 1822/2031/1822 1818/2027/1818 1817/2026/1817
f 1823/2032/1823 1824/2033/1824 1822/2031/1822 1821/2030/1821
f 1806/2014/1806 1558/1744/1558 1557/1743/1557 1807/2015/1807
f 1808/2016/1808 1809/2017/1809 1563/1749/1563 1561/1747/1561
f 1809/2017/1809 1810/2018/1810 1565/1751/1565 1563/1749/1563
f 1810/2018/1810 1811/2019/1811 1567/1753/1567 1565/1751/1565
f 1813/2021/1813 1812/2020/1812 1570/1756/1570 1569/1755/1569
f 1812/2020/1812 1814/2022/1814 1573/1759/1573 1570/1756/1570
f 1814/2022/1814 1815/2023/1815 1575/1761/1575 1573/1759/1573
f 1815/2025/1815 1816/2024/1816 1577/1764/1577 1575/1763/1575
f 1816/2024/1816 1825/2034/1825 1638/1830/1638 1577/1764/1577
f 1825/2034/1825 1816/2024/1816 1805/2012/1805 1826/2035/1826
f 1826/2035/1826 1805/2012/1805 1794/1990/1794 1827/2036/1827
f 1827/2036/1827 1794/1990/1794 1793/1989/1793 1828/2037/1828
f 1828/2037/1828 1793/1989/1793 1763/1959/1763 1768/1964/1768
f 1793/1989/1793 1791/1987/1791 1762/1958/1762 1763/1959/1763
f 1791/1987/1791 1789/1985/1789 1761/1957/1761 1762/1958/1762
f 1789/1985/1789 1786/1982/1786 1759/1955/1759 1761/1957/1761
f 1786/1982/1786 1785/1981/1785 1760/1956/1760 1759/1955/1759
f 1783/1979/1783 1781/1977/1781 1757/1953/1757 1758/1954/1758
f 1781/1977/1781 1779/1975/1779 1756/1952/1756 1757/1953/1757
f 1779/1975/1779 1777/1973/1777 1755/1951/1755 1756/1952/1756
f 1777/1973/1777 1774/1970/1774 1753/1949/1753 1755/1951/1755
f 1774/1970/1774 1773/1969/1773 1754/1950/1754 1753/1949/1753
f 1825/2034/1825 1826/2035/1826 1829/2038/1829 1830/2039/1830
f 1826/2035/1826 1827/2036/1827 1831/2040/1831 1829/2038/1829
f 1827/2036/1827 1828/2037/1828 1832/2041/1832 1831/2040/1831
f 1830/2039/1830 1829/2038/1829 1833/2042/1833 1834/2043/1834
f 1829/2038/1829 1831/2040/1831 1835/2044/1835 1833/2042/1833
f 1831/2040/1831 1832/2041/1832 1836/2045/1836 1835/2044/1835
f 1837/2046/1837 1838/2047/1838 1839/2048/1839 1840/2049/1840
f 1841/2050/1841 1842/2051/1842 1838/2047/1838 1837/2046/1837
f 1843/2052/1843 1844/2053/1844 1842/2051/1842 1841/2050/1841
f 1839/2048/1839 1838/2047/1838 1707/1903/1707 1708/1904/1708
f 1838/2047/1838 1842/2051/1842 1706/1902/1706 1707/1903/1707
f 1842/2051/1842 1844/2053/1844 1704/1900/1704 1706/1902/1706
f 1638/1830/1638 1825/2034/1825 1830/2039/1830 1636/1828/1636
f 1636/1828/1636 1830/2039/1830 1834/2043/1834 1637/1829/1637
f 1840/2049/1840 1839/2048/1839 1634/1826/1634 1635/1827/1635
f 1634/1826/1634 1839/2048/1839 1708/1904/1708 1633/1825/1633
f 1705/1901/1705 1704/1900/1704 1844/2053/1844 1771/1967/1771
f 1771/1967/1771 1844/2053/1844 1843/2052/1843 1772/1968/1772
f 1836/2045/1836 1832/2041/1832 1769/1965/1769 1770/1966/1770
f 1769/1965/1769 1832/2041/1832 1828/2037/1828 1768/1964/1768
f 1572/1758/1572 1586/1774/1586 1584/1772/1584 1568/1754/1568
f 1568/1754/1568 1567/1753/1567 1569/1755/1569 1572/1758/1572
f 1567/1753/1567 1811/2019/1811 1813/2021/1813 1569/1755/1569
f 1605/1794/1605 1604/1793/1604 1601/1790/1601 1600/1789/1600
f 1604/1793/1604 1619/1810/1619 1617/1808/1617 1601/1790/1601
f 1619/1810/1619 1651/1843/1651 1649/1841/1649 1617/1808/1617
f 1651/1843/1651 1654/1846/1654 1650/1842/1650 1649/1841/1649
f 1654/1846/1654 1668/1862/1668 1666/1860/1666 1650/1842/1650
f 1668/1862/1668 1679/1874/1679 1677/1872/1677 1666/1860/1666
f 1679/1874/1679 1700/1896/1700 1698/1894/1698 1677/1872/1677
f 1700/1896/1700 1716/1912/1716 1714/1910/1714 1698/1894/1698
f 1716/1912/1716 1727/1923/1727 1725/1921/1725 1714/1910/1714
f 1746/1942/1746 1745/1941/1745 1742/1938/1742 1741/1937/1741
f 1745/1941/1745 1760/1956/1760 1758/1954/1758 1742/1938/1742
f 1760/1956/1760 1785/1981/1785 1783/1979/1783 1758/1954/1758
f 1785/1981/1785 1788/1984/1788 1784/1980/1784 1783/1979/1783
f 1788/2004/1788 1802/2007/1802 1800/2003/1800 1784/2002/1784
f 1802/2007/1802 1813/2021/1813 1811/2019/1811 1800/2003/1800
f 1533/1719/1533 1536/1722/1536 1845/2054/1845 1846/2055/1846
f 1847/2056/1847 1848/2057/1848 1540/1726/1540 1849/2058/1849
f 1848/2057/1848 1850/2059/1850 1537/1723/1537 1540/1726/1540
f 1850/2059/1850 1851/2060/1851 1852/2061/1852 1537/1723/1537
f 1525/1711/1525 1528/1714/1528 1544/1730/1544 1543/1729/1543
f 1767/1963/1767 1766/1962/1766 1765/1961/1765 1764/1960/1764
f 1628/1820/1628 1627/1819/1627 1624/1816/1624 1623/1815/1623
f 1580/1768/1580 1579/1767/1579 1590/1779/1590 1593/1782/1593
f 1579/1767/1579 1581/1769/1581 1594/1783/1594 1590/1779/1590
f 1581/1769/1581 1582/1770/1582 1596/1785/1596 1594/1783/1594
f 1582/1770/1582 1583/1771/1583 1598/1787/1598 1596/1785/1596
f 1583/1771/1583 1584/1772/1584 1600/1789/1600 1598/1787/1598
f 1584/1772/1584 1586/1774/1586 1605/1794/1605 1600/1789/1600
f 1602/1791/1602 1605/1794/1605 1586/1774/1586 1585/1773/1585
f 1585/1773/1585 1587/1775/1587 1606/1795/1606 1602/1791/1602
f 1587/1775/1587 1588/1776/1588 1608/1797/1608 1606/1795/1606
f 1588/1778/1588 1589/1777/1589 1610/1799/1610 1608/1802/1608
f 1589/1777/1589 1637/1829/1637 1635/1827/1635 1610/1799/1610
f 1637/1829/1637 1834/2043/1834 1840/2049/1840 1635/1827/1635
f 1721/1917/1721 1720/1916/1720 1731/1927/1731 1734/1930/1734
f 1720/1916/1720 1722/1918/1722 1735/1931/1735 1731/1927/1731
f 1722/1918/1722 1723/1919/1723 1737/1933/1737 1735/1931/1735
f 1723/1919/1723 1724/1920/1724 1739/1935/1739 1737/1933/1737
f 1724/1920/1724 1725/1921/1725 1741/1937/1741 1739/1935/1739
f 1725/1921/1725 1727/1923/1727 1746/1942/1746 1741/1937/1741
f 1743/1939/1743 1746/1942/1746 1727/1923/1727 1726/1922/1726
f 1726/1922/1726 1728/1924/1728 1747/1943/1747 1743/1939/1743
f 1728/1924/1728 1729/1925/1729 1749/1945/1749 1747/1943/1747
f 1729/1925/1729 1730/1926/1730 1751/1947/1751 1749/1945/1749
f 1730/1926/1730 1772/1968/1772 1770/1966/1770 1751/1947/1751
f 1772/1968/1772 1843/2052/1843 1836/2045/1836 1770/1966/1770
f 1834/2043/1834 1833/2042/1833 1837/2046/1837 1840/2049/1840
f 1833/2042/1833 1835/2044/1835 1841/2050/1841 1837/2046/1837
f 1835/2044/1835 1836/2045/1836 1843/2052/1843 1841/2050/1841
f 1522/1708/1522 1853/2062/1853 1854/2063/1854 1532/1718/1532
f 1852/2061/1852 1855/2064/1855 1538/1724/1538 1537/1723/1537
f 1540/1726/1540 1539/1725/1539 1856/2065/1856 1849/2058/1849
f 1522/1708/1522 1521/1707/1521 1857/2066/1857 1853/2062/1853
f 1547/1733/1547 1546/1732/1546 1858/2067/1858 1859/2068/1859
f 1632/1824/1632 1631/1823/1631 1626/1818/1626 1625/1817/1625
f 1692/1888/1692 1691/1887/1691 1688/1884/1688 1687/1883/1687
f 1545/1731/1545 1548/1734/1548 1860/2069/1860 1861/2070/1861
f 1524/1710/1524 1523/1709/1523 1531/1717/1531 1862/2071/1862
f 1820/2029/1820 1819/2028/1819 1550/1736/1550 1549/1735/1549
f 1535/1721/1535 1534/1720/1534 1863/2072/1863 1864/2073/1864
f 1539/1725/1539 1545/1731/1545 1861/2070/1861 1856/2065/1856
f 1538/1724/1538 1546/1732/1546 1545/1731/1545 1539/1725/1539
f 1855/2064/1855 1858/2067/1858 1546/1732/1546 1538/1724/1538
f 1865/2074/1865 1866/2075/1866 1542/1728/1542 1541/1727/1541
f 1846/2055/1846 1845/2054/1845 1518/1704/1518 1517/1703/1517
f 1529/1715/1529 1848/2057/1848 1847/2056/1847 1530/1716/1530
f 1532/1718/1532 1850/2059/1850 1848/2057/1848 1529/1715/1529
f 1854/2063/1854 1851/2060/1851 1850/2059/1850 1532/1718/1532
f 1520/1706/1520 1519/1705/1519 1862/2071/1862 1531/1717/1531
f 1530/1716/1530 1517/1703/1517 1520/1706/1520 1531/1717/1531
f 1847/2056/1847 1846/2055/1846 1517/1703/1517 1530/1716/1530
f 1846/2055/1846 1847/2056/1847 1849/2058/1849 1533/1719/1533
f 1856/2065/1856 1534/1720/1534 1533/1719/1533 1849/2058/1849
f 1861/2070/1861 1863/2072/1863 1534/1720/1534 1856/2065/1856
f 1863/2072/1863 1861/2070/1861 1860/2069/1860 1864/2073/1864
f 1859/2068/1859 1858/2067/1858 1866/2075/1866 1865/2074/1865
f 1542/1728/1542 1866/2075/1866 1858/2067/1858 1855/2064/1855
f 1543/1729/1543 1542/1728/1542 1855/2064/1855 1852/2061/1852
f 1851/2060/1851 1525/1711/1525 1543/1729/1543 1852/2061/1852
f 1526/1712/1526 1525/1711/1525 1851/2060/1851 1854/2063/1854
f 1853/2062/1853 1867/2076/1867 1526/1712/1526 1854/2063/1854
f 1527/1713/1527 1526/1712/1526 1867/2076/1867 1868/2077/1868
f 1556/1742/1556 1555/1741/1555 1824/2033/1824 1823/2032/1823
f 1867/2076/1867 1853/2062/1853 1857/2066/1857 1868/2077/1868
f 1557/1743/1557 1560/1746/1560 1553/2078/1553 1556/2079/1556
f 1823/2080/1823 1807/2015/1807 1557/1743/1557 1556/2079/1556
f 1821/2081/1821 1796/1995/1796 1807/2015/1807 1823/2080/1823
f 1817/2082/1817 1776/1992/1776 1796/1995/1796 1821/2081/1821
f 1820/2029/1820 1773/1969/1773 1776/1972/1776 1817/2083/1817
f 1754/1950/1754 1773/1969/1773 1820/2029/1820 1549/1735/1549
f 1552/1738/1552 1733/1929/1733 1754/1950/1754 1549/1735/1549
f 1767/1963/1767 1734/1930/1734 1733/1929/1733 1552/1738/1552
f 1721/1917/1721 1734/1930/1734 1767/1963/1767 1764/1960/1764
f 1710/1906/1710 1721/1917/1721 1764/1960/1764 1689/1885/1689
f 1694/1890/1694 1710/1906/1710 1689/1885/1689 1692/1888/1692
f 1687/1883/1687 1673/1868/1673 1694/1890/1694 1692/1888/1692
f 1685/2084/1685 1662/1856/1662 1673/1868/1673 1687/1883/1687
f 1683/2085/1683 1642/1834/1642 1662/1856/1662 1685/2084/1685
f 1629/2086/1629 1639/1831/1639 1642/1834/1642 1683/2085/1683
f 1613/1804/1613 1639/1831/1639 1629/2086/1629 1632/2087/1632
f 1592/1781/1592 1613/1804/1613 1632/2087/1632 1625/2088/1625
f 1628/2089/1628 1593/1782/1593 1592/1781/1592 1625/2088/1625
f 1580/1768/1580 1593/1782/1593 1628/2089/1628 1623/2090/1623
f 1560/1746/1560 1580/1768/1580 1623/2090/1623 1553/2078/1553
f 1551/1737/1551 1550/1736/1550 1519/1705/1519 1518/1704/1518
f 1518/1704/1518 1845/2054/1845 1766/1962/1766 1551/1737/1551
f 1845/2054/1845 1536/1722/1536 1765/1961/1765 1766/1962/1766
f 1688/1884/1688 1691/1887/1691 1864/2073/1864 1860/2069/1860
f 1860/2069/1860 1548/1734/1548 1686/1882/1686 1688/1884/1688
f 1548/1734/1548 1547/1733/1547 1684/1880/1684 1686/1882/1686
f 1547/1733/1547 1859/2068/1859 1630/1822/1630 1684/1880/1684
f 1859/2068/1859 1865/2074/1865 1631/1823/1631 1630/1822/1630
f 1626/1818/1626 1631/1823/1631 1865/2074/1865 1541/1727/1541
f 1541/1727/1541 1544/1730/1544 1627/1819/1627 1626/1818/1626
f 1544/1730/1544 1528/1714/1528 1624/1816/1624 1627/1819/1627
f 1824/2033/1824 1555/1741/1555 1868/2077/1868 1857/2066/1857
f 1857/2066/1857 1521/1707/1521 1822/2031/1822 1824/2033/1824
f 1521/1707/1521 1524/1710/1524 1818/2027/1818 1822/2031/1822
f 1524/1710/1524 1862/2071/1862 1819/2028/1819 1818/2027/1818
f 1862/2071/1862 1519/1705/1519 1550/1736/1550 1819/2028/1819
f 1690/1886/1690 1765/1961/1765 1536/1722/1536 1535/1721/1535
f 1535/1721/1535 1864/2073/1864 1691/1887/1691 1690/1886/1690
f 1527/1713/1527 1868/2077/1868 1555/1741/1555 1554/1740/1554
f 1554/1740/1554 1624/1816/1624 1528/1714/1528 1527/1713/1527
f 1806/2014/1806 1808/2016/1808 1561/1747/1561 1558/1744/1558
g default
v 11.643126 1.997194 5.383607
v 11.643141 2.032053 5.415389
v 11.757092 2.057386 5.391697
v 11.752592 2.013258 5.372000
v 11.655773 2.049963 5.469440
v 11.771439 2.081926 5.443573
v 11.685774 2.042440 5.547422
v 11.797688 2.073389 5.524428
v 11.714998 2.032716 5.622777
v 11.823013 2.058931 5.601652
v 11.743416 2.024770 5.697902
v 11.846353 2.053457 5.679782
v 11.874548 2.051771 5.368245
v 11.861633 2.008184 5.348129
v 11.892554 2.075807 5.419520
v 11.914804 2.069921 5.502040
v 11.934299 2.055837 5.581289
v 11.953150 2.048635 5.660630
v 11.989450 2.023775 5.346504
v 11.968233 1.984235 5.322792
v 12.010748 2.045984 5.398296
v 12.028761 2.040964 5.482430
v 12.042142 2.026689 5.562864
v 12.054884 2.015539 5.642407
v 12.092669 1.966528 5.332064
v 12.068274 1.941656 5.296300
v 12.105335 1.969118 5.386767
v 12.119265 1.964536 5.467436
v 12.131943 1.958681 5.546880
v 12.142862 1.953649 5.626311
v 11.646978 1.939497 5.354712
v 11.643813 1.980962 5.373053
v 11.751094 1.994684 5.366813
v 11.748398 1.950483 5.361221
v 11.857224 1.990083 5.343597
v 11.848371 1.945051 5.340790
v 11.960934 1.967481 5.318107
v 11.944862 1.921846 5.317335
v 12.058765 1.928445 5.288714
v 12.033410 1.884286 5.284690
v 12.152058 1.876192 5.268082
v 12.106199 1.830053 5.254565
v 12.183302 1.890245 5.324727
v 12.162636 1.884134 5.278578
v 12.196018 1.888567 5.376137
v 12.205369 1.882246 5.454382
v 12.210926 1.877004 5.533000
v 12.215774 1.873640 5.611627
v 12.150090 1.946577 5.705773
v 12.218901 1.870325 5.690397
v 12.068396 2.008836 5.722092
v 11.970935 2.039808 5.739690
v 11.868986 2.045381 5.757607
v 11.769851 2.019064 5.773509
v 11.649530 1.973619 5.713191
v 11.678207 1.972936 5.787097
v 11.619255 1.975980 5.639946
v 11.584538 1.981424 5.562006
v 11.557731 1.987241 5.481908
v 11.543198 1.969381 5.429943
v 11.546015 1.942728 5.388418
v 11.561506 1.900289 5.351647
v 11.549562 1.929983 5.374422
v 11.360225 1.414724 5.296940
v 11.333700 1.401464 5.367937
v 11.298801 1.534753 5.358093
v 11.332296 1.541463 5.284253
v 11.332464 1.399553 5.450019
v 11.299271 1.533578 5.442804
v 11.367053 1.415475 5.561302
v 11.348641 1.543581 5.551628
v 11.432281 1.451086 5.652617
v 11.413126 1.566526 5.647135
v 11.494094 1.498911 5.740074
v 11.473001 1.601595 5.740409
v 11.308737 1.674100 5.369785
v 11.346113 1.671400 5.302249
v 11.315096 1.671690 5.450446
v 11.361832 1.673166 5.554448
v 11.420594 1.684789 5.648349
v 11.479033 1.707681 5.739005
v 11.367538 1.794942 5.394415
v 11.392436 1.783434 5.336551
v 11.374043 1.794965 5.464763
v 11.412657 1.792722 5.559446
v 11.464080 1.795869 5.646826
v 11.517862 1.806726 5.731469
v 11.448391 1.894292 5.418343
v 11.458440 1.878923 5.366423
v 11.459141 1.895990 5.479583
v 11.493813 1.893125 5.563748
v 11.536026 1.891309 5.643606
v 11.577858 1.895013 5.722750
v 11.432159 1.453840 5.248272
v 11.371128 1.420507 5.283774
v 11.345364 1.543462 5.273009
v 11.423616 1.553789 5.249101
v 11.359836 1.668848 5.291632
v 11.432019 1.651430 5.272572
v 11.403988 1.776884 5.324474
v 11.455669 1.744909 5.301701
v 11.465899 1.869779 5.352445
v 11.497581 1.833929 5.325583
v 11.614560 1.904146 5.803123
v 11.567439 1.823202 5.816587
v 11.534370 1.735326 5.828547
v 11.525749 1.641302 5.834957
v 11.544967 1.547872 5.832853
v 11.531395 1.401052 5.735755
v 11.577119 1.458379 5.824845
v 11.467843 1.336961 5.661155
v 11.404333 1.285040 5.569592
v 11.383881 1.270715 5.457482
v 11.404526 1.291338 5.386657
v 11.426346 1.317022 5.326049
v 11.485660 1.372381 5.260069
v 11.434849 1.325620 5.312193
v 11.991074 1.188451 5.219374
v 12.009673 1.145280 5.278515
v 11.875120 1.151357 5.304190
v 11.866021 1.191839 5.246739
v 12.027308 1.116388 5.356792
v 11.885745 1.126001 5.380524
v 12.037004 1.141443 5.478104
v 11.902617 1.151456 5.496200
v 12.034916 1.201200 5.580849
v 11.915516 1.211385 5.596020
v 12.028641 1.261121 5.674049
v 11.922884 1.269720 5.691463
v 11.759212 1.189237 5.337722
v 11.756979 1.221330 5.285684
v 11.765448 1.170232 5.406488
v 11.782385 1.193143 5.511054
v 11.801904 1.250391 5.605028
v 11.820030 1.302858 5.701159
v 11.641895 1.211931 5.360745
v 11.646551 1.246011 5.310436
v 11.643526 1.191125 5.429039
v 11.660179 1.209348 5.534679
v 11.685698 1.266553 5.629429
v 11.715365 1.317674 5.722518
v 11.516258 1.230039 5.374286
v 11.529591 1.266706 5.319105
v 11.504436 1.189851 5.444665
v 11.526797 1.209257 5.566269
v 11.569157 1.270372 5.665009
v 11.615131 1.339594 5.743479
v 11.967433 1.267217 5.177238
v 11.986349 1.202154 5.208106
v 11.864780 1.205850 5.235203
v 11.864439 1.268915 5.206157
v 11.757332 1.233656 5.271987
v 11.761663 1.280195 5.235837
v 11.648706 1.258047 5.296377
v 11.657639 1.300317 5.256896
v 11.534147 1.278711 5.305643
v 11.552877 1.326543 5.265262
v 11.652259 1.396730 5.828058
v 11.741590 1.361311 5.816725
v 11.836387 1.349851 5.797588
v 11.929089 1.322900 5.786168
v 12.022910 1.312330 5.768551
v 12.127495 1.286825 5.643209
v 12.113517 1.331529 5.740245
v 12.145998 1.237978 5.549063
v 12.160408 1.196973 5.450591
v 12.159496 1.179823 5.345056
v 12.135864 1.202123 5.267250
v 12.101557 1.248422 5.206292
v 12.053504 1.293989 5.163998
v 12.091616 1.259184 5.194563
v 12.266546 1.776773 5.601890
v 12.286745 1.668935 5.595838
v 12.308083 1.661111 5.498949
v 12.272690 1.775495 5.513184
v 12.285553 1.559835 5.598901
v 12.315501 1.541181 5.496768
v 12.260990 1.454259 5.609445
v 12.288199 1.425359 5.505281
v 12.206467 1.361353 5.627079
v 12.232160 1.321420 5.527164
v 12.324215 1.659757 5.397988
v 12.275717 1.778951 5.422807
v 12.339577 1.530485 5.388524
v 12.316986 1.400777 5.395355
v 12.253515 1.287500 5.419818
v 12.325966 1.668325 5.292806
v 12.269237 1.787019 5.330610
v 12.347397 1.531015 5.271732
v 12.319733 1.392221 5.274494
v 12.248615 1.276498 5.304053
v 12.304731 1.678548 5.220001
v 12.251905 1.794302 5.267443
v 12.320049 1.540357 5.190178
v 12.292486 1.399675 5.190600
v 12.221870 1.287943 5.229022
v 12.246298 1.675485 5.181391
v 12.211466 1.786386 5.223448
v 12.255148 1.553144 5.141026
v 12.232555 1.421011 5.133936
v 12.177269 1.316763 5.179761
v 12.196413 1.780267 5.215606
v 12.147617 1.752622 5.210966
v 12.228874 1.672624 5.177070
v 12.170591 1.657465 5.183079
v 12.238113 1.555265 5.137323
v 12.167376 1.559988 5.151935
v 12.216961 1.427621 5.127980
v 12.145061 1.461935 5.131198
v 12.164169 1.326345 5.169968
v 12.113461 1.367059 5.147027
v 12.188686 1.396913 5.727392
v 12.241050 1.481393 5.711971
v 12.263575 1.578790 5.698574
v 12.271887 1.678941 5.690563
v 12.262391 1.778944 5.688959
v 12.002758 1.655515 5.285654
v 11.995245 1.574510 5.267384
v 11.908273 1.585691 5.307102
v 11.916546 1.663049 5.324732
v 11.981049 1.495275 5.246076
v 11.894882 1.506845 5.280988
v 11.963190 1.420187 5.223482
v 11.878788 1.430826 5.250626
v 11.925131 1.747984 5.335977
v 11.826830 1.673788 5.349006
v 11.835491 1.760892 5.360471
v 11.817886 1.596288 5.335858
v 11.805274 1.517255 5.305283
v 11.790331 1.441595 5.277135
v 11.732063 1.687257 5.351192
v 11.742727 1.771349 5.364321
v 11.721037 1.607740 5.336780
v 11.709455 1.530073 5.310096
v 11.698555 1.454733 5.289644
v 11.626254 1.622388 5.319278
v 11.640381 1.702245 5.339336
v 11.616535 1.543825 5.297357
v 11.932116 1.833398 5.328609
v 11.842556 1.849470 5.351755
v 11.748898 1.857244 5.358799
v 11.662760 1.857263 5.352116
v 11.550722 1.720026 5.318104
v 11.532681 1.635950 5.298362
v 11.523579 1.551828 5.279229
v 11.593833 1.398668 5.269006
v 11.681221 1.380087 5.265565
v 11.775217 1.364656 5.249725
v 11.867425 1.353716 5.225499
v 12.038529 1.406114 5.188132
v 12.060232 1.483160 5.192322
v 12.076709 1.567400 5.210458
v 12.082325 1.653307 5.232996
v 12.074484 1.733537 5.250502
v 12.355522 1.770727 6.530725
v 12.362429 1.705362 6.520692
v 12.323385 1.709821 6.385495
v 12.320885 1.776662 6.393095
v 12.339113 1.643152 6.519301
v 12.301653 1.646616 6.385322
v 12.301526 1.588453 6.523878
v 12.261659 1.592672 6.390984
v 12.268517 1.562265 6.527580
v 12.247494 1.546205 6.532910
v 12.211723 1.548463 6.402304
v 12.296713 1.710493 6.248093
v 12.291475 1.780008 6.253981
v 12.270017 1.645643 6.249717
v 12.231573 1.587431 6.255498
v 12.183950 1.536630 6.265335
v 12.272104 1.707723 6.109726
v 12.269405 1.781324 6.113936
v 12.251188 1.636148 6.112267
v 12.217094 1.570493 6.118772
v 12.169854 1.513105 6.129078
v 12.264124 1.699606 5.970093
v 12.256910 1.780119 5.972555
v 12.248905 1.619302 5.974069
v 12.217788 1.544115 5.982222
v 12.166838 1.481313 5.993150
v 12.266161 1.689890 5.830262
v 12.259149 1.780267 5.830726
v 12.253664 1.599596 5.835987
v 12.225224 1.515115 5.846530
v 12.173162 1.442186 5.859049
v 12.321521 1.829347 6.547167
v 12.289582 1.839002 6.406314
v 12.259312 1.846880 6.265046
v 12.238007 1.853689 6.122318
v 12.221169 1.855920 5.978753
v 12.217943 1.862821 5.834578
v 12.105743 1.382990 5.872149
v 12.102073 1.431024 6.005063
v 12.110646 1.466898 6.141226
v 12.128803 1.492483 6.278507
v 12.154023 1.512281 6.415130
v 12.192432 1.514211 6.550592
v 12.270967 1.533445 6.602194
v 12.217027 1.505823 6.618808
v 12.299721 1.552072 6.597120
v 12.340487 1.588365 6.594985
v 12.329748 1.575075 6.593928
v 12.392668 1.699033 6.599861
v 12.371025 1.634832 6.595077
v 12.380962 1.765825 6.613055
v 12.344118 1.823866 6.631614
v 12.121459 1.495123 6.563475
v 12.046415 1.490343 6.578011
v 12.017368 1.482256 6.445034
v 12.088938 1.488866 6.429955
v 11.971664 1.502821 6.592807
v 11.945381 1.495355 6.458825
v 11.900996 1.530264 6.608338
v 11.878572 1.526205 6.472989
v 11.835372 1.567953 6.622902
v 11.816986 1.567388 6.485342
v 11.991419 1.460077 6.312459
v 12.063445 1.468454 6.296179
v 11.918692 1.474641 6.326143
v 11.851280 1.506437 6.339141
v 11.792290 1.553949 6.348621
v 11.970129 1.434793 6.179927
v 12.044254 1.441763 6.162095
v 11.894777 1.448202 6.193567
v 11.825155 1.480791 6.206038
v 11.765089 1.530683 6.213083
v 11.952968 1.399816 6.048043
v 12.031363 1.407819 6.029031
v 11.872710 1.414320 6.062155
v 11.796928 1.445230 6.075527
v 11.733456 1.496259 6.080191
v 11.940157 1.365388 5.916284
v 12.025852 1.360948 5.898530
v 11.854061 1.383802 5.929666
v 11.770101 1.406725 5.945274
v 11.693430 1.448423 5.953137
v 11.632527 1.513647 5.948482
v 11.679129 1.560838 6.078437
v 11.710270 1.590776 6.216169
v 11.738973 1.611959 6.355816
v 11.762493 1.621122 6.496904
v 11.776524 1.616541 6.636125
v 11.840645 1.558218 6.706046
v 11.777546 1.603250 6.717743
v 11.912075 1.524366 6.689530
v 11.987511 1.498880 6.672973
v 12.066018 1.486185 6.656259
v 12.144625 1.489015 6.638729
v 11.737953 1.670263 6.644660
v 11.720132 1.730112 6.647513
v 11.708328 1.738611 6.511494
v 11.729477 1.675916 6.503709
v 11.720529 1.750284 6.649638
v 11.726799 1.802038 6.658874
v 11.706733 1.806295 6.517858
v 11.752950 1.865793 6.662824
v 11.728580 1.870866 6.520496
v 11.809774 1.908407 6.660849
v 11.778469 1.919313 6.517784
v 11.681993 1.733427 6.372589
v 11.706372 1.668485 6.364063
v 11.680214 1.803522 6.377438
v 11.698675 1.872392 6.378970
v 11.747742 1.926546 6.374617
v 11.653116 1.720007 6.234186
v 11.677361 1.651327 6.225962
v 11.648645 1.794672 6.238373
v 11.669664 1.866628 6.237262
v 11.718243 1.924730 6.230960
v 11.623678 1.700800 6.096754
v 11.646679 1.627321 6.089334
v 11.619926 1.778841 6.099067
v 11.643155 1.853345 6.095559
v 11.690760 1.915586 6.086887
v 11.581904 1.672933 5.963038
v 11.602291 1.591177 5.957527
v 11.587658 1.757356 5.960926
v 11.605450 1.840170 5.955826
v 11.655890 1.907892 5.944152
v 11.718983 1.965494 5.930036
v 11.751545 1.967802 6.075480
v 11.781482 1.968404 6.221107
v 11.811754 1.963464 6.366817
v 11.843777 1.948839 6.511196
v 11.874729 1.935949 6.656033
v 11.763323 1.859274 6.750684
v 11.822939 1.902319 6.749211
v 11.730072 1.795518 6.746275
v 11.721594 1.747198 6.739448
v 11.729553 1.673135 6.728140
v 11.719863 1.717737 6.734829
v 11.740682 1.649046 6.723440
v 11.954651 1.953550 6.640411
v 12.036184 1.959768 6.623118
v 12.006358 1.978410 6.479815
v 11.923580 1.971086 6.496615
v 12.117416 1.951379 6.604597
v 12.088421 1.968103 6.461377
v 12.195341 1.928102 6.584987
v 12.165825 1.940992 6.442380
v 12.263625 1.884569 6.565294
v 12.234257 1.896692 6.423462
v 11.977320 1.992746 6.335615
v 11.893087 1.985544 6.352448
v 12.061125 1.983896 6.317815
v 12.140387 1.956491 6.299250
v 12.206430 1.906496 6.281385
v 11.949744 2.007021 6.191271
v 11.863602 1.995157 6.207519
v 12.036245 1.999223 6.173805
v 12.118238 1.970998 6.155653
v 12.184248 1.916292 6.138195
v 11.922987 2.023000 6.047135
v 11.834277 2.002477 6.062527
v 12.013655 2.014532 6.029355
v 12.099131 1.983713 6.011330
v 12.168446 1.926286 5.994419
v 11.896273 2.032896 5.902133
v 11.803818 2.008978 5.917627
v 11.992301 2.028055 5.884584
v 12.082279 1.995435 5.866799
v 12.156246 1.934805 5.850154
v 12.283533 1.876592 6.650818
v 12.212877 1.915899 6.671321
v 12.134731 1.938150 6.691582
v 12.053715 1.946878 6.710691
v 11.972090 1.942690 6.728430
v 11.891518 1.928053 6.744490
v 11.908304 1.920156 6.832948
v 11.989538 1.931821 6.816448
v 12.135342 1.820116 7.264614
v 12.130484 1.856493 7.214868
v 12.040354 1.876943 7.240861
v 12.048233 1.837095 7.290491
v 12.211789 1.795217 7.225849
v 12.209951 1.825471 7.178276
v 12.290552 1.774824 7.192688
v 12.294514 1.806757 7.147827
v 12.373368 1.758260 7.165651
v 12.383540 1.793245 7.123219
v 12.122236 1.877977 7.150955
v 12.031051 1.892805 7.173862
v 12.206070 1.849912 7.119095
v 12.294313 1.835214 7.091053
v 12.385794 1.823713 7.066231
v 12.113659 1.889761 7.086205
v 12.023390 1.899595 7.107585
v 12.200010 1.869630 7.058139
v 12.286892 1.851228 7.030419
v 12.376644 1.838499 7.004607
v 12.104727 1.900400 7.022144
v 12.016199 1.905893 7.042517
v 12.190784 1.885370 6.996499
v 12.275268 1.863844 6.969945
v 12.360671 1.844286 6.943970
v 12.090515 1.915849 6.926338
v 12.005013 1.916109 6.945397
v 12.173193 1.899583 6.902704
v 12.253824 1.875234 6.878328
v 12.334196 1.850576 6.854617
v 12.071251 1.934011 6.798265
v 12.152048 1.924928 6.778570
v 12.230410 1.903703 6.757664
v 12.303444 1.868635 6.736342
v 11.945592 1.864336 7.256608
v 11.958555 1.835729 7.306212
v 11.936396 1.883092 7.187869
v 11.931396 1.890474 7.121252
v 11.926605 1.897997 7.057323
v 11.919485 1.906255 6.960995
v 12.366719 1.818380 6.716056
v 12.406413 1.808355 6.830878
v 12.437428 1.802488 6.917185
v 12.458395 1.798833 6.975338
v 12.471672 1.784296 7.044812
v 12.463171 1.755125 7.101253
v 12.440510 1.721002 7.144267
v 12.368488 1.745443 7.177381
v 12.348837 1.701875 7.207058
v 12.393934 1.675012 7.190239
v 12.431521 1.710596 7.155835
v 12.287796 1.762117 7.205112
v 12.274994 1.716600 7.235937
v 12.210369 1.782396 7.237464
v 12.199511 1.731409 7.263313
v 12.135034 1.806467 7.274981
v 12.127951 1.746759 7.297922
v 12.049841 1.823270 7.300872
v 12.053686 1.762197 7.326923
v 11.963909 1.823461 7.316542
v 11.993955 1.753316 7.341872
v 12.487019 1.609258 7.136409
v 12.516732 1.620157 7.085658
v 12.500275 1.694200 7.090178
v 12.475132 1.672865 7.136161
v 12.485626 1.543142 7.130500
v 12.523037 1.540861 7.079269
v 12.465487 1.428091 7.090608
v 12.495632 1.427431 7.044667
v 12.514299 1.482385 7.071851
v 12.477833 1.489339 7.118948
v 12.521367 1.631055 7.018250
v 12.510096 1.713026 7.027378
v 12.522826 1.547670 7.007391
v 12.495714 1.449960 6.964017
v 12.514829 1.496301 6.999020
v 12.515287 1.642477 6.951433
v 12.500725 1.725362 6.962753
v 12.510923 1.559312 6.938932
v 12.480983 1.474893 6.887723
v 12.503117 1.512785 6.921045
v 12.500717 1.654180 6.885221
v 12.481981 1.733648 6.900131
v 12.488428 1.579324 6.863783
v 12.448161 1.507490 6.816193
v 12.473368 1.534944 6.843376
v 12.388733 1.402376 6.866351
v 12.449013 1.416238 6.910667
v 12.447777 1.388452 6.974493
v 12.388393 1.368303 6.910330
v 12.470355 1.671056 6.793941
v 12.449759 1.744688 6.810892
v 12.454216 1.599706 6.781045
v 12.422895 1.692693 6.679040
v 12.406399 1.760919 6.695382
v 12.403122 1.626417 6.671063
v 12.371088 1.441572 6.819589
v 12.299788 1.447019 6.806088
v 12.277968 1.469026 6.772113
v 12.348539 1.471979 6.774247
v 12.327048 1.388696 6.880407
v 12.320292 1.416029 6.843944
v 12.315773 1.375997 6.926498
v 12.380876 1.353857 6.966861
v 12.317163 1.421060 7.108370
v 12.365353 1.400419 7.084259
v 12.388270 1.448343 7.133671
v 12.332939 1.471498 7.156377
v 12.463993 1.492593 7.130199
v 12.407472 1.507581 7.157607
v 12.452241 1.430463 7.102400
v 12.475037 1.606344 7.148807
v 12.425618 1.597906 7.180619
v 12.419451 1.553278 7.172230
v 12.472427 1.544736 7.142205
v 12.464923 1.665701 7.148701
v 12.425898 1.641977 7.181778
v 12.261068 1.438478 7.124501
v 12.187840 1.464334 7.140915
v 12.177303 1.442930 7.102779
v 12.249021 1.418581 7.084009
v 12.105419 1.483743 7.164019
v 12.090267 1.460828 7.127161
v 12.021536 1.489862 7.189696
v 12.000221 1.466405 7.154170
v 11.946739 1.480638 7.219024
v 11.923303 1.454984 7.180606
v 12.242058 1.411436 7.048773
v 12.170788 1.435655 7.068520
v 12.166565 1.436079 7.026260
v 12.246942 1.406747 7.002622
v 12.079545 1.453397 7.093013
v 12.069246 1.453699 7.052712
v 11.984856 1.458028 7.122223
v 11.967525 1.457414 7.079383
v 11.903396 1.444456 7.147084
v 11.867327 1.441019 7.104191
v 12.163769 1.437898 7.004649
v 12.247059 1.407289 6.958345
v 12.064814 1.456339 7.033065
v 11.961428 1.460489 7.057065
v 11.846467 1.445802 7.055677
v 12.099382 1.476099 6.779942
v 12.085577 1.482114 6.734244
v 12.167716 1.482957 6.713794
v 12.182314 1.475214 6.751961
v 12.015261 1.489889 6.807534
v 12.003356 1.494955 6.753088
v 11.928930 1.511255 6.821649
v 11.923148 1.518488 6.770668
v 11.845613 1.537103 6.829917
v 11.845911 1.548807 6.783607
v 12.298372 1.401956 7.064747
v 12.243307 1.422388 6.904926
v 12.246372 1.410223 6.940726
v 12.227261 1.441282 6.859331
v 12.211632 1.455976 6.822375
v 12.195665 1.466928 6.785011
v 11.778645 1.587881 6.794225
v 11.774915 1.570043 6.855952
v 11.837166 1.468515 6.990983
v 11.763994 1.470865 7.040460
v 11.760340 1.497999 6.997910
v 11.838848 1.489709 6.948790
v 11.718361 1.576379 6.951009
v 11.767010 1.549589 6.906883
v 11.759283 1.525995 6.953450
v 11.704971 1.545965 7.003486
v 11.815769 1.439314 7.127566
v 11.857448 1.439935 7.159614
v 11.861274 1.444395 7.191631
v 11.794567 1.443815 7.176722
v 12.050982 1.533044 7.231402
v 11.982199 1.530904 7.262829
v 12.126317 1.527639 7.204777
v 12.203243 1.509698 7.188006
v 12.274668 1.488584 7.174916
v 11.799065 1.614069 7.342154
v 11.732824 1.635706 7.302125
v 11.710949 1.562757 7.269678
v 11.772690 1.530874 7.307162
v 11.822087 1.671629 7.346283
v 11.764349 1.699968 7.304595
v 11.862642 1.739214 7.338820
v 11.820663 1.771970 7.293733
v 11.907341 1.792341 7.318588
v 11.880762 1.826055 7.273688
v 11.699020 1.661855 7.225554
v 11.676308 1.601484 7.205051
v 11.734034 1.718378 7.229059
v 11.794171 1.792402 7.224008
v 11.863222 1.844961 7.207505
v 11.724954 1.730093 7.150708
v 11.693870 1.681593 7.144962
v 11.781577 1.804105 7.150415
v 11.852491 1.857778 7.139187
v 11.671505 1.593267 7.085262
v 11.676693 1.634481 7.128651
v 11.682030 1.659704 7.044976
v 11.684459 1.619424 7.008815
v 11.722254 1.743143 7.075500
v 11.695612 1.697607 7.063274
v 11.773478 1.817464 7.078794
v 11.846098 1.867120 7.070669
v 11.699150 1.683179 6.942796
v 11.704121 1.644708 6.920939
v 11.725247 1.762769 6.968484
v 11.707731 1.714994 6.955962
v 11.770501 1.833318 6.973432
v 11.840723 1.879293 6.969582
v 11.714567 1.707029 6.823500
v 11.721146 1.665540 6.813980
v 11.733343 1.788999 6.833682
v 11.719389 1.736944 6.829477
v 11.773698 1.852766 6.838543
v 11.836110 1.896211 6.837574
v 11.733321 1.604307 6.883373
v 11.740900 1.628275 6.803202
v 11.916262 1.779977 7.328682
v 11.949821 1.730302 7.351820
v 11.875067 1.728857 7.345737
v 11.926816 1.683443 7.353551
v 11.837363 1.664579 7.351002
v 11.904807 1.635053 7.349463
v 11.815391 1.608804 7.345783
v 11.884457 1.586866 7.338390
v 12.258327 1.685400 7.240943
v 12.191120 1.698160 7.263518
v 12.181291 1.665914 7.260274
v 12.245449 1.653921 7.241254
v 12.125614 1.711038 7.290167
v 12.119306 1.677232 7.284482
v 12.066388 1.722185 7.318625
v 12.029055 1.724607 7.335165
v 12.006695 1.703413 7.334949
v 12.062075 1.687902 7.314320
v 12.298232 1.611024 7.222218
v 12.234138 1.622579 7.236132
v 12.223428 1.591810 7.226418
v 12.289182 1.577154 7.215324
v 12.170219 1.634943 7.252316
v 12.158096 1.605249 7.241282
v 12.108570 1.644800 7.277159
v 12.095461 1.613950 7.266004
v 12.050499 1.653036 7.307600
v 11.991026 1.664999 7.334346
v 11.973989 1.624197 7.327902
v 12.035172 1.618570 7.297385
v 12.214033 1.560579 7.215803
v 12.280855 1.542970 7.206033
v 12.146149 1.576379 7.228754
v 12.080420 1.583170 7.254615
v 11.954847 1.583131 7.316419
v 12.018019 1.583913 7.285859
v 12.360947 1.602979 7.201449
v 12.353924 1.565271 7.194937
v 12.345721 1.526125 7.184156
v 12.320560 1.673669 7.219027
v 11.607871 1.468172 5.281578
v 11.654566 1.781576 5.351102
v 12.005163 1.736852 5.295287
v 11.575969 1.796423 5.334715
v 12.008780 1.811407 5.294392
v 11.953695 1.348222 5.204172
v 11.524090 1.473566 5.269644
v 11.600258 1.851369 5.345198
v 11.531713 1.417062 5.269765
v 12.007475 1.345049 5.183638
v 12.062269 1.791730 5.264343
v 12.307796 1.644155 7.223394
v 12.360025 1.661272 7.205902
v 12.365532 1.638139 7.203663
v 11.923790 1.524706 7.290383
v 11.851536 1.523180 7.307073
v 12.160487 1.440256 6.987433
v 12.150428 1.447790 6.948112
v 12.061083 1.459272 7.016334
v 12.052548 1.467599 6.977636
v 11.957639 1.464033 7.040428
v 11.949512 1.477052 6.995596
v 11.842121 1.449751 7.039393
v 11.886348 1.469911 7.239958
v 11.784052 1.445974 7.086094
v 11.815277 1.470243 7.246365
v 11.789316 1.526624 7.310957
v 11.767910 1.476823 7.253077
v 11.747570 1.444837 7.146392
v 12.431851 1.453558 6.846128
v 12.407016 1.485731 6.790612
v 12.406548 1.534864 6.747405
v 12.429022 1.562025 6.762133
v 12.370461 1.512834 6.734939
v 12.323980 1.496610 6.729257
v 12.429634 1.381895 7.036176
v 11.696842 1.520578 7.210114
v 11.751732 1.482950 7.249288
v 11.732784 1.449739 7.132723
v 11.705046 1.470956 7.096259
v 11.775747 1.451810 7.071383
v 11.699244 1.505338 7.051235
v 11.672427 1.561082 7.152659
v 11.841082 1.509668 6.909580
v 11.943151 1.487863 6.947601
v 12.042513 1.474825 6.931910
v 12.136137 1.456007 6.900239
v 11.937073 1.498129 6.899773
v 12.032167 1.481123 6.885422
v 12.122942 1.464014 6.856242
v 11.843643 1.524759 6.869019
v 11.933115 1.504758 6.861530
v 12.023505 1.485742 6.845701
v 12.110670 1.470613 6.816663
v 12.260937 1.484285 6.736027
v 12.361418 1.560670 6.665421
v 12.380413 1.585451 6.668464
v 12.296339 1.520277 6.667500
v 12.330730 1.538450 6.663945
v 12.241659 1.497396 6.687014
v 12.296844 1.389619 6.999488
v 12.335506 1.384325 7.030174
v 12.281864 1.399103 7.037955
v 12.420307 1.384515 7.053266
v 12.374132 1.355978 6.984115
v 12.311594 1.375768 6.943020
vt 0.637627 0.121074
vt 0.636785 0.123155
vt 0.641819 0.125410
vt 0.642307 0.123127
vt 0.722105 0.112847
vt 0.721803 0.110364
vt 0.717442 0.110518
vt 0.717603 0.112908
vt 0.721531 0.106867
vt 0.717300 0.107049
vt 0.721303 0.103465
vt 0.717197 0.103632
vt 0.721073 0.100075
vt 0.717131 0.100206
vt 0.647315 0.126292
vt 0.647403 0.123946
vt 0.712951 0.110579
vt 0.712888 0.113024
vt 0.713024 0.107075
vt 0.713103 0.103651
vt 0.713219 0.100227
vt 0.652908 0.126135
vt 0.652547 0.123741
vt 0.708514 0.110457
vt 0.708226 0.112936
vt 0.708806 0.106951
vt 0.709053 0.103544
vt 0.709345 0.100147
vt 0.658224 0.124545
vt 0.657477 0.122371
vt 0.704241 0.110058
vt 0.703992 0.112432
vt 0.704621 0.106630
vt 0.705034 0.103275
vt 0.705515 0.099940
vt 0.638669 0.118326
vt 0.637949 0.120241
vt 0.642496 0.122225
vt 0.642920 0.120171
vt 0.647436 0.123054
vt 0.647514 0.120939
vt 0.652424 0.122874
vt 0.652123 0.120688
vt 0.657238 0.121618
vt 0.656567 0.119521
vt 0.661769 0.119726
vt 0.660398 0.117465
vt 0.663124 0.121979
vt 0.662097 0.120297
vt 0.699829 0.109519
vt 0.699550 0.111805
vt 0.700353 0.106200
vt 0.700995 0.102929
vt 0.701707 0.099681
vt 0.706024 0.096611
vt 0.702440 0.096437
vt 0.709662 0.096751
vt 0.713348 0.096802
vt 0.717083 0.096778
vt 0.720865 0.096690
vt 0.725029 0.099868
vt 0.724672 0.096548
vt 0.725386 0.103184
vt 0.725754 0.106757
vt 0.725846 0.110408
vt 0.726258 0.112869
vt 0.633940 0.117482
vt 0.632800 0.119323
vt 0.635502 0.115453
vt 0.634428 0.116791
vt 0.632678 0.093649
vt 0.629569 0.090477
vt 0.626345 0.096883
vt 0.630230 0.098340
vt 0.631443 0.087092
vt 0.626929 0.086813
vt 0.625949 0.089872
vt 0.632867 0.082965
vt 0.628371 0.082485
vt 0.633888 0.078995
vt 0.629634 0.078259
vt 0.634642 0.074826
vt 0.630826 0.073974
vt 0.625365 0.103353
vt 0.629181 0.103419
vt 0.622311 0.085532
vt 0.621462 0.089085
vt 0.623803 0.080991
vt 0.625199 0.076848
vt 0.627291 0.072772
vt 0.626722 0.109510
vt 0.629567 0.108551
vt 0.741446 0.114253
vt 0.741177 0.110911
vt 0.735699 0.110763
vt 0.735864 0.113491
vt 0.739804 0.106370
vt 0.734985 0.106784
vt 0.738022 0.102227
vt 0.733953 0.102899
vt 0.736443 0.098354
vt 0.732825 0.099092
vt 0.629295 0.114913
vt 0.631182 0.113380
vt 0.730605 0.110511
vt 0.730517 0.113119
vt 0.730270 0.106776
vt 0.729675 0.103135
vt 0.728948 0.099544
vt 0.635709 0.096600
vt 0.633291 0.094259
vt 0.630944 0.098626
vt 0.634143 0.099944
vt 0.629960 0.103441
vt 0.633243 0.103611
vt 0.630329 0.108314
vt 0.633032 0.107580
vt 0.631799 0.112919
vt 0.633700 0.111682
vt 0.728195 0.095963
vt 0.731718 0.095289
vt 0.735272 0.094521
vt 0.628837 0.068794
vt 0.631844 0.069614
vt 0.635234 0.070417
vt 0.638511 0.075636
vt 0.638784 0.071307
vt 0.638064 0.079515
vt 0.637433 0.083104
vt 0.636936 0.086415
vt 0.636839 0.088738
vt 0.637234 0.091051
vt 0.639012 0.094493
vt 0.637478 0.091664
vt 0.661495 0.090744
vt 0.662581 0.087287
vt 0.656758 0.088217
vt 0.656451 0.090717
vt 0.661987 0.085096
vt 0.656737 0.085639
vt 0.661308 0.081721
vt 0.656453 0.081981
vt 0.660647 0.078170
vt 0.656074 0.078243
vt 0.659863 0.074478
vt 0.655548 0.074425
vt 0.651732 0.088371
vt 0.651665 0.090625
vt 0.651734 0.085828
vt 0.651624 0.082120
vt 0.651441 0.078372
vt 0.651211 0.074510
vt 0.646802 0.088421
vt 0.646859 0.090616
vt 0.646765 0.085933
vt 0.646816 0.082305
vt 0.646834 0.078567
vt 0.646896 0.074704
vt 0.641867 0.088496
vt 0.642021 0.090694
vt 0.641816 0.086111
vt 0.642049 0.082545
vt 0.642350 0.078884
vt 0.642688 0.075054
vt 0.660174 0.094341
vt 0.661239 0.091503
vt 0.656360 0.091372
vt 0.655993 0.093894
vt 0.651646 0.091309
vt 0.651590 0.093569
vt 0.646880 0.091308
vt 0.646962 0.093514
vt 0.642081 0.091320
vt 0.642333 0.093611
vt 0.642826 0.070932
vt 0.646883 0.070658
vt 0.650927 0.070499
vt 0.654952 0.070428
vt 0.658967 0.070555
vt 0.664170 0.074715
vt 0.663024 0.070840
vt 0.665215 0.078265
vt 0.666108 0.081566
vt 0.666833 0.084682
vt 0.667200 0.087219
vt 0.665871 0.093282
vt 0.668034 0.090047
vt 0.663429 0.095693
vt 0.665327 0.093917
vt 0.697935 0.099217
vt 0.694251 0.098572
vt 0.692376 0.102367
vt 0.696696 0.102775
vt 0.690898 0.097498
vt 0.688164 0.101324
vt 0.676954 0.072120
vt 0.672848 0.073265
vt 0.674806 0.077192
vt 0.679926 0.075945
vt 0.668500 0.074022
vt 0.669895 0.077784
vt 0.690734 0.106321
vt 0.695653 0.106412
vt 0.685705 0.105493
vt 0.676471 0.081184
vt 0.682599 0.080114
vt 0.671088 0.081476
vt 0.689685 0.110512
vt 0.694974 0.110160
vt 0.684058 0.110196
vt 0.677625 0.085337
vt 0.684389 0.084818
vt 0.672047 0.085193
vt 0.689438 0.113593
vt 0.694894 0.112808
vt 0.683981 0.113765
vt 0.677905 0.088335
vt 0.683714 0.088386
vt 0.672634 0.087850
vt 0.667457 0.118171
vt 0.671223 0.113325
vt 0.668333 0.111936
vt 0.665535 0.116363
vt 0.673425 0.107120
vt 0.669772 0.106799
vt 0.673559 0.100440
vt 0.669843 0.101551
vt 0.671274 0.094733
vt 0.668595 0.096687
vt 0.664990 0.115857
vt 0.663289 0.114354
vt 0.667621 0.111614
vt 0.665248 0.110618
vt 0.669047 0.106744
vt 0.666143 0.106586
vt 0.669163 0.101759
vt 0.666194 0.102676
vt 0.667908 0.097162
vt 0.665472 0.098863
vt 0.667036 0.070094
vt 0.670926 0.069300
vt 0.674468 0.068342
vt 0.695976 0.094840
vt 0.693186 0.093720
vt 0.699117 0.095704
vt 0.656905 0.109933
vt 0.657485 0.106686
vt 0.653518 0.106670
vt 0.652979 0.109748
vt 0.657880 0.103442
vt 0.654010 0.103429
vt 0.658166 0.100297
vt 0.654463 0.100203
vt 0.652479 0.113144
vt 0.649151 0.109506
vt 0.648590 0.112976
vt 0.649638 0.106479
vt 0.650163 0.103208
vt 0.650587 0.100049
vt 0.645224 0.109113
vt 0.644723 0.112530
vt 0.645701 0.105954
vt 0.646167 0.102768
vt 0.646668 0.099755
vt 0.641678 0.105320
vt 0.641321 0.108607
vt 0.642216 0.102171
vt 0.652172 0.116712
vt 0.648099 0.116678
vt 0.644022 0.116118
vt 0.640362 0.115071
vt 0.637338 0.108035
vt 0.637634 0.104552
vt 0.638293 0.101275
vt 0.643115 0.096534
vt 0.646943 0.096679
vt 0.651056 0.096854
vt 0.655047 0.097070
vt 0.661695 0.100076
vt 0.661898 0.103206
vt 0.661653 0.106645
vt 0.660931 0.110144
vt 0.659827 0.113349
vt 0.702757 0.060035
vt 0.700363 0.060141
vt 0.700917 0.066035
vt 0.703239 0.066009
vt 0.698090 0.060240
vt 0.698672 0.065972
vt 0.669139 0.034862
vt 0.666360 0.034724
vt 0.665712 0.040711
vt 0.668507 0.040594
vt 0.664507 0.034755
vt 0.663291 0.034654
vt 0.662811 0.040712
vt 0.701083 0.071905
vt 0.703366 0.072019
vt 0.698912 0.071700
vt 0.665542 0.046678
vt 0.668245 0.046321
vt 0.662667 0.046926
vt 0.700627 0.077776
vt 0.702978 0.078021
vt 0.698422 0.077357
vt 0.666045 0.052547
vt 0.668777 0.051979
vt 0.663071 0.052983
vt 0.699469 0.083560
vt 0.702049 0.084010
vt 0.697022 0.082883
vt 0.667262 0.058295
vt 0.670300 0.057504
vt 0.664042 0.058916
vt 0.697901 0.089247
vt 0.700739 0.089913
vt 0.695239 0.088336
vt 0.668938 0.063884
vt 0.672237 0.062958
vt 0.665408 0.064650
vt 0.705325 0.059911
vt 0.705743 0.065987
vt 0.705911 0.072110
vt 0.705613 0.078248
vt 0.704840 0.084380
vt 0.703767 0.090460
vt 0.661732 0.065310
vt 0.660631 0.059450
vt 0.659911 0.053337
vt 0.659614 0.047078
vt 0.659747 0.040720
vt 0.660315 0.034278
vt 0.663602 0.031316
vt 0.660728 0.030952
vt 0.665184 0.031378
vt 0.667679 0.031366
vt 0.666905 0.031394
vt 0.699665 0.056614
vt 0.697169 0.056883
vt 0.702262 0.056437
vt 0.704961 0.056270
vt 0.656879 0.034304
vt 0.653361 0.034293
vt 0.653243 0.040661
vt 0.656565 0.040687
vt 0.649846 0.034248
vt 0.649892 0.040642
vt 0.646370 0.034116
vt 0.646559 0.040522
vt 0.642960 0.033995
vt 0.643275 0.040438
vt 0.653239 0.046976
vt 0.656494 0.047005
vt 0.649940 0.046961
vt 0.646663 0.046867
vt 0.643409 0.046809
vt 0.653431 0.053139
vt 0.656741 0.053202
vt 0.650070 0.053153
vt 0.646735 0.053074
vt 0.643429 0.053057
vt 0.653813 0.059162
vt 0.657289 0.059238
vt 0.650278 0.059177
vt 0.646757 0.059126
vt 0.643320 0.059191
vt 0.654345 0.064943
vt 0.658058 0.065060
vt 0.650568 0.064993
vt 0.646826 0.065009
vt 0.643135 0.065167
vt 0.639419 0.065430
vt 0.639828 0.059340
vt 0.640084 0.053132
vt 0.640119 0.046810
vt 0.639974 0.040363
vt 0.639604 0.033936
vt 0.642683 0.030094
vt 0.639299 0.030106
vt 0.646232 0.030298
vt 0.649850 0.030453
vt 0.653511 0.030556
vt 0.657189 0.030670
vt 0.636810 0.034044
vt 0.634339 0.034399
vt 0.634660 0.040371
vt 0.637312 0.040395
vt 0.633565 0.034456
vt 0.631636 0.034432
vt 0.632083 0.040337
vt 0.732597 0.059810
vt 0.729925 0.059639
vt 0.729621 0.065643
vt 0.732185 0.065715
vt 0.727137 0.059487
vt 0.727000 0.065580
vt 0.634784 0.046417
vt 0.637481 0.046637
vt 0.632180 0.046213
vt 0.729530 0.071593
vt 0.732096 0.071591
vt 0.726886 0.071612
vt 0.634650 0.052376
vt 0.637380 0.052755
vt 0.631993 0.052028
vt 0.729657 0.077499
vt 0.732268 0.077406
vt 0.726960 0.077619
vt 0.634122 0.058247
vt 0.636963 0.058768
vt 0.631425 0.057785
vt 0.730158 0.083439
vt 0.733037 0.083223
vt 0.727263 0.083692
vt 0.633175 0.064004
vt 0.636252 0.064693
vt 0.630228 0.063338
vt 0.730829 0.089376
vt 0.733927 0.088920
vt 0.727686 0.089817
vt 0.724483 0.090235
vt 0.724303 0.083957
vt 0.724184 0.077771
vt 0.724195 0.071637
vt 0.724293 0.065511
vt 0.724362 0.059348
vt 0.730388 0.055943
vt 0.727395 0.055756
vt 0.733324 0.056187
vt 0.632723 0.030612
vt 0.630846 0.030808
vt 0.635728 0.030363
vt 0.633880 0.030514
vt 0.636831 0.030328
vt 0.721106 0.059508
vt 0.717879 0.059662
vt 0.717965 0.065768
vt 0.721130 0.065640
vt 0.714684 0.059778
vt 0.714825 0.065875
vt 0.711524 0.059865
vt 0.711729 0.065946
vt 0.708393 0.059911
vt 0.708681 0.065986
vt 0.717953 0.071908
vt 0.721087 0.071764
vt 0.714835 0.072016
vt 0.711751 0.072089
vt 0.708745 0.072106
vt 0.717856 0.078078
vt 0.721039 0.077913
vt 0.714686 0.078189
vt 0.711548 0.078255
vt 0.708491 0.078264
vt 0.717682 0.084270
vt 0.721009 0.084110
vt 0.714372 0.084386
vt 0.711100 0.084438
vt 0.707907 0.084417
vt 0.717427 0.090512
vt 0.720948 0.090375
vt 0.713916 0.090596
vt 0.710463 0.090613
vt 0.707069 0.090548
vt 0.708124 0.056264
vt 0.711320 0.056203
vt 0.714544 0.056088
vt 0.717797 0.055941
vt 0.721092 0.055768
vt 0.724431 0.055594
vt 0.724439 0.051846
vt 0.721023 0.052034
vt 0.716743 0.032249
vt 0.717092 0.034733
vt 0.720904 0.034332
vt 0.720437 0.031693
vt 0.713151 0.033050
vt 0.713371 0.035413
vt 0.709542 0.033906
vt 0.709675 0.036168
vt 0.706017 0.034743
vt 0.706088 0.036897
vt 0.717295 0.037489
vt 0.721146 0.037165
vt 0.713525 0.038068
vt 0.709823 0.038718
vt 0.706261 0.039311
vt 0.717408 0.040193
vt 0.721233 0.039907
vt 0.713679 0.040692
vt 0.710037 0.041217
vt 0.706506 0.041672
vt 0.717512 0.042870
vt 0.721249 0.042606
vt 0.713869 0.043290
vt 0.710298 0.043695
vt 0.706805 0.044035
vt 0.717631 0.046874
vt 0.721205 0.046646
vt 0.714133 0.047190
vt 0.710676 0.047467
vt 0.707260 0.047679
vt 0.717668 0.052230
vt 0.714370 0.052418
vt 0.711104 0.052568
vt 0.707853 0.052656
vt 0.724962 0.033915
vt 0.724370 0.031084
vt 0.725192 0.037034
vt 0.725188 0.039838
vt 0.725092 0.042506
vt 0.724860 0.046504
vt 0.704606 0.052672
vt 0.703864 0.047786
vt 0.703373 0.044258
vt 0.703086 0.042015
vt 0.702834 0.039487
vt 0.702703 0.037208
vt 0.702760 0.034931
vt 0.706018 0.034038
vt 0.706054 0.031810
vt 0.703630 0.031841
vt 0.702861 0.034224
vt 0.709511 0.033166
vt 0.709357 0.030849
vt 0.713076 0.032324
vt 0.712769 0.029913
vt 0.716629 0.031574
vt 0.716110 0.029028
vt 0.720259 0.030987
vt 0.719381 0.028311
vt 0.724029 0.030167
vt 0.721653 0.027030
vt 0.697489 0.033621
vt 0.697061 0.036089
vt 0.699984 0.036770
vt 0.700160 0.034340
vt 0.694808 0.032754
vt 0.693890 0.035504
vt 0.666805 0.009319
vt 0.668057 0.011217
vt 0.670735 0.010024
vt 0.669937 0.007819
vt 0.696717 0.038837
vt 0.699899 0.039306
vt 0.693167 0.038477
vt 0.669203 0.014280
vt 0.671671 0.013133
vt 0.696673 0.041520
vt 0.699969 0.041758
vt 0.693116 0.041423
vt 0.669627 0.017291
vt 0.671926 0.016317
vt 0.696879 0.044220
vt 0.700181 0.044219
vt 0.693586 0.044770
vt 0.669529 0.020521
vt 0.671509 0.019684
vt 0.664566 0.017963
vt 0.666791 0.016180
vt 0.665696 0.013816
vt 0.663728 0.016214
vt 0.697611 0.048068
vt 0.700743 0.047909
vt 0.694598 0.048509
vt 0.698958 0.053128
vt 0.701776 0.052890
vt 0.696241 0.053515
vt 0.664858 0.020264
vt 0.662017 0.021571
vt 0.661620 0.023430
vt 0.664750 0.022610
vt 0.661931 0.017901
vt 0.662233 0.019541
vt 0.660759 0.016446
vt 0.662835 0.014340
vt 0.699254 0.020602
vt 0.696530 0.020480
vt 0.697612 0.023386
vt 0.700610 0.023248
vt 0.695459 0.026573
vt 0.698571 0.026085
vt 0.694047 0.023547
vt 0.697843 0.031234
vt 0.700372 0.029754
vt 0.699410 0.028040
vt 0.696491 0.028863
vt 0.700222 0.033431
vt 0.701509 0.031336
vt 0.702011 0.020156
vt 0.705584 0.019335
vt 0.704792 0.017701
vt 0.701260 0.018470
vt 0.709548 0.018185
vt 0.708931 0.016421
vt 0.713339 0.016617
vt 0.712978 0.014700
vt 0.716579 0.014991
vt 0.716232 0.012963
vt 0.700633 0.017202
vt 0.704144 0.016457
vt 0.703323 0.015084
vt 0.699361 0.015882
vt 0.708398 0.015077
vt 0.707774 0.013646
vt 0.712628 0.013291
vt 0.712114 0.011620
vt 0.716001 0.011407
vt 0.716106 0.009188
vt 0.702957 0.014400
vt 0.698428 0.014637
vt 0.707472 0.012987
vt 0.711761 0.010868
vt 0.715609 0.007303
vt 0.653743 0.024781
vt 0.653608 0.026908
vt 0.657451 0.027111
vt 0.657659 0.025277
vt 0.649826 0.024257
vt 0.649809 0.026740
vt 0.645933 0.024232
vt 0.646052 0.026551
vt 0.642165 0.024337
vt 0.642382 0.026498
vt 0.698690 0.018662
vt 0.658210 0.018150
vt 0.657838 0.016700
vt 0.658200 0.020185
vt 0.658044 0.021925
vt 0.657840 0.023696
vt 0.638982 0.026532
vt 0.638649 0.023638
vt 0.641422 0.016974
vt 0.638456 0.015238
vt 0.638272 0.017042
vt 0.641575 0.018836
vt 0.635700 0.019725
vt 0.638330 0.021233
vt 0.638117 0.019056
vt 0.635588 0.017285
vt 0.718303 0.008204
vt 0.717738 0.010302
vt 0.718382 0.011257
vt 0.720043 0.008763
vt 0.713845 0.019360
vt 0.716965 0.018063
vt 0.710377 0.020688
vt 0.706797 0.021823
vt 0.703467 0.022728
vt 0.630604 0.003836
vt 0.629482 0.006966
vt 0.632271 0.007999
vt 0.633683 0.005227
vt 0.627360 0.003469
vt 0.626317 0.006524
vt 0.731712 0.029544
vt 0.732512 0.032753
vt 0.737064 0.032582
vt 0.735770 0.029116
vt 0.728134 0.030381
vt 0.728545 0.033345
vt 0.628751 0.010462
vt 0.631201 0.010858
vt 0.625830 0.010609
vt 0.733049 0.036070
vt 0.737939 0.035988
vt 0.728912 0.036478
vt 0.626161 0.013939
vt 0.628619 0.013689
vt 0.733114 0.039241
vt 0.737635 0.039318
vt 0.728995 0.039452
vt 0.632613 0.014928
vt 0.630659 0.013834
vt 0.630876 0.017165
vt 0.632900 0.018009
vt 0.626818 0.017107
vt 0.629096 0.016968
vt 0.732836 0.042273
vt 0.737030 0.042486
vt 0.728875 0.042334
vt 0.631766 0.021440
vt 0.633615 0.021808
vt 0.628143 0.021575
vt 0.630295 0.021380
vt 0.732098 0.046647
vt 0.735810 0.046954
vt 0.728436 0.046538
vt 0.633096 0.026619
vt 0.634797 0.026541
vt 0.630056 0.027184
vt 0.631905 0.026735
vt 0.730809 0.052243
vt 0.734051 0.052563
vt 0.727599 0.052030
vt 0.636120 0.022876
vt 0.636610 0.026594
vt 0.725482 0.027014
vt 0.722999 0.025235
vt 0.725894 0.023500
vt 0.722996 0.022947
vt 0.725977 0.020336
vt 0.722851 0.020711
vt 0.725483 0.017689
vt 0.722539 0.018489
vt 0.709364 0.029403
vt 0.712393 0.028530
vt 0.712044 0.027158
vt 0.709160 0.028026
vt 0.715397 0.027708
vt 0.714903 0.026352
vt 0.718146 0.027049
vt 0.719767 0.026485
vt 0.720215 0.025281
vt 0.717653 0.025702
vt 0.706027 0.027602
vt 0.708824 0.026676
vt 0.708411 0.025331
vt 0.705504 0.026244
vt 0.711691 0.025782
vt 0.711353 0.024397
vt 0.714568 0.024934
vt 0.714272 0.023483
vt 0.717360 0.024183
vt 0.720114 0.023528
vt 0.719938 0.021677
vt 0.717139 0.022573
vt 0.707923 0.024000
vt 0.704917 0.024889
vt 0.711006 0.023025
vt 0.714063 0.021983
vt 0.719748 0.019755
vt 0.716969 0.020901
vt 0.703244 0.028594
vt 0.702540 0.027133
vt 0.701802 0.025578
vt 0.706578 0.030243
vt 0.642802 0.099237
vt 0.640955 0.111903
vt 0.656292 0.113178
vt 0.637451 0.111399
vt 0.655941 0.116266
vt 0.658662 0.097389
vt 0.639284 0.098445
vt 0.637778 0.113977
vt 0.640340 0.096551
vt 0.661033 0.097494
vt 0.658731 0.115690
vt 0.706436 0.028944
vt 0.704707 0.030610
vt 0.703935 0.029914
vt 0.719438 0.016844
vt 0.721997 0.015145
vt 0.654002 0.015630
vt 0.654015 0.017303
vt 0.649878 0.015251
vt 0.649859 0.016876
vt 0.645697 0.014946
vt 0.645688 0.016747
vt 0.641484 0.014995
vt 0.718900 0.013508
vt 0.718435 0.006240
vt 0.721140 0.011450
vt 0.724034 0.013446
vt 0.722698 0.010038
vt 0.720827 0.006373
vt 0.667348 0.018919
vt 0.667364 0.021563
vt 0.668756 0.023910
vt 0.670563 0.023534
vt 0.666723 0.024467
vt 0.664425 0.024994
vt 0.664217 0.011535
vt 0.673886 0.009206
vt 0.672875 0.006617
vt 0.674489 0.013098
vt 0.674545 0.016044
vt 0.674034 0.019392
vt 0.672933 0.023130
vt 0.633904 0.009864
vt 0.635682 0.007541
vt 0.636779 0.011582
vt 0.636267 0.013219
vt 0.638791 0.014040
vt 0.635920 0.015086
vt 0.632909 0.012297
vt 0.641725 0.020656
vt 0.645720 0.018723
vt 0.649850 0.018806
vt 0.653983 0.019368
vt 0.645752 0.020773
vt 0.649836 0.020807
vt 0.653927 0.021311
vt 0.641946 0.022521
vt 0.645838 0.022449
vt 0.649831 0.022551
vt 0.653839 0.023097
vt 0.661388 0.025266
vt 0.667649 0.027969
vt 0.669089 0.027958
vt 0.664038 0.028136
vt 0.665880 0.028104
vt 0.661135 0.027669
vt 0.671149 0.028136
vt 0.697104 0.016485
vt 0.696179 0.017984
vt 0.698681 0.017506
vt 0.693335 0.020162
vt 0.693156 0.016644
vt 0.695121 0.014931
vt 0.670139 0.031504
vt 0.728101 0.029448
vt 0.697619 0.032935
vt 0.695041 0.032165
vt 0.672523 0.005951
vt 0.669655 0.007205
vt 0.666288 0.008691
vt 0.663601 0.010822
vt 0.631087 0.003109
vt 0.627610 0.002170
vt 0.735075 0.027781
vt 0.731481 0.028688
vt 0.633986 0.004548
vt 0.660286 0.015990
vt 0.657602 0.016020
vt 0.653961 0.014911
vt 0.649886 0.014554
vt 0.645712 0.014309
vt 0.641616 0.014352
vt 0.638979 0.013540
vt 0.637011 0.010839
vt 0.662430 0.013757
vt 0.636253 0.007082
vn -0.295138 0.561164 -0.773297
vn -0.400975 0.779489 -0.481266
vn -0.191992 0.744293 -0.639662
vn -0.180235 0.419214 -0.889817
vn -0.401006 0.916073 -0.002209
vn -0.130685 0.984194 -0.119516
vn -0.347965 0.908092 0.233002
vn -0.080075 0.983762 0.160624
vn -0.336594 0.914108 0.226079
vn -0.080017 0.984702 0.154786
vn -0.336252 0.922436 0.189859
vn -0.086197 0.988944 0.120666
vn -0.036217 0.719029 -0.694036
vn -0.147899 0.378257 -0.913810
vn 0.103257 0.973449 -0.204290
vn 0.158353 0.983379 0.088830
vn 0.168754 0.980587 0.099855
vn 0.180883 0.981625 0.060769
vn 0.187626 0.738726 -0.647364
vn -0.042881 0.462127 -0.885776
vn 0.392661 0.891650 -0.225338
vn 0.453477 0.891216 0.009651
vn 0.452370 0.890931 0.040037
vn 0.451739 0.891967 0.018054
vn 0.453017 0.756537 -0.471622
vn 0.173470 0.597488 -0.782890
vn 0.614434 0.772914 -0.158350
vn 0.658141 0.751835 -0.039921
vn 0.662170 0.749113 -0.019012
vn 0.664257 0.747387 -0.013198
vn -0.035912 0.215182 -0.975913
vn -0.183638 0.434603 -0.881702
vn -0.139833 0.271610 -0.952195
vn -0.077400 0.096259 -0.992342
vn -0.193108 0.200314 -0.960512
vn -0.205600 0.021178 -0.978407
vn -0.178827 0.248260 -0.952044
vn -0.279290 0.035932 -0.959534
vn -0.074682 0.361209 -0.929489
vn -0.288468 0.124354 -0.949380
vn 0.036312 0.463284 -0.885466
vn -0.284970 0.245203 -0.926643
vn 0.624114 0.703404 -0.340154
vn 0.372317 0.637149 -0.674849
vn 0.727026 0.679746 -0.096846
vn 0.762605 0.646464 -0.022757
vn 0.790692 0.612136 -0.009769
vn 0.814715 0.579843 -0.004697
vn 0.679814 0.733301 0.011053
vn 0.829367 0.558517 0.014452
vn 0.469250 0.882760 0.023216
vn 0.194212 0.979150 0.059560
vn -0.084901 0.989913 0.113418
vn -0.333095 0.928717 0.162889
vn -0.569139 0.781956 0.254216
vn -0.560977 0.801396 0.207532
vn -0.566215 0.768699 0.297493
vn -0.570309 0.768084 0.291195
vn -0.597506 0.795205 0.103127
vn -0.556567 0.779051 -0.288640
vn -0.411481 0.681003 -0.605738
vn -0.050481 0.319261 -0.946321
vn -0.266718 0.562532 -0.782572
vn -0.715203 -0.404845 -0.569725
vn -0.881138 -0.391964 -0.264498
vn -0.974821 -0.072777 -0.210777
vn -0.795149 -0.039746 -0.605110
vn -0.947075 -0.300894 0.111853
vn -0.976253 -0.059743 0.208235
vn -0.863914 -0.184400 0.468668
vn -0.877299 -0.025320 0.479276
vn -0.764554 -0.157264 0.625080
vn -0.825321 -0.026902 0.564023
vn -0.767869 -0.213028 0.604149
vn -0.840423 -0.043880 0.540151
vn -0.936701 0.288972 -0.197701
vn -0.722678 0.310907 -0.617311
vn -0.941476 0.244644 0.231887
vn -0.867311 0.210027 0.451287
vn -0.840732 0.197482 0.504153
vn -0.853711 0.212323 0.475496
vn -0.816682 0.553291 -0.164012
vn -0.629496 0.526736 -0.571213
vn -0.834017 0.505608 0.220853
vn -0.793785 0.462820 0.394592
vn -0.781523 0.450447 0.431648
vn -0.798995 0.452199 0.396388
vn -0.677482 0.714579 -0.174344
vn -0.512224 0.665383 -0.543039
vn -0.716892 0.673358 0.180707
vn -0.698052 0.630089 0.340164
vn -0.700002 0.615281 0.362528
vn -0.723880 0.611274 0.319909
vn -0.066341 -0.118004 -0.990795
vn -0.487890 -0.328688 -0.808658
vn -0.494476 0.019585 -0.868971
vn -0.024452 0.097558 -0.994929
vn -0.401572 0.298217 -0.865914
vn 0.023302 0.243784 -0.969550
vn -0.355993 0.434278 -0.827449
vn 0.012129 0.278858 -0.960256
vn -0.307377 0.540557 -0.783146
vn -0.010729 0.319361 -0.947572
vn -0.740275 0.626681 0.243443
vn -0.843885 0.445034 0.299673
vn -0.897726 0.212137 0.386116
vn -0.882750 -0.054823 0.466633
vn -0.811761 -0.264909 0.520448
vn -0.601276 -0.423376 0.677658
vn -0.674817 -0.477044 0.563073
vn -0.590069 -0.411161 0.694813
vn -0.706866 -0.531303 0.466966
vn -0.768029 -0.639128 -0.040587
vn -0.645298 -0.646189 -0.407469
vn -0.511004 -0.635173 -0.579163
vn -0.101363 -0.238836 -0.965755
vn -0.386807 -0.546085 -0.743082
vn 0.046896 -0.712502 -0.700101
vn 0.102132 -0.864528 -0.492098
vn -0.258178 -0.878534 -0.401898
vn -0.282768 -0.734688 -0.616665
vn 0.174770 -0.980641 -0.088313
vn -0.210372 -0.977379 -0.021754
vn 0.213298 -0.916601 0.338152
vn -0.141568 -0.912971 0.382678
vn 0.206464 -0.838350 0.504521
vn -0.114548 -0.844005 0.523960
vn 0.184167 -0.846374 0.499734
vn -0.109948 -0.857414 0.502745
vn -0.319006 -0.868404 -0.379617
vn -0.344339 -0.738087 -0.580223
vn -0.255807 -0.966680 -0.009615
vn -0.161908 -0.909022 0.384012
vn -0.123941 -0.848362 0.514705
vn -0.124766 -0.869343 0.478202
vn -0.197552 -0.873195 -0.445538
vn -0.236105 -0.760144 -0.605339
vn -0.104060 -0.991463 -0.078570
vn 0.007868 -0.936785 0.349817
vn 0.033178 -0.857100 0.514082
vn -0.042014 -0.862827 0.503751
vn -0.309552 -0.812653 -0.493733
vn -0.289749 -0.734487 -0.613657
vn -0.298108 -0.945839 -0.128535
vn -0.211088 -0.893094 0.397272
vn -0.173826 -0.753311 0.634277
vn -0.266276 -0.720840 0.639911
vn -0.172815 -0.125532 -0.976922
vn -0.023928 -0.553811 -0.832298
vn -0.291511 -0.556501 -0.778028
vn -0.280157 -0.121430 -0.952243
vn -0.334971 -0.607069 -0.720598
vn -0.275759 -0.186576 -0.942946
vn -0.241190 -0.661397 -0.710198
vn -0.182058 -0.258242 -0.948771
vn -0.261545 -0.636662 -0.725435
vn -0.127545 -0.268497 -0.954799
vn -0.413235 -0.739369 0.531573
vn -0.166014 -0.889176 0.426386
vn -0.140855 -0.914166 0.380079
vn -0.106252 -0.910738 0.399083
vn 0.164543 -0.897726 0.408672
vn 0.522297 -0.727165 0.445463
vn 0.504389 -0.777391 0.375840
vn 0.554194 -0.709837 0.434743
vn 0.588328 -0.767264 0.255297
vn 0.553599 -0.821718 -0.135307
vn 0.403385 -0.747705 -0.527464
vn 0.273623 -0.629092 -0.727580
vn -0.095427 -0.148163 -0.984348
vn 0.183403 -0.518886 -0.834938
vn 0.941453 0.331289 0.062561
vn 0.981803 0.090860 0.166755
vn 0.971976 0.166270 0.166183
vn 0.914291 0.399803 0.065040
vn 0.964077 -0.098551 0.246666
vn 0.966021 -0.065831 0.249939
vn 0.900737 -0.312730 0.301452
vn 0.903628 -0.297158 0.308470
vn 0.763034 -0.532414 0.366491
vn 0.777853 -0.512777 0.363323
vn 0.967752 0.236647 0.086342
vn 0.885222 0.464508 0.024775
vn 0.989864 -0.037225 0.137052
vn 0.931853 -0.322805 0.165670
vn 0.803781 -0.562813 0.192818
vn 0.948074 0.301278 -0.101921
vn 0.846705 0.524679 -0.088335
vn 0.991458 -0.015712 -0.129473
vn 0.916107 -0.373059 -0.146887
vn 0.756807 -0.636485 -0.148763
vn 0.773971 0.369608 -0.514158
vn 0.712907 0.577464 -0.397868
vn 0.818897 0.041479 -0.572440
vn 0.736293 -0.370637 -0.566128
vn 0.553612 -0.639115 -0.533897
vn 0.392255 0.374255 -0.840279
vn 0.409927 0.535130 -0.738645
vn 0.439552 0.130135 -0.888740
vn 0.412981 -0.288250 -0.863921
vn 0.313391 -0.560675 -0.766440
vn 0.051537 0.424467 -0.903976
vn -0.314491 0.260356 -0.912858
vn 0.034077 0.331950 -0.942681
vn -0.328437 0.250582 -0.910680
vn 0.061072 0.202494 -0.977377
vn -0.322831 0.255578 -0.911296
vn 0.102557 -0.154251 -0.982695
vn -0.294254 0.066529 -0.953409
vn 0.152544 -0.440097 -0.884898
vn -0.188669 -0.121157 -0.974538
vn 0.754010 -0.579501 0.309271
vn 0.905460 -0.354014 0.234129
vn 0.976106 -0.145852 0.161070
vn 0.995160 0.021986 0.095777
vn 0.958678 0.281827 0.038867
vn -0.470475 0.186483 -0.862483
vn -0.445829 0.275355 -0.851714
vn -0.300030 0.286613 -0.909854
vn -0.323599 0.187524 -0.927426
vn -0.396911 0.315413 -0.861961
vn -0.262038 0.362378 -0.894438
vn -0.328132 0.304992 -0.894041
vn -0.233003 0.354557 -0.905538
vn -0.342288 0.051935 -0.938159
vn -0.126055 0.171879 -0.977020
vn -0.148418 0.038168 -0.988188
vn -0.115147 0.275830 -0.954285
vn -0.116561 0.353340 -0.928205
vn -0.140337 0.348079 -0.926902
vn 0.082345 0.156163 -0.984293
vn 0.046997 0.039271 -0.998123
vn 0.099363 0.241872 -0.965207
vn 0.076551 0.285437 -0.955335
vn 0.018302 0.275667 -0.961079
vn 0.211998 0.211203 -0.954175
vn 0.206036 0.151123 -0.966805
vn 0.183850 0.211813 -0.959862
vn -0.337490 -0.051674 -0.939910
vn -0.184459 -0.068830 -0.980427
vn -0.007396 -0.030103 -0.999520
vn 0.096684 0.032188 -0.994795
vn 0.233362 0.164272 -0.958414
vn 0.249775 0.198198 -0.947803
vn 0.233603 0.157317 -0.959521
vn 0.046708 0.122446 -0.991376
vn -0.053838 0.210407 -0.976130
vn -0.174657 0.267150 -0.947695
vn -0.231771 0.278354 -0.932095
vn -0.417107 0.197689 -0.887097
vn -0.497852 0.235787 -0.834594
vn -0.515239 0.269807 -0.813470
vn -0.518291 0.191120 -0.833575
vn -0.502406 0.123762 -0.855728
vn 0.908292 0.342737 -0.239870
vn 0.946439 -0.084394 -0.311660
vn 0.963832 -0.126554 -0.234546
vn 0.934986 0.290779 -0.203100
vn 0.839634 -0.435355 -0.324778
vn 0.859317 -0.461361 -0.220727
vn 0.693205 -0.643988 -0.323645
vn 0.724054 -0.666023 -0.179331
vn 0.558778 -0.785472 -0.266083
vn 0.488481 -0.842274 -0.227949
vn 0.588776 -0.798483 -0.125567
vn 0.974654 -0.137493 -0.176482
vn 0.950559 0.261874 -0.166914
vn 0.884799 -0.444708 -0.139163
vn 0.779828 -0.621250 -0.076925
vn 0.664118 -0.747581 -0.008361
vn 0.989118 -0.109140 -0.098661
vn 0.961512 0.248972 -0.116225
vn 0.926531 -0.374485 -0.036057
vn 0.832097 -0.553379 0.037233
vn 0.700863 -0.707146 0.093468
vn 0.998116 -0.060646 -0.009257
vn 0.965995 0.255865 -0.037234
vn 0.956728 -0.287141 0.047133
vn 0.863741 -0.489664 0.119081
vn 0.716921 -0.672344 0.184331
vn 0.999028 -0.023202 0.037478
vn 0.964018 0.265230 0.017949
vn 0.973017 -0.213203 0.088222
vn 0.890583 -0.421504 0.170871
vn 0.737602 -0.626243 0.252515
vn 0.757133 0.637145 -0.144207
vn 0.789278 0.598720 -0.136289
vn 0.815195 0.566865 -0.118837
vn 0.836210 0.541185 -0.088726
vn 0.845185 0.533087 -0.038487
vn 0.839132 0.543768 0.013236
vn 0.506418 -0.804114 0.311355
vn 0.512141 -0.825393 0.237568
vn 0.509689 -0.848796 0.140577
vn 0.490181 -0.869436 0.061679
vn 0.431607 -0.901470 -0.032660
vn 0.346528 -0.924814 -0.156965
vn 0.414424 -0.856774 -0.306904
vn 0.273982 -0.937047 -0.216509
vn 0.505488 -0.784103 -0.360089
vn 0.750821 -0.519077 -0.408444
vn 0.644755 -0.651648 -0.399558
vn 0.935115 -0.024823 -0.353473
vn 0.833720 -0.385526 -0.395323
vn 0.879235 0.402975 -0.254081
vn 0.723992 0.673769 -0.147889
vn 0.153849 -0.986015 -0.064075
vn -0.050691 -0.998678 0.008537
vn -0.022396 -0.993498 0.111627
vn 0.217209 -0.974944 0.048011
vn -0.258772 -0.964859 0.045660
vn -0.264718 -0.952573 0.150098
vn -0.424355 -0.904611 0.040021
vn -0.455788 -0.876504 0.154912
vn -0.568581 -0.822582 0.008677
vn -0.608801 -0.781599 0.135882
vn -0.005128 -0.984215 0.176905
vn 0.254067 -0.959061 0.125110
vn -0.263268 -0.940154 0.216334
vn -0.477711 -0.847356 0.231905
vn -0.638179 -0.736786 0.223324
vn 0.006454 -0.974790 0.223032
vn 0.265936 -0.946313 0.183765
vn -0.246165 -0.933991 0.258966
vn -0.474429 -0.832519 0.286057
vn -0.648804 -0.703961 0.288951
vn -0.008791 -0.964736 0.263072
vn 0.249509 -0.932183 0.262260
vn -0.217395 -0.935527 0.278441
vn -0.419023 -0.845728 0.330399
vn -0.619350 -0.691011 0.372707
vn -0.068460 -0.953402 0.293834
vn 0.193383 -0.926228 0.323581
vn -0.181334 -0.940873 0.286140
vn -0.305503 -0.883683 0.354643
vn -0.536383 -0.717439 0.444495
vn -0.731111 -0.495078 0.469440
vn -0.766100 -0.528069 0.366380
vn -0.774352 -0.570586 0.273514
vn -0.771647 -0.599946 0.211246
vn -0.763158 -0.635694 0.116120
vn -0.735917 -0.676761 -0.020501
vn -0.513182 -0.855401 -0.070238
vn -0.689447 -0.715584 -0.112260
vn -0.379794 -0.924785 -0.023004
vn -0.242673 -0.970067 -0.008952
vn -0.071445 -0.996514 -0.043084
vn 0.101413 -0.988084 -0.115785
vn -0.903731 -0.427040 -0.030121
vn -0.991584 -0.127609 0.021856
vn -0.982856 -0.134503 0.126105
vn -0.892654 -0.436264 0.113327
vn -0.996691 0.054353 0.060443
vn -0.967118 0.232803 0.102402
vn -0.974652 0.152706 0.163507
vn -0.789338 0.596670 0.144674
vn -0.828238 0.532079 0.175823
vn -0.495957 0.855304 0.149942
vn -0.547207 0.820228 0.166706
vn -0.957257 -0.203498 0.205544
vn -0.877140 -0.433881 0.205847
vn -0.973629 0.113557 0.197869
vn -0.856220 0.485882 0.175519
vn -0.608172 0.779872 0.148077
vn -0.951641 -0.203566 0.230088
vn -0.872963 -0.417730 0.251868
vn -0.974161 0.111000 0.196697
vn -0.869909 0.470659 0.147440
vn -0.664385 0.739111 0.110940
vn -0.947204 -0.166806 0.273824
vn -0.866879 -0.375817 0.327539
vn -0.969269 0.125974 0.211301
vn -0.876401 0.455584 0.156090
vn -0.702448 0.701949 0.117616
vn -0.925601 -0.099114 0.365293
vn -0.845042 -0.314701 0.432281
vn -0.946088 0.166670 0.277739
vn -0.874576 0.438853 0.206216
vn -0.727888 0.664797 0.168003
vn -0.542557 0.826494 0.150131
vn -0.502105 0.858630 0.103176
vn -0.435534 0.894424 0.101562
vn -0.368656 0.919898 0.133718
vn -0.319540 0.934817 0.154958
vn -0.282747 0.948208 0.144761
vn -0.752425 0.647256 0.122127
vn -0.463531 0.875840 0.134322
vn -0.945255 0.319463 0.066612
vn -0.991678 0.128394 0.009513
vn -0.945520 -0.313275 -0.088605
vn -0.996820 -0.065797 -0.044943
vn -0.848594 -0.517133 -0.111629
vn -0.117458 0.983082 0.140544
vn 0.045137 0.991333 0.123373
vn 0.037285 0.993716 0.105542
vn -0.142405 0.980352 0.136493
vn 0.220960 0.971791 0.082458
vn 0.230820 0.971027 0.061884
vn 0.417508 0.908515 0.016927
vn 0.442225 0.896903 0.001307
vn 0.599006 0.798403 -0.061196
vn 0.629858 0.773811 -0.067044
vn 0.022506 0.995394 0.093188
vn -0.165984 0.979241 0.116346
vn 0.230507 0.971158 0.060983
vn 0.469304 0.883019 0.005560
vn 0.663873 0.745420 -0.060181
vn -0.007814 0.995377 0.095722
vn -0.215163 0.971307 0.101324
vn 0.225812 0.972057 0.064136
vn 0.488665 0.872412 0.010205
vn 0.694655 0.717927 -0.045115
vn -0.048234 0.994586 0.092041
vn -0.282863 0.953866 0.100636
vn 0.221492 0.973386 0.058835
vn 0.496370 0.868010 0.013260
vn 0.708869 0.704939 -0.023798
vn -0.077135 0.992802 0.091616
vn -0.323943 0.938011 0.123276
vn 0.207708 0.976657 0.054750
vn 0.489903 0.871455 0.023682
vn 0.700730 0.713364 0.009420
vn 0.563538 0.824512 -0.051036
vn 0.391346 0.919410 0.039168
vn 0.214088 0.971581 0.100979
vn 0.056913 0.989938 0.129556
vn -0.086295 0.986936 0.136055
vn -0.247215 0.959779 0.133076
vn -0.217571 0.967459 0.129174
vn -0.057254 0.989864 0.129968
vn 0.421575 0.662643 0.619015
vn 0.378124 0.839861 0.389429
vn 0.136345 0.900687 0.412519
vn 0.210081 0.715893 0.665856
vn 0.461420 0.657578 0.595552
vn 0.404177 0.813803 0.417572
vn 0.377309 0.667403 0.642037
vn 0.311584 0.811005 0.495163
vn 0.418269 0.590028 0.690592
vn 0.384689 0.742858 0.547884
vn 0.293744 0.932976 0.208013
vn 0.063823 0.981008 0.183169
vn 0.329784 0.902264 0.277781
vn 0.247953 0.911961 0.326875
vn 0.346398 0.883920 0.314156
vn 0.213313 0.965597 0.148729
vn 0.029061 0.992833 0.115927
vn 0.276832 0.941026 0.194507
vn 0.232408 0.955018 0.184191
vn 0.326505 0.940502 0.094078
vn 0.158564 0.978697 0.130424
vn 0.003659 0.993458 0.114139
vn 0.255914 0.957732 0.131371
vn 0.259453 0.961336 0.092286
vn 0.347567 0.937620 -0.008063
vn 0.120173 0.984610 0.126894
vn -0.027100 0.992398 0.120050
vn 0.250475 0.960797 0.118875
vn 0.312661 0.946108 0.084394
vn 0.419516 0.907690 -0.010266
vn 0.083417 0.987893 0.130801
vn 0.231350 0.965104 0.122685
vn 0.362296 0.928435 0.082153
vn 0.506971 0.861818 -0.015823
vn -0.200885 0.868994 0.452212
vn -0.113141 0.696218 0.708858
vn -0.235743 0.946454 0.220570
vn -0.221941 0.964962 0.139970
vn -0.207746 0.970654 0.121134
vn -0.205670 0.971294 0.119530
vn 0.690607 0.709256 -0.141488
vn 0.655779 0.739644 -0.151262
vn 0.644965 0.748573 -0.153811
vn 0.673543 0.737171 -0.054022
vn 0.701714 0.678619 0.216964
vn 0.654389 0.549269 0.519691
vn 0.581618 0.432937 0.688684
vn 0.432230 0.445637 0.783955
vn 0.400380 0.207411 0.892567
vn 0.431764 0.182772 0.883275
vn 0.524892 0.342707 0.779128
vn 0.402151 0.493169 0.771401
vn 0.376814 0.194059 0.905733
vn 0.465792 0.448731 0.762678
vn 0.409703 0.119466 0.904363
vn 0.430050 0.439284 0.788725
vn 0.410221 0.083635 0.908143
vn 0.254166 0.495763 0.830433
vn 0.311297 0.154543 0.937662
vn 0.000940 0.490207 0.871606
vn 0.164613 0.174655 0.970772
vn 0.777899 0.044372 0.626820
vn 0.941705 0.088367 0.324627
vn 0.868857 0.283053 0.406164
vn 0.725388 0.245907 0.642917
vn 0.732855 -0.148076 0.664076
vn 0.947403 -0.088876 0.307455
vn 0.568033 -0.652931 0.501018
vn 0.795180 -0.593487 0.124347
vn 0.911645 -0.299517 0.281414
vn 0.660757 -0.344503 0.666871
vn 0.995593 0.093365 -0.008816
vn 0.944404 0.318807 0.080391
vn 0.995851 -0.053605 -0.073528
vn 0.861034 -0.450364 -0.236204
vn 0.969351 -0.210921 -0.125976
vn 0.980763 0.088177 -0.174152
vn 0.920553 0.363898 -0.141987
vn 0.971165 -0.061242 -0.230408
vn 0.815668 -0.396946 -0.420855
vn 0.937214 -0.173277 -0.302663
vn 0.954533 0.096887 -0.281923
vn 0.878272 0.417001 -0.233982
vn 0.925994 -0.107304 -0.361970
vn 0.741127 -0.386796 -0.548744
vn 0.869036 -0.194510 -0.454910
vn 0.299659 -0.753226 -0.585539
vn 0.643870 -0.645394 -0.410973
vn 0.602702 -0.788521 -0.122415
vn 0.244294 -0.899254 -0.362853
vn 0.932433 0.086566 -0.350820
vn 0.854616 0.451340 -0.256758
vn 0.875306 -0.205418 -0.437770
vn 0.930386 0.039146 -0.364485
vn 0.858602 0.444703 -0.255035
vn 0.848287 -0.311122 -0.428501
vn 0.247310 -0.745044 -0.619474
vn -0.057470 -0.856918 -0.512239
vn 0.009703 -0.898490 -0.438887
vn 0.212147 -0.795926 -0.567006
vn -0.242608 -0.882591 -0.402710
vn -0.129467 -0.839307 -0.528018
vn -0.345116 -0.919133 -0.189971
vn 0.062565 -0.997322 -0.037876
vn -0.061523 -0.813626 0.578124
vn -0.024594 -0.836852 0.546876
vn 0.164312 -0.599215 0.783545
vn 0.095466 -0.595396 0.797741
vn 0.457305 -0.366492 0.810282
vn 0.289851 -0.386597 0.875517
vn 0.349823 -0.628983 0.694265
vn 0.631423 -0.019400 0.775196
vn 0.430263 -0.098713 0.897290
vn 0.365370 -0.258745 0.894179
vn 0.552875 -0.209982 0.806373
vn 0.610129 0.194484 0.768062
vn 0.450021 0.080103 0.889418
vn -0.096832 -0.792777 0.601771
vn -0.072312 -0.785044 0.615205
vn -0.150983 -0.912801 0.379471
vn -0.197791 -0.911051 0.361752
vn 0.058307 -0.793739 0.605458
vn -0.015140 -0.925905 0.377452
vn 0.211737 -0.809440 0.547699
vn 0.148937 -0.931138 0.332867
vn 0.294924 -0.819417 0.491504
vn 0.227514 -0.931659 0.283283
vn -0.276015 -0.948716 0.154120
vn -0.221735 -0.965263 0.138205
vn -0.263648 -0.964600 -0.006033
vn -0.338555 -0.939884 0.044717
vn -0.082685 -0.988408 0.127327
vn -0.121172 -0.991920 -0.037585
vn 0.084401 -0.992182 0.091931
vn 0.042717 -0.996139 -0.076692
vn 0.147913 -0.986629 0.068444
vn 0.075043 -0.994002 -0.079549
vn -0.287930 -0.954821 -0.073579
vn -0.395136 -0.917533 -0.044726
vn -0.141171 -0.983012 -0.117300
vn 0.024768 -0.984276 -0.174895
vn 0.018966 -0.981417 -0.190949
vn -0.123850 -0.985828 -0.113156
vn -0.093324 -0.992912 -0.073594
vn 0.049943 -0.986248 -0.157549
vn -0.011418 -0.974267 -0.225106
vn -0.218670 -0.972897 -0.075206
vn -0.227634 -0.973003 -0.038060
vn -0.281229 -0.950135 -0.134736
vn -0.331441 -0.940840 -0.070480
vn -0.398682 -0.883891 -0.244519
vn -0.453031 -0.880155 -0.141742
vn -0.183744 -0.929007 0.321223
vn -0.371157 -0.891612 -0.259366
vn -0.417224 -0.891676 -0.175610
vn -0.276782 -0.914332 -0.295615
vn -0.169969 -0.940841 -0.293136
vn -0.077995 -0.962296 -0.260581
vn -0.641322 -0.743782 -0.188397
vn -0.607221 -0.731774 -0.309498
vn -0.118586 -0.916043 -0.383148
vn -0.359070 -0.839173 -0.408482
vn -0.456883 -0.751713 -0.475590
vn -0.201943 -0.892630 -0.403027
vn -0.818193 -0.441977 -0.367718
vn -0.577565 -0.708993 -0.404657
vn -0.528511 -0.711605 -0.462921
vn -0.820120 -0.434041 -0.372842
vn -0.023527 -0.999703 -0.006339
vn 0.066439 -0.994141 0.085262
vn 0.093746 -0.958670 0.268634
vn -0.076903 -0.973692 0.214499
vn 0.276517 -0.646593 0.710954
vn 0.351037 -0.659159 0.665044
vn 0.128384 -0.615073 0.777948
vn 0.001567 -0.598938 0.800794
vn 0.019452 -0.601973 0.798279
vn -0.409270 -0.070656 0.909673
vn -0.717742 0.136356 0.682828
vn -0.797317 -0.202942 0.568419
vn -0.486657 -0.414215 0.769149
vn -0.363865 0.214204 0.906487
vn -0.627445 0.414343 0.659267
vn -0.312059 0.438117 0.843014
vn -0.514310 0.612480 0.600294
vn -0.288765 0.583637 0.758936
vn -0.409116 0.750640 0.518810
vn -0.884503 0.342682 0.316581
vn -0.967186 0.068169 0.244752
vn -0.779617 0.538948 0.318954
vn -0.640585 0.699798 0.316122
vn -0.466012 0.838831 0.281416
vn -0.817183 0.553478 0.160854
vn -0.902560 0.415547 0.112718
vn -0.678510 0.707265 0.198496
vn -0.462256 0.866663 0.187654
vn -0.988362 -0.073547 -0.133159
vn -0.978357 0.204345 0.032565
vn -0.976414 0.203571 -0.071929
vn -0.969847 -0.104815 -0.220024
vn -0.851302 0.516701 0.091134
vn -0.916745 0.398937 0.020693
vn -0.695249 0.703579 0.146989
vn -0.445129 0.883129 0.148132
vn -0.984129 0.131887 -0.118725
vn -0.954765 -0.199890 -0.220154
vn -0.889343 0.455877 0.035287
vn -0.945662 0.323316 -0.034502
vn -0.707874 0.699038 0.101294
vn -0.435437 0.891422 0.125543
vn -0.995891 0.024603 -0.087154
vn -0.949434 -0.276728 -0.148316
vn -0.919693 0.390307 0.042729
vn -0.976055 0.216546 -0.020595
vn -0.724830 0.680943 0.104586
vn -0.442414 0.887560 0.128481
vn -0.812525 -0.504091 -0.292737
vn -0.823970 -0.536513 -0.182284
vn -0.143853 0.401820 0.904349
vn 0.085116 0.106730 0.990638
vn -0.141245 0.247218 0.958610
vn 0.095765 -0.012562 0.995325
vn -0.133182 0.032368 0.990563
vn 0.117090 -0.174289 0.977708
vn -0.136746 -0.215830 0.966808
vn 0.119444 -0.359604 0.925429
vn 0.311064 -0.059763 0.948508
vn 0.325894 -0.138714 0.935175
vn 0.278861 -0.235399 0.931034
vn 0.248797 -0.157563 0.955654
vn 0.370488 -0.175795 0.912050
vn 0.360927 -0.258799 0.895966
vn 0.353806 -0.141453 0.924561
vn 0.278746 -0.103435 0.954778
vn 0.276148 -0.157932 0.948050
vn 0.365949 -0.238305 0.899607
vn 0.228755 -0.198705 0.952989
vn 0.174032 -0.272975 0.946149
vn 0.113192 -0.338321 0.934198
vn 0.175318 -0.283874 0.942698
vn 0.234154 -0.349524 0.907196
vn 0.202394 -0.415017 0.887016
vn 0.340902 -0.375252 0.861958
vn 0.330515 -0.449388 0.829946
vn 0.368539 -0.327798 0.869901
vn 0.296582 -0.220865 0.929116
vn 0.310267 -0.335815 0.889361
vn 0.377980 -0.420492 0.824814
vn 0.064140 -0.417646 0.906343
vn 0.116409 -0.401637 0.908370
vn 0.178311 -0.464539 0.867415
vn 0.321318 -0.504232 0.801564
vn 0.311096 -0.461884 0.830592
vn 0.379611 -0.505512 0.774825
vn 0.295078 -0.155339 0.942761
vn 0.263443 -0.272688 0.925332
vn 0.214457 -0.397074 0.892379
vn 0.332523 0.004873 0.943083
vn 0.119333 0.172935 -0.977677
vn 0.167817 0.062507 -0.983835
vn -0.477518 0.073922 -0.875507
vn 0.189671 0.124513 -0.973921
vn -0.431636 0.020479 -0.901815
vn -0.272597 0.259167 -0.926566
vn 0.184440 0.081322 -0.979474
vn 0.120938 0.104064 -0.987190
vn 0.124488 0.056559 -0.990608
vn -0.322780 0.211343 -0.922576
vn -0.455151 0.106135 -0.884066
vn 0.284398 -0.082857 0.955119
vn 0.347485 0.043436 0.936679
vn 0.327205 -0.028463 0.944525
vn 0.267871 -0.650526 0.710677
vn 0.082480 -0.619324 0.780791
vn -0.300708 -0.944808 -0.130048
vn -0.279814 -0.948387 -0.149216
vn -0.160510 -0.973708 -0.161646
vn -0.177173 -0.971414 -0.158003
vn 0.007745 -0.969038 -0.246790
vn -0.028173 -0.963347 -0.266775
vn -0.039977 -0.951376 -0.305428
vn 0.173698 -0.840198 0.513708
vn -0.122531 -0.983064 -0.136278
vn -0.019978 -0.850622 0.525397
vn -0.170669 -0.546757 0.819713
vn -0.259243 -0.815042 0.518169
vn -0.246549 -0.961157 0.124056
vn 0.568087 -0.611339 -0.550946
vn 0.497225 -0.628703 -0.597913
vn 0.680574 -0.475340 -0.557558
vn 0.803834 -0.311944 -0.506499
vn 0.463494 -0.690987 -0.554716
vn 0.242220 -0.840808 -0.484120
vn 0.416407 -0.884217 0.211581
vn -0.843064 -0.443935 0.303587
vn -0.569720 -0.671412 0.473947
vn -0.470241 -0.882177 0.025242
vn -0.678543 -0.721385 -0.138504
vn -0.242496 -0.928564 -0.281007
vn -0.794972 -0.524512 -0.304806
vn -0.981287 -0.187048 0.045697
vn -0.273740 -0.888182 -0.369051
vn -0.089319 -0.965905 -0.243002
vn -0.189366 -0.973833 -0.125660
vn -0.235072 -0.961331 -0.143467
vn -0.162028 -0.964496 -0.208552
vn -0.201006 -0.973719 -0.107091
vn -0.190291 -0.971980 -0.138000
vn -0.340067 -0.887373 -0.311327
vn -0.225012 -0.959518 -0.169394
vn -0.209510 -0.973622 -0.090362
vn -0.153138 -0.980279 -0.124907
vn 0.088751 -0.928030 -0.361780
vn 0.650900 -0.594848 -0.471682
vn 0.769036 -0.443615 -0.460205
vn 0.329007 -0.867422 -0.373274
vn 0.472180 -0.763391 -0.440773
vn 0.189590 -0.944725 -0.267487
vn -0.319974 -0.938087 0.132700
vn -0.211640 -0.931970 0.294348
vn -0.254122 -0.951865 0.171390
vn 0.165185 -0.879864 0.445593
vn -0.138498 -0.969443 0.202479
vn -0.376024 -0.926357 0.021653
s 1
g Feet M_Skeleton L_F_Proximal_Phalanx_4
usemtl Skeleton_Feet_SG
f 1869/2091/1869 1870/2092/1870 1871/2093/1871 1872/2094/1872
f 1870/2095/1870 1873/2096/1873 1874/2097/1874 1871/2098/1871
f 1873/2096/1873 1875/2099/1875 1876/2100/1876 1874/2097/1874
f 1875/2099/1875 1877/2101/1877 1878/2102/1878 1876/2100/1876
f 1877/2101/1877 1879/2103/1879 1880/2104/1880 1878/2102/1878
f 1872/2094/1872 1871/2093/1871 1881/2105/1881 1882/2106/1882
f 1871/2098/1871 1874/2097/1874 1883/2107/1883 1881/2108/1881
f 1874/2097/1874 1876/2100/1876 1884/2109/1884 1883/2107/1883
f 1876/2100/1876 1878/2102/1878 1885/2110/1885 1884/2109/1884
f 1878/2102/1878 1880/2104/1880 1886/2111/1886 1885/2110/1885
f 1882/2106/1882 1881/2105/1881 1887/2112/1887 1888/2113/1888
f 1881/2108/1881 1883/2107/1883 1889/2114/1889 1887/2115/1887
f 1883/2107/1883 1884/2109/1884 1890/2116/1890 1889/2114/1889
f 1884/2109/1884 1885/2110/1885 1891/2117/1891 1890/2116/1890
f 1885/2110/1885 1886/2111/1886 1892/2118/1892 1891/2117/1891
f 1888/2113/1888 1887/2112/1887 1893/2119/1893 1894/2120/1894
f 1887/2115/1887 1889/2114/1889 1895/2121/1895 1893/2122/1893
f 1889/2114/1889 1890/2116/1890 1896/2123/1896 1895/2121/1895
f 1890/2116/1890 1891/2117/1891 1897/2124/1897 1896/2123/1896
f 1891/2117/1891 1892/2118/1892 1898/2125/1898 1897/2124/1897
f 1899/2126/1899 1900/2127/1900 1901/2128/1901 1902/2129/1902
f 1902/2129/1902 1901/2128/1901 1903/2130/1903 1904/2131/1904
f 1904/2131/1904 1903/2130/1903 1905/2132/1905 1906/2133/1906
f 1906/2133/1906 1905/2132/1905 1907/2134/1907 1908/2135/1908
f 1908/2135/1908 1907/2134/1907 1909/2136/1909 1910/2137/1910
f 1894/2120/1894 1893/2119/1893 1911/2138/1911 1912/2139/1912
f 1893/2122/1893 1895/2121/1895 1913/2140/1913 1911/2141/1911
f 1895/2121/1895 1896/2123/1896 1914/2142/1914 1913/2140/1913
f 1896/2123/1896 1897/2124/1897 1915/2143/1915 1914/2142/1914
f 1897/2124/1897 1898/2125/1898 1916/2144/1916 1915/2143/1915
f 1898/2125/1898 1917/2145/1917 1918/2146/1918 1916/2144/1916
f 1917/2145/1917 1898/2125/1898 1892/2118/1892 1919/2147/1919
f 1919/2147/1919 1892/2118/1892 1886/2111/1886 1920/2148/1920
f 1920/2148/1920 1886/2111/1886 1880/2104/1880 1921/2149/1921
f 1921/2149/1921 1880/2104/1880 1879/2103/1879 1922/2150/1922
f 1922/2150/1922 1879/2103/1879 1923/2151/1923 1924/2152/1924
f 1879/2103/1879 1877/2101/1877 1925/2153/1925 1923/2151/1923
f 1877/2101/1877 1875/2099/1875 1926/2154/1926 1925/2153/1925
f 1875/2099/1875 1873/2096/1873 1927/2155/1927 1926/2154/1926
f 1873/2096/1873 1870/2095/1870 1928/2156/1928 1927/2155/1927
f 1870/2092/1870 1869/2091/1869 1929/2157/1929 1928/2158/1928
f 1900/2127/1900 1899/2126/1899 1930/2159/1930 1931/2160/1931
f 1932/2161/1932 1933/2162/1933 1934/2163/1934 1935/2164/1935
f 1933/2162/1933 1936/2165/1936 1937/2166/1937 1934/2167/1934
f 1936/2165/1936 1938/2168/1938 1939/2169/1939 1937/2166/1937
f 1938/2168/1938 1940/2170/1940 1941/2171/1941 1939/2169/1939
f 1940/2170/1940 1942/2172/1942 1943/2173/1943 1941/2171/1941
f 1935/2164/1935 1934/2163/1934 1944/2174/1944 1945/2175/1945
f 1934/2167/1934 1937/2166/1937 1946/2176/1946 1944/2177/1944
f 1937/2166/1937 1939/2169/1939 1947/2178/1947 1946/2176/1946
f 1939/2169/1939 1941/2171/1941 1948/2179/1948 1947/2178/1947
f 1941/2171/1941 1943/2173/1943 1949/2180/1949 1948/2179/1948
f 1945/2175/1945 1944/2174/1944 1950/2181/1950 1951/2182/1951
f 1944/2183/1944 1946/2184/1946 1952/2185/1952 1950/2186/1950
f 1946/2184/1946 1947/2187/1947 1953/2188/1953 1952/2185/1952
f 1947/2187/1947 1948/2189/1948 1954/2190/1954 1953/2188/1953
f 1948/2189/1948 1949/2191/1949 1955/2192/1955 1954/2190/1954
f 1951/2182/1951 1950/2181/1950 1956/2193/1956 1957/2194/1957
f 1950/2186/1950 1952/2185/1952 1958/2195/1958 1956/2196/1956
f 1952/2185/1952 1953/2188/1953 1959/2197/1959 1958/2195/1958
f 1953/2188/1953 1954/2190/1954 1960/2198/1960 1959/2197/1959
f 1954/2190/1954 1955/2192/1955 1961/2199/1961 1960/2198/1960
f 1962/2200/1962 1963/2201/1963 1964/2202/1964 1965/2203/1965
f 1965/2203/1965 1964/2202/1964 1966/2204/1966 1967/2205/1967
f 1967/2205/1967 1966/2204/1966 1968/2206/1968 1969/2207/1969
f 1969/2207/1969 1968/2206/1968 1970/2208/1970 1971/2209/1971
f 1971/2209/1971 1970/2208/1970 1931/2160/1931 1930/2159/1930
f 1957/2194/1957 1956/2193/1956 1928/2158/1928 1929/2157/1929
f 1956/2196/1956 1958/2195/1958 1927/2155/1927 1928/2156/1928
f 1958/2195/1958 1959/2197/1959 1926/2154/1926 1927/2155/1927
f 1959/2197/1959 1960/2198/1960 1925/2153/1925 1926/2154/1926
f 1960/2198/1960 1961/2199/1961 1923/2151/1923 1925/2153/1925
f 1961/2199/1961 1972/2210/1972 1924/2152/1924 1923/2151/1923
f 1972/2210/1972 1961/2199/1961 1955/2192/1955 1973/2211/1973
f 1973/2211/1973 1955/2192/1955 1949/2191/1949 1974/2212/1974
f 1974/2213/1974 1949/2180/1949 1943/2173/1943 1975/2214/1975
f 1975/2214/1975 1943/2173/1943 1942/2172/1942 1976/2215/1976
f 1976/2215/1976 1942/2172/1942 1977/2216/1977 1978/2217/1978
f 1942/2172/1942 1940/2170/1940 1979/2218/1979 1977/2216/1977
f 1940/2170/1940 1938/2168/1938 1980/2219/1980 1979/2218/1979
f 1938/2168/1938 1936/2165/1936 1981/2220/1981 1980/2219/1980
f 1936/2165/1936 1933/2162/1933 1982/2221/1982 1981/2220/1981
f 1933/2162/1933 1932/2161/1932 1983/2222/1983 1982/2221/1982
f 1963/2201/1963 1962/2200/1962 1984/2223/1984 1985/2224/1985
f 1986/2225/1986 1987/2226/1987 1988/2227/1988 1989/2228/1989
f 1987/2226/1987 1990/2229/1990 1991/2230/1991 1988/2227/1988
f 1990/2229/1990 1992/2231/1992 1993/2232/1993 1991/2230/1991
f 1992/2231/1992 1994/2233/1994 1995/2234/1995 1993/2232/1993
f 1994/2233/1994 1996/2235/1996 1997/2236/1997 1995/2234/1995
f 1989/2228/1989 1988/2227/1988 1998/2237/1998 1999/2238/1999
f 1988/2227/1988 1991/2230/1991 2000/2239/2000 1998/2237/1998
f 1991/2230/1991 1993/2232/1993 2001/2240/2001 2000/2239/2000
f 1993/2232/1993 1995/2234/1995 2002/2241/2002 2001/2240/2001
f 1995/2234/1995 1997/2236/1997 2003/2242/2003 2002/2241/2002
f 1999/2238/1999 1998/2237/1998 2004/2243/2004 2005/2244/2005
f 1998/2237/1998 2000/2239/2000 2006/2245/2006 2004/2243/2004
f 2000/2239/2000 2001/2240/2001 2007/2246/2007 2006/2245/2006
f 2001/2240/2001 2002/2241/2002 2008/2247/2008 2007/2246/2007
f 2002/2241/2002 2003/2242/2003 2009/2248/2009 2008/2247/2008
f 2005/2244/2005 2004/2243/2004 2010/2249/2010 2011/2250/2011
f 2004/2243/2004 2006/2245/2006 2012/2251/2012 2010/2249/2010
f 2006/2245/2006 2007/2246/2007 2013/2252/2013 2012/2251/2012
f 2007/2246/2007 2008/2247/2008 2014/2253/2014 2013/2252/2013
f 2008/2247/2008 2009/2248/2009 2015/2254/2015 2014/2253/2014
f 2016/2255/2016 2017/2256/2017 2018/2257/2018 2019/2258/2019
f 2019/2258/2019 2018/2257/2018 2020/2259/2020 2021/2260/2021
f 2021/2260/2021 2020/2259/2020 2022/2261/2022 2023/2262/2023
f 2023/2262/2023 2022/2261/2022 2024/2263/2024 2025/2264/2025
f 2025/2264/2025 2024/2263/2024 1985/2224/1985 1984/2223/1984
f 2011/2250/2011 2010/2249/2010 1982/2221/1982 1983/2222/1983
f 2010/2249/2010 2012/2251/2012 1981/2220/1981 1982/2221/1982
f 2012/2251/2012 2013/2252/2013 1980/2219/1980 1981/2220/1981
f 2013/2252/2013 2014/2253/2014 1979/2218/1979 1980/2219/1980
f 2014/2253/2014 2015/2254/2015 1977/2216/1977 1979/2218/1979
f 2015/2254/2015 2026/2265/2026 1978/2217/1978 1977/2216/1977
f 2026/2265/2026 2015/2254/2015 2009/2248/2009 2027/2266/2027
f 2027/2266/2027 2009/2248/2009 2003/2242/2003 2028/2267/2028
f 2028/2267/2028 2003/2242/2003 1997/2236/1997 2029/2268/2029
f 2029/2268/2029 1997/2236/1997 1996/2235/1996 2030/2269/2030
f 2030/2269/2030 1996/2235/1996 2031/2270/2031 2032/2271/2032
f 1996/2235/1996 1994/2233/1994 2033/2272/2033 2031/2270/2031
f 1994/2233/1994 1992/2231/1992 2034/2273/2034 2033/2272/2033
f 1992/2231/1992 1990/2229/1990 2035/2274/2035 2034/2273/2034
f 1990/2229/1990 1987/2226/1987 2036/2275/2036 2035/2274/2035
f 1987/2226/1987 1986/2225/1986 2037/2276/2037 2036/2277/2036
f 2017/2256/2017 2016/2255/2016 2038/2278/2038 2039/2279/2039
f 2040/2280/2040 2041/2281/2041 2042/2282/2042 2043/2283/2043
f 2041/2281/2041 2044/2284/2044 2045/2285/2045 2042/2282/2042
f 2044/2286/2044 2046/2287/2046 2047/2288/2047 2045/2289/2045
f 2046/2287/2046 2048/2290/2048 2049/2291/2049 2047/2288/2047
f 2043/2283/2043 2042/2282/2042 2050/2292/2050 2051/2293/2051
f 2042/2282/2042 2045/2285/2045 2052/2294/2052 2050/2292/2050
f 2045/2289/2045 2047/2288/2047 2053/2295/2053 2052/2296/2052
f 2047/2288/2047 2049/2291/2049 2054/2297/2054 2053/2295/2053
f 2051/2293/2051 2050/2292/2050 2055/2298/2055 2056/2299/2056
f 2050/2292/2050 2052/2294/2052 2057/2300/2057 2055/2298/2055
f 2052/2296/2052 2053/2295/2053 2058/2301/2058 2057/2302/2057
f 2053/2295/2053 2054/2297/2054 2059/2303/2059 2058/2301/2058
f 2056/2299/2056 2055/2298/2055 2060/2304/2060 2061/2305/2061
f 2055/2298/2055 2057/2300/2057 2062/2306/2062 2060/2304/2060
f 2057/2302/2057 2058/2301/2058 2063/2307/2063 2062/2308/2062
f 2058/2301/2058 2059/2303/2059 2064/2309/2064 2063/2307/2063
f 2061/2310/2061 2060/2311/2060 2065/2312/2065 2066/2313/2066
f 2060/2311/2060 2062/2314/2062 2067/2315/2067 2065/2312/2065
f 2062/2314/2062 2063/2316/2063 2068/2317/2068 2067/2315/2067
f 2063/2316/2063 2064/2318/2064 2069/2319/2069 2068/2317/2068
f 1916/2144/1916 2040/2280/2040 2043/2283/2043 1915/2143/1915
f 1915/2143/1915 2043/2283/2043 2051/2293/2051 1914/2142/1914
f 1914/2142/1914 2051/2293/2051 2056/2299/2056 1913/2140/1913
f 1913/2140/1913 2056/2299/2056 2061/2305/2061 1911/2141/1911
f 1911/2138/1911 2061/2310/2061 2066/2313/2066 1912/2139/1912
f 2070/2320/2070 2071/2321/2071 1910/2137/1910 1909/2136/1909
f 2072/2322/2072 2073/2323/2073 2071/2321/2071 2070/2320/2070
f 2074/2324/2074 2075/2325/2075 2073/2323/2073 2072/2322/2072
f 2076/2326/2076 2077/2327/2077 2075/2325/2075 2074/2324/2074
f 2078/2328/2078 2079/2329/2079 2077/2327/2077 2076/2326/2076
f 2039/2279/2039 2038/2278/2038 2079/2329/2079 2078/2328/2078
f 2069/2319/2069 2064/2318/2064 2036/2277/2036 2037/2276/2037
f 2036/2275/2036 2064/2309/2064 2059/2303/2059 2035/2274/2035
f 2035/2274/2035 2059/2303/2059 2054/2297/2054 2034/2273/2034
f 2034/2273/2034 2054/2297/2054 2049/2291/2049 2033/2272/2033
f 2033/2272/2033 2049/2291/2049 2048/2290/2048 2031/2270/2031
f 2031/2270/2031 2048/2290/2048 2080/2330/2080 2032/2271/2032
f 2048/2290/2048 2046/2287/2046 2081/2331/2081 2080/2330/2080
f 2046/2287/2046 2044/2286/2044 2082/2332/2082 2081/2331/2081
f 2044/2284/2044 2041/2281/2041 2083/2333/2083 2082/2334/2082
f 2041/2281/2041 2040/2280/2040 2084/2335/2084 2083/2333/2083
f 2040/2280/2040 1916/2144/1916 1918/2146/1918 2084/2335/2084
f 2085/2336/2085 2086/2337/2086 2087/2338/2087 2088/2339/2088
f 2086/2337/2086 2089/2340/2089 2090/2341/2090 2087/2338/2087
f 2089/2340/2089 2091/2342/2091 2092/2343/2092 2090/2341/2090
f 2093/2344/2093 2088/2339/2088 2094/2345/2094 2095/2346/2095
f 2088/2339/2088 2087/2338/2087 2096/2347/2096 2094/2345/2094
f 2087/2338/2087 2090/2341/2090 2097/2348/2097 2096/2347/2096
f 2090/2341/2090 2092/2343/2092 2098/2349/2098 2097/2348/2097
f 2095/2346/2095 2094/2345/2094 2099/2350/2099 2100/2351/2100
f 2094/2345/2094 2096/2347/2096 2101/2352/2101 2099/2350/2099
f 2096/2347/2096 2097/2348/2097 2102/2353/2102 2101/2352/2101
f 2097/2348/2097 2098/2349/2098 2103/2354/2103 2102/2353/2102
f 2099/2350/2099 2101/2352/2101 2104/2355/2104 2105/2356/2105
f 2101/2352/2101 2102/2353/2102 2106/2357/2106 2104/2355/2104
f 1906/2133/1906 2107/2358/2107 2108/2359/2108 1904/2131/1904
f 1904/2131/1904 2108/2359/2108 2109/2360/2109 1902/2129/1902
f 1899/2126/1899 1902/2129/1902 2109/2360/2109 2110/2361/2110
f 2111/2362/2111 2112/2363/2112 1967/2205/1967 1969/2207/1969
f 2112/2363/2112 2113/2364/2113 1965/2203/1965 1967/2205/1967
f 2114/2365/2114 2115/2366/2115 2023/2262/2023 2025/2264/2025
f 2023/2262/2023 2115/2366/2115 2116/2367/2116 2021/2260/2021
f 2021/2260/2021 2116/2367/2116 2117/2368/2117 2019/2258/2019
f 2118/2369/2118 2119/2370/2119 2077/2327/2077 2079/2329/2079
f 2119/2370/2119 2120/2371/2120 2075/2325/2075 2077/2327/2077
f 2120/2371/2120 2121/2372/2121 2073/2323/2073 2075/2325/2075
f 2071/2321/2071 2073/2323/2073 2121/2372/2121 2122/2373/2122
f 2123/2374/2123 2124/2375/2124 2125/2376/2125 2126/2377/2126
f 2124/2375/2124 2127/2378/2127 2128/2379/2128 2125/2376/2125
f 2127/2380/2127 2129/2381/2129 2130/2382/2130 2128/2383/2128
f 2131/2384/2131 2132/2385/2132 2133/2386/2133
f 2126/2377/2126 2125/2376/2125 2134/2387/2134 2135/2388/2135
f 2125/2376/2125 2128/2379/2128 2136/2389/2136 2134/2387/2134
f 2128/2383/2128 2130/2382/2130 2137/2390/2137 2136/2391/2136
f 2130/2382/2130 2133/2386/2133 2138/2392/2138 2137/2390/2137
f 2135/2388/2135 2134/2387/2134 2139/2393/2139 2140/2394/2140
f 2134/2387/2134 2136/2389/2136 2141/2395/2141 2139/2393/2139
f 2136/2391/2136 2137/2390/2137 2142/2396/2142 2141/2397/2141
f 2137/2390/2137 2138/2392/2138 2143/2398/2143 2142/2396/2142
f 2140/2394/2140 2139/2393/2139 2144/2399/2144 2145/2400/2145
f 2139/2393/2139 2141/2395/2141 2146/2401/2146 2144/2399/2144
f 2141/2397/2141 2142/2396/2142 2147/2402/2147 2146/2403/2146
f 2142/2396/2142 2143/2398/2143 2148/2404/2148 2147/2402/2147
f 2145/2400/2145 2144/2399/2144 2149/2405/2149 2150/2406/2150
f 2144/2399/2144 2146/2401/2146 2151/2407/2151 2149/2405/2149
f 2146/2403/2146 2147/2402/2147 2152/2408/2152 2151/2409/2151
f 2147/2402/2147 2148/2404/2148 2153/2410/2153 2152/2408/2152
f 2154/2411/2154 2123/2374/2123 2126/2377/2126 2155/2412/2155
f 2155/2412/2155 2126/2377/2126 2135/2388/2135 2156/2413/2156
f 2156/2413/2156 2135/2388/2135 2140/2394/2140 2157/2414/2157
f 2157/2414/2157 2140/2394/2140 2145/2400/2145 2158/2415/2158
f 2158/2415/2158 2145/2400/2145 2150/2406/2150 2159/2416/2159
f 2159/2416/2159 2150/2406/2150 2084/2335/2084 1918/2146/1918
f 2150/2406/2150 2149/2405/2149 2083/2333/2083 2084/2335/2084
f 2149/2405/2149 2151/2407/2151 2082/2334/2082 2083/2333/2083
f 2151/2409/2151 2152/2408/2152 2081/2331/2081 2082/2332/2082
f 2152/2408/2152 2153/2410/2153 2080/2330/2080 2081/2331/2081
f 2153/2410/2153 2160/2417/2160 2032/2271/2032 2080/2330/2080
f 2160/2417/2160 2153/2410/2153 2148/2404/2148 2161/2418/2161
f 2161/2418/2161 2148/2404/2148 2143/2398/2143 2162/2419/2162
f 2162/2419/2162 2143/2398/2143 2138/2392/2138 2163/2420/2163
f 2163/2420/2163 2138/2392/2138 2133/2386/2133 2164/2421/2164
f 2164/2421/2164 2133/2386/2133 2132/2385/2132 2165/2422/2165
f 2165/2422/2165 2132/2385/2132 2166/2423/2166 2167/2424/2167
f 2132/2385/2132 2131/2384/2131 2168/2425/2168 2166/2423/2166
f 2129/2381/2129 2169/2426/2169 2170/2427/2170
f 2127/2378/2127 2124/2375/2124 2171/2428/2171 2172/2429/2172
f 2124/2375/2124 2123/2374/2123 2173/2430/2173 2171/2428/2171
f 2123/2374/2123 2154/2411/2154 2174/2431/2174 2173/2430/2173
f 2175/2432/2175 2176/2433/2176 2177/2434/2177 2178/2435/2178
f 2176/2433/2176 2179/2436/2179 2180/2437/2180 2177/2434/2177
f 2179/2436/2179 2181/2438/2181 2182/2439/2182 2180/2437/2180
f 2181/2438/2181 2183/2440/2183 2184/2441/2184 2182/2439/2182
f 2178/2435/2178 2177/2434/2177 2185/2442/2185 2186/2443/2186
f 2177/2434/2177 2180/2437/2180 2187/2444/2187 2185/2442/2185
f 2180/2437/2180 2182/2439/2182 2188/2445/2188 2187/2444/2187
f 2182/2439/2182 2184/2441/2184 2189/2446/2189 2188/2445/2188
f 2186/2443/2186 2185/2442/2185 2190/2447/2190 2191/2448/2191
f 2185/2442/2185 2187/2444/2187 2192/2449/2192 2190/2447/2190
f 2187/2444/2187 2188/2445/2188 2193/2450/2193 2192/2449/2192
f 2188/2445/2188 2189/2446/2189 2194/2451/2194 2193/2450/2193
f 2191/2448/2191 2190/2447/2190 2195/2452/2195 2196/2453/2196
f 2190/2447/2190 2192/2449/2192 2197/2454/2197 2195/2452/2195
f 2192/2449/2192 2193/2450/2193 2198/2455/2198 2197/2454/2197
f 2193/2450/2193 2194/2451/2194 2199/2456/2199 2198/2455/2198
f 2196/2453/2196 2195/2452/2195 2200/2457/2200 2201/2458/2201
f 2195/2452/2195 2197/2454/2197 2202/2459/2202 2200/2457/2200
f 2197/2454/2197 2198/2455/2198 2203/2460/2203 2202/2459/2202
f 2198/2455/2198 2199/2456/2199 2204/2461/2204 2203/2460/2203
f 2165/2422/2165 2175/2432/2175 2178/2435/2178 2164/2421/2164
f 2164/2421/2164 2178/2435/2178 2186/2443/2186 2163/2420/2163
f 2163/2420/2163 2186/2443/2186 2191/2448/2191 2162/2419/2162
f 2162/2419/2162 2191/2448/2191 2196/2453/2196 2161/2418/2161
f 2161/2418/2161 2196/2453/2196 2201/2458/2201 2160/2417/2160
f 2160/2417/2160 2201/2458/2201 2030/2269/2030 2032/2271/2032
f 2201/2458/2201 2200/2457/2200 2029/2268/2029 2030/2269/2030
f 2200/2457/2200 2202/2459/2202 2028/2267/2028 2029/2268/2029
f 2202/2459/2202 2203/2460/2203 2027/2266/2027 2028/2267/2028
f 2203/2460/2203 2204/2461/2204 2026/2265/2026 2027/2266/2027
f 2204/2461/2204 2205/2462/2205 1978/2217/1978 2026/2265/2026
f 2205/2462/2205 2204/2461/2204 2199/2456/2199 2206/2463/2206
f 2206/2463/2206 2199/2456/2199 2194/2451/2194 2207/2464/2207
f 2207/2464/2207 2194/2451/2194 2189/2446/2189 2208/2465/2208
f 2208/2465/2208 2189/2446/2189 2184/2441/2184 2209/2466/2209
f 2209/2466/2209 2184/2441/2184 2183/2440/2183 2210/2467/2210
f 2210/2467/2210 2183/2440/2183 2211/2468/2211 2212/2469/2212
f 2183/2440/2183 2181/2438/2181 2213/2470/2213 2211/2468/2211
f 2181/2438/2181 2179/2436/2179 2214/2471/2214 2213/2470/2213
f 2179/2436/2179 2176/2433/2176 2215/2472/2215 2214/2471/2214
f 2176/2433/2176 2175/2432/2175 2216/2473/2216 2215/2472/2215
f 2175/2432/2175 2165/2422/2165 2167/2424/2167 2216/2473/2216
f 2217/2474/2217 2218/2475/2218 2219/2476/2219 2220/2477/2220
f 2221/2478/2221 2222/2479/2222 2223/2480/2223 2219/2476/2219
f 2222/2481/2222 2224/2482/2224 2225/2483/2225 2223/2484/2223
f 2224/2482/2224 2226/2485/2226 2227/2486/2227 2225/2483/2225
f 2220/2477/2220 2219/2476/2219 2228/2487/2228 2229/2488/2229
f 2219/2476/2219 2223/2480/2223 2230/2489/2230 2228/2487/2228
f 2223/2484/2223 2225/2483/2225 2231/2490/2231 2230/2491/2230
f 2225/2483/2225 2227/2486/2227 2232/2492/2232 2231/2490/2231
f 2229/2488/2229 2228/2487/2228 2233/2493/2233 2234/2494/2234
f 2228/2487/2228 2230/2489/2230 2235/2495/2235 2233/2493/2233
f 2230/2491/2230 2231/2490/2231 2236/2496/2236 2235/2497/2235
f 2231/2490/2231 2232/2492/2232 2237/2498/2237 2236/2496/2236
f 2234/2494/2234 2233/2493/2233 2238/2499/2238 2239/2500/2239
f 2233/2493/2233 2235/2495/2235 2240/2501/2240 2238/2499/2238
f 2235/2497/2235 2236/2496/2236 2241/2502/2241 2240/2503/2240
f 2236/2496/2236 2237/2498/2237 2242/2504/2242 2241/2502/2241
f 2239/2500/2239 2238/2499/2238 2243/2505/2243 2244/2506/2244
f 2238/2499/2238 2240/2501/2240 2245/2507/2245 2243/2505/2243
f 2240/2503/2240 2241/2502/2241 2246/2508/2246 2245/2509/2245
f 2241/2502/2241 2242/2504/2242 2247/2510/2247 2246/2508/2246
f 2210/2467/2210 2217/2474/2217 2220/2477/2220 2209/2466/2209
f 2209/2466/2209 2220/2477/2220 2229/2488/2229 2208/2465/2208
f 2208/2465/2208 2229/2488/2229 2234/2494/2234 2207/2464/2207
f 2207/2464/2207 2234/2494/2234 2239/2500/2239 2206/2463/2206
f 2206/2463/2206 2239/2500/2239 2244/2506/2244 2205/2462/2205
f 2205/2462/2205 2244/2506/2244 1976/2215/1976 1978/2217/1978
f 2244/2506/2244 2243/2505/2243 1975/2214/1975 1976/2215/1976
f 2243/2505/2243 2245/2507/2245 1974/2213/1974 1975/2214/1975
f 2245/2509/2245 2246/2508/2246 1973/2211/1973 1974/2212/1974
f 2246/2508/2246 2247/2510/2247 1972/2210/1972 1973/2211/1973
f 2247/2510/2247 2248/2511/2248 1924/2152/1924 1972/2210/1972
f 2248/2511/2248 2247/2510/2247 2242/2504/2242 2249/2512/2249
f 2249/2512/2249 2242/2504/2242 2237/2498/2237 2250/2513/2250
f 2250/2513/2250 2237/2498/2237 2232/2492/2232 2251/2514/2251
f 2251/2514/2251 2232/2492/2232 2227/2486/2227 2252/2515/2252
f 2252/2515/2252 2227/2486/2227 2226/2485/2226 2253/2516/2253
f 2226/2485/2226 2224/2482/2224 2254/2517/2254 2255/2518/2255
f 2224/2482/2224 2222/2481/2222 2256/2519/2256 2254/2517/2254
f 2222/2479/2222 2221/2478/2221 2257/2520/2257 2256/2521/2256
f 2218/2475/2218 2217/2474/2217 2258/2522/2258 2259/2523/2259
f 2217/2474/2217 2210/2467/2210 2212/2469/2212 2260/2524/2260
f 2261/2525/2261 2262/2526/2262 2263/2527/2263 2264/2528/2264
f 2262/2526/2262 2265/2529/2265 2266/2530/2266 2263/2527/2263
f 2265/2529/2265 2267/2531/2267 2268/2532/2268 2266/2530/2266
f 2267/2531/2267 2269/2533/2269 2270/2534/2270 2268/2532/2268
f 2264/2528/2264 2263/2527/2263 2271/2535/2271 2272/2536/2272
f 2263/2527/2263 2266/2530/2266 2273/2537/2273 2271/2535/2271
f 2266/2530/2266 2268/2532/2268 2274/2538/2274 2273/2537/2273
f 2268/2532/2268 2270/2534/2270 2275/2539/2275 2274/2538/2274
f 2272/2536/2272 2271/2535/2271 2276/2540/2276 2277/2541/2277
f 2271/2535/2271 2273/2537/2273 2278/2542/2278 2276/2540/2276
f 2273/2537/2273 2274/2538/2274 2279/2543/2279 2278/2542/2278
f 2274/2538/2274 2275/2539/2275 2280/2544/2280 2279/2543/2279
f 2277/2541/2277 2276/2540/2276 2281/2545/2281 2282/2546/2282
f 2276/2540/2276 2278/2542/2278 2283/2547/2283 2281/2545/2281
f 2278/2542/2278 2279/2543/2279 2284/2548/2284 2283/2547/2283
f 2279/2543/2279 2280/2544/2280 2285/2549/2285 2284/2548/2284
f 2282/2546/2282 2281/2545/2281 2286/2550/2286 2287/2551/2287
f 2281/2545/2281 2283/2547/2283 2288/2552/2288 2286/2550/2286
f 2283/2547/2283 2284/2548/2284 2289/2553/2289 2288/2552/2288
f 2284/2548/2284 2285/2549/2285 2290/2554/2290 2289/2553/2289
f 2253/2516/2253 2261/2525/2261 2264/2528/2264 2252/2515/2252
f 2252/2515/2252 2264/2528/2264 2272/2536/2272 2251/2514/2251
f 2251/2514/2251 2272/2536/2272 2277/2541/2277 2250/2513/2250
f 2250/2513/2250 2277/2541/2277 2282/2546/2282 2249/2512/2249
f 2249/2512/2249 2282/2546/2282 2287/2551/2287 2248/2511/2248
f 2248/2511/2248 2287/2551/2287 1922/2150/1922 1924/2152/1924
f 2287/2551/2287 2286/2550/2286 1921/2149/1921 1922/2150/1922
f 2286/2550/2286 2288/2552/2288 1920/2148/1920 1921/2149/1921
f 2288/2552/2288 2289/2553/2289 1919/2147/1919 1920/2148/1920
f 2289/2553/2289 2290/2554/2290 1917/2145/1917 1919/2147/1919
f 2290/2554/2290 2159/2416/2159 1918/2146/1918 1917/2145/1917
f 2159/2416/2159 2290/2554/2290 2285/2549/2285 2158/2415/2158
f 2158/2415/2158 2285/2549/2285 2280/2544/2280 2157/2414/2157
f 2157/2414/2157 2280/2544/2280 2275/2539/2275 2156/2413/2156
f 2156/2413/2156 2275/2539/2275 2270/2534/2270 2155/2412/2155
f 2155/2412/2155 2270/2534/2270 2269/2533/2269 2154/2411/2154
f 2154/2411/2154 2269/2533/2269 2291/2555/2291 2174/2431/2174
f 2269/2533/2269 2267/2531/2267 2292/2556/2292 2291/2555/2291
f 2267/2531/2267 2265/2529/2265 2293/2557/2293 2292/2556/2292
f 2265/2529/2265 2262/2526/2262 2294/2558/2294 2293/2557/2293
f 2262/2526/2262 2261/2525/2261 2295/2559/2295 2294/2558/2294
f 2295/2559/2295 2296/2560/2296 2297/2561/2297 2298/2562/2298
f 2299/2563/2299 2300/2564/2300 2301/2565/2301 2302/2566/2302
f 2303/2567/2303 2304/2568/2304 2300/2564/2300 2299/2563/2299
f 2305/2569/2305 2306/2570/2306 2304/2568/2304 2303/2567/2303
f 2307/2571/2307 2308/2572/2308 2306/2570/2306 2305/2569/2305
f 2301/2565/2301 2300/2564/2300 2309/2573/2309 2310/2574/2310
f 2300/2564/2300 2304/2568/2304 2311/2575/2311 2309/2573/2309
f 2304/2568/2304 2306/2570/2306 2312/2576/2312 2311/2575/2311
f 2306/2570/2306 2308/2572/2308 2313/2577/2313 2312/2576/2312
f 2310/2574/2310 2309/2573/2309 2314/2578/2314 2315/2579/2315
f 2309/2573/2309 2311/2575/2311 2316/2580/2316 2314/2578/2314
f 2311/2575/2311 2312/2576/2312 2317/2581/2317 2316/2580/2316
f 2312/2576/2312 2313/2577/2313 2318/2582/2318 2317/2581/2317
f 2315/2579/2315 2314/2578/2314 2319/2583/2319 2320/2584/2320
f 2314/2578/2314 2316/2580/2316 2321/2585/2321 2319/2583/2319
f 2316/2580/2316 2317/2581/2317 2322/2586/2322 2321/2585/2321
f 2317/2581/2317 2318/2582/2318 2323/2587/2323 2322/2586/2322
f 2320/2584/2320 2319/2583/2319 2324/2588/2324 2325/2589/2325
f 2319/2583/2319 2321/2585/2321 2326/2590/2326 2324/2588/2324
f 2321/2585/2321 2322/2586/2322 2327/2591/2327 2326/2590/2326
f 2322/2586/2322 2323/2587/2323 2328/2592/2328 2327/2591/2327
f 2325/2589/2325 2324/2588/2324 2329/2593/2329 2298/2562/2298
f 2324/2588/2324 2326/2590/2326 2330/2594/2330 2329/2593/2329
f 2326/2590/2326 2327/2591/2327 2331/2595/2331 2330/2594/2330
f 2327/2591/2327 2328/2592/2328 2332/2596/2332 2331/2595/2331
f 2302/2566/2302 2301/2565/2301 2333/2597/2333 2334/2598/2334
f 2333/2597/2333 2301/2565/2301 2310/2574/2310 2335/2599/2335
f 2335/2599/2335 2310/2574/2310 2315/2579/2315 2336/2600/2336
f 2336/2600/2336 2315/2579/2315 2320/2584/2320 2337/2601/2337
f 2337/2601/2337 2320/2584/2320 2325/2589/2325 2338/2602/2338
f 2338/2602/2338 2325/2589/2325 2298/2562/2298 2297/2561/2297
f 2339/2603/2339 2332/2596/2332 2328/2592/2328 2340/2604/2340
f 2340/2604/2340 2328/2592/2328 2323/2587/2323 2341/2605/2341
f 2341/2605/2341 2323/2587/2323 2318/2582/2318 2342/2606/2342
f 2342/2606/2342 2318/2582/2318 2313/2577/2313 2343/2607/2343
f 2343/2607/2343 2313/2577/2313 2308/2572/2308 2344/2608/2344
f 2344/2608/2344 2308/2572/2308 2307/2571/2307 2345/2609/2345
f 2346/2610/2346 2347/2611/2347 2348/2612/2348 2349/2613/2349
f 2350/2614/2350 2351/2615/2351 2347/2611/2347 2346/2610/2346
f 2352/2616/2352 2353/2617/2353 2351/2615/2351 2350/2614/2350
f 2354/2618/2354 2355/2619/2355 2353/2617/2353 2352/2616/2352
f 2356/2620/2356 2357/2621/2357 2355/2619/2355 2354/2618/2354
f 2358/2622/2358 2359/2623/2359 2357/2621/2357 2356/2620/2356
f 2360/2624/2360 2361/2625/2361 2362/2626/2362 2363/2627/2363
f 2364/2628/2364 2365/2629/2365 2361/2625/2361 2360/2624/2360
f 2366/2630/2366 2367/2631/2367 2368/2632/2368 2369/2633/2369
f 2362/2626/2362 2361/2625/2361 2370/2634/2370 2371/2635/2371
f 2361/2625/2361 2365/2629/2365 2372/2636/2372 2370/2634/2370
f 2367/2631/2367 2373/2637/2373 2374/2638/2374 2368/2632/2368
f 2371/2635/2371 2370/2634/2370 2375/2639/2375 2376/2640/2376
f 2370/2634/2370 2372/2636/2372 2377/2641/2377 2375/2639/2375
f 2373/2637/2373 2378/2642/2378 2379/2643/2379 2374/2638/2374
f 2376/2640/2376 2375/2639/2375 2380/2644/2380 2381/2645/2381
f 2375/2639/2375 2377/2641/2377 2382/2646/2382 2380/2644/2380
f 2383/2647/2383 2384/2648/2384 2379/2643/2379 2378/2642/2378
f 2385/2649/2385 2386/2650/2386 2387/2651/2387 2388/2652/2388
f 2381/2645/2381 2380/2644/2380 2389/2653/2389 2390/2654/2390
f 2380/2644/2380 2382/2646/2382 2391/2655/2391 2389/2653/2389
f 2390/2654/2390 2389/2653/2389 2392/2656/2392 2393/2657/2393
f 2389/2653/2389 2391/2655/2391 2394/2658/2394 2392/2656/2392
f 2363/2627/2363 2362/2626/2362 2344/2608/2344 2345/2609/2345
f 2344/2608/2344 2362/2626/2362 2371/2635/2371 2343/2607/2343
f 2343/2607/2343 2371/2635/2371 2376/2640/2376 2342/2606/2342
f 2342/2606/2342 2376/2640/2376 2381/2645/2381 2341/2605/2341
f 2341/2605/2341 2381/2645/2381 2390/2654/2390 2340/2604/2340
f 2340/2604/2340 2390/2654/2390 2393/2657/2393 2339/2603/2339
f 2395/2659/2395 2396/2660/2396 2397/2661/2397 2398/2662/2398
f 2385/2649/2385 2388/2652/2388 2399/2663/2399 2400/2664/2400
f 2401/2665/2401 2399/2663/2399 2388/2652/2388 2402/2666/2402
f 2403/2667/2403 2404/2668/2404 2405/2669/2405 2406/2670/2406
f 2407/2671/2407 2408/2672/2408 2405/2669/2405 2409/2673/2409
f 2410/2674/2410 2411/2675/2411 2412/2676/2412 2413/2677/2413
f 2414/2678/2414 2415/2679/2415 2411/2675/2411 2410/2674/2410
f 2349/2613/2349 2348/2612/2348 2415/2679/2415 2414/2678/2414
f 2416/2680/2416 2417/2681/2417 2418/2682/2418 2419/2683/2419
f 2417/2681/2417 2420/2684/2420 2421/2685/2421 2418/2682/2418
f 2420/2684/2420 2422/2686/2422 2423/2687/2423 2421/2685/2421
f 2422/2686/2422 2424/2688/2424 2425/2689/2425 2423/2687/2423
f 2426/2690/2426 2427/2691/2427 2428/2692/2428 2429/2693/2429
f 2427/2691/2427 2430/2694/2430 2431/2695/2431 2428/2692/2428
f 2430/2694/2430 2432/2696/2432 2433/2697/2433 2431/2695/2431
f 2432/2696/2432 2434/2698/2434 2435/2699/2435 2433/2697/2433
f 2429/2693/2429 2428/2692/2428 2436/2700/2436 2437/2701/2437
f 2428/2692/2428 2431/2695/2431 2438/2702/2438 2436/2700/2436
f 2431/2695/2431 2433/2697/2433 2439/2703/2439 2438/2702/2438
f 2433/2697/2433 2435/2699/2435 2440/2704/2440 2439/2703/2439
f 2441/2705/2441 2442/2706/2442 2443/2707/2443 2444/2708/2444
f 2445/2709/2445 2446/2710/2446 2442/2706/2442 2441/2705/2441
f 2447/2711/2447 2448/2712/2448 2446/2710/2446 2445/2709/2445
f 2449/2713/2449 2450/2714/2450 2448/2712/2448 2447/2711/2447
f 2403/2667/2403 2416/2680/2416 2419/2683/2419 2451/2715/2451
f 2452/2716/2452 2399/2663/2399 2401/2665/2401 2453/2717/2453
f 2399/2663/2399 2452/2716/2452 2454/2718/2454 2400/2664/2400
f 2396/2660/2396 2455/2719/2455 2456/2720/2456 2397/2661/2397
f 2457/2721/2457 2450/2714/2450 2449/2713/2449 2458/2722/2458
f 2459/2723/2459 2460/2724/2460 2461/2725/2461 2462/2726/2462
f 2463/2727/2463 2464/2728/2464 2465/2729/2465 2466/2730/2466
f 2467/2731/2467 2468/2732/2468 2469/2733/2469 2470/2734/2470
f 2424/2688/2424 2422/2686/2422 2471/2735/2471 2472/2736/2472
f 2422/2686/2422 2420/2684/2420 2473/2737/2473 2471/2735/2471
f 2420/2684/2420 2417/2681/2417 2474/2738/2474 2473/2737/2473
f 2417/2681/2417 2416/2680/2416 2475/2739/2475 2474/2738/2474
f 2416/2680/2416 2403/2667/2403 2406/2670/2406 2475/2739/2475
f 2476/2740/2476 2477/2741/2477 2478/2742/2478 2479/2743/2479
f 2480/2744/2480 2481/2745/2481 2477/2741/2477 2476/2740/2476
f 2482/2746/2482 2483/2747/2483 2481/2748/2481 2480/2749/2480
f 2484/2750/2484 2485/2751/2485 2483/2747/2483 2482/2746/2482
f 2477/2741/2477 2486/2752/2486 2487/2753/2487 2478/2742/2478
f 2477/2741/2477 2481/2745/2481 2488/2754/2488 2486/2752/2486
f 2481/2748/2481 2483/2747/2483 2489/2755/2489 2488/2756/2488
f 2483/2747/2483 2485/2751/2485 2490/2757/2490 2489/2755/2489
f 2486/2752/2486 2488/2754/2488 2491/2758/2491 2492/2759/2492
f 2488/2756/2488 2489/2755/2489 2493/2760/2493 2491/2761/2491
f 2489/2755/2489 2490/2757/2490 2494/2762/2494 2493/2760/2493
f 2495/2763/2495 2496/2764/2496 2497/2765/2497 2498/2766/2498
f 2492/2759/2492 2491/2758/2491 2499/2767/2499 2500/2768/2500
f 2491/2761/2491 2493/2760/2493 2501/2769/2501 2499/2770/2499
f 2493/2760/2493 2494/2762/2494 2502/2771/2502 2501/2769/2501
f 2498/2766/2498 2497/2765/2497 2503/2772/2503 2504/2773/2504
f 2500/2768/2500 2499/2767/2499 2505/2774/2505 2506/2775/2506
f 2499/2770/2499 2501/2769/2501 2507/2776/2507 2505/2777/2505
f 2501/2769/2501 2502/2771/2502 2508/2778/2508 2507/2776/2507
f 2504/2773/2504 2503/2772/2503 2509/2779/2509 2510/2780/2510
f 2506/2775/2506 2505/2774/2505 2511/2781/2511 2512/2782/2512
f 2505/2777/2505 2507/2776/2507 2513/2783/2513 2511/2784/2511
f 2507/2776/2507 2508/2778/2508 2514/2785/2514 2513/2783/2513
f 2515/2786/2515 2458/2722/2458 2464/2728/2464 2463/2727/2463
f 2458/2722/2458 2515/2786/2515 2516/2787/2516 2457/2721/2457
f 2297/2561/2297 2514/2785/2514 2508/2778/2508 2338/2602/2338
f 2338/2602/2338 2508/2778/2508 2502/2771/2502 2337/2601/2337
f 2337/2601/2337 2502/2771/2502 2494/2762/2494 2336/2600/2336
f 2336/2600/2336 2494/2762/2494 2490/2757/2490 2335/2599/2335
f 2335/2599/2335 2490/2757/2490 2485/2751/2485 2333/2597/2333
f 2333/2597/2333 2485/2751/2485 2484/2750/2484 2334/2598/2334
f 2517/2788/2517 2518/2789/2518 2359/2623/2359 2358/2622/2358
f 2519/2790/2519 2520/2791/2520 2518/2789/2518 2517/2788/2517
f 2521/2792/2521 2522/2793/2522 2520/2791/2520 2519/2790/2519
f 2523/2794/2523 2524/2795/2524 2522/2793/2522 2521/2792/2521
f 2525/2796/2525 2526/2797/2526 2527/2798/2527 2528/2799/2528
f 2526/2797/2526 2529/2800/2529 2530/2801/2530 2527/2798/2527
f 2531/2802/2531 2532/2803/2532 2533/2804/2533 2534/2805/2534
f 2535/2806/2535 2536/2807/2536 2537/2808/2537 2538/2809/2538
f 2536/2807/2536 2539/2810/2539 2540/2811/2540 2537/2808/2537
f 2539/2810/2539 2541/2812/2541 2542/2813/2542 2540/2811/2540
f 2543/2814/2543 2544/2815/2544 2545/2816/2545 2546/2817/2546
f 2538/2809/2538 2537/2808/2537 2547/2818/2547 2548/2819/2548
f 2537/2808/2537 2540/2811/2540 2549/2820/2549 2547/2818/2547
f 2540/2811/2540 2542/2813/2542 2550/2821/2550 2549/2820/2549
f 2546/2817/2546 2545/2816/2545 2551/2822/2551 2552/2823/2552
f 2411/2675/2411 2553/2824/2553 2554/2825/2554 2412/2676/2412
f 2412/2676/2412 2554/2825/2554 2555/2826/2555 2408/2672/2408
f 2524/2795/2524 2551/2822/2551 2545/2816/2545 2522/2793/2522
f 2522/2793/2522 2545/2816/2545 2544/2815/2544 2520/2791/2520
f 2518/2789/2518 2533/2804/2533 2532/2803/2532 2359/2623/2359
f 2529/2800/2529 2526/2797/2526 2353/2617/2353 2355/2619/2355
f 2526/2797/2526 2525/2796/2525 2351/2615/2351 2353/2617/2353
f 2347/2611/2347 2351/2615/2351 2525/2796/2525 2556/2827/2556
f 2102/2353/2102 2103/2354/2103 2557/2828/2557 2106/2357/2106
f 2100/2351/2100 2099/2350/2099 2105/2356/2105 2558/2829/2558
f 2085/2336/2085 2088/2339/2088 2093/2344/2093 2559/2830/2559
f 2560/2831/2560 2111/2362/2111 1969/2207/1969 1971/2209/1971
f 1908/2135/1908 2561/2832/2561 2107/2358/2107 1906/2133/1906
f 2016/2255/2016 2019/2258/2019 2117/2368/2117 2562/2833/2562
f 1962/2200/1962 1965/2203/1965 2113/2364/2113 2563/2834/2563
f 1899/2126/1899 2110/2361/2110 2564/2835/2564 1930/2159/1930
f 2105/2356/2105 2111/2362/2111 2560/2831/2560 2558/2829/2558
f 2104/2355/2104 2112/2363/2112 2111/2362/2111 2105/2356/2105
f 2106/2357/2106 2113/2364/2113 2112/2363/2112 2104/2355/2104
f 2557/2828/2557 2563/2834/2563 2113/2364/2113 2106/2357/2106
f 2565/2836/2565 2114/2365/2114 2025/2264/2025 1984/2223/1984
f 1962/2200/1962 2563/2834/2563 2565/2836/2565 1984/2223/1984
f 2114/2365/2114 2565/2836/2565 2563/2834/2563 2557/2828/2557
f 2103/2354/2103 2115/2366/2115 2114/2365/2114 2557/2828/2557
f 2098/2349/2098 2116/2367/2116 2115/2366/2115 2103/2354/2103
f 2092/2343/2092 2117/2368/2117 2116/2367/2116 2098/2349/2098
f 2091/2342/2091 2562/2833/2562 2117/2368/2117 2092/2343/2092
f 2566/2837/2566 2118/2369/2118 2079/2329/2079 2038/2278/2038
f 1910/2137/1910 2071/2321/2071 2122/2373/2122 2567/2838/2567
f 2093/2344/2093 2107/2358/2107 2561/2832/2561 2559/2830/2559
f 2107/2358/2107 2093/2344/2093 2095/2346/2095 2108/2359/2108
f 2108/2359/2108 2095/2346/2095 2100/2351/2100 2109/2360/2109
f 2109/2360/2109 2100/2351/2100 2558/2829/2558 2110/2361/2110
f 2560/2831/2560 2564/2835/2564 2110/2361/2110 2558/2829/2558
f 2564/2835/2564 2560/2831/2560 1971/2209/1971 1930/2159/1930
f 2016/2255/2016 2562/2833/2562 2566/2837/2566 2038/2278/2038
f 2118/2369/2118 2566/2837/2566 2562/2833/2562 2091/2342/2091
f 2119/2370/2119 2118/2369/2118 2091/2342/2091 2089/2340/2089
f 2120/2371/2120 2119/2370/2119 2089/2340/2089 2086/2337/2086
f 2121/2372/2121 2120/2371/2120 2086/2337/2086 2085/2336/2085
f 2121/2372/2121 2085/2336/2085 2559/2830/2559 2122/2373/2122
f 2561/2832/2561 2567/2838/2567 2122/2373/2122 2559/2830/2559
f 1908/2135/1908 1910/2137/1910 2567/2838/2567 2561/2832/2561
f 2525/2796/2525 2528/2799/2528 2568/2839/2568 2556/2827/2556
f 2415/2679/2415 2348/2612/2348 2569/2840/2569 2570/2841/2570
f 2532/2803/2532 2531/2802/2531 2357/2621/2357 2359/2623/2359
f 2531/2802/2531 2529/2800/2529 2355/2619/2355 2357/2621/2357
f 2529/2800/2529 2531/2802/2531 2534/2805/2534 2530/2801/2530
f 2541/2812/2541 2543/2814/2543 2546/2817/2546 2542/2813/2542
f 2542/2813/2542 2546/2817/2546 2552/2823/2552 2550/2821/2550
f 2571/2842/2571 2551/2822/2551 2524/2795/2524 2572/2843/2572
f 2552/2823/2552 2551/2822/2551 2571/2842/2571 2472/2736/2472
f 2550/2821/2550 2552/2823/2552 2472/2736/2472 2471/2735/2471
f 2549/2820/2549 2550/2821/2550 2471/2735/2471 2473/2737/2473
f 2547/2818/2547 2549/2820/2549 2473/2737/2473 2474/2738/2474
f 2548/2819/2548 2547/2818/2547 2474/2738/2474 2475/2739/2475
f 2405/2669/2405 2408/2672/2408 2555/2826/2555 2406/2670/2406
f 2415/2679/2415 2570/2841/2570 2553/2824/2553 2411/2675/2411
f 2528/2799/2528 2536/2807/2536 2535/2806/2535 2568/2839/2568
f 2527/2798/2527 2539/2810/2539 2536/2807/2536 2528/2799/2528
f 2530/2801/2530 2541/2812/2541 2539/2810/2539 2527/2798/2527
f 2534/2805/2534 2543/2814/2543 2541/2812/2541 2530/2801/2530
f 2533/2804/2533 2544/2815/2544 2543/2814/2543 2534/2805/2534
f 2518/2789/2518 2520/2791/2520 2544/2815/2544 2533/2804/2533
f 2348/2612/2348 2347/2611/2347 2556/2827/2556 2569/2840/2569
f 2568/2839/2568 2570/2841/2570 2569/2840/2569 2556/2827/2556
f 2535/2806/2535 2553/2824/2553 2570/2841/2570 2568/2839/2568
f 2553/2824/2553 2535/2806/2535 2538/2809/2538 2554/2825/2554
f 2554/2825/2554 2538/2809/2538 2548/2819/2548 2555/2826/2555
f 2555/2826/2555 2548/2819/2548 2475/2739/2475 2406/2670/2406
f 2573/2844/2573 2574/2845/2574 2452/2716/2452 2453/2717/2453
f 2575/2846/2575 2576/2847/2576 2574/2845/2574 2573/2844/2573
f 2577/2848/2577 2578/2849/2578 2576/2847/2576 2575/2846/2575
f 2579/2850/2579 2459/2723/2459 2578/2849/2578 2577/2848/2577
f 2580/2851/2580 2424/2688/2424 2472/2736/2472 2571/2842/2571
f 2425/2689/2425 2424/2688/2424 2580/2851/2580 2469/2733/2469
f 2435/2699/2435 2434/2698/2434 2468/2732/2468 2467/2731/2467
f 2440/2704/2440 2435/2699/2435 2467/2731/2467 2581/2852/2581
f 2582/2853/2582 2572/2843/2572 2583/2854/2583 2584/2855/2584
f 2467/2731/2467 2470/2734/2470 2585/2856/2585 2581/2852/2581
f 2387/2651/2387 2386/2650/2386 2373/2637/2373 2367/2631/2367
f 2586/2857/2586 2587/2858/2587 2383/2647/2383 2378/2642/2378
f 2395/2659/2395 2398/2662/2398 2587/2858/2587 2586/2857/2586
f 2383/2647/2383 2588/2859/2588 2589/2860/2589 2384/2648/2384
f 2587/2858/2587 2590/2861/2590 2588/2859/2588 2383/2647/2383
f 2587/2858/2587 2398/2662/2398 2591/2862/2591 2590/2861/2590
f 2387/2651/2387 2592/2863/2592 2402/2666/2402 2388/2652/2388
f 2413/2677/2413 2412/2676/2412 2408/2672/2408 2407/2671/2407
f 2369/2633/2369 2368/2632/2368 2365/2864/2365 2364/2865/2364
f 2365/2864/2365 2368/2632/2368 2374/2638/2374 2372/2866/2372
f 2372/2866/2372 2374/2638/2374 2379/2643/2379 2377/2867/2377
f 2379/2643/2379 2384/2648/2384 2382/2868/2382 2377/2867/2377
f 2384/2648/2384 2589/2860/2589 2391/2869/2391 2382/2868/2382
f 2478/2742/2478 2593/2870/2593 2594/2871/2594 2479/2743/2479
f 2595/2872/2595 2596/2873/2596 2460/2724/2460 2597/2874/2597
f 2598/2875/2598 2461/2725/2461 2460/2724/2460 2596/2873/2596
f 2459/2723/2459 2579/2850/2579 2597/2874/2597 2460/2724/2460
f 2487/2753/2487 2599/2876/2599 2593/2870/2593 2478/2742/2478
f 2593/2870/2593 2596/2873/2596 2595/2872/2595 2594/2871/2594
f 2598/2875/2598 2596/2873/2596 2593/2870/2593 2599/2876/2599
f 2599/2876/2599 2495/2763/2495 2466/2730/2466 2598/2875/2598
f 2496/2764/2496 2495/2763/2495 2599/2876/2599 2487/2753/2487
f 2498/2766/2498 2463/2727/2463 2466/2730/2466 2495/2763/2495
f 2466/2730/2466 2465/2729/2465 2461/2725/2461 2598/2875/2598
f 2462/2726/2462 2461/2725/2461 2465/2729/2465 2600/2877/2600
f 2583/2854/2583 2572/2843/2572 2524/2795/2524 2523/2794/2523
f 2492/2759/2492 2496/2764/2496 2487/2753/2487 2486/2752/2486
f 2496/2764/2496 2492/2759/2492 2500/2768/2500 2497/2765/2497
f 2497/2765/2497 2500/2768/2500 2506/2775/2506 2503/2772/2503
f 2515/2786/2515 2463/2727/2463 2498/2766/2498 2504/2773/2504
f 2515/2786/2515 2504/2773/2504 2510/2780/2510 2516/2787/2516
f 2217/2474/2217 2260/2524/2260 2258/2522/2258
f 2503/2772/2503 2506/2775/2506 2512/2782/2512 2509/2779/2509
f 2218/2475/2218 2221/2478/2221 2219/2476/2219
f 2578/2849/2578 2459/2723/2459 2462/2726/2462 2601/2878/2601
f 2576/2847/2576 2578/2849/2578 2601/2878/2601 2602/2879/2602
f 2574/2845/2574 2576/2847/2576 2602/2879/2602 2603/2880/2603
f 2452/2716/2452 2574/2845/2574 2603/2880/2603 2454/2718/2454
f 2601/2878/2601 2462/2726/2462 2600/2877/2600 2604/2881/2604
f 2602/2879/2602 2601/2878/2601 2604/2881/2604 2605/2882/2605
f 2603/2880/2603 2602/2879/2602 2605/2882/2605 2606/2883/2606
f 2454/2718/2454 2603/2880/2603 2606/2883/2606 2455/2719/2455
f 2607/2884/2607 2600/2877/2600 2465/2729/2465 2464/2728/2464
f 2600/2877/2600 2607/2884/2607 2608/2885/2608 2604/2881/2604
f 2604/2881/2604 2608/2885/2608 2609/2886/2609 2605/2882/2605
f 2605/2882/2605 2609/2886/2609 2610/2887/2610 2606/2883/2606
f 2606/2883/2606 2610/2887/2610 2456/2720/2456 2455/2719/2455
f 2449/2713/2449 2607/2884/2607 2464/2728/2464 2458/2722/2458
f 2607/2884/2607 2449/2713/2449 2447/2711/2447 2608/2885/2608
f 2608/2885/2608 2447/2711/2447 2445/2709/2445 2609/2886/2609
f 2609/2886/2609 2445/2709/2445 2441/2705/2441 2610/2887/2610
f 2610/2887/2610 2441/2705/2441 2444/2708/2444 2456/2720/2456
f 2395/2659/2395 2586/2857/2586 2386/2650/2386 2385/2649/2385
f 2386/2650/2386 2586/2857/2586 2378/2642/2378 2373/2637/2373
f 2395/2659/2395 2385/2649/2385 2400/2664/2400 2396/2660/2396
f 2454/2718/2454 2455/2719/2455 2396/2660/2396 2400/2664/2400
f 2611/2888/2611 2591/2862/2591 2398/2662/2398 2397/2661/2397
f 2456/2720/2456 2444/2708/2444 2611/2888/2611 2397/2661/2397
f 2589/2860/2589 2588/2859/2588 2612/2889/2612 2613/2890/2613
f 2591/2862/2591 2614/2891/2614 2615/2892/2615 2590/2861/2590
f 2616/2893/2616 2614/2891/2614 2591/2862/2591 2611/2888/2611
f 2444/2708/2444 2443/2707/2443 2616/2893/2616 2611/2888/2611
f 2391/2869/2391 2589/2860/2589 2613/2890/2613 2394/2894/2394
f 2615/2892/2615 2612/2889/2612 2588/2859/2588 2590/2861/2590
f 2131/2384/2131 2129/2381/2129 2170/2427/2170 2168/2425/2168
f 2129/2381/2129 2131/2384/2131 2133/2386/2133 2130/2382/2130
f 2592/2863/2592 2387/2651/2387 2367/2631/2367 2366/2630/2366
f 2617/2895/2617 2618/2896/2618 2451/2715/2451 2619/2897/2619
f 2404/2668/2404 2620/2898/2620 2409/2673/2409 2405/2669/2405
f 2618/2896/2618 2621/2899/2621 2620/2898/2620 2404/2668/2404
f 2621/2899/2621 2618/2896/2618 2617/2895/2617 2622/2900/2622
f 2429/2693/2429 2437/2701/2437 2622/2900/2622 2617/2895/2617
f 2426/2690/2426 2429/2693/2429 2617/2895/2617 2619/2897/2619
f 2618/2896/2618 2404/2668/2404 2403/2667/2403 2451/2715/2451
f 2580/2851/2580 2571/2842/2571 2572/2843/2572 2582/2853/2582
f 2582/2853/2582 2470/2734/2470 2469/2733/2469 2580/2851/2580
f 2582/2853/2582 2584/2855/2584 2585/2856/2585 2470/2734/2470
f 2419/2683/2419 2426/2690/2426 2619/2897/2619 2451/2715/2451
f 2418/2682/2418 2427/2691/2427 2426/2690/2426 2419/2683/2419
f 2421/2685/2421 2430/2694/2430 2427/2691/2427 2418/2682/2418
f 2423/2687/2423 2432/2696/2432 2430/2694/2430 2421/2685/2421
f 2425/2689/2425 2434/2698/2434 2432/2696/2432 2423/2687/2423
f 2434/2698/2434 2425/2689/2425 2469/2733/2469 2468/2732/2468
f 2260/2524/2260 2212/2469/2212 2457/2721/2457 2516/2787/2516
f 2211/2468/2211 2450/2714/2450 2457/2721/2457 2212/2469/2212
f 2213/2470/2213 2448/2712/2448 2450/2714/2450 2211/2468/2211
f 2214/2471/2214 2446/2710/2446 2448/2712/2448 2213/2470/2213
f 2215/2472/2215 2442/2706/2442 2446/2710/2446 2214/2471/2214
f 2216/2473/2216 2443/2707/2443 2442/2706/2442 2215/2472/2215
f 2167/2424/2167 2616/2893/2616 2443/2707/2443 2216/2473/2216
f 2166/2423/2166 2614/2891/2614 2616/2893/2616 2167/2424/2167
f 2168/2425/2168 2615/2892/2615 2614/2891/2614 2166/2423/2166
f 2170/2427/2170 2612/2889/2612 2615/2892/2615 2168/2425/2168
f 2171/2428/2171 2392/2656/2392 2394/2658/2394 2172/2429/2172
f 2173/2430/2173 2393/2657/2393 2392/2656/2392 2171/2428/2171
f 2174/2431/2174 2339/2603/2339 2393/2657/2393 2173/2430/2173
f 2255/2518/2255 2514/2785/2514 2297/2561/2297 2296/2560/2296
f 2253/2516/2253 2226/2485/2226 2255/2518/2255 2296/2560/2296
f 2254/2517/2254 2513/2783/2513 2514/2785/2514 2255/2518/2255
f 2256/2519/2256 2511/2784/2511 2513/2783/2513 2254/2517/2254
f 2257/2520/2257 2512/2782/2512 2511/2781/2511 2256/2521/2256
f 2258/2522/2258 2510/2780/2510 2509/2779/2509 2259/2523/2259
f 2291/2555/2291 2332/2596/2332 2339/2603/2339 2174/2431/2174
f 2292/2556/2292 2331/2595/2331 2332/2596/2332 2291/2555/2291
f 2293/2557/2293 2330/2594/2330 2331/2595/2331 2292/2556/2292
f 2294/2558/2294 2329/2593/2329 2330/2594/2330 2293/2557/2293
f 2295/2559/2295 2298/2562/2298 2329/2593/2329 2294/2558/2294
f 2261/2525/2261 2253/2516/2253 2296/2560/2296 2295/2559/2295
f 2221/2478/2221 2218/2475/2218 2259/2523/2259 2257/2520/2257
f 2259/2523/2259 2509/2779/2509 2512/2782/2512 2257/2520/2257
f 2129/2381/2129 2127/2380/2127 2172/2901/2172 2169/2426/2169
f 2172/2901/2172 2394/2894/2394 2613/2890/2613 2169/2426/2169
f 2260/2524/2260 2516/2787/2516 2510/2780/2510 2258/2522/2258
f 2169/2426/2169 2613/2890/2613 2612/2889/2612 2170/2427/2170
f 2302/2566/2302 2334/2598/2334 2358/2622/2358 2356/2620/2356
f 2356/2620/2356 2354/2618/2354 2299/2563/2299 2302/2566/2302
f 2354/2618/2354 2352/2616/2352 2303/2567/2303 2299/2563/2299
f 2352/2616/2352 2350/2614/2350 2305/2569/2305 2303/2567/2303
f 2350/2614/2350 2346/2610/2346 2307/2571/2307 2305/2569/2305
f 2346/2610/2346 2349/2613/2349 2345/2609/2345 2307/2571/2307
f 2334/2598/2334 2484/2750/2484 2517/2902/2517 2358/2622/2358
f 2349/2613/2349 2414/2678/2414 2363/2627/2363 2345/2609/2345
f 2414/2678/2414 2410/2903/2410 2360/2624/2360 2363/2627/2363
f 2410/2903/2410 2413/2904/2413 2364/2628/2364 2360/2624/2360
f 2413/2905/2413 2407/2906/2407 2369/2633/2369 2364/2865/2364
f 2409/2907/2409 2620/2908/2620 2592/2863/2592 2366/2630/2366
f 2366/2630/2366 2369/2633/2369 2407/2906/2407 2409/2907/2409
f 2480/2744/2480 2476/2740/2476 2523/2909/2523 2521/2910/2521
f 2521/2911/2521 2519/2912/2519 2482/2746/2482 2480/2749/2480
f 2476/2740/2476 2479/2743/2479 2583/2913/2583 2523/2909/2523
f 2519/2912/2519 2517/2902/2517 2484/2750/2484 2482/2746/2482
f 2453/2717/2453 2401/2665/2401 2622/2914/2622 2437/2915/2437
f 2437/2915/2437 2436/2916/2436 2573/2844/2573 2453/2717/2453
f 2436/2916/2436 2438/2917/2438 2575/2846/2575 2573/2844/2573
f 2438/2917/2438 2439/2918/2439 2577/2848/2577 2575/2846/2575
f 2439/2918/2439 2440/2919/2440 2579/2850/2579 2577/2848/2577
f 2440/2919/2440 2581/2920/2581 2597/2874/2597 2579/2850/2579
f 2581/2920/2581 2585/2921/2585 2595/2872/2595 2597/2874/2597
f 2401/2665/2401 2402/2666/2402 2621/2922/2621 2622/2914/2622
f 2620/2908/2620 2621/2922/2621 2402/2666/2402 2592/2863/2592
f 2479/2743/2479 2594/2871/2594 2584/2923/2584 2583/2913/2583
f 2594/2871/2594 2595/2872/2595 2585/2921/2585 2584/2923/2584
f 1900/2127/1900 1931/2160/1931 1929/2157/1929 1869/2091/1869
f 1869/2091/1869 1872/2094/1872 1901/2128/1901 1900/2127/1900
f 1872/2094/1872 1882/2106/1882 1903/2130/1903 1901/2128/1901
f 1882/2106/1882 1888/2113/1888 1905/2132/1905 1903/2130/1903
f 1888/2113/1888 1894/2120/1894 1907/2134/1907 1905/2132/1905
f 1894/2120/1894 1912/2139/1912 1909/2136/1909 1907/2134/1907
f 1912/2139/1912 2066/2313/2066 2070/2320/2070 1909/2136/1909
f 1931/2160/1931 1970/2208/1970 1957/2194/1957 1929/2157/1929
f 1963/2201/1963 1985/2224/1985 1983/2222/1983 1932/2161/1932
f 1932/2161/1932 1935/2164/1935 1964/2202/1964 1963/2201/1963
f 1935/2164/1935 1945/2175/1945 1966/2204/1966 1964/2202/1964
f 1945/2175/1945 1951/2182/1951 1968/2206/1968 1966/2204/1966
f 1951/2182/1951 1957/2194/1957 1970/2208/1970 1968/2206/1968
f 1985/2224/1985 2024/2263/2024 2011/2250/2011 1983/2222/1983
f 2017/2256/2017 2039/2279/2039 2037/2276/2037 1986/2225/1986
f 1986/2225/1986 1989/2228/1989 2018/2257/2018 2017/2256/2017
f 1989/2228/1989 1999/2238/1999 2020/2259/2020 2018/2257/2018
f 1999/2238/1999 2005/2244/2005 2022/2261/2022 2020/2259/2020
f 2005/2244/2005 2011/2250/2011 2024/2263/2024 2022/2261/2022
f 2039/2279/2039 2078/2328/2078 2069/2319/2069 2037/2276/2037
f 2066/2313/2066 2065/2312/2065 2072/2322/2072 2070/2320/2070
f 2065/2312/2065 2067/2315/2067 2074/2324/2074 2072/2322/2072
f 2067/2315/2067 2068/2317/2068 2076/2326/2076 2074/2324/2074
f 2068/2317/2068 2069/2319/2069 2078/2328/2078 2076/2326/2076
g default
v 13.966782 1.010019 7.035720
v 13.954858 1.064687 7.067325
v 14.037550 1.055315 7.102992
v 14.047664 0.975885 7.076420
v 14.026770 0.897966 7.034724
v 13.942411 0.946142 7.009352
v 13.971689 0.850282 7.004978
v 13.897125 0.899683 6.990138
v 13.876509 1.091066 7.057550
v 13.885478 1.118349 7.100680
v 13.937424 1.091848 7.092865
v 13.838245 0.997976 6.989158
v 13.862982 1.049024 7.019103
v 13.808254 0.948061 6.964429
v 13.813484 1.143140 7.115587
v 13.791743 1.121442 7.065800
v 13.717690 1.137766 7.082719
v 13.736113 1.163641 7.127912
v 13.769695 1.084024 7.024715
v 13.744595 1.036359 6.988884
v 13.666059 1.054170 7.017789
v 13.691523 1.102899 7.044175
v 13.720308 0.978265 6.971017
v 13.642562 0.998518 6.999651
v 13.699473 0.914819 6.964787
v 13.685168 0.845972 6.974880
v 13.600471 0.868532 7.012542
v 13.620721 0.936136 6.998624
v 13.649661 1.147268 7.107622
v 13.667513 1.168893 7.144378
v 13.600324 1.059595 7.063206
v 13.624804 1.107568 7.083393
v 13.577004 1.009298 7.042343
v 14.000050 1.105039 7.121104
v 13.838135 1.168130 7.162139
v 13.749691 1.187959 7.177905
v 13.561708 1.114671 7.123493
v 13.533222 1.066030 7.101721
v 13.461110 1.069418 7.145404
v 13.496936 1.127348 7.167629
v 13.520359 1.012823 7.085273
v 13.455509 1.001119 7.119820
v 13.782131 0.704164 7.057587
v 13.777298 0.750974 6.976192
v 13.915522 0.769167 6.986474
v 13.927572 0.725340 7.059698
v 13.929602 0.699804 7.115295
v 13.785619 0.674940 7.115645
v 13.920622 0.690824 7.176993
v 13.785271 0.660856 7.177370
v 13.910387 0.677442 7.235528
v 13.783062 0.643400 7.236503
v 13.895298 0.667539 7.294149
v 13.778577 0.627225 7.295918
v 13.876341 0.661722 7.351902
v 13.772318 0.614549 7.355850
v 13.852919 0.647760 7.439467
v 13.760126 0.598756 7.446079
v 13.838256 0.626123 7.527222
v 13.752039 0.583097 7.537116
v 13.827999 0.612539 7.585939
v 13.746939 0.580316 7.598289
v 13.811467 0.604837 7.647808
v 13.744228 0.583620 7.661001
v 13.670607 0.722684 7.073976
v 13.670881 0.771555 7.002622
v 13.675220 0.694196 7.130776
v 13.681931 0.678075 7.190897
v 13.683090 0.654096 7.248193
v 13.682741 0.634618 7.307389
v 13.681387 0.616972 7.367049
v 13.676403 0.599100 7.458582
v 13.676372 0.583379 7.550821
v 13.679044 0.582956 7.613149
v 13.685787 0.589887 7.675242
v 13.570749 0.749136 7.112043
v 13.571054 0.795496 7.041192
v 13.570223 0.713865 7.164370
v 13.579582 0.696478 7.223063
v 13.586430 0.678648 7.280726
v 13.592762 0.663057 7.337782
v 13.597119 0.648832 7.395609
v 13.598923 0.628824 7.482924
v 13.606783 0.612760 7.570724
v 13.615742 0.606874 7.629797
v 13.630928 0.612318 7.687885
v 13.480389 0.791555 7.163050
v 13.490902 0.838297 7.094916
v 13.478537 0.761530 7.212619
v 13.492621 0.745199 7.268269
v 13.510138 0.735342 7.322359
v 13.529583 0.726755 7.374269
v 13.539166 0.711919 7.426929
v 13.545369 0.688802 7.507219
v 13.557928 0.668703 7.585739
v 13.566685 0.655897 7.641525
v 13.589090 0.653844 7.693862
v 13.875937 0.829687 6.967567
v 13.911570 0.775896 6.982959
v 13.777355 0.758356 6.972905
v 13.779968 0.831113 6.962327
v 13.672311 0.778947 6.999365
v 13.573702 0.802766 7.037492
v 13.493944 0.844736 7.089823
v 13.527024 0.902013 7.056072
v 13.415213 0.861047 7.206539
v 13.421566 0.897112 7.133970
v 13.419781 0.840627 7.256529
v 13.436491 0.823511 7.307473
v 13.464331 0.813245 7.354852
v 13.497393 0.803621 7.397155
v 13.522200 0.789487 7.442762
v 13.533641 0.761552 7.520104
v 13.541572 0.733835 7.595084
v 13.552113 0.715864 7.649109
v 13.568106 0.702467 7.699316
v 13.613256 0.658025 7.741706
v 13.592169 0.695211 7.745438
v 13.651600 0.624193 7.737846
v 13.699526 0.605028 7.728932
v 13.749550 0.601953 7.718394
v 13.795207 0.614179 7.709672
v 14.096519 0.916067 7.166276
v 14.094077 0.951917 7.091432
v 14.077159 1.039102 7.122442
v 14.067189 1.008672 7.199216
v 14.052229 0.986261 7.250160
v 14.083569 0.898939 7.221324
v 14.023184 0.960737 7.298420
v 14.051323 0.881754 7.273822
v 13.993670 0.933073 7.341413
v 14.015814 0.863268 7.319331
v 13.961451 0.904985 7.382578
v 13.978621 0.843832 7.362694
v 13.934428 0.879762 7.428534
v 13.944293 0.825239 7.408289
v 13.907206 0.846323 7.506292
v 13.911284 0.795995 7.488610
v 13.899891 0.816587 7.589078
v 13.901283 0.766885 7.573468
v 13.898487 0.797552 7.644511
v 13.899524 0.747488 7.630221
v 13.890249 0.776376 7.699527
v 13.888325 0.728300 7.686542
v 14.100166 0.829507 7.115355
v 14.081959 0.868772 7.045789
v 14.098570 0.808202 7.173109
v 14.058339 0.799360 7.232187
v 14.017809 0.794538 7.279645
v 13.978317 0.783910 7.328018
v 13.941833 0.771967 7.378009
v 13.906036 0.748243 7.463222
v 13.894310 0.719068 7.552707
v 13.890229 0.699312 7.612470
v 13.875946 0.683359 7.672209
v 14.035231 0.760877 7.075185
v 14.016539 0.806242 7.005684
v 14.030714 0.740396 7.131361
v 14.006060 0.737604 7.194431
v 13.981749 0.731367 7.251292
v 13.951872 0.723840 7.306706
v 13.920399 0.717504 7.360782
v 13.889202 0.698907 7.448360
v 13.876794 0.672060 7.537905
v 13.868540 0.653825 7.597686
v 13.850796 0.641389 7.658750
v 14.071281 1.042406 7.117449
v 14.088595 0.956117 7.086947
v 14.075800 0.872903 7.042643
v 14.011360 0.812189 7.003480
v 13.829824 0.641580 7.715963
v 13.853318 0.676740 7.725101
v 13.869687 0.717290 7.736106
v 13.873678 0.757715 7.746476
v 13.878381 0.821027 7.715837
v 13.867753 0.795766 7.761683
v 13.881117 0.842638 7.660536
v 13.884388 0.862596 7.605354
v 13.889509 0.890894 7.522163
v 13.902989 0.924326 7.441411
v 13.922106 0.954458 7.393645
v 13.948103 0.989709 7.353848
v 13.974105 1.025762 7.315428
v 14.001766 1.062265 7.273723
v 14.016053 1.089738 7.224590
v 14.029030 1.118387 7.151598
v 14.025784 1.118547 7.144038
v 13.757863 1.183431 7.292484
v 13.758205 1.223089 7.223029
v 13.658464 1.230230 7.233343
v 13.663185 1.185701 7.300827
v 13.669306 1.144937 7.338641
v 13.757692 1.145269 7.334831
v 13.678180 1.102136 7.377514
v 13.757191 1.099935 7.373287
v 13.686451 1.063039 7.417605
v 13.757260 1.058569 7.413058
v 13.694978 1.024946 7.458864
v 13.757931 1.019212 7.454893
v 13.702328 0.988695 7.502007
v 13.759222 0.985017 7.501337
v 13.709443 0.939523 7.570716
v 13.760038 0.941309 7.575790
v 13.709904 0.909849 7.648693
v 13.758396 0.914198 7.656978
v 13.706794 0.903772 7.705775
v 13.756752 0.907529 7.714033
v 13.704926 0.888525 7.759645
v 13.754255 0.885248 7.765393
v 13.848933 1.155103 7.285188
v 13.854147 1.191999 7.212169
v 13.840749 1.118158 7.326162
v 13.831957 1.076952 7.366691
v 13.825830 1.040445 7.409729
v 13.818970 1.003389 7.452128
v 13.814005 0.971033 7.498656
v 13.809986 0.934549 7.575732
v 13.806602 0.907529 7.656349
v 13.807428 0.895918 7.712272
v 13.806173 0.874036 7.763599
v 13.935192 1.127760 7.259607
v 13.943858 1.163129 7.186742
v 13.923964 1.095102 7.304753
v 13.904378 1.054731 7.344287
v 13.889380 1.018911 7.386380
v 13.872812 0.981119 7.427249
v 13.862135 0.950994 7.475770
v 13.855860 0.918176 7.555814
v 13.849718 0.887811 7.636636
v 13.850164 0.872560 7.692514
v 13.849596 0.851537 7.745604
v 13.661849 1.192754 7.188696
v 13.658702 1.230070 7.225043
v 13.757681 1.222868 7.214661
v 13.852894 1.191908 7.203819
v 13.941996 1.163049 7.178505
v 13.923311 1.140318 7.144185
v 13.840397 0.824525 7.784113
v 13.797318 0.843599 7.796203
v 13.752007 0.854581 7.797616
v 13.708745 0.860567 7.794175
v 13.666332 0.879301 7.747510
v 13.673285 0.854089 7.784256
v 13.670198 0.892412 7.693217
v 13.676517 0.901590 7.637460
v 13.674675 0.934049 7.561776
v 13.660639 0.984315 7.496341
v 13.649088 1.017442 7.453105
v 13.633677 1.057905 7.417561
v 13.618313 1.096811 7.380706
v 13.602124 1.140096 7.346220
v 13.591028 1.182405 7.303566
v 13.581059 1.222860 7.236575
v 13.381255 0.947317 7.231603
v 13.391449 0.979772 7.153981
v 13.389246 0.924486 7.281317
v 13.420196 0.901884 7.330712
v 13.456182 0.883390 7.370883
v 13.496981 0.864526 7.406101
v 13.530939 0.843954 7.446875
v 13.546230 0.810724 7.528007
v 13.549511 0.783208 7.607361
v 13.559822 0.762064 7.661939
v 13.570887 0.744596 7.715147
v 13.389769 1.041349 7.260538
v 13.399269 1.071024 7.181415
v 13.392875 1.017744 7.313740
v 13.425623 0.981721 7.362154
v 13.470144 0.952360 7.387089
v 13.518677 0.920908 7.414309
v 13.547792 0.897173 7.457187
v 13.565259 0.858236 7.535875
v 13.571331 0.825811 7.618142
v 13.578815 0.803609 7.672425
v 13.586792 0.785699 7.726636
v 13.438621 1.121702 7.286459
v 13.441165 1.150945 7.200182
v 13.450381 1.090955 7.335136
v 13.486755 1.049066 7.366606
v 13.517885 1.006094 7.389709
v 13.558270 0.968431 7.420424
v 13.579947 0.941541 7.468336
v 13.594452 0.899000 7.545159
v 13.604645 0.861349 7.624407
v 13.606533 0.841821 7.680195
v 13.610289 0.822023 7.734523
v 13.523220 1.170885 7.307350
v 13.515200 1.207792 7.231647
v 13.533411 1.135423 7.344061
v 13.559443 1.084493 7.368811
v 13.582978 1.041071 7.397758
v 13.607328 1.003690 7.436291
v 13.622223 0.972620 7.483478
v 13.637640 0.924203 7.553720
v 13.643481 0.887437 7.631269
v 13.639086 0.874258 7.687824
v 13.636845 0.856588 7.743455
v 13.396835 0.982698 7.148316
v 13.404486 1.072198 7.174973
v 13.445576 1.150884 7.193172
v 13.517365 1.207307 7.223698
v 13.546931 1.173627 7.182594
v 13.645409 0.834470 7.780234
v 13.621552 0.805158 7.774681
v 13.602026 0.770933 7.768227
v 13.589886 0.732984 7.757915
v 13.672752 0.644674 7.776537
v 13.636218 0.670351 7.777024
v 13.716417 0.628732 7.767268
v 13.804275 0.649126 7.754678
v 13.786116 0.627367 7.742641
v 13.733158 0.659502 7.798323
v 13.691575 0.673063 7.808590
v 13.823904 0.679350 7.766760
v 13.626917 0.753656 7.803916
v 13.665846 0.730894 7.825082
v 13.681490 0.767648 7.832152
v 13.643847 0.788694 7.809553
v 13.708737 0.707246 7.832413
v 13.749645 0.692552 7.819257
v 13.764175 0.727419 7.829349
v 13.724084 0.745771 7.840500
v 13.786592 0.684743 7.798999
v 13.802414 0.715433 7.809566
v 13.840614 0.712541 7.777349
v 13.777632 0.767057 7.830741
v 13.736755 0.784704 7.836782
v 13.662786 0.816820 7.809559
v 13.746522 0.821439 7.818207
v 13.788136 0.808080 7.816671
v 13.826399 0.792318 7.805056
v 13.851456 0.778017 7.786178
v 13.597752 1.192854 7.190302
v 13.582333 1.222658 7.228361
v 13.479718 0.943750 7.092970
v 13.425984 0.901682 7.128388
v 13.780602 0.896028 6.956455
v 13.844080 0.881189 6.966084
v 13.558712 0.956327 7.039549
v 13.620109 1.169820 7.158781
v 13.594804 1.151216 7.144106
v 13.521158 0.971414 7.076775
v 13.696632 0.801069 7.828476
v 13.755840 0.624715 7.754407
v 13.772039 0.653001 7.783031
v 13.815084 0.753275 7.810433
v 13.616358 0.719122 7.789959
v 13.611891 0.693513 7.773772
v 13.651723 0.696767 7.804874
v 13.849029 0.748243 7.782736
v 13.679950 0.836748 7.806304
v 13.708642 0.831697 7.815368
vt 0.200428 0.982371
vt 0.200402 0.980063
vt 0.196908 0.980146
vt 0.197024 0.983519
vt 0.198502 0.986756
vt 0.201665 0.984719
vt 0.201003 0.988477
vt 0.203539 0.986233
vt 0.203207 0.978993
vt 0.202514 0.977430
vt 0.200723 0.978650
vt 0.205205 0.982526
vt 0.204036 0.980747
vt 0.206527 0.984123
vt 0.204828 0.975913
vt 0.205926 0.977439
vt 0.208242 0.976096
vt 0.207338 0.974516
vt 0.206956 0.979033
vt 0.208073 0.980724
vt 0.210462 0.979205
vt 0.209342 0.977614
vt 0.209183 0.982451
vt 0.211580 0.980889
vt 0.210294 0.984310
vt 0.211460 0.986459
vt 0.214382 0.984591
vt 0.212852 0.982639
vt 0.210462 0.974728
vt 0.209639 0.973306
vt 0.212811 0.977701
vt 0.211622 0.976132
vt 0.213888 0.979403
vt 0.198008 0.978091
vt 0.203659 0.974436
vt 0.206516 0.972799
vt 0.213956 0.974534
vt 0.215309 0.976243
vt 0.218244 0.974689
vt 0.216514 0.972647
vt 0.216169 0.978106
vt 0.218908 0.977349
vt 0.175294 0.977627
vt 0.174330 0.981175
vt 0.179624 0.981615
vt 0.180364 0.978436
vt 0.180774 0.976279
vt 0.175939 0.975290
vt 0.181055 0.974050
vt 0.176434 0.973021
vt 0.181249 0.971843
vt 0.176847 0.970768
vt 0.181336 0.969570
vt 0.177162 0.968486
vt 0.181327 0.967227
vt 0.177373 0.966185
vt 0.181199 0.963587
vt 0.177466 0.962690
vt 0.180874 0.959983
vt 0.177461 0.959191
vt 0.180536 0.957647
vt 0.177357 0.956864
vt 0.179995 0.955169
vt 0.177168 0.954380
vt 0.171410 0.976689
vt 0.170383 0.979829
vt 0.172205 0.974444
vt 0.172936 0.972229
vt 0.173512 0.969990
vt 0.173976 0.967716
vt 0.174360 0.965428
vt 0.174691 0.961972
vt 0.174984 0.958519
vt 0.175061 0.956184
vt 0.175059 0.953684
vt 0.168028 0.975179
vt 0.166748 0.978097
vt 0.168871 0.973003
vt 0.169655 0.970868
vt 0.170324 0.968705
vt 0.170927 0.966539
vt 0.171461 0.964335
vt 0.172082 0.961035
vt 0.172651 0.957776
vt 0.172946 0.955567
vt 0.173122 0.953196
vt 0.164979 0.973517
vt 0.163839 0.976691
vt 0.165758 0.971507
vt 0.166544 0.969483
vt 0.167252 0.967456
vt 0.167977 0.965406
vt 0.168699 0.963333
vt 0.169633 0.960259
vt 0.170452 0.957318
vt 0.170933 0.955226
vt 0.171358 0.953044
vt 0.204820 0.988716
vt 0.203876 0.991048
vt 0.208371 0.990603
vt 0.208051 0.987923
vt 0.212948 0.988778
vt 0.216389 0.986484
vt 0.218926 0.983459
vt 0.216786 0.982212
vt 0.162029 0.972215
vt 0.160767 0.975276
vt 0.162765 0.970357
vt 0.163566 0.968515
vt 0.164360 0.966669
vt 0.165234 0.964797
vt 0.166148 0.962842
vt 0.167454 0.959861
vt 0.168534 0.957043
vt 0.169189 0.954970
vt 0.169764 0.952915
vt 0.171726 0.950659
vt 0.170319 0.950642
vt 0.173235 0.950723
vt 0.175076 0.951146
vt 0.176971 0.951771
vt 0.179537 0.952373
vt 0.190364 0.976943
vt 0.191131 0.979817
vt 0.194525 0.978527
vt 0.193585 0.975851
vt 0.193131 0.974018
vt 0.190156 0.975005
vt 0.192754 0.971992
vt 0.189949 0.972907
vt 0.192253 0.970005
vt 0.189630 0.970841
vt 0.191696 0.967864
vt 0.189210 0.968649
vt 0.191126 0.965547
vt 0.188764 0.966291
vt 0.190238 0.961880
vt 0.188040 0.962513
vt 0.189363 0.958279
vt 0.187311 0.958830
vt 0.188829 0.955979
vt 0.186845 0.956491
vt 0.188334 0.953682
vt 0.186382 0.954204
vt 0.187312 0.978046
vt 0.187552 0.980889
vt 0.187267 0.976218
vt 0.187153 0.974061
vt 0.187025 0.971977
vt 0.186747 0.969691
vt 0.186427 0.967252
vt 0.185888 0.963356
vt 0.185274 0.959513
vt 0.184847 0.957070
vt 0.184429 0.954682
vt 0.184081 0.978571
vt 0.183527 0.981618
vt 0.184223 0.976630
vt 0.184315 0.974414
vt 0.184339 0.972248
vt 0.184210 0.969929
vt 0.184034 0.967496
vt 0.183693 0.963657
vt 0.183216 0.959873
vt 0.182804 0.957454
vt 0.182277 0.955008
vt 0.195414 0.980384
vt 0.195482 0.984429
vt 0.196694 0.987946
vt 0.199728 0.990219
vt 0.181889 0.952597
vt 0.184301 0.952500
vt 0.186181 0.952141
vt 0.188181 0.951443
vt 0.190016 0.953026
vt 0.189427 0.950915
vt 0.190668 0.955284
vt 0.191318 0.957573
vt 0.192279 0.961130
vt 0.193345 0.964692
vt 0.194086 0.966952
vt 0.194791 0.969028
vt 0.195418 0.970953
vt 0.195938 0.972882
vt 0.196363 0.974629
vt 0.196616 0.977105
vt 0.196640 0.977344
vt 0.204654 0.968902
vt 0.205813 0.971022
vt 0.208928 0.968857
vt 0.207493 0.966989
vt 0.206421 0.965686
vt 0.203711 0.967412
vt 0.205184 0.964273
vt 0.202641 0.965797
vt 0.203939 0.962787
vt 0.201544 0.964126
vt 0.202623 0.961182
vt 0.200389 0.962338
vt 0.201298 0.959431
vt 0.199213 0.960401
vt 0.199472 0.956530
vt 0.197566 0.957265
vt 0.197920 0.953449
vt 0.196139 0.954014
vt 0.196967 0.951344
vt 0.195297 0.951905
vt 0.196126 0.949294
vt 0.194495 0.949927
vt 0.201657 0.970465
vt 0.202745 0.972800
vt 0.200874 0.968858
vt 0.199978 0.967109
vt 0.199030 0.965320
vt 0.198049 0.963400
vt 0.197053 0.961329
vt 0.195661 0.958058
vt 0.194426 0.954751
vt 0.193638 0.952650
vt 0.192857 0.950728
vt 0.199004 0.972478
vt 0.199921 0.974807
vt 0.198325 0.970821
vt 0.197630 0.968958
vt 0.196855 0.967083
vt 0.196000 0.965051
vt 0.195153 0.962850
vt 0.193934 0.959434
vt 0.192831 0.956010
vt 0.192122 0.953803
vt 0.191367 0.951735
vt 0.209501 0.971319
vt 0.209065 0.969068
vt 0.205909 0.971260
vt 0.202877 0.973034
vt 0.200047 0.975031
vt 0.200868 0.976200
vt 0.190666 0.949936
vt 0.192279 0.949162
vt 0.193744 0.948408
vt 0.195315 0.947477
vt 0.197492 0.949011
vt 0.196907 0.947199
vt 0.198320 0.951063
vt 0.199247 0.953164
vt 0.200843 0.956132
vt 0.202836 0.958799
vt 0.204274 0.960377
vt 0.205701 0.961823
vt 0.207082 0.963124
vt 0.208424 0.964367
vt 0.209610 0.965655
vt 0.211003 0.967108
vt 0.159327 0.971391
vt 0.158327 0.974236
vt 0.160151 0.969660
vt 0.161200 0.967769
vt 0.162222 0.966071
vt 0.163336 0.964352
vt 0.164486 0.962498
vt 0.166056 0.959491
vt 0.167197 0.956569
vt 0.167883 0.954423
vt 0.168517 0.952271
vt 0.156385 0.970310
vt 0.155491 0.973268
vt 0.157381 0.968311
vt 0.158930 0.966344
vt 0.160248 0.965013
vt 0.161737 0.963560
vt 0.163103 0.961884
vt 0.164773 0.959074
vt 0.166012 0.956086
vt 0.166592 0.953882
vt 0.167185 0.951718
vt 0.214342 0.963101
vt 0.216069 0.965304
vt 0.218692 0.963757
vt 0.217151 0.961197
vt 0.215446 0.959514
vt 0.213107 0.961797
vt 0.213330 0.958177
vt 0.211404 0.960636
vt 0.211392 0.957686
vt 0.209867 0.959530
vt 0.209213 0.957226
vt 0.207860 0.958537
vt 0.207366 0.956103
vt 0.206040 0.957274
vt 0.204984 0.953811
vt 0.203769 0.954766
vt 0.203230 0.950872
vt 0.201887 0.951821
vt 0.201947 0.948987
vt 0.200713 0.949788
vt 0.200665 0.947145
vt 0.199616 0.947791
vt 0.211550 0.964492
vt 0.213206 0.966032
vt 0.210584 0.963433
vt 0.209122 0.962215
vt 0.207671 0.960996
vt 0.205978 0.959733
vt 0.204353 0.958249
vt 0.202228 0.955620
vt 0.200455 0.952626
vt 0.199413 0.950525
vt 0.198493 0.948406
vt 0.221534 0.977006
vt 0.220577 0.973586
vt 0.218444 0.970948
vt 0.215200 0.969041
vt 0.214217 0.971280
vt 0.197876 0.946702
vt 0.198695 0.946258
vt 0.199681 0.945671
vt 0.167996 0.950094
vt 0.168991 0.950304
vt 0.190492 0.940850
vt 0.191977 0.940562
vt 0.192163 0.938930
vt 0.190159 0.939006
vt 0.188248 0.939724
vt 0.188992 0.941416
vt 0.185469 0.944201
vt 0.187137 0.943973
vt 0.186914 0.942883
vt 0.185688 0.942470
vt 0.189638 0.942875
vt 0.190920 0.942364
vt 0.187501 0.945274
vt 0.185784 0.945862
vt 0.194140 0.942626
vt 0.192724 0.943201
vt 0.193178 0.944379
vt 0.194572 0.943878
vt 0.191377 0.943669
vt 0.190152 0.944119
vt 0.190611 0.945233
vt 0.191851 0.944828
vt 0.188973 0.944651
vt 0.189383 0.945750
vt 0.186454 0.947490
vt 0.187994 0.946538
vt 0.191130 0.946430
vt 0.192385 0.945958
vt 0.195616 0.941905
vt 0.196006 0.943419
vt 0.194846 0.945010
vt 0.196138 0.944909
vt 0.193028 0.947186
vt 0.191717 0.947777
vt 0.190391 0.948298
vt 0.189234 0.948567
vt 0.188724 0.949754
vt 0.212097 0.970876
vt 0.212593 0.968945
vt 0.218339 0.979879
vt 0.220995 0.980299
vt 0.207698 0.985668
vt 0.205620 0.986637
vt 0.214997 0.980941
vt 0.211383 0.972518
vt 0.212476 0.973238
vt 0.216515 0.979588
vt 0.170275 0.980130
vt 0.174250 0.981493
vt 0.179491 0.981923
vt 0.183424 0.981935
vt 0.166603 0.978383
vt 0.163710 0.977051
vt 0.160630 0.975637
vt 0.158245 0.974517
vt 0.194758 0.978721
vt 0.191290 0.980099
vt 0.187578 0.981198
vt 0.211075 0.967264
vt 0.213368 0.966164
vt 0.155440 0.973515
vt 0.216190 0.965531
vt 0.218852 0.964064
vt 0.193627 0.945466
vt 0.187775 0.942158
vt 0.188461 0.943491
vt 0.189861 0.946972
vt 0.194899 0.940467
vt 0.193617 0.941422
vt 0.193129 0.940477
vt 0.192286 0.941933
vt 0.187468 0.948777
vt 0.188611 0.947685
vt 0.186698 0.940939
vt 0.195000 0.945932
vt 0.194200 0.946530
vt 0.195891 0.946230
vt 0.193768 0.939414
vn 0.391315 0.389688 -0.833676
vn 0.355610 0.597203 -0.718950
vn 0.416044 0.489495 -0.766357
vn 0.435351 0.352947 -0.828190
vn 0.358418 0.267753 -0.894340
vn 0.352315 0.224370 -0.908588
vn 0.297991 0.174878 -0.938413
vn 0.310172 0.160338 -0.937062
vn 0.260657 0.709892 -0.654302
vn 0.225307 0.792148 -0.567220
vn 0.274362 0.712071 -0.646282
vn 0.219583 0.330301 -0.917979
vn 0.242239 0.508474 -0.826302
vn 0.159921 0.194782 -0.967722
vn 0.156152 0.847410 -0.507457
vn 0.133335 0.782223 -0.608564
vn -0.041326 0.810862 -0.583777
vn 0.042704 0.876529 -0.479451
vn 0.062250 0.623360 -0.779454
vn -0.023469 0.452290 -0.891562
vn -0.307794 0.507022 -0.805103
vn -0.192524 0.659652 -0.726495
vn -0.132456 0.258384 -0.956918
vn -0.384625 0.311378 -0.868969
vn -0.235096 0.037697 -0.971241
vn -0.300776 -0.145641 -0.942509
vn -0.483619 -0.091168 -0.870517
vn -0.446219 0.081612 -0.891195
vn -0.217245 0.785302 -0.579746
vn -0.087313 0.864837 -0.494402
vn -0.432327 0.504751 -0.747208
vn -0.354537 0.622691 -0.697539
vn -0.512995 0.334532 -0.790521
vn 0.279754 0.677412 -0.680331
vn 0.135821 0.822039 -0.552996
vn 0.049620 0.819031 -0.571599
vn -0.372431 0.595571 -0.711752
vn -0.438962 0.471339 -0.764952
vn -0.420607 0.413637 -0.807462
vn -0.319016 0.554547 -0.768575
vn -0.513657 0.297786 -0.804661
vn -0.489432 0.234896 -0.839810
vn -0.044382 -0.876290 -0.479735
vn -0.074797 -0.653160 -0.753517
vn 0.234435 -0.593208 -0.770159
vn 0.254062 -0.847690 -0.465698
vn 0.286901 -0.928474 -0.235848
vn -0.017980 -0.946578 -0.321973
vn 0.350300 -0.932510 -0.087831
vn 0.014633 -0.970073 -0.242372
vn 0.432668 -0.899511 -0.060660
vn 0.057582 -0.964490 -0.257767
vn 0.512992 -0.857575 0.037474
vn 0.115432 -0.973459 -0.197620
vn 0.590596 -0.804534 0.062622
vn 0.175417 -0.973600 -0.146052
vn 0.633609 -0.773182 -0.026999
vn 0.208176 -0.967847 -0.141192
vn 0.612551 -0.786511 -0.078628
vn 0.202700 -0.973863 -0.102486
vn 0.557574 -0.830057 -0.010803
vn 0.170667 -0.985328 0.000820
vn 0.497638 -0.854498 0.148963
vn 0.151950 -0.974892 0.162780
vn -0.299737 -0.824334 -0.480240
vn -0.350435 -0.590059 -0.727341
vn -0.251283 -0.906056 -0.340469
vn -0.226468 -0.934286 -0.275357
vn -0.233261 -0.925707 -0.297752
vn -0.235533 -0.936629 -0.259328
vn -0.231933 -0.947668 -0.219391
vn -0.224727 -0.958266 -0.176705
vn -0.213757 -0.972788 -0.089392
vn -0.197825 -0.978917 0.050869
vn -0.174558 -0.960062 0.218656
vn -0.485950 -0.730775 -0.479396
vn -0.529970 -0.503925 -0.682049
vn -0.434857 -0.838357 -0.328720
vn -0.415602 -0.888944 -0.192493
vn -0.476356 -0.863263 -0.166921
vn -0.545953 -0.824492 -0.148822
vn -0.589132 -0.791363 -0.163306
vn -0.597696 -0.790815 -0.131804
vn -0.581871 -0.811642 -0.051599
vn -0.538447 -0.836618 0.100721
vn -0.482257 -0.827441 0.287698
vn -0.694788 -0.599941 -0.396661
vn -0.672392 -0.427101 -0.604544
vn -0.700002 -0.684114 -0.204901
vn -0.680477 -0.732675 0.011763
vn -0.713156 -0.690507 0.120867
vn -0.799482 -0.588702 0.119413
vn -0.879188 -0.476256 0.014463
vn -0.899059 -0.437512 -0.016624
vn -0.885407 -0.463838 0.030148
vn -0.843390 -0.511537 0.164390
vn -0.759518 -0.555386 0.338642
vn 0.193188 0.012502 -0.981082
vn 0.186308 -0.189084 -0.964125
vn -0.081034 -0.296740 -0.951514
vn -0.048944 -0.135607 -0.989553
vn -0.336728 -0.271235 -0.901690
vn -0.506126 -0.212072 -0.835979
vn -0.603507 -0.167570 -0.779551
vn -0.564896 0.007633 -0.825127
vn -0.871791 -0.431181 -0.232516
vn -0.788966 -0.306857 -0.532327
vn -0.883397 -0.468446 0.012999
vn -0.841241 -0.466987 0.272465
vn -0.802136 -0.401846 0.441699
vn -0.847792 -0.269034 0.457022
vn -0.956826 -0.097255 0.273906
vn -0.992584 -0.014896 0.120643
vn -0.990061 -0.047029 0.132544
vn -0.968309 -0.114835 0.221790
vn -0.911325 -0.223422 0.345787
vn -0.652361 -0.583174 0.484080
vn -0.809613 -0.333442 0.483057
vn -0.404750 -0.780564 0.476338
vn -0.112148 -0.894967 0.431807
vn 0.167066 -0.909220 0.381323
vn 0.437720 -0.825531 0.356231
vn 0.986260 0.115788 0.117832
vn 0.908067 0.232703 -0.348229
vn 0.894287 0.423707 -0.143958
vn 0.902195 0.309322 0.300608
vn 0.828753 0.258300 0.496438
vn 0.919599 0.048650 0.389834
vn 0.744543 0.208405 0.634211
vn 0.819494 -0.057966 0.570148
vn 0.712321 0.193748 0.674581
vn 0.788439 -0.119657 0.603362
vn 0.747698 0.192044 0.635663
vn 0.807415 -0.149553 0.570714
vn 0.857283 0.190155 0.478442
vn 0.888558 -0.139679 0.436983
vn 0.952122 0.166770 0.256225
vn 0.972214 -0.097471 0.212835
vn 0.981378 0.153840 0.115020
vn 0.995972 -0.073294 0.051656
vn 0.983387 0.125548 0.131100
vn 0.989925 -0.118138 0.078056
vn 0.969488 0.033209 0.242878
vn 0.951918 -0.212846 0.220335
vn 0.943975 -0.278082 -0.177710
vn 0.796135 -0.023773 -0.604652
vn 0.888832 -0.412625 0.199294
vn 0.761819 -0.473909 0.441636
vn 0.755991 -0.449223 0.476105
vn 0.781399 -0.407741 0.472401
vn 0.856248 -0.357402 0.372965
vn 0.943627 -0.288697 0.161935
vn 0.964493 -0.263719 0.014335
vn 0.941961 -0.331579 0.052588
vn 0.877921 -0.433624 0.203039
vn 0.581910 -0.703985 -0.407169
vn 0.505497 -0.375923 -0.776631
vn 0.567919 -0.820532 -0.064770
vn 0.573810 -0.801909 0.166389
vn 0.659043 -0.716304 0.229285
vn 0.722651 -0.620507 0.304543
vn 0.795710 -0.545175 0.263875
vn 0.863394 -0.496601 0.089093
vn 0.863061 -0.504313 -0.028192
vn 0.817265 -0.575740 0.024505
vn 0.741040 -0.647133 0.179105
vn 0.601123 0.471210 -0.645455
vn 0.554911 0.348010 -0.755621
vn 0.450585 0.257912 -0.854666
vn 0.326147 0.049789 -0.944007
vn 0.640424 -0.668860 0.377469
vn 0.763889 -0.508178 0.397780
vn 0.856163 -0.314609 0.409885
vn 0.900843 -0.101869 0.422025
vn 0.897495 0.322505 0.300820
vn 0.851091 0.146464 0.504175
vn 0.876951 0.436376 0.201327
vn 0.860024 0.467043 0.205498
vn 0.832380 0.471165 0.291798
vn 0.758264 0.463850 0.458126
vn 0.664143 0.406260 0.627588
vn 0.606915 0.382686 0.696567
vn 0.597621 0.395802 0.697273
vn 0.645853 0.464332 0.606028
vn 0.700304 0.566541 0.434288
vn 0.693146 0.718738 0.054435
vn 0.465807 0.739605 -0.485807
vn 0.186700 0.784153 0.591818
vn 0.202247 0.950276 0.236793
vn 0.006508 0.964963 0.262304
vn 0.029886 0.781826 0.622780
vn 0.030515 0.681145 0.731512
vn 0.163979 0.681659 0.713059
vn 0.021002 0.679225 0.733630
vn 0.159342 0.678394 0.717211
vn -0.000505 0.705123 0.709085
vn 0.159579 0.714990 0.680679
vn -0.032688 0.742155 0.669431
vn 0.158605 0.758297 0.632322
vn -0.080977 0.792129 0.604958
vn 0.123594 0.825227 0.551112
vn -0.154942 0.870166 0.467765
vn 0.051614 0.906180 0.419732
vn -0.199881 0.952586 0.229408
vn 0.028278 0.972237 0.232285
vn -0.196584 0.961099 0.194017
vn 0.062310 0.965698 0.252083
vn -0.180882 0.864574 0.468822
vn 0.090476 0.841966 0.531891
vn 0.341483 0.761066 0.551515
vn 0.334076 0.920390 0.203162
vn 0.326746 0.649216 0.686845
vn 0.329392 0.639335 0.694803
vn 0.345799 0.661815 0.665150
vn 0.369760 0.697512 0.613804
vn 0.360182 0.791621 0.493564
vn 0.322517 0.868521 0.376368
vn 0.331062 0.909140 0.252709
vn 0.372353 0.886786 0.273797
vn 0.374614 0.765817 0.522674
vn 0.459816 0.725520 0.512045
vn 0.426986 0.888332 0.168966
vn 0.444580 0.598974 0.666017
vn 0.460781 0.541802 0.702945
vn 0.521629 0.522422 0.674521
vn 0.586270 0.540085 0.603817
vn 0.616349 0.647420 0.448287
vn 0.614570 0.715953 0.331232
vn 0.624655 0.737996 0.255280
vn 0.661689 0.707295 0.248799
vn 0.688006 0.594849 0.415696
vn -0.047312 0.799696 -0.598538
vn -0.033039 0.922509 -0.384558
vn 0.124201 0.919645 -0.372594
vn 0.221177 0.915162 -0.336986
vn 0.260813 0.897152 -0.356504
vn 0.163798 0.790121 -0.590659
vn 0.627336 0.404926 0.665195
vn 0.321154 0.552349 0.769267
vn 0.101980 0.629538 0.770248
vn -0.128863 0.684808 0.717240
vn -0.457121 0.795958 0.396852
vn -0.412419 0.658149 0.629882
vn -0.418520 0.893338 0.163671
vn -0.359407 0.898638 0.251546
vn -0.312769 0.810226 0.495690
vn -0.302714 0.728396 0.614657
vn -0.306540 0.653523 0.692056
vn -0.252013 0.592207 0.765363
vn -0.139683 0.582909 0.800441
vn -0.052633 0.636497 0.769481
vn -0.069632 0.782714 0.618474
vn -0.138901 0.961473 0.237224
vn -0.990015 -0.128189 -0.058638
vn -0.905698 -0.007293 -0.423861
vn -0.953085 -0.205948 0.221842
vn -0.828736 -0.227034 0.511520
vn -0.712767 -0.147926 0.685625
vn -0.734257 -0.004730 0.678855
vn -0.882096 0.151106 0.446178
vn -0.944139 0.248521 0.216422
vn -0.944022 0.253951 0.210550
vn -0.943545 0.202801 0.261906
vn -0.932937 0.102682 0.345087
vn -0.952761 0.274434 0.130127
vn -0.894502 0.349579 -0.278677
vn -0.865400 0.177930 0.468428
vn -0.639278 0.076103 0.765201
vn -0.504441 0.092833 0.858441
vn -0.611700 0.211838 0.762199
vn -0.797324 0.333335 0.503152
vn -0.851854 0.422242 0.309931
vn -0.838532 0.471460 0.273111
vn -0.852439 0.443000 0.277667
vn -0.865790 0.360916 0.346622
vn -0.715947 0.596186 0.363293
vn -0.732844 0.675098 -0.084752
vn -0.546078 0.467016 0.695482
vn -0.351322 0.330697 0.875907
vn -0.349730 0.319960 0.880520
vn -0.530779 0.415175 0.738853
vn -0.663943 0.526741 0.530776
vn -0.672581 0.611209 0.417203
vn -0.685300 0.660897 0.305907
vn -0.751381 0.613165 0.243836
vn -0.790630 0.509491 0.339594
vn -0.340509 0.760781 0.552509
vn -0.405748 0.905624 0.123348
vn -0.244560 0.560599 0.791150
vn -0.258278 0.424769 0.867677
vn -0.373771 0.433369 0.820053
vn -0.483001 0.533283 0.694492
vn -0.496117 0.650384 0.575211
vn -0.465372 0.741247 0.483717
vn -0.511529 0.809692 0.287639
vn -0.615928 0.765132 0.187633
vn -0.671171 0.651374 0.353895
vn -0.635534 0.140501 -0.759181
vn -0.590590 0.383209 -0.710179
vn -0.474674 0.619785 -0.624941
vn -0.293576 0.828794 -0.476354
vn -0.215768 0.676446 -0.704177
vn -0.623836 0.539987 0.565015
vn -0.743022 0.404218 0.533410
vn -0.816244 0.234524 0.527962
vn -0.859965 -0.031588 0.509374
vn -0.294853 -0.693454 0.657406
vn -0.528932 -0.540725 0.654101
vn -0.019207 -0.786554 0.617223
vn 0.506947 -0.657265 0.557681
vn 0.391374 -0.770686 0.502861
vn 0.089455 -0.653653 0.751489
vn -0.198043 -0.569214 0.797981
vn 0.601932 -0.535390 0.592483
vn -0.650512 0.040663 0.758407
vn -0.401633 -0.167279 0.900394
vn -0.308023 0.094336 0.946690
vn -0.574067 0.262674 0.775531
vn -0.096218 -0.353092 0.930628
vn 0.201897 -0.470725 0.858869
vn 0.281702 -0.234448 0.930418
vn -0.001471 -0.073153 0.997320
vn 0.410051 -0.520107 0.749231
vn 0.480880 -0.336817 0.809511
vn 0.683425 -0.369591 0.629550
vn 0.317335 0.060017 0.946413
vn 0.073905 0.222744 0.972072
vn -0.460689 0.433193 0.774667
vn 0.109337 0.450505 0.886053
vn 0.304242 0.327735 0.894442
vn 0.544529 0.148193 0.825546
vn 0.730256 -0.000083 0.683173
vn -0.113623 0.761852 -0.637708
vn -0.139357 0.910736 -0.388766
vn -0.542390 0.101038 -0.834029
vn -0.623443 -0.085236 -0.777209
vn 0.045290 0.031000 -0.998493
vn 0.232560 0.094700 -0.967961
vn -0.554861 0.152950 -0.817762
vn -0.150293 0.810980 -0.565441
vn -0.268979 0.725761 -0.633184
vn -0.554498 0.194023 -0.809251
vn -0.188875 0.320721 0.928151
vn 0.215739 -0.800713 0.558852
vn 0.317882 -0.660733 0.679987
vn 0.517181 -0.100728 0.849928
vn -0.682817 -0.209281 0.699973
vn -0.682370 -0.389192 0.618790
vn -0.455591 -0.400630 0.794941
vn 0.729014 -0.172258 0.662469
vn -0.337322 0.559372 0.757177
vn -0.105773 0.520711 0.847155
s 1
g Feet M_Skeleton L_F_Distal_Phalanx_5
usemtl Skeleton_Feet_SG
f 2623/2924/2623 2624/2925/2624 2625/2926/2625 2626/2927/2626
f 2626/2927/2626 2627/2928/2627 2628/2929/2628 2623/2924/2623
f 2629/2930/2629 2630/2931/2630 2628/2929/2628 2627/2928/2627
f 2624/2925/2624 2631/2932/2631 2632/2933/2632 2633/2934/2633
f 2623/2924/2623 2628/2929/2628 2634/2935/2634 2635/2936/2635
f 2628/2929/2628 2630/2931/2630 2636/2937/2636 2634/2935/2634
f 2637/2938/2637 2638/2939/2638 2639/2940/2639 2640/2941/2640
f 2641/2942/2641 2642/2943/2642 2643/2944/2643 2644/2945/2644
f 2642/2943/2642 2645/2946/2645 2646/2947/2646 2643/2944/2643
f 2647/2948/2647 2648/2949/2648 2649/2950/2649 2650/2951/2650
f 2640/2941/2640 2639/2940/2639 2651/2952/2651 2652/2953/2652
f 2644/2945/2644 2643/2944/2643 2653/2954/2653 2654/2955/2654
f 2643/2944/2643 2646/2947/2646 2655/2956/2655 2653/2954/2653
f 2625/2926/2625 2624/2925/2624 2633/2934/2633 2656/2957/2656
f 2657/2958/2657 2637/2938/2637 2640/2941/2640 2658/2959/2658
f 2659/2960/2659 2660/2961/2660 2661/2962/2661 2662/2963/2662
f 2660/2961/2660 2663/2964/2663 2664/2965/2664 2661/2962/2661
f 2665/2966/2665 2666/2967/2666 2667/2968/2667 2668/2969/2668
f 2668/2969/2668 2669/2970/2669 2670/2971/2670 2665/2966/2665
f 2669/2970/2669 2671/2972/2671 2672/2973/2672 2670/2971/2670
f 2671/2972/2671 2673/2974/2673 2674/2975/2674 2672/2973/2672
f 2673/2974/2673 2675/2976/2675 2676/2977/2676 2674/2975/2674
f 2675/2976/2675 2677/2978/2677 2678/2979/2678 2676/2977/2676
f 2677/2978/2677 2679/2980/2679 2680/2981/2680 2678/2979/2678
f 2679/2980/2679 2681/2982/2681 2682/2983/2682 2680/2981/2680
f 2681/2982/2681 2683/2984/2683 2684/2985/2684 2682/2983/2682
f 2683/2984/2683 2685/2986/2685 2686/2987/2686 2684/2985/2684
f 2687/2988/2687 2688/2989/2688 2666/2967/2666 2665/2966/2665
f 2665/2966/2665 2670/2971/2670 2689/2990/2689 2687/2988/2687
f 2670/2971/2670 2672/2973/2672 2690/2991/2690 2689/2990/2689
f 2672/2973/2672 2674/2975/2674 2691/2992/2691 2690/2991/2690
f 2674/2975/2674 2676/2977/2676 2692/2993/2692 2691/2992/2691
f 2676/2977/2676 2678/2979/2678 2693/2994/2693 2692/2993/2692
f 2678/2979/2678 2680/2981/2680 2694/2995/2694 2693/2994/2693
f 2680/2981/2680 2682/2983/2682 2695/2996/2695 2694/2995/2694
f 2682/2983/2682 2684/2985/2684 2696/2997/2696 2695/2996/2695
f 2684/2985/2684 2686/2987/2686 2697/2998/2697 2696/2997/2696
f 2698/2999/2698 2699/3000/2699 2688/2989/2688 2687/2988/2687
f 2687/2988/2687 2689/2990/2689 2700/3001/2700 2698/2999/2698
f 2689/2990/2689 2690/2991/2690 2701/3002/2701 2700/3001/2700
f 2690/2991/2690 2691/2992/2691 2702/3003/2702 2701/3002/2701
f 2691/2992/2691 2692/2993/2692 2703/3004/2703 2702/3003/2702
f 2692/2993/2692 2693/2994/2693 2704/3005/2704 2703/3004/2703
f 2693/2994/2693 2694/2995/2694 2705/3006/2705 2704/3005/2704
f 2694/2995/2694 2695/2996/2695 2706/3007/2706 2705/3006/2705
f 2695/2996/2695 2696/2997/2696 2707/3008/2707 2706/3007/2706
f 2696/2997/2696 2697/2998/2697 2708/3009/2708 2707/3008/2707
f 2709/3010/2709 2710/3011/2710 2699/3000/2699 2698/2999/2698
f 2698/2999/2698 2700/3001/2700 2711/3012/2711 2709/3010/2709
f 2700/3001/2700 2701/3002/2701 2712/3013/2712 2711/3012/2711
f 2701/3002/2701 2702/3003/2702 2713/3014/2713 2712/3013/2712
f 2702/3003/2702 2703/3004/2703 2714/3015/2714 2713/3014/2713
f 2703/3004/2703 2704/3005/2704 2715/3016/2715 2714/3015/2714
f 2704/3005/2704 2705/3006/2705 2716/3017/2716 2715/3016/2715
f 2705/3006/2705 2706/3007/2706 2717/3018/2717 2716/3017/2716
f 2706/3007/2706 2707/3008/2707 2718/3019/2718 2717/3018/2717
f 2707/3008/2707 2708/3009/2708 2719/3020/2719 2718/3019/2718
f 2720/3021/2720 2721/3022/2721 2722/3023/2722 2723/3024/2723
f 2723/3024/2723 2722/3023/2722 2724/3025/2724 2648/2949/2648
f 2648/2949/2648 2724/3025/2724 2725/3026/2725 2649/2950/2649
f 2649/2950/2649 2725/3026/2725 2726/3027/2726 2727/3028/2727
f 2728/3029/2728 2729/3030/2729 2710/3011/2710 2709/3010/2709
f 2709/3010/2709 2711/3012/2711 2730/3031/2730 2728/3029/2728
f 2711/3012/2711 2712/3013/2712 2731/3032/2731 2730/3031/2730
f 2712/3013/2712 2713/3014/2713 2732/3033/2732 2731/3032/2731
f 2713/3014/2713 2714/3015/2714 2733/3034/2733 2732/3033/2732
f 2714/3015/2714 2715/3016/2715 2734/3035/2734 2733/3034/2733
f 2715/3016/2715 2716/3017/2716 2735/3036/2735 2734/3035/2734
f 2716/3017/2716 2717/3018/2717 2736/3037/2736 2735/3036/2735
f 2717/3018/2717 2718/3019/2718 2737/3038/2737 2736/3037/2736
f 2718/3019/2718 2719/3020/2719 2738/3039/2738 2737/3038/2737
f 2719/3020/2719 2739/3040/2739 2740/3041/2740 2738/3039/2738
f 2739/3040/2739 2719/3020/2719 2708/3009/2708 2741/3042/2741
f 2741/3042/2741 2708/3009/2708 2697/2998/2697 2742/3043/2742
f 2742/3043/2742 2697/2998/2697 2686/2987/2686 2743/3044/2743
f 2743/3044/2743 2686/2987/2686 2685/2986/2685 2744/3045/2744
f 2745/3046/2745 2746/3047/2746 2747/3048/2747 2748/3049/2748
f 2748/3049/2748 2749/3050/2749 2750/3051/2750 2745/3046/2745
f 2749/3050/2749 2751/3052/2751 2752/3053/2752 2750/3051/2750
f 2751/3052/2751 2753/3054/2753 2754/3055/2754 2752/3053/2752
f 2753/3054/2753 2755/3056/2755 2756/3057/2756 2754/3055/2754
f 2755/3056/2755 2757/3058/2757 2758/3059/2758 2756/3057/2756
f 2757/3058/2757 2759/3060/2759 2760/3061/2760 2758/3059/2758
f 2759/3060/2759 2761/3062/2761 2762/3063/2762 2760/3061/2760
f 2761/3062/2761 2763/3064/2763 2764/3065/2764 2762/3063/2762
f 2763/3064/2763 2765/3066/2765 2766/3067/2766 2764/3065/2764
f 2767/3068/2767 2768/3069/2768 2746/3047/2746 2745/3046/2745
f 2745/3046/2745 2750/3051/2750 2769/3070/2769 2767/3068/2767
f 2750/3051/2750 2752/3053/2752 2770/3071/2770 2769/3070/2769
f 2752/3053/2752 2754/3055/2754 2771/3072/2771 2770/3071/2770
f 2754/3055/2754 2756/3057/2756 2772/3073/2772 2771/3072/2771
f 2756/3057/2756 2758/3059/2758 2773/3074/2773 2772/3073/2772
f 2758/3059/2758 2760/3061/2760 2774/3075/2774 2773/3074/2773
f 2760/3061/2760 2762/3063/2762 2775/3076/2775 2774/3075/2774
f 2762/3063/2762 2764/3065/2764 2776/3077/2776 2775/3076/2775
f 2764/3065/2764 2766/3067/2766 2777/3078/2777 2776/3077/2776
f 2778/3079/2778 2779/3080/2779 2768/3069/2768 2767/3068/2767
f 2767/3068/2767 2769/3070/2769 2780/3081/2780 2778/3079/2778
f 2769/3070/2769 2770/3071/2770 2781/3082/2781 2780/3081/2780
f 2770/3071/2770 2771/3072/2771 2782/3083/2782 2781/3082/2781
f 2771/3072/2771 2772/3073/2772 2783/3084/2783 2782/3083/2782
f 2772/3073/2772 2773/3074/2773 2784/3085/2784 2783/3084/2783
f 2773/3074/2773 2774/3075/2774 2785/3086/2785 2784/3085/2784
f 2774/3075/2774 2775/3076/2775 2786/3087/2786 2785/3086/2785
f 2775/3076/2775 2776/3077/2776 2787/3088/2787 2786/3087/2786
f 2776/3077/2776 2777/3078/2777 2788/3089/2788 2787/3088/2787
f 2668/2969/2668 2667/2968/2667 2779/3080/2779 2778/3079/2778
f 2778/3079/2778 2780/3081/2780 2669/2970/2669 2668/2969/2668
f 2780/3081/2780 2781/3082/2781 2671/2972/2671 2669/2970/2669
f 2781/3082/2781 2782/3083/2782 2673/2974/2673 2671/2972/2671
f 2782/3083/2782 2783/3084/2783 2675/2976/2675 2673/2974/2673
f 2783/3084/2783 2784/3085/2784 2677/2978/2677 2675/2976/2675
f 2784/3085/2784 2785/3086/2785 2679/2980/2679 2677/2978/2677
f 2785/3086/2785 2786/3087/2786 2681/2982/2681 2679/2980/2679
f 2786/3087/2786 2787/3088/2787 2683/2984/2683 2681/2982/2681
f 2787/3088/2787 2788/3089/2788 2685/2986/2685 2683/2984/2683
f 2625/2926/2625 2789/3090/2789 2790/3091/2790 2626/2927/2626
f 2626/2927/2626 2790/3091/2790 2791/3092/2791 2627/2928/2627
f 2627/2928/2627 2791/3092/2791 2792/3093/2792 2629/2930/2629
f 2629/2930/2629 2792/3093/2792 2721/3022/2721 2720/3021/2720
f 2744/3045/2744 2685/2986/2685 2788/3089/2788 2793/3094/2793
f 2793/3094/2793 2788/3089/2788 2777/3078/2777 2794/3095/2794
f 2794/3095/2794 2777/3078/2777 2766/3067/2766 2795/3096/2795
f 2795/3096/2795 2766/3067/2766 2765/3066/2765 2796/3097/2796
f 2796/3097/2796 2765/3066/2765 2797/3098/2797 2798/3099/2798
f 2765/3066/2765 2763/3064/2763 2799/3100/2799 2797/3098/2797
f 2763/3064/2763 2761/3062/2761 2800/3101/2800 2799/3100/2799
f 2761/3062/2761 2759/3060/2759 2801/3102/2801 2800/3101/2800
f 2759/3060/2759 2757/3058/2757 2802/3103/2802 2801/3102/2801
f 2757/3058/2757 2755/3056/2755 2803/3104/2803 2802/3103/2802
f 2755/3056/2755 2753/3054/2753 2804/3105/2804 2803/3104/2803
f 2753/3054/2753 2751/3052/2751 2805/3106/2805 2804/3105/2804
f 2751/3052/2751 2749/3050/2749 2806/3107/2806 2805/3106/2805
f 2749/3050/2749 2748/3049/2748 2807/3108/2807 2806/3107/2806
f 2748/3049/2748 2747/3048/2747 2808/3109/2808 2807/3108/2807
f 2789/3090/2789 2625/2926/2625 2656/2957/2656 2809/3110/2809
f 2810/3111/2810 2811/3112/2811 2812/3113/2812 2813/3114/2813
f 2813/3114/2813 2814/3115/2814 2815/3116/2815 2810/3111/2810
f 2814/3115/2814 2816/3117/2816 2817/3118/2817 2815/3116/2815
f 2816/3117/2816 2818/3119/2818 2819/3120/2819 2817/3118/2817
f 2818/3119/2818 2820/3121/2820 2821/3122/2821 2819/3120/2819
f 2820/3121/2820 2822/3123/2822 2823/3124/2823 2821/3122/2821
f 2822/3123/2822 2824/3125/2824 2825/3126/2825 2823/3124/2823
f 2824/3125/2824 2826/3127/2826 2827/3128/2827 2825/3126/2825
f 2826/3127/2826 2828/3129/2828 2829/3130/2829 2827/3128/2827
f 2828/3129/2828 2830/3131/2830 2831/3132/2831 2829/3130/2829
f 2832/3133/2832 2833/3134/2833 2811/3112/2811 2810/3111/2810
f 2810/3111/2810 2815/3116/2815 2834/3135/2834 2832/3133/2832
f 2815/3116/2815 2817/3118/2817 2835/3136/2835 2834/3135/2834
f 2817/3118/2817 2819/3120/2819 2836/3137/2836 2835/3136/2835
f 2819/3120/2819 2821/3122/2821 2837/3138/2837 2836/3137/2836
f 2821/3122/2821 2823/3124/2823 2838/3139/2838 2837/3138/2837
f 2823/3124/2823 2825/3126/2825 2839/3140/2839 2838/3139/2838
f 2825/3126/2825 2827/3128/2827 2840/3141/2840 2839/3140/2839
f 2827/3128/2827 2829/3130/2829 2841/3142/2841 2840/3141/2840
f 2829/3130/2829 2831/3132/2831 2842/3143/2842 2841/3142/2841
f 2843/3144/2843 2844/3145/2844 2833/3134/2833 2832/3133/2832
f 2832/3133/2832 2834/3135/2834 2845/3146/2845 2843/3144/2843
f 2834/3135/2834 2835/3136/2835 2846/3147/2846 2845/3146/2845
f 2835/3136/2835 2836/3137/2836 2847/3148/2847 2846/3147/2846
f 2836/3137/2836 2837/3138/2837 2848/3149/2848 2847/3148/2847
f 2837/3138/2837 2838/3139/2838 2849/3150/2849 2848/3149/2848
f 2838/3139/2838 2839/3140/2839 2850/3151/2850 2849/3150/2849
f 2839/3140/2839 2840/3141/2840 2851/3152/2851 2850/3151/2850
f 2840/3141/2840 2841/3142/2841 2852/3153/2852 2851/3152/2851
f 2841/3142/2841 2842/3143/2842 2853/3154/2853 2852/3153/2852
f 2807/3108/2807 2808/3109/2808 2844/3145/2844 2843/3144/2843
f 2843/3144/2843 2845/3146/2845 2806/3107/2806 2807/3108/2807
f 2845/3146/2845 2846/3147/2846 2805/3106/2805 2806/3107/2806
f 2846/3147/2846 2847/3148/2847 2804/3105/2804 2805/3106/2805
f 2847/3148/2847 2848/3149/2848 2803/3104/2803 2804/3105/2804
f 2848/3149/2848 2849/3150/2849 2802/3103/2802 2803/3104/2803
f 2849/3150/2849 2850/3151/2850 2801/3102/2801 2802/3103/2802
f 2850/3151/2850 2851/3152/2851 2800/3101/2800 2801/3102/2801
f 2851/3152/2851 2852/3153/2852 2799/3100/2799 2800/3101/2800
f 2852/3153/2852 2853/3154/2853 2797/3098/2797 2799/3100/2799
f 2854/3155/2854 2855/3156/2855 2856/3157/2856 2658/2959/2658
f 2658/2959/2658 2856/3157/2856 2857/3158/2857 2657/2958/2657
f 2657/2958/2657 2857/3158/2857 2858/3159/2858 2859/3160/2859
f 2859/3160/2859 2858/3159/2858 2809/3110/2809 2656/2957/2656
f 2798/3099/2798 2797/3098/2797 2853/3154/2853 2860/3161/2860
f 2860/3161/2860 2853/3154/2853 2842/3143/2842 2861/3162/2861
f 2861/3162/2861 2842/3143/2842 2831/3132/2831 2862/3163/2862
f 2862/3163/2862 2831/3132/2831 2830/3131/2830 2863/3164/2863
f 2863/3164/2863 2830/3131/2830 2864/3165/2864 2865/3166/2865
f 2830/3131/2830 2828/3129/2828 2866/3167/2866 2864/3165/2864
f 2828/3129/2828 2826/3127/2826 2867/3168/2867 2866/3167/2866
f 2826/3127/2826 2824/3125/2824 2868/3169/2868 2867/3168/2867
f 2824/3125/2824 2822/3123/2822 2869/3170/2869 2868/3169/2868
f 2822/3123/2822 2820/3121/2820 2870/3171/2870 2869/3170/2869
f 2820/3121/2820 2818/3119/2818 2871/3172/2871 2870/3171/2870
f 2818/3119/2818 2816/3117/2816 2872/3173/2872 2871/3172/2871
f 2816/3117/2816 2814/3115/2814 2873/3174/2873 2872/3173/2872
f 2814/3115/2814 2813/3114/2813 2874/3175/2874 2873/3174/2873
f 2813/3114/2813 2812/3113/2812 2875/3176/2875 2874/3175/2874
f 2876/3177/2876 2877/3178/2877 2729/3030/2729 2728/3029/2728
f 2728/3029/2728 2730/3031/2730 2878/3179/2878 2876/3177/2876
f 2730/3031/2730 2731/3032/2731 2879/3180/2879 2878/3179/2878
f 2731/3032/2731 2732/3033/2732 2880/3181/2880 2879/3180/2879
f 2732/3033/2732 2733/3034/2733 2881/3182/2881 2880/3181/2880
f 2733/3034/2733 2734/3035/2734 2882/3183/2882 2881/3182/2881
f 2734/3035/2734 2735/3036/2735 2883/3184/2883 2882/3183/2882
f 2735/3036/2735 2736/3037/2736 2884/3185/2884 2883/3184/2883
f 2736/3037/2736 2737/3038/2737 2885/3186/2885 2884/3185/2884
f 2737/3038/2737 2738/3039/2738 2886/3187/2886 2885/3186/2885
f 2887/3188/2887 2888/3189/2888 2877/3178/2877 2876/3177/2876
f 2876/3177/2876 2878/3179/2878 2889/3190/2889 2887/3188/2887
f 2878/3179/2878 2879/3180/2879 2890/3191/2890 2889/3190/2889
f 2879/3180/2879 2880/3181/2880 2891/3192/2891 2890/3191/2890
f 2880/3181/2880 2881/3182/2881 2892/3193/2892 2891/3192/2891
f 2881/3182/2881 2882/3183/2882 2893/3194/2893 2892/3193/2892
f 2882/3183/2882 2883/3184/2883 2894/3195/2894 2893/3194/2893
f 2883/3184/2883 2884/3185/2884 2895/3196/2895 2894/3195/2894
f 2884/3185/2884 2885/3186/2885 2896/3197/2896 2895/3196/2895
f 2885/3186/2885 2886/3187/2886 2897/3198/2897 2896/3197/2896
f 2898/3199/2898 2899/3200/2899 2888/3201/2888 2887/3202/2887
f 2887/3202/2887 2889/3203/2889 2900/3204/2900 2898/3199/2898
f 2889/3203/2889 2890/3205/2890 2901/3206/2901 2900/3204/2900
f 2890/3205/2890 2891/3207/2891 2902/3208/2902 2901/3206/2901
f 2891/3207/2891 2892/3209/2892 2903/3210/2903 2902/3208/2902
f 2892/3209/2892 2893/3211/2893 2904/3212/2904 2903/3210/2903
f 2893/3211/2893 2894/3213/2894 2905/3214/2905 2904/3212/2904
f 2894/3213/2894 2895/3215/2895 2906/3216/2906 2905/3214/2905
f 2895/3215/2895 2896/3217/2896 2907/3218/2907 2906/3216/2906
f 2896/3217/2896 2897/3219/2897 2908/3220/2908 2907/3218/2907
f 2909/3221/2909 2910/3222/2910 2899/3200/2899 2898/3199/2898
f 2898/3199/2898 2900/3204/2900 2911/3223/2911 2909/3221/2909
f 2900/3204/2900 2901/3206/2901 2912/3224/2912 2911/3223/2911
f 2901/3206/2901 2902/3208/2902 2913/3225/2913 2912/3224/2912
f 2902/3208/2902 2903/3210/2903 2914/3226/2914 2913/3225/2913
f 2903/3210/2903 2904/3212/2904 2915/3227/2915 2914/3226/2914
f 2904/3212/2904 2905/3214/2905 2916/3228/2916 2915/3227/2915
f 2905/3214/2905 2906/3216/2906 2917/3229/2917 2916/3228/2916
f 2906/3216/2906 2907/3218/2907 2918/3230/2918 2917/3229/2917
f 2907/3218/2907 2908/3220/2908 2919/3231/2919 2918/3230/2918
f 2664/2965/2664 2920/3232/2920 2921/3233/2921 2661/2962/2661
f 2661/2962/2661 2921/3233/2921 2922/3234/2922 2662/2963/2662
f 2662/2963/2662 2922/3234/2922 2923/3235/2923 2924/3236/2924
f 2874/3175/2874 2875/3176/2875 2910/3222/2910 2909/3221/2909
f 2909/3221/2909 2911/3223/2911 2873/3174/2873 2874/3175/2874
f 2911/3223/2911 2912/3224/2912 2872/3173/2872 2873/3174/2873
f 2912/3224/2912 2913/3225/2913 2871/3172/2871 2872/3173/2872
f 2913/3225/2913 2914/3226/2914 2870/3171/2870 2871/3172/2871
f 2914/3226/2914 2915/3227/2915 2869/3170/2869 2870/3171/2870
f 2915/3227/2915 2916/3228/2916 2868/3169/2868 2869/3170/2869
f 2916/3228/2916 2917/3229/2917 2867/3168/2867 2868/3169/2868
f 2917/3229/2917 2918/3230/2918 2866/3167/2866 2867/3168/2867
f 2918/3230/2918 2919/3231/2919 2864/3165/2864 2866/3167/2866
f 2919/3231/2919 2925/3237/2925 2865/3166/2865 2864/3165/2864
f 2925/3237/2925 2919/3231/2919 2908/3220/2908 2926/3238/2926
f 2926/3238/2926 2908/3220/2908 2897/3219/2897 2927/3239/2927
f 2927/3240/2927 2897/3198/2897 2886/3187/2886 2928/3241/2928
f 2928/3241/2928 2886/3187/2886 2738/3039/2738 2740/3041/2740
f 2929/3242/2929 2930/3243/2930 2739/3244/2739 2741/3245/2741
f 2741/3245/2741 2742/3246/2742 2931/3247/2931 2929/3242/2929
f 2793/3248/2793 2932/3249/2932 2933/3250/2933 2744/3251/2744
f 2931/3247/2931 2934/3252/2934 2935/3253/2935 2929/3242/2929
f 2936/3254/2936 2932/3249/2932 2793/3248/2793 2794/3255/2794
f 2937/3256/2937 2938/3257/2938 2939/3258/2939 2940/3259/2940
f 2941/3260/2941 2942/3261/2942 2943/3262/2943 2944/3263/2944
f 2942/3261/2942 2945/3264/2945 2946/3265/2946 2943/3262/2943
f 2936/3254/2936 2794/3255/2794 2795/3266/2795 2947/3267/2947
f 2944/3263/2944 2943/3262/2943 2948/3268/2948 2949/3269/2949
f 2927/3270/2927 2937/3256/2937 2940/3259/2940 2926/3271/2926
f 2940/3259/2940 2950/3272/2950 2925/3273/2925 2926/3271/2926
f 2951/3274/2951 2952/3275/2952 2861/3162/2861 2862/3163/2862
f 2952/3275/2952 2953/3276/2953 2860/3161/2860 2861/3162/2861
f 2860/3161/2860 2953/3276/2953 2954/3277/2954 2798/3278/2798
f 2855/3156/2855 2854/3155/2854 2955/3279/2955 2956/3280/2956
f 2640/2941/2640 2652/2953/2652 2854/3155/2854 2658/2959/2658
f 2920/3232/2920 2664/2965/2664 2957/3281/2957 2958/3282/2958
f 2720/3021/2720 2723/3024/2723 2959/3283/2959 2960/3284/2960
f 2727/3028/2727 2726/3027/2726 2958/3282/2958 2957/3281/2957
f 2650/2951/2650 2649/2950/2649 2727/3028/2727 2961/3285/2961
f 2924/3236/2924 2923/3235/2923 2956/3280/2956 2955/3279/2955
f 2924/3236/2924 2955/3279/2955 2962/3286/2962 2963/3287/2963
f 2633/2934/2633 2632/2933/2632 2859/3160/2859 2656/2957/2656
f 2957/3281/2957 2664/2965/2664 2663/2964/2663 2964/3288/2964
f 2646/2947/2646 2650/2951/2650 2961/3285/2961 2655/2956/2655
f 2645/2946/2645 2647/2948/2647 2650/2951/2650 2646/2947/2646
f 2630/2931/2630 2960/3284/2960 2959/3283/2959 2636/2937/2636
f 2629/2930/2629 2720/3021/2720 2960/3284/2960 2630/2931/2630
f 2659/2960/2659 2662/2963/2662 2924/3236/2924 2963/3287/2963
f 2639/2940/2639 2644/2945/2644 2654/2955/2654 2651/2952/2651
f 2638/2939/2638 2641/2942/2641 2644/2945/2644 2639/2940/2639
f 2623/2924/2623 2635/2936/2635 2631/2932/2631 2624/2925/2624
f 2637/2938/2637 2657/2958/2657 2859/3160/2859 2632/2933/2632
f 2631/2932/2631 2638/2939/2638 2637/2938/2637 2632/2933/2632
f 2635/2936/2635 2641/2942/2641 2638/2939/2638 2631/2932/2631
f 2634/2935/2634 2642/2943/2642 2641/2942/2641 2635/2936/2635
f 2636/2937/2636 2645/2946/2645 2642/2943/2642 2634/2935/2634
f 2959/3283/2959 2647/2948/2647 2645/2946/2645 2636/2937/2636
f 2723/3024/2723 2648/2949/2648 2647/2948/2647 2959/3283/2959
f 2955/3279/2955 2854/3155/2854 2652/2953/2652 2962/3286/2962
f 2651/2952/2651 2963/3287/2963 2962/3286/2962 2652/2953/2652
f 2654/2955/2654 2659/2960/2659 2963/3287/2963 2651/2952/2651
f 2653/2954/2653 2660/2961/2660 2659/2960/2659 2654/2955/2654
f 2655/2956/2655 2663/2964/2663 2660/2961/2660 2653/2954/2653
f 2961/3285/2961 2964/3288/2964 2663/2964/2663 2655/2956/2655
f 2727/3028/2727 2957/3281/2957 2964/3288/2964 2961/3285/2961
f 2666/2967/2666 2688/2989/2688 2724/3289/2724 2722/3290/2722
f 2722/3290/2722 2721/3291/2721 2667/2968/2667 2666/2967/2666
f 2721/3291/2721 2792/3292/2792 2779/3080/2779 2667/2968/2667
f 2688/2989/2688 2699/3000/2699 2725/3293/2725 2724/3289/2724
f 2699/3000/2699 2710/3011/2710 2726/3294/2726 2725/3293/2725
f 2710/3011/2710 2729/3030/2729 2958/3295/2958 2726/3294/2726
f 2729/3030/2729 2877/3178/2877 2920/3296/2920 2958/3295/2958
f 2789/3297/2789 2809/3110/2809 2808/3109/2808 2747/3048/2747
f 2747/3048/2747 2746/3047/2746 2790/3298/2790 2789/3297/2789
f 2746/3047/2746 2768/3069/2768 2791/3299/2791 2790/3298/2790
f 2768/3069/2768 2779/3080/2779 2792/3292/2792 2791/3299/2791
f 2809/3110/2809 2858/3159/2858 2844/3145/2844 2808/3109/2808
f 2855/3156/2855 2956/3300/2956 2875/3176/2875 2812/3113/2812
f 2812/3113/2812 2811/3112/2811 2856/3157/2856 2855/3156/2855
f 2811/3112/2811 2833/3134/2833 2857/3158/2857 2856/3157/2856
f 2833/3134/2833 2844/3145/2844 2858/3159/2858 2857/3158/2857
f 2956/3300/2956 2923/3301/2923 2910/3222/2910 2875/3176/2875
f 2877/3178/2877 2888/3189/2888 2921/3302/2921 2920/3296/2920
f 2888/3201/2888 2899/3200/2899 2922/3303/2922 2921/3304/2921
f 2899/3200/2899 2910/3222/2910 2923/3301/2923 2922/3303/2922
f 2940/3259/2940 2939/3258/2939 2965/3305/2965 2950/3272/2950
f 2966/3306/2966 2967/3307/2967 2934/3252/2934 2931/3247/2931
f 2943/3262/2943 2946/3265/2946 2968/3308/2968 2948/3268/2948
f 2937/3256/2937 2927/3270/2927 2928/3309/2928 2969/3310/2969
f 2969/3310/2969 2970/3311/2970 2930/3243/2930 2971/3312/2971
f 2947/3267/2947 2795/3266/2795 2796/3313/2796 2972/3314/2972
f 2931/3247/2931 2742/3246/2742 2743/3315/2743 2966/3306/2966
f 2973/3316/2973 2974/3317/2974 2863/3164/2863 2865/3318/2865
f 2951/3274/2951 2862/3163/2862 2863/3164/2863 2974/3317/2974
f 2929/3242/2929 2935/3253/2935 2971/3312/2971 2930/3243/2930
f 2970/3311/2970 2969/3310/2969 2928/3309/2928 2740/3319/2740
f 2739/3244/2739 2930/3243/2930 2970/3311/2970 2740/3319/2740
f 2744/3251/2744 2933/3250/2933 2966/3306/2966 2743/3315/2743
f 2925/3273/2925 2950/3272/2950 2973/3316/2973 2865/3318/2865
f 2965/3305/2965 2974/3317/2974 2973/3316/2973 2950/3272/2950
f 2948/3268/2948 2952/3275/2952 2951/3274/2951 2949/3269/2949
f 2953/3276/2953 2952/3275/2952 2948/3268/2948 2968/3308/2968
f 2954/3277/2954 2972/3314/2972 2796/3313/2796 2798/3278/2798
f 2949/3269/2949 2951/3274/2951 2974/3317/2974 2965/3305/2965
f 2939/3258/2939 2944/3263/2944 2949/3269/2949 2965/3305/2965
f 2938/3257/2938 2941/3260/2941 2944/3263/2944 2939/3258/2939
f 2969/3310/2969 2971/3312/2971 2938/3257/2938 2937/3256/2937
f 2935/3253/2935 2941/3260/2941 2938/3257/2938 2971/3312/2971
f 2934/3252/2934 2942/3261/2942 2941/3260/2941 2935/3253/2935
f 2967/3307/2967 2945/3264/2945 2942/3261/2942 2934/3252/2934
f 2953/3276/2953 2968/3308/2968 2972/3314/2972 2954/3277/2954
f 2946/3265/2946 2947/3267/2947 2972/3314/2972 2968/3308/2968
f 2945/3264/2945 2936/3254/2936 2947/3267/2947 2946/3265/2946
f 2932/3249/2932 2936/3254/2936 2945/3264/2945 2967/3307/2967
f 2966/3306/2966 2933/3250/2933 2932/3249/2932 2967/3307/2967
g default
v 12.580233 1.451036 8.149744
v 12.502108 1.423704 8.175495
v 12.493515 1.475969 8.211305
v 12.545872 1.470674 8.180525
v 12.611334 1.399664 8.098652
v 12.609401 1.330312 8.059209
v 12.497023 1.315836 8.108401
v 12.506421 1.369196 8.142036
v 12.582673 1.270311 8.046055
v 12.533644 1.240526 8.050015
v 12.483221 1.219694 8.068952
v 12.489344 1.261785 8.081089
v 12.408828 1.472845 8.244661
v 12.417278 1.396078 8.222683
v 12.335249 1.370584 8.264574
v 12.322480 1.448595 8.288006
v 12.419258 1.340246 8.189962
v 12.412749 1.295698 8.148029
v 12.322287 1.269357 8.191729
v 12.330427 1.313726 8.233954
v 12.409718 1.245782 8.115855
v 12.413355 1.198801 8.099988
v 12.332785 1.174619 8.146929
v 12.325737 1.218568 8.159521
v 12.245876 1.407228 8.328129
v 12.252380 1.347509 8.299597
v 12.179947 1.325670 8.346933
v 12.201445 1.368974 8.350159
v 12.241102 1.291898 8.271347
v 12.238832 1.239080 8.234405
v 12.159647 1.190302 8.292287
v 12.154119 1.259031 8.329672
v 12.254414 1.190233 8.202260
v 12.272842 1.154600 8.188043
v 12.232058 1.135706 8.224709
v 12.201486 1.150381 8.249319
v 12.411907 1.530553 8.270597
v 12.306870 1.503591 8.316821
v 12.223839 1.437486 8.362198
v 12.168624 1.380178 8.387531
v 12.127218 1.162164 8.326330
v 12.116343 1.240911 8.366100
v 12.176748 1.116922 8.270025
v 12.220705 1.103078 8.230557
v 12.335600 1.139612 8.134323
v 12.421373 1.164335 8.087442
v 12.497101 1.189970 8.055443
v 12.564356 1.218881 8.033023
v 12.686262 1.416200 8.081765
v 12.687086 1.332540 8.029476
v 12.626531 1.481683 8.145314
v 12.577585 1.501211 8.183479
v 12.540275 1.141100 8.093615
v 12.593407 1.095384 8.152111
v 12.506937 1.049196 8.195616
v 12.458124 1.107477 8.127435
v 12.620798 1.073785 8.200390
v 12.534023 1.027670 8.244469
v 12.654051 1.052991 8.279905
v 12.571034 1.007036 8.323147
v 12.681108 1.040144 8.362736
v 12.605785 0.991075 8.403212
v 12.709956 1.021562 8.446651
v 12.640701 0.973966 8.484577
v 12.752810 0.990129 8.541620
v 12.686496 0.944093 8.578318
v 12.800076 0.956106 8.615961
v 12.734425 0.897482 8.650726
v 12.823602 0.943201 8.670923
v 12.759564 0.887960 8.707813
v 12.834369 0.942285 8.729330
v 12.773310 0.899332 8.763323
v 12.416412 1.018709 8.242831
v 12.370762 1.078508 8.170971
v 12.443031 0.997533 8.291729
v 12.482492 0.976659 8.368238
v 12.521372 0.959894 8.445414
v 12.561331 0.943891 8.523674
v 12.608976 0.914579 8.615213
v 12.651073 0.867689 8.689572
v 12.678076 0.859823 8.744917
v 12.699810 0.873403 8.796176
v 12.324780 1.002225 8.296300
v 12.294745 1.062444 8.226758
v 12.350682 0.981088 8.343903
v 12.391880 0.962034 8.417108
v 12.434240 0.949236 8.490095
v 12.479113 0.937334 8.564309
v 12.528833 0.909658 8.652190
v 12.564079 0.871286 8.728113
v 12.591242 0.860395 8.779165
v 12.622473 0.870161 8.825218
v 12.506744 1.175706 8.058484
v 12.428628 1.148813 8.090685
v 12.341531 1.123582 8.137009
v 12.273943 1.103773 8.190268
v 12.232123 1.060255 8.272893
v 12.220889 1.087751 8.239571
v 12.258438 1.001421 8.343396
v 12.282646 0.982797 8.389408
v 12.325798 0.970945 8.458730
v 12.371064 0.963552 8.526985
v 12.419292 0.952322 8.597742
v 12.470455 0.927347 8.683895
v 12.505796 0.891706 8.761683
v 12.534865 0.879221 8.813068
v 12.569328 0.886995 8.852982
v 12.653152 0.895605 8.873245
v 12.600878 0.906393 8.882770
v 12.721885 0.901029 8.852766
v 12.784605 0.924978 8.826101
v 12.838341 0.959119 8.792706
v 12.871386 0.987249 8.713825
v 12.867615 0.992471 8.762315
v 12.861618 0.993467 8.663927
v 12.838932 1.009355 8.604939
v 12.793653 1.041158 8.520594
v 12.753425 1.072130 8.422482
v 12.726812 1.092611 8.336887
v 12.709972 1.100557 8.252345
v 12.693489 1.121130 8.170752
v 12.671076 1.141340 8.113652
v 12.622299 1.183511 8.061839
v 12.579582 1.207780 8.034461
v 12.175179 1.076509 8.314539
v 12.196163 1.024183 8.383915
v 12.131595 1.088312 8.443998
v 12.121646 1.131216 8.375014
v 12.226743 1.005952 8.433442
v 12.175720 1.072881 8.491791
v 12.283594 0.997194 8.500246
v 12.248745 1.058549 8.548985
v 12.341394 0.992994 8.560957
v 12.322521 1.049066 8.595308
v 12.390869 0.979784 8.627851
v 12.378836 1.032289 8.655113
v 12.438540 0.953767 8.713462
v 12.424814 1.006273 8.741972
v 12.467411 0.917814 8.791644
v 12.450632 0.979223 8.826894
v 12.497219 0.903810 8.842348
v 12.480090 0.966352 8.878951
v 12.539418 0.913896 8.879802
v 12.526772 0.965742 8.910959
v 12.120374 1.191698 8.494282
v 12.105891 1.217855 8.429993
v 12.174198 1.170362 8.530519
v 12.254910 1.143934 8.572880
v 12.330956 1.119955 8.612238
v 12.390277 1.093454 8.668082
v 12.431829 1.065832 8.757744
v 12.453802 1.047437 8.846249
v 12.481352 1.035905 8.899406
v 12.525970 1.023321 8.931478
v 12.167227 1.291929 8.508028
v 12.138412 1.313066 8.455559
v 12.212805 1.264253 8.541004
v 12.283728 1.226595 8.581299
v 12.351380 1.191766 8.622103
v 12.405668 1.158277 8.679129
v 12.448143 1.128393 8.766599
v 12.475975 1.115102 8.851065
v 12.503000 1.102747 8.901071
v 12.538681 1.081373 8.939275
v 12.172544 1.104406 8.280840
v 12.122431 1.153032 8.339170
v 12.109629 1.235124 8.380215
v 12.131357 1.321401 8.401879
v 12.189001 1.366285 8.445024
v 12.166657 1.380567 8.404550
v 12.218617 1.347047 8.494059
v 12.255560 1.322435 8.534268
v 12.315902 1.282438 8.576683
v 12.375723 1.243642 8.620680
v 12.428761 1.210641 8.680238
v 12.475983 1.180235 8.765920
v 12.509586 1.157724 8.851330
v 12.532066 1.144495 8.899472
v 12.560880 1.125230 8.936892
v 12.592340 1.062856 8.965450
v 12.599911 1.098539 8.963049
v 12.587381 1.014730 8.958202
v 12.590229 0.972108 8.935048
v 12.595461 0.931718 8.907773
v 12.244984 1.434610 8.428596
v 12.274077 1.418447 8.477403
v 12.360102 1.505159 8.444792
v 12.327214 1.523172 8.388494
v 12.310885 1.389780 8.514175
v 12.396162 1.465730 8.483412
v 12.367135 1.342294 8.562806
v 12.446533 1.404394 8.532873
v 12.421454 1.297704 8.614183
v 12.493399 1.354471 8.592382
v 12.472364 1.259512 8.676126
v 12.539077 1.308645 8.658302
v 12.521746 1.223451 8.762876
v 12.588774 1.265428 8.746407
v 12.558194 1.193906 8.842772
v 12.628983 1.235506 8.829758
v 12.577926 1.184042 8.897602
v 12.650966 1.224466 8.886827
v 12.610428 1.157453 8.938490
v 12.678296 1.186464 8.924296
v 12.471422 1.529680 8.389335
v 12.441866 1.544366 8.335096
v 12.498911 1.494310 8.433821
v 12.537904 1.437605 8.494764
v 12.575695 1.385229 8.558181
v 12.613517 1.336069 8.626379
v 12.659517 1.291467 8.715708
v 12.700618 1.264917 8.799810
v 12.725803 1.244085 8.852479
v 12.746254 1.205259 8.892331
v 12.580071 1.513647 8.330712
v 12.548964 1.526796 8.282112
v 12.603405 1.485983 8.377435
v 12.631658 1.434831 8.443645
v 12.657656 1.383562 8.509734
v 12.685297 1.337675 8.581634
v 12.726406 1.295698 8.671766
v 12.767643 1.266153 8.749896
v 12.790758 1.243734 8.799797
v 12.804705 1.209940 8.845408
v 12.223516 1.442648 8.378912
v 12.307699 1.513898 8.330933
v 12.416870 1.540750 8.283640
v 12.520809 1.526064 8.237217
v 12.624932 1.509107 8.231051
v 12.590883 1.508424 8.192022
v 12.657694 1.496069 8.280418
v 12.679813 1.465921 8.330533
v 12.697630 1.417062 8.398580
v 12.712107 1.367006 8.466850
v 12.733873 1.322244 8.540216
v 12.772768 1.282224 8.630747
v 12.813128 1.253206 8.710304
v 12.833147 1.229269 8.762054
v 12.844667 1.200639 8.806904
v 12.815516 1.159803 8.883538
v 12.843206 1.163320 8.842420
v 12.766882 1.149850 8.928446
v 12.709785 1.133718 8.959580
v 12.646696 1.114217 8.969452
v 12.693895 1.494169 8.178315
v 12.728170 1.474413 8.228835
v 12.800339 1.402055 8.149614
v 12.748863 1.417665 8.102842
v 12.747166 1.442525 8.280161
v 12.826830 1.374803 8.209546
v 12.753803 1.388937 8.355160
v 12.813437 1.325178 8.298480
v 12.752561 1.336931 8.428565
v 12.788771 1.281210 8.380660
v 12.768771 1.294248 8.506192
v 12.795355 1.243902 8.466040
v 12.809163 1.256822 8.599648
v 12.837393 1.208944 8.564009
v 12.850594 1.232744 8.681623
v 12.888462 1.183450 8.646947
v 12.869234 1.210744 8.735284
v 12.910040 1.161642 8.705185
v 12.874329 1.176900 8.780693
v 12.899269 1.132631 8.755732
v 12.809174 1.282167 8.083522
v 12.749801 1.314100 8.037055
v 12.831797 1.255506 8.151550
v 12.815115 1.232282 8.251992
v 12.789321 1.211126 8.344329
v 12.798586 1.183138 8.435359
v 12.840347 1.149034 8.535883
v 12.890097 1.117895 8.618168
v 12.913342 1.095667 8.675447
v 12.905511 1.079675 8.732066
v 12.755412 1.199663 8.080831
v 12.704906 1.241651 8.031719
v 12.771149 1.180818 8.150818
v 12.769081 1.165861 8.243676
v 12.761787 1.140428 8.331568
v 12.780863 1.119020 8.421005
v 12.821522 1.087499 8.521152
v 12.863285 1.055334 8.601833
v 12.886653 1.034700 8.661602
v 12.892791 1.028051 8.713610
v 12.641988 1.487981 8.149536
v 12.702949 1.418539 8.082897
v 12.703675 1.329939 8.027303
v 12.658414 1.262304 8.019090
v 12.876592 1.020013 8.777172
v 12.877962 1.059320 8.795212
v 12.871677 1.098878 8.813058
v 12.858106 1.136461 8.830385
v 12.846132 0.989034 8.814525
v 12.847728 1.033083 8.839699
v 12.800020 0.998659 8.894822
v 12.792405 0.954218 8.856560
v 12.843531 1.079172 8.861524
v 12.798998 1.052389 8.923804
v 12.832150 1.126745 8.878193
v 12.784668 1.110212 8.933634
v 12.729419 0.974348 8.930459
v 12.726512 0.929475 8.887938
v 12.728365 1.028944 8.963285
v 12.719221 1.090753 8.968220
v 12.649475 0.966734 8.941329
v 12.651857 0.922979 8.905353
v 12.646702 1.016260 8.971638
v 12.646122 1.073145 8.975386
v 12.639132 1.267942 8.021386
v 12.270156 1.120126 8.184587
v 12.137121 1.322828 8.385977
v 12.511753 1.517194 8.225637
vt 0.432121 0.258912
vt 0.428776 0.258496
vt 0.428380 0.260987
vt 0.430631 0.260187
vt 0.433503 0.256149
vt 0.433406 0.253016
vt 0.428643 0.253479
vt 0.428944 0.255979
vt 0.432131 0.250652
vt 0.430060 0.249708
vt 0.427839 0.249478
vt 0.428280 0.251114
vt 0.424937 0.261619
vt 0.424892 0.258508
vt 0.421249 0.258448
vt 0.421137 0.261653
vt 0.424978 0.255984
vt 0.425039 0.253574
vt 0.421157 0.253487
vt 0.421103 0.255927
vt 0.424997 0.251299
vt 0.424930 0.249453
vt 0.421453 0.249423
vt 0.421388 0.251170
vt 0.417542 0.260968
vt 0.417686 0.258336
vt 0.414212 0.258534
vt 0.415299 0.260075
vt 0.417305 0.255831
vt 0.417415 0.253234
vt 0.413155 0.252766
vt 0.413022 0.255911
vt 0.418084 0.250887
vt 0.418632 0.249269
vt 0.416262 0.249031
vt 0.414808 0.250230
vt 0.425153 0.264075
vt 0.420622 0.264108
vt 0.416475 0.262674
vt 0.413653 0.261180
vt 0.411104 0.252598
vt 0.410853 0.256075
vt 0.412804 0.249427
vt 0.415449 0.247629
vt 0.421498 0.248048
vt 0.425054 0.248091
vt 0.428165 0.248188
vt 0.431213 0.248438
vt 0.436560 0.256405
vt 0.436635 0.252554
vt 0.434088 0.259880
vt 0.431962 0.261268
vt 0.428498 0.245132
vt 0.428674 0.241475
vt 0.424817 0.241053
vt 0.425014 0.245046
vt 0.428500 0.239097
vt 0.424641 0.238703
vt 0.428048 0.235557
vt 0.424293 0.235142
vt 0.427483 0.231967
vt 0.423897 0.231512
vt 0.426870 0.228162
vt 0.423503 0.227719
vt 0.426408 0.223538
vt 0.423201 0.223121
vt 0.426391 0.219621
vt 0.423135 0.219189
vt 0.426411 0.217088
vt 0.423090 0.216792
vt 0.426333 0.214451
vt 0.422935 0.214635
vt 0.421054 0.240857
vt 0.421382 0.244956
vt 0.420858 0.238511
vt 0.420551 0.234993
vt 0.420231 0.231394
vt 0.419982 0.227615
vt 0.419820 0.223033
vt 0.419809 0.219143
vt 0.419861 0.216807
vt 0.419971 0.214707
vt 0.417300 0.240649
vt 0.417867 0.244619
vt 0.417124 0.238365
vt 0.416831 0.235001
vt 0.416547 0.231528
vt 0.416404 0.227768
vt 0.416415 0.223181
vt 0.416452 0.219360
vt 0.416580 0.216983
vt 0.416871 0.214599
vt 0.428288 0.247524
vt 0.425076 0.247453
vt 0.421491 0.247407
vt 0.418249 0.247165
vt 0.414837 0.244211
vt 0.415046 0.246816
vt 0.414558 0.240236
vt 0.414384 0.238174
vt 0.414061 0.235066
vt 0.413707 0.231743
vt 0.413554 0.227962
vt 0.413642 0.223315
vt 0.413879 0.219392
vt 0.414119 0.216905
vt 0.414464 0.214512
vt 0.417809 0.212307
vt 0.415922 0.211900
vt 0.414693 0.213237
vt 0.420207 0.212399
vt 0.422555 0.212236
vt 0.425014 0.211958
vt 0.428219 0.212736
vt 0.426877 0.211548
vt 0.428735 0.216980
vt 0.428720 0.214670
vt 0.428703 0.219731
vt 0.428797 0.223957
vt 0.429364 0.228639
vt 0.430150 0.232476
vt 0.430884 0.235953
vt 0.431855 0.239280
vt 0.432312 0.241845
vt 0.432350 0.245251
vt 0.431721 0.247762
vt 0.412119 0.243342
vt 0.412084 0.240110
vt 0.408857 0.239822
vt 0.408899 0.242402
vt 0.411999 0.238017
vt 0.408846 0.237788
vt 0.411801 0.234861
vt 0.408818 0.234642
vt 0.411578 0.231487
vt 0.408809 0.231222
vt 0.411441 0.227718
vt 0.408803 0.227457
vt 0.411488 0.223068
vt 0.408836 0.222778
vt 0.411807 0.219225
vt 0.408973 0.218817
vt 0.412133 0.216812
vt 0.409152 0.216356
vt 0.412536 0.214282
vt 0.409370 0.214041
vt 0.405581 0.239401
vt 0.405368 0.241431
vt 0.405680 0.237458
vt 0.405742 0.234371
vt 0.405829 0.230979
vt 0.406018 0.227260
vt 0.406111 0.222602
vt 0.405988 0.218595
vt 0.405854 0.216101
vt 0.405787 0.213810
vt 0.402586 0.238938
vt 0.402577 0.240758
vt 0.402612 0.237091
vt 0.402674 0.234126
vt 0.402812 0.230839
vt 0.403094 0.227150
vt 0.403262 0.222518
vt 0.402966 0.218520
vt 0.402745 0.215983
vt 0.402776 0.213394
vt 0.412088 0.245031
vt 0.409071 0.243895
vt 0.405015 0.243092
vt 0.402708 0.242396
vt 0.400388 0.240554
vt 0.400580 0.241978
vt 0.400311 0.238722
vt 0.400308 0.236849
vt 0.400374 0.234038
vt 0.400507 0.230858
vt 0.400621 0.227156
vt 0.400710 0.222489
vt 0.400678 0.218211
vt 0.400471 0.215730
vt 0.399949 0.213279
vt 0.414140 0.204809
vt 0.416282 0.205728
vt 0.416719 0.204593
vt 0.415341 0.203345
vt 0.413290 0.206971
vt 0.415877 0.207295
vt 0.413091 0.209363
vt 0.415714 0.208913
vt 0.413500 0.211759
vt 0.415771 0.210614
vt 0.397296 0.240551
vt 0.397282 0.238762
vt 0.393072 0.238982
vt 0.392879 0.240928
vt 0.397319 0.236912
vt 0.393266 0.237037
vt 0.397461 0.233947
vt 0.393585 0.233953
vt 0.397663 0.230648
vt 0.393956 0.230536
vt 0.397839 0.226890
vt 0.394345 0.226687
vt 0.398048 0.222108
vt 0.394745 0.221785
vt 0.398174 0.217895
vt 0.394934 0.217367
vt 0.398090 0.215205
vt 0.394971 0.214571
vt 0.397816 0.212459
vt 0.394925 0.211842
vt 0.388955 0.238857
vt 0.388532 0.240781
vt 0.389305 0.236899
vt 0.389797 0.233806
vt 0.390328 0.230406
vt 0.390913 0.226595
vt 0.391519 0.221735
vt 0.391827 0.217351
vt 0.391932 0.214557
vt 0.391955 0.211811
vt 0.385014 0.238609
vt 0.384696 0.240484
vt 0.385398 0.236690
vt 0.386034 0.233663
vt 0.386750 0.230371
vt 0.387603 0.226684
vt 0.388447 0.221981
vt 0.388851 0.217847
vt 0.389090 0.215175
vt 0.389324 0.212425
vt 0.397303 0.242197
vt 0.392668 0.242761
vt 0.388014 0.242543
vt 0.384263 0.242138
vt 0.381853 0.240676
vt 0.381672 0.242326
vt 0.382099 0.238725
vt 0.382450 0.236687
vt 0.383176 0.233760
vt 0.384071 0.230552
vt 0.385066 0.226904
vt 0.386084 0.222289
vt 0.386709 0.218217
vt 0.387137 0.215569
vt 0.387650 0.213004
vt 0.426038 0.202454
vt 0.424729 0.204405
vt 0.426405 0.204685
vt 0.427885 0.203528
vt 0.423301 0.201691
vt 0.422581 0.204173
vt 0.420280 0.201660
vt 0.420469 0.204223
vt 0.417395 0.202291
vt 0.418354 0.204394
vt 0.379422 0.240970
vt 0.379453 0.238984
vt 0.375563 0.239455
vt 0.375980 0.241772
vt 0.379691 0.236995
vt 0.375699 0.237233
vt 0.380511 0.233939
vt 0.376856 0.234021
vt 0.381692 0.230649
vt 0.378604 0.230715
vt 0.382950 0.226941
vt 0.380444 0.226944
vt 0.384139 0.222255
vt 0.381867 0.222173
vt 0.384972 0.218239
vt 0.382655 0.218029
vt 0.385484 0.215719
vt 0.383106 0.215499
vt 0.385965 0.213218
vt 0.383748 0.213255
vt 0.370353 0.240024
vt 0.371116 0.243075
vt 0.370433 0.236911
vt 0.373018 0.233421
vt 0.375759 0.230417
vt 0.378317 0.226766
vt 0.379738 0.222090
vt 0.380368 0.217939
vt 0.380411 0.215241
vt 0.380893 0.213195
vt 0.439855 0.245080
vt 0.439852 0.241582
vt 0.436256 0.241874
vt 0.436571 0.245040
vt 0.439242 0.238468
vt 0.435551 0.239120
vt 0.436979 0.234898
vt 0.434098 0.235682
vt 0.434558 0.231809
vt 0.432226 0.232387
vt 0.433187 0.228079
vt 0.431182 0.228533
vt 0.432649 0.223360
vt 0.430603 0.223782
vt 0.432664 0.219190
vt 0.430440 0.219769
vt 0.432741 0.216493
vt 0.430489 0.216957
vt 0.432723 0.214432
vt 0.430888 0.214622
vt 0.379777 0.242766
vt 0.376694 0.243490
vt 0.372263 0.245197
vt 0.439322 0.246867
vt 0.436204 0.247075
vt 0.429340 0.211341
vt 0.427067 0.210375
vt 0.430007 0.209228
vt 0.427197 0.208844
vt 0.429932 0.206934
vt 0.427106 0.207301
vt 0.429087 0.204882
vt 0.426769 0.205799
vt 0.425090 0.210636
vt 0.425119 0.208943
vt 0.422583 0.209031
vt 0.422584 0.210847
vt 0.425046 0.207280
vt 0.422561 0.207267
vt 0.424886 0.205622
vt 0.422571 0.205526
vt 0.420164 0.209097
vt 0.420179 0.210955
vt 0.420212 0.207309
vt 0.420340 0.205561
vt 0.417714 0.209074
vt 0.417724 0.210881
vt 0.417829 0.207326
vt 0.418083 0.205653
vt 0.434492 0.250198
vt 0.418382 0.247897
vt 0.412029 0.259240
vt 0.429164 0.262676
vt 0.429447 0.263292
vt 0.432429 0.261779
vt 0.425253 0.264757
vt 0.420468 0.264795
vt 0.416106 0.263274
vt 0.413137 0.261635
vt 0.411402 0.259556
vt 0.410186 0.256170
vt 0.410515 0.252541
vt 0.411985 0.249130
vt 0.435234 0.249953
vt 0.437302 0.252419
vt 0.437212 0.256531
vt 0.434687 0.260236
vn -0.399265 0.486960 -0.776825
vn -0.463864 0.417038 -0.781607
vn -0.402997 0.418938 -0.813686
vn -0.407069 0.478690 -0.777915
vn -0.378305 0.491269 -0.784563
vn -0.368638 0.438833 -0.819470
vn -0.440669 0.492120 -0.750752
vn -0.477011 0.489049 -0.730268
vn -0.364190 0.376112 -0.852001
vn -0.373787 0.309941 -0.874197
vn -0.420498 0.268239 -0.866735
vn -0.418798 0.392286 -0.818975
vn -0.439232 0.315750 -0.841057
vn -0.500224 0.337120 -0.797575
vn -0.486466 0.334483 -0.807138
vn -0.513691 0.266335 -0.815590
vn -0.509747 0.519802 -0.685539
vn -0.485388 0.543723 -0.684664
vn -0.508846 0.520420 -0.685740
vn -0.480723 0.534519 -0.695122
vn -0.483914 0.358292 -0.798407
vn -0.484117 0.224773 -0.845641
vn -0.556918 0.172412 -0.812475
vn -0.541273 0.286937 -0.790374
vn -0.585242 0.296374 -0.754754
vn -0.537090 0.367263 -0.759376
vn -0.631332 0.372715 -0.680076
vn -0.628575 0.338642 -0.700154
vn -0.545982 0.470003 -0.693542
vn -0.598914 0.383160 -0.703200
vn -0.707670 0.208719 -0.675010
vn -0.675890 0.356997 -0.644768
vn -0.619125 0.150023 -0.770829
vn -0.633877 0.087436 -0.768476
vn -0.664355 0.039085 -0.746395
vn -0.673970 0.051914 -0.736932
vn -0.353199 0.612718 -0.706984
vn -0.571627 0.536187 -0.621085
vn -0.707455 0.499599 -0.499908
vn -0.755693 0.480065 -0.445494
vn -0.826414 0.024184 -0.562544
vn -0.838286 0.244483 -0.487345
vn -0.729995 -0.128311 -0.671300
vn -0.661429 -0.155400 -0.733732
vn -0.527943 -0.073947 -0.846055
vn -0.419679 -0.062856 -0.905494
vn -0.330533 -0.071253 -0.941101
vn -0.255260 0.019373 -0.966678
vn -0.183754 0.557549 -0.809552
vn -0.195077 0.397881 -0.896457
vn -0.237441 0.636695 -0.733649
vn -0.275233 0.675935 -0.683636
vn 0.049050 -0.717028 -0.695316
vn 0.167411 -0.796955 -0.580376
vn 0.069542 -0.827837 -0.556641
vn -0.046572 -0.732589 -0.679077
vn 0.314108 -0.850923 -0.421029
vn 0.181117 -0.896385 -0.404587
vn 0.434804 -0.842398 -0.318294
vn 0.252211 -0.913885 -0.318124
vn 0.500215 -0.806568 -0.315013
vn 0.291038 -0.907335 -0.303382
vn 0.482939 -0.777521 -0.402780
vn 0.277118 -0.890713 -0.360327
vn 0.441945 -0.728390 -0.523577
vn 0.209014 -0.843387 -0.494986
vn 0.512801 -0.696846 -0.501438
vn 0.263669 -0.851372 -0.453481
vn 0.644454 -0.717393 -0.264625
vn 0.429745 -0.890624 -0.148690
vn 0.701733 -0.712276 0.015274
vn 0.511025 -0.850662 0.123400
vn -0.061997 -0.860890 -0.504999
vn -0.184340 -0.747151 -0.638580
vn 0.047395 -0.934891 -0.351757
vn 0.096739 -0.957519 -0.271659
vn 0.108780 -0.963869 -0.243153
vn 0.079675 -0.955937 -0.282553
vn -0.008233 -0.912084 -0.409922
vn 0.000692 -0.938009 -0.346610
vn 0.152474 -0.987978 -0.025498
vn 0.270500 -0.934098 0.233006
vn -0.209199 -0.871688 -0.443166
vn -0.309211 -0.757607 -0.574821
vn -0.099579 -0.959054 -0.265142
vn -0.075623 -0.984899 -0.155744
vn -0.097996 -0.989523 -0.106024
vn -0.153485 -0.977842 -0.142362
vn -0.247780 -0.933607 -0.258810
vn -0.258916 -0.943666 -0.206049
vn -0.120615 -0.989214 0.083108
vn 0.022903 -0.936335 0.350359
vn -0.100392 -0.528025 -0.843274
vn -0.211216 -0.526696 -0.823395
vn -0.346416 -0.530889 -0.773404
vn -0.439901 -0.565023 -0.698024
vn -0.454828 -0.742977 -0.491037
vn -0.552025 -0.563899 -0.614236
vn -0.386619 -0.858086 -0.337956
vn -0.290745 -0.951673 -0.098929
vn -0.284316 -0.956909 0.059073
vn -0.350413 -0.929195 0.117506
vn -0.431131 -0.900218 0.061103
vn -0.503278 -0.860519 -0.078851
vn -0.484662 -0.871971 -0.069063
vn -0.323292 -0.923464 0.206633
vn -0.143432 -0.858393 0.492533
vn 0.078425 -0.828099 0.555070
vn -0.073443 -0.779706 0.621824
vn 0.340941 -0.824232 0.452107
vn 0.569242 -0.739118 0.360094
vn 0.746713 -0.607648 0.270524
vn 0.836117 -0.547791 -0.028858
vn 0.846524 -0.495348 0.195005
vn 0.773877 -0.549269 -0.315307
vn 0.689793 -0.522767 -0.500898
vn 0.660132 -0.546358 -0.515480
vn 0.687658 -0.600700 -0.407781
vn 0.692227 -0.664922 -0.280536
vn 0.617049 -0.747592 -0.245675
vn 0.467540 -0.808807 -0.356702
vn 0.267970 -0.770775 -0.578012
vn 0.120020 -0.650460 -0.749998
vn -0.016785 -0.428198 -0.903529
vn -0.691915 -0.629076 -0.354285
vn -0.618906 -0.774028 -0.133554
vn -0.841161 -0.501654 0.201969
vn -0.927935 -0.344874 -0.141416
vn -0.500953 -0.848085 0.172619
vn -0.637242 -0.541416 0.548444
vn -0.470527 -0.809622 0.350879
vn -0.562875 -0.465987 0.682662
vn -0.565589 -0.723063 0.396598
vn -0.648120 -0.350836 0.675910
vn -0.702485 -0.642681 0.305738
vn -0.825605 -0.232737 0.514014
vn -0.788044 -0.598952 0.142278
vn -0.930884 -0.180762 0.317460
vn -0.763381 -0.630962 0.138334
vn -0.919544 -0.225108 0.322127
vn -0.557185 -0.714205 0.423623
vn -0.724290 -0.345327 0.596785
vn -0.284063 -0.686076 0.669782
vn -0.421138 -0.438004 0.794226
vn -0.835255 -0.034596 0.548774
vn -0.989428 0.060683 0.131716
vn -0.573780 -0.098056 0.813119
vn -0.509498 -0.075816 0.857125
vn -0.605315 -0.026838 0.795533
vn -0.803841 0.048956 0.592826
vn -0.920824 0.105336 0.375483
vn -0.916062 0.098492 0.388753
vn -0.760049 0.002594 0.649861
vn -0.510342 -0.147568 0.847216
vn -0.610369 0.393190 0.687642
vn -0.806352 0.454333 0.378654
vn -0.440071 0.253999 0.861291
vn -0.429616 0.180612 0.884765
vn -0.557289 0.169467 0.812841
vn -0.750069 0.221597 0.623130
vn -0.845742 0.320028 0.426968
vn -0.818263 0.385118 0.426767
vn -0.703134 0.325951 0.631948
vn -0.522840 0.165460 0.836218
vn -0.743858 -0.448647 -0.495370
vn -0.920483 -0.196455 -0.337812
vn -0.975894 0.130316 -0.175067
vn -0.902642 0.430343 -0.006454
vn -0.613051 0.620989 0.488406
vn -0.769887 0.625559 0.126292
vn -0.484151 0.561126 0.671368
vn -0.366472 0.449650 0.814563
vn -0.359991 0.380013 0.852054
vn -0.477513 0.380209 0.792100
vn -0.623124 0.446714 0.642000
vn -0.674029 0.555309 0.487152
vn -0.647226 0.626492 0.434289
vn -0.580536 0.570691 0.580767
vn -0.435252 0.404400 0.804374
vn -0.308178 0.045628 0.950234
vn -0.293907 0.250400 0.922453
vn -0.290362 -0.266403 0.919086
vn -0.213767 -0.515037 0.830085
vn -0.130305 -0.663187 0.737024
vn -0.577105 0.684963 0.444719
vn -0.442410 0.605878 0.661200
vn -0.183109 0.790669 0.584220
vn -0.362654 0.891771 0.270606
vn -0.285232 0.535290 0.795052
vn -0.060648 0.671424 0.738588
vn -0.266246 0.528980 0.805788
vn -0.084518 0.674715 0.733223
vn -0.352811 0.565195 0.745707
vn -0.154176 0.722573 0.673883
vn -0.443312 0.636872 0.630769
vn -0.213045 0.782062 0.585655
vn -0.470780 0.719639 0.510378
vn -0.263786 0.836821 0.479737
vn -0.478159 0.776691 0.410019
vn -0.292137 0.876067 0.383618
vn -0.416868 0.730390 0.541066
vn -0.178712 0.829174 0.529653
vn -0.246048 0.562836 0.789098
vn 0.018545 0.652258 0.757770
vn 0.155253 0.912905 0.377493
vn 0.014656 0.996677 0.080128
vn 0.211813 0.797143 0.565418
vn 0.176899 0.783675 0.595450
vn 0.131532 0.820250 0.556677
vn 0.077495 0.874048 0.479619
vn 0.009214 0.925368 0.378958
vn 0.004043 0.945474 0.325674
vn 0.142014 0.873331 0.465966
vn 0.300311 0.691526 0.656966
vn 0.309227 0.920619 0.238409
vn 0.188245 0.982110 -0.004919
vn 0.382986 0.825050 0.415468
vn 0.405678 0.789011 0.461397
vn 0.404443 0.809877 0.424883
vn 0.357778 0.871270 0.335982
vn 0.292067 0.925628 0.240645
vn 0.302272 0.926208 0.225324
vn 0.407346 0.845137 0.346141
vn 0.527814 0.671379 0.520252
vn -0.700278 0.711701 0.055611
vn -0.518183 0.839903 -0.161401
vn -0.174303 0.934758 -0.309590
vn -0.003129 0.940268 -0.340420
vn 0.214534 0.975604 -0.046609
vn -0.001618 0.927575 -0.373633
vn 0.377140 0.904126 0.200805
vn 0.494665 0.790906 0.360241
vn 0.571794 0.714381 0.403374
vn 0.614143 0.715207 0.333627
vn 0.581726 0.788619 0.199187
vn 0.501403 0.859190 0.101926
vn 0.482619 0.866475 0.127673
vn 0.565315 0.781175 0.264923
vn 0.690954 0.578162 0.433949
vn 0.661810 0.431304 0.613175
vn 0.766178 0.381370 0.517231
vn 0.444287 0.459367 0.769150
vn 0.163656 0.415334 0.894827
vn -0.113144 0.323296 0.939510
vn 0.333972 0.907523 -0.254686
vn 0.549043 0.833731 0.058683
vn 0.786150 0.548761 -0.284305
vn 0.493941 0.639471 -0.589151
vn 0.661807 0.692470 0.287223
vn 0.927473 0.365636 0.078126
vn 0.742860 0.552307 0.378307
vn 0.939645 0.187635 0.286113
vn 0.802285 0.533826 0.267150
vn 0.965755 0.199811 0.165508
vn 0.777991 0.625794 0.055782
vn 0.937501 0.329778 -0.111076
vn 0.688928 0.721091 -0.073526
vn 0.858252 0.424794 -0.288017
vn 0.658569 0.752256 -0.019949
vn 0.860342 0.439898 -0.257491
vn 0.735142 0.648098 0.198835
vn 0.944936 0.324343 0.043563
vn 0.819445 0.402354 0.408191
vn 0.927881 0.134671 0.347709
vn 0.808803 -0.064855 -0.584493
vn 0.477756 0.153199 -0.865032
vn 0.951123 -0.267810 -0.153762
vn 0.942959 -0.318147 0.098033
vn 0.978677 -0.205388 -0.002782
vn 0.963612 -0.042794 -0.263859
vn 0.897841 0.026422 -0.439527
vn 0.897186 -0.008601 -0.441569
vn 0.980760 -0.108040 -0.162596
vn 0.966939 -0.158344 0.199892
vn 0.506224 -0.606117 -0.613482
vn 0.270550 -0.393075 -0.878803
vn 0.677693 -0.687786 -0.260158
vn 0.775517 -0.624207 -0.094544
vn 0.853195 -0.491822 -0.173692
vn 0.858003 -0.362956 -0.363448
vn 0.812647 -0.307889 -0.494783
vn 0.802673 -0.334033 -0.494103
vn 0.874406 -0.391072 -0.287189
vn 0.924503 -0.378763 0.042821
vn 0.043312 0.833795 -0.550373
vn 0.133260 0.634020 -0.761749
vn 0.121032 0.306283 -0.944215
vn 0.044438 -0.133618 -0.990036
vn 0.887945 -0.350668 0.297632
vn 0.899139 -0.172916 0.402057
vn 0.884573 0.011589 0.466258
vn 0.841186 0.210060 0.498278
vn 0.792359 -0.433098 0.429643
vn 0.831185 -0.260987 0.490934
vn 0.672469 -0.428259 0.603639
vn 0.621948 -0.584515 0.521078
vn 0.839939 -0.064866 0.538790
vn 0.678176 -0.159947 0.717282
vn 0.785226 0.168015 0.595980
vn 0.591480 0.154455 0.791388
vn 0.359766 -0.557259 0.748352
vn 0.363577 -0.688299 0.627739
vn 0.337805 -0.260763 0.904373
vn 0.271842 0.096764 0.957465
vn 0.025463 -0.574957 0.817787
vn 0.066134 -0.697071 0.713946
vn -0.019103 -0.303476 0.952648
vn -0.050005 0.037212 0.998056
vn -0.217967 0.192454 -0.956793
vn -0.615618 -0.121175 -0.778673
vn -0.793749 0.396553 -0.461204
vn -0.260531 0.660228 -0.704431
s 1
g Feet M_Skeleton L_F_Distal_Phalanx_4
usemtl Skeleton_Feet_SG
f 2975/3320/2975 2976/3321/2976 2977/3322/2977 2978/3323/2978
f 2979/3324/2979 2980/3325/2980 2981/3326/2981 2982/3327/2982
f 2983/3328/2983 2984/3329/2984 2985/3330/2985 2986/3331/2986
f 2987/3332/2987 2988/3333/2988 2989/3334/2989 2990/3335/2990
f 2991/3336/2991 2992/3337/2992 2993/3338/2993 2994/3339/2994
f 2995/3340/2995 2996/3341/2996 2997/3342/2997 2998/3343/2998
f 2999/3344/2999 3000/3345/3000 3001/3346/3001 3002/3347/3002
f 3003/3348/3003 3004/3349/3004 3005/3350/3005 3006/3351/3006
f 3007/3352/3007 3008/3353/3008 3009/3354/3009 3010/3355/3010
f 3011/3356/3011 2987/3332/2987 2990/3335/2990 3012/3357/3012
f 3013/3358/3013 2999/3344/2999 3002/3347/3002 3014/3359/3014
f 3006/3351/3006 3005/3350/3005 3015/3360/3015 3016/3361/3016
f 3005/3350/3005 3010/3355/3010 3017/3362/3017 3015/3360/3015
f 3017/3362/3017 3010/3355/3010 3009/3354/3009 3018/3363/3018
f 3019/3364/3019 2997/3342/2997 2996/3341/2996 3020/3365/3020
f 3021/3366/3021 2985/3330/2985 2984/3329/2984 3022/3367/3022
f 2980/3325/2980 2979/3324/2979 3023/3368/3023 3024/3369/3024
f 3025/3370/3025 2975/3320/2975 2978/3323/2978 3026/3371/3026
f 3027/3372/3027 3028/3373/3028 3029/3374/3029 3030/3375/3030
f 3028/3373/3028 3031/3376/3031 3032/3377/3032 3029/3374/3029
f 3031/3376/3031 3033/3378/3033 3034/3379/3034 3032/3377/3032
f 3033/3378/3033 3035/3380/3035 3036/3381/3036 3034/3379/3034
f 3035/3380/3035 3037/3382/3037 3038/3383/3038 3036/3381/3036
f 3037/3382/3037 3039/3384/3039 3040/3385/3040 3038/3383/3038
f 3039/3384/3039 3041/3386/3041 3042/3387/3042 3040/3385/3040
f 3041/3386/3041 3043/3388/3043 3044/3389/3044 3042/3387/3042
f 3043/3388/3043 3045/3390/3045 3046/3391/3046 3044/3389/3044
f 3030/3375/3030 3029/3374/3029 3047/3392/3047 3048/3393/3048
f 3029/3374/3029 3032/3377/3032 3049/3394/3049 3047/3392/3047
f 3032/3377/3032 3034/3379/3034 3050/3395/3050 3049/3394/3049
f 3034/3379/3034 3036/3381/3036 3051/3396/3051 3050/3395/3050
f 3036/3381/3036 3038/3383/3038 3052/3397/3052 3051/3396/3051
f 3038/3383/3038 3040/3385/3040 3053/3398/3053 3052/3397/3052
f 3040/3385/3040 3042/3387/3042 3054/3399/3054 3053/3398/3053
f 3042/3387/3042 3044/3389/3044 3055/3400/3055 3054/3399/3054
f 3044/3389/3044 3046/3391/3046 3056/3401/3056 3055/3400/3055
f 3048/3393/3048 3047/3392/3047 3057/3402/3057 3058/3403/3058
f 3047/3392/3047 3049/3394/3049 3059/3404/3059 3057/3402/3057
f 3049/3394/3049 3050/3395/3050 3060/3405/3060 3059/3404/3059
f 3050/3395/3050 3051/3396/3051 3061/3406/3061 3060/3405/3060
f 3051/3396/3051 3052/3397/3052 3062/3407/3062 3061/3406/3061
f 3052/3397/3052 3053/3398/3053 3063/3408/3063 3062/3407/3062
f 3053/3398/3053 3054/3399/3054 3064/3409/3064 3063/3408/3063
f 3054/3399/3054 3055/3400/3055 3065/3410/3065 3064/3409/3064
f 3055/3400/3055 3056/3401/3056 3066/3411/3066 3065/3410/3065
f 3067/3412/3067 3027/3372/3027 3030/3375/3030 3068/3413/3068
f 3068/3413/3068 3030/3375/3030 3048/3393/3048 3069/3414/3069
f 3069/3414/3069 3048/3393/3048 3058/3403/3058 3070/3415/3070
f 3070/3415/3070 3058/3403/3058 3071/3416/3071 3072/3417/3072
f 3058/3403/3058 3057/3402/3057 3073/3418/3073 3071/3416/3071
f 3057/3402/3057 3059/3404/3059 3074/3419/3074 3073/3418/3073
f 3059/3404/3059 3060/3405/3060 3075/3420/3075 3074/3419/3074
f 3060/3405/3060 3061/3406/3061 3076/3421/3076 3075/3420/3075
f 3061/3406/3061 3062/3407/3062 3077/3422/3077 3076/3421/3076
f 3062/3407/3062 3063/3408/3063 3078/3423/3078 3077/3422/3077
f 3063/3408/3063 3064/3409/3064 3079/3424/3079 3078/3423/3078
f 3064/3409/3064 3065/3410/3065 3080/3425/3080 3079/3424/3079
f 3065/3410/3065 3066/3411/3066 3081/3426/3081 3080/3425/3080
f 3066/3411/3066 3082/3427/3082 3083/3428/3083 3081/3429/3081
f 3082/3427/3082 3066/3411/3066 3056/3401/3056 3084/3430/3084
f 3084/3430/3084 3056/3401/3056 3046/3391/3046 3085/3431/3085
f 3085/3431/3085 3046/3391/3046 3045/3390/3045 3086/3432/3086
f 3086/3432/3086 3045/3390/3045 3087/3433/3087 3088/3434/3088
f 3045/3390/3045 3043/3388/3043 3089/3435/3089 3087/3436/3087
f 3043/3388/3043 3041/3386/3041 3090/3437/3090 3089/3435/3089
f 3041/3386/3041 3039/3384/3039 3091/3438/3091 3090/3437/3090
f 3039/3384/3039 3037/3382/3037 3092/3439/3092 3091/3438/3091
f 3037/3382/3037 3035/3380/3035 3093/3440/3093 3092/3439/3092
f 3035/3380/3035 3033/3378/3033 3094/3441/3094 3093/3440/3093
f 3033/3378/3033 3031/3376/3031 3095/3442/3095 3094/3441/3094
f 3031/3376/3031 3028/3373/3028 3096/3443/3096 3095/3442/3095
f 3028/3373/3028 3027/3372/3027 3097/3444/3097 3096/3443/3096
f 3027/3372/3027 3067/3412/3067 3098/3445/3098 3097/3444/3097
f 3099/3446/3099 3100/3447/3100 3101/3448/3101 3102/3449/3102
f 3100/3447/3100 3103/3450/3103 3104/3451/3104 3101/3448/3101
f 3103/3450/3103 3105/3452/3105 3106/3453/3106 3104/3451/3104
f 3105/3452/3105 3107/3454/3107 3108/3455/3108 3106/3453/3106
f 3107/3454/3107 3109/3456/3109 3110/3457/3110 3108/3455/3108
f 3109/3456/3109 3111/3458/3111 3112/3459/3112 3110/3457/3110
f 3111/3458/3111 3113/3460/3113 3114/3461/3114 3112/3459/3112
f 3113/3460/3113 3115/3462/3115 3116/3463/3116 3114/3461/3114
f 3115/3462/3115 3117/3464/3117 3118/3465/3118 3116/3463/3116
f 3102/3449/3102 3101/3448/3101 3119/3466/3119 3120/3467/3120
f 3101/3448/3101 3104/3451/3104 3121/3468/3121 3119/3466/3119
f 3104/3451/3104 3106/3453/3106 3122/3469/3122 3121/3468/3121
f 3106/3453/3106 3108/3455/3108 3123/3470/3123 3122/3469/3122
f 3108/3455/3108 3110/3457/3110 3124/3471/3124 3123/3470/3123
f 3110/3457/3110 3112/3459/3112 3125/3472/3125 3124/3471/3124
f 3112/3459/3112 3114/3461/3114 3126/3473/3126 3125/3472/3125
f 3114/3461/3114 3116/3463/3116 3127/3474/3127 3126/3473/3126
f 3116/3463/3116 3118/3465/3118 3128/3475/3128 3127/3474/3127
f 3120/3467/3120 3119/3466/3119 3129/3476/3129 3130/3477/3130
f 3119/3466/3119 3121/3468/3121 3131/3478/3131 3129/3476/3129
f 3121/3468/3121 3122/3469/3122 3132/3479/3132 3131/3478/3131
f 3122/3469/3122 3123/3470/3123 3133/3480/3133 3132/3479/3132
f 3123/3470/3123 3124/3471/3124 3134/3481/3134 3133/3480/3133
f 3124/3471/3124 3125/3472/3125 3135/3482/3135 3134/3481/3134
f 3125/3472/3125 3126/3473/3126 3136/3483/3136 3135/3482/3135
f 3126/3473/3126 3127/3474/3127 3137/3484/3137 3136/3483/3136
f 3127/3474/3127 3128/3475/3128 3138/3485/3138 3137/3484/3137
f 3139/3486/3139 3099/3446/3099 3102/3449/3102 3140/3487/3140
f 3140/3487/3140 3102/3449/3102 3120/3467/3120 3141/3488/3141
f 3141/3488/3141 3120/3467/3120 3130/3477/3130 3142/3489/3142
f 3142/3489/3142 3130/3477/3130 3143/3490/3143 3144/3491/3144
f 3130/3477/3130 3129/3476/3129 3145/3492/3145 3143/3490/3143
f 3129/3476/3129 3131/3478/3131 3146/3493/3146 3145/3492/3145
f 3131/3478/3131 3132/3479/3132 3147/3494/3147 3146/3493/3146
f 3132/3479/3132 3133/3480/3133 3148/3495/3148 3147/3494/3147
f 3133/3480/3133 3134/3481/3134 3149/3496/3149 3148/3495/3148
f 3134/3481/3134 3135/3482/3135 3150/3497/3150 3149/3496/3149
f 3135/3482/3135 3136/3483/3136 3151/3498/3151 3150/3497/3150
f 3136/3483/3136 3137/3484/3137 3152/3499/3152 3151/3498/3151
f 3137/3484/3137 3138/3485/3138 3153/3500/3153 3152/3499/3152
f 3138/3501/3138 3154/3502/3154 3155/3503/3155 3153/3504/3153
f 3154/3502/3154 3138/3501/3138 3128/3505/3128 3156/3506/3156
f 3156/3506/3156 3128/3505/3128 3118/3507/3118 3157/3508/3157
f 3157/3508/3157 3118/3507/3118 3117/3509/3117 3158/3510/3158
f 3158/3510/3158 3117/3509/3117 3081/3429/3081 3083/3428/3083
f 3117/3464/3117 3115/3462/3115 3080/3425/3080 3081/3426/3081
f 3115/3462/3115 3113/3460/3113 3079/3424/3079 3080/3425/3080
f 3113/3460/3113 3111/3458/3111 3078/3423/3078 3079/3424/3079
f 3111/3458/3111 3109/3456/3109 3077/3422/3077 3078/3423/3078
f 3109/3456/3109 3107/3454/3107 3076/3421/3076 3077/3422/3077
f 3107/3454/3107 3105/3452/3105 3075/3420/3075 3076/3421/3076
f 3105/3452/3105 3103/3450/3103 3074/3419/3074 3075/3420/3075
f 3103/3450/3103 3100/3447/3100 3073/3418/3073 3074/3419/3074
f 3100/3447/3100 3099/3446/3099 3071/3416/3071 3073/3418/3073
f 3099/3446/3099 3139/3486/3139 3072/3417/3072 3071/3416/3071
f 3159/3511/3159 3160/3512/3160 3161/3513/3161 3162/3514/3162
f 3160/3512/3160 3163/3515/3163 3164/3516/3164 3161/3513/3161
f 3163/3515/3163 3165/3517/3165 3166/3518/3166 3164/3516/3164
f 3165/3517/3165 3167/3519/3167 3168/3520/3168 3166/3518/3166
f 3167/3519/3167 3169/3521/3169 3170/3522/3170 3168/3520/3168
f 3169/3521/3169 3171/3523/3171 3172/3524/3172 3170/3522/3170
f 3171/3523/3171 3173/3525/3173 3174/3526/3174 3172/3524/3172
f 3173/3525/3173 3175/3527/3175 3176/3528/3176 3174/3526/3174
f 3175/3527/3175 3177/3529/3177 3178/3530/3178 3176/3528/3176
f 3162/3514/3162 3161/3513/3161 3179/3531/3179 3180/3532/3180
f 3161/3513/3161 3164/3516/3164 3181/3533/3181 3179/3531/3179
f 3164/3516/3164 3166/3518/3166 3182/3534/3182 3181/3533/3181
f 3166/3518/3166 3168/3520/3168 3183/3535/3183 3182/3534/3182
f 3168/3520/3168 3170/3522/3170 3184/3536/3184 3183/3535/3183
f 3170/3522/3170 3172/3524/3172 3185/3537/3185 3184/3536/3184
f 3172/3524/3172 3174/3526/3174 3186/3538/3186 3185/3537/3185
f 3174/3526/3174 3176/3528/3176 3187/3539/3187 3186/3538/3186
f 3176/3528/3176 3178/3530/3178 3188/3540/3188 3187/3539/3187
f 3180/3532/3180 3179/3531/3179 3189/3541/3189 3190/3542/3190
f 3179/3531/3179 3181/3533/3181 3191/3543/3191 3189/3541/3189
f 3181/3533/3181 3182/3534/3182 3192/3544/3192 3191/3543/3191
f 3182/3534/3182 3183/3535/3183 3193/3545/3193 3192/3544/3192
f 3183/3535/3183 3184/3536/3184 3194/3546/3194 3193/3545/3193
f 3184/3536/3184 3185/3537/3185 3195/3547/3195 3194/3546/3194
f 3185/3537/3185 3186/3538/3186 3196/3548/3196 3195/3547/3195
f 3186/3538/3186 3187/3539/3187 3197/3549/3197 3196/3548/3196
f 3187/3539/3187 3188/3540/3188 3198/3550/3198 3197/3549/3197
f 3199/3551/3199 3159/3511/3159 3162/3514/3162 3200/3552/3200
f 3200/3552/3200 3162/3514/3162 3180/3532/3180 3201/3553/3201
f 3201/3553/3201 3180/3532/3180 3190/3542/3190 3202/3554/3202
f 3202/3554/3202 3190/3542/3190 3203/3555/3203 3204/3556/3204
f 3190/3542/3190 3189/3541/3189 3205/3557/3205 3203/3555/3203
f 3189/3541/3189 3191/3543/3191 3206/3558/3206 3205/3557/3205
f 3191/3543/3191 3192/3544/3192 3207/3559/3207 3206/3558/3206
f 3192/3544/3192 3193/3545/3193 3208/3560/3208 3207/3559/3207
f 3193/3545/3193 3194/3546/3194 3209/3561/3209 3208/3560/3208
f 3194/3546/3194 3195/3547/3195 3210/3562/3210 3209/3561/3209
f 3195/3547/3195 3196/3548/3196 3211/3563/3211 3210/3562/3210
f 3196/3548/3196 3197/3549/3197 3212/3564/3212 3211/3563/3211
f 3197/3549/3197 3198/3550/3198 3213/3565/3213 3212/3564/3212
f 3198/3566/3198 3214/3567/3214 3215/3568/3215 3213/3569/3213
f 3214/3567/3214 3198/3566/3198 3188/3570/3188 3216/3571/3216
f 3216/3571/3216 3188/3570/3188 3178/3572/3178 3217/3573/3217
f 3217/3573/3217 3178/3572/3178 3177/3574/3177 3218/3575/3218
f 3218/3575/3218 3177/3574/3177 3153/3504/3153 3155/3503/3155
f 3177/3529/3177 3175/3527/3175 3152/3499/3152 3153/3500/3153
f 3175/3527/3175 3173/3525/3173 3151/3498/3151 3152/3499/3152
f 3173/3525/3173 3171/3523/3171 3150/3497/3150 3151/3498/3151
f 3171/3523/3171 3169/3521/3169 3149/3496/3149 3150/3497/3150
f 3169/3521/3169 3167/3519/3167 3148/3495/3148 3149/3496/3149
f 3167/3519/3167 3165/3517/3165 3147/3494/3147 3148/3495/3148
f 3165/3517/3165 3163/3515/3163 3146/3493/3146 3147/3494/3147
f 3163/3515/3163 3160/3512/3160 3145/3492/3145 3146/3493/3146
f 3160/3512/3160 3159/3511/3159 3143/3490/3143 3145/3492/3145
f 3159/3511/3159 3199/3551/3199 3144/3491/3144 3143/3490/3143
f 3219/3576/3219 3220/3577/3220 3221/3578/3221 3222/3579/3222
f 3220/3577/3220 3223/3580/3223 3224/3581/3224 3221/3578/3221
f 3223/3580/3223 3225/3582/3225 3226/3583/3226 3224/3581/3224
f 3225/3582/3225 3227/3584/3227 3228/3585/3228 3226/3583/3226
f 3227/3584/3227 3229/3586/3229 3230/3587/3230 3228/3585/3228
f 3229/3586/3229 3231/3588/3231 3232/3589/3232 3230/3587/3230
f 3231/3588/3231 3233/3590/3233 3234/3591/3234 3232/3589/3232
f 3233/3590/3233 3235/3592/3235 3236/3593/3236 3234/3591/3234
f 3235/3592/3235 3237/3594/3237 3238/3595/3238 3236/3593/3236
f 3222/3579/3222 3221/3578/3221 3239/3596/3239 3240/3597/3240
f 3221/3578/3221 3224/3581/3224 3241/3598/3241 3239/3596/3239
f 3224/3581/3224 3226/3583/3226 3242/3599/3242 3241/3598/3241
f 3226/3583/3226 3228/3585/3228 3243/3600/3243 3242/3599/3242
f 3228/3585/3228 3230/3587/3230 3244/3601/3244 3243/3600/3243
f 3230/3587/3230 3232/3589/3232 3245/3602/3245 3244/3601/3244
f 3232/3589/3232 3234/3591/3234 3246/3603/3246 3245/3602/3245
f 3234/3591/3234 3236/3593/3236 3247/3604/3247 3246/3603/3246
f 3236/3593/3236 3238/3595/3238 3248/3605/3248 3247/3604/3247
f 3240/3606/3240 3239/3607/3239 3249/3608/3249 3250/3609/3250
f 3239/3607/3239 3241/3610/3241 3251/3611/3251 3249/3608/3249
f 3241/3610/3241 3242/3612/3242 3252/3613/3252 3251/3611/3251
f 3242/3612/3242 3243/3614/3243 3253/3615/3253 3252/3613/3252
f 3243/3614/3243 3244/3616/3244 3254/3617/3254 3253/3615/3253
f 3244/3616/3244 3245/3618/3245 3255/3619/3255 3254/3617/3254
f 3245/3618/3245 3246/3620/3246 3256/3621/3256 3255/3619/3255
f 3246/3620/3246 3247/3622/3247 3257/3623/3257 3256/3621/3256
f 3247/3622/3247 3248/3624/3248 3258/3625/3258 3257/3623/3257
f 3259/3626/3259 3219/3576/3219 3222/3579/3222 3260/3627/3260
f 3260/3627/3260 3222/3579/3222 3240/3597/3240 3261/3628/3261
f 3261/3629/3261 3240/3606/3240 3250/3609/3250 3262/3630/3262
f 3262/3630/3262 3250/3609/3250 3097/3444/3097 3098/3445/3098
f 3250/3609/3250 3249/3608/3249 3096/3443/3096 3097/3444/3097
f 3249/3608/3249 3251/3611/3251 3095/3442/3095 3096/3443/3096
f 3251/3611/3251 3252/3613/3252 3094/3441/3094 3095/3442/3095
f 3252/3613/3252 3253/3615/3253 3093/3440/3093 3094/3441/3094
f 3253/3615/3253 3254/3617/3254 3092/3439/3092 3093/3440/3093
f 3254/3617/3254 3255/3619/3255 3091/3438/3091 3092/3439/3092
f 3255/3619/3255 3256/3621/3256 3090/3437/3090 3091/3438/3091
f 3256/3621/3256 3257/3623/3257 3089/3435/3089 3090/3437/3090
f 3257/3623/3257 3258/3625/3258 3087/3436/3087 3089/3435/3089
f 3258/3631/3258 3263/3632/3263 3088/3434/3088 3087/3433/3087
f 3263/3632/3263 3258/3631/3258 3248/3633/3248 3264/3634/3264
f 3264/3634/3264 3248/3633/3248 3238/3635/3238 3265/3636/3265
f 3265/3636/3265 3238/3635/3238 3237/3637/3237 3266/3638/3266
f 3266/3638/3266 3237/3637/3237 3213/3569/3213 3215/3568/3215
f 3237/3594/3237 3235/3592/3235 3212/3564/3212 3213/3565/3213
f 3235/3592/3235 3233/3590/3233 3211/3563/3211 3212/3564/3212
f 3233/3590/3233 3231/3588/3231 3210/3562/3210 3211/3563/3211
f 3231/3588/3231 3229/3586/3229 3209/3561/3209 3210/3562/3210
f 3229/3586/3229 3227/3584/3227 3208/3560/3208 3209/3561/3209
f 3227/3584/3227 3225/3582/3225 3207/3559/3207 3208/3560/3208
f 3225/3582/3225 3223/3580/3223 3206/3558/3206 3207/3559/3207
f 3223/3580/3223 3220/3577/3220 3205/3557/3205 3206/3558/3206
f 3220/3577/3220 3219/3576/3219 3203/3555/3203 3205/3557/3205
f 3219/3576/3219 3259/3626/3259 3204/3556/3204 3203/3555/3203
f 3267/3639/3267 3268/3640/3268 3269/3641/3269 3270/3642/3270
f 3268/3640/3268 3271/3643/3271 3272/3644/3272 3269/3641/3269
f 3271/3643/3271 3273/3645/3273 3274/3646/3274 3272/3644/3272
f 3270/3642/3270 3269/3641/3269 3275/3647/3275 3276/3648/3276
f 3269/3641/3269 3272/3644/3272 3277/3649/3277 3275/3647/3275
f 3272/3644/3272 3274/3646/3274 3278/3650/3278 3277/3649/3277
f 3276/3648/3276 3275/3647/3275 3279/3651/3279 3280/3652/3280
f 3275/3647/3275 3277/3649/3277 3281/3653/3281 3279/3651/3279
f 3277/3649/3277 3278/3650/3278 3282/3654/3282 3281/3653/3281
f 3086/3432/3086 3267/3639/3267 3270/3642/3270 3085/3431/3085
f 3085/3431/3085 3270/3642/3270 3276/3648/3276 3084/3430/3084
f 3084/3430/3084 3276/3648/3276 3280/3652/3280 3082/3427/3082
f 3082/3427/3082 3280/3652/3280 3158/3510/3158 3083/3428/3083
f 3280/3652/3280 3279/3651/3279 3157/3508/3157 3158/3510/3158
f 3279/3651/3279 3281/3653/3281 3156/3506/3156 3157/3508/3157
f 3281/3653/3281 3282/3654/3282 3154/3502/3154 3156/3506/3156
f 3282/3654/3282 3218/3575/3218 3155/3503/3155 3154/3502/3154
f 3218/3575/3218 3282/3654/3282 3278/3650/3278 3217/3573/3217
f 3217/3573/3217 3278/3650/3278 3274/3646/3274 3216/3571/3216
f 3216/3571/3216 3274/3646/3274 3273/3645/3273 3214/3567/3214
f 3214/3567/3214 3273/3645/3273 3266/3638/3266 3215/3568/3215
f 3273/3645/3273 3271/3643/3271 3265/3636/3265 3266/3638/3266
f 3271/3643/3271 3268/3640/3268 3264/3634/3264 3265/3636/3265
f 3268/3640/3268 3267/3639/3267 3263/3632/3263 3264/3634/3264
f 3267/3639/3267 3086/3432/3086 3088/3434/3088 3263/3632/3263
f 2984/3329/2984 2983/3328/2983 3283/3655/3283 3022/3367/3022
f 3009/3354/3009 3008/3353/3008 3284/3656/3284 3018/3363/3018
f 3002/3347/3002 3001/3346/3001 3285/3657/3285 3014/3359/3014
f 3026/3371/3026 2978/3323/2978 2977/3322/2977 3286/3658/3286
f 3286/3658/3286 2977/3322/2977 2987/3332/2987 3011/3356/3011
f 2976/3321/2976 2988/3333/2988 2987/3332/2987 2977/3322/2977
f 2981/3326/2981 2992/3337/2992 2991/3336/2991 2982/3327/2982
f 2985/3330/2985 2996/3341/2996 2995/3340/2995 2986/3331/2986
f 3020/3365/3020 2996/3341/2996 2985/3330/2985 3021/3366/3021
f 2983/3328/2983 2980/3325/2980 3024/3369/3024 3283/3655/3283
f 2980/3325/2980 2983/3328/2983 2986/3331/2986 2981/3326/2981
f 2995/3340/2995 2992/3337/2992 2981/3326/2981 2986/3331/2986
f 2992/3337/2992 2995/3340/2995 2998/3343/2998 2993/3338/2993
f 3004/3349/3004 3007/3352/3007 3010/3355/3010 3005/3350/3005
f 2997/3342/2997 3019/3364/3019 3284/3656/3284 3008/3353/3008
f 2998/3343/2998 2997/3342/2997 3008/3353/3008 3007/3352/3007
f 2993/3338/2993 2998/3343/2998 3007/3352/3007 3004/3349/3004
f 2994/3339/2994 2993/3338/2993 3004/3349/3004 3003/3348/3003
f 2990/3335/2990 2989/3334/2989 3000/3345/3000 2999/3344/2999
f 3012/3357/3012 2990/3335/2990 2999/3344/2999 3013/3358/3013
f 3001/3346/3001 3006/3351/3006 3016/3361/3016 3285/3657/3285
f 3000/3345/3000 3003/3348/3003 3006/3351/3006 3001/3346/3001
f 2989/3334/2989 2994/3339/2994 3003/3348/3003 3000/3345/3000
f 2988/3333/2988 2991/3336/2991 2994/3339/2994 2989/3334/2989
f 2982/3327/2982 2991/3336/2991 2988/3333/2988 2976/3321/2976
f 2979/3324/2979 2982/3327/2982 2976/3321/2976 2975/3320/2975
f 3023/3368/3023 2979/3324/2979 2975/3320/2975 3025/3370/3025
f 3202/3659/3202 3204/3660/3204 3026/3371/3026 3286/3658/3286
f 3286/3658/3286 3011/3356/3011 3201/3661/3201 3202/3659/3202
f 3011/3356/3011 3012/3357/3012 3200/3662/3200 3201/3661/3201
f 3012/3357/3012 3013/3358/3013 3199/3663/3199 3200/3662/3200
f 3013/3358/3013 3014/3359/3014 3144/3664/3144 3199/3663/3199
f 3014/3359/3014 3285/3657/3285 3142/3665/3142 3144/3664/3144
f 3285/3657/3285 3016/3361/3016 3141/3666/3141 3142/3665/3142
f 3016/3361/3016 3015/3360/3015 3140/3667/3140 3141/3666/3141
f 3015/3360/3015 3017/3362/3017 3139/3668/3139 3140/3667/3140
f 3017/3362/3017 3018/3363/3018 3072/3417/3072 3139/3668/3139
f 3018/3363/3018 3284/3656/3284 3070/3415/3070 3072/3417/3072
f 3284/3656/3284 3019/3364/3019 3069/3414/3069 3070/3415/3070
f 3019/3364/3019 3020/3365/3020 3068/3413/3068 3069/3414/3069
f 3020/3365/3020 3021/3366/3021 3067/3412/3067 3068/3413/3068
f 3021/3366/3021 3022/3367/3022 3098/3445/3098 3067/3412/3067
f 3022/3367/3022 3283/3655/3283 3262/3669/3262 3098/3445/3098
f 3283/3655/3283 3024/3369/3024 3261/3670/3261 3262/3669/3262
f 3024/3369/3024 3023/3368/3023 3260/3671/3260 3261/3670/3261
f 3023/3368/3023 3025/3370/3025 3259/3672/3259 3260/3671/3260
f 3025/3370/3025 3026/3371/3026 3204/3660/3204 3259/3672/3259
g default
v 11.048206 1.178117 8.539793
v 11.071908 1.158277 8.657041
v 10.933567 1.167429 8.688013
v 10.910843 1.162717 8.573997
v 11.087226 1.173929 8.775694
v 10.953631 1.184728 8.804210
v 11.095858 1.196630 8.893759
v 10.970445 1.192781 8.923426
v 11.105509 1.212572 9.013847
v 10.988417 1.192533 9.042979
v 11.123056 1.215818 9.134492
v 11.010376 1.182035 9.161839
v 11.147204 1.209989 9.253754
v 11.033806 1.171095 9.279919
v 11.172556 1.187036 9.370346
v 11.055916 1.155958 9.397840
v 11.077398 1.127748 9.542911
v 11.191561 1.149618 9.471530
v 10.806238 1.147127 8.717611
v 10.794048 1.138898 8.602997
v 10.821016 1.165197 8.835431
v 10.843963 1.172823 8.954527
v 10.869100 1.170675 9.073271
v 10.894094 1.156530 9.191537
v 10.916929 1.142557 9.310283
v 10.937500 1.124384 9.428762
v 10.961662 1.092168 9.568499
v 10.688037 1.075235 8.743473
v 10.672768 1.082056 8.620029
v 10.700668 1.101541 8.862198
v 10.724798 1.128221 8.979085
v 10.752691 1.138116 9.098663
v 10.777327 1.133627 9.220229
v 10.799187 1.122427 9.342212
v 10.819657 1.093515 9.461300
v 10.839564 1.048273 9.561170
v 10.993059 1.336137 8.412870
v 11.016251 1.240659 8.447033
v 10.888992 1.224615 8.471875
v 10.866920 1.317937 8.424107
v 10.761822 1.210069 8.507293
v 10.726807 1.301855 8.441571
v 10.638979 1.153768 8.515977
v 10.598658 1.258367 8.471001
v 10.524451 1.135645 8.562956
v 10.513873 1.216028 8.527393
v 10.541267 1.057664 8.785191
v 10.523369 1.075986 8.662212
v 10.573175 1.082937 8.901105
v 10.610237 1.122064 9.010674
v 10.643684 1.135976 9.129441
v 10.670723 1.137502 9.251760
v 10.691031 1.125852 9.375217
v 10.703289 1.090520 9.495283
v 10.709624 1.044805 9.597715
v 10.845047 1.044313 9.588287
v 10.867041 1.059454 9.695570
v 10.772644 1.046613 9.725514
v 10.717738 1.039392 9.624514
v 10.966400 1.088785 9.595827
v 10.975733 1.091829 9.657075
v 11.080783 1.124765 9.571361
v 11.083709 1.128233 9.628024
v 11.194252 1.146635 9.500162
v 11.192892 1.161855 9.614526
v 11.332054 1.197252 9.487111
v 11.293491 1.216398 9.618800
v 11.288557 1.237234 9.360046
v 11.330777 1.200468 9.459174
v 11.247162 1.265249 9.247431
v 11.217793 1.274339 9.127218
v 11.200761 1.270341 9.004259
v 11.202046 1.250734 8.882074
v 11.214891 1.221761 8.765277
v 11.210812 1.211759 8.641902
v 11.175690 1.240850 8.526884
v 11.073059 1.360117 8.426132
v 11.117249 1.286283 8.446993
v 11.249010 1.317422 9.754038
v 11.168078 1.279394 9.804861
v 11.177896 1.223894 9.762486
v 11.252205 1.258459 9.717520
v 11.223578 1.379533 9.767017
v 11.197971 1.419294 9.776134
v 11.135571 1.409811 9.806417
v 11.150221 1.345911 9.810129
v 11.091029 1.143430 9.724874
v 10.991156 1.114732 9.747994
v 11.089592 1.189409 9.793208
v 11.081438 1.247457 9.833269
v 10.987846 1.217916 9.857137
v 10.993591 1.162294 9.813487
v 11.065599 1.315466 9.849021
v 11.049889 1.385892 9.832205
v 10.953739 1.350202 9.859889
v 10.976553 1.284788 9.879370
v 11.028315 1.457624 9.780034
v 10.920109 1.427099 9.820413
v 10.800036 1.165269 9.885679
v 10.701456 1.160154 9.855425
v 10.717085 1.093023 9.802928
v 10.809653 1.110273 9.836429
v 10.896441 1.186666 9.880257
v 10.900391 1.132211 9.833953
v 10.813611 1.371938 9.845129
v 10.861008 1.320177 9.888360
v 11.289635 1.429086 9.708177
v 11.229809 1.484796 9.723007
v 11.178463 1.187387 9.698871
v 11.243715 1.220728 9.682055
v 10.423870 1.124326 8.817271
v 10.414385 1.156759 8.686089
v 10.471506 1.139303 8.937084
v 10.525312 1.165811 9.052082
v 10.567184 1.176038 9.176743
v 10.595829 1.169378 9.306467
v 10.612366 1.147199 9.437969
v 10.627995 1.117624 9.567696
v 10.639776 1.080537 9.680716
v 10.387609 1.246446 8.885345
v 10.375813 1.274652 8.755835
v 10.440578 1.244615 9.003438
v 10.495914 1.247659 9.120593
v 10.535855 1.243028 9.245503
v 10.551914 1.226846 9.377377
v 10.562149 1.205762 9.507909
v 10.578918 1.182706 9.637328
v 10.604237 1.161253 9.753040
v 10.403449 1.375848 8.944167
v 10.386853 1.404779 8.809483
v 10.454980 1.359293 9.055875
v 10.505651 1.346384 9.169333
v 10.536673 1.332201 9.290494
v 10.554017 1.317144 9.415011
v 10.570059 1.302267 9.539932
v 10.591444 1.284124 9.663118
v 10.616220 1.268354 9.772426
v 10.460636 1.502115 8.969275
v 10.429247 1.525381 8.842156
v 10.515875 1.466566 9.076351
v 10.551614 1.442930 9.186357
v 10.585230 1.417646 9.297169
v 10.612166 1.396349 9.411227
v 10.629663 1.384367 9.528762
v 10.649487 1.372041 9.655948
v 10.669388 1.366747 9.768579
v 10.434305 1.192743 8.635292
v 10.460434 1.233900 8.582879
v 10.398461 1.300336 8.699892
v 10.434374 1.327249 8.645304
v 10.405306 1.416288 8.756253
v 10.432052 1.428293 8.700161
v 10.434900 1.528001 8.783310
v 10.453216 1.526979 8.721989
v 10.742889 1.325872 9.873350
v 10.680367 1.361280 9.793809
v 10.629467 1.263452 9.796412
v 10.706686 1.243101 9.870016
v 10.618035 1.158430 9.777504
v 10.650507 1.077192 9.708211
v 11.014328 1.379602 8.446801
v 10.944451 1.368463 8.447739
v 10.731918 1.334741 8.474887
v 10.843291 1.351949 8.458500
v 10.924831 1.414430 8.478695
v 10.908908 1.469518 8.518189
v 11.006342 1.482206 8.511493
v 11.016768 1.420858 8.470027
v 10.826051 1.400205 8.490940
v 10.726609 1.378809 8.509525
v 10.714772 1.429762 8.552270
v 10.813158 1.452974 8.531773
v 10.623402 1.401250 8.578835
v 10.631814 1.348875 8.534084
v 10.547832 1.307108 8.562284
v 10.533054 1.366083 8.611929
v 11.082223 1.585771 8.549028
v 11.110778 1.496832 8.502258
v 10.986497 1.548322 8.545668
v 10.701319 1.493726 8.586004
v 10.798567 1.516992 8.563026
v 10.787849 1.593568 8.585001
v 10.678444 1.566606 8.613531
v 10.638984 1.690382 8.638557
v 10.775278 1.725591 8.597726
v 10.518629 1.616914 8.700293
v 10.585215 1.528394 8.648396
v 10.528728 1.493578 8.673601
v 10.941092 1.743784 8.705153
v 10.782717 1.780779 8.720308
v 10.809164 1.750372 8.839196
v 10.960409 1.717363 8.823299
v 10.637178 1.730375 8.766941
v 10.668864 1.705591 8.885850
v 10.514577 1.644807 8.824874
v 10.554168 1.613336 8.935504
v 10.836511 1.702848 8.954437
v 10.976404 1.674181 8.936588
v 10.705673 1.659444 8.998150
v 10.596364 1.575296 9.043388
v 10.861971 1.643041 9.063490
v 10.993031 1.630544 9.049866
v 10.740535 1.606176 9.107065
v 10.635168 1.534650 9.151731
v 10.888308 1.592321 9.177786
v 11.013199 1.592584 9.164643
v 10.773396 1.557092 9.219399
v 10.669901 1.496740 9.262949
v 10.916456 1.550787 9.295823
v 11.036976 1.559965 9.281069
v 10.805111 1.516611 9.336055
v 10.700930 1.465280 9.377882
v 10.944397 1.528745 9.419736
v 11.064093 1.546838 9.400112
v 10.831402 1.497144 9.460557
v 10.723012 1.450853 9.498779
v 10.968633 1.529047 9.546002
v 11.089767 1.553106 9.519527
v 10.852781 1.494733 9.586721
v 10.738831 1.449186 9.620909
v 10.991374 1.527502 9.663634
v 11.111418 1.548917 9.631400
v 10.872054 1.492292 9.699905
v 10.756112 1.444307 9.731117
v 11.079432 1.685110 8.696013
v 11.091797 1.652090 8.809235
v 11.099552 1.616258 8.923090
v 11.112225 1.589521 9.039021
v 11.128540 1.565622 9.155092
v 11.151005 1.547559 9.270849
v 11.179501 1.543321 9.386703
v 11.209805 1.550924 9.500767
v 11.230417 1.548524 9.605831
v 11.116559 1.540479 9.657957
v 11.133483 1.481222 9.747592
v 11.232903 1.540418 9.632938
v 10.998150 1.519464 9.689770
v 10.879604 1.484796 9.726165
v 10.764584 1.435999 9.756626
v 10.512432 1.633325 8.764295
v 10.634241 1.715486 8.702918
v 10.778219 1.758649 8.658621
v 10.933466 1.735696 8.649504
v 10.921156 1.714300 8.596056
v 11.053599 1.678621 8.634942
v 11.019094 1.658922 8.578579
v 11.221970 1.367902 8.522113
v 11.278498 1.341413 8.636494
v 11.213310 1.495184 8.572920
v 11.256943 1.475244 8.691373
v 11.166595 1.601904 8.637255
v 11.199226 1.586103 8.755108
v 11.275570 1.332895 8.766829
v 11.248116 1.453699 8.817222
v 11.191966 1.552049 8.873809
v 11.237528 1.343992 8.907921
v 11.231799 1.442636 8.949431
v 11.198082 1.534834 8.996855
v 11.238874 1.349889 9.035056
v 11.242325 1.437574 9.076103
v 11.212498 1.520540 9.119600
v 11.273959 1.347601 9.152909
v 11.283992 1.436830 9.200979
v 11.236403 1.510706 9.241303
v 11.310741 1.335485 9.277751
v 11.320721 1.428354 9.323944
v 11.268740 1.505952 9.360710
v 11.350056 1.314298 9.400571
v 11.354303 1.413244 9.447162
v 11.300837 1.501764 9.480028
v 11.380878 1.290121 9.512030
v 11.380146 1.398660 9.557923
v 11.322002 1.492311 9.588966
v 11.378780 1.285822 9.541233
v 11.332541 1.282575 9.651260
v 11.377431 1.392042 9.585596
v 11.327965 1.357202 9.688213
v 11.320858 1.483732 9.615958
v 11.126004 1.594160 8.594510
v 11.163647 1.495737 8.538830
v 11.173796 1.385961 8.488135
v 11.123400 1.406686 8.449777
v 10.526771 1.436964 8.651679
v 10.608315 1.463754 8.616227
v 10.897236 1.533697 8.549254
v 10.564596 1.276743 8.527585
v 10.631956 1.304929 8.499590
v 10.963516 1.597715 8.566813
v 10.892175 1.601675 8.570326
v 10.881753 1.255483 9.901400
v 10.795088 1.240076 9.895425
v 10.811117 1.284315 9.887981
v 10.892610 1.091215 9.772675
v 10.836357 1.081392 9.793450
vt 0.983844 0.968818
vt 0.983607 0.965445
vt 0.979154 0.965381
vt 0.979227 0.968916
vt 0.983468 0.961984
vt 0.979100 0.961704
vt 0.983330 0.958205
vt 0.978974 0.957862
vt 0.983184 0.954032
vt 0.978850 0.953806
vt 0.983130 0.949637
vt 0.978783 0.949568
vt 0.983220 0.945201
vt 0.978788 0.945264
vt 0.983240 0.940859
vt 0.978754 0.940969
vt 0.978457 0.935766
vt 0.983167 0.937108
vt 0.974790 0.965421
vt 0.975042 0.968966
vt 0.974574 0.961727
vt 0.974480 0.957862
vt 0.974420 0.953803
vt 0.974332 0.949568
vt 0.974236 0.945247
vt 0.974089 0.940926
vt 0.973864 0.935835
vt 0.970399 0.965775
vt 0.970700 0.969110
vt 0.970112 0.962268
vt 0.970028 0.958378
vt 0.969959 0.954152
vt 0.969794 0.949727
vt 0.969620 0.945227
vt 0.969452 0.940791
vt 0.969261 0.936948
vt 0.984273 0.975557
vt 0.984104 0.972224
vt 0.979722 0.972593
vt 0.979975 0.976012
vt 0.975223 0.972849
vt 0.975287 0.976543
vt 0.970703 0.972756
vt 0.970903 0.976314
vt 0.965973 0.972805
vt 0.967381 0.975783
vt 0.966073 0.965915
vt 0.966103 0.969188
vt 0.966000 0.962581
vt 0.965899 0.958740
vt 0.965750 0.954385
vt 0.965542 0.949782
vt 0.965325 0.945154
vt 0.965083 0.940689
vt 0.964925 0.936934
vt 0.949259 0.916264
vt 0.948315 0.919293
vt 0.951527 0.920288
vt 0.954048 0.917600
vt 0.944482 0.916836
vt 0.944321 0.918528
vt 0.939883 0.916828
vt 0.940171 0.918333
vt 0.935229 0.915828
vt 0.936205 0.918745
vt 0.929693 0.916249
vt 0.932445 0.919819
vt 0.987504 0.940145
vt 0.987923 0.936387
vt 0.987205 0.944548
vt 0.987098 0.949133
vt 0.987164 0.953732
vt 0.987325 0.958084
vt 0.987539 0.961830
vt 0.987844 0.965185
vt 0.988317 0.968569
vt 0.987283 0.975556
vt 0.988508 0.972252
vt 0.934309 0.924531
vt 0.937452 0.924679
vt 0.937361 0.922837
vt 0.934416 0.922623
vt 0.934480 0.926450
vt 0.934898 0.927785
vt 0.937031 0.928263
vt 0.937303 0.926515
vt 0.940447 0.920844
vt 0.943910 0.920998
vt 0.940454 0.922939
vt 0.940375 0.924785
vt 0.943437 0.924931
vt 0.943624 0.923087
vt 0.940262 0.926684
vt 0.939870 0.928629
vt 0.943106 0.928690
vt 0.943218 0.926801
vt 0.939393 0.931044
vt 0.943092 0.931186
vt 0.949275 0.925266
vt 0.952448 0.925547
vt 0.952745 0.923136
vt 0.949546 0.923401
vt 0.946388 0.925057
vt 0.946702 0.923266
vt 0.946901 0.930827
vt 0.946140 0.928714
vt 0.931279 0.926794
vt 0.932597 0.929111
vt 0.937159 0.920955
vt 0.934668 0.921206
vt 0.962509 0.966033
vt 0.962475 0.969470
vt 0.962430 0.962556
vt 0.962278 0.958451
vt 0.962060 0.953705
vt 0.961896 0.948696
vt 0.961759 0.943807
vt 0.961665 0.939360
vt 0.961672 0.936044
vt 0.958859 0.964826
vt 0.958608 0.968616
vt 0.958847 0.960977
vt 0.958746 0.956617
vt 0.958629 0.951765
vt 0.958513 0.946802
vt 0.958421 0.942238
vt 0.958365 0.938118
vt 0.958316 0.934725
vt 0.954832 0.963343
vt 0.954265 0.967483
vt 0.954912 0.959432
vt 0.954875 0.955113
vt 0.954872 0.950522
vt 0.954889 0.945959
vt 0.954879 0.941664
vt 0.954920 0.937640
vt 0.954870 0.934107
vt 0.950511 0.962451
vt 0.950232 0.966428
vt 0.950691 0.958431
vt 0.950872 0.954417
vt 0.951061 0.950219
vt 0.951184 0.945988
vt 0.951301 0.941909
vt 0.951481 0.937667
vt 0.951657 0.933866
vt 0.962925 0.976337
vt 0.965260 0.977137
vt 0.962242 0.981030
vt 0.964667 0.981049
vt 0.963223 0.985650
vt 0.965154 0.985102
vt 0.965121 0.989700
vt 0.966737 0.988554
vt 0.949607 0.929969
vt 0.951771 0.932845
vt 0.955160 0.928745
vt 0.951602 0.927795
vt 0.956612 0.925606
vt 0.956418 0.921175
vt 0.985440 0.977109
vt 0.982954 0.977351
vt 0.975602 0.977996
vt 0.979427 0.977672
vt 0.982665 0.979330
vt 0.982533 0.981739
vt 0.986069 0.981380
vt 0.985904 0.978713
vt 0.979185 0.979689
vt 0.975655 0.979833
vt 0.975497 0.982080
vt 0.979080 0.981997
vt 0.972077 0.981956
vt 0.972201 0.979677
vt 0.968912 0.979041
vt 0.968555 0.981604
vt 0.989587 0.984786
vt 0.990017 0.980982
vt 0.985861 0.984141
vt 0.975448 0.984628
vt 0.979026 0.984550
vt 0.979231 0.987411
vt 0.975206 0.987474
vt 0.974927 0.992121
vt 0.979836 0.992096
vt 0.969937 0.990953
vt 0.971560 0.987105
vt 0.969176 0.986522
vt 0.930330 0.965808
vt 0.935641 0.967150
vt 0.936015 0.963572
vt 0.931093 0.962169
vt 0.941011 0.967184
vt 0.941052 0.963513
vt 0.946063 0.966479
vt 0.945948 0.962863
vt 0.936403 0.959773
vt 0.931723 0.958401
vt 0.941233 0.959669
vt 0.946030 0.959055
vt 0.936875 0.955741
vt 0.932342 0.954429
vt 0.941579 0.955625
vt 0.946289 0.955038
vt 0.937370 0.951475
vt 0.932904 0.950286
vt 0.941980 0.951363
vt 0.946599 0.950836
vt 0.937799 0.947086
vt 0.933377 0.946020
vt 0.942328 0.946990
vt 0.946858 0.946550
vt 0.938155 0.942716
vt 0.933743 0.941776
vt 0.942631 0.942656
vt 0.947076 0.942348
vt 0.938503 0.938551
vt 0.934108 0.937691
vt 0.942892 0.938572
vt 0.947271 0.938383
vt 0.938856 0.934959
vt 0.934577 0.934122
vt 0.943106 0.935190
vt 0.947372 0.935025
vt 0.925890 0.964280
vt 0.926569 0.960698
vt 0.927294 0.956915
vt 0.928050 0.952964
vt 0.928742 0.948876
vt 0.929267 0.944701
vt 0.929636 0.940504
vt 0.929891 0.936365
vt 0.930081 0.932487
vt 0.934754 0.933303
vt 0.935794 0.930417
vt 0.930078 0.931318
vt 0.938949 0.934164
vt 0.943128 0.934398
vt 0.947358 0.934217
vt 0.968906 0.992778
vt 0.974292 0.994339
vt 0.980095 0.994484
vt 0.985618 0.992472
vt 0.984692 0.990721
vt 0.989598 0.989433
vt 0.987757 0.988015
vt 0.992756 0.968870
vt 0.991825 0.965117
vt 0.996928 0.968016
vt 0.995677 0.963986
vt 0.917697 0.965312
vt 0.921846 0.964645
vt 0.922274 0.960825
vt 0.917809 0.961331
vt 0.991082 0.961434
vt 0.994372 0.959124
vt 0.923133 0.956926
vt 0.919058 0.957178
vt 0.990486 0.956727
vt 0.993608 0.954934
vt 0.924154 0.952837
vt 0.920316 0.952987
vt 0.990137 0.952195
vt 0.992913 0.950706
vt 0.925068 0.948613
vt 0.921662 0.948936
vt 0.990095 0.947735
vt 0.992842 0.946270
vt 0.925747 0.944300
vt 0.922368 0.944540
vt 0.990252 0.943118
vt 0.993145 0.941909
vt 0.926136 0.940000
vt 0.922706 0.940192
vt 0.990647 0.938692
vt 0.993602 0.937821
vt 0.926427 0.935791
vt 0.922817 0.935820
vt 0.991155 0.934808
vt 0.994179 0.933928
vt 0.926766 0.932116
vt 0.923078 0.931936
vt 0.927348 0.919525
vt 0.930945 0.921840
vt 0.926483 0.923737
vt 0.930752 0.924287
vt 0.927676 0.927773
vt 0.991711 0.985523
vt 0.992499 0.981224
vt 0.991737 0.975948
vt 0.989496 0.976958
vt 0.968718 0.984417
vt 0.971910 0.984496
vt 0.982597 0.984304
vt 0.969480 0.977621
vt 0.972069 0.977900
vt 0.985386 0.986193
vt 0.982912 0.986853
vt 0.993470 0.970984
vt 0.997369 0.970310
vt 0.917900 0.967146
vt 0.921905 0.966692
vt 0.925557 0.966315
vt 0.929665 0.967470
vt 0.935165 0.969076
vt 0.940987 0.969175
vt 0.946409 0.968321
vt 0.949960 0.968211
vt 0.953849 0.969307
vt 0.958274 0.970688
vt 0.962373 0.971316
vt 0.946200 0.926935
vt 0.948795 0.927197
vt 0.947933 0.928265
vt 0.947236 0.921428
vt 0.949035 0.921960
vt 0.973834 0.934860
vt 0.969234 0.936018
vt 0.965051 0.935979
vt 0.961699 0.935358
vt 0.983175 0.936140
vt 0.978380 0.934768
vt 0.987958 0.935527
vt 0.991327 0.933833
vt 0.958295 0.933948
vt 0.954793 0.933193
vt 0.926871 0.931219
vt 0.993787 0.933027
vt 0.923487 0.931061
vn 0.171598 -0.904304 -0.390881
vn 0.177098 -0.983614 -0.033760
vn 0.082754 -0.994928 0.057192
vn 0.040834 -0.954729 -0.294660
vn 0.186495 -0.972470 0.139718
vn 0.075134 -0.991228 0.108727
vn 0.259044 -0.957557 0.126419
vn 0.108019 -0.993119 0.045249
vn 0.340047 -0.940324 0.012581
vn 0.161381 -0.985806 -0.046289
vn 0.378643 -0.920044 -0.100741
vn 0.210704 -0.970728 -0.115286
vn 0.354465 -0.913246 -0.200840
vn 0.227618 -0.960595 -0.159520
vn 0.264131 -0.916169 -0.301446
vn 0.190591 -0.956440 -0.221129
vn 0.175642 -0.965264 -0.193428
vn 0.216765 -0.947677 -0.234352
vn 0.339510 -0.939208 0.051199
vn 0.242992 -0.916216 -0.318596
vn 0.320792 -0.943909 0.078284
vn 0.262369 -0.964964 0.002774
vn 0.207728 -0.974751 -0.081908
vn 0.175595 -0.975821 -0.130153
vn 0.171844 -0.971258 -0.164707
vn 0.203847 -0.948725 -0.241593
vn 0.268997 -0.935637 -0.228526
vn 0.309188 -0.950471 0.031755
vn 0.183604 -0.919811 -0.346753
vn 0.323343 -0.935494 0.142480
vn 0.241101 -0.966911 0.083388
vn 0.140779 -0.989833 -0.020314
vn 0.070689 -0.993822 -0.085560
vn 0.040607 -0.984442 -0.170951
vn 0.058381 -0.950554 -0.305022
vn 0.124456 -0.952035 -0.279537
vn -0.047845 0.173814 -0.983615
vn 0.101059 -0.591327 -0.800074
vn -0.054513 -0.679735 -0.731429
vn -0.161453 0.102435 -0.981550
vn 0.054825 -0.666256 -0.743705
vn -0.023916 -0.510486 -0.859554
vn -0.018465 -0.657521 -0.753210
vn -0.378299 0.112268 -0.918850
vn -0.469646 -0.595817 -0.651486
vn -0.625507 0.080602 -0.776044
vn -0.196252 -0.978248 0.067204
vn -0.340180 -0.881268 -0.328093
vn -0.094991 -0.955214 0.280254
vn -0.115101 -0.965728 0.232641
vn -0.180101 -0.979696 0.088084
vn -0.212162 -0.976944 -0.023824
vn -0.240377 -0.959347 -0.147889
vn -0.308643 -0.910008 -0.276812
vn -0.302838 -0.930039 -0.208126
vn 0.191621 -0.979489 -0.062310
vn 0.245697 -0.956769 0.155651
vn 0.005581 -0.956049 0.293154
vn -0.167064 -0.984659 0.050365
vn 0.313024 -0.947244 -0.068891
vn 0.321489 -0.940631 0.108897
vn 0.245016 -0.968866 -0.035580
vn 0.330196 -0.935964 0.122239
vn 0.286234 -0.958073 0.012935
vn 0.386089 -0.895932 0.219639
vn 0.634873 -0.767867 0.085538
vn 0.567822 -0.744626 0.350872
vn 0.619993 -0.678497 -0.394019
vn 0.650023 -0.711039 -0.268130
vn 0.637371 -0.715657 -0.285644
vn 0.687659 -0.705980 -0.169464
vn 0.733118 -0.679765 -0.021392
vn 0.709151 -0.687353 0.157007
vn 0.671286 -0.728560 0.136295
vn 0.661754 -0.729650 -0.172317
vn 0.584995 -0.592550 -0.553774
vn 0.139281 0.252878 -0.957420
vn 0.444101 -0.310511 -0.840451
vn 0.619421 -0.149367 0.770719
vn 0.500042 -0.228942 0.835191
vn 0.529885 -0.590392 0.608818
vn 0.619264 -0.515365 0.592377
vn 0.530409 0.142437 0.835690
vn 0.415558 0.346101 0.841146
vn 0.268043 0.399326 0.876751
vn 0.406671 0.083430 0.909757
vn 0.393849 -0.850083 0.349631
vn 0.337697 -0.868114 0.363785
vn 0.407688 -0.643299 0.648041
vn 0.383294 -0.320899 0.866089
vn 0.341450 -0.389623 0.855340
vn 0.350471 -0.673026 0.651311
vn 0.304521 0.068931 0.950008
vn 0.167380 0.428173 0.888061
vn 0.111428 0.424837 0.898386
vn 0.255508 0.042266 0.965883
vn 0.032590 0.719289 0.693946
vn -0.041753 0.685847 0.726547
vn -0.061700 -0.431040 0.900221
vn -0.455591 -0.401274 0.794617
vn -0.270587 -0.797552 0.539161
vn 0.057273 -0.750156 0.658777
vn 0.227713 -0.425517 0.875832
vn 0.289018 -0.700488 0.652522
vn -0.154261 0.630598 0.760625
vn -0.012207 0.367912 0.929781
vn 0.664605 0.350390 0.659944
vn 0.386988 0.621650 0.681022
vn 0.474939 -0.791534 0.384586
vn 0.539456 -0.709638 0.453212
vn -0.735110 -0.661161 0.149935
vn -0.833969 -0.484966 -0.263255
vn -0.589356 -0.714179 0.377635
vn -0.570558 -0.752074 0.329923
vn -0.609250 -0.776091 0.162778
vn -0.612662 -0.790167 0.016793
vn -0.617579 -0.782816 -0.076125
vn -0.691810 -0.713103 -0.113500
vn -0.698559 -0.715303 0.018890
vn -0.950988 -0.202353 0.233827
vn -0.988779 -0.030384 -0.146266
vn -0.861966 -0.297039 0.410832
vn -0.875253 -0.330141 0.353469
vn -0.922779 -0.332003 0.195584
vn -0.943242 -0.322930 0.077533
vn -0.949771 -0.307557 0.057830
vn -0.959268 -0.264856 0.098263
vn -0.924099 -0.269514 0.270932
vn -0.935160 0.158321 0.316877
vn -0.972871 0.230038 -0.024572
vn -0.891909 0.134855 0.431640
vn -0.921427 0.155808 0.355944
vn -0.946461 0.211399 0.243970
vn -0.943455 0.286485 0.166788
vn -0.931798 0.322463 0.166642
vn -0.927500 0.311045 0.207350
vn -0.894248 0.261397 0.363306
vn -0.780186 0.483429 0.396997
vn -0.872945 0.478877 0.092975
vn -0.738698 0.503129 0.448538
vn -0.743609 0.550258 0.379818
vn -0.715334 0.622586 0.317307
vn -0.685352 0.690893 0.230129
vn -0.687449 0.705203 0.173499
vn -0.718648 0.673391 0.173463
vn -0.703708 0.636430 0.315834
vn -0.821197 -0.253438 -0.511277
vn -0.710728 0.160228 -0.684976
vn -0.910530 0.101373 -0.400823
vn -0.703641 0.293730 -0.647002
vn -0.917817 0.263717 -0.296758
vn -0.703761 0.329144 -0.629591
vn -0.875338 0.441496 -0.197139
vn -0.710907 0.347365 -0.611514
vn -0.330911 0.420758 0.844666
vn -0.579737 0.579048 0.573244
vn -0.769272 0.174056 0.614756
vn -0.479281 0.056064 0.875869
vn -0.767323 -0.336657 0.545782
vn -0.536354 -0.790338 0.296127
vn -0.099610 0.556580 -0.824801
vn -0.134536 0.569118 -0.811175
vn -0.278425 0.677783 -0.680508
vn -0.288933 0.615658 -0.733133
vn -0.191084 0.583930 -0.788995
vn -0.149660 0.528270 -0.835783
vn -0.156356 0.481773 -0.862234
vn -0.122915 0.477313 -0.870095
vn -0.113437 0.521085 -0.845933
vn -0.220937 0.537789 -0.813615
vn -0.313542 0.554000 -0.771217
vn -0.333470 0.474123 -0.814865
vn -0.240248 0.475771 -0.846123
vn -0.425633 0.461681 -0.778259
vn -0.429488 0.539233 -0.724409
vn -0.504299 0.485224 -0.714311
vn -0.464749 0.437097 -0.770036
vn 0.205336 0.526302 -0.825132
vn 0.228143 0.509566 -0.829635
vn -0.105528 0.372064 -0.922189
vn -0.340591 0.316476 -0.885348
vn -0.234837 0.322918 -0.916829
vn -0.203328 0.188218 -0.960850
vn -0.359772 0.168188 -0.917756
vn -0.487006 0.498059 -0.717469
vn -0.179846 0.571657 -0.800539
vn -0.653392 0.420281 -0.629636
vn -0.457408 0.194593 -0.867705
vn -0.471074 0.245260 -0.847311
vn 0.309067 0.950461 -0.033185
vn -0.051705 0.998577 -0.013104
vn 0.022774 0.951965 0.305359
vn 0.335778 0.912505 0.233638
vn -0.432899 0.899408 0.060535
vn -0.319416 0.870317 0.374863
vn -0.671609 0.729937 0.127020
vn -0.554307 0.721850 0.414338
vn 0.038040 0.912594 0.407094
vn 0.313790 0.901348 0.298509
vn -0.270208 0.845875 0.459873
vn -0.515751 0.722627 0.460230
vn 0.008361 0.910271 0.413929
vn 0.237208 0.926135 0.293269
vn -0.240781 0.856596 0.456364
vn -0.488795 0.760165 0.428053
vn -0.048612 0.931480 0.360531
vn 0.138317 0.955893 0.259107
vn -0.236563 0.887150 0.396237
vn -0.450644 0.809941 0.375387
vn -0.112980 0.959244 0.259012
vn 0.041709 0.983615 0.175394
vn -0.259066 0.923792 0.281946
vn -0.443768 0.855846 0.265702
vn -0.181929 0.977348 0.108135
vn -0.042535 0.998245 0.041203
vn -0.294841 0.946429 0.131684
vn -0.463673 0.874092 0.144811
vn -0.216273 0.975230 0.046409
vn -0.078139 0.996913 0.007628
vn -0.309647 0.948317 0.069376
vn -0.485247 0.867752 0.107430
vn -0.175096 0.965627 0.192108
vn -0.044584 0.983812 0.173572
vn -0.270399 0.939342 0.211000
vn -0.448806 0.857399 0.251872
vn 0.502701 0.857007 -0.113269
vn 0.530276 0.829585 0.174918
vn 0.511345 0.835064 0.202964
vn 0.452730 0.878725 0.151254
vn 0.364645 0.923613 0.118209
vn 0.271961 0.961112 0.047964
vn 0.221014 0.974074 -0.048290
vn 0.238229 0.969781 -0.052641
vn 0.292407 0.947369 0.130350
vn 0.021356 0.903823 0.427373
vn 0.104146 0.731956 0.673346
vn 0.343649 0.847457 0.404626
vn -0.079064 0.892961 0.443137
vn -0.179607 0.865133 0.468280
vn -0.327188 0.797681 0.506608
vn -0.720790 0.667975 -0.185125
vn -0.493719 0.826156 -0.271493
vn -0.123257 0.929729 -0.347004
vn 0.249422 0.903170 -0.349390
vn 0.094862 0.590216 -0.801652
vn 0.440286 0.792105 -0.422750
vn 0.190699 0.558315 -0.807414
vn 0.801105 0.009752 -0.598445
vn 0.974394 -0.120820 -0.189629
vn 0.741318 0.446190 -0.501360
vn 0.936246 0.341612 -0.082119
vn 0.650233 0.688612 -0.320954
vn 0.769455 0.635939 0.059334
vn 0.975187 -0.178802 0.130535
vn 0.957892 0.258947 0.124056
vn 0.780236 0.608565 0.144501
vn 0.974942 -0.192760 0.111045
vn 0.974853 0.218909 0.041731
vn 0.774846 0.630300 0.048331
vn 0.971983 -0.197410 -0.127588
vn 0.953690 0.256703 -0.156778
vn 0.719204 0.693239 -0.046534
vn 0.933663 -0.236746 -0.268748
vn 0.912815 0.321990 -0.251178
vn 0.631274 0.767461 -0.111793
vn 0.917125 -0.247789 -0.312222
vn 0.911365 0.335359 -0.238639
vn 0.608753 0.780916 -0.139965
vn 0.926441 -0.178907 -0.331209
vn 0.921099 0.330461 -0.205846
vn 0.651282 0.749624 -0.117877
vn 0.968734 -0.193334 -0.155490
vn 0.958713 0.283642 -0.020411
vn 0.710671 0.700252 0.067777
vn 0.929720 -0.316350 0.188530
vn 0.762837 -0.431087 0.481918
vn 0.939954 0.164076 0.299274
vn 0.793273 -0.011956 0.608749
vn 0.729639 0.578511 0.364626
vn 0.508853 0.638807 -0.577057
vn 0.549458 0.479365 -0.684329
vn 0.610854 0.152960 -0.776827
vn 0.243185 0.394292 -0.886225
vn -0.457004 0.348503 -0.818348
vn -0.433546 0.327879 -0.839365
vn -0.134036 0.353456 -0.925799
vn -0.548355 0.535433 -0.642354
vn -0.456510 0.596916 -0.659765
vn -0.071196 0.289336 -0.954576
vn -0.083085 0.245158 -0.965916
vn 0.101262 0.006849 0.994836
vn -0.145328 -0.013461 0.989292
vn -0.141305 0.248890 0.958168
vn 0.292160 -0.866609 0.404515
vn 0.152956 -0.873484 0.462202
s 1
g Feet M_Skeleton L_F_Middle_Phalanx_3
usemtl Skeleton_Feet_SG
f 3287/3673/3287 3288/3674/3288 3289/3675/3289 3290/3676/3290
f 3288/3674/3288 3291/3677/3291 3292/3678/3292 3289/3675/3289
f 3291/3677/3291 3293/3679/3293 3294/3680/3294 3292/3678/3292
f 3293/3679/3293 3295/3681/3295 3296/3682/3296 3294/3680/3294
f 3295/3681/3295 3297/3683/3297 3298/3684/3298 3296/3682/3296
f 3297/3683/3297 3299/3685/3299 3300/3686/3300 3298/3684/3298
f 3299/3685/3299 3301/3687/3301 3302/3688/3302 3300/3686/3300
f 3303/3689/3303 3302/3688/3302 3301/3687/3301 3304/3690/3304
f 3290/3676/3290 3289/3675/3289 3305/3691/3305 3306/3692/3306
f 3289/3675/3289 3292/3678/3292 3307/3693/3307 3305/3691/3305
f 3292/3678/3292 3294/3680/3294 3308/3694/3308 3307/3693/3307
f 3294/3680/3294 3296/3682/3296 3309/3695/3309 3308/3694/3308
f 3296/3682/3296 3298/3684/3298 3310/3696/3310 3309/3695/3309
f 3298/3684/3298 3300/3686/3300 3311/3697/3311 3310/3696/3310
f 3300/3686/3300 3302/3688/3302 3312/3698/3312 3311/3697/3311
f 3302/3688/3302 3303/3689/3303 3313/3699/3313 3312/3698/3312
f 3306/3692/3306 3305/3691/3305 3314/3700/3314 3315/3701/3315
f 3305/3691/3305 3307/3693/3307 3316/3702/3316 3314/3700/3314
f 3307/3693/3307 3308/3694/3308 3317/3703/3317 3316/3702/3316
f 3308/3694/3308 3309/3695/3309 3318/3704/3318 3317/3703/3317
f 3309/3695/3309 3310/3696/3310 3319/3705/3319 3318/3704/3318
f 3310/3696/3310 3311/3697/3311 3320/3706/3320 3319/3705/3319
f 3311/3697/3311 3312/3698/3312 3321/3707/3321 3320/3706/3320
f 3312/3698/3312 3313/3699/3313 3322/3708/3322 3321/3707/3321
f 3323/3709/3323 3324/3710/3324 3325/3711/3325 3326/3712/3326
f 3326/3712/3326 3325/3711/3325 3327/3713/3327 3328/3714/3328
f 3328/3714/3328 3327/3713/3327 3329/3715/3329 3330/3716/3330
f 3330/3716/3330 3329/3715/3329 3331/3717/3331 3332/3718/3332
f 3315/3701/3315 3314/3700/3314 3333/3719/3333 3334/3720/3334
f 3314/3700/3314 3316/3702/3316 3335/3721/3335 3333/3719/3333
f 3316/3702/3316 3317/3703/3317 3336/3722/3336 3335/3721/3335
f 3317/3703/3317 3318/3704/3318 3337/3723/3337 3336/3722/3336
f 3318/3704/3318 3319/3705/3319 3338/3724/3338 3337/3723/3337
f 3319/3705/3319 3320/3706/3320 3339/3725/3339 3338/3724/3338
f 3320/3706/3320 3321/3707/3321 3340/3726/3340 3339/3725/3339
f 3321/3707/3321 3322/3708/3322 3341/3727/3341 3340/3726/3340
f 3342/3728/3342 3343/3729/3343 3344/3730/3344 3345/3731/3345
f 3343/3729/3343 3342/3728/3342 3346/3732/3346 3347/3733/3347
f 3347/3733/3347 3346/3732/3346 3348/3734/3348 3349/3735/3349
f 3349/3735/3349 3348/3734/3348 3350/3736/3350 3351/3737/3351
f 3351/3737/3351 3350/3736/3350 3352/3738/3352 3353/3739/3353
f 3304/3690/3304 3301/3687/3301 3354/3740/3354 3355/3741/3355
f 3301/3687/3301 3299/3685/3299 3356/3742/3356 3354/3740/3354
f 3299/3685/3299 3297/3683/3297 3357/3743/3357 3356/3742/3356
f 3297/3683/3297 3295/3681/3295 3358/3744/3358 3357/3743/3357
f 3295/3681/3295 3293/3679/3293 3359/3745/3359 3358/3744/3358
f 3293/3679/3293 3291/3677/3291 3360/3746/3360 3359/3745/3359
f 3291/3677/3291 3288/3674/3288 3361/3747/3361 3360/3746/3360
f 3288/3674/3288 3287/3673/3287 3362/3748/3362 3361/3747/3361
f 3324/3710/3324 3323/3709/3323 3363/3749/3363 3364/3750/3364
f 3365/3751/3365 3366/3752/3366 3367/3753/3367 3368/3754/3368
f 3369/3755/3369 3370/3756/3370 3371/3757/3371 3372/3758/3372
f 3349/3735/3349 3373/3759/3373 3374/3760/3374 3347/3733/3347
f 3375/3761/3375 3376/3762/3376 3377/3763/3377 3378/3764/3378
f 3379/3765/3379 3380/3766/3380 3381/3767/3381 3382/3768/3382
f 3380/3766/3380 3383/3769/3383 3384/3770/3384 3381/3767/3381
f 3385/3771/3385 3386/3772/3386 3387/3773/3387 3388/3774/3388
f 3378/3764/3378 3377/3763/3377 3389/3775/3389 3390/3776/3390
f 3391/3777/3391 3392/3778/3392 3381/3767/3381 3384/3770/3384
f 3370/3756/3370 3369/3755/3369 3393/3779/3393 3394/3780/3394
f 3395/3781/3395 3351/3737/3351 3353/3739/3353 3396/3782/3396
f 3334/3720/3334 3333/3719/3333 3397/3783/3397 3398/3784/3398
f 3333/3719/3333 3335/3721/3335 3399/3785/3399 3397/3783/3397
f 3335/3721/3335 3336/3722/3336 3400/3786/3400 3399/3785/3399
f 3336/3722/3336 3337/3723/3337 3401/3787/3401 3400/3786/3400
f 3337/3723/3337 3338/3724/3338 3402/3788/3402 3401/3787/3401
f 3338/3724/3338 3339/3725/3339 3403/3789/3403 3402/3788/3402
f 3339/3725/3339 3340/3726/3340 3404/3790/3404 3403/3789/3403
f 3340/3726/3340 3341/3727/3341 3405/3791/3405 3404/3790/3404
f 3398/3784/3398 3397/3783/3397 3406/3792/3406 3407/3793/3407
f 3397/3783/3397 3399/3785/3399 3408/3794/3408 3406/3792/3406
f 3399/3785/3399 3400/3786/3400 3409/3795/3409 3408/3794/3408
f 3400/3786/3400 3401/3787/3401 3410/3796/3410 3409/3795/3409
f 3401/3787/3401 3402/3788/3402 3411/3797/3411 3410/3796/3410
f 3402/3788/3402 3403/3789/3403 3412/3798/3412 3411/3797/3411
f 3403/3789/3403 3404/3790/3404 3413/3799/3413 3412/3798/3412
f 3404/3790/3404 3405/3791/3405 3414/3800/3414 3413/3799/3413
f 3407/3793/3407 3406/3792/3406 3415/3801/3415 3416/3802/3416
f 3406/3792/3406 3408/3794/3408 3417/3803/3417 3415/3801/3415
f 3408/3794/3408 3409/3795/3409 3418/3804/3418 3417/3803/3417
f 3409/3795/3409 3410/3796/3410 3419/3805/3419 3418/3804/3418
f 3410/3796/3410 3411/3797/3411 3420/3806/3420 3419/3805/3419
f 3411/3797/3411 3412/3798/3412 3421/3807/3421 3420/3806/3420
f 3412/3798/3412 3413/3799/3413 3422/3808/3422 3421/3807/3421
f 3413/3799/3413 3414/3800/3414 3423/3809/3423 3422/3808/3422
f 3416/3802/3416 3415/3801/3415 3424/3810/3424 3425/3811/3425
f 3415/3801/3415 3417/3803/3417 3426/3812/3426 3424/3810/3424
f 3417/3803/3417 3418/3804/3418 3427/3813/3427 3426/3812/3426
f 3418/3804/3418 3419/3805/3419 3428/3814/3428 3427/3813/3427
f 3419/3805/3419 3420/3806/3420 3429/3815/3429 3428/3814/3428
f 3420/3806/3420 3421/3807/3421 3430/3816/3430 3429/3815/3429
f 3421/3807/3421 3422/3808/3422 3431/3817/3431 3430/3816/3430
f 3422/3808/3422 3423/3809/3423 3432/3818/3432 3431/3817/3431
f 3332/3718/3332 3331/3717/3331 3433/3819/3433 3434/3820/3434
f 3434/3820/3434 3433/3819/3433 3435/3821/3435 3436/3822/3436
f 3436/3822/3436 3435/3821/3435 3437/3823/3437 3438/3824/3438
f 3438/3824/3438 3437/3823/3437 3439/3825/3439 3440/3826/3440
f 3441/3827/3441 3442/3828/3442 3443/3829/3443 3444/3830/3444
f 3444/3830/3444 3443/3829/3443 3445/3831/3445 3386/3772/3386
f 3386/3772/3386 3445/3831/3445 3446/3832/3446 3387/3773/3387
f 3387/3773/3387 3446/3832/3446 3345/3731/3345 3344/3730/3344
f 3447/3833/3447 3363/3749/3363 3323/3709/3323 3448/3834/3448
f 3326/3712/3326 3328/3714/3449 3449/3835/3450 3450/3836/3451
f 3451/3837/3452 3452/3838/3453 3453/3839/3454 3454/3840/3455
f 3455/3841/3456 3456/3842/3457 3457/3843/3458 3458/3844/3459
f 3459/3845/3460 3460/3846/3461 3461/3847/3462 3462/3848/3463
f 3463/3849/3464 3464/3850/3465 3453/3839/3454 3465/3851/3466
f 3458/3844/3459 3457/3843/3458 3466/3852/3467 3467/3853/3468
f 3468/3854/3469 3469/3855/3470 3470/3856/3471 3471/3857/3472
f 3472/3858/3473 3473/3859/3474 3474/3860/3475 3440/3826/3440
f 3462/3848/3463 3461/3847/3462 3434/3820/3434 3436/3822/3436
f 3475/3861/3476 3476/3862/3477 3477/3863/3478 3478/3864/3479
f 3476/3862/3477 3479/3865/3480 3480/3866/3481 3477/3863/3478
f 3479/3865/3480 3481/3867/3482 3482/3868/3483 3480/3866/3481
f 3478/3864/3479 3477/3863/3478 3483/3869/3484 3484/3870/3485
f 3477/3863/3478 3480/3866/3481 3485/3871/3486 3483/3869/3484
f 3480/3866/3481 3482/3868/3483 3486/3872/3487 3485/3871/3486
f 3484/3870/3485 3483/3869/3484 3487/3873/3488 3488/3874/3489
f 3483/3869/3484 3485/3871/3486 3489/3875/3490 3487/3873/3488
f 3485/3871/3486 3486/3872/3487 3490/3876/3491 3489/3875/3490
f 3488/3874/3489 3487/3873/3488 3491/3877/3492 3492/3878/3493
f 3487/3873/3488 3489/3875/3490 3493/3879/3494 3491/3877/3492
f 3489/3875/3490 3490/3876/3491 3494/3880/3495 3493/3879/3494
f 3492/3878/3493 3491/3877/3492 3495/3881/3496 3496/3882/3497
f 3491/3877/3492 3493/3879/3494 3497/3883/3498 3495/3881/3496
f 3493/3879/3494 3494/3880/3495 3498/3884/3499 3497/3883/3498
f 3496/3882/3497 3495/3881/3496 3499/3885/3500 3500/3886/3501
f 3495/3881/3496 3497/3883/3498 3501/3887/3502 3499/3885/3500
f 3497/3883/3498 3498/3884/3499 3502/3888/3503 3501/3887/3502
f 3500/3886/3501 3499/3885/3500 3503/3889/3504 3504/3890/3505
f 3499/3885/3500 3501/3887/3502 3505/3891/3506 3503/3889/3504
f 3501/3887/3502 3502/3888/3503 3506/3892/3507 3505/3891/3506
f 3504/3890/3505 3503/3889/3504 3507/3893/3508 3508/3894/3509
f 3503/3889/3504 3505/3891/3506 3509/3895/3510 3507/3893/3508
f 3505/3891/3506 3506/3892/3507 3510/3896/3511 3509/3895/3510
f 3511/3897/3512 3475/3861/3476 3478/3864/3479 3512/3898/3513
f 3512/3898/3513 3478/3864/3479 3484/3870/3485 3513/3899/3514
f 3513/3899/3514 3484/3870/3485 3488/3874/3489 3514/3900/3515
f 3514/3900/3515 3488/3874/3489 3492/3878/3493 3515/3901/3516
f 3515/3901/3516 3492/3878/3493 3496/3882/3497 3516/3902/3517
f 3516/3902/3517 3496/3882/3497 3500/3886/3501 3517/3903/3518
f 3517/3903/3518 3500/3886/3501 3504/3890/3505 3518/3904/3519
f 3518/3904/3519 3504/3890/3505 3508/3894/3509 3519/3905/3520
f 3520/3906/3521 3521/3907/3522 3394/3780/3394 3522/3908/3523
f 3523/3909/3524 3383/3769/3383 3521/3907/3522 3520/3906/3521
f 3524/3910/3525 3384/3770/3384 3383/3769/3383 3523/3909/3524
f 3525/3911/3526 3391/3777/3391 3384/3770/3384 3524/3910/3525
f 3442/3828/3442 3441/3827/3441 3391/3777/3391 3525/3911/3526
f 3510/3896/3511 3506/3892/3507 3431/3817/3431 3432/3818/3432
f 3431/3817/3431 3506/3892/3507 3502/3888/3503 3430/3816/3430
f 3430/3816/3430 3502/3888/3503 3498/3884/3499 3429/3815/3429
f 3429/3815/3429 3498/3884/3499 3494/3880/3495 3428/3814/3428
f 3428/3814/3428 3494/3880/3495 3490/3876/3491 3427/3813/3427
f 3427/3813/3427 3490/3876/3491 3486/3872/3487 3426/3812/3426
f 3426/3812/3426 3486/3872/3487 3482/3868/3483 3424/3810/3424
f 3424/3810/3424 3482/3868/3483 3481/3867/3482 3425/3811/3425
f 3439/3825/3439 3526/3912/3527 3472/3858/3473 3440/3826/3440
f 3526/3912/3527 3527/3913/3528 3470/3856/3471 3472/3858/3473
f 3527/3913/3528 3528/3914/3529 3471/3857/3472 3470/3856/3471
f 3528/3914/3529 3529/3915/3530 3530/3916/3531 3471/3857/3472
f 3529/3915/3530 3531/3917/3532 3532/3918/3533 3530/3916/3531
f 3362/3748/3362 3533/3919/3534 3534/3920/3535 3361/3747/3361
f 3533/3919/3534 3535/3921/3536 3536/3922/3537 3534/3920/3535
f 3535/3923/3536 3537/3924/3538 3538/3925/3539 3536/3926/3537
f 3537/3924/3538 3511/3897/3512 3512/3898/3513 3538/3925/3539
f 3361/3747/3361 3534/3920/3535 3539/3927/3540 3360/3746/3360
f 3534/3920/3535 3536/3922/3537 3540/3928/3541 3539/3927/3540
f 3536/3926/3537 3538/3925/3539 3541/3929/3542 3540/3930/3541
f 3538/3925/3539 3512/3898/3513 3513/3899/3514 3541/3929/3542
f 3360/3746/3360 3539/3927/3540 3542/3931/3543 3359/3745/3359
f 3539/3927/3540 3540/3928/3541 3543/3932/3544 3542/3931/3543
f 3540/3930/3541 3541/3929/3542 3544/3933/3545 3543/3934/3544
f 3541/3929/3542 3513/3899/3514 3514/3900/3515 3544/3933/3545
f 3359/3745/3359 3542/3931/3543 3545/3935/3546 3358/3744/3358
f 3542/3931/3543 3543/3932/3544 3546/3936/3547 3545/3935/3546
f 3543/3934/3544 3544/3933/3545 3547/3937/3548 3546/3938/3547
f 3544/3933/3545 3514/3900/3515 3515/3901/3516 3547/3937/3548
f 3358/3744/3358 3545/3935/3546 3548/3939/3549 3357/3743/3357
f 3545/3935/3546 3546/3936/3547 3549/3940/3550 3548/3939/3549
f 3546/3938/3547 3547/3937/3548 3550/3941/3551 3549/3942/3550
f 3547/3937/3548 3515/3901/3516 3516/3902/3517 3550/3941/3551
f 3357/3743/3357 3548/3939/3549 3551/3943/3552 3356/3742/3356
f 3548/3939/3549 3549/3940/3550 3552/3944/3553 3551/3943/3552
f 3549/3942/3550 3550/3941/3551 3553/3945/3554 3552/3946/3553
f 3550/3941/3551 3516/3902/3517 3517/3903/3518 3553/3945/3554
f 3356/3742/3356 3551/3943/3552 3554/3947/3555 3354/3740/3354
f 3551/3943/3552 3552/3944/3553 3555/3948/3556 3554/3947/3555
f 3552/3946/3553 3553/3945/3554 3556/3949/3557 3555/3950/3556
f 3553/3945/3554 3517/3903/3518 3518/3904/3519 3556/3949/3557
f 3354/3740/3354 3554/3947/3555 3557/3951/3558 3355/3741/3355
f 3554/3947/3555 3555/3948/3556 3558/3952/3559 3557/3951/3558
f 3555/3950/3556 3556/3949/3557 3559/3953/3560 3558/3954/3559
f 3556/3949/3557 3518/3904/3519 3519/3905/3520 3559/3953/3560
f 3560/3955/3561 3561/3956/3562 3353/3739/3353 3352/3738/3352
f 3562/3957/3563 3563/3958/3564 3561/3956/3562 3560/3955/3561
f 3564/3959/3565 3393/3779/3393 3563/3958/3564 3562/3957/3563
f 3522/3908/3523 3394/3780/3394 3393/3779/3393 3564/3959/3565
f 3531/3917/3532 3565/3960/3566 3463/3849/3464 3532/3918/3533
f 3565/3960/3566 3566/3961/3567 3464/3850/3465 3463/3849/3464
f 3566/3961/3567 3567/3962/3568 3568/3963/3569 3464/3850/3465
f 3567/3962/3568 3364/3750/3364 3363/3749/3363 3568/3963/3569
f 3459/3845/3460 3462/3848/3463 3569/3964/3570 3570/3965/3571
f 3453/3839/3454 3452/3838/3453 3571/3966/3572 3465/3851/3466
f 3572/3967/3573 3573/3968/3574 3330/3716/3330 3332/3718/3332
f 3569/3964/3570 3462/3848/3463 3436/3822/3436 3438/3824/3438
f 3530/3916/3531 3532/3918/3533 3574/3969/3575 3575/3970/3576
f 3453/3839/3454 3464/3850/3465 3568/3963/3569 3454/3840/3455
f 3532/3918/3533 3463/3849/3464 3465/3851/3466 3574/3969/3575
f 3571/3966/3572 3575/3970/3576 3574/3969/3575 3465/3851/3466
f 3466/3852/3467 3469/3855/3470 3468/3854/3469 3467/3853/3468
f 3569/3964/3570 3474/3860/3475 3473/3859/3474 3570/3965/3571
f 3474/3860/3475 3569/3964/3570 3438/3824/3438 3440/3826/3440
f 3450/3836/3451 3449/3835/3450 3456/3842/3457 3455/3841/3456
f 3448/3834/3448 3451/3837/3452 3454/3840/3455 3447/3833/3447
f 3568/3963/3569 3363/3749/3363 3447/3833/3447 3454/3840/3455
f 3530/3916/3531 3575/3970/3576 3468/3854/3469 3471/3857/3472
f 3467/3853/3468 3468/3854/3469 3575/3970/3576 3571/3966/3572
f 3452/3838/3453 3458/3844/3459 3467/3853/3468 3571/3966/3572
f 3455/3841/3456 3458/3844/3459 3452/3838/3453 3451/3837/3452
f 3450/3836/3451 3455/3841/3456 3451/3837/3452 3448/3834/3448
f 3323/3709/3323 3326/3712/3326 3450/3836/3451 3448/3834/3448
f 3573/3968/3574 3449/3835/3450 3328/3714/3449 3330/3716/3330
f 3456/3842/3457 3460/3846/3461 3459/3845/3460 3457/3843/3458
f 3457/3843/3458 3459/3845/3460 3570/3965/3571 3466/3852/3467
f 3473/3859/3474 3469/3855/3470 3466/3852/3467 3570/3965/3571
f 3472/3858/3473 3470/3856/3471 3469/3855/3470 3473/3859/3474
f 3461/3847/3462 3572/3967/3573 3332/3718/3332 3434/3820/3434
f 3573/3968/3574 3572/3967/3573 3461/3847/3462 3460/3846/3461
f 3449/3835/3450 3573/3968/3574 3460/3846/3461 3456/3842/3457
f 3287/3673/3287 3324/3710/3324 3364/3750/3364 3362/3748/3362
f 3533/3919/3534 3362/3748/3362 3364/3750/3364 3567/3971/3568
f 3535/3921/3536 3533/3919/3534 3567/3971/3568 3566/3972/3567
f 3537/3924/3538 3535/3923/3536 3566/3973/3567 3565/3974/3566
f 3511/3897/3512 3537/3924/3538 3565/3974/3566 3531/3975/3532
f 3475/3861/3476 3511/3897/3512 3531/3975/3532 3529/3976/3530
f 3476/3862/3477 3475/3861/3476 3529/3976/3530 3528/3977/3529
f 3479/3865/3480 3476/3862/3477 3528/3977/3529 3527/3978/3528
f 3481/3867/3482 3479/3865/3480 3527/3978/3528 3526/3979/3527
f 3425/3811/3425 3481/3867/3482 3526/3979/3527 3439/3980/3439
f 3437/3981/3437 3416/3802/3416 3425/3811/3425 3439/3980/3439
f 3435/3982/3435 3407/3793/3407 3416/3802/3416 3437/3981/3437
f 3433/3983/3433 3398/3784/3398 3407/3793/3407 3435/3982/3435
f 3331/3717/3331 3334/3720/3334 3398/3784/3398 3433/3983/3433
f 3329/3715/3329 3315/3701/3315 3334/3720/3334 3331/3717/3331
f 3327/3713/3327 3306/3692/3306 3315/3701/3315 3329/3715/3329
f 3325/3711/3325 3290/3676/3290 3306/3692/3306 3327/3713/3327
f 3324/3710/3324 3287/3673/3287 3290/3676/3290 3325/3711/3325
f 3382/3768/3382 3381/3767/3381 3392/3778/3392 3576/3984/3577
f 3441/3827/3441 3444/3830/3444 3577/3985/3578 3578/3986/3579
f 3371/3757/3371 3370/3756/3370 3394/3780/3394 3521/3907/3522
f 3368/3754/3368 3561/3956/3562 3563/3958/3564 3365/3751/3365
f 3579/3987/3580 3343/3729/3343 3347/3733/3347 3374/3760/3374
f 3580/3988/3581 3344/3730/3344 3343/3729/3343 3579/3987/3580
f 3389/3775/3389 3385/3771/3385 3388/3774/3388 3390/3776/3390
f 3392/3778/3392 3578/3986/3579 3577/3985/3578 3576/3984/3577
f 3391/3777/3391 3441/3827/3441 3578/3986/3579 3392/3778/3392
f 3373/3759/3373 3349/3735/3349 3351/3737/3351 3395/3781/3395
f 3366/3752/3366 3376/3762/3376 3375/3761/3375 3367/3753/3367
f 3371/3757/3371 3380/3766/3380 3379/3765/3379 3372/3758/3372
f 3380/3766/3380 3371/3757/3371 3521/3907/3522 3383/3769/3383
f 3369/3755/3369 3365/3751/3365 3563/3958/3564 3393/3779/3393
f 3365/3751/3365 3369/3755/3369 3372/3758/3372 3366/3752/3366
f 3379/3765/3379 3376/3762/3376 3366/3752/3366 3372/3758/3372
f 3376/3762/3376 3379/3765/3379 3382/3768/3382 3377/3763/3377
f 3377/3763/3377 3382/3768/3382 3576/3984/3577 3389/3775/3389
f 3577/3985/3578 3385/3771/3385 3389/3775/3389 3576/3984/3577
f 3444/3830/3444 3386/3772/3386 3385/3771/3385 3577/3985/3578
f 3396/3782/3396 3353/3739/3353 3561/3956/3562 3368/3754/3368
f 3367/3753/3367 3395/3781/3395 3396/3782/3396 3368/3754/3368
f 3375/3761/3375 3373/3759/3373 3395/3781/3395 3367/3753/3367
f 3373/3759/3373 3375/3761/3375 3378/3764/3378 3374/3760/3374
f 3374/3760/3374 3378/3764/3378 3390/3776/3390 3579/3987/3580
f 3388/3774/3388 3580/3988/3581 3579/3987/3580 3390/3776/3390
f 3387/3773/3387 3344/3730/3344 3580/3988/3581 3388/3774/3388
f 3322/3708/3322 3313/3699/3313 3346/3989/3346 3342/3990/3342
f 3342/3990/3342 3345/3991/3345 3341/3727/3341 3322/3708/3322
f 3345/3991/3345 3446/3992/3446 3405/3791/3405 3341/3727/3341
f 3350/3993/3350 3348/3994/3348 3303/3689/3303 3304/3690/3304
f 3304/3690/3304 3355/3741/3355 3352/3995/3352 3350/3993/3350
f 3355/3741/3355 3557/3951/3558 3560/3996/3561 3352/3995/3352
f 3446/3992/3446 3445/3997/3445 3414/3800/3414 3405/3791/3405
f 3445/3997/3445 3443/3998/3443 3423/3809/3423 3414/3800/3414
f 3443/3998/3443 3442/3828/3442 3432/3818/3432 3423/3809/3423
f 3442/3828/3442 3525/3911/3526 3510/3896/3511 3432/3818/3432
f 3508/3894/3509 3507/3893/3508 3523/3909/3524 3520/3906/3521
f 3520/3906/3521 3522/3908/3523 3519/3905/3520 3508/3894/3509
f 3507/3893/3508 3509/3895/3510 3524/3910/3525 3523/3909/3524
f 3509/3895/3510 3510/3896/3511 3525/3911/3526 3524/3910/3525
f 3522/3908/3523 3564/3999/3565 3559/3953/3560 3519/3905/3520
f 3557/3951/3558 3558/3952/3559 3562/4000/3563 3560/3996/3561
f 3558/3954/3559 3559/3953/3560 3564/3999/3565 3562/4001/3563
f 3348/3994/3348 3346/3989/3346 3313/3699/3313 3303/3689/3303
g default
v 12.125140 1.829950 7.559975
v 12.146038 1.817999 7.625665
v 12.273927 1.838609 7.564354
v 12.240906 1.858659 7.476131
v 12.164128 1.784105 7.689294
v 12.286882 1.792894 7.619014
v 12.193193 1.727499 7.786594
v 12.303381 1.724626 7.716216
v 12.216063 1.712122 7.863878
v 12.324810 1.677354 7.821964
v 12.243873 1.698751 7.943683
v 12.349576 1.659132 7.897595
v 12.274683 1.683099 8.037815
v 12.370855 1.630685 7.970042
v 12.404104 1.826517 7.495996
v 12.379543 1.838552 7.408968
v 12.409157 1.782709 7.559520
v 12.414987 1.709882 7.656156
v 12.429113 1.646486 7.762033
v 12.452169 1.622667 7.845425
v 12.469700 1.592744 7.911786
v 12.507158 1.743303 7.448599
v 12.490078 1.759405 7.379788
v 12.503948 1.705824 7.513787
v 12.515179 1.649358 7.618350
v 12.540598 1.612062 7.728282
v 12.561017 1.590585 7.807849
v 12.580696 1.568102 7.875947
v 12.098127 1.786668 7.464183
v 12.117438 1.826074 7.534201
v 12.232502 1.853860 7.452336
v 12.212486 1.805070 7.390646
v 12.369156 1.833398 7.385676
v 12.328944 1.788072 7.329153
v 12.479677 1.757635 7.354901
v 12.438263 1.726274 7.291471
v 12.560074 1.675066 7.316090
v 12.500019 1.664796 7.263270
v 12.582754 1.643159 7.409627
v 12.572153 1.671186 7.338954
v 12.581533 1.604910 7.479775
v 12.602844 1.569891 7.592712
v 12.639935 1.550603 7.702736
v 12.664309 1.540750 7.783255
v 12.688454 1.530405 7.862712
v 12.583345 1.558401 7.896339
v 12.581675 1.513357 7.967459
v 12.665981 1.490411 7.950419
v 12.688454 1.523813 7.884734
v 12.474115 1.582014 7.930616
v 12.489832 1.531911 8.004497
v 12.375396 1.619936 7.989418
v 12.387538 1.568243 8.060488
v 12.279520 1.672552 8.056717
v 12.286998 1.607450 8.112724
v 12.168439 1.652845 8.103748
v 12.197838 1.610857 8.136804
v 12.135347 1.686414 7.999119
v 12.159863 1.663374 8.085955
v 12.107790 1.702165 7.914693
v 12.083889 1.717306 7.836926
v 12.049006 1.749902 7.738349
v 12.027221 1.768022 7.669488
v 12.016243 1.772752 7.610084
v 12.023524 1.745782 7.505253
v 12.014987 1.769731 7.581831
v 12.166328 1.462026 8.186253
v 12.269258 1.424448 8.168930
v 12.294512 1.482999 8.167874
v 12.205674 1.520185 8.173883
v 12.389645 1.512441 8.104506
v 12.479593 1.485761 8.063227
v 12.380162 1.455083 8.141130
v 12.355349 1.394300 8.149509
v 12.443682 1.369810 8.117588
v 12.467659 1.431318 8.110785
v 12.325068 1.341039 8.135637
v 12.415369 1.314741 8.104112
v 12.287748 1.293325 8.107884
v 12.240320 1.257242 8.054710
v 12.362234 1.215494 8.024218
v 12.388275 1.262216 8.078202
v 12.529411 1.348867 8.082724
v 12.550684 1.413126 8.068606
v 12.564206 1.466657 8.023293
v 12.610678 1.449739 7.999277
v 12.606291 1.336530 8.027948
v 12.574278 1.280679 8.016902
v 12.638790 1.255735 7.956076
v 12.680521 1.328214 7.957977
v 12.142347 1.559743 8.161412
v 12.095002 1.492220 8.177649
v 12.077957 1.263872 7.985752
v 12.067866 1.275827 7.904065
v 12.193853 1.239282 7.855679
v 12.205991 1.226225 7.936362
v 12.052246 1.298299 7.812785
v 12.182186 1.270704 7.767110
v 12.024698 1.301935 7.687242
v 12.154852 1.286111 7.632430
v 11.975479 1.279302 7.561400
v 12.123323 1.279726 7.500378
v 11.964309 1.298109 7.466098
v 12.112638 1.292623 7.412355
v 11.967880 1.329530 7.392147
v 12.108442 1.320459 7.337312
v 12.323936 1.203321 7.815921
v 12.334654 1.183321 7.901050
v 12.312265 1.238779 7.725486
v 12.286825 1.258939 7.584201
v 12.263378 1.247820 7.444998
v 12.250083 1.254099 7.352129
v 12.238430 1.286455 7.271987
v 12.453854 1.169096 7.782402
v 12.466990 1.145418 7.874080
v 12.441618 1.200246 7.686879
v 12.417869 1.218992 7.547998
v 12.401110 1.197736 7.405711
v 12.386987 1.206636 7.299763
v 12.370909 1.247217 7.214534
v 12.123472 1.310354 8.091156
v 12.084007 1.266866 8.006961
v 12.210962 1.227720 7.958272
v 12.338703 1.184034 7.923233
v 12.470721 1.147016 7.896115
v 12.487251 1.185983 7.982035
v 12.599363 1.151636 7.874746
v 12.581343 1.196550 7.947718
v 12.584224 1.167360 7.760711
v 12.599534 1.148565 7.853271
v 12.570531 1.195215 7.659903
v 12.546837 1.231508 7.521371
v 12.538881 1.227129 7.376581
v 12.527637 1.232843 7.276377
v 12.501239 1.273557 7.188572
v 12.367466 1.265802 7.195134
v 12.360033 1.367559 7.146139
v 12.441881 1.375002 7.138950
v 12.490964 1.290533 7.171171
v 12.235820 1.303411 7.249372
v 12.231590 1.390100 7.184098
v 12.107458 1.336137 7.312134
v 12.106292 1.408815 7.237933
v 11.970491 1.346624 7.368202
v 11.983696 1.421804 7.304239
v 11.874823 1.399252 7.433950
v 11.922750 1.441816 7.365499
v 11.859072 1.371877 7.535246
v 11.865969 1.389055 7.460329
v 11.877682 1.363321 7.625710
v 11.924370 1.372732 7.742628
v 11.947016 1.357935 7.868971
v 11.972198 1.342317 7.963451
v 11.992224 1.333566 8.047462
v 12.066700 1.358911 8.115013
v 12.003500 1.335062 8.066071
v 12.091455 1.601663 7.349042
v 12.170517 1.597093 7.301788
v 12.144737 1.533216 7.248635
v 12.059483 1.541814 7.307120
v 12.107141 1.656782 7.380318
v 12.188948 1.652002 7.331674
v 12.124479 1.474130 7.227560
v 12.230057 1.458982 7.183953
v 12.258986 1.583986 7.260293
v 12.238493 1.517847 7.205997
v 12.274500 1.638853 7.290014
v 12.201088 1.735880 7.355183
v 12.296629 1.715818 7.303668
v 12.331671 1.437315 7.157135
v 12.340539 1.569749 7.220875
v 12.329481 1.503069 7.178810
v 12.365961 1.615617 7.255716
v 11.985863 1.544046 7.362225
v 11.901220 1.508154 7.422240
v 11.924809 1.591409 7.474791
v 12.010012 1.598177 7.406857
v 12.742720 1.436029 7.871309
v 12.731449 1.451589 7.780574
v 12.729664 1.326334 7.868558
v 12.730019 1.338880 7.774101
v 12.677954 1.231729 7.855296
v 12.671082 1.245439 7.764300
v 12.716398 1.469015 7.692503
v 12.729347 1.356802 7.675711
v 12.664008 1.262991 7.663705
v 12.662652 1.483232 7.573357
v 12.685863 1.385439 7.538358
v 12.632015 1.295015 7.518379
v 12.633682 1.511106 7.443461
v 12.659842 1.411085 7.396358
v 12.613956 1.311941 7.369677
v 12.627205 1.542638 7.359425
v 12.644440 1.439443 7.302672
v 12.602942 1.330595 7.270565
v 12.604353 1.571790 7.287918
v 12.603876 1.471616 7.227097
v 12.565546 1.374502 7.173612
v 12.589086 1.579301 7.267223
v 12.528265 1.590574 7.226950
v 12.586270 1.481886 7.210007
v 12.523719 1.510515 7.182652
v 12.550921 1.388666 7.157751
v 12.499026 1.433447 7.141865
v 12.674354 1.232763 7.877403
v 12.723763 1.325067 7.890098
v 12.738382 1.430833 7.893087
v 12.699699 1.410452 7.953787
v 11.841913 1.483915 7.582466
v 11.856430 1.496099 7.505268
v 11.862627 1.471338 7.674586
v 11.899414 1.464166 7.806001
v 11.920970 1.444555 7.940320
v 11.952656 1.431890 8.022816
v 11.981712 1.421373 8.097312
v 11.871433 1.591688 7.628021
v 11.882229 1.598531 7.551522
v 11.893387 1.578588 7.714681
v 11.925908 1.566316 7.844593
v 11.953526 1.547197 7.959522
v 11.985183 1.532301 8.049170
v 12.016506 1.517084 8.130877
v 11.935822 1.689520 7.658371
v 11.935730 1.693285 7.590805
v 11.953404 1.678522 7.738015
v 11.988085 1.658781 7.857461
v 12.016367 1.641473 7.950654
v 12.045430 1.623815 8.028399
v 12.082096 1.599565 8.114476
v 11.866708 1.500188 7.478174
v 11.892029 1.598287 7.524631
v 11.940655 1.691187 7.562192
v 11.962049 1.678388 7.505658
v 12.094423 1.591386 8.130566
v 12.030260 1.511789 8.146816
v 11.995830 1.419454 8.115156
v 12.059334 1.421152 8.156775
v 12.130140 1.361120 8.136570
v 12.196708 1.332342 8.126752
v 12.134068 1.400598 8.170811
v 12.237267 1.371950 8.156332
v 12.501412 1.295335 8.064991
v 12.546520 1.241754 8.002239
v 12.482629 1.245401 8.039780
v 12.621180 1.403722 8.012315
v 12.238604 1.556612 8.153686
v 12.305210 1.539785 8.141315
v 12.111558 1.728143 7.411291
v 12.427822 1.543642 7.198241
v 12.436733 1.598108 7.237349
v 12.034966 1.659494 7.435960
v 12.025987 1.484357 7.284604
v 12.411227 1.486456 7.163426
v 12.390097 1.670503 7.269403
v 12.392765 1.437967 7.151476
v 12.438103 1.644586 7.259021
v 12.058434 1.706598 7.448599
v 11.980070 1.498430 7.332190
vt 0.893171 0.969235
vt 0.892705 0.967131
vt 0.887837 0.968245
vt 0.888335 0.971023
vt 0.892482 0.964852
vt 0.887658 0.966071
vt 0.892134 0.961179
vt 0.887566 0.962359
vt 0.891981 0.958585
vt 0.887536 0.958670
vt 0.891737 0.955962
vt 0.887374 0.956091
vt 0.891607 0.953044
vt 0.887207 0.953561
vt 0.882911 0.969090
vt 0.882681 0.971658
vt 0.882989 0.966913
vt 0.883025 0.963230
vt 0.883013 0.959307
vt 0.882918 0.956451
vt 0.882738 0.954059
vt 0.878357 0.968812
vt 0.878051 0.970913
vt 0.878581 0.966580
vt 0.878568 0.962891
vt 0.878519 0.959123
vt 0.878470 0.956426
vt 0.878258 0.954073
vt 0.838043 0.989773
vt 0.836927 0.992351
vt 0.841737 0.994206
vt 0.842597 0.991348
vt 0.847623 0.994791
vt 0.847379 0.991737
vt 0.852716 0.993371
vt 0.852078 0.990673
vt 0.856924 0.991214
vt 0.855161 0.989146
vt 0.874279 0.968352
vt 0.874195 0.970604
vt 0.874220 0.965933
vt 0.874270 0.962219
vt 0.874246 0.958536
vt 0.874302 0.955942
vt 0.874291 0.953449
vt 0.878268 0.953346
vt 0.878553 0.950609
vt 0.875118 0.950202
vt 0.874382 0.952786
vt 0.882682 0.953349
vt 0.882435 0.950448
vt 0.887159 0.952838
vt 0.886953 0.949992
vt 0.891579 0.952429
vt 0.891381 0.949661
vt 0.895707 0.951762
vt 0.895274 0.949708
vt 0.895867 0.955147
vt 0.895784 0.952425
vt 0.896145 0.957858
vt 0.896392 0.960426
vt 0.896846 0.963840
vt 0.897243 0.966127
vt 0.897615 0.968018
vt 0.835294 0.987741
vt 0.833307 0.989347
vt 0.836787 0.942531
vt 0.841010 0.942489
vt 0.841061 0.940217
vt 0.837403 0.940038
vt 0.844066 0.935748
vt 0.844456 0.937949
vt 0.848325 0.937749
vt 0.848758 0.935667
vt 0.844552 0.940138
vt 0.844447 0.942414
vt 0.847976 0.942177
vt 0.848082 0.939927
vt 0.844279 0.944630
vt 0.847861 0.944407
vt 0.843955 0.946968
vt 0.843392 0.949658
vt 0.848111 0.949276
vt 0.847869 0.946692
vt 0.851428 0.941795
vt 0.851527 0.939453
vt 0.852630 0.935072
vt 0.851918 0.937268
vt 0.854037 0.937121
vt 0.856081 0.934721
vt 0.854896 0.941184
vt 0.854735 0.943675
vt 0.858334 0.943567
vt 0.858763 0.940357
vt 0.834513 0.939425
vt 0.833621 0.942517
vt 0.838927 0.953842
vt 0.839195 0.956291
vt 0.844052 0.956204
vt 0.843811 0.953750
vt 0.839227 0.959147
vt 0.844198 0.958984
vt 0.839413 0.963002
vt 0.844388 0.963019
vt 0.839213 0.966925
vt 0.844562 0.966969
vt 0.839418 0.969334
vt 0.844881 0.969475
vt 0.839860 0.971329
vt 0.845192 0.971709
vt 0.849014 0.955948
vt 0.848756 0.953365
vt 0.849158 0.958814
vt 0.849442 0.963017
vt 0.850031 0.967091
vt 0.850431 0.969696
vt 0.850547 0.972090
vt 0.853903 0.955615
vt 0.853668 0.952754
vt 0.854188 0.958642
vt 0.854530 0.962888
vt 0.855226 0.967000
vt 0.855700 0.969694
vt 0.855991 0.972116
vt 0.838585 0.949483
vt 0.838863 0.953154
vt 0.843742 0.953058
vt 0.848670 0.952683
vt 0.853600 0.952055
vt 0.853068 0.948798
vt 0.858181 0.951581
vt 0.857457 0.947489
vt 0.858504 0.955230
vt 0.858268 0.952298
vt 0.858889 0.958373
vt 0.859317 0.962721
vt 0.859825 0.966836
vt 0.860149 0.969372
vt 0.860672 0.971980
vt 0.856071 0.972856
vt 0.854902 0.976547
vt 0.857706 0.977651
vt 0.860460 0.975264
vt 0.850513 0.972897
vt 0.850046 0.976144
vt 0.845258 0.972556
vt 0.845268 0.975589
vt 0.840032 0.972101
vt 0.840484 0.974908
vt 0.834493 0.972005
vt 0.837257 0.974699
vt 0.834574 0.968913
vt 0.834535 0.971055
vt 0.834682 0.966483
vt 0.834663 0.962806
vt 0.834594 0.958901
vt 0.834796 0.955866
vt 0.834826 0.953154
vt 0.835613 0.948549
vt 0.834892 0.952404
vt 0.841213 0.982490
vt 0.844482 0.983018
vt 0.845061 0.980080
vt 0.841485 0.979687
vt 0.840715 0.984818
vt 0.844117 0.985353
vt 0.845296 0.977842
vt 0.849275 0.978333
vt 0.848015 0.983389
vt 0.848695 0.980436
vt 0.847595 0.985674
vt 0.843392 0.988528
vt 0.847359 0.988650
vt 0.853086 0.978591
vt 0.851307 0.983523
vt 0.852093 0.980831
vt 0.851279 0.985750
vt 0.838265 0.979112
vt 0.834734 0.977067
vt 0.833719 0.980780
vt 0.837680 0.981702
vt 0.870740 0.952492
vt 0.870567 0.955153
vt 0.866720 0.952087
vt 0.866648 0.954885
vt 0.862348 0.952228
vt 0.862606 0.955003
vt 0.870541 0.957710
vt 0.866794 0.957668
vt 0.862907 0.957986
vt 0.870531 0.961653
vt 0.866834 0.961889
vt 0.863104 0.962427
vt 0.870501 0.965752
vt 0.866898 0.966094
vt 0.863345 0.966635
vt 0.870700 0.968390
vt 0.867324 0.968713
vt 0.863674 0.969177
vt 0.871044 0.970782
vt 0.868027 0.971147
vt 0.864162 0.971865
vt 0.859596 0.987774
vt 0.857360 0.986660
vt 0.861274 0.983753
vt 0.858601 0.983481
vt 0.861698 0.979468
vt 0.859017 0.980242
vt 0.862265 0.951513
vt 0.861941 0.948328
vt 0.866748 0.951384
vt 0.866783 0.948369
vt 0.870812 0.951817
vt 0.871103 0.949045
vt 0.830925 0.968254
vt 0.830717 0.970288
vt 0.831067 0.965702
vt 0.830973 0.961670
vt 0.831128 0.957511
vt 0.831292 0.954743
vt 0.831492 0.952100
vt 0.827123 0.967887
vt 0.827302 0.970103
vt 0.827226 0.965049
vt 0.827337 0.960871
vt 0.827423 0.957102
vt 0.827348 0.954081
vt 0.827534 0.950724
vt 0.904218 0.969225
vt 0.904227 0.967009
vt 0.901034 0.966334
vt 0.901257 0.968417
vt 0.904124 0.964172
vt 0.900713 0.963842
vt 0.904013 0.959993
vt 0.900284 0.959993
vt 0.903927 0.956224
vt 0.900014 0.956972
vt 0.903477 0.953204
vt 0.899708 0.954423
vt 0.902966 0.950415
vt 0.899334 0.951573
vt 0.832300 0.976744
vt 0.831546 0.981008
vt 0.831783 0.985334
vt 0.833745 0.984595
vt 0.899203 0.950935
vt 0.898639 0.948931
vt 0.902569 0.949786
vt 0.901734 0.947759
vt 0.827643 0.946892
vt 0.827538 0.949851
vt 0.831572 0.951282
vt 0.831598 0.948183
vt 0.837538 0.947032
vt 0.840287 0.947005
vt 0.836730 0.945151
vt 0.840792 0.944754
vt 0.851389 0.944057
vt 0.854512 0.945699
vt 0.851640 0.946205
vt 0.854803 0.938652
vt 0.858335 0.937122
vt 0.839437 0.935704
vt 0.836011 0.936821
vt 0.838168 0.938311
vt 0.840830 0.938086
vt 0.833592 0.945610
vt 0.839779 0.987532
vt 0.854754 0.983546
vt 0.854058 0.985883
vt 0.837459 0.984379
vt 0.841404 0.977268
vt 0.855152 0.981132
vt 0.851319 0.987997
vt 0.855184 0.979255
vt 0.853350 0.987651
vt 0.837635 0.986402
vt 0.839083 0.977336
vt 0.893441 0.970083
vt 0.897820 0.968960
vt 0.888454 0.971824
vt 0.882600 0.972471
vt 0.877847 0.971735
vt 0.874136 0.971409
vt 0.871175 0.971659
vt 0.901395 0.969357
vt 0.860870 0.972794
vt 0.864292 0.972471
vt 0.830606 0.971047
vt 0.868390 0.971906
vt 0.827293 0.970807
vt 0.904194 0.970107
vn -0.301148 0.949869 0.084021
vn -0.102216 0.931812 0.348251
vn 0.161840 0.918602 0.360526
vn -0.035017 0.999303 0.012950
vn 0.070791 0.885267 0.459663
vn 0.283329 0.809066 0.514915
vn 0.141065 0.930298 0.338595
vn 0.325074 0.852568 0.409213
vn 0.158639 0.971627 0.175427
vn 0.351869 0.912646 0.208002
vn 0.194396 0.970267 0.144198
vn 0.408171 0.903130 0.133236
vn 0.281707 0.917547 0.280621
vn 0.505652 0.830283 0.234406
vn 0.475620 0.837286 0.269699
vn 0.339814 0.933358 -0.115626
vn 0.511335 0.723847 0.463229
vn 0.467049 0.789009 0.399163
vn 0.393967 0.885692 0.245643
vn 0.370129 0.906954 0.201095
vn 0.399480 0.863313 0.308393
vn 0.733996 0.653680 0.184262
vn 0.636276 0.757997 -0.143504
vn 0.726158 0.614240 0.308874
vn 0.628174 0.746254 0.220232
vn 0.481365 0.866024 0.135243
vn 0.387329 0.911354 0.139319
vn 0.345000 0.899598 0.267767
vn -0.550846 0.642167 -0.533095
vn -0.453125 0.867606 -0.204788
vn -0.220889 0.918672 -0.327491
vn -0.380344 0.662145 -0.645680
vn 0.160252 0.873993 -0.458754
vn -0.097475 0.632028 -0.768791
vn 0.456208 0.756045 -0.469330
vn 0.137657 0.573395 -0.807631
vn 0.612263 0.613560 -0.498676
vn 0.219569 0.525209 -0.822159
vn 0.867788 0.484419 0.110822
vn 0.807236 0.564443 -0.172552
vn 0.839836 0.523119 0.144988
vn 0.749283 0.662127 -0.012728
vn 0.660188 0.749223 -0.053073
vn 0.638913 0.769200 -0.011030
vn 0.640896 0.754532 0.141187
vn 0.329878 0.839855 0.431073
vn 0.372945 0.708151 0.599529
vn 0.520529 0.529526 0.669815
vn 0.598098 0.682808 0.419586
vn 0.421942 0.807219 0.412750
vn 0.450508 0.704376 0.548541
vn 0.557805 0.737024 0.381640
vn 0.540130 0.622863 0.565952
vn 0.380307 0.768007 0.515298
vn 0.403476 0.576131 0.710831
vn -0.067714 0.726444 0.683882
vn 0.100186 0.522472 0.846750
vn -0.249453 0.925094 0.286312
vn -0.211861 0.871756 0.441764
vn -0.234317 0.937644 0.256746
vn -0.245028 0.913534 0.324680
vn -0.328537 0.864227 0.381019
vn -0.464419 0.845096 0.264815
vn -0.564759 0.824006 0.045404
vn -0.616377 0.603225 -0.506161
vn -0.613106 0.765805 -0.194021
vn -0.009245 -0.039004 0.999196
vn 0.141732 -0.142825 0.979547
vn 0.267567 0.188936 0.944834
vn 0.107241 0.256354 0.960616
vn 0.477115 0.489996 0.729566
vn 0.460747 0.562420 0.686583
vn 0.375775 0.211854 0.902170
vn 0.232552 -0.176793 0.956380
vn 0.319383 -0.194067 0.927541
vn 0.430379 0.255227 0.865814
vn 0.107617 -0.432478 0.895199
vn 0.217814 -0.450291 0.865907
vn -0.032814 -0.647005 0.761779
vn -0.159292 -0.833974 0.528312
vn -0.087223 -0.849658 0.520071
vn 0.096201 -0.645238 0.757900
vn 0.452169 -0.214553 0.865743
vn 0.533341 0.239365 0.811327
vn 0.468183 0.532541 0.705128
vn 0.508130 0.416929 0.753641
vn 0.582051 -0.226241 0.781045
vn 0.466356 -0.487259 0.738303
vn 0.603214 -0.514198 0.609699
vn 0.721956 -0.270412 0.636912
vn -0.097317 0.403030 0.909998
vn -0.265915 0.111028 0.957581
vn -0.412862 -0.906032 0.093013
vn -0.450888 -0.887581 -0.094334
vn -0.321425 -0.927293 -0.191868
vn -0.292895 -0.956129 0.005550
vn -0.398133 -0.914718 -0.069145
vn -0.267943 -0.950099 -0.159745
vn -0.303811 -0.946633 0.107634
vn -0.152313 -0.988008 0.025316
vn -0.310858 -0.948463 0.061516
vn -0.134794 -0.990868 -0.003472
vn -0.400161 -0.890975 -0.214556
vn -0.231007 -0.946424 -0.225650
vn -0.454136 -0.781442 -0.427914
vn -0.320909 -0.845410 -0.426966
vn -0.321686 -0.919284 -0.226792
vn -0.295772 -0.954699 -0.032687
vn -0.304423 -0.934713 -0.183406
vn -0.252688 -0.967271 0.023155
vn -0.267649 -0.962708 0.039465
vn -0.352693 -0.918722 -0.177646
vn -0.417604 -0.809113 -0.413453
vn -0.186650 -0.951520 -0.244482
vn -0.137762 -0.988971 -0.054381
vn -0.184418 -0.960172 -0.209907
vn -0.109703 -0.993886 -0.012471
vn -0.069924 -0.997176 0.027404
vn -0.124851 -0.965469 -0.228654
vn -0.193670 -0.831798 -0.520196
vn -0.204030 -0.759960 0.617116
vn -0.297737 -0.876302 0.378745
vn -0.234282 -0.936358 0.261430
vn -0.228356 -0.945521 0.232043
vn -0.043478 -0.963026 0.265876
vn 0.123677 -0.811063 0.571736
vn 0.418982 -0.850329 0.318426
vn 0.404245 -0.683040 0.608311
vn 0.322840 -0.912061 -0.252820
vn 0.391622 -0.918532 -0.054141
vn 0.290965 -0.919131 -0.265590
vn 0.370605 -0.919022 -0.134354
vn 0.469683 -0.879921 -0.071675
vn 0.465937 -0.824978 -0.319865
vn 0.344878 -0.687372 -0.639202
vn -0.231688 -0.609072 -0.758520
vn -0.216816 -0.203613 -0.954742
vn -0.014704 -0.081278 -0.996583
vn 0.163171 -0.461718 -0.871890
vn -0.428873 -0.650793 -0.626527
vn -0.388632 -0.289686 -0.874670
vn -0.383806 -0.699584 -0.602723
vn -0.446723 -0.321649 -0.834853
vn -0.513843 -0.609994 -0.603219
vn -0.591756 -0.193090 -0.782650
vn -0.834576 -0.197621 -0.514227
vn -0.750530 0.109141 -0.651761
vn -0.872914 -0.482596 -0.071571
vn -0.875062 -0.353381 -0.330739
vn -0.785795 -0.583908 0.203908
vn -0.747079 -0.634100 0.199474
vn -0.762340 -0.641452 0.085888
vn -0.779387 -0.616279 0.112946
vn -0.731528 -0.618295 0.287363
vn -0.298781 -0.626177 0.720161
vn -0.508864 -0.647286 0.567520
vn -0.431801 0.604333 -0.669574
vn -0.326410 0.603116 -0.727810
vn -0.337350 0.560189 -0.756560
vn -0.437941 0.593628 -0.675140
vn -0.502031 0.452713 -0.736897
vn -0.404478 0.424778 -0.809914
vn -0.417087 0.225637 -0.880413
vn -0.298343 0.183735 -0.936607
vn -0.232502 0.597663 -0.767295
vn -0.235690 0.506985 -0.829106
vn -0.290604 0.424735 -0.857409
vn -0.443024 0.393707 -0.805435
vn -0.277837 0.360962 -0.890232
vn -0.168342 0.193411 -0.966568
vn -0.124896 0.584474 -0.801743
vn -0.139953 0.448142 -0.882940
vn -0.149183 0.461203 -0.874664
vn -0.552842 0.554745 -0.621791
vn -0.726016 0.409071 -0.552777
vn -0.653022 0.523843 -0.546947
vn -0.518735 0.576992 -0.630868
vn 0.971659 0.225388 0.071274
vn 0.946057 0.313891 -0.080307
vn 0.951065 -0.303508 0.057958
vn 0.958209 -0.269449 -0.096086
vn 0.798344 -0.602202 0.000742
vn 0.759444 -0.628196 -0.169161
vn 0.894672 0.412276 -0.172018
vn 0.955692 -0.192498 -0.222703
vn 0.722367 -0.645070 -0.249138
vn 0.883615 0.434558 -0.174308
vn 0.961065 -0.098387 -0.258214
vn 0.754813 -0.613725 -0.231516
vn 0.930525 0.365822 -0.017256
vn 0.986398 -0.059776 -0.153124
vn 0.825463 -0.539174 -0.167038
vn 0.946203 0.317029 -0.064744
vn 0.964918 -0.000157 -0.262551
vn 0.838693 -0.425799 -0.339543
vn 0.875929 0.354609 -0.327110
vn 0.854804 0.125760 -0.503483
vn 0.735655 -0.267525 -0.622288
vn 0.677097 0.428223 -0.598468
vn 0.259190 0.489246 -0.832742
vn 0.652019 0.273312 -0.707229
vn 0.278027 0.437780 -0.855014
vn 0.511680 -0.070588 -0.856272
vn 0.172113 0.196899 -0.965198
vn 0.750997 -0.572638 0.328771
vn 0.878824 -0.314594 0.358747
vn 0.905640 0.161955 0.391902
vn 0.721838 0.129171 0.679901
vn -0.997860 0.049642 0.042559
vn -0.958802 0.169819 -0.227727
vn -0.964523 -0.061562 0.256722
vn -0.968596 -0.084741 0.233756
vn -0.966435 -0.085658 0.242210
vn -0.944823 -0.078738 0.317978
vn -0.875326 -0.114488 0.469784
vn -0.922523 0.373643 0.096657
vn -0.882202 0.438100 -0.172593
vn -0.907911 0.319921 0.270830
vn -0.896511 0.348770 0.273181
vn -0.865653 0.381891 0.323734
vn -0.829661 0.394735 0.394775
vn -0.753039 0.363473 0.548470
vn -0.762729 0.624592 0.167719
vn -0.770676 0.633739 -0.066582
vn -0.712885 0.629533 0.309003
vn -0.662464 0.678111 0.318287
vn -0.623874 0.706036 0.335104
vn -0.597587 0.704336 0.383145
vn -0.519589 0.672596 0.526916
vn -0.874061 0.263966 -0.407848
vn -0.797554 0.474834 -0.372075
vn -0.732739 0.615932 -0.289348
vn -0.630377 0.550150 -0.547685
vn -0.337016 0.564972 0.753145
vn -0.546257 0.251122 0.799087
vn -0.643286 -0.234685 0.728770
vn -0.365143 -0.340186 0.866570
vn -0.187099 -0.607468 0.771996
vn -0.113464 -0.628345 0.769616
vn -0.130426 -0.414692 0.900566
vn 0.016194 -0.432635 0.901424
vn 0.345365 -0.479463 0.806746
vn 0.393675 -0.571164 0.720272
vn 0.273568 -0.610093 0.743604
vn 0.600833 0.168084 0.781503
vn 0.191906 0.393978 0.898862
vn 0.362114 0.421902 0.831187
vn -0.554502 0.413714 -0.722059
vn -0.012835 0.536974 -0.843501
vn -0.053581 0.477623 -0.876930
vn -0.546662 0.477596 -0.687796
vn -0.534548 0.327992 -0.778897
vn -0.049168 0.380297 -0.923557
vn -0.120549 0.351777 -0.928289
vn -0.094528 0.202822 -0.974643
vn -0.067147 0.379583 -0.922718
vn -0.582949 0.437237 -0.684832
vn -0.618255 0.391490 -0.681540
s 1
g Feet M_Skeleton L_F_Middle_Phalanx_4
usemtl Skeleton_Feet_SG
f 3581/4002/3582 3582/4003/3583 3583/4004/3584 3584/4005/3585
f 3582/4003/3583 3585/4006/3586 3586/4007/3587 3583/4004/3584
f 3585/4006/3586 3587/4008/3588 3588/4009/3589 3586/4007/3587
f 3587/4008/3588 3589/4010/3590 3590/4011/3591 3588/4009/3589
f 3589/4010/3590 3591/4012/3592 3592/4013/3593 3590/4011/3591
f 3591/4012/3592 3593/4014/3594 3594/4015/3595 3592/4013/3593
f 3584/4005/3585 3583/4004/3584 3595/4016/3596 3596/4017/3597
f 3583/4004/3584 3586/4007/3587 3597/4018/3598 3595/4016/3596
f 3586/4007/3587 3588/4009/3589 3598/4019/3599 3597/4018/3598
f 3588/4009/3589 3590/4011/3591 3599/4020/3600 3598/4019/3599
f 3590/4011/3591 3592/4013/3593 3600/4021/3601 3599/4020/3600
f 3592/4013/3593 3594/4015/3595 3601/4022/3602 3600/4021/3601
f 3596/4017/3597 3595/4016/3596 3602/4023/3603 3603/4024/3604
f 3595/4016/3596 3597/4018/3598 3604/4025/3605 3602/4023/3603
f 3597/4018/3598 3598/4019/3599 3605/4026/3606 3604/4025/3605
f 3598/4019/3599 3599/4020/3600 3606/4027/3607 3605/4026/3606
f 3599/4020/3600 3600/4021/3601 3607/4028/3608 3606/4027/3607
f 3600/4021/3601 3601/4022/3602 3608/4029/3609 3607/4028/3608
f 3609/4030/3610 3610/4031/3611 3611/4032/3612 3612/4033/3613
f 3612/4033/3613 3611/4032/3612 3613/4034/3614 3614/4035/3615
f 3614/4035/3615 3613/4034/3614 3615/4036/3616 3616/4037/3617
f 3616/4037/3617 3615/4036/3616 3617/4038/3618 3618/4039/3619
f 3603/4024/3604 3602/4023/3603 3619/4040/3620 3620/4041/3621
f 3602/4023/3603 3604/4025/3605 3621/4042/3622 3619/4040/3620
f 3604/4025/3605 3605/4026/3606 3622/4043/3623 3621/4042/3622
f 3605/4026/3606 3606/4027/3607 3623/4044/3624 3622/4043/3623
f 3606/4027/3607 3607/4028/3608 3624/4045/3625 3623/4044/3624
f 3607/4028/3608 3608/4029/3609 3625/4046/3626 3624/4045/3625
f 3626/4047/3627 3627/4048/3628 3628/4049/3629 3629/4050/3630
f 3627/4048/3628 3626/4047/3627 3630/4051/3631 3631/4052/3632
f 3631/4052/3632 3630/4051/3631 3632/4053/3633 3633/4054/3634
f 3633/4054/3634 3632/4053/3633 3634/4055/3635 3635/4056/3636
f 3635/4056/3636 3634/4055/3635 3636/4057/3637 3637/4058/3638
f 3593/4014/3594 3591/4012/3592 3638/4059/3639 3639/4060/3640
f 3591/4012/3592 3589/4010/3590 3640/4061/3641 3638/4059/3639
f 3589/4010/3590 3587/4008/3588 3641/4062/3642 3640/4061/3641
f 3587/4008/3588 3585/4006/3586 3642/4063/3643 3641/4062/3642
f 3585/4006/3586 3582/4003/3583 3643/4064/3644 3642/4063/3643
f 3582/4003/3583 3581/4002/3582 3644/4065/3645 3643/4064/3644
f 3610/4031/3611 3609/4030/3610 3645/4066/3646 3646/4067/3647
f 3647/4068/3648 3648/4069/3649 3649/4070/3650 3650/4071/3651
f 3633/4072/3634 3651/4073/3652 3652/4074/3653 3631/4075/3632
f 3653/4076/3654 3654/4077/3655 3655/4078/3656 3656/4079/3657
f 3654/4077/3655 3657/4080/3658 3658/4081/3659 3655/4078/3656
f 3659/4082/3660 3660/4083/3661 3661/4084/3662 3662/4085/3663
f 3656/4079/3657 3655/4078/3656 3663/4086/3664 3664/4087/3665
f 3627/4088/3628 3665/4089/3666 3666/4090/3667 3628/4091/3629
f 3667/4092/3668 3668/4093/3669 3669/4094/3670 3670/4095/3671
f 3671/4096/3672 3672/4097/3673 3647/4068/3648 3650/4071/3651
f 3673/4098/3674 3674/4099/3675 3675/4100/3676 3676/4101/3677
f 3674/4099/3675 3677/4102/3678 3678/4103/3679 3675/4100/3676
f 3677/4102/3678 3679/4104/3680 3680/4105/3681 3678/4103/3679
f 3679/4104/3680 3681/4106/3682 3682/4107/3683 3680/4105/3681
f 3681/4106/3682 3683/4108/3684 3684/4109/3685 3682/4107/3683
f 3683/4108/3684 3685/4110/3686 3686/4111/3687 3684/4109/3685
f 3676/4101/3677 3675/4100/3676 3687/4112/3688 3688/4113/3689
f 3675/4100/3676 3678/4103/3679 3689/4114/3690 3687/4112/3688
f 3678/4103/3679 3680/4105/3681 3690/4115/3691 3689/4114/3690
f 3680/4105/3681 3682/4107/3683 3691/4116/3692 3690/4115/3691
f 3682/4107/3683 3684/4109/3685 3692/4117/3693 3691/4116/3692
f 3684/4109/3685 3686/4111/3687 3693/4118/3694 3692/4117/3693
f 3688/4113/3689 3687/4112/3688 3694/4119/3695 3695/4120/3696
f 3687/4112/3688 3689/4114/3690 3696/4121/3697 3694/4119/3695
f 3689/4114/3690 3690/4115/3691 3697/4122/3698 3696/4121/3697
f 3690/4115/3691 3691/4116/3692 3698/4123/3699 3697/4122/3698
f 3691/4116/3692 3692/4117/3693 3699/4124/3700 3698/4123/3699
f 3692/4117/3693 3693/4118/3694 3700/4125/3701 3699/4124/3700
f 3701/4126/3702 3702/4127/3703 3703/4128/3704 3660/4083/3661
f 3660/4083/3661 3703/4128/3704 3704/4129/3705 3661/4084/3662
f 3661/4084/3662 3704/4129/3705 3705/4130/3706 3706/4131/3707
f 3706/4131/3707 3705/4130/3706 3707/4132/3708 3708/4133/3709
f 3695/4120/3696 3694/4119/3695 3709/4134/3710 3710/4135/3711
f 3694/4119/3695 3696/4121/3697 3711/4136/3712 3709/4134/3710
f 3696/4121/3697 3697/4122/3698 3712/4137/3713 3711/4136/3712
f 3697/4122/3698 3698/4123/3699 3713/4138/3714 3712/4137/3713
f 3698/4123/3699 3699/4124/3700 3714/4139/3715 3713/4138/3714
f 3699/4124/3700 3700/4125/3701 3715/4140/3716 3714/4139/3715
f 3716/4141/3717 3717/4142/3718 3718/4143/3719 3719/4144/3720
f 3717/4142/3718 3716/4141/3717 3720/4145/3721 3721/4146/3722
f 3721/4146/3722 3720/4145/3721 3722/4147/3723 3723/4148/3724
f 3723/4148/3724 3722/4147/3723 3724/4149/3725 3725/4150/3726
f 3725/4150/3726 3724/4149/3725 3726/4151/3727 3727/4152/3728
f 3685/4110/3686 3683/4108/3684 3728/4153/3729 3729/4154/3730
f 3683/4108/3684 3681/4106/3682 3730/4155/3731 3728/4153/3729
f 3681/4106/3682 3679/4104/3680 3731/4156/3732 3730/4155/3731
f 3679/4104/3680 3677/4102/3678 3732/4157/3733 3731/4156/3732
f 3677/4102/3678 3674/4099/3675 3733/4158/3734 3732/4157/3733
f 3674/4099/3675 3673/4098/3674 3734/4159/3735 3733/4158/3734
f 3702/4127/3703 3701/4126/3702 3735/4160/3736 3736/4161/3737
f 3737/4162/3738 3738/4163/3739 3739/4164/3740 3740/4165/3741
f 3737/4162/3738 3741/4166/3742 3742/4167/3743 3738/4163/3739
f 3723/4148/3724 3743/4168/3744 3744/4169/3745 3721/4146/3722
f 3739/4164/3740 3738/4163/3739 3745/4170/3746 3746/4171/3747
f 3738/4163/3739 3742/4167/3743 3747/4172/3748 3745/4170/3746
f 3748/4173/3749 3612/4033/3613 3614/4035/3615 3749/4174/3750
f 3750/4175/3751 3717/4142/3718 3721/4146/3722 3744/4169/3745
f 3746/4171/3747 3745/4170/3746 3751/4176/3752 3752/4177/3753
f 3745/4170/3746 3747/4172/3748 3753/4178/3754 3751/4176/3752
f 3754/4179/3755 3755/4180/3756 3756/4181/3757 3757/4182/3758
f 3758/4183/3759 3759/4184/3760 3624/4045/3625 3625/4046/3626
f 3760/4185/3761 3761/4186/3762 3759/4184/3760 3758/4183/3759
f 3762/4187/3763 3763/4188/3764 3761/4186/3762 3760/4185/3761
f 3710/4135/3711 3709/4134/3710 3763/4188/3764 3762/4187/3763
f 3624/4045/3625 3759/4184/3760 3764/4189/3765 3623/4044/3624
f 3759/4184/3760 3761/4186/3762 3765/4190/3766 3764/4189/3765
f 3761/4186/3762 3763/4188/3764 3766/4191/3767 3765/4190/3766
f 3763/4188/3764 3709/4134/3710 3711/4136/3712 3766/4191/3767
f 3623/4044/3624 3764/4189/3765 3767/4192/3768 3622/4043/3623
f 3764/4189/3765 3765/4190/3766 3768/4193/3769 3767/4192/3768
f 3765/4190/3766 3766/4191/3767 3769/4194/3770 3768/4193/3769
f 3766/4191/3767 3711/4136/3712 3712/4137/3713 3769/4194/3770
f 3622/4043/3623 3767/4192/3768 3770/4195/3771 3621/4042/3622
f 3767/4192/3768 3768/4193/3769 3771/4196/3772 3770/4195/3771
f 3768/4193/3769 3769/4194/3770 3772/4197/3773 3771/4196/3772
f 3769/4194/3770 3712/4137/3713 3713/4138/3714 3772/4197/3773
f 3621/4042/3622 3770/4195/3771 3773/4198/3774 3619/4040/3620
f 3770/4195/3771 3771/4196/3772 3774/4199/3775 3773/4198/3774
f 3771/4196/3772 3772/4197/3773 3775/4200/3776 3774/4199/3775
f 3772/4197/3773 3713/4138/3714 3714/4139/3715 3775/4200/3776
f 3619/4040/3620 3773/4198/3774 3776/4201/3777 3620/4041/3621
f 3773/4198/3774 3774/4199/3775 3777/4202/3778 3776/4201/3777
f 3774/4199/3775 3775/4200/3776 3778/4203/3779 3777/4202/3778
f 3775/4200/3776 3714/4139/3715 3715/4140/3716 3778/4203/3779
f 3779/4204/3780 3780/4205/3781 3618/4039/3619 3617/4038/3618
f 3781/4206/3782 3782/4207/3783 3780/4205/3781 3779/4204/3780
f 3783/4208/3784 3784/4209/3785 3782/4207/3783 3781/4206/3782
f 3719/4144/3720 3718/4143/3719 3784/4209/3785 3783/4208/3784
f 3785/4210/3786 3669/4211/3670 3708/4133/3709 3707/4132/3708
f 3786/4212/3787 3670/4213/3671 3669/4211/3670 3785/4210/3786
f 3787/4214/3788 3788/4215/3789 3670/4213/3671 3786/4212/3787
f 3629/4050/3630 3628/4049/3629 3788/4215/3789 3787/4214/3788
f 3729/4154/3730 3728/4153/3729 3789/4216/3790 3790/4217/3791
f 3728/4153/3729 3730/4155/3731 3791/4218/3792 3789/4216/3790
f 3730/4155/3731 3731/4156/3732 3792/4219/3793 3791/4218/3792
f 3731/4156/3732 3732/4157/3733 3793/4220/3794 3792/4219/3793
f 3732/4157/3733 3733/4158/3734 3794/4221/3795 3793/4220/3794
f 3733/4158/3734 3734/4159/3735 3795/4222/3796 3794/4221/3795
f 3790/4217/3791 3789/4216/3790 3796/4223/3797 3797/4224/3798
f 3789/4216/3790 3791/4218/3792 3798/4225/3799 3796/4223/3797
f 3791/4218/3792 3792/4219/3793 3799/4226/3800 3798/4225/3799
f 3792/4219/3793 3793/4220/3794 3800/4227/3801 3799/4226/3800
f 3793/4220/3794 3794/4221/3795 3801/4228/3802 3800/4227/3801
f 3794/4221/3795 3795/4222/3796 3802/4229/3803 3801/4228/3802
f 3797/4230/3798 3796/4231/3797 3803/4232/3804 3804/4233/3805
f 3796/4231/3797 3798/4234/3799 3805/4235/3806 3803/4232/3804
f 3798/4234/3799 3799/4236/3800 3806/4237/3807 3805/4235/3806
f 3799/4236/3800 3800/4238/3801 3807/4239/3808 3806/4237/3807
f 3800/4238/3801 3801/4240/3802 3808/4241/3809 3807/4239/3808
f 3801/4240/3802 3802/4242/3803 3809/4243/3810 3808/4241/3809
f 3804/4233/3805 3803/4232/3804 3643/4064/3644 3644/4065/3645
f 3803/4232/3804 3805/4235/3806 3642/4063/3643 3643/4064/3644
f 3805/4235/3806 3806/4237/3807 3641/4062/3642 3642/4063/3643
f 3806/4237/3807 3807/4239/3808 3640/4061/3641 3641/4062/3642
f 3807/4239/3808 3808/4241/3809 3638/4059/3639 3640/4061/3641
f 3808/4241/3809 3809/4243/3810 3639/4060/3640 3638/4059/3639
f 3727/4152/3728 3726/4151/3727 3810/4244/3811 3755/4180/3756
f 3755/4180/3756 3810/4244/3811 3811/4245/3812 3756/4181/3757
f 3756/4181/3757 3811/4245/3812 3812/4246/3813 3813/4247/3814
f 3813/4247/3814 3812/4246/3813 3646/4067/3647 3645/4066/3646
f 3637/4058/3638 3636/4057/3637 3814/4248/3815 3671/4249/3672
f 3671/4249/3672 3814/4248/3815 3815/4250/3816 3672/4251/3673
f 3672/4252/3673 3815/4253/3816 3816/4254/3817 3817/4255/3818
f 3817/4255/3818 3816/4254/3817 3736/4161/3737 3735/4160/3736
f 3818/4256/3819 3735/4160/3736 3701/4126/3702 3819/4257/3820
f 3647/4068/3648 3820/4258/3821 3821/4259/3822 3648/4069/3649
f 3655/4078/3656 3658/4081/3659 3822/4260/3823 3663/4086/3664
f 3708/4133/3709 3823/4261/3824 3824/4262/3825 3706/4131/3707
f 3825/4263/3826 3667/4092/3668 3670/4095/3671 3788/4264/3789
f 3635/4265/3636 3637/4266/3638 3826/4267/3827 3827/4268/3828
f 3672/4097/3673 3817/4269/3818 3820/4258/3821 3647/4068/3648
f 3706/4131/3707 3824/4262/3825 3662/4085/3663 3661/4084/3662
f 3665/4089/3666 3627/4088/3628 3631/4075/3632 3652/4074/3653
f 3669/4094/3670 3668/4093/3669 3823/4261/3824 3708/4133/3709
f 3658/4081/3659 3662/4085/3663 3824/4262/3825 3822/4260/3823
f 3657/4080/3658 3659/4082/3660 3662/4085/3663 3658/4081/3659
f 3820/4258/3821 3818/4256/3819 3819/4257/3820 3821/4259/3822
f 3820/4258/3821 3817/4269/3818 3735/4160/3736 3818/4256/3819
f 3637/4266/3638 3671/4096/3672 3650/4071/3651 3826/4267/3827
f 3649/4070/3650 3827/4268/3828 3826/4267/3827 3650/4071/3651
f 3651/4073/3652 3653/4076/3654 3656/4079/3657 3652/4074/3653
f 3652/4074/3653 3656/4079/3657 3664/4087/3665 3665/4089/3666
f 3666/4090/3667 3825/4263/3826 3788/4264/3789 3628/4091/3629
f 3664/4087/3665 3825/4263/3826 3666/4090/3667 3665/4089/3666
f 3663/4086/3664 3667/4092/3668 3825/4263/3826 3664/4087/3665
f 3822/4260/3823 3668/4093/3669 3667/4092/3668 3663/4086/3664
f 3824/4262/3825 3823/4261/3824 3668/4093/3669 3822/4260/3823
f 3651/4073/3652 3633/4072/3634 3635/4265/3636 3827/4268/3828
f 3653/4076/3654 3651/4073/3652 3827/4268/3828 3649/4070/3650
f 3648/4069/3649 3654/4077/3655 3653/4076/3654 3649/4070/3650
f 3821/4259/3822 3657/4080/3658 3654/4077/3655 3648/4069/3649
f 3819/4257/3820 3659/4082/3660 3657/4080/3658 3821/4259/3822
f 3659/4082/3660 3819/4257/3820 3701/4126/3702 3660/4083/3661
f 3748/4173/3749 3828/4270/3829 3609/4030/3610 3612/4033/3613
f 3780/4205/3781 3782/4207/3783 3829/4271/3830 3830/4272/3831
f 3831/4273/3832 3757/4182/3758 3756/4181/3757 3813/4247/3814
f 3743/4168/3744 3723/4148/3724 3725/4150/3726 3832/4274/3833
f 3829/4271/3830 3782/4207/3783 3784/4209/3785 3833/4275/3834
f 3616/4037/3617 3834/4276/3835 3749/4174/3750 3614/4035/3615
f 3835/4277/3836 3718/4143/3719 3717/4142/3718 3750/4175/3751
f 3751/4176/3752 3829/4271/3830 3833/4275/3834 3752/4177/3753
f 3753/4178/3754 3830/4272/3831 3829/4271/3830 3751/4176/3752
f 3616/4037/3617 3618/4039/3619 3836/4278/3837 3834/4276/3835
f 3828/4270/3829 3837/4279/3838 3645/4066/3646 3609/4030/3610
f 3757/4182/3758 3831/4273/3832 3741/4166/3742 3737/4162/3738
f 3757/4182/3758 3737/4162/3738 3740/4165/3741 3754/4179/3755
f 3725/4150/3726 3727/4152/3728 3838/4280/3839 3832/4274/3833
f 3838/4280/3839 3727/4152/3728 3755/4180/3756 3754/4179/3755
f 3740/4165/3741 3832/4274/3833 3838/4280/3839 3754/4179/3755
f 3739/4164/3740 3743/4168/3744 3832/4274/3833 3740/4165/3741
f 3743/4168/3744 3739/4164/3740 3746/4171/3747 3744/4169/3745
f 3744/4169/3745 3746/4171/3747 3752/4177/3753 3750/4175/3751
f 3833/4275/3834 3835/4277/3836 3750/4175/3751 3752/4177/3753
f 3784/4209/3785 3718/4143/3719 3835/4277/3836 3833/4275/3834
f 3618/4039/3619 3780/4205/3781 3830/4272/3831 3836/4278/3837
f 3834/4276/3835 3836/4278/3837 3830/4272/3831 3753/4178/3754
f 3747/4172/3748 3749/4174/3750 3834/4276/3835 3753/4178/3754
f 3742/4167/3743 3748/4173/3749 3749/4174/3750 3747/4172/3748
f 3741/4166/3742 3828/4270/3829 3748/4173/3749 3742/4167/3743
f 3831/4273/3832 3837/4279/3838 3828/4270/3829 3741/4166/3742
f 3837/4279/3838 3831/4273/3832 3813/4247/3814 3645/4066/3646
f 3610/4281/3611 3646/4282/3647 3644/4065/3645 3581/4002/3582
f 3581/4002/3582 3584/4005/3585 3611/4283/3612 3610/4281/3611
f 3584/4005/3585 3596/4017/3597 3613/4284/3614 3611/4283/3612
f 3596/4017/3597 3603/4024/3604 3615/4285/3616 3613/4284/3614
f 3603/4024/3604 3620/4041/3621 3617/4286/3618 3615/4285/3616
f 3620/4041/3621 3776/4201/3777 3779/4287/3780 3617/4286/3618
f 3646/4282/3647 3812/4288/3813 3804/4233/3805 3644/4065/3645
f 3685/4110/3686 3729/4154/3730 3726/4151/3727 3724/4149/3725
f 3724/4149/3725 3722/4147/3723 3686/4111/3687 3685/4110/3686
f 3722/4147/3723 3720/4145/3721 3693/4118/3694 3686/4111/3687
f 3720/4145/3721 3716/4141/3717 3700/4125/3701 3693/4118/3694
f 3716/4141/3717 3719/4289/3720 3715/4140/3716 3700/4125/3701
f 3719/4289/3720 3783/4290/3784 3778/4203/3779 3715/4140/3716
f 3729/4154/3730 3790/4217/3791 3810/4291/3811 3726/4151/3727
f 3776/4201/3777 3777/4202/3778 3781/4292/3782 3779/4287/3780
f 3777/4202/3778 3778/4203/3779 3783/4290/3784 3781/4292/3782
f 3790/4217/3791 3797/4224/3798 3811/4293/3812 3810/4291/3811
f 3797/4230/3798 3804/4233/3805 3812/4288/3813 3811/4294/3812
f 3593/4014/3594 3639/4060/3640 3636/4057/3637 3634/4055/3635
f 3634/4055/3635 3632/4053/3633 3594/4015/3595 3593/4014/3594
f 3632/4053/3633 3630/4051/3631 3601/4022/3602 3594/4015/3595
f 3630/4051/3631 3626/4047/3627 3608/4029/3609 3601/4022/3602
f 3626/4047/3627 3629/4050/3630 3625/4046/3626 3608/4029/3609
f 3629/4050/3630 3787/4214/3788 3758/4183/3759 3625/4046/3626
f 3639/4060/3640 3809/4243/3810 3814/4248/3815 3636/4057/3637
f 3702/4127/3703 3736/4161/3737 3734/4159/3735 3673/4098/3674
f 3673/4098/3674 3676/4101/3677 3703/4128/3704 3702/4127/3703
f 3676/4101/3677 3688/4113/3689 3704/4129/3705 3703/4128/3704
f 3688/4113/3689 3695/4120/3696 3705/4130/3706 3704/4129/3705
f 3695/4120/3696 3710/4135/3711 3707/4132/3708 3705/4130/3706
f 3710/4135/3711 3762/4187/3763 3785/4210/3786 3707/4132/3708
f 3736/4161/3737 3816/4254/3817 3795/4222/3796 3734/4159/3735
f 3787/4214/3788 3786/4212/3787 3760/4185/3761 3758/4183/3759
f 3786/4212/3787 3785/4210/3786 3762/4187/3763 3760/4185/3761
f 3816/4254/3817 3815/4253/3816 3802/4229/3803 3795/4222/3796
f 3815/4250/3816 3814/4248/3815 3809/4243/3810 3802/4242/3803
