g default
v 9.404026 1.204263 10.756105
v 9.484312 1.234891 10.743065
v 9.496547 1.196610 10.822038
v 9.413563 1.163682 10.838740
v 9.498202 1.173959 10.950356
v 9.420491 1.141640 10.953142
v 9.502687 1.154649 11.039108
v 9.426901 1.128915 11.044386
v 9.493974 1.153165 11.135221
v 9.428923 1.128140 11.148769
v 9.504954 1.117604 11.263269
v 9.439164 1.095002 11.279093
v 9.526432 1.094418 11.338583
v 9.457381 1.070634 11.360117
v 9.533035 1.061932 11.382090
v 9.557962 1.019521 11.426619
v 9.485363 0.996980 11.466466
v 9.470044 1.043229 11.422417
v 9.556486 0.999432 11.468715
v 9.562832 0.998277 11.559317
v 9.496407 0.986905 11.580025
v 9.489497 0.984895 11.501844
v 9.551121 1.019933 11.649917
v 9.495562 1.009778 11.670952
v 9.239307 1.163411 10.797644
v 9.323739 1.173646 10.769140
v 9.330578 1.130765 10.855440
v 9.243737 1.121854 10.882661
v 9.344586 1.108563 10.962559
v 9.262454 1.097371 10.992857
v 9.350778 1.107629 11.056330
v 9.276776 1.092160 11.082341
v 9.363873 1.103120 11.162306
v 9.295797 1.100629 11.181099
v 9.374190 1.074780 11.294101
v 9.304482 1.074963 11.314838
v 9.389643 1.057454 11.382253
v 9.319717 1.054219 11.404341
v 9.402585 1.031144 11.451053
v 9.412567 0.982446 11.489763
v 9.337275 0.992268 11.495356
v 9.329975 1.034047 11.453234
v 9.422677 0.973676 11.523756
v 9.431838 0.978928 11.599386
v 9.370132 0.989980 11.610449
v 9.352123 0.984013 11.535676
v 9.441284 1.002675 11.690015
v 9.387409 1.007870 11.697105
v 9.460724 1.321973 10.710783
v 9.479656 1.251698 10.732979
v 9.399409 1.220998 10.746407
v 9.377972 1.296086 10.725191
v 9.295225 1.270211 10.739597
v 9.319155 1.190282 10.759817
v 9.234799 1.180238 10.788305
v 9.211584 1.257615 10.768948
v 9.127943 1.244996 10.798294
v 9.150444 1.170190 10.816803
v 9.001081 1.205781 10.877714
v 9.007841 1.239201 10.864741
v 9.000462 1.157857 10.972915
v 8.998379 1.189225 10.889631
v 9.154873 1.153153 10.826143
v 9.156900 1.112954 10.909889
v 9.182136 1.085400 11.029774
v 9.026569 1.123410 11.090055
v 9.202428 1.081151 11.115028
v 9.062471 1.125016 11.165886
v 9.227723 1.098126 11.199892
v 9.113022 1.132703 11.237661
v 9.234726 1.076287 11.334332
v 9.144197 1.113534 11.360155
v 9.248495 1.059632 11.421637
v 9.170442 1.090100 11.454355
v 9.257669 1.041489 11.461912
v 9.261600 1.009187 11.502497
v 9.178223 1.063157 11.543013
v 9.176527 1.075414 11.498005
v 9.279976 0.996850 11.535713
v 9.308268 1.001279 11.621580
v 9.213006 1.049256 11.642931
v 9.191018 1.057492 11.582394
v 9.333190 1.013573 11.704638
v 9.250826 1.049817 11.715615
v 9.358974 1.046422 11.793835
v 9.293037 1.058205 11.780571
v 9.405313 1.047597 11.789835
v 9.451209 1.049245 11.785048
v 9.494352 1.053876 11.762117
v 9.538010 1.059159 11.737917
v 9.634810 1.062909 11.615982
v 9.596582 1.072522 11.693095
v 9.666744 1.063519 11.527195
v 9.673428 1.076367 11.454496
v 9.646894 1.147317 11.361864
v 9.667276 1.099240 11.413685
v 9.602726 1.195596 11.245970
v 9.630023 1.164304 11.329565
v 9.598518 1.226563 11.116482
v 9.630768 1.244725 11.018375
v 9.645069 1.258630 10.925071
v 9.641267 1.295968 10.798375
v 9.624823 1.330403 10.715059
v 9.582387 1.367509 10.697438
v 9.612787 1.342053 10.705762
v 8.902027 1.271828 11.023722
v 8.892795 1.318890 10.926400
v 8.930406 1.229165 11.138268
v 8.980760 1.219521 11.212932
v 9.045874 1.219804 11.274329
v 9.101604 1.192914 11.391699
v 9.134818 1.164456 11.490628
v 9.138352 1.135003 11.586620
v 9.140235 1.150403 11.535853
v 9.172695 1.110089 11.698188
v 9.148419 1.125600 11.628885
v 9.222636 1.102677 11.768379
v 8.887544 1.419865 11.075798
v 8.871267 1.465268 10.977947
v 8.931032 1.378609 11.180084
v 8.983736 1.351487 11.242491
v 9.049094 1.329167 11.304192
v 9.106684 1.285481 11.416728
v 9.141354 1.250745 11.515637
v 9.145157 1.221902 11.613061
v 9.147624 1.237073 11.559555
v 9.175832 1.190995 11.722568
v 9.155071 1.210313 11.653040
v 9.224087 1.172040 11.793856
v 8.960684 1.556046 11.120053
v 8.936555 1.597222 11.034645
v 9.006234 1.507127 11.221164
v 9.048012 1.465318 11.280298
v 9.100973 1.423409 11.338940
v 9.153512 1.367551 11.442210
v 9.185446 1.329339 11.535339
v 9.191337 1.301511 11.630646
v 9.192682 1.314881 11.577869
v 9.217698 1.268132 11.732536
v 9.201586 1.287518 11.667618
v 9.253319 1.239602 11.809034
v 8.904302 1.327882 10.912413
v 8.945266 1.347638 10.887206
v 8.882957 1.468201 10.963422
v 8.939333 1.468060 10.927481
v 8.945402 1.594651 11.019485
v 8.987232 1.572602 10.985002
v 9.306425 1.208813 11.863301
v 9.284874 1.156487 11.846636
v 9.280913 1.102185 11.822548
v 9.253462 1.756429 10.974774
v 9.169132 1.726044 11.003271
v 9.188071 1.707349 11.116464
v 9.277111 1.744023 11.105488
v 9.219707 1.661252 11.230057
v 9.301545 1.701684 11.219494
v 9.241440 1.585160 11.268876
v 9.317730 1.616822 11.257420
v 9.276505 1.529721 11.342850
v 9.344178 1.554219 11.331612
v 9.311815 1.461392 11.455716
v 9.374138 1.483189 11.448475
v 9.396265 1.444035 11.556995
v 9.332126 1.423734 11.562228
v 9.341503 1.409600 11.608461
v 9.345377 1.400758 11.661125
v 9.413382 1.420529 11.655151
v 9.405269 1.429860 11.604076
v 9.357621 1.381795 11.699614
v 9.373113 1.351014 11.773856
v 9.438653 1.362428 11.768436
v 9.422214 1.399724 11.694643
v 9.402042 1.282113 11.845634
v 9.461792 1.288853 11.837827
v 9.434437 1.766927 10.933876
v 9.343949 1.761674 10.954319
v 9.368631 1.745087 11.074692
v 9.460146 1.746133 11.043896
v 9.388086 1.697072 11.188937
v 9.474624 1.692464 11.158381
v 9.396576 1.613858 11.228408
v 9.475420 1.610894 11.199397
v 9.413634 1.552460 11.305428
v 9.483089 1.550683 11.279240
v 9.436645 1.481290 11.420062
v 9.499148 1.479401 11.391649
v 9.522297 1.434884 11.489570
v 9.459040 1.440961 11.524406
v 9.467346 1.425107 11.570196
v 9.479889 1.416421 11.619476
v 9.546542 1.407639 11.580493
v 9.529436 1.420338 11.536345
v 9.484694 1.394471 11.659039
v 9.500114 1.358529 11.730278
v 9.561568 1.354630 11.692118
v 9.547176 1.389226 11.623479
v 9.516180 1.288876 11.799019
v 9.570562 1.288884 11.760221
v 9.180874 1.650193 10.925636
v 9.169891 1.716351 10.986639
v 9.253696 1.745229 10.959661
v 9.262799 1.669228 10.904663
v 9.346664 1.674752 10.883585
v 9.343149 1.750714 10.939142
v 9.432610 1.756200 10.918621
v 9.430530 1.680276 10.862504
v 9.588003 1.713357 10.857222
v 9.556143 1.676560 10.834430
v 9.618895 1.688252 10.953178
v 9.598040 1.720628 10.869635
v 9.631639 1.636571 11.072066
v 9.615176 1.566445 11.118673
v 9.601759 1.514943 11.203065
v 9.601126 1.444093 11.314795
v 9.604915 1.396588 11.415525
v 9.637886 1.366395 11.498548
v 9.615158 1.381944 11.456311
v 9.655034 1.322495 11.599039
v 9.646234 1.351365 11.534029
v 9.648008 1.271275 11.672239
v 9.570399 1.202565 11.800465
v 9.627622 1.213998 11.733093
v 9.525357 1.198056 11.832674
v 9.480312 1.193524 11.864874
v 9.429981 1.195504 11.874206
v 9.379652 1.197495 11.883547
v 9.342296 1.275384 11.853442
v 9.307568 1.339612 11.779276
v 9.293021 1.363984 11.704651
v 9.277488 1.376260 11.663500
v 9.277764 1.389298 11.612998
v 9.267687 1.400456 11.565485
v 9.249498 1.439584 11.462950
v 9.208835 1.505208 11.354090
v 9.165149 1.553487 11.280336
v 9.137870 1.620831 11.240629
v 9.099029 1.670663 11.127439
v 9.084805 1.695626 11.031755
v 9.086088 1.687470 11.013623
v 9.098949 1.631165 10.946619
v 9.716787 1.585591 10.860931
v 9.687310 1.622186 10.765820
v 9.735789 1.542237 10.983482
v 9.706944 1.490987 11.064556
v 9.663218 1.439996 11.140827
v 9.643516 1.370271 11.261008
v 9.653204 1.320409 11.364588
v 9.693920 1.287648 11.449734
v 9.675045 1.306332 11.400728
v 9.700867 1.244386 11.563827
v 9.701735 1.273766 11.488552
v 9.673949 1.203851 11.647484
v 9.723826 1.437314 10.802338
v 9.701854 1.475373 10.702465
v 9.739621 1.390202 10.923414
v 9.708811 1.360375 11.018929
v 9.659408 1.332219 11.104788
v 9.651155 1.276551 11.235721
v 9.668032 1.226968 11.332990
v 9.706386 1.187760 11.419666
v 9.689604 1.206315 11.366770
v 9.702875 1.151406 11.539528
v 9.712505 1.172993 11.462511
v 9.667850 1.130433 11.627953
v 9.672753 1.618237 10.758740
v 9.625382 1.594453 10.755715
v 9.686404 1.479504 10.694755
v 9.634733 1.485692 10.689907
v 9.618731 1.117223 11.704800
v 9.631140 1.165448 11.716986
v 9.171373 1.405309 10.727286
v 9.272182 1.424668 10.690521
v 9.170594 1.532391 10.811617
v 9.270064 1.551335 10.784212
v 9.375731 1.444196 10.676814
v 9.479280 1.463712 10.663102
v 9.370814 1.565038 10.768163
v 9.471569 1.578751 10.752115
v 9.071121 1.513455 10.839020
v 9.070568 1.385941 10.764058
v 9.461758 1.088452 11.831451
v 9.409370 1.088113 11.838461
v 9.556328 1.102135 11.767618
v 9.508912 1.095315 11.799628
v 9.472383 1.137585 11.861677
v 9.417650 1.138970 11.869094
v 9.568788 1.150349 11.789044
v 9.520573 1.143971 11.825399
v 9.356784 1.087880 11.845190
v 9.362893 1.140385 11.876444
vt 0.675172 0.682545
vt 0.677950 0.683078
vt 0.678051 0.680531
vt 0.675163 0.679991
vt 0.678065 0.676797
vt 0.675177 0.676748
vt 0.678062 0.674087
vt 0.675202 0.674060
vt 0.677843 0.671068
vt 0.675135 0.670848
vt 0.677539 0.666690
vt 0.674777 0.666569
vt 0.677722 0.663952
vt 0.674834 0.663795
vt 0.677258 0.662189
vt 0.677232 0.660085
vt 0.674600 0.659602
vt 0.674669 0.661663
vt 0.676755 0.658898
vt 0.676486 0.656377
vt 0.674147 0.656384
vt 0.674444 0.658557
vt 0.675505 0.653629
vt 0.673440 0.653712
vt 0.669923 0.681869
vt 0.672552 0.682071
vt 0.672370 0.679590
vt 0.669621 0.679364
vt 0.672436 0.676656
vt 0.669669 0.676267
vt 0.672404 0.673991
vt 0.669710 0.673690
vt 0.672486 0.670728
vt 0.669887 0.670611
vt 0.672170 0.666498
vt 0.669505 0.666414
vt 0.672211 0.663656
vt 0.669584 0.663516
vt 0.672189 0.661414
vt 0.672138 0.659484
vt 0.669768 0.660034
vt 0.669714 0.661875
vt 0.672225 0.658513
vt 0.671988 0.656461
vt 0.669958 0.656615
vt 0.669972 0.658808
vt 0.671569 0.653801
vt 0.669807 0.653994
vt 0.677854 0.686326
vt 0.677960 0.683745
vt 0.675149 0.683165
vt 0.674922 0.685805
vt 0.672125 0.685291
vt 0.672507 0.682628
vt 0.669855 0.682464
vt 0.669334 0.685082
vt 0.666505 0.684798
vt 0.667182 0.682250
vt 0.661874 0.682937
vt 0.661994 0.684470
vt 0.661203 0.679336
vt 0.661791 0.682104
vt 0.667290 0.681661
vt 0.666858 0.679227
vt 0.666914 0.675847
vt 0.661282 0.675777
vt 0.667033 0.673395
vt 0.661699 0.673362
vt 0.667280 0.670594
vt 0.662631 0.670620
vt 0.666858 0.666384
vt 0.663162 0.666562
vt 0.666898 0.663539
vt 0.663638 0.663336
vt 0.667108 0.662117
vt 0.667297 0.660546
vt 0.663678 0.660438
vt 0.663747 0.661863
vt 0.667723 0.659466
vt 0.667885 0.656805
vt 0.664112 0.656962
vt 0.663778 0.659116
vt 0.668011 0.654170
vt 0.664794 0.654109
vt 0.668078 0.651194
vt 0.665858 0.651708
vt 0.669542 0.650931
vt 0.670987 0.650660
vt 0.672515 0.650705
vt 0.674134 0.650750
vt 0.679823 0.653175
vt 0.676688 0.650908
vt 0.681030 0.656695
vt 0.681518 0.658806
vt 0.682694 0.662417
vt 0.681935 0.660115
vt 0.682673 0.667139
vt 0.682704 0.663811
vt 0.682905 0.671744
vt 0.683688 0.675086
vt 0.683868 0.677977
vt 0.684098 0.682107
vt 0.684328 0.685559
vt 0.682715 0.687361
vt 0.683842 0.686189
vt 0.654729 0.679059
vt 0.654956 0.682899
vt 0.655132 0.675238
vt 0.656530 0.672594
vt 0.658535 0.670271
vt 0.659896 0.666238
vt 0.660548 0.662920
vt 0.660135 0.659935
vt 0.660491 0.661480
vt 0.661004 0.655230
vt 0.660258 0.658571
vt 0.662269 0.651347
vt 0.724760 0.673617
vt 0.725785 0.675928
vt 0.729598 0.674194
vt 0.728339 0.672092
vt 0.726632 0.669568
vt 0.723142 0.671064
vt 0.724613 0.667367
vt 0.721690 0.669023
vt 0.722282 0.665490
vt 0.719827 0.666656
vt 0.720210 0.661773
vt 0.717810 0.662835
vt 0.718963 0.658628
vt 0.716496 0.659486
vt 0.718757 0.657202
vt 0.718826 0.655618
vt 0.715733 0.656417
vt 0.716089 0.658063
vt 0.718456 0.654300
vt 0.717557 0.652123
vt 0.714443 0.652983
vt 0.715328 0.655170
vt 0.715718 0.649925
vt 0.712720 0.650198
vt 0.720921 0.674453
vt 0.722203 0.676653
vt 0.719139 0.671718
vt 0.717938 0.669622
vt 0.716451 0.667155
vt 0.714706 0.663340
vt 0.713463 0.660078
vt 0.712673 0.657006
vt 0.713043 0.658663
vt 0.711473 0.653556
vt 0.712274 0.655736
vt 0.710068 0.650451
vt 0.656655 0.689125
vt 0.658897 0.689544
vt 0.656498 0.695360
vt 0.658904 0.694701
vt 0.658880 0.700432
vt 0.660562 0.699210
vt 0.664486 0.645196
vt 0.661549 0.644659
vt 0.661580 0.647542
vt 0.664340 0.647332
vt 0.664826 0.649621
vt 0.710835 0.678201
vt 0.714294 0.677725
vt 0.712861 0.675352
vt 0.709638 0.675745
vt 0.711292 0.672742
vt 0.708594 0.673411
vt 0.710622 0.670414
vt 0.707829 0.671084
vt 0.709272 0.667806
vt 0.706676 0.668340
vt 0.707846 0.663765
vt 0.705325 0.664142
vt 0.704395 0.660444
vt 0.706896 0.660235
vt 0.706482 0.658713
vt 0.706207 0.657077
vt 0.703798 0.657274
vt 0.704065 0.658878
vt 0.705815 0.655690
vt 0.705333 0.653091
vt 0.703118 0.653243
vt 0.703541 0.655878
vt 0.704632 0.649373
vt 0.702401 0.649535
vt 0.704033 0.679137
vt 0.707434 0.678669
vt 0.706584 0.676338
vt 0.703572 0.677022
vt 0.705822 0.673816
vt 0.703041 0.674487
vt 0.704930 0.671497
vt 0.702088 0.672257
vt 0.703991 0.668842
vt 0.701330 0.669535
vt 0.702788 0.664769
vt 0.700214 0.665487
vt 0.699258 0.661965
vt 0.701909 0.661192
vt 0.701657 0.659639
vt 0.701350 0.658024
vt 0.698681 0.658798
vt 0.699120 0.660353
vt 0.701212 0.656580
vt 0.700854 0.653987
vt 0.698462 0.654784
vt 0.698757 0.657295
vt 0.700326 0.650576
vt 0.698252 0.651614
vt 0.668224 0.701073
vt 0.667652 0.704188
vt 0.670922 0.704855
vt 0.671319 0.701469
vt 0.674455 0.701378
vt 0.674298 0.704733
vt 0.677681 0.704592
vt 0.677601 0.701240
vt 0.683528 0.702193
vt 0.682320 0.700666
vt 0.698069 0.678942
vt 0.698577 0.680888
vt 0.697556 0.676131
vt 0.696740 0.674049
vt 0.696384 0.671307
vt 0.695355 0.667232
vt 0.694888 0.663444
vt 0.694042 0.660204
vt 0.694634 0.661893
vt 0.693622 0.656493
vt 0.693834 0.658914
vt 0.693515 0.652897
vt 0.675161 0.641914
vt 0.674312 0.645077
vt 0.676883 0.645037
vt 0.678555 0.643168
vt 0.672935 0.641716
vt 0.672575 0.645065
vt 0.670761 0.645127
vt 0.670034 0.641518
vt 0.667036 0.641901
vt 0.668944 0.645077
vt 0.667158 0.645144
vt 0.664811 0.642283
vt 0.706863 0.649210
vt 0.707448 0.653080
vt 0.708050 0.655552
vt 0.708632 0.656921
vt 0.708847 0.658508
vt 0.709397 0.660028
vt 0.710318 0.663488
vt 0.711836 0.667458
vt 0.713416 0.670085
vt 0.714084 0.672269
vt 0.716072 0.674975
vt 0.717727 0.676930
vt 0.664372 0.703507
vt 0.665120 0.700627
vt 0.693436 0.680426
vt 0.693782 0.682710
vt 0.693151 0.677625
vt 0.692710 0.675355
vt 0.692214 0.672532
vt 0.691169 0.668024
vt 0.690394 0.664002
vt 0.689667 0.660596
vt 0.689998 0.662421
vt 0.689286 0.656763
vt 0.689519 0.659290
vt 0.688747 0.653391
vt 0.689126 0.681569
vt 0.689593 0.684171
vt 0.688732 0.678390
vt 0.688353 0.675763
vt 0.687740 0.672682
vt 0.686799 0.667853
vt 0.685917 0.663895
vt 0.685468 0.660509
vt 0.685590 0.662318
vt 0.684979 0.656890
vt 0.685319 0.659199
vt 0.684106 0.653940
vt 0.686779 0.697663
vt 0.684903 0.696787
vt 0.687055 0.692007
vt 0.684992 0.692115
vt 0.679780 0.648636
vt 0.677083 0.648829
vt 0.679765 0.645762
vt 0.677222 0.646867
vt 0.668548 0.690282
vt 0.672013 0.690556
vt 0.668257 0.695472
vt 0.671853 0.695783
vt 0.675506 0.690908
vt 0.679118 0.691242
vt 0.675452 0.696033
vt 0.679117 0.696214
vt 0.664635 0.695090
vt 0.665032 0.689958
vt 0.670804 0.648783
vt 0.669152 0.648980
vt 0.674318 0.648837
vt 0.672525 0.648819
vt 0.670718 0.646944
vt 0.668941 0.647026
vt 0.674383 0.646936
vt 0.672532 0.646937
vt 0.667483 0.649178
vt 0.667163 0.647151
vt 0.655822 0.688888
vt 0.687740 0.691942
vt 0.655872 0.695519
vt 0.658424 0.700779
vt 0.664199 0.704110
vt 0.667527 0.704811
vt 0.670855 0.705512
vt 0.674296 0.705366
vt 0.677738 0.705222
vt 0.683911 0.702661
vt 0.687368 0.697928
vn 0.155085 -0.706213 -0.690805
vn 0.239806 -0.689003 -0.683936
vn 0.393702 -0.860885 -0.322298
vn 0.302497 -0.895211 -0.327250
vn 0.427838 -0.886513 -0.176207
vn 0.339951 -0.925239 -0.168425
vn 0.448620 -0.891096 -0.068478
vn 0.327329 -0.941473 -0.080528
vn 0.446154 -0.887009 -0.119006
vn 0.299818 -0.943776 -0.139274
vn 0.394740 -0.861695 -0.318846
vn 0.233902 -0.931698 -0.277899
vn 0.304497 -0.828961 -0.469154
vn 0.115869 -0.920293 -0.373677
vn 0.164604 -0.751272 -0.639136
vn 0.183046 -0.796085 -0.576838
vn -0.048064 -0.844290 -0.533728
vn -0.059787 -0.813903 -0.577916
vn 0.323505 -0.917298 -0.232183
vn 0.387778 -0.916215 0.100887
vn 0.198325 -0.971914 0.126688
vn 0.117733 -0.978490 -0.169399
vn 0.414412 -0.850213 0.324657
vn 0.264310 -0.906278 0.329850
vn -0.135174 -0.738959 -0.660051
vn 0.009184 -0.729664 -0.683745
vn 0.152054 -0.929403 -0.336287
vn -0.001585 -0.943431 -0.331565
vn 0.217700 -0.965224 -0.144738
vn 0.085530 -0.986050 -0.142797
vn 0.226963 -0.972761 -0.047159
vn 0.130388 -0.991448 -0.005406
vn 0.167670 -0.978213 -0.122420
vn 0.044854 -0.996760 -0.066764
vn 0.089691 -0.969370 -0.228644
vn -0.054157 -0.980184 -0.190541
vn 0.023508 -0.952227 -0.304485
vn -0.086365 -0.956238 -0.279553
vn -0.068951 -0.822032 -0.565251
vn -0.082852 -0.857798 -0.507265
vn -0.168623 -0.876770 -0.450378
vn -0.126243 -0.835459 -0.534855
vn -0.016763 -0.996011 -0.087637
vn 0.028144 -0.987679 0.153939
vn -0.129606 -0.977986 0.163544
vn -0.168378 -0.985103 -0.034937
vn 0.100872 -0.938380 0.330557
vn -0.047868 -0.949922 0.308800
vn -0.003439 -0.286956 -0.957938
vn 0.039617 -0.400599 -0.915397
vn -0.009260 -0.393089 -0.919454
vn -0.065195 -0.299534 -0.951856
vn -0.169606 -0.308164 -0.936092
vn -0.130445 -0.403994 -0.905413
vn -0.246281 -0.416209 -0.875281
vn -0.269881 -0.318998 -0.908518
vn -0.383901 -0.314454 -0.868182
vn -0.340877 -0.412617 -0.844719
vn -0.513422 -0.325860 -0.793860
vn -0.501150 -0.253011 -0.827547
vn -0.580165 -0.788888 -0.202642
vn -0.592756 -0.604370 -0.532332
vn -0.276308 -0.729594 -0.625577
vn -0.176301 -0.935813 -0.305240
vn -0.105377 -0.988900 -0.104746
vn -0.511159 -0.858243 0.046215
vn -0.051912 -0.994729 0.088430
vn -0.419095 -0.857695 0.297857
vn -0.120791 -0.992433 0.022073
vn -0.501987 -0.836042 0.221454
vn -0.226760 -0.963166 -0.144538
vn -0.635268 -0.771872 0.025475
vn -0.280507 -0.931060 -0.233328
vn -0.697282 -0.713648 -0.067112
vn -0.349267 -0.840733 -0.413740
vn -0.395508 -0.867526 -0.301617
vn -0.740194 -0.667182 -0.083553
vn -0.743733 -0.639319 -0.195275
vn -0.352887 -0.935342 0.024633
vn -0.285092 -0.943022 0.171559
vn -0.571088 -0.790064 0.222839
vn -0.663016 -0.739795 0.114518
vn -0.199107 -0.934360 0.295513
vn -0.462765 -0.808523 0.363510
vn -0.129123 -0.850212 0.510360
vn -0.374915 -0.781121 0.499289
vn 0.047667 -0.854179 0.517790
vn 0.208719 -0.832069 0.513905
vn 0.376366 -0.778916 0.501636
vn 0.488263 -0.716164 0.498707
vn 0.694208 -0.635190 0.338540
vn 0.647826 -0.604321 0.463808
vn 0.753532 -0.646962 0.116748
vn 0.752886 -0.625151 -0.205787
vn 0.563459 -0.536308 -0.628401
vn 0.651863 -0.556105 -0.515579
vn 0.687069 -0.655966 -0.312482
vn 0.607359 -0.601057 -0.519467
vn 0.728847 -0.684003 -0.030372
vn 0.706323 -0.705700 0.055639
vn 0.682502 -0.718668 -0.133072
vn 0.665730 -0.674474 -0.319200
vn 0.489768 -0.543901 -0.681395
vn 0.074220 -0.220578 -0.972541
vn 0.168863 -0.304459 -0.937438
vn -0.917644 -0.396807 0.021761
vn -0.881707 -0.262947 -0.391728
vn -0.847350 -0.437364 0.301182
vn -0.703741 -0.442185 0.556077
vn -0.779622 -0.399775 0.482048
vn -0.911234 -0.309863 0.271363
vn -0.960532 -0.235629 0.147844
vn -0.971323 -0.230085 0.059936
vn -0.983223 -0.182374 -0.003466
vn -0.842115 -0.401859 0.359654
vn -0.923069 -0.317766 0.216722
vn -0.690840 -0.474013 0.545942
vn -0.948702 0.092459 0.302351
vn -0.953327 0.235040 -0.189533
vn -0.854517 0.060662 0.515869
vn -0.734257 0.006895 0.678837
vn -0.788899 0.040179 0.613208
vn -0.891636 0.131856 0.433127
vn -0.933138 0.203104 0.296652
vn -0.950304 0.257248 0.175345
vn -0.955595 0.265547 0.127764
vn -0.882188 0.137111 0.450495
vn -0.923670 0.209834 0.320630
vn -0.758122 -0.007892 0.652065
vn -0.731479 0.513392 0.448739
vn -0.743953 0.667088 -0.039092
vn -0.656542 0.405506 0.636017
vn -0.582620 0.334911 0.740533
vn -0.641745 0.394377 0.657746
vn -0.722914 0.475995 0.500823
vn -0.768133 0.526827 0.363903
vn -0.781669 0.563133 0.268095
vn -0.788517 0.575049 0.218084
vn -0.743844 0.475455 0.469722
vn -0.764417 0.524832 0.374458
vn -0.633275 0.316116 0.706423
vn -0.648966 -0.039916 -0.759769
vn -0.589818 0.021114 -0.807260
vn -0.633505 0.369675 -0.679715
vn -0.553974 0.431428 -0.712028
vn -0.526676 0.617948 -0.583740
vn -0.473891 0.578361 -0.664022
vn -0.475367 0.114164 0.872349
vn -0.523338 -0.170536 0.834886
vn -0.480597 -0.540692 0.690419
vn -0.253417 0.942922 -0.216050
vn -0.394722 0.908078 -0.139958
vn -0.320668 0.890742 0.322104
vn -0.133266 0.953958 0.268709
vn -0.211815 0.677680 0.704191
vn 0.017581 0.724658 0.688884
vn -0.133826 0.601924 0.787260
vn 0.082726 0.619847 0.780350
vn -0.198442 0.775077 0.599898
vn 0.017177 0.815213 0.578906
vn -0.241379 0.851334 0.465797
vn -0.016252 0.898417 0.438842
vn -0.034652 0.944303 0.327247
vn -0.274212 0.897749 0.344753
vn -0.282877 0.923370 0.259553
vn -0.260229 0.906165 0.333386
vn -0.008816 0.945916 0.324291
vn -0.047962 0.969410 0.240715
vn -0.198502 0.879140 0.433256
vn -0.101297 0.820497 0.562605
vn 0.135324 0.820550 0.555324
vn 0.056117 0.894244 0.444048
vn 0.051199 0.546838 0.835671
vn 0.279711 0.537100 0.795792
vn 0.061483 0.974084 -0.217668
vn -0.093656 0.967720 -0.233981
vn 0.074417 0.964887 0.251904
vn 0.257696 0.930416 0.260612
vn 0.249307 0.723357 0.643895
vn 0.400573 0.680458 0.613611
vn 0.288032 0.624470 0.725999
vn 0.420575 0.592458 0.687103
vn 0.230840 0.817300 0.527952
vn 0.383281 0.775107 0.502300
vn 0.215543 0.889448 0.403017
vn 0.390052 0.833306 0.391741
vn 0.390391 0.880239 0.269766
vn 0.210820 0.932013 0.294801
vn 0.192588 0.958311 0.211070
vn 0.241533 0.928060 0.283490
vn 0.394259 0.889812 0.229768
vn 0.360089 0.917104 0.171047
vn 0.299384 0.869156 0.393621
vn 0.359526 0.791417 0.494369
vn 0.493488 0.749032 0.442064
vn 0.437086 0.834762 0.334857
vn 0.487613 0.523506 0.698695
vn 0.599830 0.496291 0.627614
vn -0.348577 0.634638 -0.689731
vn -0.407064 0.691185 -0.597128
vn -0.308554 0.676845 -0.668337
vn -0.284558 0.621811 -0.729643
vn -0.219375 0.628831 -0.745953
vn -0.204546 0.694490 -0.689814
vn -0.136580 0.717021 -0.683539
vn -0.170952 0.637697 -0.751078
vn -0.051240 0.714953 -0.697292
vn -0.149945 0.628660 -0.763088
vn 0.604231 0.777983 0.172185
vn 0.359415 0.892853 -0.271356
vn 0.663035 0.576896 0.477049
vn 0.654348 0.460801 0.599576
vn 0.693569 0.563603 0.448679
vn 0.738087 0.602851 0.302983
vn 0.711430 0.690051 0.133032
vn 0.671894 0.737227 0.071098
vn 0.648986 0.760710 0.011727
vn 0.766921 0.552764 0.326014
vn 0.718053 0.669812 0.189082
vn 0.809717 0.321702 0.490781
vn 0.681000 0.090016 0.726730
vn 0.808439 0.078316 0.583347
vn 0.585197 0.093859 0.805441
vn 0.375191 0.107988 0.920636
vn 0.144949 0.116881 0.982511
vn -0.117940 0.128593 0.984659
vn -0.243860 0.523220 0.816562
vn -0.401050 0.743998 0.534440
vn -0.465192 0.784496 0.410076
vn -0.498571 0.805734 0.319718
vn -0.507051 0.822522 0.257598
vn -0.488402 0.792956 0.364258
vn -0.431867 0.752401 0.497377
vn -0.359841 0.687033 0.631268
vn -0.297214 0.562915 0.771227
vn -0.369306 0.619166 0.692999
vn -0.448162 0.795755 0.407338
vn -0.486654 0.871793 -0.056084
vn -0.450337 0.698146 -0.556587
vn -0.430443 0.624824 -0.651394
vn 0.914703 0.402978 -0.030455
vn 0.664356 0.583220 -0.467425
vn 0.931843 0.265379 0.247472
vn 0.870753 0.126859 0.475075
vn 0.922040 0.153715 0.355266
vn 0.962536 0.239681 0.126798
vn 0.918388 0.380659 -0.107993
vn 0.907913 0.403727 -0.112691
vn 0.865410 0.449279 -0.221845
vn 0.954941 0.184183 0.232732
vn 0.946682 0.319547 0.041026
vn 0.914003 -0.001143 0.405705
vn 0.949770 -0.200673 -0.240139
vn 0.751489 -0.053921 -0.657538
vn 0.955550 -0.294819 -0.002511
vn 0.902124 -0.341581 0.263620
vn 0.935594 -0.313070 0.163254
vn 0.962330 -0.233383 -0.139471
vn 0.903160 -0.131227 -0.408755
vn 0.945114 -0.101408 -0.310605
vn 0.872095 -0.083015 -0.482244
vn 0.959388 -0.222372 0.173569
vn 0.986737 -0.141048 -0.080347
vn 0.873387 -0.316932 0.369796
vn 0.085626 0.583354 -0.807692
vn -0.075006 0.584393 -0.807997
vn 0.239565 0.125255 -0.962767
vn 0.057184 0.180705 -0.981874
vn 0.751996 -0.418759 0.509061
vn 0.820098 -0.186637 0.540930
vn -0.341511 0.103934 -0.934114
vn -0.251125 0.134464 -0.958570
vn -0.335703 0.597783 -0.727983
vn -0.273450 0.622455 -0.733332
vn -0.155801 0.154094 -0.975695
vn -0.045173 0.171215 -0.984198
vn -0.210837 0.636490 -0.741909
vn -0.126468 0.635800 -0.761422
vn -0.482913 0.534336 -0.693743
vn -0.499676 0.046789 -0.864948
vn 0.303208 -0.650855 0.696026
vn 0.097304 -0.657351 0.747276
vn 0.595044 -0.521826 0.611245
vn 0.500762 -0.591333 0.632110
vn 0.370548 -0.338284 0.865019
vn 0.132468 -0.332110 0.933892
vn 0.669198 -0.302033 0.678933
vn 0.582833 -0.329212 0.742917
vn -0.122981 -0.631032 0.765947
vn -0.114661 -0.303243 0.945990
s 1
g L_F_Distal_Phalanx_2 Feet M_Skeleton
usemtl Skeleton_Feet_SG
f 1/1/1 2/2/2 3/3/3 4/4/4
f 3/3/3 5/5/5 6/6/6 4/4/4
f 5/5/5 7/7/7 8/8/8 6/6/6
f 7/7/7 9/9/9 10/10/10 8/8/8
f 9/9/9 11/11/11 12/12/12 10/10/10
f 11/11/11 13/13/13 14/14/14 12/12/12
f 15/15/15 16/16/16 17/17/17 18/18/18
f 19/19/19 20/20/20 21/21/21 22/22/22
f 20/20/20 23/23/23 24/24/24 21/21/21
f 25/25/25 26/26/26 27/27/27 28/28/28
f 27/27/27 29/29/29 30/30/30 28/28/28
f 29/29/29 31/31/31 32/32/32 30/30/30
f 31/31/31 33/33/33 34/34/34 32/32/32
f 33/33/33 35/35/35 36/36/36 34/34/34
f 35/35/35 37/37/37 38/38/38 36/36/36
f 39/39/39 40/40/40 41/41/41 42/42/42
f 43/43/43 44/44/44 45/45/45 46/46/46
f 44/44/44 47/47/47 48/48/48 45/45/45
f 49/49/49 50/50/50 51/51/51 52/52/52
f 53/53/53 54/54/54 55/55/55 56/56/56
f 57/57/57 58/58/58 59/59/59 60/60/60
f 61/61/61 62/62/62 63/63/63 64/64/64
f 64/64/64 65/65/65 66/66/66 61/61/61
f 65/65/65 67/67/67 68/68/68 66/66/66
f 67/67/67 69/69/69 70/70/70 68/68/68
f 69/69/69 71/71/71 72/72/72 70/70/70
f 71/71/71 73/73/73 74/74/74 72/72/72
f 75/75/75 76/76/76 77/77/77 78/78/78
f 79/79/79 80/80/80 81/81/81 82/82/82
f 80/80/80 83/83/83 84/84/84 81/81/81
f 83/83/83 85/85/85 86/86/86 84/84/84
f 87/87/87 48/48/48 47/47/47 88/88/88
f 89/89/89 24/24/24 23/23/23 90/90/90
f 90/90/90 23/23/23 91/91/91 92/92/92
f 23/23/23 20/20/20 93/93/93 91/91/91
f 20/20/20 19/19/19 94/94/94 93/93/93
f 16/16/16 15/15/15 95/95/95 96/96/96
f 13/13/13 11/11/11 97/97/97 98/98/98
f 11/11/11 9/9/9 99/99/99 97/97/97
f 9/9/9 7/7/7 100/100/100 99/99/99
f 7/7/7 5/5/5 101/101/101 100/100/100
f 5/5/5 3/3/3 102/102/102 101/101/101
f 3/3/3 2/2/2 103/103/103 102/102/102
f 50/50/50 49/49/49 104/104/104 105/105/105
f 106/106/106 107/107/107 62/62/62 61/61/61
f 61/61/61 66/66/66 108/108/108 106/106/106
f 66/66/66 68/68/68 109/109/109 108/108/108
f 68/68/68 70/70/70 110/110/110 109/109/109
f 70/70/70 72/72/72 111/111/111 110/110/110
f 72/72/72 74/74/74 112/112/112 111/111/111
f 78/78/78 77/77/77 113/113/113 114/114/114
f 82/82/82 81/81/81 115/115/115 116/116/116
f 81/81/81 84/84/84 117/117/117 115/115/115
f 118/118/118 119/119/119 107/120/107 106/121/106
f 106/121/106 108/122/108 120/123/120 118/118/118
f 108/122/108 109/124/109 121/125/121 120/123/120
f 109/124/109 110/126/110 122/127/122 121/125/121
f 110/126/110 111/128/111 123/129/123 122/127/122
f 111/128/111 112/130/112 124/131/124 123/129/123
f 114/132/114 113/133/113 125/134/125 126/135/126
f 116/136/116 115/137/115 127/138/127 128/139/128
f 115/137/115 117/140/117 129/141/129 127/138/127
f 130/142/130 131/143/131 119/119/119 118/118/118
f 118/118/118 120/123/120 132/144/132 130/142/130
f 120/123/120 121/125/121 133/145/133 132/144/132
f 121/125/121 122/127/122 134/146/134 133/145/133
f 122/127/122 123/129/123 135/147/135 134/146/134
f 123/129/123 124/131/124 136/148/136 135/147/135
f 126/135/126 125/134/125 137/149/137 138/150/138
f 128/139/128 127/138/127 139/151/139 140/152/140
f 127/138/127 129/141/129 141/153/141 139/151/139
f 60/60/60 59/59/59 142/154/142 143/155/143
f 143/155/143 142/154/142 144/156/144 145/157/145
f 145/157/145 144/156/144 146/158/146 147/159/147
f 148/160/148 141/161/141 129/162/129 149/163/149
f 149/163/149 129/162/129 117/117/117 150/164/150
f 150/164/150 117/117/117 84/84/84 86/86/86
f 151/165/151 152/166/152 153/167/153 154/168/154
f 153/167/153 155/169/155 156/170/156 154/168/154
f 155/169/155 157/171/157 158/172/158 156/170/156
f 157/171/157 159/173/159 160/174/160 158/172/158
f 159/173/159 161/175/161 162/176/162 160/174/160
f 163/177/163 162/176/162 161/175/161 164/178/164
f 165/179/165 166/180/166 167/181/167 168/182/168
f 169/183/169 170/184/170 171/185/171 172/186/172
f 170/184/170 173/187/173 174/188/174 171/185/171
f 175/189/175 176/190/176 177/191/177 178/192/178
f 177/191/177 179/193/179 180/194/180 178/192/178
f 179/193/179 181/195/181 182/196/182 180/194/180
f 181/195/181 183/197/183 184/198/184 182/196/182
f 183/197/183 185/199/185 186/200/186 184/198/184
f 187/201/187 186/200/186 185/199/185 188/202/188
f 189/203/189 190/204/190 191/205/191 192/206/192
f 193/207/193 194/208/194 195/209/195 196/210/196
f 194/208/194 197/211/197 198/212/198 195/209/195
f 199/213/199 200/214/200 201/215/201 202/216/202
f 203/217/203 204/218/204 205/219/205 206/220/206
f 206/220/206 205/219/205 207/221/207 208/222/208
f 209/223/209 210/224/210 175/189/175 178/192/178
f 178/192/178 180/194/180 211/225/211 209/223/209
f 180/194/180 182/196/182 212/226/212 211/225/211
f 182/196/182 184/198/184 213/227/213 212/226/212
f 184/198/184 186/200/186 214/228/214 213/227/213
f 186/200/186 187/201/187 215/229/215 214/228/214
f 192/206/192 191/205/191 216/230/216 217/231/217
f 196/210/196 195/209/195 218/232/218 219/233/219
f 195/209/195 198/212/198 220/234/220 218/232/218
f 198/235/198 221/236/221 222/237/222 220/238/220
f 221/236/221 198/235/198 197/239/197 223/240/223
f 224/241/224 174/242/174 173/243/173 225/244/225
f 226/245/226 227/246/227 141/161/141 148/160/148
f 227/247/227 228/248/228 139/151/139 141/153/141
f 228/248/228 229/249/229 140/152/140 139/151/139
f 230/250/230 231/251/231 138/150/138 137/149/137
f 232/252/232 233/253/233 135/147/135 136/148/136
f 233/253/233 234/254/234 134/146/134 135/147/135
f 234/254/234 235/255/235 133/145/133 134/146/134
f 235/255/235 236/256/236 132/144/132 133/145/133
f 236/256/236 237/257/237 130/142/130 132/144/132
f 237/257/237 238/258/238 131/143/131 130/142/130
f 239/259/239 240/260/240 147/159/147 146/158/146
f 241/261/241 242/262/242 210/224/210 209/223/209
f 209/223/209 211/225/211 243/263/243 241/261/241
f 211/225/211 212/226/212 244/264/244 243/263/243
f 212/226/212 213/227/213 245/265/245 244/264/244
f 213/227/213 214/228/214 246/266/246 245/265/245
f 214/228/214 215/229/215 247/267/247 246/266/246
f 217/231/217 216/230/216 248/268/248 249/269/249
f 219/233/219 218/232/218 250/270/250 251/271/251
f 218/232/218 220/234/220 252/272/252 250/270/250
f 253/273/253 254/274/254 242/262/242 241/261/241
f 241/261/241 243/263/243 255/275/255 253/273/253
f 243/263/243 244/264/244 256/276/256 255/275/255
f 244/264/244 245/265/245 257/277/257 256/276/256
f 245/265/245 246/266/246 258/278/258 257/277/257
f 246/266/246 247/267/247 259/279/259 258/278/258
f 249/269/249 248/268/248 260/280/260 261/281/261
f 251/271/251 250/270/250 262/282/262 263/283/263
f 250/270/250 252/272/252 264/284/264 262/282/262
f 102/102/102 103/103/103 254/274/254 253/273/253
f 253/273/253 255/275/255 101/101/101 102/102/102
f 255/275/255 256/276/256 100/100/100 101/101/101
f 256/276/256 257/277/257 99/99/99 100/100/100
f 257/277/257 258/278/258 97/97/97 99/99/99
f 258/278/258 259/279/259 98/98/98 97/97/97
f 261/281/261 260/280/260 96/96/96 95/95/95
f 263/283/263 262/282/262 93/93/93 94/94/94
f 262/282/262 264/284/264 91/91/91 93/93/93
f 208/222/208 207/221/207 265/285/265 266/286/266
f 266/286/266 265/285/265 267/287/267 268/288/268
f 268/288/268 267/287/267 105/105/105 104/104/104
f 92/92/92 91/91/91 264/289/264 269/290/269
f 269/290/269 264/289/264 252/291/252 270/292/270
f 270/292/270 252/291/252 220/238/220 222/237/222
f 56/56/56 271/293/271 272/294/272 53/53/53
f 271/293/271 273/295/273 274/296/274 272/294/272
f 273/295/273 199/213/199 202/216/202 274/296/274
f 52/52/52 275/297/275 276/298/276 49/49/49
f 275/297/275 277/299/277 278/300/278 276/298/276
f 277/299/277 203/217/203 206/220/206 278/300/278
f 49/49/49 276/298/276 268/288/268 104/104/104
f 276/298/276 278/300/278 266/286/266 268/288/268
f 278/300/278 206/220/206 208/222/208 266/286/266
f 240/260/240 279/301/279 145/157/145 147/159/147
f 279/301/279 280/302/280 143/155/143 145/157/145
f 280/302/280 57/57/57 60/60/60 143/155/143
f 87/87/87 88/88/88 281/303/281 282/304/282
f 89/89/89 90/90/90 283/305/283 284/306/284
f 282/304/282 281/303/281 285/307/285 286/308/286
f 284/306/284 283/305/283 287/309/287 288/310/288
f 286/308/286 285/307/285 224/241/224 225/244/225
f 288/310/288 287/309/287 221/236/221 223/240/223
f 86/86/86 85/85/85 289/311/289 150/164/150
f 150/164/150 289/311/289 290/312/290 149/163/149
f 149/163/149 290/312/290 226/245/226 148/160/148
f 222/237/222 221/236/221 287/309/287 270/292/270
f 270/292/270 287/309/287 283/305/283 269/290/269
f 269/290/269 283/305/283 90/90/90 92/92/92
f 50/50/50 105/105/105 103/103/103 2/2/2
f 2/2/2 1/1/1 51/51/51 50/50/50
f 26/26/26 25/25/25 55/55/55 54/54/54
f 63/63/63 62/62/62 59/59/59 58/58/58
f 62/62/62 107/313/107 142/154/142 59/59/59
f 105/105/105 267/287/267 254/314/254 103/103/103
f 107/313/107 119/315/119 144/156/144 142/154/142
f 119/315/119 131/316/131 146/158/146 144/156/144
f 131/316/131 238/317/238 239/259/239 146/158/146
f 152/318/152 151/319/151 201/215/201 200/214/200
f 176/320/176 175/321/175 205/219/205 204/218/204
f 175/321/175 210/322/210 207/221/207 205/219/205
f 210/322/210 242/323/242 265/285/265 207/221/207
f 242/323/242 254/314/254 267/287/267 265/285/265
f 234/254/234 233/253/233 161/175/161 159/173/159
f 235/255/235 234/254/234 159/173/159 157/171/157
f 236/256/236 235/255/235 157/171/157 155/169/155
f 237/257/237 236/256/236 155/169/155 153/167/153
f 153/167/153 152/166/152 238/258/238 237/257/237
f 238/317/238 152/318/152 200/214/200 239/259/239
f 240/260/240 239/259/239 200/214/200 199/213/199
f 279/301/279 240/260/240 199/213/199 273/295/273
f 280/302/280 279/301/279 273/295/273 271/293/271
f 57/57/57 280/302/280 271/293/271 56/56/56
f 55/55/55 58/58/58 57/57/57 56/56/56
f 25/25/25 63/63/63 58/58/58 55/55/55
f 63/63/63 25/25/25 28/28/28 64/64/64
f 30/30/30 65/65/65 64/64/64 28/28/28
f 32/32/32 67/67/67 65/65/65 30/30/30
f 34/34/34 69/69/69 67/67/67 32/32/32
f 36/36/36 71/71/71 69/69/69 34/34/34
f 73/73/73 71/71/71 36/36/36 38/38/38
f 76/76/76 75/75/75 42/42/42 41/41/41
f 45/45/45 80/80/80 79/79/79 46/46/46
f 48/48/48 83/83/83 80/80/80 45/45/45
f 85/85/85 83/83/83 48/48/48 87/87/87
f 85/85/85 87/87/87 282/304/282 289/311/289
f 289/311/289 282/304/282 286/308/286 290/312/290
f 290/312/290 286/308/286 225/244/225 226/245/226
f 173/243/173 227/246/227 226/245/226 225/244/225
f 228/248/228 227/247/227 173/187/173 170/184/170
f 229/249/229 228/248/228 170/184/170 169/183/169
f 231/251/231 230/250/230 166/180/166 165/179/165
f 233/253/233 232/252/232 164/178/164 161/175/161
f 160/174/160 162/176/162 185/199/185 183/197/183
f 158/172/158 160/174/160 183/197/183 181/195/181
f 156/170/156 158/172/158 181/195/181 179/193/179
f 154/168/154 156/170/156 179/193/179 177/191/177
f 177/191/177 176/190/176 151/165/151 154/168/154
f 151/319/151 176/320/176 204/218/204 201/215/201
f 202/216/202 201/215/201 204/218/204 203/217/203
f 274/296/274 202/216/202 203/217/203 277/299/277
f 272/294/272 274/296/274 277/299/277 275/297/275
f 53/53/53 272/294/272 275/297/275 52/52/52
f 51/51/51 54/54/54 53/53/53 52/52/52
f 1/1/1 26/26/26 54/54/54 51/51/51
f 26/26/26 1/1/1 4/4/4 27/27/27
f 6/6/6 29/29/29 27/27/27 4/4/4
f 8/8/8 31/31/31 29/29/29 6/6/6
f 10/10/10 33/33/33 31/31/31 8/8/8
f 12/12/12 35/35/35 33/33/33 10/10/10
f 37/37/37 35/35/35 12/12/12 14/14/14
f 40/40/40 39/39/39 18/18/18 17/17/17
f 21/21/21 44/44/44 43/43/43 22/22/22
f 24/24/24 47/47/47 44/44/44 21/21/21
f 88/88/88 47/47/47 24/24/24 89/89/89
f 88/88/88 89/89/89 284/306/284 281/303/281
f 281/303/281 284/306/284 288/310/288 285/307/285
f 285/307/285 288/310/288 223/240/223 224/241/224
f 197/239/197 174/242/174 224/241/224 223/240/223
f 171/185/171 174/188/174 197/211/197 194/208/194
f 172/186/172 171/185/171 194/208/194 193/207/193
f 168/182/168 167/181/167 190/204/190 189/203/189
f 162/176/162 163/177/163 188/202/188 185/199/185
f 43/43/43 46/46/46 41/41/41 40/40/40
f 40/40/40 17/17/17 22/22/22 43/43/43
f 17/17/17 16/16/16 19/19/19 22/22/22
f 79/79/79 82/82/82 77/77/77 76/76/76
f 76/76/76 41/41/41 46/46/46 79/79/79
f 82/82/82 116/116/116 113/113/113 77/77/77
f 16/16/16 96/96/96 94/94/94 19/19/19
f 96/96/96 260/280/260 263/283/263 94/94/94
f 116/136/116 128/139/128 125/134/125 113/133/113
f 128/139/128 140/152/140 137/149/137 125/134/125
f 140/152/140 229/249/229 230/250/230 137/149/137
f 172/186/172 193/207/193 190/204/190 167/181/167
f 167/181/167 166/180/166 169/183/169 172/186/172
f 166/180/166 230/250/230 229/249/229 169/183/169
f 196/210/196 219/233/219 216/230/216 191/205/191
f 191/205/191 190/204/190 193/207/193 196/210/196
f 219/233/219 251/271/251 248/268/248 216/230/216
f 251/271/251 263/283/263 260/280/260 248/268/248
f 39/39/39 42/42/42 38/38/38 37/37/37
f 37/37/37 14/14/14 18/18/18 39/39/39
f 14/14/14 13/13/13 15/15/15 18/18/18
f 75/75/75 78/78/78 74/74/74 73/73/73
f 73/73/73 38/38/38 42/42/42 75/75/75
f 78/78/78 114/114/114 112/112/112 74/74/74
f 13/13/13 98/98/98 95/95/95 15/15/15
f 98/98/98 259/279/259 261/281/261 95/95/95
f 114/132/114 126/135/126 124/131/124 112/130/112
f 126/135/126 138/150/138 136/148/136 124/131/124
f 138/150/138 231/251/231 232/252/232 136/148/136
f 168/182/168 189/203/189 188/202/188 163/177/163
f 163/177/163 164/178/164 165/179/165 168/182/168
f 164/178/164 232/252/232 231/251/231 165/179/165
f 192/206/192 217/231/217 215/229/215 187/201/187
f 187/201/187 188/202/188 189/203/189 192/206/192
f 217/231/217 249/269/249 247/267/247 215/229/215
f 249/269/249 261/281/261 259/279/259 247/267/247
g default
v 6.796250 1.531396 8.607687
v 6.739653 1.553918 8.813327
v 6.592003 1.490933 8.759628
v 6.640480 1.460194 8.509834
v 6.547791 1.514653 8.996855
v 6.685626 1.588704 9.016602
v 6.496410 1.505391 9.459225
v 6.518571 1.521119 9.221375
v 6.654189 1.591378 9.233393
v 6.647297 1.547318 9.467653
v 6.455647 1.443330 8.447965
v 6.416889 1.468625 8.723154
v 6.379270 1.489186 8.982182
v 6.324427 1.485329 9.456118
v 6.350807 1.494641 9.214154
v 6.260606 1.458096 8.433979
v 6.232622 1.476910 8.711526
v 6.202210 1.485390 8.976383
v 6.145091 1.475896 9.455578
v 6.173759 1.484879 9.211897
v 6.069062 1.492440 8.451467
v 6.050911 1.502335 8.718903
v 6.028447 1.509801 8.976480
v 5.965624 1.473244 9.461500
v 5.998429 1.494321 9.213486
v 5.892160 1.553536 8.500089
v 5.887678 1.552823 8.740768
v 5.871241 1.550744 8.984415
v 5.800285 1.488404 9.465736
v 5.839547 1.526295 9.219431
v 5.769907 1.626393 8.542695
v 5.763590 1.621571 8.764709
v 5.743558 1.606908 8.992507
v 5.646595 1.519364 9.468752
v 5.701992 1.567460 9.224998
v 6.858802 1.499505 8.376349
v 6.687930 1.425580 8.261770
v 6.487538 1.422246 8.162428
v 6.279758 1.449326 8.131792
v 6.074630 1.481393 8.165733
v 5.889085 1.552293 8.239745
v 5.762765 1.631928 8.291494
v 5.758928 1.432641 9.659974
v 5.584102 1.435265 9.678049
v 5.939165 1.442818 9.630321
v 6.128162 1.453267 9.604156
v 6.315892 1.449620 9.619826
v 6.495955 1.444817 9.650581
v 6.681660 1.415204 9.673111
v 6.755015 1.602639 9.478674
v 6.767418 1.642033 9.250112
v 6.795423 1.651788 9.041347
v 6.844990 1.641019 8.866646
v 6.889822 1.632230 8.694883
v 6.964449 1.613587 8.466980
v 6.509743 1.352624 9.781751
v 6.733120 1.259614 9.821692
v 6.918859 1.280457 9.877876
v 6.924926 1.223229 10.101748
v 6.727687 1.201382 9.952434
v 6.408910 1.258790 10.154120
v 6.438746 1.251569 10.064414
v 6.613215 1.191537 10.187884
v 6.549018 1.233254 10.260036
v 6.871984 1.220658 10.273403
v 6.681920 1.190812 10.082247
v 6.311395 1.397404 9.742954
v 6.244833 1.291707 10.092538
v 6.264427 1.297795 9.997187
v 6.381609 1.336980 10.408481
v 6.237694 1.347279 10.406137
v 6.233860 1.314519 10.208564
v 6.383765 1.290101 10.241794
v 6.117857 1.415929 9.719737
v 6.074016 1.297444 10.075366
v 6.085811 1.307286 9.978379
v 5.925414 1.405560 9.736914
v 5.904495 1.258157 10.103824
v 5.916737 1.278668 10.005911
v 5.724601 1.373025 9.783718
v 5.736604 1.191998 10.187837
v 5.728977 1.204514 10.082026
v 5.584017 1.141972 10.326481
v 5.531224 1.096780 10.219005
v 5.511093 1.322949 9.844778
v 5.463294 1.197442 10.488985
v 5.361967 1.177815 10.410110
v 6.822536 1.454308 9.684945
v 6.775250 1.533719 7.407507
v 6.780571 1.608010 7.273549
v 6.990790 1.636411 7.305087
v 6.996902 1.551747 7.446625
v 7.007559 1.486604 7.573710
v 6.771852 1.475125 7.540410
v 7.010653 1.439542 7.710518
v 6.767979 1.411546 7.673185
v 6.986158 1.436398 7.908195
v 6.755340 1.360055 7.849982
v 6.916590 1.468194 8.169670
v 6.720585 1.377282 8.066937
v 6.554635 1.532151 7.362243
v 6.571027 1.615445 7.239845
v 6.542327 1.459836 7.486293
v 6.530301 1.408364 7.622866
v 6.504939 1.393296 7.762810
v 6.498867 1.403550 7.922301
v 6.336303 1.548978 7.307070
v 6.369777 1.637776 7.176754
v 6.311450 1.478570 7.433808
v 6.294441 1.433736 7.574237
v 6.289391 1.437032 7.719810
v 6.286781 1.441853 7.881074
v 6.115496 1.575757 7.249074
v 6.163908 1.676942 7.121275
v 6.079406 1.508706 7.386993
v 6.056691 1.462506 7.534884
v 6.049845 1.441903 7.691066
v 6.062111 1.467591 7.898266
v 5.891625 1.644345 7.233793
v 5.957506 1.739434 7.096791
v 5.843729 1.577645 7.371491
v 5.810012 1.517564 7.518848
v 5.808387 1.494702 7.723992
v 5.853872 1.532109 7.950456
v 5.736111 1.724919 7.215126
v 5.816105 1.800641 7.065721
v 5.674150 1.664388 7.351721
v 5.636825 1.618901 7.503096
v 5.655272 1.605912 7.750715
v 5.716256 1.623433 8.001735
v 6.917342 1.744324 7.322309
v 6.984676 1.660096 7.294536
v 6.779816 1.632623 7.264013
v 6.767814 1.724133 7.301648
v 6.570916 1.731889 7.261061
v 6.573123 1.642175 7.229639
v 6.378568 1.757314 7.199943
v 6.374290 1.663571 7.167801
v 6.186160 1.798821 7.131729
v 6.171382 1.703030 7.111195
v 5.988668 1.842809 7.090421
v 5.968178 1.764447 7.084265
v 5.890849 1.884137 7.089794
v 5.834012 1.819676 7.057210
v 7.047728 1.588403 8.245777
v 7.154790 1.554219 7.969908
v 7.220509 1.547108 7.743210
v 7.227289 1.581723 7.581923
v 7.195777 1.653165 7.439523
v 7.146674 1.751145 7.321693
v 6.976296 1.809819 7.377348
v 7.126294 1.765763 7.315592
v 6.812930 2.183472 7.593607
v 6.804379 2.430444 7.636132
v 7.022403 2.394894 7.615695
v 7.062029 2.165040 7.575134
v 6.797195 1.966748 7.474590
v 7.038830 1.948346 7.472826
v 6.768153 1.821152 7.372365
v 6.581882 2.214452 7.564098
v 6.595354 2.471753 7.617344
v 6.574145 1.991719 7.435617
v 6.562983 1.829690 7.331952
v 6.366209 2.244969 7.507604
v 6.391226 2.499116 7.579761
v 6.361833 2.016633 7.385148
v 6.370907 1.862347 7.268711
v 6.154795 2.276059 7.428210
v 6.188222 2.511781 7.523543
v 6.160843 2.059697 7.298539
v 6.190539 1.913857 7.179469
v 5.928958 2.309792 7.331494
v 5.985506 2.521375 7.436821
v 5.943120 2.100179 7.214334
v 5.991491 1.950917 7.118974
v 5.762452 2.355931 7.251489
v 5.846320 2.561959 7.373211
v 5.768566 2.117608 7.147482
v 5.827952 1.949609 7.075390
v 7.002625 2.541325 7.609602
v 6.825585 2.603574 7.604607
v 6.627153 2.660279 7.585510
v 6.424739 2.687802 7.560631
v 6.221702 2.686650 7.534047
v 6.029995 2.671429 7.487625
v 5.919320 2.675027 7.439735
v 7.216764 1.943471 7.403017
v 7.240780 2.187310 7.507965
v 7.175969 2.424771 7.560256
v 6.927415 2.384888 8.530613
v 6.992394 2.465314 8.306707
v 6.816656 2.603795 8.271742
v 6.768614 2.528104 8.491104
v 6.850327 2.657800 8.118547
v 7.044905 2.534955 8.137815
v 7.082406 2.588830 7.951670
v 6.883697 2.713963 7.923228
v 7.101412 2.619145 7.826467
v 6.906685 2.755860 7.790902
v 7.116778 2.648175 7.687255
v 6.924062 2.787885 7.653328
v 6.878617 2.734204 7.558329
v 7.067924 2.631440 7.586935
v 6.565828 2.623566 8.446353
v 6.609774 2.687241 8.238773
v 6.636823 2.738351 8.084651
v 6.664083 2.793679 7.901637
v 6.680493 2.832578 7.768590
v 6.690689 2.876492 7.631198
v 6.670921 2.807923 7.532223
v 6.370543 2.668015 8.405629
v 6.393925 2.731290 8.216222
v 6.411355 2.777127 8.060472
v 6.431023 2.817418 7.895568
v 6.444039 2.846497 7.768150
v 6.450171 2.871613 7.639932
v 6.456423 2.833913 7.520199
v 6.169891 2.640271 8.376708
v 6.183116 2.708417 8.189710
v 6.191700 2.768124 8.032738
v 6.202581 2.802972 7.887336
v 6.212398 2.826016 7.766097
v 6.224685 2.837468 7.645015
v 6.242534 2.819054 7.523232
v 5.966820 2.572755 8.342364
v 5.966972 2.648015 8.156079
v 5.960271 2.716302 8.001363
v 5.973998 2.755719 7.864079
v 5.989161 2.774323 7.744339
v 6.009300 2.783757 7.627377
v 6.042727 2.784299 7.499618
v 5.822112 2.481564 8.321643
v 5.811350 2.559518 8.140124
v 5.796843 2.645535 7.978642
v 5.798062 2.701966 7.831097
v 5.815971 2.730828 7.712687
v 5.848352 2.741788 7.596209
v 5.896134 2.754826 7.459456
v 6.862691 2.300912 8.782117
v 6.712493 2.436864 8.760187
v 6.512949 2.537377 8.722526
v 6.333114 2.574475 8.688693
v 6.144317 2.547562 8.650124
v 5.947633 2.476933 8.614590
v 6.044963 2.767060 7.481740
v 5.905732 2.739747 7.441816
v 6.242226 2.800793 7.509700
v 6.453732 2.813229 7.509716
v 6.663819 2.783585 7.525618
v 6.866486 2.711621 7.551359
v 7.051482 2.615037 7.576891
v 7.271147 2.431058 7.665244
v 7.201749 2.428799 7.568667
v 7.275450 2.405072 7.800611
v 7.252584 2.371136 7.931409
v 7.191466 2.313336 8.131434
v 7.109757 2.248425 8.337311
v 7.035109 2.190022 8.550661
v 6.961535 2.127782 8.790035
v 6.698097 2.039143 9.684517
v 6.729867 2.102597 9.432041
v 6.580043 2.201604 9.446556
v 6.543809 2.131066 9.695967
v 6.661538 2.353085 8.989476
v 6.618419 2.274613 9.214992
v 6.765375 2.165200 9.207115
v 6.809954 2.229710 8.994019
v 6.351391 2.184426 9.693375
v 6.396479 2.267281 9.445973
v 6.475070 2.438168 8.970419
v 6.428357 2.349149 9.208706
v 6.199534 2.200047 9.686478
v 6.228608 2.288987 9.436570
v 6.295550 2.470738 8.946903
v 6.261090 2.374673 9.195876
v 6.024107 2.189652 9.667903
v 6.053347 2.275147 9.418667
v 6.111720 2.451802 8.917284
v 6.085228 2.358773 9.174310
v 5.851705 2.149770 9.659868
v 5.879634 2.230828 9.398211
v 5.929714 2.393269 8.886827
v 5.902509 2.307812 9.147032
v 5.719108 2.093777 9.641667
v 5.741983 2.163201 9.374083
v 5.791060 2.307030 8.863289
v 5.771408 2.233517 9.120680
v 5.814496 2.390385 8.594387
v 6.685815 1.982529 9.912784
v 6.511533 2.061734 9.934719
v 6.329846 2.104035 9.925848
v 6.175200 2.105542 9.921026
v 6.000107 2.101888 9.912713
v 5.820764 2.067570 9.912861
v 5.694363 2.025483 9.901803
v 6.907396 2.078107 8.979222
v 6.866217 2.032422 9.171792
v 6.836266 1.982186 9.389713
v 6.815786 1.931306 9.633657
v 6.811005 1.875085 9.878778
v 6.511080 1.997918 10.231320
v 6.497547 1.991448 10.329980
v 6.666592 1.905522 10.371220
v 6.690184 1.918351 10.262530
v 6.520633 2.017617 10.099166
v 6.690931 1.944096 10.107497
v 6.335295 2.035668 10.218338
v 6.328493 2.025914 10.297029
v 6.329730 2.059254 10.089583
v 6.153188 2.023682 10.198325
v 6.146769 2.014561 10.275765
v 6.162102 2.055234 10.078533
v 5.975201 2.013848 10.192556
v 5.967283 1.999192 10.274865
v 5.986106 2.051801 10.073820
v 5.799876 1.988877 10.193542
v 5.792895 1.978509 10.281042
v 5.808335 2.025754 10.071553
v 5.643783 1.941273 10.192905
v 5.638982 1.916821 10.304317
v 5.662971 1.985009 10.065516
v 5.798841 1.904126 10.445376
v 5.786747 1.967049 10.358943
v 5.642829 1.891610 10.407883
v 5.686489 1.845158 10.487859
v 6.837959 1.826184 10.090642
v 6.840319 1.790284 10.275450
v 6.803782 1.773274 10.417381
v 6.666561 1.750233 10.609505
v 6.762328 1.775204 10.530713
v 6.638086 1.909772 10.470018
v 6.570942 1.865361 10.554634
v 6.726320 1.402898 10.580106
v 6.879212 1.384183 10.567764
v 6.863723 1.590714 10.578392
v 6.726254 1.584275 10.640377
v 6.776380 1.233033 10.393142
v 6.661613 1.274960 10.427128
v 6.394817 1.616147 10.684245
v 6.241820 1.618611 10.658266
v 6.255613 1.457001 10.571761
v 6.400745 1.444184 10.578573
v 6.477787 1.986749 10.417047
v 6.444797 1.932080 10.500735
v 6.046147 1.351746 10.389706
v 6.059980 1.312844 10.200127
v 6.058361 1.622407 10.620514
v 6.048970 1.468716 10.556232
v 6.079359 1.739072 10.572285
v 6.250138 1.767690 10.626441
v 6.295927 1.960549 10.444486
v 6.321446 2.018842 10.361218
v 6.139272 2.002980 10.335091
v 6.124546 1.953168 10.411865
v 5.868685 1.312119 10.422253
v 5.888813 1.263348 10.232663
v 5.864392 1.606095 10.629971
v 5.854362 1.420960 10.590173
v 5.888300 1.732594 10.587611
v 5.962714 1.982327 10.339688
v 5.949756 1.934380 10.416447
v 5.425974 1.340848 10.591202
v 5.302647 1.347459 10.521108
v 5.481979 1.543351 10.599115
v 5.397039 1.572461 10.529068
v 5.522593 1.756703 10.473432
v 5.584151 1.727349 10.548534
v 5.632569 1.169968 10.394420
v 5.741775 1.205247 10.308985
v 5.722202 1.261250 10.492578
v 5.579743 1.224091 10.536541
v 6.946367 1.588315 10.433092
v 6.973315 1.607037 10.257393
v 6.991918 1.392480 10.394661
v 7.023040 1.401120 10.208359
v 5.679137 1.729096 8.317419
v 5.607488 1.886174 8.341719
v 5.544299 1.920571 8.062940
v 5.623822 1.735165 8.028908
v 5.551114 2.182980 8.088933
v 5.601070 2.120869 8.322818
v 5.664796 2.420007 8.114508
v 5.694901 2.340157 8.318654
v 5.553081 1.724236 7.778960
v 5.462749 1.944398 7.813227
v 5.478567 2.251469 7.870445
v 5.629370 2.508736 7.931104
v 5.398971 1.983926 7.538345
v 5.507070 1.734902 7.514387
v 5.444653 2.323445 7.624530
v 5.618482 2.582791 7.741630
v 5.437766 2.024327 7.361840
v 5.541663 1.775437 7.342290
v 5.475720 2.362248 7.465892
v 5.639658 2.620580 7.602081
v 5.524744 2.072385 7.213067
v 5.621858 1.838219 7.199793
v 5.515111 2.405381 7.303262
v 5.682608 2.647572 7.463156
v 5.630044 2.128735 7.077639
v 5.711738 1.907010 7.047997
v 5.628659 2.417638 7.179827
v 5.759039 2.641335 7.335766
v 5.734839 1.918450 7.039285
v 5.653546 2.131970 7.072722
v 5.653094 2.412225 7.175582
v 5.778947 2.629502 7.327191
v 5.696875 2.257024 8.603103
v 5.612410 2.058289 8.603319
v 5.619772 1.854131 8.582245
v 5.689644 1.711499 8.565670
v 5.551625 1.574921 9.477223
v 5.456690 1.672353 9.497244
v 5.535104 1.745461 9.257638
v 5.609087 1.638207 9.237193
v 5.532968 1.907201 9.297719
v 5.462843 1.849751 9.556061
v 5.620440 2.058610 9.341358
v 5.584570 2.000508 9.609447
v 5.680096 1.707932 8.784039
v 5.661534 1.679124 9.005507
v 5.583222 1.788323 9.023183
v 5.610269 1.832604 8.803607
v 5.579772 1.960378 9.057650
v 5.608438 2.008755 8.830080
v 5.659809 2.121926 9.093349
v 5.680243 2.180833 8.849672
v 5.541684 1.932252 9.871160
v 5.399707 1.772122 9.808747
v 5.369617 1.594651 9.741385
v 5.463454 1.488251 9.700190
v 5.306212 1.283452 10.079002
v 5.313066 1.215333 10.261980
v 5.250096 1.383111 10.348574
v 5.229462 1.434338 10.150196
v 5.348814 1.612351 10.368733
v 5.332672 1.651841 10.193274
v 5.496921 1.796281 10.337866
v 5.479209 1.831216 10.201752
v 5.361896 1.376481 9.894438
v 5.274494 1.499493 9.952989
v 5.343768 1.700135 10.017046
v 5.490232 1.877778 10.057354
v 5.484118 1.219804 9.983417
v 6.897021 1.568536 9.720413
v 6.987591 1.440015 9.961510
v 6.954021 1.644345 10.040828
v 6.905432 1.729008 9.797024
v 6.877066 1.799111 9.561138
v 6.832039 1.677586 9.499177
v 6.952573 1.757806 8.747697
v 6.911704 1.758267 8.911325
v 6.940913 1.913819 8.949168
v 6.988096 1.938500 8.775537
v 6.871705 1.743211 9.077028
v 6.905695 1.883733 9.122881
v 6.849904 1.719533 9.280024
v 6.882185 1.845681 9.332070
v 7.065033 1.972997 8.543414
v 7.036771 1.760800 8.508078
v 7.242339 1.934491 7.407120
v 7.326288 1.864304 7.491045
v 7.268000 2.185201 7.514156
v 7.345329 2.157285 7.602569
v 7.359620 1.805852 7.637460
v 7.369453 2.122811 7.736567
v 7.343705 1.769330 7.796495
v 7.347557 2.086667 7.875060
v 7.263503 1.753629 8.017086
v 7.276040 2.043484 8.091848
v 7.132032 1.758267 8.297569
v 7.156430 2.003091 8.333815
v 5.719792 1.814824 10.532172
v 5.666008 1.715836 10.592030
v 5.780606 1.722127 10.584469
v 5.805970 1.841714 10.505120
v 5.746921 1.587830 10.647110
v 5.602924 1.552644 10.645720
v 5.563933 1.353879 10.642771
v 5.711629 1.372491 10.630486
v 6.574590 1.601029 10.677088
v 6.548207 1.754651 10.651247
v 6.405790 1.773476 10.644132
v 6.303631 1.359532 9.834208
v 6.504223 1.301812 9.887188
v 6.109157 1.383492 9.804866
v 5.916897 1.369218 9.825469
v 5.708685 1.314351 9.890612
v 6.480936 1.276097 9.977907
v 6.288946 1.331376 9.912544
v 6.099396 1.353345 9.882143
v 5.913050 1.332059 9.905121
v 5.708954 1.260365 9.979843
v 5.489906 1.136067 10.098463
v 5.936157 1.866998 10.478100
v 6.529281 1.306886 10.420300
v 6.484705 1.264958 10.284113
v 6.567143 1.427499 10.582661
v 6.413287 1.875916 10.569771
v 6.509948 1.841412 10.603689
v 6.274852 1.895749 10.514250
v 6.108691 1.883252 10.471062
v 5.287613 1.360036 10.485329
v 5.382093 1.580098 10.494853
v 5.341572 1.190430 10.379143
v 5.514927 1.104485 10.188722
v 5.718811 1.214921 10.053164
v 5.911716 1.290322 9.973705
v 6.087669 1.318700 9.945271
v 6.272077 1.302678 9.967508
v 6.452800 1.252499 10.033194
v 6.637059 1.185330 10.156637
v 6.805904 1.232793 10.368673
v 6.907036 1.391267 10.537655
v 6.884178 1.596249 10.544962
v 6.778159 1.778249 10.495176
v 6.649436 1.911397 10.438032
v 6.486846 1.990212 10.389721
v 6.326407 2.024789 10.341485
v 6.140401 2.009763 10.316471
v 5.962022 1.990151 10.319507
v 5.782194 1.974259 10.334946
v 5.630811 1.896409 10.376478
v 5.506519 1.761330 10.439342
vt 0.335792 0.234692
vt 0.335321 0.227411
vt 0.329894 0.228621
vt 0.330124 0.237216
vt 0.329879 0.219992
vt 0.335340 0.219733
vt 0.330649 0.202667
vt 0.330207 0.211613
vt 0.335815 0.211610
vt 0.336762 0.202548
vt 0.324045 0.238395
vt 0.323917 0.229110
vt 0.323884 0.219851
vt 0.324089 0.202437
vt 0.324006 0.211337
vt 0.317795 0.238210
vt 0.317763 0.228853
vt 0.317681 0.219455
vt 0.317403 0.201963
vt 0.317570 0.210864
vt 0.311611 0.237283
vt 0.311695 0.228166
vt 0.311595 0.218936
vt 0.310901 0.201089
vt 0.311304 0.210225
vt 0.305691 0.235507
vt 0.306071 0.227129
vt 0.306007 0.218274
vt 0.304964 0.200201
vt 0.305603 0.209487
vt 0.301197 0.234033
vt 0.301409 0.226148
vt 0.301231 0.217744
vt 0.299390 0.199379
vt 0.300608 0.208855
vt 0.336378 0.242464
vt 0.330489 0.245224
vt 0.324070 0.247328
vt 0.317515 0.247663
vt 0.311105 0.246427
vt 0.305026 0.244130
vt 0.300423 0.242597
vt 0.304184 0.192809
vt 0.298119 0.190764
vt 0.310481 0.194941
vt 0.317243 0.196623
vt 0.324302 0.196481
vt 0.331146 0.195459
vt 0.338006 0.193518
vt 0.341516 0.202621
vt 0.340339 0.211496
vt 0.339748 0.219335
vt 0.339832 0.225888
vt 0.340158 0.232005
vt 0.341073 0.239921
vt 0.332063 0.189991
vt 0.339587 0.186857
vt 0.344554 0.185108
vt 0.345851 0.179933
vt 0.339904 0.183209
vt 0.212387 0.149688
vt 0.211139 0.147267
vt 0.205266 0.148230
vt 0.207588 0.151295
vt 0.346285 0.175470
vt 0.339329 0.179859
vt 0.324514 0.191864
vt 0.218413 0.149196
vt 0.217382 0.147349
vt 0.214115 0.157365
vt 0.219511 0.157407
vt 0.219244 0.151919
vt 0.213668 0.152293
vt 0.317209 0.192424
vt 0.224987 0.148417
vt 0.224166 0.146782
vt 0.310318 0.191030
vt 0.231842 0.147079
vt 0.230812 0.145461
vt 0.303453 0.187940
vt 0.238850 0.145778
vt 0.238972 0.142981
vt 0.244298 0.146714
vt 0.245524 0.141849
vt 0.296743 0.183370
vt 0.248830 0.151659
vt 0.252850 0.148649
vt 0.343129 0.192953
vt 0.332102 0.269922
vt 0.332771 0.274360
vt 0.340616 0.274209
vt 0.339182 0.269143
vt 0.338605 0.265223
vt 0.331711 0.265884
vt 0.338251 0.261520
vt 0.331418 0.261915
vt 0.337886 0.256434
vt 0.331164 0.257109
vt 0.337021 0.248954
vt 0.330710 0.251181
vt 0.324442 0.270608
vt 0.324810 0.274892
vt 0.324241 0.266607
vt 0.324143 0.262639
vt 0.323686 0.258772
vt 0.323784 0.254313
vt 0.316616 0.271412
vt 0.316902 0.275651
vt 0.316495 0.267498
vt 0.316556 0.263540
vt 0.316801 0.259541
vt 0.317106 0.255010
vt 0.308758 0.272537
vt 0.308870 0.277164
vt 0.308768 0.268443
vt 0.308975 0.264409
vt 0.309402 0.260286
vt 0.310175 0.254442
vt 0.301040 0.273057
vt 0.300824 0.277894
vt 0.301225 0.268943
vt 0.301572 0.264898
vt 0.302354 0.259723
vt 0.303685 0.253181
vt 0.295536 0.273791
vt 0.295191 0.279008
vt 0.295728 0.269664
vt 0.296062 0.265716
vt 0.297153 0.259407
vt 0.298786 0.251979
vt 0.214608 0.319268
vt 0.211819 0.322395
vt 0.219463 0.324315
vt 0.220143 0.320589
vt 0.227686 0.321226
vt 0.227384 0.324856
vt 0.235279 0.321350
vt 0.235189 0.325055
vt 0.242976 0.320963
vt 0.243141 0.324555
vt 0.250606 0.320206
vt 0.251048 0.323110
vt 0.254357 0.318982
vt 0.256397 0.321676
vt 0.342177 0.247246
vt 0.343436 0.255596
vt 0.344222 0.261506
vt 0.344745 0.265432
vt 0.345351 0.269578
vt 0.346410 0.274225
vt 0.212552 0.316037
vt 0.206873 0.317966
vt 0.219230 0.300997
vt 0.220340 0.292218
vt 0.212441 0.293010
vt 0.210409 0.301401
vt 0.219370 0.309733
vt 0.210653 0.309891
vt 0.220232 0.316162
vt 0.227464 0.300659
vt 0.227690 0.291476
vt 0.227590 0.309767
vt 0.227941 0.316747
vt 0.235406 0.300484
vt 0.234866 0.291050
vt 0.235544 0.309773
vt 0.235494 0.316733
vt 0.243657 0.300524
vt 0.242438 0.291110
vt 0.243649 0.309693
vt 0.243052 0.316457
vt 0.252885 0.300862
vt 0.250908 0.291795
vt 0.252410 0.309684
vt 0.250808 0.316149
vt 0.259989 0.300693
vt 0.257237 0.291563
vt 0.259381 0.310186
vt 0.257033 0.316872
vt 0.213498 0.287375
vt 0.220599 0.286141
vt 0.227479 0.285085
vt 0.234173 0.284513
vt 0.241302 0.284550
vt 0.249089 0.285298
vt 0.254508 0.285639
vt 0.203894 0.310708
vt 0.203608 0.301163
vt 0.206725 0.292157
vt 0.212639 0.248048
vt 0.212335 0.256204
vt 0.218831 0.257349
vt 0.218825 0.249664
vt 0.218808 0.262636
vt 0.212160 0.262418
vt 0.211911 0.268880
vt 0.218815 0.269093
vt 0.211670 0.273292
vt 0.218863 0.273411
vt 0.211229 0.278400
vt 0.219039 0.277637
vt 0.220076 0.281156
vt 0.210878 0.283043
vt 0.225526 0.250697
vt 0.225471 0.257769
vt 0.225578 0.262906
vt 0.225745 0.268750
vt 0.225931 0.272772
vt 0.226323 0.276628
vt 0.226951 0.280032
vt 0.231626 0.251278
vt 0.232088 0.257685
vt 0.232447 0.262784
vt 0.232693 0.268017
vt 0.232862 0.271945
vt 0.233119 0.275747
vt 0.233357 0.279464
vt 0.237788 0.250855
vt 0.238561 0.257331
vt 0.239217 0.262710
vt 0.239744 0.267456
vt 0.240111 0.271389
vt 0.240332 0.275311
vt 0.240340 0.279430
vt 0.244350 0.250238
vt 0.245537 0.256924
vt 0.246663 0.262486
vt 0.247276 0.267178
vt 0.247845 0.271274
vt 0.248297 0.275428
vt 0.248254 0.280240
vt 0.249431 0.249103
vt 0.250894 0.255783
vt 0.252131 0.261945
vt 0.253221 0.267102
vt 0.253949 0.271213
vt 0.254717 0.275549
vt 0.256224 0.281514
vt 0.212775 0.238947
vt 0.218670 0.240142
vt 0.225340 0.241150
vt 0.230894 0.241539
vt 0.236714 0.241341
vt 0.243014 0.240544
vt 0.248395 0.281267
vt 0.255716 0.282660
vt 0.240463 0.280266
vt 0.233469 0.280199
vt 0.227068 0.280820
vt 0.220257 0.282020
vt 0.211633 0.283972
vt 0.204513 0.278563
vt 0.205373 0.283816
vt 0.204181 0.273418
vt 0.204184 0.268665
vt 0.204652 0.261407
vt 0.205549 0.253771
vt 0.206507 0.246025
vt 0.207212 0.237416
vt 0.210755 0.206863
vt 0.211654 0.215561
vt 0.217360 0.215421
vt 0.216695 0.206775
vt 0.218422 0.231830
vt 0.217957 0.223666
vt 0.212322 0.223520
vt 0.212655 0.231212
vt 0.223211 0.206509
vt 0.223545 0.215204
vt 0.224649 0.232263
vt 0.224286 0.223626
vt 0.228132 0.206084
vt 0.228885 0.214801
vt 0.230228 0.232295
vt 0.229533 0.223342
vt 0.233785 0.205483
vt 0.234404 0.214138
vt 0.235872 0.231883
vt 0.234987 0.222758
vt 0.239338 0.204153
vt 0.239969 0.213141
vt 0.241623 0.231040
vt 0.240783 0.221858
vt 0.243920 0.203137
vt 0.244716 0.212161
vt 0.246371 0.229892
vt 0.245326 0.220939
vt 0.247616 0.239394
vt 0.209576 0.199232
vt 0.216070 0.198705
vt 0.222331 0.198606
vt 0.227406 0.197979
vt 0.233099 0.197162
vt 0.238893 0.195596
vt 0.243169 0.194528
vt 0.207412 0.230585
vt 0.207291 0.223756
vt 0.206603 0.216173
vt 0.205472 0.207900
vt 0.203822 0.199755
vt 0.214544 0.189401
vt 0.214688 0.186547
vt 0.208459 0.184979
vt 0.207913 0.188187
vt 0.214795 0.193432
vt 0.208436 0.192971
vt 0.220472 0.189450
vt 0.220288 0.187138
vt 0.221346 0.193348
vt 0.226488 0.189062
vt 0.226238 0.186725
vt 0.226886 0.192827
vt 0.232299 0.188089
vt 0.232088 0.185570
vt 0.232612 0.191902
vt 0.237952 0.186666
vt 0.237623 0.184095
vt 0.238352 0.190514
vt 0.243086 0.184981
vt 0.242530 0.181664
vt 0.243120 0.189156
vt 0.236696 0.178903
vt 0.237357 0.181872
vt 0.241746 0.178784
vt 0.240187 0.176365
vt 0.201751 0.192827
vt 0.200782 0.186889
vt 0.201766 0.182273
vt 0.206932 0.176420
vt 0.203807 0.179013
vt 0.209557 0.182353
vt 0.211130 0.179580
vt 0.202027 0.163566
vt 0.196730 0.162462
vt 0.195741 0.172807
vt 0.202794 0.171124
vt 0.199778 0.154526
vt 0.203843 0.156486
vt 0.214871 0.170323
vt 0.220109 0.169706
vt 0.219219 0.163664
vt 0.213906 0.163804
vt 0.215088 0.184157
vt 0.215526 0.181366
vt 0.226940 0.156385
vt 0.225919 0.151159
vt 0.226951 0.169036
vt 0.227169 0.163048
vt 0.226628 0.173453
vt 0.220449 0.174539
vt 0.220474 0.182379
vt 0.220182 0.185296
vt 0.226130 0.184905
vt 0.226181 0.182116
vt 0.233992 0.155183
vt 0.232839 0.149884
vt 0.234115 0.167905
vt 0.234798 0.161382
vt 0.233326 0.172405
vt 0.231889 0.183573
vt 0.231939 0.180832
vt 0.250058 0.157451
vt 0.255637 0.155797
vt 0.248088 0.165069
vt 0.252333 0.166111
vt 0.246206 0.173852
vt 0.243720 0.171996
vt 0.242901 0.149690
vt 0.238832 0.149199
vt 0.239792 0.154617
vt 0.244781 0.153917
vt 0.191984 0.179610
vt 0.191467 0.186540
vt 0.358654 0.178607
vt 0.359771 0.172241
vt 0.353070 0.173324
vt 0.351854 0.178360
vt 0.296453 0.241847
vt 0.291294 0.241174
vt 0.288521 0.250715
vt 0.294462 0.251422
vt 0.281436 0.249603
vt 0.284972 0.241714
vt 0.256778 0.254082
vt 0.263605 0.250257
vt 0.259836 0.242730
vt 0.254506 0.246649
vt 0.292750 0.259125
vt 0.285677 0.259055
vt 0.274870 0.258992
vt 0.267806 0.259706
vt 0.258734 0.261120
vt 0.283783 0.266677
vt 0.291443 0.266002
vt 0.271994 0.266464
vt 0.260351 0.267532
vt 0.283199 0.271259
vt 0.290957 0.270260
vt 0.271935 0.271655
vt 0.260995 0.272120
vt 0.282602 0.275982
vt 0.290758 0.274722
vt 0.271764 0.276870
vt 0.261261 0.276967
vt 0.281835 0.281234
vt 0.290803 0.280199
vt 0.271460 0.282412
vt 0.261094 0.282249
vt 0.260546 0.318489
vt 0.264385 0.310836
vt 0.265203 0.300089
vt 0.261120 0.290172
vt 0.252126 0.236753
vt 0.257258 0.233494
vt 0.287011 0.232248
vt 0.292693 0.232795
vt 0.297526 0.233265
vt 0.295533 0.199022
vt 0.290989 0.198825
vt 0.292275 0.208222
vt 0.296606 0.208431
vt 0.287291 0.208608
vt 0.285611 0.199712
vt 0.249680 0.211069
vt 0.255067 0.209983
vt 0.255818 0.200968
vt 0.249242 0.202043
vt 0.297508 0.225466
vt 0.297540 0.217292
vt 0.293189 0.216929
vt 0.293051 0.224948
vt 0.288044 0.216833
vt 0.288073 0.224576
vt 0.255690 0.225954
vt 0.255079 0.218241
vt 0.249954 0.219685
vt 0.250929 0.228057
vt 0.249007 0.193186
vt 0.256233 0.192008
vt 0.288555 0.189209
vt 0.282817 0.190571
vt 0.293505 0.189742
vt 0.291021 0.174865
vt 0.291192 0.169095
vt 0.285459 0.167286
vt 0.285880 0.173776
vt 0.276971 0.166732
vt 0.277565 0.173839
vt 0.257196 0.178419
vt 0.256125 0.171736
vt 0.247986 0.177807
vt 0.249230 0.182009
vt 0.291765 0.181331
vt 0.286809 0.180493
vt 0.279287 0.182015
vt 0.256686 0.184530
vt 0.249427 0.186772
vt 0.296547 0.177883
vt 0.347781 0.193613
vt 0.349721 0.184956
vt 0.356669 0.185795
vt 0.353649 0.194201
vt 0.193810 0.193513
vt 0.197705 0.201546
vt 0.200691 0.209339
vt 0.351017 0.202273
vt 0.345728 0.202745
vt 0.344290 0.230157
vt 0.344026 0.224366
vt 0.348509 0.222930
vt 0.349098 0.228788
vt 0.202768 0.229867
vt 0.202191 0.235810
vt 0.343829 0.218370
vt 0.348476 0.217050
vt 0.202854 0.223952
vt 0.344484 0.210988
vt 0.349154 0.209995
vt 0.202215 0.216934
vt 0.200888 0.243856
vt 0.345763 0.238512
vt 0.351308 0.236662
vt 0.353371 0.274384
vt 0.352214 0.269910
vt 0.361254 0.273866
vt 0.361433 0.269765
vt 0.195291 0.277816
vt 0.196568 0.284293
vt 0.351404 0.265407
vt 0.360897 0.264339
vt 0.194850 0.272304
vt 0.350693 0.261119
vt 0.360293 0.259597
vt 0.194847 0.267526
vt 0.349613 0.254773
vt 0.358298 0.252147
vt 0.195994 0.259923
vt 0.347529 0.245741
vt 0.354276 0.243812
vt 0.198857 0.251251
vt 0.239033 0.174984
vt 0.240824 0.171314
vt 0.237001 0.171838
vt 0.236312 0.176380
vt 0.238276 0.167030
vt 0.243320 0.165599
vt 0.244993 0.159087
vt 0.240094 0.159993
vt 0.208745 0.170732
vt 0.210845 0.175404
vt 0.215449 0.175265
vt 0.324482 0.188549
vt 0.332144 0.186313
vt 0.317133 0.189328
vt 0.310272 0.187811
vt 0.303257 0.183948
vt 0.331625 0.183489
vt 0.324148 0.185814
vt 0.316988 0.186544
vt 0.310328 0.184951
vt 0.303441 0.180839
vt 0.296943 0.173788
vt 0.232097 0.177976
vt 0.208633 0.157074
vt 0.209975 0.152737
vt 0.207888 0.163921
vt 0.215960 0.178853
vt 0.212739 0.177984
vt 0.220642 0.179588
vt 0.226345 0.179209
vt 0.206034 0.318356
vt 0.211410 0.323287
vt 0.219254 0.325262
vt 0.227241 0.325906
vt 0.235117 0.326048
vt 0.243205 0.325560
vt 0.251274 0.324115
vt 0.256947 0.322483
vt 0.261379 0.318983
vt 0.202889 0.310904
vt 0.202548 0.301155
vt 0.205759 0.291985
vt 0.261967 0.289719
vt 0.265258 0.310962
vt 0.266113 0.299912
vt 0.285124 0.162498
vt 0.277161 0.161140
vt 0.291506 0.165328
vt 0.297492 0.171104
vt 0.303813 0.178444
vt 0.310384 0.182383
vt 0.316720 0.184116
vt 0.323734 0.183768
vt 0.330870 0.181670
vt 0.338642 0.177761
vt 0.345878 0.172179
vt 0.353535 0.168231
vt 0.359946 0.167236
vt 0.203131 0.180042
vt 0.194024 0.175149
vt 0.209192 0.183190
vt 0.214888 0.184882
vt 0.220134 0.185890
vt 0.226197 0.185485
vt 0.232015 0.184204
vt 0.237610 0.182522
vt 0.242341 0.179499
vt 0.247061 0.174617
vt 0.253539 0.167277
vt 0.285250 0.161114
vt 0.277561 0.159515
vt 0.292005 0.164175
vt 0.297848 0.170193
vt 0.304143 0.177743
vt 0.310614 0.181347
vt 0.316729 0.182957
vt 0.323504 0.182790
vt 0.330424 0.180752
vt 0.338199 0.176807
vt 0.345409 0.171118
vt 0.353358 0.166878
vt 0.359511 0.165781
vn 0.451795 -0.865024 0.218208
vn 0.448085 -0.868282 0.212853
vn 0.226449 -0.961631 0.154878
vn 0.174873 -0.972778 0.152062
vn 0.280991 -0.953253 0.111141
vn 0.447416 -0.882789 0.143186
vn 0.164809 -0.963155 -0.212533
vn 0.281932 -0.959433 -0.001588
vn 0.431176 -0.901868 -0.026849
vn 0.315402 -0.890999 -0.326560
vn -0.022420 -0.996195 0.084214
vn 0.029154 -0.995688 0.088063
vn 0.073625 -0.995742 0.055479
vn 0.070650 -0.989206 -0.128374
vn 0.094750 -0.995498 -0.002358
vn -0.122677 -0.991448 0.044522
vn -0.093735 -0.994576 0.045079
vn -0.053208 -0.998535 0.009826
vn 0.019559 -0.993743 -0.109964
vn -0.006305 -0.999486 -0.031432
vn -0.242042 -0.970013 0.022149
vn -0.220771 -0.975254 0.011868
vn -0.185310 -0.981939 -0.038160
vn -0.046051 -0.987476 -0.150898
vn -0.123406 -0.988259 -0.090082
vn -0.420374 -0.907350 0.001050
vn -0.387015 -0.921756 -0.024197
vn -0.327087 -0.940419 -0.092874
vn -0.136373 -0.962021 -0.236471
vn -0.241496 -0.956911 -0.161248
vn -0.630810 -0.775776 -0.015842
vn -0.602305 -0.795633 -0.064777
vn -0.541677 -0.825199 -0.160104
vn -0.348524 -0.873256 -0.340521
vn -0.451958 -0.858272 -0.243111
vn 0.435471 -0.864371 0.251452
vn 0.111083 -0.978401 0.174331
vn -0.098779 -0.991656 0.082834
vn -0.139842 -0.989404 0.039039
vn -0.232583 -0.971618 0.043160
vn -0.419617 -0.905999 0.055561
vn -0.637180 -0.768194 0.062281
vn -0.031882 -0.927321 -0.372906
vn -0.255435 -0.828236 -0.498777
vn 0.006567 -0.961175 -0.275863
vn 0.010481 -0.967111 -0.254137
vn 0.012205 -0.945865 -0.324332
vn -0.003170 -0.884956 -0.465664
vn 0.140186 -0.776318 -0.614556
vn 0.586089 -0.733163 -0.344924
vn 0.588194 -0.807896 -0.036496
vn 0.622331 -0.771802 0.130480
vn 0.679391 -0.698991 0.223249
vn 0.712590 -0.654112 0.253679
vn 0.700920 -0.644709 0.305061
vn -0.142993 -0.856880 -0.495287
vn 0.032397 -0.836098 -0.547622
vn 0.642672 -0.600314 -0.476021
vn 0.587854 -0.804899 -0.081032
vn -0.048967 -0.966789 -0.250842
vn -0.280069 -0.951782 0.125187
vn -0.255044 -0.965534 -0.051939
vn -0.194895 -0.971261 0.136634
vn -0.285059 -0.919531 0.270562
vn 0.425085 -0.887559 0.177601
vn -0.066702 -0.990777 -0.117947
vn -0.057246 -0.910437 -0.409668
vn -0.127549 -0.990172 0.057365
vn -0.121698 -0.982567 -0.140541
vn -0.163264 -0.894024 0.417212
vn -0.082280 -0.919541 0.384285
vn -0.105368 -0.976044 0.190355
vn -0.247256 -0.937968 0.243064
vn -0.007462 -0.935795 -0.352466
vn 0.097998 -0.995121 0.011431
vn 0.050784 -0.977530 -0.204589
vn 0.035367 -0.926778 -0.373940
vn 0.290904 -0.956524 -0.020915
vn 0.197147 -0.948119 -0.249406
vn 0.048021 -0.883581 -0.465811
vn 0.379801 -0.924981 0.012697
vn 0.295451 -0.928649 -0.224322
vn 0.215045 -0.953354 0.211828
vn 0.048097 -0.998795 -0.009793
vn -0.213486 -0.791655 -0.572456
vn -0.154523 -0.809921 0.565818
vn -0.483630 -0.799577 0.356060
vn 0.576754 -0.538432 -0.614366
vn 0.128256 -0.872663 -0.471179
vn 0.152508 -0.639562 -0.753460
vn 0.284526 -0.561432 -0.777071
vn 0.281444 -0.820315 -0.497869
vn 0.270776 -0.883830 -0.381477
vn 0.127566 -0.903852 -0.408385
vn 0.331174 -0.930237 -0.158063
vn 0.123078 -0.953927 -0.273633
vn 0.394938 -0.912220 0.108988
vn 0.099879 -0.994635 -0.026938
vn 0.420360 -0.873751 0.244657
vn 0.075459 -0.985096 0.154568
vn 0.085166 -0.861459 -0.500636
vn 0.142056 -0.632290 -0.761596
vn 0.071179 -0.907864 -0.413178
vn -0.009631 -0.968968 -0.246999
vn -0.123495 -0.991471 -0.041649
vn -0.160688 -0.984504 0.070220
vn 0.038065 -0.851535 -0.522914
vn 0.138136 -0.621310 -0.771293
vn -0.009201 -0.916919 -0.398969
vn -0.071187 -0.979148 -0.190269
vn -0.116756 -0.993158 0.002404
vn -0.138520 -0.988918 0.053418
vn -0.092677 -0.833020 -0.545426
vn 0.007791 -0.609599 -0.792672
vn -0.125475 -0.904743 -0.407057
vn -0.139478 -0.966278 -0.216456
vn -0.142955 -0.989563 0.018145
vn -0.179576 -0.979128 0.095193
vn -0.252565 -0.792803 -0.554683
vn -0.112972 -0.608429 -0.785526
vn -0.299315 -0.847750 -0.437871
vn -0.354537 -0.904717 -0.236202
vn -0.385337 -0.921165 0.054498
vn -0.391258 -0.908603 0.146145
vn -0.421056 -0.709140 -0.565537
vn -0.247142 -0.558440 -0.791875
vn -0.482753 -0.751686 -0.449352
vn -0.585507 -0.790157 -0.181201
vn -0.630229 -0.768101 0.113284
vn -0.628375 -0.758433 0.172987
vn 0.015780 0.490768 -0.871147
vn 0.126642 0.078428 -0.988843
vn 0.158095 0.007790 -0.987393
vn 0.124394 0.486616 -0.864714
vn 0.257473 0.456466 -0.851673
vn 0.235887 -0.012886 -0.971695
vn 0.360088 0.380655 -0.851726
vn 0.283406 -0.054413 -0.957455
vn 0.320071 0.267618 -0.908810
vn 0.183827 -0.117249 -0.975941
vn 0.215723 0.180179 -0.959687
vn 0.098978 -0.147488 -0.984099
vn 0.235201 0.151428 -0.960078
vn 0.097134 -0.117139 -0.988354
vn 0.676323 -0.659550 0.327997
vn 0.671242 -0.694179 0.259903
vn 0.690283 -0.723153 0.023656
vn 0.667805 -0.682715 -0.296542
vn 0.628902 -0.554283 -0.545209
vn 0.489022 -0.230345 -0.841308
vn -0.056393 0.557151 -0.828494
vn 0.082415 0.296852 -0.951361
vn 0.066054 0.325112 -0.943366
vn 0.013938 0.013509 -0.999812
vn -0.212512 0.008764 -0.977119
vn -0.197136 0.292346 -0.935773
vn 0.106327 0.507168 -0.855263
vn -0.135935 0.507848 -0.850654
vn 0.116121 0.570210 -0.813250
vn 0.211960 0.337606 -0.917112
vn 0.141865 0.016176 -0.989754
vn 0.238413 0.503192 -0.830636
vn 0.252300 0.553062 -0.794019
vn 0.312839 0.353398 -0.881613
vn 0.227905 0.068937 -0.971240
vn 0.358641 0.514411 -0.778947
vn 0.382985 0.529515 -0.756926
vn 0.383906 0.378221 -0.842357
vn 0.314599 0.157241 -0.936111
vn 0.405426 0.532496 -0.743019
vn 0.392587 0.486975 -0.780212
vn 0.425913 0.373750 -0.823959
vn 0.407238 0.226964 -0.884672
vn 0.369089 0.507505 -0.778596
vn 0.288662 0.403416 -0.868291
vn 0.536921 0.298145 -0.789193
vn 0.539016 0.193465 -0.819776
vn 0.433429 0.409622 -0.802714
vn 0.310348 0.303687 -0.900810
vn -0.171234 -0.211101 -0.962349
vn -0.037631 -0.281234 -0.958901
vn 0.043885 -0.297398 -0.953744
vn 0.109045 -0.237963 -0.965134
vn 0.201062 -0.112680 -0.973076
vn 0.325681 0.026449 -0.945110
vn 0.460164 0.094818 -0.882756
vn 0.002690 0.422982 -0.906134
vn -0.054257 0.304462 -0.950978
vn -0.048181 0.139292 -0.989079
vn 0.684664 0.614364 0.392164
vn 0.651280 0.628901 0.424639
vn 0.408951 0.826156 0.387590
vn 0.449764 0.810857 0.374465
vn 0.387361 0.849686 0.357752
vn 0.634760 0.664579 0.394226
vn 0.638202 0.700261 0.319894
vn 0.389168 0.864633 0.317738
vn 0.658245 0.711046 0.247240
vn 0.406322 0.866583 0.289718
vn 0.689496 0.706992 -0.157346
vn 0.467135 0.870689 -0.153902
vn 0.348107 0.495219 -0.795977
vn 0.468342 0.455346 -0.757176
vn 0.240603 0.908914 0.340567
vn 0.225661 0.913035 0.339770
vn 0.210239 0.924614 0.317629
vn 0.192437 0.936348 0.293633
vn 0.172168 0.944334 0.280343
vn 0.194613 0.971697 -0.133904
vn 0.183438 0.586886 -0.788616
vn -0.012535 0.948274 0.317204
vn 0.007000 0.948002 0.318188
vn 0.019269 0.958544 0.284294
vn 0.009462 0.970302 0.241713
vn -0.024831 0.976885 0.212318
vn -0.042097 0.996319 -0.074672
vn -0.000487 0.741882 -0.670530
vn -0.256254 0.917367 0.304584
vn -0.217495 0.918568 0.330043
vn -0.172199 0.943187 0.284159
vn -0.151526 0.967984 0.200117
vn -0.165210 0.977277 0.132796
vn -0.167772 0.985022 -0.039789
vn -0.098708 0.845215 -0.525231
vn -0.438224 0.846805 0.301464
vn -0.392116 0.844281 0.365288
vn -0.333440 0.885234 0.324311
vn -0.280473 0.938725 0.200328
vn -0.252052 0.963228 0.093068
vn -0.227807 0.973632 -0.012024
vn -0.106948 0.903371 -0.415310
vn -0.626021 0.726598 0.283114
vn -0.581063 0.719315 0.380726
vn -0.535068 0.766146 0.355982
vn -0.479812 0.851002 0.213485
vn -0.413449 0.907856 0.069694
vn -0.359509 0.931819 -0.049672
vn -0.161470 0.891640 -0.422971
vn 0.700502 0.605567 0.377605
vn 0.470556 0.795929 0.380885
vn 0.241060 0.899013 0.365604
vn -0.025711 0.941237 0.336768
vn -0.267709 0.917873 0.292986
vn -0.454083 0.854740 0.251451
vn 0.156825 0.337825 -0.928052
vn 0.277853 0.426891 -0.860559
vn 0.061460 0.196033 -0.978669
vn 0.046313 0.036536 -0.998259
vn 0.078509 -0.083238 -0.993432
vn 0.084593 -0.104945 -0.990874
vn 0.025249 -0.005154 -0.999668
vn 0.852346 0.463212 -0.242777
vn 0.526837 0.370826 -0.764808
vn 0.882860 0.442805 0.156470
vn 0.859900 0.410586 0.303301
vn 0.840757 0.364133 0.400669
vn 0.844786 0.326359 0.424060
vn 0.873816 0.307705 0.376516
vn 0.889564 0.303785 0.341161
vn 0.611444 0.752190 0.245653
vn 0.660621 0.698633 0.274758
vn 0.427879 0.845293 0.319998
vn 0.378931 0.874493 0.302777
vn 0.468670 0.796795 0.381400
vn 0.455999 0.817924 0.350805
vn 0.691917 0.650072 0.314098
vn 0.702664 0.615578 0.356829
vn 0.160689 0.928309 0.335294
vn 0.203363 0.918917 0.337988
vn 0.232452 0.893858 0.383385
vn 0.223833 0.905891 0.359529
vn -0.007930 0.940177 0.340593
vn -0.003093 0.944126 0.329570
vn -0.020233 0.933778 0.357281
vn -0.007087 0.939731 0.341842
vn -0.154138 0.937977 0.310547
vn -0.186668 0.937215 0.294591
vn -0.246362 0.920565 0.303095
vn -0.213727 0.929821 0.299590
vn -0.314834 0.915024 0.252211
vn -0.364944 0.899969 0.238478
vn -0.439347 0.865296 0.241326
vn -0.406208 0.881880 0.239337
vn -0.500517 0.848175 0.173442
vn -0.563740 0.811152 0.155660
vn -0.644843 0.745110 0.170261
vn -0.615891 0.772272 0.155806
vn -0.647763 0.734899 0.200813
vn 0.557422 0.807417 0.193282
vn 0.326909 0.908648 0.259787
vn 0.111675 0.946283 0.303442
vn -0.019344 0.946765 0.321343
vn -0.115473 0.946369 0.301747
vn -0.258614 0.934189 0.245782
vn -0.442586 0.880846 0.168010
vn 0.895870 0.324653 0.303345
vn 0.894705 0.372238 0.246863
vn 0.874160 0.444467 0.195689
vn 0.829224 0.537019 0.154912
vn 0.777816 0.620421 0.100402
vn 0.293486 0.944486 0.147688
vn 0.305336 0.947567 0.094276
vn 0.537588 0.829445 0.151726
vn 0.514760 0.839568 0.173631
vn 0.298066 0.935125 0.191566
vn 0.521648 0.839849 0.150123
vn 0.062749 0.986353 0.152218
vn 0.057559 0.994826 0.083714
vn 0.079403 0.969917 0.230121
vn -0.064271 0.980311 0.186706
vn -0.080825 0.990011 0.115521
vn -0.039930 0.962513 0.268279
vn -0.095357 0.973194 0.209285
vn -0.097040 0.986114 0.134768
vn -0.093925 0.955390 0.280014
vn -0.216260 0.953727 0.208894
vn -0.234884 0.963254 0.130273
vn -0.219194 0.942260 0.253180
vn -0.427509 0.878301 0.214064
vn -0.481614 0.856859 0.183959
vn -0.412512 0.889240 0.197703
vn -0.076182 0.761478 0.643698
vn -0.166239 0.876313 0.452151
vn -0.405535 0.781076 0.474829
vn -0.256493 0.711029 0.654713
vn 0.747028 0.659845 0.080954
vn 0.725135 0.668587 0.164832
vn 0.714050 0.660949 0.230821
vn 0.363959 0.473799 0.801903
vn 0.563916 0.591669 0.576131
vn 0.405604 0.794681 0.451628
vn 0.251758 0.710144 0.657506
vn 0.024042 -0.544295 0.838549
vn 0.424589 -0.477200 0.769419
vn 0.598107 0.216595 0.771592
vn 0.273612 0.016130 0.961705
vn 0.071955 -0.903115 0.423328
vn -0.171638 -0.837361 0.519006
vn -0.073997 -0.150358 0.985859
vn -0.177109 -0.105293 0.978543
vn -0.108689 -0.666050 0.737946
vn -0.100288 -0.676429 0.729648
vn 0.166197 0.900139 0.402652
vn 0.036101 0.800895 0.597715
vn 0.120523 -0.910549 0.395443
vn 0.128665 -0.976403 0.173444
vn -0.055077 -0.021651 0.998247
vn 0.058262 -0.621025 0.781622
vn -0.126648 0.480971 0.867541
vn -0.215630 0.460896 0.860859
vn -0.122890 0.790321 0.600242
vn -0.044068 0.911582 0.408750
vn -0.111527 0.897015 0.427699
vn -0.116373 0.770976 0.626141
vn 0.374352 -0.831485 0.410481
vn 0.355031 -0.917156 0.181046
vn 0.120354 0.066511 0.990501
vn 0.304419 -0.522547 0.796413
vn 0.013255 0.483129 0.875449
vn -0.066146 0.893632 0.443899
vn -0.036686 0.762218 0.646280
vn -0.410009 -0.271025 0.870883
vn -0.750345 -0.161272 0.641073
vn -0.448061 0.293890 0.844317
vn -0.660755 0.414878 0.625524
vn -0.559362 0.634603 0.533285
vn -0.402170 0.562917 0.722069
vn 0.294029 -0.912709 0.283742
vn 0.420411 -0.882492 0.210860
vn 0.407180 -0.775316 0.482794
vn 0.143927 -0.803224 0.578028
vn 0.874228 0.372629 0.311243
vn 0.912009 0.399025 0.094967
vn 0.892868 -0.291385 0.343339
vn 0.988448 -0.149047 0.027477
vn -0.831584 -0.550721 0.071939
vn -0.968357 -0.226295 0.105244
vn -0.946458 -0.215329 0.240522
vn -0.816173 -0.543805 0.195288
vn -0.932608 0.194522 0.303979
vn -0.966829 0.190595 0.170044
vn -0.776886 0.517918 0.358063
vn -0.816132 0.526174 0.238893
vn -0.814124 -0.553948 0.174198
vn -0.952216 -0.197171 0.233257
vn -0.930469 0.226359 0.288077
vn -0.760517 0.554948 0.337115
vn -0.989433 -0.142885 -0.024617
vn -0.815839 -0.568965 -0.103373
vn -0.946034 0.316612 0.069113
vn -0.746654 0.644232 0.165749
vn -0.933701 -0.088873 -0.346848
vn -0.731576 -0.518314 -0.442884
vn -0.916058 0.370826 -0.152730
vn -0.698138 0.715960 0.002290
vn -0.835662 -0.054799 -0.546503
vn -0.663175 -0.456064 -0.593469
vn -0.822567 0.415903 -0.387825
vn -0.605468 0.773607 -0.186925
vn -0.535136 0.081578 -0.840818
vn -0.463184 -0.305446 -0.831963
vn -0.423994 0.483505 -0.765802
vn -0.276420 0.767948 -0.577796
vn 0.081261 0.065085 -0.994566
vn 0.151621 0.287003 -0.945855
vn 0.287646 0.376240 -0.880740
vn 0.342856 0.427408 -0.836524
vn -0.838728 0.527979 0.133321
vn -0.981449 0.185399 0.048846
vn -0.970856 -0.239180 -0.015191
vn -0.824761 -0.564804 -0.027678
vn -0.628632 -0.664437 -0.404159
vn -0.909591 -0.216716 -0.354512
vn -0.923936 -0.251924 -0.287883
vn -0.695524 -0.651278 -0.303453
vn -0.942708 0.303696 -0.138093
vn -0.912180 0.387644 -0.132891
vn -0.762922 0.645602 0.033899
vn -0.701033 0.710487 0.061331
vn -0.797974 -0.594020 -0.101872
vn -0.754539 -0.622456 -0.207890
vn -0.945468 -0.259902 -0.196320
vn -0.962335 -0.252349 -0.101153
vn -0.966939 0.238192 -0.091067
vn -0.979251 0.201220 -0.024061
vn -0.814832 0.578028 0.043947
vn -0.839417 0.537272 0.081962
vn -0.662560 0.745921 0.067936
vn -0.880640 0.461487 -0.107249
vn -0.913345 -0.106239 -0.393082
vn -0.602554 -0.593512 -0.533547
vn -0.746522 -0.567434 -0.347452
vn -0.768322 -0.633176 -0.093653
vn -0.986385 -0.011167 0.164074
vn -0.997316 0.013146 -0.072032
vn -0.824552 0.500549 0.263749
vn -0.850186 0.509687 0.131919
vn -0.670046 0.697535 0.253936
vn -0.662259 0.721917 0.200622
vn -0.655293 -0.530623 -0.537615
vn -0.949371 0.000195 -0.314158
vn -0.864057 0.502767 -0.025121
vn -0.658669 0.743815 0.113553
vn -0.217748 -0.820476 -0.528587
vn 0.914428 -0.150610 -0.375683
vn 0.966945 -0.053254 -0.249361
vn 0.924977 0.376068 -0.054679
vn 0.955959 0.279590 -0.089282
vn 0.994123 0.107641 -0.011497
vn 0.890086 -0.401644 -0.215475
vn 0.890222 -0.369588 0.266287
vn 0.887490 -0.409967 0.210449
vn 0.970110 -0.048760 0.237715
vn 0.955535 -0.048006 0.290944
vn 0.876464 -0.466028 0.120946
vn 0.985641 -0.032656 0.165667
vn 0.863038 -0.505135 0.001911
vn 0.996041 -0.003572 0.088823
vn 0.934170 -0.027942 0.355734
vn 0.873624 -0.346486 0.341657
vn 0.555560 0.161715 -0.815599
vn 0.870779 -0.105901 -0.480134
vn 0.533367 0.302785 -0.789836
vn 0.904930 0.217755 -0.365629
vn 0.961095 -0.243439 -0.130516
vn 0.990375 0.135528 0.028090
vn 0.939595 -0.299832 0.165112
vn 0.963293 0.087011 0.253962
vn 0.879267 -0.325342 0.347912
vn 0.921576 0.042675 0.385845
vn 0.857086 -0.334834 0.391523
vn 0.909803 0.003656 0.415025
vn -0.113231 0.636785 0.762682
vn -0.168607 0.497600 0.850862
vn 0.005946 0.469452 0.882938
vn -0.003876 0.636912 0.770927
vn 0.070672 0.136950 0.988054
vn -0.185761 0.208731 0.960169
vn -0.068163 -0.354884 0.932422
vn 0.273625 -0.430816 0.859958
vn 0.089708 -0.120790 0.988616
vn 0.154652 0.406353 0.900533
vn -0.076634 0.414235 0.906938
vn -0.102421 -0.923117 -0.370627
vn -0.222314 -0.908511 -0.353815
vn -0.010387 -0.927949 -0.372564
vn 0.062463 -0.907897 -0.414514
vn 0.103104 -0.860349 -0.499168
vn -0.187294 -0.921858 -0.339263
vn -0.083941 -0.909300 -0.407588
vn 0.002898 -0.901842 -0.432056
vn 0.077063 -0.878255 -0.471943
vn 0.141786 -0.853103 -0.502108
vn -0.196163 -0.895406 -0.399711
vn -0.007419 0.637822 0.770148
vn -0.209854 -0.850789 0.481787
vn -0.288579 -0.906307 0.308755
vn -0.072049 -0.631957 0.771647
vn -0.047146 0.690970 0.721344
vn 0.136309 0.647753 0.749557
vn -0.189268 0.687310 0.701272
vn -0.128930 0.655160 0.744408
vn -0.943860 -0.046439 0.327064
vn -0.789582 0.481922 0.379883
vn -0.718373 -0.690780 0.082236
vn -0.142742 -0.955083 -0.259693
vn 0.188066 -0.880815 -0.434506
vn 0.115239 -0.892508 -0.436061
vn 0.022007 -0.918620 -0.394530
vn -0.089053 -0.935258 -0.342582
vn -0.190768 -0.946964 -0.258585
vn -0.079931 -0.996222 -0.033941
vn 0.314120 -0.907141 0.280041
vn 0.755665 -0.380015 0.533440
vn 0.814127 0.320790 0.484037
vn 0.701905 0.644025 0.304238
vn 0.532626 0.826793 0.180894
vn 0.284366 0.948774 0.137711
vn 0.030849 0.986506 0.160792
vn -0.098995 0.971630 0.214790
vn -0.085297 0.967821 0.236742
vn -0.229676 0.948037 0.220170
vn -0.502749 0.824624 0.259305
vn -0.661581 0.670292 0.336183
s 1
g Feet M_Skeleton L_F_Proximal_Phalanx_1
usemtl Skeleton_Feet_SG
f 291/324/291 292/325/292 293/326/293 294/327/294
f 295/328/295 293/326/293 292/325/292 296/329/296
f 297/330/297 298/331/298 299/332/299 300/333/300
f 301/334/301 294/327/294 293/326/293 302/335/302
f 295/328/295 303/336/303 302/335/302 293/326/293
f 297/330/297 304/337/304 305/338/305 298/331/298
f 306/339/306 301/334/301 302/335/302 307/340/307
f 308/341/308 307/340/307 302/335/302 303/336/303
f 309/342/309 310/343/310 305/338/305 304/337/304
f 311/344/311 306/339/306 307/340/307 312/345/312
f 313/346/313 312/345/312 307/340/307 308/341/308
f 314/347/314 315/348/315 310/343/310 309/342/309
f 316/349/316 311/344/311 312/345/312 317/350/317
f 318/351/318 317/350/317 312/345/312 313/346/313
f 319/352/319 320/353/320 315/348/315 314/347/314
f 321/354/321 316/349/316 317/350/317 322/355/322
f 323/356/323 322/355/322 317/350/317 318/351/318
f 324/357/324 325/358/325 320/353/320 319/352/319
f 326/359/326 291/324/291 294/327/294 327/360/327
f 328/361/328 327/360/327 294/327/294 301/334/301
f 329/362/329 328/361/328 301/334/301 306/339/306
f 330/363/330 329/362/329 306/339/306 311/344/311
f 331/364/331 330/363/330 311/344/311 316/349/316
f 332/365/332 331/364/331 316/349/316 321/354/321
f 319/352/319 333/366/333 334/367/334 324/357/324
f 335/368/335 333/366/333 319/352/319 314/347/314
f 336/369/336 335/368/335 314/347/314 309/342/309
f 337/370/337 336/369/336 309/342/309 304/337/304
f 338/371/338 337/370/337 304/337/304 297/330/297
f 339/372/339 338/371/338 297/330/297 300/333/300
f 340/373/340 300/333/300 299/332/299 341/374/341
f 342/375/342 296/329/296 292/325/292 343/376/343
f 343/376/343 292/325/292 291/324/291 344/377/344
f 344/377/344 291/324/291 326/359/326 345/378/345
f 346/379/346 338/371/338 339/372/339 347/380/347
f 347/380/347 348/381/348 349/382/349 350/383/350
f 351/384/351 352/385/352 353/386/353 354/387/354
f 349/382/349 355/388/355 356/389/356 350/383/350
f 357/390/357 337/370/337 338/371/338 346/379/346
f 358/391/358 359/392/359 352/385/352 351/384/351
f 360/393/360 361/394/361 362/395/362 363/396/363
f 364/397/364 336/369/336 337/370/337 357/390/357
f 365/398/365 366/399/366 359/392/359 358/391/358
f 367/400/367 335/368/335 336/369/336 364/397/364
f 368/401/368 369/402/369 366/399/366 365/398/365
f 370/403/370 333/366/333 335/368/335 367/400/367
f 371/404/371 372/405/372 369/402/369 368/401/368
f 373/406/373 374/407/374 372/405/372 371/404/371
f 334/367/334 333/366/333 370/403/370 375/408/375
f 376/409/376 377/410/377 374/407/374 373/406/373
f 348/381/348 347/380/347 339/372/339 378/411/378
f 340/373/340 378/411/378 339/372/339 300/333/300
f 379/412/379 380/413/380 381/414/381 382/415/382
f 382/415/382 383/416/383 384/417/384 379/412/379
f 383/416/383 385/418/385 386/419/386 384/417/384
f 385/418/385 387/420/387 388/421/388 386/419/386
f 387/420/387 389/422/389 390/423/390 388/421/388
f 327/360/327 390/423/390 389/422/389 326/359/326
f 391/424/391 392/425/392 380/413/380 379/412/379
f 391/424/391 379/412/379 384/417/384 393/426/393
f 393/426/393 384/417/384 386/419/386 394/427/394
f 394/427/394 386/419/386 388/421/388 395/428/395
f 395/428/395 388/421/388 390/423/390 396/429/396
f 327/360/327 328/361/328 396/429/396 390/423/390
f 397/430/397 398/431/398 392/425/392 391/424/391
f 397/430/397 391/424/391 393/426/393 399/432/399
f 399/432/399 393/426/393 394/427/394 400/433/400
f 400/433/400 394/427/394 395/428/395 401/434/401
f 401/434/401 395/428/395 396/429/396 402/435/402
f 329/362/329 402/435/402 396/429/396 328/361/328
f 403/436/403 404/437/404 398/431/398 397/430/397
f 403/436/403 397/430/397 399/432/399 405/438/405
f 405/438/405 399/432/399 400/433/400 406/439/406
f 406/439/406 400/433/400 401/434/401 407/440/407
f 407/440/407 401/434/401 402/435/402 408/441/408
f 330/363/330 408/441/408 402/435/402 329/362/329
f 409/442/409 410/443/410 404/437/404 403/436/403
f 409/442/409 403/436/403 405/438/405 411/444/411
f 411/444/411 405/438/405 406/439/406 412/445/412
f 412/445/412 406/439/406 407/440/407 413/446/413
f 413/446/413 407/440/407 408/441/408 414/447/414
f 331/364/331 414/447/414 408/441/408 330/363/330
f 415/448/415 416/449/416 410/443/410 409/442/409
f 415/448/415 409/442/409 411/444/411 417/450/417
f 417/450/417 411/444/411 412/445/412 418/451/418
f 418/451/418 412/445/412 413/446/413 419/452/419
f 419/452/419 413/446/413 414/447/414 420/453/420
f 332/365/332 420/453/420 414/447/414 331/364/331
f 421/454/421 422/455/422 423/456/423 424/457/424
f 425/458/425 424/457/424 423/456/423 426/459/426
f 427/460/427 425/458/425 426/459/426 428/461/428
f 429/462/429 427/460/427 428/461/428 430/463/430
f 431/464/431 429/462/429 430/463/430 432/465/432
f 433/466/433 431/464/431 432/465/432 434/467/434
f 345/378/345 326/359/326 389/422/389 435/468/435
f 435/468/435 389/422/389 387/420/387 436/469/436
f 436/469/436 387/420/387 385/418/385 437/470/437
f 437/470/437 385/418/385 383/416/383 438/471/438
f 438/471/438 383/416/383 382/415/382 439/472/439
f 382/415/382 381/414/381 440/473/440 439/472/439
f 422/455/422 421/454/421 441/474/441 442/475/442
f 443/476/443 444/477/444 445/478/445 446/479/446
f 447/480/447 443/476/443 446/479/446 448/481/448
f 449/482/449 447/480/447 448/481/448 441/474/441
f 450/483/450 451/484/451 444/477/444 443/476/443
f 447/480/447 452/485/452 450/483/450 443/476/443
f 449/482/449 453/486/453 452/485/452 447/480/447
f 454/487/454 455/488/455 451/484/451 450/483/450
f 456/489/456 454/487/454 450/483/450 452/485/452
f 457/490/457 456/489/456 452/485/452 453/486/453
f 458/491/458 459/492/459 455/488/455 454/487/454
f 460/493/460 458/491/458 454/487/454 456/489/456
f 461/494/461 460/493/460 456/489/456 457/490/457
f 462/495/462 463/496/463 459/492/459 458/491/458
f 464/497/464 462/495/462 458/491/458 460/493/460
f 465/498/465 464/497/464 460/493/460 461/494/461
f 466/499/466 467/500/467 463/496/463 462/495/462
f 468/501/468 466/499/466 462/495/462 464/497/464
f 469/502/469 468/501/468 464/497/464 465/498/465
f 470/503/470 445/478/445 444/477/444 471/504/471
f 472/505/472 471/504/471 444/477/444 451/484/451
f 473/506/473 472/505/472 451/484/451 455/488/455
f 474/507/474 473/506/473 455/488/455 459/492/459
f 475/508/475 474/507/474 459/492/459 463/496/463
f 476/509/476 475/508/475 463/496/463 467/500/467
f 465/498/465 431/464/431 433/466/433 469/502/469
f 431/464/431 465/498/465 461/494/461 429/462/429
f 429/462/429 461/494/461 457/490/457 427/460/427
f 427/460/427 457/490/457 453/486/453 425/458/425
f 449/482/449 424/457/424 425/458/425 453/486/453
f 424/457/424 449/482/449 441/474/441 421/454/421
f 442/475/442 441/474/441 448/481/448 477/510/477
f 477/510/477 448/481/448 446/479/446 478/511/478
f 478/511/478 446/479/446 445/478/445 479/512/479
f 480/513/480 481/514/481 482/515/482 483/516/483
f 484/517/484 482/515/482 481/514/481 485/518/485
f 485/518/485 486/519/486 487/520/487 484/517/484
f 486/519/486 488/521/488 489/522/489 487/520/487
f 488/521/488 490/523/490 491/524/491 489/522/489
f 492/525/492 491/524/491 490/523/490 493/526/493
f 494/527/494 483/516/483 482/515/482 495/528/495
f 484/517/484 496/529/496 495/528/495 482/515/482
f 496/529/496 484/517/484 487/520/487 497/530/497
f 497/530/497 487/520/487 489/522/489 498/531/498
f 498/531/498 489/522/489 491/524/491 499/532/499
f 492/525/492 500/533/500 499/532/499 491/524/491
f 501/534/501 494/527/494 495/528/495 502/535/502
f 503/536/503 502/535/502 495/528/495 496/529/496
f 503/536/503 496/529/496 497/530/497 504/537/504
f 504/537/504 497/530/497 498/531/498 505/538/505
f 505/538/505 498/531/498 499/532/499 506/539/506
f 499/532/499 500/533/500 507/540/507 506/539/506
f 508/541/508 501/534/501 502/535/502 509/542/509
f 510/543/510 509/542/509 502/535/502 503/536/503
f 510/543/510 503/536/503 504/537/504 511/544/511
f 511/544/511 504/537/504 505/538/505 512/545/512
f 512/545/512 505/538/505 506/539/506 513/546/513
f 506/539/506 507/540/507 514/547/514 513/546/513
f 515/548/515 508/541/508 509/542/509 516/549/516
f 517/550/517 516/549/516 509/542/509 510/543/510
f 517/550/517 510/543/510 511/544/511 518/551/518
f 518/551/518 511/544/511 512/545/512 519/552/519
f 519/552/519 512/545/512 513/546/513 520/553/520
f 513/546/513 514/547/514 521/554/521 520/553/520
f 522/555/522 515/548/515 516/549/516 523/556/523
f 524/557/524 523/556/523 516/549/516 517/550/517
f 524/557/524 517/550/517 518/551/518 525/558/525
f 525/558/525 518/551/518 519/552/519 526/559/526
f 526/559/526 519/552/519 520/553/520 527/560/527
f 520/553/520 521/554/521 528/561/528 527/560/527
f 529/562/529 480/513/480 483/516/483 530/563/530
f 494/527/494 531/564/531 530/563/530 483/516/483
f 531/564/531 494/527/494 501/534/501 532/565/532
f 532/565/532 501/534/501 508/541/508 533/566/533
f 533/566/533 508/541/508 515/548/515 534/567/534
f 535/568/535 475/508/475 476/509/476 536/569/536
f 475/508/475 535/568/535 537/570/537 474/507/474
f 474/507/474 537/570/537 538/571/538 473/506/473
f 473/506/473 538/571/538 539/572/539 472/505/472
f 540/573/540 471/504/471 472/505/472 539/572/539
f 471/504/471 540/573/540 541/574/541 470/503/470
f 445/478/445 470/503/470 541/574/541 479/512/479
f 542/575/542 543/576/543 493/526/493 490/523/490
f 542/575/542 490/523/490 488/521/488 544/577/544
f 544/577/544 488/521/488 486/519/486 545/578/545
f 545/578/545 486/519/486 485/518/485 546/579/546
f 546/579/546 485/518/485 481/514/481 547/580/547
f 547/580/547 481/514/481 480/513/480 548/581/548
f 549/582/549 548/581/548 480/513/480 529/562/529
f 550/583/550 551/584/551 552/585/552 553/586/553
f 554/587/554 555/588/555 556/589/556 557/590/557
f 530/563/530 554/587/554 557/590/557 529/562/529
f 558/591/558 553/586/553 552/585/552 559/592/559
f 554/587/554 560/593/560 561/594/561 555/588/555
f 530/563/530 531/564/531 560/593/560 554/587/554
f 562/595/562 558/591/558 559/592/559 563/596/563
f 564/597/564 565/598/565 561/594/561 560/593/560
f 532/565/532 564/597/564 560/593/560 531/564/531
f 566/599/566 562/595/562 563/596/563 567/600/567
f 568/601/568 569/602/569 565/598/565 564/597/564
f 533/566/533 568/601/568 564/597/564 532/565/532
f 570/603/570 566/599/566 567/600/567 571/604/571
f 572/605/572 573/606/573 569/602/569 568/601/568
f 534/567/534 572/605/572 568/601/568 533/566/533
f 574/607/574 570/603/570 571/604/571 575/608/575
f 576/609/576 577/610/577 573/606/573 572/605/572
f 578/611/578 576/609/576 572/605/572 534/567/534
f 579/612/579 550/583/550 553/586/553 580/613/580
f 581/614/581 580/613/580 553/586/553 558/591/558
f 582/615/582 581/614/581 558/591/558 562/595/562
f 583/616/583 582/615/582 562/595/562 566/599/566
f 584/617/584 583/616/583 566/599/566 570/603/570
f 585/618/585 584/617/584 570/603/570 574/607/574
f 534/567/534 515/548/515 522/555/522 578/611/578
f 549/582/549 529/562/529 557/590/557 586/619/586
f 586/619/586 557/590/557 556/589/556 587/620/587
f 588/621/588 551/584/551 550/583/550 589/622/589
f 589/622/589 550/583/550 579/612/579 590/623/590
f 591/624/591 592/625/592 593/626/593 594/627/594
f 595/628/595 591/624/591 594/627/594 596/629/596
f 580/613/580 595/628/595 596/629/596 579/612/579
f 597/630/597 598/631/598 592/625/592 591/624/591
f 599/632/599 597/630/597 591/624/591 595/628/595
f 581/614/581 599/632/599 595/628/595 580/613/580
f 600/633/600 601/634/601 598/631/598 597/630/597
f 602/635/602 600/633/600 597/630/597 599/632/599
f 582/615/582 602/635/602 599/632/599 581/614/581
f 603/636/603 604/637/604 601/634/601 600/633/600
f 605/638/605 603/636/603 600/633/600 602/635/602
f 583/616/583 605/638/605 602/635/602 582/615/582
f 606/639/606 607/640/607 604/637/604 603/636/603
f 608/641/608 606/639/606 603/636/603 605/638/605
f 584/617/584 608/641/608 605/638/605 583/616/583
f 609/642/609 610/643/610 607/640/607 606/639/606
f 611/644/611 609/642/609 606/639/606 608/641/608
f 585/618/585 611/644/611 608/641/608 584/617/584
f 612/645/612 613/646/613 614/647/614 615/648/615
f 590/623/590 579/612/579 596/629/596 616/649/616
f 616/649/616 596/629/596 594/627/594 617/650/617
f 594/627/594 593/626/593 618/651/618 617/650/617
f 619/652/619 620/653/620 621/654/621 622/655/622
f 623/656/623 624/657/624 625/658/625 626/659/626
f 626/659/626 625/658/625 620/653/620 619/652/619
f 354/387/354 353/386/353 627/660/627 628/661/628
f 629/662/629 630/663/630 631/664/631 632/665/632
f 622/655/622 621/654/621 633/666/633 634/667/634
f 362/395/362 361/394/361 635/668/635 636/669/636
f 637/670/637 638/671/638 631/664/631 630/663/630
f 639/672/639 637/670/637 630/663/630 640/673/640
f 641/674/641 642/675/642 643/676/643 644/677/644
f 636/669/636 635/668/635 645/678/645 646/679/646
f 647/680/647 648/681/648 638/671/638 637/670/637
f 649/682/649 647/680/647 637/670/637 639/672/639
f 644/677/644 643/676/643 650/683/650 651/684/651
f 652/685/652 653/686/653 377/410/377 376/409/376
f 654/687/654 655/688/655 653/686/653 652/685/652
f 615/648/615 614/647/614 656/689/656 657/690/657
f 657/690/657 656/689/656 655/688/655 654/687/654
f 658/691/658 659/692/659 660/693/660 661/694/661
f 617/650/617 618/651/618 662/695/662 663/696/663
f 663/697/663 662/698/662 664/699/664 665/700/665
f 666/701/666 667/702/667 668/703/668 669/704/669
f 670/705/670 668/703/668 667/702/667 671/706/671
f 672/707/672 670/708/670 671/709/671 673/710/673
f 523/556/523 672/707/672 673/710/673 522/555/522
f 674/711/674 669/704/669 668/703/668 675/712/675
f 675/712/675 668/703/668 670/705/670 676/713/676
f 676/714/676 670/708/670 672/707/672 677/715/677
f 677/715/677 672/707/672 523/556/523 524/557/524
f 674/711/674 675/712/675 678/716/678 679/717/679
f 680/718/680 678/716/678 675/712/675 676/713/676
f 681/719/681 680/718/680 676/714/676 677/715/677
f 525/558/525 681/719/681 677/715/677 524/557/524
f 679/717/679 678/716/678 682/720/682 683/721/683
f 684/722/684 682/720/682 678/716/678 680/718/680
f 685/723/685 684/722/684 680/718/680 681/719/681
f 526/559/526 685/723/685 681/719/681 525/558/525
f 683/721/683 682/720/682 686/724/686 687/725/687
f 688/726/688 686/724/686 682/720/682 684/722/684
f 689/727/689 688/726/688 684/722/684 685/723/685
f 527/560/527 689/727/689 685/723/685 526/559/526
f 686/724/686 690/728/690 691/729/691 687/725/687
f 688/726/688 692/730/692 690/728/690 686/724/686
f 689/727/689 693/731/693 692/730/692 688/726/688
f 527/560/527 528/561/528 693/731/693 689/727/689
f 332/365/332 666/701/666 669/704/669 420/453/420
f 420/453/420 669/704/669 674/711/674 419/452/419
f 419/452/419 674/711/674 679/717/679 418/451/418
f 418/451/418 679/717/679 683/721/683 417/450/417
f 417/450/417 683/721/683 687/725/687 415/448/415
f 687/725/687 691/729/691 416/449/416 415/448/415
f 694/732/694 469/502/469 433/466/433 434/467/434
f 695/733/695 468/501/468 469/502/469 694/732/694
f 696/734/696 466/499/466 468/501/468 695/733/695
f 697/735/697 467/500/467 466/499/466 696/734/696
f 536/569/536 476/509/476 467/500/467 697/735/697
f 578/611/578 522/555/522 673/710/673 698/736/698
f 698/736/698 673/710/673 671/709/671 699/737/699
f 699/738/699 671/706/671 667/702/667 700/739/700
f 700/739/700 667/702/667 666/701/666 701/740/701
f 702/741/702 703/742/703 704/743/704 705/744/705
f 706/745/706 704/743/704 703/742/703 707/746/707
f 708/747/708 706/748/706 707/749/707 709/750/709
f 575/608/575 708/747/708 709/750/709 574/607/574
f 710/751/710 711/752/711 712/753/712 713/754/713
f 713/754/713 712/753/712 714/755/714 715/756/715
f 715/757/715 714/758/714 716/759/716 717/760/717
f 717/760/717 716/759/716 577/610/577 576/609/576
f 701/740/701 710/751/710 713/754/713 700/739/700
f 700/739/700 713/754/713 715/756/715 699/738/699
f 699/737/699 715/757/715 717/760/717 698/736/698
f 698/736/698 717/760/717 576/609/576 578/611/578
f 324/357/324 702/741/702 705/744/705 325/358/325
f 323/356/323 711/752/711 710/751/710 322/355/322
f 322/355/322 710/751/710 701/740/701 321/354/321
f 321/354/321 701/740/701 666/701/666 332/365/332
f 709/750/709 718/761/718 585/618/585 574/607/574
f 719/762/719 718/761/718 709/750/709 707/749/707
f 720/763/720 719/764/719 707/746/707 703/742/703
f 703/742/703 702/741/702 721/765/721 720/763/720
f 702/741/702 324/357/324 334/367/334 721/765/721
f 722/766/722 723/767/723 724/768/724 725/769/725
f 725/769/725 724/768/724 726/770/726 727/771/727
f 727/772/727 726/773/726 728/774/728 729/775/729
f 728/774/728 610/643/610 609/642/609 729/775/729
f 730/776/730 722/766/722 725/769/725 731/777/731
f 731/777/731 725/769/725 727/771/727 732/778/732
f 732/779/732 727/772/727 729/775/729 733/780/733
f 733/780/733 729/775/729 609/642/609 611/644/611
f 721/765/721 730/776/730 731/777/731 720/763/720
f 720/763/720 731/777/731 732/778/732 719/764/719
f 719/762/719 732/779/732 733/780/733 718/761/718
f 718/761/718 733/780/733 611/644/611 585/618/585
f 722/766/722 730/776/730 375/408/375 734/781/734
f 334/367/334 375/408/375 730/776/730 721/765/721
f 348/381/348 378/411/378 735/782/735 736/783/736
f 737/784/737 736/783/736 735/782/735 738/785/738
f 616/649/616 737/786/737 738/787/738 590/623/590
f 349/382/349 348/381/348 736/783/736 665/700/665
f 665/700/665 736/783/736 737/784/737 663/697/663
f 663/696/663 737/786/737 616/649/616 617/650/617
f 665/700/665 664/699/664 355/388/355 349/382/349
f 589/622/589 590/623/590 738/787/738 739/788/739
f 739/789/739 738/785/738 735/782/735 740/790/740
f 740/790/740 735/782/735 378/411/378 340/373/340
f 344/377/344 741/791/741 742/792/742 343/376/343
f 743/793/743 742/792/742 741/791/741 744/794/744
f 586/619/586 743/795/743 744/796/744 549/582/549
f 342/375/342 343/376/343 742/792/742 745/797/745
f 745/797/745 742/792/742 743/793/743 746/798/746
f 746/799/746 743/795/743 586/619/586 587/620/587
f 340/373/340 341/374/341 747/800/747 740/790/740
f 740/790/740 747/800/747 748/801/748 739/789/739
f 739/788/739 748/802/748 588/621/588 589/622/589
f 749/803/749 548/581/548 549/582/549 744/796/744
f 750/804/750 749/805/749 744/794/744 741/791/741
f 741/791/741 344/377/344 345/378/345 750/804/750
f 439/472/439 440/473/440 751/806/751 752/807/752
f 752/807/752 751/806/751 753/808/753 754/809/754
f 754/810/754 753/811/753 543/576/543 542/575/542
f 439/472/439 752/807/752 755/812/755 438/471/438
f 756/813/756 755/812/755 752/807/752 754/809/754
f 544/577/544 756/814/756 754/810/754 542/575/542
f 438/471/438 755/812/755 757/815/757 437/470/437
f 758/816/758 757/815/757 755/812/755 756/813/756
f 545/578/545 758/817/758 756/814/756 544/577/544
f 437/470/437 757/815/757 759/818/759 436/469/436
f 760/819/760 759/818/759 757/815/757 758/816/758
f 546/579/546 760/820/760 758/817/758 545/578/545
f 436/469/436 759/818/759 761/821/761 435/468/435
f 762/822/762 761/821/761 759/818/759 760/819/760
f 547/580/547 762/823/762 760/820/760 546/579/546
f 345/378/345 435/468/435 761/821/761 750/804/750
f 750/804/750 761/821/761 762/822/762 749/805/749
f 749/803/749 762/823/762 547/580/547 548/581/548
f 651/684/651 650/683/650 613/646/613 612/645/612
f 634/667/634 633/666/633 642/675/642 641/674/641
f 763/824/763 764/825/764 765/826/765 766/827/766
f 767/828/767 768/829/768 769/830/769 770/831/770
f 631/664/631 361/394/361 360/393/360 632/665/632
f 638/671/638 635/668/635 361/394/361 631/664/631
f 648/681/648 645/678/645 635/668/635 638/671/638
f 769/830/769 661/694/661 660/693/660 770/831/770
f 628/661/628 627/660/627 624/657/624 623/656/623
f 629/662/629 771/832/771 772/833/772 773/834/773
f 774/835/774 357/390/357 346/379/346 775/836/775
f 776/837/776 364/397/364 357/390/357 774/835/774
f 777/838/777 367/400/367 364/397/364 776/837/776
f 778/839/778 370/403/370 367/400/367 777/838/777
f 775/836/775 779/840/779 780/841/780 774/835/774
f 774/835/774 780/841/780 781/842/781 776/837/776
f 776/837/776 781/842/781 782/843/782 777/838/777
f 777/838/777 782/843/782 783/844/783 778/839/778
f 734/781/734 375/408/375 370/403/370 778/839/778
f 778/839/778 783/844/783 784/845/784 734/781/734
f 350/383/350 356/389/356 779/840/779 775/836/775
f 347/380/347 350/383/350 775/836/775 346/379/346
f 734/781/734 784/845/784 723/767/723 722/766/722
f 785/846/785 766/827/766 765/826/765 649/682/649
f 630/663/630 629/662/629 773/834/773 640/673/640
f 647/680/647 767/828/767 770/831/770 648/681/648
f 648/681/648 770/831/770 660/693/660 645/678/645
f 645/678/645 660/693/660 659/692/659 646/679/646
f 786/847/786 360/393/360 363/396/363 787/848/787
f 788/849/788 632/665/632 360/393/360 786/847/786
f 771/832/771 629/662/629 632/665/632 788/849/788
f 789/850/789 773/834/773 772/833/772 790/851/790
f 791/852/791 640/673/640 773/834/773 789/850/789
f 792/853/792 639/672/639 640/673/640 791/852/791
f 785/846/785 649/682/649 639/672/639 792/853/792
f 647/680/647 649/682/649 765/826/765 767/828/767
f 767/828/767 765/826/765 764/825/764 768/829/768
f 442/475/442 440/854/440 381/855/381 422/455/422
f 380/856/380 423/456/423 422/455/422 381/855/381
f 392/857/392 426/459/426 423/456/423 380/856/380
f 398/858/398 428/461/428 426/459/426 392/857/392
f 404/859/404 430/463/430 428/461/428 398/858/398
f 410/860/410 432/465/432 430/463/430 404/859/404
f 416/861/416 434/467/434 432/465/432 410/860/410
f 691/862/691 694/732/694 434/467/434 416/861/416
f 477/510/477 751/863/751 440/854/440 442/475/442
f 478/511/478 753/864/753 751/863/751 477/510/477
f 479/512/479 543/865/543 753/864/753 478/511/478
f 541/574/541 493/526/493 543/865/543 479/512/479
f 540/573/540 492/525/492 493/526/493 541/574/541
f 539/572/539 500/533/500 492/525/492 540/573/540
f 538/571/538 507/540/507 500/533/500 539/572/539
f 537/570/537 514/547/514 507/540/507 538/571/538
f 535/568/535 521/554/521 514/547/514 537/570/537
f 536/569/536 528/561/528 521/554/521 535/568/535
f 697/735/697 693/866/693 528/561/528 536/569/536
f 690/867/690 695/733/695 694/732/694 691/862/691
f 692/868/692 696/734/696 695/733/695 690/867/690
f 697/735/697 696/734/696 692/868/692 693/866/693
f 555/588/555 552/585/552 551/584/551 556/589/556
f 561/594/561 559/592/559 552/585/552 555/588/555
f 565/598/565 563/596/563 559/592/559 561/594/561
f 569/602/569 567/600/567 563/596/563 565/598/565
f 573/606/573 571/604/571 567/600/567 569/602/569
f 577/610/577 575/608/575 571/604/571 573/606/573
f 716/759/716 708/747/708 575/608/575 577/610/577
f 714/758/714 706/748/706 708/747/708 716/759/716
f 712/753/712 704/743/704 706/745/706 714/755/714
f 711/752/711 705/744/705 704/743/704 712/753/712
f 325/358/325 705/744/705 711/752/711 323/356/323
f 325/358/325 323/356/323 318/351/318 320/353/320
f 320/353/320 318/351/318 313/346/313 315/348/315
f 315/348/315 313/346/313 308/341/308 310/343/310
f 310/343/310 308/341/308 303/336/303 305/338/305
f 298/331/298 305/338/305 303/336/303 295/328/295
f 298/331/298 295/328/295 296/329/296 299/332/299
f 341/374/341 299/332/299 296/329/296 342/375/342
f 341/374/341 342/375/342 745/797/745 747/800/747
f 747/800/747 745/797/745 746/798/746 748/801/748
f 748/802/748 746/799/746 587/620/587 588/621/588
f 556/589/556 551/584/551 588/621/588 587/620/587
f 724/768/724 793/869/793 794/870/794 726/770/726
f 723/767/723 795/871/795 793/869/793 724/768/724
f 784/845/784 796/872/796 795/871/795 723/767/723
f 783/844/783 797/873/797 796/872/796 784/845/784
f 782/843/782 798/874/798 797/873/797 783/844/783
f 781/842/781 799/875/799 798/874/798 782/843/782
f 780/841/780 800/876/800 799/875/799 781/842/781
f 779/840/779 801/877/801 800/876/800 780/841/780
f 356/389/356 802/878/802 801/877/801 779/840/779
f 355/388/355 803/879/803 802/878/802 356/389/356
f 664/699/664 804/880/804 803/879/803 355/388/355
f 662/698/662 805/881/805 804/880/804 664/699/664
f 618/651/618 806/882/806 805/883/805 662/695/662
f 593/626/593 807/884/807 806/882/806 618/651/618
f 592/625/592 808/885/808 807/884/807 593/626/593
f 598/631/598 809/886/809 808/885/808 592/625/592
f 601/634/601 810/887/810 809/886/809 598/631/598
f 604/637/604 811/888/811 810/887/810 601/634/601
f 607/640/607 812/889/812 811/888/811 604/637/604
f 610/643/610 813/890/813 812/889/812 607/640/607
f 814/891/814 813/890/813 610/643/610 728/774/728
f 726/773/726 794/892/794 814/891/814 728/774/728
f 636/669/636 646/679/646 368/401/368 365/398/365
f 358/391/358 362/395/362 636/669/636 365/398/365
f 351/384/351 363/396/363 362/395/362 358/391/358
f 354/387/354 787/848/787 363/396/363 351/384/351
f 628/661/628 786/847/786 787/848/787 354/387/354
f 628/661/628 623/656/623 788/849/788 786/847/786
f 626/659/626 771/832/771 788/849/788 623/656/623
f 619/652/619 772/833/772 771/832/771 626/659/626
f 622/655/622 790/851/790 772/833/772 619/652/619
f 634/667/634 789/850/789 790/851/790 622/655/622
f 641/674/641 791/852/791 789/850/789 634/667/634
f 644/677/644 792/853/792 791/852/791 641/674/641
f 651/684/651 785/846/785 792/853/792 644/677/644
f 612/645/612 766/827/766 785/846/785 651/684/651
f 615/648/615 763/824/763 766/827/766 612/645/612
f 657/690/657 764/825/764 763/824/763 615/648/615
f 768/829/768 764/825/764 657/690/657 654/687/654
f 654/687/654 652/685/652 769/830/769 768/829/768
f 652/685/652 376/409/376 661/694/661 769/830/769
f 376/409/376 373/406/373 658/691/658 661/694/661
f 373/406/373 371/404/371 659/692/659 658/691/658
f 646/679/646 659/692/659 371/404/371 368/401/368
f 808/885/808 809/886/809 642/675/642 633/666/633
f 809/886/809 810/887/810 643/676/643 642/675/642
f 810/887/810 811/888/811 650/683/650 643/676/643
f 811/888/811 812/889/812 613/646/613 650/683/650
f 812/889/812 813/890/813 614/647/614 613/646/613
f 813/890/813 814/891/814 656/689/656 614/647/614
f 814/891/814 794/892/794 655/688/655 656/689/656
f 794/870/794 793/869/793 653/893/653 655/894/655
f 793/869/793 795/871/795 377/895/377 653/893/653
f 795/871/795 796/872/796 374/896/374 377/895/377
f 796/872/796 797/873/797 372/897/372 374/896/374
f 797/873/797 798/874/798 369/898/369 372/897/372
f 798/874/798 799/875/799 366/899/366 369/898/369
f 799/875/799 800/876/800 359/900/359 366/899/366
f 800/876/800 801/877/801 352/901/352 359/900/359
f 801/877/801 802/878/802 353/902/353 352/901/352
f 802/878/802 803/879/803 627/903/627 353/902/353
f 803/879/803 804/880/804 624/904/624 627/903/627
f 804/880/804 805/881/805 625/905/625 624/904/624
f 805/883/805 806/882/806 620/653/620 625/658/625
f 806/882/806 807/884/807 621/654/621 620/653/620
f 807/884/807 808/885/808 633/666/633 621/654/621
g default
v 9.051065 2.014893 9.572216
v 9.057894 2.092522 9.570413
v 9.164032 2.055306 9.562613
v 9.116369 2.003613 9.567643
v 9.326169 1.802617 9.485239
v 9.212274 1.801873 9.496923
v 9.187113 1.883622 9.530574
v 9.290970 1.907037 9.522163
v 9.124411 1.799504 9.493929
v 9.104058 1.873208 9.529957
v 8.709849 2.014493 9.642049
v 8.773230 1.964436 9.619116
v 8.751749 1.920590 9.614760
v 8.651974 1.944547 9.638060
v 8.835499 1.842908 9.561528
v 8.838006 1.763631 9.523195
v 8.749033 1.739846 9.544912
v 8.743811 1.832413 9.583082
v 8.642502 1.709458 9.555148
v 8.635761 1.824265 9.606047
v 8.766044 1.680306 9.501331
v 8.666599 1.636197 9.496723
v 9.142831 1.653165 9.416039
v 9.206587 1.659043 9.418232
v 9.275574 1.613648 9.402101
v 9.182086 1.587411 9.382395
v 9.329071 2.020490 9.602594
v 9.360191 2.010144 9.679197
v 9.430045 1.900983 9.642931
v 9.394809 1.914071 9.568541
v 9.375834 1.990205 9.769464
v 9.441160 1.883012 9.734991
v 9.365435 1.953427 9.854943
v 9.428173 1.859784 9.824023
v 9.360742 1.921201 9.942165
v 9.417181 1.839314 9.913661
v 9.485023 1.784959 9.597357
v 9.439735 1.800710 9.527730
v 9.495043 1.770654 9.698747
v 9.464525 1.752251 9.790854
v 9.442243 1.741986 9.886893
v 9.484536 1.651456 9.562905
v 9.444701 1.675256 9.489674
v 9.496575 1.638589 9.667431
v 9.472699 1.638249 9.767052
v 9.447501 1.640981 9.866156
v 9.237456 2.004929 9.551811
v 9.333674 1.726636 9.451298
v 9.392839 1.599202 9.454706
v 9.320269 1.648194 9.416496
v 9.421829 1.573026 9.536124
v 9.433476 1.561913 9.642180
v 9.427106 1.571378 9.755995
v 9.409630 1.579934 9.857774
v 9.268500 2.019212 9.887049
v 9.273124 1.979314 9.973163
v 9.268397 2.063634 9.802175
v 9.256237 2.098180 9.710794
v 9.231652 2.102387 9.620810
v 9.348850 1.515576 9.517116
v 9.237358 1.478387 9.509869
v 9.214238 1.524274 9.424768
v 9.327220 1.554299 9.437466
v 9.347991 1.505257 9.628672
v 9.247015 1.473103 9.626255
v 9.340210 1.513669 9.747642
v 9.247302 1.488202 9.742456
v 9.329348 1.527520 9.854764
v 9.244974 1.502354 9.859001
v 9.094694 1.473195 9.536402
v 9.079495 1.516217 9.449802
v 9.105230 1.472974 9.649420
v 9.112988 1.497021 9.761719
v 9.126852 1.504998 9.876204
v 9.006503 1.473325 9.553991
v 8.897219 1.448724 9.561918
v 8.889742 1.494492 9.476062
v 8.988072 1.507108 9.464230
v 9.014099 1.469991 9.663202
v 8.905068 1.446194 9.677070
v 9.031200 1.486485 9.774161
v 8.919799 1.471406 9.789055
v 9.050863 1.499574 9.889218
v 8.945692 1.492451 9.899940
v 8.795430 1.431729 9.573648
v 8.791331 1.479646 9.485484
v 8.807065 1.424104 9.692424
v 8.825861 1.454007 9.807239
v 8.841640 1.488023 9.923304
v 9.061455 1.580235 9.404349
v 8.879114 1.561845 9.432852
v 8.967907 1.571526 9.419443
v 8.799758 1.563100 9.439777
v 8.588245 1.561784 9.553234
v 8.581327 1.512440 9.642488
v 8.528020 1.635846 9.693814
v 8.556472 1.665532 9.610876
v 8.612328 1.488221 9.758517
v 8.571390 1.623761 9.803531
v 8.670352 1.520798 9.860434
v 8.627832 1.636067 9.898101
v 8.715721 1.557797 9.958971
v 8.671497 1.650624 9.997602
v 8.523917 1.783482 9.752268
v 8.549981 1.801976 9.667879
v 8.567838 1.762921 9.854957
v 8.621862 1.755856 9.943043
v 8.673332 1.753960 10.032332
v 8.586268 1.919858 9.801619
v 8.591996 1.933919 9.716848
v 8.621857 1.895547 9.891947
v 8.668999 1.871789 9.974706
v 8.712835 1.852502 10.059459
v 8.667879 2.055989 9.706139
v 8.679674 2.044740 9.792484
v 8.720592 2.005593 9.901362
v 8.758181 1.967412 9.983630
v 8.791597 1.933034 10.069172
v 8.733720 1.459542 9.831017
v 8.776666 1.504929 9.934595
v 8.696774 1.431096 9.720448
v 8.674030 1.446786 9.601241
v 8.676609 1.493207 9.509183
v 8.720772 1.578942 9.455017
v 8.799755 2.133107 9.766714
v 8.791916 2.121625 9.670452
v 8.835675 2.094403 9.869247
v 8.870735 2.042046 9.960859
v 8.902898 1.995335 10.055645
v 8.920228 2.160912 9.739101
v 8.906082 2.148064 9.644345
v 8.948570 2.125603 9.847623
v 8.972898 2.067040 9.941966
v 8.996786 2.013650 10.038340
v 8.981165 2.163544 9.729179
v 9.106497 2.146485 9.716759
v 9.085323 2.138120 9.627192
v 8.967043 2.151460 9.635374
v 9.009268 2.128545 9.837121
v 9.126373 2.108506 9.818954
v 9.033407 2.069348 9.929968
v 9.135980 2.052361 9.908283
v 9.057460 2.016862 10.025605
v 9.151793 2.008527 10.003420
v 8.793379 2.077233 9.606905
v 8.892937 2.092454 9.583796
v 8.954935 2.096009 9.575274
v 9.289443 1.932381 10.084711
v 9.175276 1.962800 10.117914
v 9.201075 1.917916 10.241924
v 9.312540 1.889500 10.210873
v 9.086076 1.965844 10.137749
v 9.115704 1.921052 10.262775
v 9.025107 1.961926 10.149967
v 8.936894 1.947522 10.165709
v 8.968620 1.908444 10.286922
v 9.054556 1.918549 10.274598
v 8.828608 1.895486 10.175714
v 8.861751 1.862588 10.295994
v 9.238225 1.870164 10.398458
v 9.346917 1.846967 10.381822
v 9.147337 1.878300 10.409819
v 9.085828 1.876771 10.421213
v 8.896996 1.830151 10.460341
v 8.997060 1.864606 10.438500
v 9.265821 1.846074 10.528983
v 9.375999 1.827241 10.512725
v 9.180120 1.847813 10.543429
v 9.017089 1.842366 10.561707
v 9.107376 1.848615 10.552155
v 8.915591 1.819505 10.587584
v 9.283881 1.841492 10.624430
v 9.399507 1.834069 10.600082
v 9.198565 1.835648 10.637877
v 9.040934 1.834401 10.661240
v 9.127116 1.834081 10.648008
v 8.925730 1.817124 10.673512
v 9.296750 1.830144 10.704303
v 9.418540 1.829892 10.679749
v 9.214280 1.820779 10.712916
v 9.061594 1.828355 10.740677
v 9.145432 1.820138 10.723799
v 8.937340 1.810586 10.749938
v 9.300548 1.823132 10.722825
v 9.316229 1.779443 10.789309
v 9.416168 1.779946 10.763984
v 9.422150 1.824086 10.698446
v 9.218462 1.813618 10.732132
v 9.232787 1.775918 10.798229
v 9.164216 1.777493 10.809378
v 9.149673 1.813618 10.742313
v 9.066226 1.822919 10.759241
v 9.079911 1.783280 10.826831
v 8.941897 1.805611 10.768722
v 8.974279 1.771607 10.829502
v 9.431459 1.635648 9.996852
v 9.442558 1.721722 10.017955
v 9.473973 1.692685 10.161504
v 9.448130 1.613435 10.141333
v 9.424268 1.808392 10.039040
v 9.453497 1.775986 10.180429
v 9.371683 1.880971 10.061084
v 9.395433 1.841653 10.195939
v 9.525315 1.649510 10.349840
v 9.489955 1.567117 10.327373
v 9.503611 1.737355 10.367335
v 9.437611 1.803300 10.377195
v 9.568333 1.615605 10.489252
v 9.538792 1.519494 10.457740
v 9.543145 1.713887 10.507877
v 9.473634 1.786675 10.514111
v 9.594519 1.597997 10.584126
v 9.574397 1.486676 10.543195
v 9.563251 1.701917 10.603764
v 9.501626 1.788834 10.604765
v 9.591176 1.584878 10.672956
v 9.573208 1.476670 10.629135
v 9.563190 1.686356 10.685730
v 9.511522 1.777985 10.688246
v 9.409835 1.574040 10.136527
v 9.442569 1.539403 10.303726
v 9.472549 1.495484 10.430906
v 9.504175 1.460046 10.517786
v 9.472209 1.490464 10.723715
v 9.433874 1.449288 10.665802
v 9.506545 1.439214 10.601261
v 9.565852 1.477746 10.647379
v 9.507807 1.772511 10.706196
v 9.454153 1.732159 10.787244
v 9.480939 1.652180 10.796326
v 9.556346 1.681916 10.702730
v 9.398156 1.587769 9.991301
v 8.849311 1.525994 10.215692
v 8.815937 1.531598 10.066360
v 8.872824 1.511006 10.051250
v 8.903349 1.509610 10.196181
v 8.972028 1.505158 10.029191
v 9.071869 1.506604 10.017117
v 9.088148 1.502026 10.161488
v 8.996565 1.507588 10.168158
v 9.142447 1.510190 10.005273
v 9.247313 1.514291 9.989521
v 9.256729 1.513787 10.127647
v 9.160973 1.506757 10.144211
v 9.019457 1.480447 10.349293
v 8.925850 1.473325 10.378951
v 9.112040 1.481522 10.326904
v 9.348897 1.537606 10.130817
v 9.374437 1.509328 10.292471
v 9.285864 1.490010 10.300015
v 9.027267 1.444737 10.476214
v 8.934003 1.421483 10.507619
v 9.126036 1.461350 10.459846
v 9.188469 1.483392 10.313624
v 9.310069 1.468362 10.425011
v 9.210031 1.467831 10.445118
v 9.400323 1.474843 10.418772
v 9.041080 1.399140 10.554943
v 8.955488 1.370885 10.580595
v 9.144696 1.432252 10.565679
v 9.321229 1.445863 10.512770
v 9.223113 1.441453 10.545971
v 9.423061 1.442769 10.501478
v 9.073593 1.395745 10.691984
v 9.004083 1.378781 10.707186
v 8.971675 1.346795 10.653433
v 9.058418 1.376519 10.615469
v 9.155758 1.416428 10.636252
v 9.160919 1.424466 10.682488
v 9.326643 1.436551 10.640659
v 9.234077 1.433869 10.667110
v 9.235973 1.425069 10.618889
v 9.326180 1.422639 10.578416
v 9.401637 1.434541 10.623400
v 9.428228 1.422910 10.573021
v 9.327154 1.539796 9.989189
v 8.759123 1.823411 10.169428
v 8.726146 1.737546 10.151063
v 8.761132 1.714249 10.291139
v 8.794557 1.794724 10.297729
v 8.724424 1.649819 10.123776
v 8.758390 1.630814 10.271394
v 8.762962 1.574151 10.090980
v 8.796023 1.564095 10.242235
v 8.775484 1.683381 10.482950
v 8.820460 1.767571 10.475606
v 8.768693 1.588193 10.470470
v 8.811144 1.511506 10.441386
v 8.770336 1.664990 10.627897
v 8.831268 1.755032 10.610756
v 8.751613 1.549390 10.616909
v 8.791249 1.438058 10.575119
v 8.781851 1.652905 10.724039
v 8.841406 1.748433 10.700731
v 8.756456 1.527528 10.716412
v 8.794275 1.394048 10.667919
v 8.814509 1.639806 10.803269
v 8.860271 1.738541 10.778683
v 8.795216 1.517323 10.799170
v 8.834820 1.389901 10.748621
v 8.946440 1.715012 10.863518
v 8.870309 1.734814 10.795704
v 8.964486 1.392995 10.766476
v 8.926080 1.439626 10.834298
v 8.846540 1.393647 10.764120
v 8.901260 1.349175 10.705045
v 8.879045 1.367337 10.615827
v 8.892984 1.346013 10.681458
v 8.879702 1.418999 10.531245
v 8.875691 1.481835 10.401634
v 8.922651 1.622449 10.893061
v 9.069689 1.630666 10.890121
v 9.074687 1.722779 10.863985
v 8.918522 1.524377 10.876490
v 9.068427 1.535947 10.870598
v 9.071634 1.453175 10.821213
v 9.170863 1.635083 10.859108
v 9.168193 1.721322 10.843934
v 9.172251 1.550141 10.837236
v 9.172164 1.480588 10.783149
v 9.239347 1.638089 10.846140
v 9.344918 1.641484 10.844646
v 9.329937 1.725743 10.821356
v 9.236734 1.721585 10.831336
v 9.239995 1.556248 10.821688
v 9.349900 1.552613 10.820039
v 9.240761 1.489949 10.767538
v 9.348413 1.483983 10.759633
v 9.487983 1.571606 10.770967
v 9.340874 1.447026 10.701977
v 9.235785 1.454350 10.715864
v 9.167995 1.444535 10.731718
v 9.069849 1.409238 10.761238
v 9.157125 1.960007 9.559632
v 9.080791 1.949689 9.552641
v 9.222584 1.740006 9.464607
v 9.132653 1.741555 9.464023
v 8.852436 1.707440 9.489747
v 8.838780 1.996842 9.603292
v 8.836900 1.924626 9.587237
v 8.832421 1.620881 9.453916
v 8.887070 1.626405 9.446800
v 8.986287 2.012173 9.577338
v 9.016335 1.941693 9.556133
v 9.043472 1.793980 9.495920
v 9.032172 1.865754 9.533394
v 9.047861 1.735909 9.465826
v 9.056530 1.647481 9.423794
v 8.966084 1.637296 9.435356
v 8.953564 1.725529 9.474901
v 8.944897 1.783601 9.504038
v 8.934072 1.854874 9.543079
v 8.924599 1.931588 9.567274
v 8.913132 2.006448 9.587293
v 8.799362 1.645009 9.472870
v 8.874477 1.665120 9.466082
v 8.961397 1.679856 9.454854
v 9.051237 1.689729 9.445173
v 9.136591 1.693578 9.439699
v 9.218936 1.688252 9.435087
v 9.514408 1.438336 10.576592
v 9.431702 1.423962 10.543564
v 9.324162 1.423955 10.554550
v 9.231531 1.426694 10.598882
v 9.152825 1.417874 10.610175
v 9.054482 1.377164 10.590717
v 8.963737 1.347138 10.624504
v 8.828084 1.636498 10.818417
v 9.582576 1.582799 10.689007
v 8.808369 1.516873 10.813139
vt 0.129713 0.358681
vt 0.130092 0.361446
vt 0.133873 0.359932
vt 0.132049 0.358156
vt 0.139463 0.349911
vt 0.135270 0.350309
vt 0.134464 0.353530
vt 0.138336 0.354069
vt 0.132098 0.350325
vt 0.131444 0.353284
vt 0.117350 0.359977
vt 0.119524 0.357808
vt 0.118651 0.356262
vt 0.115204 0.357434
vt 0.121645 0.352916
vt 0.121714 0.349764
vt 0.118335 0.349272
vt 0.118231 0.352874
vt 0.114363 0.348277
vt 0.114205 0.352912
vt 0.119074 0.346721
vt 0.115531 0.345071
vt 0.132541 0.344536
vt 0.134762 0.344589
vt 0.137028 0.342597
vt 0.133729 0.342137
vt 0.157658 0.333209
vt 0.156899 0.330781
vt 0.152635 0.331436
vt 0.152927 0.333896
vt 0.156435 0.327991
vt 0.152377 0.328561
vt 0.156134 0.325011
vt 0.152182 0.325535
vt 0.155843 0.321747
vt 0.152036 0.322220
vt 0.149078 0.332460
vt 0.149871 0.334867
vt 0.148671 0.329478
vt 0.148320 0.326384
vt 0.148197 0.322833
vt 0.145445 0.333466
vt 0.146442 0.336091
vt 0.144919 0.330384
vt 0.144577 0.327216
vt 0.144378 0.323570
vt 0.136479 0.357925
vt 0.140200 0.359064
vt 0.142509 0.354747
vt 0.144038 0.350153
vt 0.144028 0.345207
vt 0.139519 0.346835
vt 0.141995 0.342201
vt 0.138746 0.343778
vt 0.142352 0.334705
vt 0.142859 0.337668
vt 0.141969 0.331299
vt 0.141880 0.327571
vt 0.141652 0.323854
vt 0.160195 0.324512
vt 0.159769 0.321249
vt 0.160569 0.327545
vt 0.161092 0.330445
vt 0.161562 0.333196
vt 0.136688 0.362398
vt 0.139129 0.335870
vt 0.135047 0.336348
vt 0.134613 0.339668
vt 0.139218 0.339765
vt 0.138648 0.332030
vt 0.135060 0.332394
vt 0.138309 0.327964
vt 0.134926 0.328326
vt 0.138043 0.324015
vt 0.134734 0.324014
vt 0.130115 0.336031
vt 0.129967 0.339406
vt 0.130128 0.332071
vt 0.130133 0.327964
vt 0.130329 0.323686
vt 0.126954 0.335851
vt 0.123023 0.335963
vt 0.123152 0.339253
vt 0.126699 0.339285
vt 0.126895 0.331982
vt 0.123012 0.332073
vt 0.127186 0.327906
vt 0.123223 0.328037
vt 0.127501 0.323543
vt 0.123659 0.323774
vt 0.119524 0.335977
vt 0.119588 0.339211
vt 0.119689 0.332158
vt 0.119938 0.328156
vt 0.119851 0.323711
vt 0.129680 0.342144
vt 0.123137 0.342007
vt 0.126346 0.342084
vt 0.120345 0.342253
vt 0.109972 0.338203
vt 0.111845 0.334910
vt 0.108379 0.333621
vt 0.107078 0.336975
vt 0.113368 0.331219
vt 0.109694 0.329616
vt 0.114189 0.327322
vt 0.110630 0.325725
vt 0.114647 0.323129
vt 0.111418 0.321652
vt 0.104735 0.331240
vt 0.104070 0.335067
vt 0.105820 0.327130
vt 0.107338 0.323524
vt 0.108743 0.319896
vt 0.188537 0.334433
vt 0.188380 0.331371
vt 0.184151 0.330234
vt 0.184662 0.333256
vt 0.187295 0.327261
vt 0.183185 0.326821
vt 0.185777 0.323656
vt 0.182099 0.323415
vt 0.184372 0.320027
vt 0.180984 0.319930
vt 0.111379 0.343072
vt 0.110270 0.347437
vt 0.110194 0.352953
vt 0.111954 0.358150
vt 0.115138 0.362409
vt 0.180308 0.330508
vt 0.181496 0.333272
vt 0.179006 0.326596
vt 0.178121 0.323305
vt 0.177333 0.319825
vt 0.116889 0.328123
vt 0.117449 0.323772
vt 0.116247 0.331943
vt 0.115384 0.335779
vt 0.114622 0.339534
vt 0.117564 0.342847
vt 0.175871 0.330726
vt 0.176764 0.333343
vt 0.174772 0.327429
vt 0.173901 0.323942
vt 0.173096 0.320160
vt 0.171853 0.330983
vt 0.172412 0.333699
vt 0.171044 0.327648
vt 0.170415 0.324155
vt 0.169794 0.320353
vt 0.169836 0.330994
vt 0.165663 0.330782
vt 0.165612 0.333300
vt 0.170095 0.333689
vt 0.169091 0.327685
vt 0.165245 0.327614
vt 0.168365 0.324243
vt 0.164816 0.324328
vt 0.167655 0.320498
vt 0.164272 0.320761
vt 0.120066 0.364295
vt 0.120820 0.361616
vt 0.124498 0.364842
vt 0.124323 0.361825
vt 0.126824 0.364783
vt 0.131260 0.364018
vt 0.126465 0.361787
vt 0.159003 0.316742
vt 0.163526 0.316210
vt 0.162825 0.311052
vt 0.158280 0.311440
vt 0.166835 0.315925
vt 0.166087 0.310729
vt 0.169066 0.315767
vt 0.172281 0.315585
vt 0.171544 0.310537
vt 0.168373 0.310594
vt 0.176476 0.315391
vt 0.175667 0.310387
vt 0.162056 0.304422
vt 0.157748 0.304211
vt 0.165515 0.304582
vt 0.167836 0.304480
vt 0.174988 0.303629
vt 0.171170 0.304208
vt 0.161780 0.299074
vt 0.157550 0.298791
vt 0.165014 0.299062
vt 0.171031 0.299165
vt 0.167714 0.299130
vt 0.174823 0.298452
vt 0.161752 0.295365
vt 0.157496 0.295291
vt 0.164894 0.295353
vt 0.170665 0.295172
vt 0.167517 0.295323
vt 0.174856 0.294922
vt 0.161811 0.292415
vt 0.157444 0.292287
vt 0.164769 0.292482
vt 0.170331 0.292134
vt 0.167274 0.292400
vt 0.175037 0.291570
vt 0.161798 0.291710
vt 0.161698 0.288981
vt 0.158121 0.288989
vt 0.157434 0.291577
vt 0.164735 0.291726
vt 0.164627 0.289021
vt 0.167085 0.288983
vt 0.167224 0.291677
vt 0.170249 0.291443
vt 0.170046 0.288814
vt 0.175134 0.290615
vt 0.173733 0.288357
vt 0.144038 0.318200
vt 0.147750 0.317523
vt 0.147185 0.311169
vt 0.143599 0.311806
vt 0.151478 0.317160
vt 0.150822 0.311029
vt 0.155161 0.316960
vt 0.154439 0.311214
vt 0.146617 0.302921
vt 0.142964 0.303589
vt 0.150243 0.302945
vt 0.153875 0.303466
vt 0.146404 0.297256
vt 0.142645 0.298029
vt 0.150096 0.297196
vt 0.153700 0.297765
vt 0.146456 0.293791
vt 0.142617 0.294865
vt 0.150186 0.293527
vt 0.153666 0.294010
vt 0.146535 0.290642
vt 0.142985 0.292144
vt 0.150374 0.290476
vt 0.153623 0.290358
vt 0.141254 0.312105
vt 0.140826 0.304814
vt 0.140226 0.299518
vt 0.140124 0.296124
vt 0.155461 0.278543
vt 0.155716 0.275607
vt 0.152737 0.274444
vt 0.151420 0.277508
vt 0.153634 0.289396
vt 0.157045 0.287068
vt 0.156290 0.284372
vt 0.151856 0.285213
vt 0.141542 0.318422
vt 0.118360 0.311674
vt 0.117916 0.318129
vt 0.120201 0.318358
vt 0.120541 0.312172
vt 0.123978 0.318580
vt 0.127752 0.318490
vt 0.127630 0.312646
vt 0.124153 0.312853
vt 0.130483 0.318625
vt 0.134617 0.318861
vt 0.134403 0.313159
vt 0.130526 0.312975
vt 0.123947 0.305453
vt 0.120414 0.304525
vt 0.127471 0.305918
vt 0.138274 0.312582
vt 0.137885 0.305683
vt 0.134253 0.305970
vt 0.123310 0.300485
vt 0.119937 0.299365
vt 0.126946 0.300767
vt 0.130416 0.306031
vt 0.134010 0.300977
vt 0.130126 0.300900
vt 0.137465 0.300488
vt 0.122920 0.297252
vt 0.119921 0.296430
vt 0.126620 0.296699
vt 0.133545 0.297648
vt 0.129647 0.297044
vt 0.137314 0.297207
vt 0.122810 0.292370
vt 0.120245 0.292162
vt 0.119632 0.294078
vt 0.122794 0.294983
vt 0.126249 0.294031
vt 0.126050 0.292365
vt 0.132537 0.292941
vt 0.128887 0.292564
vt 0.129392 0.294283
vt 0.133084 0.295161
vt 0.135380 0.293151
vt 0.136745 0.294731
vt 0.137990 0.318634
vt 0.179896 0.315343
vt 0.183057 0.315273
vt 0.181663 0.309815
vt 0.178891 0.310092
vt 0.110058 0.315142
vt 0.112561 0.316338
vt 0.113183 0.310185
vt 0.110599 0.309684
vt 0.115415 0.317460
vt 0.115884 0.310949
vt 0.181281 0.302535
vt 0.178329 0.303039
vt 0.112891 0.302175
vt 0.110088 0.302404
vt 0.115797 0.302598
vt 0.182274 0.297132
vt 0.178480 0.297741
vt 0.112240 0.296720
vt 0.109095 0.297001
vt 0.115384 0.297247
vt 0.182376 0.293462
vt 0.178436 0.294229
vt 0.112008 0.293416
vt 0.108992 0.293332
vt 0.115095 0.294361
vt 0.181591 0.290302
vt 0.178050 0.291141
vt 0.111896 0.290359
vt 0.108881 0.290171
vt 0.114626 0.291863
vt 0.174664 0.286192
vt 0.177940 0.287499
vt 0.174454 0.274553
vt 0.175730 0.277260
vt 0.178888 0.274631
vt 0.176736 0.272080
vt 0.117546 0.295517
vt 0.117123 0.293564
vt 0.118115 0.298581
vt 0.118478 0.303815
vt 0.175454 0.283215
vt 0.170736 0.283612
vt 0.170389 0.286560
vt 0.175820 0.280214
vt 0.170851 0.280665
vt 0.170707 0.277644
vt 0.167177 0.283862
vt 0.167140 0.286750
vt 0.167092 0.281024
vt 0.166838 0.278264
vt 0.164708 0.284019
vt 0.161109 0.284176
vt 0.161453 0.286924
vt 0.164696 0.286847
vt 0.164570 0.281230
vt 0.160732 0.281399
vt 0.164213 0.278562
vt 0.160246 0.278613
vt 0.155635 0.281711
vt 0.132533 0.290682
vt 0.128521 0.290775
vt 0.125922 0.290558
vt 0.122166 0.289971
vt 0.118242 0.290356
vt 0.133453 0.356510
vt 0.130701 0.356189
vt 0.135530 0.347797
vt 0.132317 0.348007
vt 0.122264 0.347465
vt 0.122036 0.358646
vt 0.121817 0.356000
vt 0.121540 0.344219
vt 0.123502 0.344277
vt 0.127382 0.358729
vt 0.128368 0.356037
vt 0.129197 0.350265
vt 0.128838 0.353161
vt 0.129311 0.347953
vt 0.129559 0.344550
vt 0.126352 0.344437
vt 0.125944 0.347816
vt 0.125655 0.350111
vt 0.125277 0.353013
vt 0.125039 0.355921
vt 0.124745 0.358726
vt 0.120332 0.345225
vt 0.123057 0.345779
vt 0.126197 0.346067
vt 0.129392 0.346188
vt 0.132385 0.346134
vt 0.135277 0.345711
vt 0.139767 0.294181
vt 0.137128 0.295648
vt 0.133237 0.295995
vt 0.129423 0.295026
vt 0.126394 0.294981
vt 0.122854 0.295797
vt 0.119699 0.294930
vt 0.179640 0.283801
vt 0.150870 0.281460
vt 0.180418 0.279293
vt 0.177813 0.290392
vt 0.146514 0.289965
vt 0.143150 0.291473
vt 0.139306 0.293482
vt 0.150520 0.289801
vt 0.181166 0.289655
vt 0.111900 0.289674
vt 0.108911 0.289524
vt 0.114433 0.291263
vt 0.116905 0.292880
vt 0.136203 0.291503
vt 0.170465 0.275121
vt 0.166666 0.276415
vt 0.164062 0.276759
vt 0.160067 0.276438
vn -0.051572 0.115272 -0.991994
vn 0.012120 0.385304 -0.922710
vn 0.070376 0.346922 -0.935250
vn -0.063686 0.093250 -0.993604
vn 0.134944 0.385206 -0.912911
vn -0.048603 0.403728 -0.913587
vn -0.075995 0.322492 -0.943517
vn 0.101585 0.373477 -0.922060
vn -0.028870 0.440689 -0.897196
vn -0.039059 0.359144 -0.932464
vn -0.460990 0.318157 -0.828411
vn -0.268004 0.125716 -0.955180
vn -0.241939 0.263904 -0.933713
vn -0.456902 0.347248 -0.818938
vn -0.252707 0.353913 -0.900492
vn -0.257009 0.429241 -0.865851
vn -0.252571 0.446366 -0.858467
vn -0.238495 0.346353 -0.907282
vn -0.440668 0.378128 -0.814144
vn -0.438968 0.344064 -0.830016
vn -0.232154 0.482603 -0.844511
vn -0.438931 0.310188 -0.843281
vn -0.057352 0.434615 -0.898788
vn 0.015334 0.454547 -0.890591
vn 0.188725 0.079096 -0.978840
vn 0.004777 -0.064937 -0.997878
vn 0.554327 0.638998 -0.533294
vn 0.733424 0.676213 -0.069468
vn 0.842690 0.513071 -0.163193
vn 0.605692 0.517603 -0.604337
vn 0.750026 0.631670 0.196097
vn 0.891223 0.434176 0.131202
vn 0.735032 0.608923 0.298228
vn 0.896224 0.367651 0.248225
vn 0.724624 0.653726 0.218090
vn 0.914201 0.380698 0.138942
vn 0.925783 0.285075 -0.248313
vn 0.638373 0.369675 -0.675145
vn 0.975743 0.188787 0.110835
vn 0.959342 0.125932 0.252594
vn 0.985746 0.105732 0.130862
vn 0.921040 -0.215585 -0.324358
vn 0.681792 0.076163 -0.727571
vn 0.945557 -0.323024 0.039714
vn 0.923604 -0.312185 0.222476
vn 0.942038 -0.298421 0.153326
vn 0.093703 0.344403 -0.934134
vn 0.195557 0.360917 -0.911864
vn 0.612689 -0.281470 -0.738503
vn 0.226277 0.234359 -0.945449
vn 0.715415 -0.627233 -0.307832
vn 0.689175 -0.724551 -0.007939
vn 0.675042 -0.722000 0.151771
vn 0.693541 -0.706823 0.139292
vn 0.455622 0.802269 0.385712
vn 0.451985 0.836492 0.309823
vn 0.470416 0.821589 0.322026
vn 0.471835 0.880287 0.049663
vn 0.366290 0.809607 -0.458660
vn 0.466686 -0.833858 -0.294764
vn 0.149317 -0.950173 -0.273636
vn 0.101025 -0.711812 -0.695067
vn 0.406944 -0.545124 -0.732964
vn 0.439660 -0.898154 0.004216
vn 0.152757 -0.987306 0.043502
vn 0.411440 -0.902696 0.125926
vn 0.130182 -0.983213 0.127843
vn 0.417272 -0.900853 0.119788
vn 0.139660 -0.985435 0.097019
vn -0.009924 -0.973739 -0.227449
vn -0.064320 -0.772014 -0.632342
vn 0.031201 -0.996787 0.073766
vn 0.044627 -0.990878 0.127156
vn 0.041285 -0.996791 0.068586
vn 0.082280 -0.970993 -0.224505
vn 0.154992 -0.954268 -0.255636
vn 0.032371 -0.739047 -0.672876
vn -0.005328 -0.770724 -0.637146
vn 0.130608 -0.989207 0.066418
vn 0.205915 -0.976488 0.063794
vn 0.130454 -0.982845 0.130377
vn 0.172134 -0.970070 0.171272
vn 0.086318 -0.993335 0.076382
vn 0.084642 -0.987436 0.133439
vn -0.011466 -0.960996 -0.276325
vn -0.104136 -0.707308 -0.699193
vn 0.077877 -0.993844 0.078799
vn 0.083139 -0.963681 0.253785
vn -0.030057 -0.971019 0.237104
vn -0.139882 -0.171569 -0.975191
vn -0.099008 -0.159529 -0.982216
vn -0.123697 -0.185891 -0.974753
vn -0.146948 -0.087014 -0.985310
vn -0.778054 -0.197109 -0.596473
vn -0.819291 -0.560579 -0.120475
vn -0.982687 -0.185270 0.001075
vn -0.838304 0.107769 -0.534445
vn -0.698299 -0.645471 0.309428
vn -0.858593 -0.306641 0.410839
vn -0.611139 -0.621774 0.489803
vn -0.806312 -0.327799 0.492350
vn -0.643693 -0.647050 0.408639
vn -0.846728 -0.329881 0.417410
vn -0.983305 0.149411 0.103862
vn -0.836630 0.294831 -0.461655
vn -0.886229 0.014460 0.463022
vn -0.863366 0.000606 0.504579
vn -0.893682 0.040675 0.446853
vn -0.857750 0.460312 0.228862
vn -0.823081 0.470997 -0.317331
vn -0.776590 0.394480 0.491216
vn -0.761522 0.388440 0.518844
vn -0.778840 0.415524 0.469838
vn -0.697108 0.664225 -0.269898
vn -0.646210 0.711651 0.275617
vn -0.557581 0.661101 0.502045
vn -0.531519 0.667314 0.521709
vn -0.532296 0.702801 0.471945
vn -0.245243 -0.885709 0.394177
vn -0.329098 -0.873217 0.359425
vn -0.296231 -0.942557 0.154379
vn -0.409299 -0.879458 -0.242959
vn -0.461099 -0.564884 -0.684320
vn -0.316988 0.081615 -0.944911
vn -0.360903 0.910299 0.202744
vn -0.430034 0.843130 -0.322805
vn -0.287711 0.826577 0.483728
vn -0.255730 0.813841 0.521790
vn -0.242263 0.849901 0.467950
vn -0.118237 0.985880 0.118578
vn -0.191135 0.904580 -0.381056
vn -0.051461 0.897852 0.437279
vn -0.026095 0.862602 0.505210
vn -0.024957 0.892696 0.449969
vn 0.059675 0.994370 0.087558
vn 0.223252 0.970598 0.089992
vn 0.148286 0.896963 -0.416497
vn -0.019068 0.911458 -0.410951
vn 0.120888 0.906237 0.405119
vn 0.257634 0.886431 0.384532
vn 0.138461 0.869538 0.474059
vn 0.257744 0.863007 0.434497
vn 0.108327 0.903883 0.413837
vn 0.237875 0.900190 0.364792
vn -0.374875 0.337817 -0.863336
vn -0.212462 0.379224 -0.900583
vn -0.085289 0.387119 -0.918077
vn 0.439165 0.864698 0.243785
vn 0.218805 0.923846 0.314059
vn 0.199297 0.944543 0.260998
vn 0.400029 0.898094 0.182768
vn 0.073389 0.931947 0.355091
vn 0.062917 0.953346 0.295251
vn -0.029137 0.925929 0.376573
vn -0.227728 0.890009 0.394998
vn -0.207632 0.925127 0.317850
vn -0.028986 0.951325 0.306825
vn -0.529860 0.745547 0.404238
vn -0.506019 0.803995 0.312310
vn 0.165666 0.967274 0.192189
vn 0.340506 0.933568 0.111830
vn 0.059344 0.970781 0.232512
vn -0.024072 0.969272 0.244812
vn -0.453225 0.866345 0.209841
vn -0.172977 0.956223 0.236045
vn 0.097006 0.991271 0.089286
vn 0.282818 0.959078 -0.013562
vn 0.027865 0.987442 0.155507
vn -0.122787 0.982027 0.143342
vn -0.012222 0.985711 0.168003
vn -0.407541 0.904398 0.126389
vn 0.021124 0.996584 0.079840
vn 0.254649 0.966653 -0.027118
vn -0.012525 0.988982 0.147506
vn -0.062829 0.992398 0.105825
vn 0.019031 0.990300 0.137635
vn -0.387385 0.912714 0.129943
vn -0.005579 0.971353 0.237574
vn 0.263391 0.949291 0.171675
vn -0.018612 0.963860 0.265760
vn -0.005852 0.980359 0.197136
vn 0.070833 0.971735 0.225198
vn -0.364368 0.893956 0.260917
vn 0.025400 0.897459 0.440366
vn 0.096157 0.706155 0.701498
vn 0.250825 0.708634 0.659488
vn 0.273825 0.856860 0.436819
vn 0.013305 0.905367 0.424421
vn 0.075414 0.717388 0.692580
vn 0.156056 0.722525 0.673502
vn 0.114428 0.916403 0.383551
vn 0.033998 0.920357 0.389598
vn 0.065922 0.719115 0.691757
vn -0.305100 0.823229 0.478757
vn -0.189504 0.697576 0.690996
vn 0.931293 -0.360646 -0.051268
vn 0.995331 0.068066 -0.068434
vn 0.976605 0.022811 -0.213830
vn 0.856877 -0.455148 -0.242078
vn 0.906095 0.423041 -0.005307
vn 0.875823 0.473178 -0.095064
vn 0.693423 0.709037 0.128188
vn 0.639235 0.766641 0.060331
vn 0.959803 0.017162 -0.280149
vn 0.783568 -0.504292 -0.362921
vn 0.853848 0.501347 -0.139982
vn 0.588201 0.808713 -0.001423
vn 0.955127 0.066215 -0.288702
vn 0.758087 -0.485423 -0.435510
vn 0.856158 0.488732 -0.167737
vn 0.581493 0.807422 -0.099678
vn 0.989925 0.075166 -0.119995
vn 0.810333 -0.510756 -0.287209
vn 0.894932 0.441792 -0.062579
vn 0.633937 0.769877 -0.073577
vn 0.971092 -0.006832 0.238607
vn 0.786674 -0.608391 0.104904
vn 0.900747 0.364883 0.235618
vn 0.677399 0.714060 0.176775
vn 0.616296 -0.760653 -0.203927
vn 0.507638 -0.795165 -0.331686
vn 0.414065 -0.806054 -0.422881
vn 0.399693 -0.831527 -0.385758
vn 0.344483 -0.707598 0.616957
vn 0.154711 -0.922412 0.353866
vn 0.239665 -0.942044 0.234763
vn 0.573878 -0.674856 0.463933
vn 0.629021 0.606819 0.485905
vn 0.415397 0.477870 0.774007
vn 0.538929 0.084721 0.838080
vn 0.798505 0.237800 0.553029
vn 0.688220 -0.725217 -0.020329
vn -0.439180 -0.897170 -0.046978
vn -0.420082 -0.890997 0.172205
vn -0.140821 -0.983998 0.109171
vn -0.167198 -0.983346 -0.071240
vn 0.002979 -0.998657 0.051722
vn 0.036498 -0.999196 0.016603
vn 0.000252 -0.997143 -0.075537
vn -0.032538 -0.996781 -0.073267
vn 0.046779 -0.998831 0.012155
vn 0.161656 -0.986574 0.023238
vn 0.151043 -0.983647 -0.098106
vn 0.041866 -0.995689 -0.082769
vn 0.006001 -0.977576 -0.210496
vn -0.125347 -0.955768 -0.266075
vn 0.011636 -0.988058 -0.153641
vn 0.382512 -0.912168 -0.147085
vn 0.299402 -0.918663 -0.257715
vn 0.101097 -0.978567 -0.179407
vn 0.093224 -0.922314 -0.375028
vn -0.076922 -0.889743 -0.449933
vn 0.080604 -0.963443 -0.255503
vn 0.025639 -0.989833 -0.139905
vn 0.019761 -0.972002 -0.234139
vn 0.008416 -0.980032 -0.198660
vn 0.195476 -0.921448 -0.335742
vn 0.188210 -0.853955 -0.485117
vn -0.051993 -0.872133 -0.486498
vn 0.167696 -0.917696 -0.360157
vn -0.061089 -0.941408 -0.331692
vn -0.021391 -0.957367 -0.288081
vn 0.129658 -0.908075 -0.398232
vn 0.315425 -0.921844 0.225189
vn 0.270499 -0.916293 0.295360
vn 0.233764 -0.961127 0.146936
vn 0.346104 -0.936724 0.052540
vn 0.248094 -0.968016 0.037342
vn 0.265163 -0.935769 0.232431
vn 0.048424 -0.973085 0.225303
vn 0.115907 -0.961252 0.250121
vn 0.066939 -0.996056 0.058233
vn 0.009333 -0.996602 0.081835
vn 0.061914 -0.970446 0.233243
vn 0.073521 -0.989856 0.121569
vn 0.421084 -0.906994 0.007073
vn -0.798049 0.461793 0.387125
vn -0.934165 0.103877 0.341388
vn -0.962347 0.190120 0.194276
vn -0.795176 0.543487 0.268919
vn -0.909175 -0.306532 0.281850
vn -0.961848 -0.254885 0.099408
vn -0.701379 -0.677573 0.221277
vn -0.737616 -0.675195 0.005844
vn -0.955803 0.286441 0.066280
vn -0.758281 0.632603 0.157555
vn -0.984545 -0.159121 -0.073158
vn -0.746725 -0.623963 -0.230375
vn -0.931959 0.355016 0.073593
vn -0.723854 0.679459 0.119877
vn -0.995128 -0.076193 -0.062569
vn -0.753721 -0.579558 -0.309866
vn -0.896950 0.356904 0.260959
vn -0.712997 0.671337 0.202343
vn -0.970210 -0.095135 0.222805
vn -0.749622 -0.661297 -0.027445
vn -0.796715 0.306068 0.521122
vn -0.671134 0.629374 0.391750
vn -0.822452 -0.158806 0.546217
vn -0.611920 -0.707308 0.353934
vn -0.266922 0.483959 0.833389
vn -0.562098 0.563426 0.605473
vn 0.147446 -0.873313 0.464310
vn -0.055954 -0.662916 0.746600
vn -0.383189 -0.691285 0.612610
vn -0.018542 -0.937990 0.346166
vn -0.324275 -0.887445 -0.327548
vn -0.242637 -0.970071 0.009412
vn -0.337771 -0.830913 -0.442148
vn -0.394375 -0.872961 -0.287067
vn -0.288813 0.128121 0.948774
vn 0.152506 0.027833 0.987911
vn 0.101348 0.393202 0.913849
vn -0.227252 -0.298724 0.926888
vn 0.210744 -0.355246 0.910707
vn 0.263039 -0.651391 0.711688
vn 0.242593 -0.020497 0.969912
vn 0.195185 0.362698 0.911237
vn 0.290948 -0.405847 0.866393
vn 0.322213 -0.680817 0.657774
vn 0.116763 -0.034151 0.992573
vn 0.179238 -0.010194 0.983753
vn 0.150576 0.393809 0.906775
vn 0.112479 0.368665 0.922732
vn 0.122107 -0.458908 0.880053
vn 0.172914 -0.451059 0.875584
vn 0.124614 -0.736031 0.665379
vn 0.130388 -0.743276 0.656156
vn 0.508245 -0.331259 0.794956
vn 0.076691 -0.919302 0.386009
vn 0.121291 -0.891841 0.435785
vn 0.308158 -0.853328 0.420559
vn 0.286546 -0.862537 0.417038
vn -0.070964 0.216445 -0.973712
vn -0.035691 0.274587 -0.960900
vn -0.021224 0.452090 -0.891720
vn -0.024839 0.454934 -0.890179
vn -0.233839 0.429995 -0.872023
vn -0.266482 0.078786 -0.960615
vn -0.263175 0.262292 -0.928408
vn -0.145182 0.347937 -0.926209
vn -0.160637 0.323813 -0.932385
vn -0.106305 0.095793 -0.989709
vn -0.111044 0.255229 -0.960483
vn -0.093895 0.446224 -0.889982
vn -0.103329 0.358485 -0.927800
vn -0.093960 0.427314 -0.899207
vn -0.141452 0.363669 -0.920726
vn -0.167930 0.321079 -0.932045
vn -0.169289 0.411456 -0.895570
vn -0.176257 0.439100 -0.880980
vn -0.178705 0.360544 -0.915463
vn -0.183648 0.250895 -0.950434
vn -0.181192 0.074833 -0.980596
vn -0.184290 0.422472 -0.887443
vn -0.194578 0.404322 -0.893680
vn -0.165852 0.394346 -0.903872
vn -0.110977 0.424106 -0.898787
vn -0.043527 0.468419 -0.882434
vn -0.003491 0.461646 -0.887058
vn 0.369478 -0.923630 -0.101953
vn 0.104143 -0.970368 -0.218038
vn -0.063113 -0.972804 -0.222865
vn -0.010471 -0.980348 -0.196999
vn 0.232727 -0.942718 -0.238998
vn 0.297281 -0.907533 -0.296661
vn 0.061611 -0.970522 -0.233006
vn -0.642860 0.231870 0.730046
vn 0.798190 -0.149453 0.583573
vn -0.619036 -0.212672 0.756019
s 1
g Feet M_Skeleton L_F_Middle_Phalanx_2
usemtl Skeleton_Feet_SG
f 815/906/815 816/907/816 817/908/817 818/909/818
f 819/910/819 820/911/820 821/912/821 822/913/822
f 821/912/821 820/911/820 823/914/823 824/915/824
f 825/916/825 826/917/826 827/918/827 828/919/828
f 829/920/829 830/921/830 831/922/831 832/923/832
f 832/923/832 831/922/831 833/924/833 834/925/834
f 833/924/833 831/922/831 835/926/835 836/927/836
f 837/928/837 838/929/838 839/930/839 840/931/840
f 841/932/841 842/933/842 843/934/843 844/935/844
f 842/933/842 845/936/845 846/937/846 843/934/843
f 845/936/845 847/938/847 848/939/848 846/937/846
f 847/938/847 849/940/849 850/941/850 848/939/848
f 844/935/844 843/934/843 851/942/851 852/943/852
f 843/934/843 846/937/846 853/944/853 851/942/851
f 846/937/846 848/939/848 854/945/854 853/944/853
f 848/939/848 850/941/850 855/946/855 854/945/854
f 852/943/852 851/942/851 856/947/856 857/948/857
f 851/942/851 853/944/853 858/949/858 856/947/856
f 853/944/853 854/945/854 859/950/859 858/949/858
f 854/945/854 855/946/855 860/951/860 859/950/859
f 861/952/861 841/953/841 844/954/844 822/913/822
f 822/913/822 844/954/844 852/955/852 819/910/819
f 819/910/819 852/955/852 857/956/857 862/957/862
f 862/957/862 857/956/857 863/958/863 864/959/864
f 857/948/857 856/947/856 865/960/865 863/961/863
f 856/947/856 858/949/858 866/962/866 865/960/865
f 858/949/858 859/950/859 867/963/867 866/962/866
f 859/950/859 860/951/860 868/964/868 867/963/867
f 849/940/849 847/938/847 869/965/869 870/966/870
f 847/938/847 845/936/845 871/967/871 869/965/869
f 845/936/845 842/933/842 872/968/872 871/967/871
f 842/933/842 841/932/841 873/969/873 872/968/872
f 841/953/841 861/952/861 817/908/817 873/970/873
f 874/971/874 875/972/875 876/973/876 877/974/877
f 878/975/878 879/976/879 875/972/875 874/971/874
f 880/977/880 881/978/881 879/976/879 878/975/878
f 882/979/882 883/980/883 881/978/881 880/977/880
f 876/973/876 875/972/875 884/981/884 885/982/885
f 875/972/875 879/976/879 886/983/886 884/981/884
f 879/976/879 881/978/881 887/984/887 886/983/886
f 881/978/881 883/980/883 888/985/888 887/984/887
f 889/986/889 890/987/890 891/988/891 892/989/892
f 893/990/893 894/991/894 890/987/890 889/986/889
f 895/992/895 896/993/896 894/991/894 893/990/893
f 897/994/897 898/995/898 896/993/896 895/992/895
f 891/988/891 890/987/890 899/996/899 900/997/900
f 890/987/890 894/991/894 901/998/901 899/996/899
f 894/991/894 896/993/896 902/999/902 901/998/901
f 896/993/896 898/995/898 903/1000/903 902/999/902
f 877/974/877 876/973/876 840/931/840 839/930/839
f 840/931/840 876/973/876 885/982/885 904/1001/904
f 892/989/892 891/988/891 905/1002/905 906/1003/906
f 905/1002/905 891/988/891 900/997/900 907/1004/907
f 908/1005/908 909/1006/909 910/1007/910 911/1008/911
f 909/1006/909 912/1009/912 913/1010/913 910/1007/910
f 912/1009/912 914/1011/914 915/1012/915 913/1010/913
f 914/1011/914 916/1013/916 917/1014/917 915/1012/915
f 911/1008/911 910/1007/910 918/1015/918 919/1016/919
f 910/1007/910 913/1010/913 920/1017/920 918/1015/918
f 913/1010/913 915/1012/915 921/1018/921 920/1017/920
f 915/1012/915 917/1014/917 922/1019/922 921/1018/921
f 919/1020/919 918/1021/918 923/1022/923 924/1023/924
f 918/1021/918 920/1024/920 925/1025/925 923/1022/923
f 920/1024/920 921/1026/921 926/1027/926 925/1025/925
f 921/1026/921 922/1028/922 927/1029/927 926/1027/926
f 836/927/836 908/1030/908 911/1031/911 833/924/833
f 833/924/833 911/1031/911 919/1032/919 834/925/834
f 834/925/834 919/1032/919 924/1033/924 828/919/828
f 828/919/828 924/1033/924 928/1034/928 825/916/825
f 924/1023/924 923/1022/923 929/1035/929 928/1036/928
f 923/1022/923 925/1025/925 930/1037/930 929/1035/929
f 925/1025/925 926/1027/926 931/1038/931 930/1037/930
f 926/1027/926 927/1029/927 932/1039/932 931/1038/931
f 916/1013/916 914/1011/914 933/1040/933 934/1041/934
f 914/1011/914 912/1009/912 935/1042/935 933/1040/933
f 912/1009/912 909/1006/909 936/1043/936 935/1042/935
f 909/1006/909 908/1005/908 937/1044/937 936/1043/936
f 908/1030/908 836/927/836 938/1045/938 937/1044/937
f 928/1036/928 929/1035/929 939/1046/939 940/1047/940
f 929/1035/929 930/1037/930 941/1048/941 939/1046/939
f 930/1037/930 931/1038/931 942/1049/942 941/1048/941
f 931/1038/931 932/1039/932 943/1050/943 942/1049/942
f 940/1047/940 939/1046/939 944/1051/944 945/1052/945
f 939/1046/939 941/1048/941 946/1053/946 944/1051/944
f 941/1048/941 942/1049/942 947/1054/947 946/1053/946
f 942/1049/942 943/1050/943 948/1055/948 947/1054/947
f 949/1056/949 950/1057/950 951/1058/951 952/1059/952
f 953/1060/953 954/1061/954 950/1057/950 949/1056/949
f 955/1062/955 956/1063/956 954/1061/954 953/1060/953
f 957/1064/957 958/1065/958 956/1063/956 955/1062/955
f 951/1058/951 950/1057/950 872/968/872 873/969/873
f 950/1057/950 954/1061/954 871/967/871 872/968/872
f 954/1061/954 956/1063/956 869/965/869 871/967/871
f 956/1063/956 958/1065/958 870/966/870 869/965/869
f 825/916/825 928/1034/928 940/1066/940 959/1067/959
f 959/1067/959 940/1066/940 945/1068/945 960/1069/960
f 952/1070/952 951/1071/951 816/907/816 961/1072/961
f 816/907/816 951/1071/951 873/970/873 817/908/817
f 962/1073/962 963/1074/963 964/1075/964 965/1076/965
f 963/1074/963 966/1077/966 967/1078/967 964/1075/964
f 968/1079/968 969/1080/969 970/1081/970 971/1082/971
f 969/1080/969 972/1083/972 973/1084/973 970/1081/970
f 965/1076/965 964/1075/964 974/1085/974 975/1086/975
f 964/1075/964 967/1078/967 976/1087/976 974/1085/974
f 976/1087/976 967/1078/967 971/1082/971 977/1088/977
f 970/1081/970 973/1084/973 978/1089/978 979/1090/979
f 975/1086/975 974/1085/974 980/1091/980 981/1092/981
f 974/1085/974 976/1087/976 982/1093/982 980/1091/980
f 977/1088/977 979/1090/979 983/1094/983 984/1095/984
f 979/1090/979 978/1089/978 985/1096/985 983/1094/983
f 981/1092/981 980/1091/980 986/1097/986 987/1098/987
f 980/1091/980 982/1093/982 988/1099/988 986/1097/986
f 984/1095/984 983/1094/983 989/1100/989 990/1101/990
f 983/1094/983 985/1096/985 991/1102/991 989/1100/989
f 987/1098/987 986/1097/986 992/1103/992 993/1104/993
f 986/1097/986 988/1099/988 994/1105/994 992/1103/992
f 990/1101/990 989/1100/989 995/1106/995 996/1107/996
f 989/1100/989 991/1102/991 997/1108/997 995/1106/995
f 998/1109/998 999/1110/999 1000/1111/1000 1001/1112/1001
f 1002/1113/1002 1003/1114/1003 999/1110/999 998/1109/998
f 1004/1115/1004 1005/1116/1005 1006/1117/1006 1007/1118/1007
f 1008/1119/1008 1009/1120/1009 1007/1118/1007 1006/1117/1006
f 972/1083/972 969/1080/969 943/1050/943 932/1039/932
f 969/1080/969 968/1079/968 948/1055/948 943/1050/943
f 966/1077/966 963/1074/963 958/1065/958 957/1064/957
f 963/1074/963 962/1073/962 870/966/870 958/1065/958
f 1010/1121/1010 1011/1122/1011 1012/1123/1012 1013/1124/1013
f 1011/1122/1011 1014/1125/1014 1015/1126/1015 1012/1123/1012
f 1014/1125/1014 1016/1127/1016 1017/1128/1017 1015/1126/1015
f 1013/1124/1013 1012/1123/1012 1018/1129/1018 1019/1130/1019
f 1012/1123/1012 1015/1126/1015 1020/1131/1020 1018/1129/1018
f 1015/1126/1015 1017/1128/1017 1021/1132/1021 1020/1131/1020
f 1019/1130/1019 1018/1129/1018 1022/1133/1022 1023/1134/1023
f 1018/1129/1018 1020/1131/1020 1024/1135/1024 1022/1133/1022
f 1020/1131/1020 1021/1132/1021 1025/1136/1025 1024/1135/1024
f 1023/1134/1023 1022/1133/1022 1026/1137/1026 1027/1138/1027
f 1022/1133/1022 1024/1135/1024 1028/1139/1028 1026/1137/1026
f 1024/1135/1024 1025/1136/1025 1029/1140/1029 1028/1139/1028
f 1027/1138/1027 1026/1137/1026 1030/1141/1030 1031/1142/1031
f 1026/1137/1026 1028/1139/1028 1032/1143/1032 1030/1141/1030
f 1028/1139/1028 1029/1140/1029 1033/1144/1033 1032/1143/1032
f 1034/1145/1034 1013/1124/1013 1019/1130/1019 1035/1146/1035
f 1035/1146/1035 1019/1130/1019 1023/1134/1023 1036/1147/1036
f 1036/1147/1036 1023/1134/1023 1027/1138/1027 1037/1148/1037
f 1038/1149/1038 1039/1150/1039 1040/1151/1040 1041/1152/1041
f 1042/1153/1042 1043/1154/1043 1044/1155/1044 1045/1156/1045
f 1000/1111/1000 1043/1154/1043 1042/1153/1042 1001/1112/1001
f 1033/1144/1033 1029/1140/1029 987/1098/987 993/1104/993
f 987/1098/987 1029/1140/1029 1025/1136/1025 981/1092/981
f 981/1092/981 1025/1136/1025 1021/1132/1021 975/1086/975
f 975/1086/975 1021/1132/1021 1017/1128/1017 965/1076/965
f 965/1076/965 1017/1128/1017 1016/1127/1016 962/1073/962
f 962/1073/962 1016/1127/1016 849/940/849 870/966/870
f 1016/1127/1016 1014/1125/1014 850/941/850 849/940/849
f 1014/1125/1014 1011/1122/1011 855/946/855 850/941/850
f 1011/1122/1011 1010/1121/1010 860/951/860 855/946/855
f 1010/1121/1010 1046/1157/1046 868/964/868 860/951/860
f 1047/1158/1047 1048/1159/1048 1049/1160/1049 1050/1161/1050
f 1051/1162/1051 1052/1163/1052 1053/1164/1053 1054/1165/1054
f 1055/1166/1055 1056/1167/1056 1057/1168/1057 1058/1169/1058
f 1050/1161/1050 1054/1165/1054 1059/1170/1059 1060/1171/1060
f 1061/1172/1061 1059/1170/1059 1054/1165/1054 1053/1164/1053
f 1057/1168/1057 1062/1173/1062 1063/1174/1063 1064/1175/1064
f 1060/1171/1060 1059/1170/1059 1065/1176/1065 1066/1177/1066
f 1059/1170/1059 1061/1172/1061 1067/1178/1067 1065/1176/1065
f 1068/1179/1068 1064/1175/1064 1069/1180/1069 1070/1181/1070
f 1064/1175/1064 1063/1174/1063 1071/1182/1071 1069/1180/1069
f 1066/1177/1066 1065/1176/1065 1072/1183/1072 1073/1184/1073
f 1065/1176/1065 1067/1178/1067 1074/1185/1074 1072/1183/1072
f 1070/1181/1070 1069/1180/1069 1075/1186/1075 1076/1187/1076
f 1069/1180/1069 1071/1182/1071 1077/1188/1077 1075/1186/1075
f 1078/1189/1078 1079/1190/1079 1080/1191/1080 1081/1192/1081
f 1082/1193/1082 1083/1194/1083 1078/1189/1078 1081/1192/1081
f 1084/1195/1084 1085/1196/1085 1086/1197/1086 1087/1198/1087
f 1088/1199/1088 1084/1195/1084 1087/1198/1087 1089/1200/1089
f 1090/1201/1090 1056/1167/1056 883/980/883 882/979/882
f 1056/1167/1056 1055/1166/1055 888/985/888 883/980/883
f 1052/1163/1052 1051/1162/1051 898/995/898 897/994/897
f 1051/1162/1051 1049/1160/1049 903/1000/903 898/995/898
f 1091/1202/1091 1092/1203/1092 1093/1204/1093 1094/1205/1094
f 1092/1206/1092 1095/1207/1095 1096/1208/1096 1093/1209/1093
f 1095/1207/1095 1097/1210/1097 1098/1211/1098 1096/1208/1096
f 1094/1205/1094 1093/1204/1093 1099/1212/1099 1100/1213/1100
f 1093/1209/1093 1096/1208/1096 1101/1214/1101 1099/1215/1099
f 1096/1208/1096 1098/1211/1098 1102/1216/1102 1101/1214/1101
f 1100/1213/1100 1099/1212/1099 1103/1217/1103 1104/1218/1104
f 1099/1215/1099 1101/1214/1101 1105/1219/1105 1103/1220/1103
f 1101/1214/1101 1102/1216/1102 1106/1221/1106 1105/1219/1105
f 1104/1218/1104 1103/1217/1103 1107/1222/1107 1108/1223/1108
f 1103/1220/1103 1105/1219/1105 1109/1224/1109 1107/1225/1107
f 1105/1219/1105 1106/1221/1106 1110/1226/1110 1109/1224/1109
f 1108/1223/1108 1107/1222/1107 1111/1227/1111 1112/1228/1112
f 1107/1225/1107 1109/1224/1109 1113/1229/1113 1111/1230/1111
f 1109/1224/1109 1110/1226/1110 1114/1231/1114 1113/1229/1113
f 972/1083/972 1091/1202/1091 1094/1205/1094 973/1084/973
f 973/1084/973 1094/1205/1094 1100/1213/1100 978/1089/978
f 978/1089/978 1100/1213/1100 1104/1218/1104 985/1096/985
f 985/1096/985 1104/1218/1104 1108/1223/1108 991/1102/991
f 991/1102/991 1108/1223/1108 1112/1228/1112 997/1108/997
f 1115/1232/1115 1009/1120/1009 1008/1119/1008 1116/1233/1116
f 1117/1234/1117 1118/1235/1118 1119/1236/1119 1120/1237/1120
f 1114/1231/1114 1110/1226/1110 1121/1238/1121 1122/1239/1122
f 1121/1238/1121 1110/1226/1110 1106/1221/1106 1123/1240/1123
f 1123/1240/1123 1106/1221/1106 1102/1216/1102 1124/1241/1124
f 1124/1241/1124 1102/1216/1102 1098/1211/1098 1047/1158/1047
f 1048/1159/1048 1097/1210/1097 916/1013/916 934/1041/934
f 1097/1210/1097 1095/1207/1095 917/1014/917 916/1013/916
f 1095/1207/1095 1092/1206/1092 922/1019/922 917/1014/917
f 1092/1203/1092 1091/1202/1091 927/1029/927 922/1028/922
f 1091/1202/1091 972/1083/972 932/1039/932 927/1029/927
f 1115/1232/1115 1125/1242/1125 1126/1243/1126 1127/1244/1127
f 1125/1242/1125 1128/1245/1128 1129/1246/1129 1126/1243/1126
f 1128/1245/1128 1118/1235/1118 1130/1247/1130 1129/1246/1129
f 1127/1244/1127 1126/1243/1126 1131/1248/1131 1132/1249/1132
f 1126/1243/1126 1129/1246/1129 1133/1250/1133 1131/1248/1131
f 1129/1246/1129 1130/1247/1130 1134/1251/1134 1133/1250/1133
f 1135/1252/1135 1136/1253/1136 1137/1254/1137 1138/1255/1138
f 1139/1256/1139 1140/1257/1140 1136/1253/1136 1135/1252/1135
f 1141/1258/1141 1142/1259/1142 1140/1257/1140 1139/1256/1139
f 1137/1254/1137 1136/1253/1136 1044/1155/1044 1043/1154/1043
f 1136/1253/1136 1140/1257/1140 1143/1260/1143 1044/1155/1044
f 1140/1257/1140 1142/1259/1142 1038/1149/1038 1143/1260/1143
f 1009/1120/1009 1115/1232/1115 1127/1244/1127 1007/1118/1007
f 1007/1118/1007 1127/1244/1127 1132/1249/1132 1004/1115/1004
f 1138/1255/1138 1137/1254/1137 999/1110/999 1003/1114/1003
f 999/1110/999 1137/1254/1137 1043/1154/1043 1000/1111/1000
f 1084/1195/1084 1144/1261/1144 1145/1262/1145 1085/1196/1085
f 1146/1263/1146 1147/1264/1147 1078/1189/1078 1083/1194/1083
f 1078/1189/1078 1147/1264/1147 1117/1265/1117 1079/1190/1079
f 1148/1266/1148 1149/1267/1149 815/906/815 818/909/818
f 820/911/820 1150/1268/1150 1151/1269/1151 823/914/823
f 830/921/830 1152/1270/1152 835/926/835 831/922/831
f 1153/1271/1153 1154/1272/1154 827/918/827 826/917/826
f 1150/1268/1150 820/911/820 819/910/819 862/957/862
f 1155/1273/1155 1156/1274/1156 905/1002/905 907/1004/907
f 959/1067/959 1153/1271/1153 826/917/826 825/916/825
f 818/909/818 817/908/817 861/952/861 1148/1266/1148
f 961/1072/961 816/907/816 815/906/815 1157/1275/1157
f 1149/1267/1149 1158/1276/1158 1157/1275/1157 815/906/815
f 823/914/823 1159/1277/1159 1160/1278/1160 824/915/824
f 1151/1269/1151 1161/1279/1161 1159/1277/1159 823/914/823
f 1162/1280/1162 837/928/837 840/931/840 904/1001/904
f 1156/1274/1156 1163/1281/1163 906/1003/906 905/1002/905
f 1164/1282/1164 1152/1270/1152 830/921/830 1165/1283/1165
f 1165/1283/1165 830/921/830 829/920/829 1166/1284/1166
f 1167/1285/1167 1154/1272/1154 1153/1271/1153 1168/1286/1168
f 1168/1286/1168 1153/1271/1153 959/1067/959 960/1069/960
f 828/919/828 827/918/827 832/923/832 834/925/834
f 1154/1272/1154 829/920/829 832/923/832 827/918/827
f 1166/1284/1166 829/920/829 1154/1272/1154 1167/1285/1167
f 824/915/824 1160/1278/1160 1158/1276/1158 1149/1267/1149
f 821/912/821 824/915/824 1149/1267/1149 1148/1266/1148
f 822/913/822 821/912/821 1148/1266/1148 861/952/861
f 836/927/836 835/926/835 1169/1287/1169 938/1045/938
f 1170/1288/1170 1156/1274/1156 1155/1273/1155 1169/1287/1169
f 1163/1281/1163 1156/1274/1156 1170/1288/1170 1171/1289/1171
f 837/928/837 1162/1280/1162 1172/1290/1172 1173/1291/1173
f 1174/1292/1174 838/929/838 837/928/837 1173/1291/1173
f 1174/1292/1174 1150/1268/1150 862/957/862 864/959/864
f 1037/1148/1037 1027/1138/1027 1031/1142/1031 1175/1293/1175
f 1075/1186/1075 1077/1188/1077 1176/1294/1176 1177/1295/1177
f 1076/1187/1076 1075/1186/1075 1177/1295/1177 1178/1296/1178
f 1072/1183/1072 1074/1185/1074 1179/1297/1179 1180/1298/1180
f 1073/1184/1073 1072/1183/1072 1180/1298/1180 1181/1299/1181
f 977/1088/977 984/1095/984 982/1093/982 976/1087/976
f 984/1095/984 990/1101/990 988/1099/988 982/1093/982
f 990/1101/990 996/1107/996 994/1105/994 988/1099/988
f 1005/1116/1005 1004/1115/1004 1003/1114/1003 1002/1113/1002
f 1004/1115/1004 1132/1249/1132 1138/1255/1138 1003/1114/1003
f 1068/1179/1068 1070/1181/1070 1067/1178/1067 1061/1172/1061
f 1070/1181/1070 1076/1187/1076 1074/1185/1074 1067/1178/1067
f 1076/1187/1076 1178/1296/1178 1179/1297/1179 1074/1185/1074
f 1086/1197/1086 1085/1196/1085 1083/1194/1083 1082/1193/1082
f 1085/1196/1085 1145/1262/1145 1146/1263/1146 1083/1194/1083
f 1132/1249/1132 1131/1248/1131 1135/1252/1135 1138/1255/1138
f 1131/1248/1131 1133/1250/1133 1139/1256/1139 1135/1252/1135
f 1133/1250/1133 1134/1251/1134 1141/1258/1141 1139/1256/1139
f 1053/1164/1053 1058/1169/1058 1068/1179/1068 1061/1172/1061
f 971/1082/971 970/1081/970 979/1090/979 977/1088/977
f 1058/1169/1058 1057/1168/1057 1064/1175/1064 1068/1179/1068
f 1168/1286/1168 960/1069/960 961/1072/961 1157/1275/1157
f 1157/1275/1157 1158/1276/1158 1167/1285/1167 1168/1286/1168
f 1158/1276/1158 1160/1278/1160 1166/1284/1166 1167/1285/1167
f 1160/1278/1160 1159/1277/1159 1165/1283/1165 1166/1284/1166
f 1159/1277/1159 1161/1279/1161 1164/1282/1164 1165/1283/1165
f 1172/1290/1172 1162/1280/1162 1163/1281/1163 1171/1289/1171
f 892/989/892 906/1003/906 904/1001/904 885/982/885
f 885/982/885 884/981/884 889/986/889 892/989/892
f 884/981/884 886/983/886 893/990/893 889/986/889
f 886/983/886 887/984/887 895/992/895 893/990/893
f 887/984/887 888/985/888 897/994/897 895/992/895
f 888/985/888 1055/1166/1055 1052/1163/1052 897/994/897
f 952/1070/952 961/1072/961 960/1069/960 945/1068/945
f 945/1052/945 944/1051/944 949/1056/949 952/1059/952
f 944/1051/944 946/1053/946 953/1060/953 949/1056/949
f 946/1053/946 947/1054/947 955/1062/955 953/1060/953
f 947/1054/947 948/1055/948 957/1064/957 955/1062/955
f 948/1055/948 968/1079/968 966/1077/966 957/1064/957
f 968/1079/968 971/1082/971 967/1078/967 966/1077/966
f 1055/1166/1055 1058/1169/1058 1053/1164/1053 1052/1163/1052
f 1162/1280/1162 904/1001/904 906/1003/906 1163/1281/1163
f 1115/1232/1115 1116/1233/1116 1182/1300/1182 1125/1242/1125
f 1183/1301/1183 1143/1260/1143 1038/1149/1038 1041/1152/1041
f 1045/1156/1045 1044/1155/1044 1143/1260/1143 1183/1301/1183
f 1119/1236/1119 1118/1235/1118 1128/1245/1128 1184/1302/1184
f 1128/1245/1128 1125/1242/1125 1182/1300/1182 1184/1302/1184
f 992/1103/992 994/1105/994 1002/1113/1002 998/1109/998
f 998/1109/998 1001/1112/1001 993/1104/993 992/1103/992
f 1001/1112/1001 1042/1153/1042 1033/1144/1033 993/1104/993
f 994/1105/994 996/1107/996 1005/1116/1005 1002/1113/1002
f 1006/1117/1006 1005/1116/1005 996/1107/996 995/1106/995
f 995/1106/995 997/1108/997 1008/1119/1008 1006/1117/1006
f 997/1108/997 1112/1228/1112 1116/1303/1116 1008/1119/1008
f 1031/1142/1031 1030/1141/1030 1183/1304/1183 1041/1305/1041
f 1041/1305/1041 1040/1306/1040 1175/1293/1175 1031/1142/1031
f 1030/1141/1030 1032/1143/1032 1045/1307/1045 1183/1304/1183
f 1042/1153/1042 1045/1307/1045 1032/1143/1032 1033/1144/1033
f 1112/1228/1112 1111/1227/1111 1182/1308/1182 1116/1303/1116
f 1111/1230/1111 1113/1229/1113 1184/1309/1184 1182/1310/1182
f 1113/1229/1113 1114/1231/1114 1119/1311/1119 1184/1309/1184
f 1114/1231/1114 1122/1239/1122 1120/1312/1120 1119/1311/1119
f 1181/1299/1181 1180/1298/1180 1081/1192/1081 1080/1191/1080
f 1089/1200/1089 1087/1198/1087 1177/1295/1177 1176/1294/1176
f 1087/1198/1087 1086/1197/1086 1178/1296/1178 1177/1295/1177
f 1086/1197/1086 1082/1193/1082 1179/1297/1179 1178/1296/1178
f 1180/1298/1180 1179/1297/1179 1082/1193/1082 1081/1192/1081
f 1047/1158/1047 1098/1211/1098 1097/1210/1097 1048/1159/1048
f 1050/1161/1050 1060/1171/1060 1124/1241/1124 1047/1158/1047
f 1060/1171/1060 1066/1177/1066 1123/1240/1123 1124/1241/1124
f 1066/1177/1066 1073/1184/1073 1121/1238/1121 1123/1240/1123
f 1073/1184/1073 1181/1299/1181 1122/1239/1122 1121/1238/1121
f 1181/1299/1181 1080/1191/1080 1120/1312/1120 1122/1239/1122
f 1117/1265/1117 1120/1312/1120 1080/1191/1080 1079/1190/1079
f 1039/1313/1039 1144/1261/1144 1084/1195/1084 1088/1199/1088
f 1034/1145/1034 1035/1146/1035 1063/1174/1063 1062/1173/1062
f 1035/1146/1035 1036/1147/1036 1071/1182/1071 1063/1174/1063
f 1036/1147/1036 1037/1148/1037 1077/1188/1077 1071/1182/1071
f 1037/1148/1037 1175/1293/1175 1176/1294/1176 1077/1188/1077
f 1175/1293/1175 1040/1306/1040 1089/1200/1089 1176/1294/1176
f 1088/1199/1088 1089/1200/1089 1040/1306/1040 1039/1313/1039
f 1050/1161/1050 1049/1160/1049 1051/1162/1051 1054/1165/1054
f 1147/1314/1147 1130/1247/1130 1118/1235/1118 1117/1234/1117
f 1134/1251/1134 1130/1247/1130 1147/1314/1147 1146/1315/1146
f 1145/1316/1145 1141/1258/1141 1134/1251/1134 1146/1315/1146
f 1144/1317/1144 1142/1259/1142 1141/1258/1141 1145/1316/1145
f 1039/1150/1039 1038/1149/1038 1142/1259/1142 1144/1317/1144
f 1090/1201/1090 1062/1173/1062 1057/1168/1057 1056/1167/1056
f 1046/1157/1046 1010/1121/1010 1013/1124/1013 1034/1145/1034
f 877/974/877 839/930/839 864/959/864 863/958/863
f 863/961/863 865/960/865 874/971/874 877/974/877
f 865/960/865 866/962/866 878/975/878 874/971/874
f 866/962/866 867/963/867 880/977/880 878/975/878
f 867/963/867 868/964/868 882/979/882 880/977/880
f 868/964/868 1046/1157/1046 1090/1201/1090 882/979/882
f 937/1044/937 938/1045/938 907/1004/907 900/997/900
f 900/997/900 899/996/899 936/1043/936 937/1044/937
f 899/996/899 901/998/901 935/1042/935 936/1043/936
f 901/998/901 902/999/902 933/1040/933 935/1042/935
f 902/999/902 903/1000/903 934/1041/934 933/1040/933
f 903/1000/903 1049/1160/1049 1048/1159/1048 934/1041/934
f 1155/1273/1155 907/1004/907 938/1045/938 1169/1287/1169
f 1174/1292/1174 864/959/864 839/930/839 838/929/838
f 1034/1145/1034 1062/1173/1062 1090/1201/1090 1046/1157/1046
f 1150/1268/1150 1174/1292/1174 1173/1291/1173 1151/1269/1151
f 1172/1290/1172 1161/1279/1161 1151/1269/1151 1173/1291/1173
f 1161/1279/1161 1172/1290/1172 1171/1289/1171 1164/1282/1164
f 1170/1288/1170 1152/1270/1152 1164/1282/1164 1171/1289/1171
f 1152/1270/1152 1170/1288/1170 1169/1287/1169 835/926/835
g default
v 9.094810 2.139855 6.979970
v 9.110078 2.034612 6.943933
v 8.945601 2.028767 7.029682
v 8.944704 2.153207 7.064857
v 9.089562 1.927472 6.918448
v 8.928160 1.936871 7.000309
v 8.803429 2.280167 7.115272
v 8.793224 2.171559 7.098561
v 8.645330 2.167992 7.105444
v 8.657354 2.284467 7.124770
v 8.779865 2.036259 7.067635
v 8.628185 2.043313 7.071964
v 8.767176 1.949208 7.042418
v 8.617223 1.956200 7.050226
v 8.752642 1.869370 7.010498
v 8.743276 1.795205 6.981379
v 8.600122 1.805180 6.995238
v 8.609944 1.877465 7.020365
v 8.484530 2.051217 7.065022
v 8.497109 2.170754 7.091996
v 8.472913 1.963403 7.037339
v 8.823242 2.479989 7.108132
v 8.813774 2.379697 7.119648
v 8.660904 2.376031 7.130584
v 8.657891 2.478299 7.122236
v 8.514700 2.335938 7.116019
v 8.479914 2.405000 7.108768
v 8.328434 2.162900 7.062184
v 8.290041 2.069863 7.024136
v 8.206099 2.080540 6.999459
v 8.245019 2.180398 7.045847
v 8.282996 1.968144 6.997590
v 8.195713 1.966668 6.969563
v 8.231634 1.857323 6.960800
v 8.326396 1.877225 6.989058
v 8.371572 1.819947 6.983117
v 8.300463 1.772202 6.952000
v 8.587701 1.740350 6.954801
v 8.744224 1.727418 6.931562
v 8.910662 1.725694 6.903831
v 8.905653 1.784898 6.947891
v 8.967114 1.785794 6.925727
v 9.013215 1.732724 6.883420
v 9.189251 2.040761 6.882009
v 9.166857 1.919995 6.856324
v 9.176706 2.158784 6.924518
v 9.138170 2.258057 6.988789
v 9.054779 2.226647 7.027707
v 9.013760 2.286195 7.056954
v 9.076702 2.351762 7.037942
v 8.940712 1.607178 6.914632
v 8.972828 1.556420 6.982551
v 8.768943 1.567982 7.021782
v 8.749101 1.618470 6.946206
v 9.001949 1.511971 7.072301
v 8.790028 1.539494 7.110903
v 9.019359 1.506345 7.174583
v 8.806291 1.528825 7.204082
v 9.027975 1.516702 7.276342
v 8.819923 1.545251 7.296916
v 9.024252 1.571126 7.415657
v 8.833298 1.593488 7.429321
v 8.578279 1.596360 7.062724
v 8.570982 1.639314 6.984881
v 8.587730 1.560136 7.145281
v 8.602013 1.553677 7.236588
v 8.619110 1.573266 7.325782
v 8.646028 1.625291 7.451185
v 8.375517 1.608285 7.074210
v 8.379591 1.644627 7.002501
v 8.378164 1.583371 7.169104
v 8.391361 1.578469 7.266268
v 8.414519 1.598943 7.358709
v 8.459797 1.657777 7.479059
v 8.914412 1.705380 6.898767
v 8.744883 1.707040 6.927154
v 8.584156 1.720288 6.952992
v 8.409821 1.734212 6.957110
v 8.235184 1.692895 7.018098
v 8.285234 1.758450 6.954725
v 8.230831 1.671155 7.103804
v 8.235990 1.659856 7.194218
v 8.252216 1.662114 7.290670
v 8.279937 1.680249 7.377788
v 8.338755 1.729569 7.494566
v 8.504301 1.712613 7.597371
v 8.397779 1.780850 7.611653
v 8.670892 1.672673 7.576575
v 8.841016 1.644425 7.558724
v 9.012333 1.632088 7.545929
v 9.156682 1.623090 7.405593
v 9.125011 1.685933 7.542700
v 9.182992 1.564748 7.266965
v 9.180527 1.553635 7.157846
v 9.164440 1.563432 7.061950
v 9.124993 1.599896 6.970933
v 9.079006 1.646546 6.895391
v 9.026766 1.715928 6.879312
v 9.217970 2.286465 7.045268
v 9.225918 2.272252 7.126105
v 9.290035 2.147111 7.065397
v 9.274677 2.167844 6.976047
v 9.227778 2.257478 7.209449
v 9.300020 2.130978 7.157301
v 9.226030 2.245282 7.292777
v 9.301384 2.121011 7.251149
v 9.215171 2.233430 7.375546
v 9.284409 2.111501 7.342609
v 9.198444 2.221947 7.498440
v 9.243684 2.104527 7.474042
v 9.332616 2.005521 7.007744
v 9.303270 2.029420 6.912608
v 9.337803 1.985673 7.109887
v 9.331883 1.975777 7.211974
v 9.309501 1.972394 7.310446
v 9.261472 1.978902 7.450722
v 9.327320 1.846474 6.961403
v 9.285846 1.875104 6.862797
v 9.340174 1.829106 7.072140
v 9.333313 1.822808 7.181043
v 9.304718 1.829510 7.284011
v 9.257767 1.852101 7.430327
v 9.245472 1.702767 6.953777
v 9.197688 1.736157 6.865406
v 9.276486 1.679646 7.056430
v 9.286604 1.673177 7.165120
v 9.270613 1.686524 7.270581
v 9.223492 1.728104 7.412110
v 9.156770 2.264870 6.991470
v 9.195803 2.161713 6.924347
v 9.208872 2.040238 6.878807
v 9.186304 1.914933 6.850430
v 9.116638 1.804929 6.853137
v 9.183876 1.772431 7.550735
v 9.212970 1.880128 7.573075
v 9.223015 1.992936 7.591084
v 9.219129 2.106255 7.607474
v 9.185567 2.214253 7.621512
v 9.128263 2.326867 7.521523
v 9.125805 2.310487 7.633368
v 9.132098 2.344247 7.409595
v 9.134884 2.359273 7.319571
v 9.137241 2.371850 7.244466
v 9.136968 2.384789 7.159101
v 9.136022 2.395306 7.094127
v 9.091321 2.364548 7.043427
v 8.477487 2.466798 7.170963
v 8.489813 2.473950 7.227753
v 8.665615 2.532655 7.218850
v 8.656211 2.527413 7.164506
v 8.503396 2.468877 7.301216
v 8.678273 2.528706 7.294427
v 8.518663 2.460954 7.377048
v 8.688925 2.516805 7.362948
v 8.534724 2.449380 7.451720
v 8.700309 2.504350 7.441311
v 8.556738 2.435406 7.564286
v 8.715977 2.491490 7.559243
v 8.856829 2.538361 7.200293
v 8.838178 2.529279 7.147150
v 8.863932 2.528867 7.282154
v 8.867660 2.512364 7.347681
v 8.873121 2.498029 7.427370
v 8.884018 2.486005 7.548057
v 9.035898 2.475259 7.180219
v 9.026342 2.463525 7.122416
v 9.036667 2.463834 7.261993
v 9.032602 2.444176 7.339971
v 9.031443 2.428445 7.417266
v 9.035082 2.412312 7.533661
v 8.475208 2.422772 7.117055
v 8.657286 2.497346 7.129936
v 8.827072 2.498883 7.114874
v 8.998129 2.422349 7.075396
v 9.039865 2.397988 7.651216
v 8.894636 2.472394 7.668777
v 8.731350 2.480771 7.678092
v 8.576625 2.424428 7.677599
v 8.450977 2.364617 7.562168
v 8.476955 2.350919 7.670908
v 8.421405 2.382169 7.454751
v 8.402875 2.392232 7.382686
v 8.384168 2.401517 7.310205
v 8.365400 2.412114 7.236725
v 8.356606 2.412686 7.167055
v 8.369247 2.369691 7.110721
v 8.283615 1.831147 7.515485
v 8.255905 1.946324 7.539106
v 8.190064 1.927903 7.417360
v 8.215047 1.796662 7.398301
v 8.264495 2.064790 7.553847
v 8.202689 2.059644 7.435017
v 8.303755 2.177876 7.561818
v 8.248864 2.184247 7.447981
v 8.366831 2.279576 7.565444
v 8.326004 2.291631 7.454024
v 8.148417 1.922349 7.332329
v 8.175506 1.782849 7.312319
v 8.171387 2.060166 7.349643
v 8.219419 2.189721 7.366972
v 8.300364 2.301404 7.378009
v 8.119442 1.923913 7.239487
v 8.152380 1.781022 7.217156
v 8.147593 2.064709 7.261120
v 8.200306 2.196049 7.282999
v 8.275866 2.313680 7.300524
v 8.108427 1.932553 7.141265
v 8.147932 1.792161 7.119703
v 8.137365 2.072182 7.169254
v 8.192801 2.201333 7.195472
v 8.261653 2.319798 7.220040
v 8.113110 1.945763 7.045924
v 8.153702 1.809640 7.026933
v 8.132520 2.082410 7.078197
v 8.190884 2.204579 7.111248
v 8.256023 2.314503 7.144620
v 8.213480 1.850171 6.964931
v 8.177404 1.964326 6.974393
v 8.188116 2.081998 7.005358
v 8.227460 2.185925 7.053323
v 8.286085 2.283261 7.086603
v 8.408229 2.268906 7.674697
v 8.352555 2.177045 7.674900
v 8.325298 2.073972 7.669304
v 8.320587 1.967873 7.656433
v 8.347689 1.867451 7.631561
v 8.413766 1.901643 7.778575
v 8.472605 1.929910 7.929142
v 8.448992 2.005212 7.952141
v 8.390664 1.988385 7.802194
v 8.516646 1.948205 8.086510
v 8.491037 2.014664 8.107703
v 8.545399 1.955334 8.248432
v 8.518047 2.016694 8.267080
v 8.562473 1.953278 8.412260
v 8.531749 2.012261 8.428616
v 8.576433 1.946496 8.576438
v 8.543667 2.003964 8.589776
v 8.579430 1.929669 8.739651
v 8.537703 1.986043 8.750528
v 8.441895 2.084737 7.969398
v 8.389013 2.079827 7.817754
v 8.480436 2.086716 8.125364
v 8.508354 2.084134 8.283394
v 8.518651 2.078572 8.443995
v 8.523398 2.068776 8.604567
v 8.517723 2.053345 8.764795
v 8.451991 2.165463 7.982018
v 8.408050 2.170724 7.827465
v 8.488153 2.159646 8.138666
v 8.515577 2.152734 8.296803
v 8.520027 2.147210 8.458263
v 8.525547 2.136613 8.619226
v 8.530194 2.123090 8.779239
v 8.481839 2.243481 7.989760
v 8.447649 2.255910 7.831810
v 8.516501 2.228936 8.147526
v 8.535300 2.219678 8.307971
v 8.547308 2.210736 8.469826
v 8.561009 2.198067 8.631108
v 8.570212 2.185544 8.789430
v 8.500913 2.333447 7.832384
v 8.528563 2.312924 7.992968
v 8.554695 2.293488 8.153818
v 8.574711 2.281152 8.316585
v 8.594329 2.267190 8.478551
v 8.613781 2.252633 8.640018
v 8.631563 2.239476 8.797403
v 8.576701 2.165131 8.929255
v 8.645175 2.222199 8.937279
v 8.531893 2.099847 8.918121
v 8.516278 2.027280 8.902853
v 8.526150 1.956933 8.887478
v 8.556776 1.909459 8.877621
v 8.566342 1.895116 8.874659
v 8.629459 1.879998 8.730305
v 8.627098 1.845300 8.863955
v 8.619189 1.895478 8.563108
v 8.602779 1.901223 8.395317
v 8.581167 1.898740 8.234562
v 8.551985 1.887540 8.073250
v 8.510398 1.863591 7.915009
v 8.458187 1.827431 7.760569
v 8.596796 2.407571 7.838828
v 8.620153 2.385976 7.999285
v 8.764827 2.443856 7.999211
v 8.747705 2.464227 7.838657
v 8.640045 2.367703 8.160277
v 8.782778 2.418942 8.159095
v 8.665909 2.344537 8.320284
v 8.803065 2.388860 8.317827
v 8.685419 2.325402 8.481528
v 8.822235 2.362569 8.477144
v 8.702981 2.306077 8.642892
v 8.841276 2.337224 8.636322
v 8.726667 2.287171 8.800648
v 8.861279 2.309823 8.790267
v 8.920902 2.437867 7.988360
v 8.907513 2.456754 7.828619
v 8.934582 2.413308 8.147655
v 8.949705 2.388757 8.306670
v 8.966253 2.362599 8.465452
v 8.983414 2.332383 8.623139
v 8.999001 2.300622 8.774815
v 9.055634 2.363904 7.968747
v 9.046295 2.380177 7.809780
v 9.068119 2.347661 8.127930
v 9.084467 2.331429 8.286510
v 9.100864 2.311749 8.445324
v 9.115160 2.285283 8.603153
v 9.128345 2.260892 8.757559
v 9.126984 2.293065 7.792192
v 9.129593 2.276372 7.951344
v 9.139153 2.263131 8.110584
v 9.160285 2.254575 8.269014
v 9.179118 2.240891 8.427351
v 9.194717 2.219537 8.584785
v 9.205694 2.200661 8.735861
v 9.137770 2.242638 8.891723
v 9.220421 2.189641 8.865495
v 9.013212 2.276299 8.914013
v 8.877268 2.283051 8.929972
v 8.748503 2.262822 8.937113
v 9.175724 2.204747 7.778565
v 9.172343 2.197163 7.935636
v 9.193041 2.111096 7.919373
v 9.207502 2.109330 7.763834
v 9.175416 2.190285 8.092999
v 9.196875 2.113568 8.075614
v 9.189986 2.185544 8.250083
v 9.203268 2.114133 8.232619
v 9.202776 2.176602 8.407269
v 9.211452 2.110787 8.388737
v 9.221993 2.163625 8.562935
v 9.224727 2.104840 8.544609
v 9.244164 2.147031 8.715582
v 9.258907 2.092774 8.696369
v 9.192820 2.022500 7.902367
v 9.207626 2.008496 7.746449
v 9.183129 2.035748 8.058563
v 9.189046 2.042760 8.215711
v 9.196609 2.047299 8.373060
v 9.209946 2.047402 8.529623
v 9.244102 2.038491 8.682397
v 9.174773 1.935757 7.884002
v 9.186660 1.911519 7.726876
v 9.158657 1.959855 8.040452
v 9.162573 1.975606 8.199429
v 9.169025 1.987691 8.358612
v 9.181654 1.995736 8.517932
v 9.215627 1.988004 8.672993
v 9.137747 1.855908 7.861885
v 9.150936 1.820901 7.709954
v 9.126299 1.888234 8.021371
v 9.126244 1.913647 8.182747
v 9.133823 1.932072 8.345138
v 9.144919 1.946778 8.507664
v 9.178839 1.942818 8.667571
v 9.102162 1.741582 7.694734
v 9.085668 1.791577 7.858630
v 9.079090 1.829266 8.016791
v 9.082087 1.859696 8.178802
v 9.093565 1.881642 8.340305
v 9.107705 1.900700 8.503664
v 9.134979 1.904324 8.664516
v 9.207845 1.907140 8.783273
v 9.168429 1.877225 8.787191
v 9.225332 1.921674 8.783036
v 9.263426 1.967961 8.786841
v 9.285295 2.022256 8.798402
v 9.287481 2.078301 8.817295
v 9.268503 2.134965 8.840305
v 9.001776 1.689370 7.701262
v 8.997313 1.735658 7.858983
v 8.859791 1.720116 7.878433
v 8.849330 1.686383 7.718305
v 8.996620 1.776128 8.019045
v 8.870440 1.749650 8.038340
v 9.004565 1.805592 8.181075
v 8.885830 1.771569 8.199111
v 9.020148 1.825761 8.344374
v 8.905131 1.787328 8.360268
v 9.036280 1.842938 8.507980
v 8.924594 1.797173 8.522179
v 9.059324 1.849950 8.671037
v 8.946332 1.800580 8.683587
v 8.721769 1.746606 7.891932
v 8.697796 1.716309 7.732988
v 8.741411 1.766507 8.052572
v 8.762125 1.782548 8.213903
v 8.783842 1.792001 8.375198
v 8.804010 1.795838 8.537042
v 8.823978 1.792825 8.698642
v 8.590808 1.797437 7.902759
v 8.550424 1.761021 7.747558
v 8.622797 1.820557 8.062155
v 8.649456 1.835236 8.224516
v 8.672580 1.841363 8.388060
v 8.691710 1.840115 8.551970
v 8.707305 1.830704 8.715753
v 8.718054 1.808373 8.847778
v 8.838346 1.789700 8.829857
v 8.964731 1.799905 8.813404
v 9.082034 1.833676 8.799368
v 9.111614 1.813767 8.901522
v 9.119439 1.800660 8.946537
v 8.992043 1.778802 8.964549
v 8.983738 1.786816 8.925274
v 9.129386 1.785409 8.991999
v 9.001689 1.767541 9.016385
v 9.183956 1.716992 9.155845
v 9.024746 1.731660 9.167521
v 9.021528 1.736802 9.146592
v 9.178091 1.733025 9.117204
v 8.847023 1.764134 8.987516
v 8.846207 1.773766 8.943988
v 8.847496 1.752141 9.041015
v 8.847983 1.713708 9.192724
v 8.847315 1.720349 9.170757
v 8.704914 1.763501 9.005297
v 8.713477 1.778458 8.962874
v 8.694378 1.741452 9.054047
v 8.698334 1.654771 9.195995
v 8.645849 1.633508 9.223022
v 8.600119 1.643281 9.200113
v 8.683645 1.670403 9.160477
v 8.611364 1.810494 8.978856
v 8.605233 1.782407 9.029623
v 8.601112 1.748906 9.077676
v 8.727989 1.638299 9.262049
v 8.644300 1.620839 9.286470
v 9.028114 1.720788 9.215347
v 8.860394 1.702828 9.236546
v 9.192990 1.704385 9.206194
v 9.252848 1.707539 9.148111
v 9.288347 1.701592 9.195831
v 9.275934 1.720509 9.116343
v 9.205338 1.850735 8.883709
v 9.205441 1.813618 8.954187
v 8.533618 1.879262 9.002261
v 8.516398 1.850312 9.091524
v 8.503369 1.894845 9.110800
v 8.510709 1.921090 9.016693
v 8.499962 1.815606 9.182773
v 8.492552 1.860780 9.209190
v 8.489681 1.827027 9.308681
v 8.490595 1.779103 9.271658
v 8.500994 1.738248 9.363373
v 8.507788 1.790765 9.406198
v 8.550800 1.701474 9.431246
v 8.568425 1.772904 9.476686
v 8.504857 1.965993 9.135784
v 8.505403 1.995065 9.038181
v 8.495699 1.935094 9.238199
v 8.516196 1.875588 9.439568
v 8.497785 1.905339 9.339881
v 8.597483 1.846886 9.512004
v 8.530148 2.042649 9.158997
v 8.525455 2.072514 9.053897
v 8.525987 2.015816 9.261883
v 8.542073 1.954263 9.458448
v 8.526585 1.988778 9.356299
v 8.630428 1.921746 9.533754
v 8.581188 2.113820 9.173965
v 8.578005 2.140137 9.060994
v 8.577662 2.090836 9.277657
v 8.579548 2.024777 9.464296
v 8.573513 2.065663 9.370443
v 8.665112 1.984868 9.538465
v 8.552267 1.850495 8.995488
v 8.652108 2.200269 9.067974
v 8.655656 2.176461 9.184456
v 8.652996 2.158570 9.288313
v 8.713154 2.050565 9.530905
v 8.661946 2.106705 9.458814
v 8.681074 1.981072 9.548667
v 8.744656 1.976441 9.578903
v 8.762486 2.026757 9.560333
v 8.725891 2.042107 9.541554
v 8.646502 1.918240 9.543914
v 8.720919 1.910485 9.578421
v 8.613241 1.842488 9.521934
v 8.702184 1.822991 9.559637
v 8.583848 1.768838 9.485992
v 8.684511 1.744447 9.506642
v 8.565410 1.696420 9.438986
v 8.669567 1.683461 9.445244
v 8.657601 1.652604 9.381532
v 8.552483 1.651799 9.383017
v 8.535064 1.818097 9.070516
v 8.554948 1.804196 9.055788
v 8.546336 1.755769 9.117046
v 8.517138 1.776631 9.148762
v 8.761493 2.237317 9.064888
v 8.768350 2.213479 9.180371
v 8.897805 2.227151 9.172577
v 8.889281 2.253209 9.058095
v 8.768629 2.198933 9.286673
v 8.902666 2.209821 9.275765
v 8.922287 2.137185 9.477823
v 8.916191 2.163583 9.439406
v 8.779065 2.152875 9.457623
v 8.797903 2.108678 9.508212
v 9.035043 2.221726 9.159950
v 9.025260 2.248627 9.042924
v 9.041554 2.203049 9.257309
v 9.059353 2.140931 9.456867
v 9.056141 2.163594 9.415441
v 9.163303 2.204476 9.133080
v 9.149281 2.223756 9.017388
v 9.175621 2.194142 9.229851
v 9.189301 2.122086 9.455588
v 9.191490 2.156892 9.382200
v 9.237477 2.175740 8.986851
v 9.255424 2.159032 9.098381
v 9.275205 2.148755 9.194934
v 9.279710 2.079011 9.457158
v 9.307394 2.127080 9.360647
v 8.818330 2.057244 9.544978
v 8.803396 2.095197 9.519988
v 9.295473 2.120801 8.958775
v 9.320018 2.101826 9.068954
v 9.355272 2.039094 9.040438
v 9.321872 2.060330 8.933270
v 9.344877 2.086999 9.162443
v 9.387731 2.021664 9.130842
v 9.369980 2.070596 9.260761
v 9.379492 2.049783 9.352052
v 9.422195 1.980408 9.341234
v 9.414337 1.999032 9.234717
v 9.334307 2.028516 9.449618
v 9.370062 1.960027 9.441797
v 9.373587 1.976392 9.009338
v 9.328465 2.001916 8.906511
v 9.414048 1.953225 9.097227
v 9.447016 1.895669 9.317575
v 9.446800 1.923905 9.205267
v 9.393671 1.876962 9.419038
v 9.359383 1.913960 8.983683
v 9.311642 1.943452 8.889853
v 9.410224 1.880769 9.069610
v 9.456136 1.814450 9.286957
v 9.446114 1.843694 9.178099
v 9.413247 1.803521 9.373564
v 9.324852 1.863644 8.968800
v 9.273865 1.897797 8.883146
v 9.377489 1.826363 9.047699
v 9.432144 1.746495 9.237933
v 9.416774 1.784940 9.139984
v 9.415970 1.733929 9.300449
v 9.253969 1.822438 8.957589
v 9.399075 1.801873 9.385208
v 9.321069 1.798348 9.401163
v 9.320839 1.736440 9.342938
v 9.403772 1.731938 9.315746
v 9.380123 1.874390 9.430909
v 9.314775 1.867219 9.454837
v 9.357621 1.956921 9.455050
v 9.299712 1.946736 9.490463
v 9.322162 2.024518 9.463480
v 9.269501 2.010655 9.498006
v 9.068407 2.034753 9.550152
v 8.941431 2.022488 9.570816
v 8.940973 1.932301 9.566718
v 9.066018 1.945481 9.551111
v 8.933366 1.836419 9.510814
v 9.055240 1.846276 9.493805
v 8.822646 1.916470 9.571045
v 8.807526 1.827168 9.536369
v 8.919331 1.770966 9.437273
v 9.043432 1.785851 9.420222
v 8.791376 1.754842 9.476768
v 8.900568 1.731187 9.374207
v 9.032309 1.748322 9.355099
v 8.771323 1.702466 9.414311
v 8.444412 1.815354 6.989492
v 8.458372 1.883321 7.007678
v 8.516944 2.263070 7.108196
v 8.946321 2.250012 7.075807
v 8.948654 2.326348 7.086771
v 8.988417 2.405515 7.069726
v 9.030913 1.838036 6.914767
v 9.098936 1.815285 6.859236
v 8.417429 1.753850 6.957215
v 8.445000 2.292897 7.106094
v 8.390201 2.242963 7.090848
v 8.302264 2.274163 7.078661
v 8.379744 2.354592 7.101873
v 8.914732 1.852685 6.971959
v 8.825363 1.992783 9.584456
v 9.207913 1.792672 9.414785
v 9.203652 1.740750 9.353635
v 9.214973 1.856030 9.477713
v 9.203592 1.942818 9.527346
v 9.188353 2.021596 9.526619
v 9.030893 1.720086 9.273807
v 9.198521 1.713548 9.267729
v 8.876215 1.705369 9.292577
v 8.755542 1.662598 9.349124
v 8.933294 2.088956 9.524009
v 9.063108 2.100209 9.508391
v 9.178984 2.082719 9.502821
v 9.241482 2.056733 9.495453
v 8.847044 1.725362 9.152717
v 8.847046 1.734238 9.117670
v 9.014202 1.748704 9.097010
v 9.018832 1.741162 9.128627
v 8.647863 2.142197 9.379377
v 8.767792 2.187020 9.386488
v 8.908555 2.191541 9.372281
v 9.049437 2.181462 9.349812
v 9.185575 2.176713 9.319631
v 9.296228 2.141595 9.288153
v 9.187292 2.111882 9.470829
v 9.270038 2.071259 9.471437
v 9.060499 2.130486 9.472201
v 8.925071 2.125069 9.491649
v 9.158523 1.756207 9.065020
v 9.173317 1.740296 9.100351
v 9.263049 1.747823 9.072433
v 9.276632 1.729829 9.099459
v 8.533138 1.670934 9.229432
v 8.587737 1.683892 9.149614
v 8.590877 1.652795 9.186697
v 8.557318 1.643552 9.266639
v 8.500923 1.694974 9.304295
v 8.538268 1.656712 9.374050
v 8.678913 1.699384 9.114423
v 8.680021 1.679284 9.144443
v 9.302273 1.712441 9.260379
v 9.142399 1.770646 9.030243
v 9.242455 1.767640 9.038606
v 8.535238 1.713597 9.176332
v 8.503941 1.738972 9.225124
v 8.847288 1.742135 9.084185
v 8.685799 1.718739 9.088411
v 9.009034 1.756760 9.062880
v 8.571637 1.635777 9.275973
v 9.377840 1.712773 9.230370
v 9.389748 1.716981 9.214578
v 9.398672 1.728524 9.180479
v 9.377561 1.764005 9.108608
v 9.340437 1.800759 9.032757
v 9.292637 1.839616 8.962190
v 9.245764 1.873879 8.882190
v 9.342764 1.708928 9.162584
v 9.351143 1.715787 9.146410
v 9.351984 1.729699 9.119192
v 9.327154 1.759324 9.066344
v 8.595577 1.715054 9.115856
v 9.296121 1.787419 9.018846
v 9.224258 1.791096 8.997613
vt 0.406081 0.180687
vt 0.407030 0.176785
vt 0.400571 0.177011
vt 0.400076 0.181525
vt 0.406761 0.172812
vt 0.400384 0.173619
vt 0.394620 0.185944
vt 0.394621 0.182010
vt 0.389448 0.181454
vt 0.389416 0.185703
vt 0.394667 0.177130
vt 0.389385 0.176859
vt 0.394594 0.173989
vt 0.389404 0.173717
vt 0.394477 0.171045
vt 0.394503 0.168386
vt 0.389543 0.168229
vt 0.389531 0.170829
vt 0.384345 0.176444
vt 0.384193 0.180872
vt 0.384390 0.173144
vt 0.394868 0.193380
vt 0.394713 0.189584
vt 0.389211 0.189043
vt 0.388725 0.192858
vt 0.384077 0.186985
vt 0.382479 0.189365
vt 0.378142 0.179572
vt 0.377273 0.175669
vt 0.374163 0.175367
vt 0.374910 0.179669
vt 0.377641 0.171701
vt 0.374410 0.170617
vt 0.376642 0.166834
vt 0.379815 0.168832
vt 0.381746 0.167318
vt 0.379738 0.165056
vt 0.389466 0.165640
vt 0.394978 0.165691
vt 0.400767 0.165763
vt 0.400230 0.168128
vt 0.402542 0.167952
vt 0.404557 0.165745
vt 0.410501 0.176641
vt 0.410238 0.172137
vt 0.409505 0.180976
vt 0.407524 0.184999
vt 0.404162 0.184043
vt 0.402413 0.186311
vt 0.404799 0.188714
vt 0.401707 0.162042
vt 0.402375 0.159526
vt 0.395720 0.159483
vt 0.395352 0.162238
vt 0.402824 0.156734
vt 0.396016 0.156702
vt 0.402951 0.154000
vt 0.396126 0.153965
vt 0.402883 0.151278
vt 0.396112 0.151213
vt 0.402417 0.147111
vt 0.395867 0.147019
vt 0.389196 0.159331
vt 0.389141 0.162103
vt 0.389250 0.156623
vt 0.389282 0.153904
vt 0.389288 0.151174
vt 0.389263 0.147014
vt 0.382643 0.159343
vt 0.382834 0.161601
vt 0.382464 0.156656
vt 0.382404 0.154002
vt 0.382424 0.151341
vt 0.382625 0.147245
vt 0.400940 0.165099
vt 0.395076 0.165032
vt 0.389420 0.164956
vt 0.383451 0.164690
vt 0.378146 0.161572
vt 0.379365 0.164521
vt 0.377608 0.159114
vt 0.377293 0.156579
vt 0.377153 0.153886
vt 0.377192 0.151303
vt 0.377591 0.147214
vt 0.382977 0.142915
vt 0.378282 0.142772
vt 0.389230 0.142717
vt 0.395451 0.142676
vt 0.401639 0.142731
vt 0.407275 0.146806
vt 0.406093 0.142108
vt 0.407975 0.151047
vt 0.408170 0.153933
vt 0.408089 0.156542
vt 0.407568 0.159489
vt 0.406618 0.162451
vt 0.405048 0.165116
vt 0.440349 0.162342
vt 0.439782 0.159251
vt 0.433702 0.159831
vt 0.434040 0.163265
vt 0.439612 0.156097
vt 0.433635 0.156411
vt 0.439737 0.152979
vt 0.433996 0.153049
vt 0.440121 0.149867
vt 0.434654 0.149766
vt 0.440969 0.145252
vt 0.436066 0.144897
vt 0.427165 0.160169
vt 0.427417 0.163875
vt 0.427216 0.156423
vt 0.427861 0.152744
vt 0.429066 0.149293
vt 0.431168 0.144305
vt 0.420407 0.160208
vt 0.420717 0.163894
vt 0.420403 0.156225
vt 0.420645 0.151706
vt 0.423514 0.148323
vt 0.426527 0.143524
vt 0.413408 0.160219
vt 0.412616 0.164030
vt 0.413692 0.156658
vt 0.413633 0.153245
vt 0.418419 0.148093
vt 0.412973 0.150048
vt 0.415424 0.143294
vt 0.411384 0.145433
vt 0.408164 0.185347
vt 0.410403 0.187397
vt 0.413066 0.182585
vt 0.410128 0.181138
vt 0.414716 0.177020
vt 0.411184 0.176658
vt 0.414647 0.170862
vt 0.410958 0.171968
vt 0.408932 0.167593
vt 0.409505 0.140764
vt 0.412531 0.138674
vt 0.429069 0.138512
vt 0.433316 0.139316
vt 0.437625 0.140024
vt 0.441930 0.140632
vt 0.445791 0.145521
vt 0.446182 0.141179
vt 0.445424 0.149868
vt 0.445191 0.153364
vt 0.445036 0.156272
vt 0.444969 0.159591
vt 0.444984 0.162144
vt 0.405276 0.189288
vt 0.406875 0.191550
vt 0.470138 0.162899
vt 0.469796 0.160612
vt 0.463315 0.160782
vt 0.463560 0.163072
vt 0.469629 0.157661
vt 0.463107 0.157683
vt 0.469452 0.154619
vt 0.463012 0.154871
vt 0.469289 0.151600
vt 0.462937 0.151674
vt 0.469042 0.147090
vt 0.462860 0.146940
vt 0.456350 0.160648
vt 0.456677 0.162966
vt 0.456437 0.157351
vt 0.456501 0.154663
vt 0.456580 0.151427
vt 0.456682 0.146610
vt 0.449626 0.160008
vt 0.449375 0.162343
vt 0.449857 0.156838
vt 0.450060 0.153728
vt 0.450236 0.150647
vt 0.450483 0.146054
vt 0.382214 0.190060
vt 0.381723 0.192595
vt 0.388276 0.195350
vt 0.388615 0.193617
vt 0.395153 0.195882
vt 0.394931 0.194135
vt 0.402480 0.193919
vt 0.401596 0.191485
vt 0.450770 0.141457
vt 0.456797 0.141850
vt 0.462782 0.142243
vt 0.468784 0.142603
vt 0.473737 0.147160
vt 0.473341 0.142825
vt 0.474092 0.151481
vt 0.474286 0.154349
vt 0.474455 0.157231
vt 0.474546 0.160172
vt 0.474517 0.162933
vt 0.378530 0.187688
vt 0.377351 0.190170
vt 0.373457 0.146167
vt 0.369333 0.144572
vt 0.367191 0.149001
vt 0.372425 0.150481
vt 0.492134 0.144802
vt 0.487429 0.145710
vt 0.489473 0.150196
vt 0.495141 0.149231
vt 0.482770 0.146348
vt 0.484079 0.150804
vt 0.478208 0.146788
vt 0.478976 0.151190
vt 0.365866 0.152159
vt 0.371999 0.153377
vt 0.490527 0.153311
vt 0.496999 0.152389
vt 0.484694 0.153849
vt 0.479313 0.154166
vt 0.365129 0.155624
vt 0.371944 0.156390
vt 0.491173 0.156556
vt 0.498033 0.155854
vt 0.484974 0.156943
vt 0.479443 0.157191
vt 0.365199 0.159287
vt 0.372386 0.159560
vt 0.491355 0.159933
vt 0.497936 0.159516
vt 0.484912 0.160163
vt 0.479322 0.160226
vt 0.366392 0.164211
vt 0.373557 0.162908
vt 0.491367 0.163352
vt 0.496906 0.163062
vt 0.484655 0.163291
vt 0.479081 0.163054
vt 0.376056 0.166296
vt 0.369691 0.168842
vt 0.373704 0.170363
vt 0.370139 0.176513
vt 0.373494 0.175431
vt 0.371885 0.181479
vt 0.374186 0.179910
vt 0.373921 0.186031
vt 0.375852 0.184014
vt 0.477310 0.142419
vt 0.481309 0.141960
vt 0.485259 0.141317
vt 0.489173 0.140570
vt 0.374747 0.141790
vt 0.371443 0.140341
vt 0.376358 0.136336
vt 0.377673 0.130690
vt 0.375275 0.129629
vt 0.373625 0.135056
vt 0.378465 0.124824
vt 0.376191 0.123985
vt 0.378719 0.118806
vt 0.376440 0.118183
vt 0.378517 0.112699
vt 0.376105 0.112287
vt 0.378100 0.106511
vt 0.375704 0.106368
vt 0.377197 0.100257
vt 0.374541 0.100430
vt 0.486110 0.135286
vt 0.483796 0.129859
vt 0.481235 0.129987
vt 0.482991 0.135690
vt 0.482510 0.124215
vt 0.480190 0.124163
vt 0.482161 0.118413
vt 0.479906 0.118242
vt 0.482630 0.112517
vt 0.480210 0.112279
vt 0.483193 0.106598
vt 0.480777 0.106326
vt 0.484826 0.100660
vt 0.481972 0.100380
vt 0.478502 0.130097
vt 0.479731 0.136021
vt 0.477737 0.124121
vt 0.477518 0.118093
vt 0.477724 0.112052
vt 0.478246 0.106062
vt 0.479086 0.100136
vt 0.475619 0.130201
vt 0.476380 0.136290
vt 0.475151 0.124089
vt 0.475035 0.117965
vt 0.475189 0.111868
vt 0.475547 0.105839
vt 0.476083 0.099986
vt 0.473006 0.136537
vt 0.472680 0.130307
vt 0.472500 0.124077
vt 0.472398 0.117849
vt 0.472466 0.111707
vt 0.472626 0.105651
vt 0.472798 0.099829
vt 0.476795 0.094828
vt 0.473067 0.094694
vt 0.480177 0.094968
vt 0.483423 0.095197
vt 0.486567 0.095473
vt 0.375514 0.094948
vt 0.376202 0.094856
vt 0.379962 0.100095
vt 0.379392 0.094578
vt 0.380603 0.106683
vt 0.380946 0.113136
vt 0.381064 0.119242
vt 0.380853 0.125334
vt 0.380253 0.131327
vt 0.379325 0.137171
vt 0.468648 0.136328
vt 0.468507 0.130109
vt 0.462914 0.129837
vt 0.462844 0.136007
vt 0.468457 0.123931
vt 0.462983 0.123711
vt 0.468337 0.117760
vt 0.463007 0.117600
vt 0.468410 0.111627
vt 0.463036 0.111527
vt 0.468591 0.105569
vt 0.463051 0.105525
vt 0.468531 0.099708
vt 0.463020 0.099756
vt 0.457264 0.129537
vt 0.457040 0.135655
vt 0.457440 0.123449
vt 0.457563 0.117401
vt 0.457572 0.111394
vt 0.457469 0.105433
vt 0.457405 0.099703
vt 0.451649 0.129239
vt 0.451225 0.135327
vt 0.451980 0.123177
vt 0.452140 0.117186
vt 0.452102 0.111235
vt 0.451912 0.105297
vt 0.451815 0.099487
vt 0.446831 0.135089
vt 0.447454 0.129032
vt 0.447949 0.122999
vt 0.448177 0.117030
vt 0.448103 0.111122
vt 0.447760 0.105208
vt 0.447616 0.099524
vt 0.452003 0.094499
vt 0.447641 0.094667
vt 0.457467 0.094525
vt 0.463120 0.094571
vt 0.468484 0.094643
vt 0.443093 0.134757
vt 0.444162 0.128911
vt 0.440948 0.128792
vt 0.439356 0.134402
vt 0.445007 0.123049
vt 0.442202 0.123108
vt 0.445450 0.117210
vt 0.442889 0.117382
vt 0.445474 0.111392
vt 0.443018 0.111669
vt 0.445146 0.105549
vt 0.442799 0.105889
vt 0.444668 0.099756
vt 0.442203 0.100092
vt 0.437779 0.128670
vt 0.435621 0.134013
vt 0.439544 0.123185
vt 0.440442 0.117564
vt 0.440703 0.111911
vt 0.440528 0.106200
vt 0.439854 0.100484
vt 0.434658 0.128537
vt 0.431938 0.133572
vt 0.437039 0.123265
vt 0.438168 0.117726
vt 0.438480 0.112128
vt 0.438395 0.106455
vt 0.437543 0.100855
vt 0.410381 0.133620
vt 0.408867 0.128307
vt 0.406213 0.129929
vt 0.407600 0.135242
vt 0.407170 0.123035
vt 0.404877 0.124299
vt 0.406366 0.117496
vt 0.404065 0.118500
vt 0.405682 0.111898
vt 0.403545 0.112615
vt 0.405280 0.106225
vt 0.403341 0.106642
vt 0.406370 0.100440
vt 0.404180 0.100509
vt 0.404721 0.136737
vt 0.403413 0.130809
vt 0.402357 0.125046
vt 0.401687 0.119063
vt 0.401344 0.113056
vt 0.401322 0.106889
vt 0.401964 0.100620
vt 0.404322 0.095705
vt 0.402393 0.095509
vt 0.405202 0.095758
vt 0.407483 0.095939
vt 0.436571 0.096354
vt 0.439005 0.095891
vt 0.441503 0.095415
vt 0.444295 0.094976
vt 0.400609 0.137274
vt 0.399677 0.131559
vt 0.394472 0.131470
vt 0.394934 0.137202
vt 0.398849 0.125615
vt 0.393999 0.125547
vt 0.398303 0.119516
vt 0.393674 0.119447
vt 0.398036 0.113305
vt 0.393503 0.113221
vt 0.397991 0.106976
vt 0.393408 0.106854
vt 0.398357 0.100490
vt 0.393499 0.100363
vt 0.389224 0.131483
vt 0.389216 0.137229
vt 0.389133 0.125532
vt 0.389017 0.119399
vt 0.388907 0.113147
vt 0.388742 0.106758
vt 0.388612 0.100243
vt 0.384022 0.131603
vt 0.383510 0.137400
vt 0.384339 0.125599
vt 0.384424 0.119413
vt 0.384330 0.113108
vt 0.384073 0.106691
vt 0.383675 0.100122
vt 0.383480 0.094648
vt 0.388485 0.094866
vt 0.393635 0.095054
vt 0.398544 0.095210
vt 0.399057 0.090907
vt 0.399026 0.089022
vt 0.393905 0.088813
vt 0.393805 0.090442
vt 0.399062 0.087111
vt 0.393981 0.086686
vt 0.451321 0.048807
vt 0.458166 0.048191
vt 0.458161 0.047409
vt 0.451364 0.047344
vt 0.388134 0.088385
vt 0.388284 0.090168
vt 0.387940 0.086222
vt 0.465793 0.047292
vt 0.465636 0.046542
vt 0.382558 0.088017
vt 0.382940 0.089821
vt 0.382190 0.085902
vt 0.472212 0.045127
vt 0.474436 0.045291
vt 0.476015 0.043628
vt 0.472436 0.043563
vt 0.378418 0.089805
vt 0.378235 0.087510
vt 0.378265 0.085263
vt 0.471644 0.047892
vt 0.474850 0.047480
vt 0.458347 0.049955
vt 0.465671 0.048993
vt 0.451224 0.050696
vt 0.448360 0.048802
vt 0.447136 0.050594
vt 0.447197 0.047629
vt 0.403099 0.091352
vt 0.402359 0.088293
vt 0.373924 0.090099
vt 0.372640 0.086721
vt 0.370487 0.086991
vt 0.371951 0.090275
vt 0.371567 0.083185
vt 0.369268 0.083178
vt 0.368401 0.079360
vt 0.370952 0.079819
vt 0.371001 0.076387
vt 0.368136 0.075529
vt 0.371915 0.073457
vt 0.368797 0.072713
vt 0.488460 0.090505
vt 0.489596 0.086868
vt 0.486071 0.086404
vt 0.484972 0.090098
vt 0.490955 0.083006
vt 0.487092 0.082541
vt 0.491831 0.079074
vt 0.491767 0.075034
vt 0.487402 0.075160
vt 0.487548 0.078791
vt 0.486975 0.071433
vt 0.490947 0.071556
vt 0.482208 0.086046
vt 0.481338 0.089952
vt 0.482916 0.082287
vt 0.483396 0.075329
vt 0.483304 0.078925
vt 0.481951 0.071419
vt 0.478220 0.085867
vt 0.477589 0.089998
vt 0.478763 0.082157
vt 0.479661 0.075575
vt 0.479205 0.078914
vt 0.477021 0.071422
vt 0.375332 0.089858
vt 0.473519 0.089926
vt 0.473982 0.085700
vt 0.474391 0.082032
vt 0.473024 0.071676
vt 0.474576 0.075877
vt 0.474819 0.068051
vt 0.471689 0.067700
vt 0.470907 0.069895
vt 0.472466 0.071002
vt 0.476176 0.065363
vt 0.472705 0.065137
vt 0.477310 0.061740
vt 0.473410 0.061661
vt 0.478219 0.057742
vt 0.474067 0.057880
vt 0.478612 0.053484
vt 0.474545 0.054312
vt 0.474789 0.051406
vt 0.478824 0.050017
vt 0.374488 0.086767
vt 0.375691 0.086996
vt 0.375752 0.084102
vt 0.373854 0.083509
vt 0.468686 0.089942
vt 0.468992 0.085745
vt 0.463616 0.085648
vt 0.463342 0.089830
vt 0.469358 0.082012
vt 0.463940 0.081989
vt 0.464156 0.074454
vt 0.464199 0.076087
vt 0.469524 0.075908
vt 0.469102 0.073410
vt 0.457928 0.085468
vt 0.457644 0.089756
vt 0.458289 0.081992
vt 0.458846 0.074735
vt 0.458728 0.076356
vt 0.452369 0.085633
vt 0.452194 0.089869
vt 0.452677 0.082195
vt 0.453935 0.074062
vt 0.453304 0.076812
vt 0.447651 0.090149
vt 0.447675 0.086020
vt 0.447820 0.082514
vt 0.450343 0.072927
vt 0.448491 0.076732
vt 0.468540 0.071016
vt 0.468962 0.072733
vt 0.443880 0.090460
vt 0.443559 0.086292
vt 0.439956 0.086686
vt 0.440661 0.090879
vt 0.443438 0.082806
vt 0.439532 0.083197
vt 0.443528 0.079216
vt 0.444096 0.075902
vt 0.440106 0.075516
vt 0.439376 0.079309
vt 0.447482 0.071865
vt 0.442335 0.071703
vt 0.436537 0.087294
vt 0.437784 0.091538
vt 0.435706 0.083757
vt 0.435471 0.075295
vt 0.435140 0.079579
vt 0.437210 0.071165
vt 0.433295 0.088114
vt 0.434939 0.092189
vt 0.431922 0.084454
vt 0.430779 0.075405
vt 0.430805 0.080003
vt 0.432410 0.071452
vt 0.408626 0.091774
vt 0.410037 0.087884
vt 0.407572 0.087676
vt 0.406380 0.091545
vt 0.411476 0.084224
vt 0.408738 0.084086
vt 0.412519 0.079773
vt 0.412397 0.075503
vt 0.409432 0.076652
vt 0.409436 0.080284
vt 0.409205 0.074286
vt 0.411363 0.072166
vt 0.404275 0.087908
vt 0.443626 0.060623
vt 0.447217 0.060411
vt 0.446708 0.056749
vt 0.442908 0.055867
vt 0.444914 0.064555
vt 0.448116 0.064085
vt 0.446280 0.068193
vt 0.449368 0.067516
vt 0.448262 0.071274
vt 0.450872 0.069903
vt 0.459014 0.069774
vt 0.463917 0.069197
vt 0.463992 0.065925
vt 0.459067 0.066571
vt 0.464113 0.061701
vt 0.459079 0.062226
vt 0.468647 0.065283
vt 0.469268 0.061554
vt 0.464356 0.057784
vt 0.459055 0.058460
vt 0.469792 0.057816
vt 0.464833 0.054730
vt 0.459088 0.055449
vt 0.470434 0.054501
vt 0.384213 0.167710
vt 0.384317 0.170128
vt 0.384474 0.184333
vt 0.399934 0.184998
vt 0.399818 0.187800
vt 0.401299 0.190783
vt 0.404906 0.169587
vt 0.408177 0.168099
vt 0.383610 0.165343
vt 0.381732 0.185100
vt 0.379974 0.182967
vt 0.376528 0.183647
vt 0.379015 0.187085
vt 0.400280 0.170545
vt 0.468447 0.068207
vt 0.452145 0.059748
vt 0.451774 0.056540
vt 0.452497 0.063304
vt 0.453574 0.066961
vt 0.454318 0.069734
vt 0.458618 0.052140
vt 0.451399 0.053027
vt 0.465390 0.051223
vt 0.470919 0.051463
vt 0.463978 0.072088
vt 0.458983 0.072475
vt 0.454605 0.071994
vt 0.452120 0.071423
vt 0.387473 0.081828
vt 0.387623 0.083188
vt 0.393990 0.083427
vt 0.393979 0.082161
vt 0.474696 0.078914
vt 0.469640 0.078618
vt 0.464173 0.078602
vt 0.458572 0.078701
vt 0.453032 0.079047
vt 0.448130 0.079234
vt 0.454111 0.073439
vt 0.450840 0.072375
vt 0.458888 0.074097
vt 0.464120 0.073806
vt 0.399595 0.083995
vt 0.399895 0.082529
vt 0.403044 0.082782
vt 0.403066 0.081491
vt 0.375729 0.079460
vt 0.378306 0.081830
vt 0.378655 0.080325
vt 0.376258 0.078023
vt 0.373405 0.077667
vt 0.374588 0.074713
vt 0.381870 0.083101
vt 0.382139 0.081768
vt 0.446938 0.053159
vt 0.399256 0.085480
vt 0.402777 0.084385
vt 0.375606 0.081591
vt 0.373347 0.080590
vt 0.387764 0.084503
vt 0.381980 0.084312
vt 0.393992 0.084801
vt 0.477523 0.045898
vt 0.443458 0.052055
vt 0.407467 0.077283
vt 0.407726 0.078393
vt 0.407514 0.081143
vt 0.406883 0.084360
vt 0.405955 0.087726
vt 0.404943 0.091426
vt 0.373300 0.095244
vt 0.444594 0.049321
vt 0.405648 0.079344
vt 0.405920 0.080399
vt 0.405631 0.082690
vt 0.378329 0.083396
vt 0.405100 0.084919
vt 0.402600 0.086289
vt 0.479311 0.053238
vt 0.479445 0.049450
vt 0.478979 0.057609
vt 0.478122 0.061782
vt 0.445380 0.068378
vt 0.444040 0.064668
vt 0.442791 0.060462
vt 0.442134 0.055288
vt 0.476314 0.042866
vt 0.472411 0.042883
vt 0.478090 0.045204
vt 0.458157 0.046765
vt 0.451477 0.046709
vt 0.465504 0.045948
vt 0.442789 0.051390
vt 0.477038 0.065521
vt 0.475767 0.068225
vt 0.447067 0.046962
vt 0.444096 0.048630
vn -0.506869 0.221352 -0.833119
vn -0.523192 0.258428 -0.812087
vn -0.326015 0.281745 -0.902405
vn -0.327144 0.206790 -0.922071
vn -0.494566 0.320789 -0.807774
vn -0.310562 0.333311 -0.890200
vn -0.140902 0.116544 -0.983140
vn -0.125151 0.200994 -0.971565
vn 0.020237 0.198398 -0.979913
vn 0.015139 0.114467 -0.993312
vn -0.115814 0.270016 -0.955865
vn 0.024084 0.250360 -0.967853
vn -0.116877 0.330393 -0.936579
vn 0.028100 0.308425 -0.950833
vn -0.115071 0.364126 -0.924214
vn -0.104453 0.471433 -0.875694
vn 0.000661 0.426267 -0.904597
vn 0.018948 0.336238 -0.941587
vn 0.140732 0.247054 -0.958728
vn 0.124807 0.204548 -0.970867
vn 0.140629 0.273319 -0.951588
vn -0.124594 0.137127 -0.982686
vn -0.158596 -0.004312 -0.987334
vn 0.013792 -0.005413 -0.999890
vn -0.036874 0.150856 -0.987868
vn 0.098326 0.038543 -0.994408
vn -0.006175 0.184480 -0.982817
vn 0.204842 0.229608 -0.951483
vn 0.244597 0.251481 -0.936445
vn 0.017563 0.328454 -0.944357
vn 0.012849 0.361424 -0.932313
vn 0.238620 0.225137 -0.944656
vn 0.012879 0.177029 -0.984121
vn 0.019253 0.111179 -0.993614
vn 0.195758 0.230918 -0.953077
vn 0.149419 0.307352 -0.939792
vn 0.042919 0.149088 -0.987892
vn -0.042994 0.325614 -0.944525
vn -0.123763 0.388741 -0.912997
vn -0.183272 0.374611 -0.908889
vn -0.228611 0.452693 -0.861862
vn -0.365902 0.391576 -0.844265
vn -0.310106 0.261004 -0.914172
vn -0.382414 0.272870 -0.882781
vn -0.403684 0.260601 -0.876998
vn -0.341930 0.340939 -0.875696
vn -0.286419 0.355613 -0.889665
vn -0.442394 0.194121 -0.875560
vn -0.387626 0.115981 -0.914492
vn -0.238002 0.263087 -0.934955
vn -0.069655 -0.552655 -0.830494
vn 0.022241 -0.866563 -0.498571
vn -0.173148 -0.890812 -0.420088
vn -0.198268 -0.583392 -0.787619
vn 0.059267 -0.964966 -0.255593
vn -0.145490 -0.969140 -0.198996
vn 0.088917 -0.995968 0.011883
vn -0.112363 -0.992073 0.056269
vn 0.110939 -0.961913 0.249833
vn -0.095195 -0.957474 0.272364
vn 0.142256 -0.903938 0.403310
vn -0.088662 -0.923453 0.373329
vn -0.144473 -0.906098 -0.397635
vn -0.153135 -0.642882 -0.750502
vn -0.132789 -0.972868 -0.189459
vn -0.105938 -0.990945 0.082496
vn -0.085273 -0.946329 0.311754
vn -0.100769 -0.912501 0.396470
vn -0.260168 -0.909192 -0.325089
vn -0.188988 -0.704089 -0.684501
vn -0.299988 -0.946898 -0.115719
vn -0.294008 -0.944861 0.144215
vn -0.254228 -0.889113 0.380586
vn -0.248983 -0.843449 0.476027
vn -0.158753 -0.021104 -0.987093
vn -0.171752 -0.028566 -0.984726
vn -0.111852 -0.117135 -0.986797
vn -0.064759 -0.240837 -0.968403
vn -0.530198 -0.616954 -0.581599
vn -0.232938 -0.251678 -0.939361
vn -0.646535 -0.741921 -0.177610
vn -0.666018 -0.745764 0.016033
vn -0.647063 -0.722793 0.242650
vn -0.588070 -0.669587 0.453682
vn -0.547925 -0.637307 0.541866
vn -0.306562 -0.851999 0.424403
vn -0.576995 -0.652688 0.490995
vn -0.149683 -0.925816 0.347073
vn -0.079465 -0.938626 0.335657
vn 0.191979 -0.904052 0.381881
vn 0.571418 -0.707172 0.416401
vn 0.599849 -0.699324 0.388751
vn 0.565894 -0.783470 0.256787
vn 0.543458 -0.839255 -0.017453
vn 0.477899 -0.824321 -0.303494
vn 0.361463 -0.764533 -0.533698
vn 0.118564 -0.522933 -0.844088
vn -0.162783 -0.078567 -0.983529
vn 0.684263 0.624639 -0.376311
vn 0.845286 0.533221 0.034169
vn 0.924146 0.379262 -0.045977
vn 0.734309 0.490943 -0.468792
vn 0.837727 0.541260 0.072470
vn 0.930309 0.365786 0.026949
vn 0.836539 0.531829 0.131763
vn 0.935529 0.328457 0.130010
vn 0.852381 0.490888 0.180213
vn 0.933638 0.266615 0.239243
vn 0.883366 0.441629 0.156935
vn 0.951139 0.207171 0.228943
vn 0.975459 0.160156 -0.151093
vn 0.726083 0.273210 -0.630999
vn 0.991842 0.127471 -0.000226
vn 0.987162 0.073939 0.141577
vn 0.961765 0.020373 0.273118
vn 0.957609 -0.011827 0.287827
vn 0.928209 -0.210145 -0.307031
vn 0.595169 -0.075637 -0.800033
vn 0.978214 -0.191280 -0.080675
vn 0.976571 -0.173817 0.126874
vn 0.941274 -0.175125 0.288676
vn 0.924311 -0.191460 0.330141
vn 0.683126 -0.570659 -0.455727
vn 0.340284 -0.403714 -0.849248
vn 0.809312 -0.543340 -0.223152
vn 0.868162 -0.494440 0.042702
vn 0.856241 -0.435802 0.277358
vn 0.830946 -0.411469 0.374463
vn 0.172837 0.561000 -0.809572
vn 0.165505 0.485393 -0.858488
vn 0.104801 0.312884 -0.943992
vn -0.018149 0.135182 -0.990655
vn -0.129728 -0.042613 -0.990634
vn 0.836695 -0.434103 0.333911
vn 0.935528 -0.232559 0.265902
vn 0.980052 -0.054631 0.191086
vn 0.977190 0.166157 0.132257
vn 0.907066 0.409310 0.098472
vn 0.763027 0.636525 0.112366
vn 0.789375 0.608555 0.080921
vn 0.738378 0.659719 0.139888
vn 0.729937 0.666614 0.151057
vn 0.735714 0.666236 0.121874
vn 0.722835 0.689447 0.046617
vn 0.550950 0.743069 -0.379872
vn 0.129223 0.554385 -0.822167
vn -0.351534 0.876930 -0.327747
vn -0.379765 0.922290 0.071831
vn -0.171393 0.985170 0.008061
vn -0.181828 0.905766 -0.382789
vn -0.388060 0.904914 0.174755
vn -0.151583 0.977220 0.148537
vn -0.393557 0.895301 0.208684
vn -0.133367 0.972677 0.190033
vn -0.405847 0.889286 0.210855
vn -0.132384 0.978556 0.157804
vn -0.436424 0.880015 0.187369
vn -0.141365 0.981985 0.125382
vn 0.155105 0.986774 -0.047111
vn 0.090481 0.884365 -0.457943
vn 0.189192 0.969151 0.157968
vn 0.213183 0.957884 0.192385
vn 0.230281 0.964583 0.128650
vn 0.246578 0.964972 0.089605
vn 0.491966 0.870216 -0.026332
vn 0.335776 0.827994 -0.449089
vn 0.526506 0.835772 0.155810
vn 0.526548 0.830169 0.183215
vn 0.537148 0.833733 0.127914
vn 0.565594 0.819827 0.089371
vn -0.211400 0.582610 -0.784777
vn -0.131681 0.575866 -0.806870
vn -0.016257 0.553874 -0.832442
vn 0.063271 0.551203 -0.831969
vn 0.596109 0.799664 0.072047
vn 0.263377 0.961009 0.084227
vn -0.146370 0.982131 0.118301
vn -0.466362 0.869475 0.162849
vn -0.615912 0.743110 0.261611
vn -0.666332 0.712559 0.219683
vn -0.583521 0.766039 0.269608
vn -0.566140 0.783250 0.256915
vn -0.555675 0.799634 0.227621
vn -0.559888 0.819638 0.121323
vn -0.513816 0.802466 -0.303385
vn -0.290755 0.565292 -0.771950
vn -0.748254 -0.392743 0.534667
vn -0.853623 -0.145243 0.500232
vn -0.882305 -0.103585 0.459138
vn -0.791726 -0.379138 0.478983
vn -0.882869 0.131952 0.450700
vn -0.897029 0.163288 0.410703
vn -0.836515 0.379617 0.395137
vn -0.836008 0.404856 0.370381
vn -0.740258 0.585002 0.331349
vn -0.722437 0.610357 0.324884
vn -0.934834 -0.066868 0.348732
vn -0.859051 -0.397059 0.323074
vn -0.926234 0.204820 0.316449
vn -0.857035 0.419128 0.299704
vn -0.722899 0.624089 0.296532
vn -0.981927 -0.046375 0.183489
vn -0.902349 -0.414492 0.118163
vn -0.948764 0.249477 0.193930
vn -0.882511 0.426459 0.198261
vn -0.745027 0.624484 0.234423
vn -0.998667 -0.044736 0.025749
vn -0.907888 -0.414822 -0.060521
vn -0.956923 0.278268 0.082855
vn -0.893002 0.440803 0.090778
vn -0.774751 0.622277 0.111951
vn -0.926481 0.002930 -0.376329
vn -0.814392 -0.344688 -0.466857
vn -0.893730 0.346798 -0.284565
vn -0.813079 0.513829 -0.273647
vn -0.706436 0.643992 -0.293636
vn -0.433350 -0.130719 -0.891695
vn -0.522635 0.099694 -0.846707
vn -0.510451 0.387850 -0.767471
vn -0.445146 0.504635 -0.739722
vn -0.382286 0.526099 -0.759656
vn -0.785212 0.549115 0.286208
vn -0.868178 0.345330 0.356391
vn -0.902364 0.096162 0.420109
vn -0.863904 -0.179541 0.470569
vn -0.759699 -0.423366 0.493578
vn -0.792920 -0.440986 0.420486
vn -0.825979 -0.452744 0.335829
vn -0.911224 -0.260298 0.319242
vn -0.888553 -0.216126 0.404677
vn -0.852097 -0.471047 0.228133
vn -0.930880 -0.293427 0.217633
vn -0.854868 -0.502398 0.129601
vn -0.942259 -0.312499 0.120380
vn -0.837163 -0.542896 0.066496
vn -0.936062 -0.347219 0.056804
vn -0.810211 -0.586134 -0.002020
vn -0.919367 -0.393226 -0.011717
vn -0.788484 -0.597085 -0.147590
vn -0.914188 -0.391552 -0.104630
vn -0.957845 -0.022568 0.286398
vn -0.932048 0.037858 0.360352
vn -0.976640 -0.052230 0.208437
vn -0.991486 -0.060831 0.115134
vn -0.994662 -0.092193 0.046341
vn -0.994593 -0.103813 0.002911
vn -0.998554 -0.046105 -0.027646
vn -0.940645 0.225655 0.253510
vn -0.910233 0.283840 0.301513
vn -0.959750 0.198874 0.198318
vn -0.975139 0.192277 0.110148
vn -0.975495 0.212238 0.058010
vn -0.960568 0.273132 0.052048
vn -0.938036 0.341602 0.058271
vn -0.868207 0.441657 0.226175
vn -0.836987 0.491446 0.240695
vn -0.889430 0.418670 0.183386
vn -0.893083 0.433970 0.118632
vn -0.858447 0.502890 0.100850
vn -0.806622 0.581819 0.104149
vn -0.767450 0.630886 0.114029
vn -0.706877 0.678775 0.198968
vn -0.731710 0.650585 0.203324
vn -0.743505 0.644711 0.177617
vn -0.718068 0.680249 0.147105
vn -0.667559 0.731367 0.139526
vn -0.617496 0.774299 0.138421
vn -0.562966 0.812371 0.152063
vn -0.740619 0.659564 0.128295
vn -0.513389 0.840488 0.173240
vn -0.918126 0.391931 0.058616
vn -0.998205 0.038768 -0.045642
vn -0.933047 -0.319358 -0.165631
vn -0.837455 -0.494445 -0.232795
vn -0.746667 -0.612454 -0.259591
vn -0.622040 -0.774876 -0.112402
vn -0.537648 -0.804761 -0.251584
vn -0.681577 -0.731663 0.011104
vn -0.717597 -0.692258 0.076380
vn -0.740533 -0.657208 0.140315
vn -0.733017 -0.641846 0.225210
vn -0.687751 -0.650760 0.321730
vn -0.630832 -0.661834 0.405002
vn -0.484274 0.858660 0.167875
vn -0.495432 0.849982 0.179105
vn -0.155201 0.976098 0.152136
vn -0.152128 0.979658 0.130875
vn -0.485075 0.855368 0.181790
vn -0.148730 0.973594 0.173188
vn -0.444872 0.878322 0.175041
vn -0.138590 0.974558 0.176152
vn -0.401350 0.902087 0.158610
vn -0.117390 0.979083 0.166180
vn -0.358639 0.919799 0.159210
vn -0.078989 0.981993 0.171612
vn -0.305065 0.935443 0.178555
vn -0.045385 0.982287 0.181801
vn 0.270640 0.957176 0.102800
vn 0.273721 0.957931 0.086288
vn 0.249025 0.961242 0.118326
vn 0.217366 0.967922 0.126016
vn 0.199924 0.969659 0.140685
vn 0.199567 0.967190 0.157217
vn 0.193592 0.968723 0.155235
vn 0.629009 0.776019 0.046282
vn 0.619236 0.783167 0.056528
vn 0.610643 0.791309 0.030755
vn 0.569882 0.821040 0.033594
vn 0.532955 0.843283 0.069515
vn 0.504148 0.858191 0.096658
vn 0.467682 0.879212 0.090885
vn 0.811404 0.582248 0.051099
vn 0.826260 0.562937 0.019887
vn 0.828030 0.559916 -0.029341
vn 0.823883 0.564865 -0.046313
vn 0.814790 0.579469 -0.018215
vn 0.780424 0.625227 0.005461
vn 0.718951 0.695060 0.000948
vn 0.418761 0.903434 0.091901
vn 0.651052 0.759020 -0.004470
vn 0.173282 0.970905 0.165280
vn -0.031885 0.978830 0.202177
vn -0.253050 0.946111 0.202090
vn 0.920360 0.386541 0.059361
vn 0.930063 0.366919 0.018787
vn 0.993602 0.105439 0.040476
vn 0.987114 0.139292 0.078765
vn 0.935383 0.351101 -0.042280
vn 0.998002 0.058831 -0.023027
vn 0.947773 0.311749 -0.067376
vn 0.998607 0.009838 -0.051834
vn 0.959301 0.273657 -0.069665
vn 0.996782 -0.031456 -0.073736
vn 0.944165 0.317659 -0.087441
vn 0.989134 -0.022598 -0.145268
vn 0.894278 0.434920 -0.105410
vn 0.973796 0.074491 -0.214878
vn 0.984501 -0.153171 0.085418
vn 0.988207 -0.103738 0.112634
vn 0.975240 -0.219850 0.023955
vn 0.960837 -0.275776 -0.027209
vn 0.948547 -0.311840 -0.054907
vn 0.933810 -0.324822 -0.149968
vn 0.922711 -0.261072 -0.283630
vn 0.929657 -0.343386 0.133506
vn 0.940747 -0.292849 0.170982
vn 0.920503 -0.382762 0.078531
vn 0.903068 -0.429402 0.009043
vn 0.877508 -0.479009 -0.023008
vn 0.851704 -0.509184 -0.123822
vn 0.821227 -0.484285 -0.301753
vn 0.834995 -0.519672 0.180898
vn 0.845221 -0.476172 0.242613
vn 0.829020 -0.545539 0.122937
vn 0.823741 -0.564817 0.049323
vn 0.809947 -0.586459 0.007177
vn 0.782658 -0.616335 -0.087047
vn 0.692117 -0.659938 -0.292328
vn 0.632356 -0.713075 0.302737
vn 0.649399 -0.724962 0.229591
vn 0.661060 -0.733226 0.159308
vn 0.679225 -0.729376 0.081640
vn 0.696004 -0.717373 0.030887
vn 0.685128 -0.727145 -0.043123
vn 0.605539 -0.769356 -0.203504
vn 0.563162 -0.724863 -0.396765
vn 0.477678 -0.811127 -0.337485
vn 0.656228 -0.625065 -0.422680
vn 0.806702 -0.411078 -0.424554
vn 0.927627 -0.111661 -0.356427
vn 0.946860 0.218229 -0.236290
vn 0.836830 0.535630 -0.113209
vn 0.258266 -0.917978 0.301022
vn 0.328872 -0.913398 0.239890
vn -0.008377 -0.978143 0.207763
vn -0.055120 -0.964475 0.258361
vn 0.387018 -0.905457 0.174253
vn 0.051925 -0.985785 0.159789
vn 0.432470 -0.896079 0.100067
vn 0.105308 -0.988754 0.106184
vn 0.472175 -0.880097 0.049793
vn 0.151487 -0.986583 0.060867
vn 0.495203 -0.868759 -0.005639
vn 0.195449 -0.980614 0.013968
vn 0.453386 -0.883793 -0.115547
vn 0.207580 -0.977334 -0.041588
vn -0.243710 -0.948088 0.204289
vn -0.204497 -0.941583 0.267586
vn -0.254606 -0.954377 0.156013
vn -0.242558 -0.963216 0.115675
vn -0.215291 -0.973939 0.071369
vn -0.175601 -0.984171 0.023913
vn -0.120185 -0.992450 -0.024481
vn -0.460759 -0.848072 0.261678
vn -0.383890 -0.858789 0.339278
vn -0.518852 -0.833363 0.190524
vn -0.537056 -0.832952 0.133272
vn -0.521587 -0.849516 0.079184
vn -0.483834 -0.874879 0.022182
vn -0.411168 -0.909235 -0.065060
vn -0.302941 -0.935584 -0.181409
vn -0.055934 -0.992720 -0.106666
vn 0.169172 -0.978544 -0.117614
vn 0.341358 -0.913271 -0.222285
vn 0.229384 -0.926753 -0.297510
vn 0.147704 -0.927375 -0.343743
vn 0.091970 -0.964973 -0.245699
vn 0.120186 -0.971735 -0.203193
vn 0.080408 -0.928003 -0.363792
vn 0.068570 -0.963740 -0.257883
vn -0.108896 -0.955488 -0.274196
vn -0.019825 -0.964468 -0.263457
vn -0.014108 -0.957608 -0.287728
vn -0.103492 -0.925208 -0.365075
vn 0.019708 -0.965922 -0.258080
vn -0.009145 -0.978419 -0.206430
vn 0.051147 -0.956452 -0.287374
vn 0.196819 -0.925879 -0.322507
vn 0.175547 -0.925429 -0.335805
vn -0.149356 -0.908013 -0.391414
vn -0.211574 -0.929448 -0.302264
vn -0.088455 -0.879858 -0.466933
vn 0.229989 -0.898245 -0.374515
vn 0.035541 -0.952067 -0.303817
vn -0.118832 -0.922072 -0.368325
vn 0.170937 -0.873587 -0.455660
vn -0.468712 -0.795525 -0.383992
vn -0.413053 -0.761454 -0.499574
vn -0.376116 -0.726419 -0.575197
vn 0.295518 -0.951963 -0.080222
vn 0.039404 -0.999162 0.011061
vn -0.000785 -0.995214 -0.097719
vn 0.235645 -0.961835 -0.139088
vn -0.067637 -0.997150 -0.033420
vn -0.059241 -0.962067 -0.266302
vn 0.013631 -0.999159 -0.038663
vn -0.021305 -0.926793 -0.374968
vn 0.330527 -0.838189 -0.433810
vn 0.171292 -0.873073 -0.456512
vn -0.874641 -0.405290 -0.265978
vn -0.929667 -0.264186 -0.256758
vn -0.986431 -0.096303 -0.132968
vn -0.963866 -0.213428 -0.159411
vn -0.971035 -0.142015 -0.192152
vn -0.996590 -0.008843 -0.082041
vn -0.997864 0.002341 0.065288
vn -0.994537 -0.094654 -0.044018
vn -0.944699 -0.196075 0.262866
vn -0.910058 -0.098107 0.402702
vn -0.710667 -0.394084 0.582796
vn -0.664716 -0.224898 0.712442
vn -0.987094 0.160144 0.000302
vn -0.994489 0.102962 -0.019783
vn -0.980869 0.193818 0.018177
vn -0.867712 0.055521 0.493957
vn -0.975696 0.168965 0.139525
vn -0.619679 -0.066123 0.782065
vn -0.895194 0.433719 0.102541
vn -0.903572 0.418611 0.091224
vn -0.896550 0.433161 0.092575
vn -0.795683 0.266683 0.543846
vn -0.901191 0.391023 0.186964
vn -0.565455 0.123224 0.815522
vn -0.737491 0.658922 0.148088
vn -0.727641 0.668464 0.153932
vn -0.762074 0.635931 0.121802
vn -0.669921 0.478911 0.567318
vn -0.775063 0.590695 0.224405
vn -0.490486 0.335432 0.804307
vn -0.729476 -0.577712 -0.366215
vn -0.486628 0.853280 0.187366
vn -0.489366 0.855977 0.166806
vn -0.514286 0.847301 0.132630
vn -0.342975 0.545335 0.764839
vn -0.446038 0.680139 0.581775
vn -0.418579 0.288823 0.861030
vn -0.214151 0.232967 0.948613
vn -0.186875 0.471711 0.861723
vn -0.276019 0.495099 0.823827
vn -0.466971 0.063453 0.881993
vn -0.170151 -0.094274 0.980898
vn -0.470063 -0.169307 0.866242
vn -0.102138 -0.376522 0.920760
vn -0.422337 -0.384097 0.821037
vn -0.013027 -0.614891 0.788504
vn -0.355094 -0.619397 0.700183
vn 0.070168 -0.789075 0.610277
vn 0.084081 -0.926766 0.366109
vn -0.299711 -0.877846 0.373577
vn -0.825240 -0.422740 -0.374525
vn -0.644245 -0.599915 -0.474395
vn -0.670775 -0.548353 -0.499370
vn -0.882692 -0.325219 -0.339246
vn -0.216482 0.953254 0.210814
vn -0.201024 0.962898 0.180046
vn -0.014936 0.981530 0.190724
vn -0.025253 0.975602 0.218092
vn -0.196072 0.969847 0.144748
vn 0.007121 0.985464 0.169738
vn 0.033691 0.787711 0.615123
vn 0.038939 0.881541 0.470500
vn -0.152913 0.817753 0.554885
vn -0.119311 0.699174 0.704926
vn 0.111089 0.978338 0.174681
vn 0.143984 0.971363 0.189006
vn 0.092219 0.979914 0.176816
vn 0.101155 0.840770 0.531859
vn 0.101822 0.915670 0.388820
vn 0.313655 0.944078 0.101673
vn 0.367319 0.923202 0.113028
vn 0.260355 0.959639 0.106337
vn 0.239760 0.822743 0.515373
vn 0.226378 0.910171 0.346902
vn 0.599797 0.799973 0.016930
vn 0.563827 0.825851 0.008328
vn 0.536876 0.843615 -0.008858
vn 0.485612 0.679864 0.549514
vn 0.527820 0.792182 0.306356
vn -0.057748 0.545668 0.836010
vn -0.081598 0.625609 0.775858
vn 0.795441 0.598646 -0.094321
vn 0.757150 0.647085 -0.089476
vn 0.867773 0.452063 -0.206418
vn 0.910199 0.348879 -0.223208
vn 0.741334 0.664494 -0.094190
vn 0.851379 0.497894 -0.165092
vn 0.770811 0.636736 -0.020434
vn 0.780801 0.566785 0.262877
vn 0.898627 0.351318 0.262764
vn 0.884758 0.463800 -0.045757
vn 0.683406 0.449163 0.575508
vn 0.775230 0.196458 0.600353
vn 0.912805 0.185259 -0.363960
vn 0.928591 0.051218 -0.367553
vn 0.923345 0.251490 -0.290148
vn 0.963088 0.117978 0.241956
vn 0.967853 0.227449 -0.107368
vn 0.795397 -0.056265 0.603471
vn 0.834580 -0.182792 -0.519677
vn 0.819682 -0.312840 -0.479847
vn 0.888672 -0.101902 -0.447076
vn 0.976755 -0.168609 0.132364
vn 0.965994 -0.096405 -0.239920
vn 0.791394 -0.324099 0.518320
vn 0.657672 -0.459502 -0.596930
vn 0.646800 -0.564245 -0.513106
vn 0.724681 -0.400225 -0.560943
vn 0.844225 -0.527599 -0.094468
vn 0.825105 -0.400247 -0.398753
vn 0.659520 -0.713634 0.236137
vn 0.283366 -0.784280 -0.551914
vn 0.451070 -0.522097 0.723844
vn 0.177392 -0.648280 0.740449
vn 0.083431 -0.863323 0.497707
vn 0.333994 -0.839958 0.427689
vn 0.531777 -0.264644 0.804473
vn 0.302364 -0.455831 0.837135
vn 0.596896 0.050211 0.800746
vn 0.410881 -0.102661 0.905890
vn 0.560250 0.326701 0.761175
vn 0.410815 0.226293 0.883189
vn 0.145388 0.268550 0.952231
vn 0.075490 0.260140 0.962615
vn 0.141998 -0.277286 0.950236
vn 0.158670 -0.258107 0.952998
vn 0.182388 -0.614627 0.767443
vn 0.134842 -0.636176 0.759669
vn 0.108121 -0.245654 0.963309
vn 0.198762 -0.528851 0.825112
vn 0.220903 -0.789237 0.572981
vn 0.108290 -0.800727 0.589160
vn 0.264760 -0.723466 0.637573
vn 0.248214 -0.884096 0.395934
vn 0.075071 -0.904058 0.420765
vn 0.303770 -0.834511 0.459691
vn 0.085500 0.355733 -0.930669
vn 0.114412 0.270246 -0.955969
vn 0.102553 0.142549 -0.984461
vn -0.305568 0.153037 -0.939791
vn -0.300783 0.054297 -0.952146
vn -0.194901 0.178743 -0.964399
vn -0.449551 0.331669 -0.829397
vn -0.401260 0.213736 -0.890678
vn 0.039188 0.226751 -0.973164
vn 0.122338 0.083970 -0.988930
vn 0.153836 0.160205 -0.975022
vn -0.000616 0.298931 -0.954275
vn -0.011626 0.239908 -0.970726
vn -0.285089 0.345674 -0.893999
vn 0.001376 0.210447 0.977604
vn 0.087173 -0.737569 0.669621
vn 0.013941 -0.878741 0.477096
vn 0.173460 -0.581220 0.795044
vn 0.247256 -0.208203 0.946317
vn 0.256918 0.226193 0.939590
vn 0.037197 -0.984290 0.172595
vn -0.025819 -0.977186 0.210811
vn 0.258477 -0.952387 0.161705
vn 0.315909 -0.913931 0.254816
vn 0.024042 0.613697 0.789175
vn 0.103309 0.630471 0.769307
vn 0.236938 0.554204 0.797946
vn 0.370023 0.443718 0.816209
vn 0.154801 -0.933099 -0.324596
vn 0.125194 -0.939226 -0.319657
vn 0.017084 -0.960789 -0.276754
vn -0.001198 -0.959851 -0.280509
vn -0.525054 0.806103 0.272977
vn -0.183137 0.939323 0.290058
vn 0.032898 0.961821 0.271696
vn 0.092579 0.964553 0.247115
vn 0.222865 0.957287 0.184208
vn 0.530523 0.845262 0.063850
vn 0.233323 0.738995 0.632018
vn 0.431523 0.568108 0.700743
vn 0.091192 0.771437 0.629737
vn 0.028891 0.712036 0.701548
vn -0.031317 -0.923734 -0.381751
vn -0.071769 -0.923497 -0.376831
vn 0.038696 -0.870863 -0.490001
vn 0.018087 -0.888662 -0.458207
vn -0.699307 -0.631916 -0.334144
vn -0.351975 -0.739698 -0.573552
vn -0.257434 -0.848260 -0.462799
vn -0.525437 -0.834312 -0.166850
vn -0.906321 -0.422591 -0.000364
vn -0.679575 -0.688072 0.254431
vn 0.041805 -0.849721 -0.525572
vn 0.112140 -0.865297 -0.488556
vn 0.037384 -0.981052 0.190106
vn 0.020007 -0.926533 -0.375681
vn 0.058926 -0.868371 -0.492401
vn -0.724937 -0.510060 -0.462931
vn -0.932159 -0.278818 -0.230954
vn 0.088569 -0.946289 -0.310955
vn -0.026107 -0.849211 -0.527408
vn 0.041655 -0.962374 -0.268515
vn -0.276714 -0.960117 -0.040052
vn 0.207237 -0.975948 0.067667
vn 0.427886 -0.898737 -0.095844
vn 0.612341 -0.720698 -0.325014
vn 0.625602 -0.579966 -0.521787
vn 0.525654 -0.591997 -0.610923
vn 0.479839 -0.635084 -0.605329
vn 0.506414 -0.702138 -0.500547
vn 0.144004 -0.972897 -0.180926
vn 0.251517 -0.903862 -0.346083
vn 0.325930 -0.811441 -0.485111
vn 0.329053 -0.752750 -0.570169
vn -0.377707 -0.688393 -0.619236
vn 0.284369 -0.754914 -0.590965
vn 0.105374 -0.865366 -0.489937
s 1
g Feet M_Skeleton L_F_Proximal_Phalanx_2
usemtl Skeleton_Feet_SG
f 1185/1318/1185 1186/1319/1186 1187/1320/1187 1188/1321/1188
f 1186/1319/1186 1189/1322/1189 1190/1323/1190 1187/1320/1187
f 1191/1324/1191 1192/1325/1192 1193/1326/1193 1194/1327/1194
f 1192/1325/1192 1195/1328/1195 1196/1329/1196 1193/1326/1193
f 1195/1328/1195 1197/1330/1197 1198/1331/1198 1196/1329/1196
f 1199/1332/1199 1200/1333/1200 1201/1334/1201 1202/1335/1202
f 1193/1326/1193 1196/1329/1196 1203/1336/1203 1204/1337/1204
f 1196/1329/1196 1198/1331/1198 1205/1338/1205 1203/1336/1203
f 1206/1339/1206 1207/1340/1207 1208/1341/1208 1209/1342/1209
f 1209/1342/1209 1208/1341/1208 1210/1343/1210 1211/1344/1211
f 1212/1345/1212 1213/1346/1213 1214/1347/1214 1215/1348/1215
f 1213/1346/1213 1216/1349/1216 1217/1350/1217 1214/1347/1214
f 1218/1351/1218 1219/1352/1219 1220/1353/1220 1221/1354/1221
f 1222/1355/1222 1201/1334/1201 1200/1333/1200 1223/1356/1223
f 1224/1357/1224 1225/1358/1225 1226/1359/1226 1227/1360/1227
f 1189/1322/1189 1186/1319/1186 1228/1361/1228 1229/1362/1229
f 1186/1319/1186 1185/1318/1185 1230/1363/1230 1228/1361/1228
f 1231/1364/1231 1232/1365/1232 1233/1366/1233 1234/1367/1234
f 1235/1368/1235 1236/1369/1236 1237/1370/1237 1238/1371/1238
f 1236/1369/1236 1239/1372/1239 1240/1373/1240 1237/1370/1237
f 1239/1372/1239 1241/1374/1241 1242/1375/1242 1240/1373/1240
f 1241/1374/1241 1243/1376/1243 1244/1377/1244 1242/1375/1242
f 1243/1376/1243 1245/1378/1245 1246/1379/1246 1244/1377/1244
f 1238/1371/1238 1237/1370/1237 1247/1380/1247 1248/1381/1248
f 1237/1370/1237 1240/1373/1240 1249/1382/1249 1247/1380/1247
f 1240/1373/1240 1242/1375/1242 1250/1383/1250 1249/1382/1249
f 1242/1375/1242 1244/1377/1244 1251/1384/1251 1250/1383/1250
f 1244/1377/1244 1246/1379/1246 1252/1385/1252 1251/1384/1251
f 1248/1381/1248 1247/1380/1247 1253/1386/1253 1254/1387/1254
f 1247/1380/1247 1249/1382/1249 1255/1388/1255 1253/1386/1253
f 1249/1382/1249 1250/1383/1250 1256/1389/1256 1255/1388/1255
f 1250/1383/1250 1251/1384/1251 1257/1390/1257 1256/1389/1256
f 1251/1384/1251 1252/1385/1252 1258/1391/1258 1257/1390/1257
f 1259/1392/1259 1235/1368/1235 1238/1371/1238 1260/1393/1260
f 1260/1393/1260 1238/1371/1238 1248/1381/1248 1261/1394/1261
f 1261/1394/1261 1248/1381/1248 1254/1387/1254 1262/1395/1262
f 1262/1395/1262 1254/1387/1254 1263/1396/1263 1264/1397/1264
f 1254/1387/1254 1253/1386/1253 1265/1398/1265 1263/1396/1263
f 1253/1386/1253 1255/1388/1255 1266/1399/1266 1265/1398/1265
f 1255/1388/1255 1256/1389/1256 1267/1400/1267 1266/1399/1266
f 1256/1389/1256 1257/1390/1257 1268/1401/1268 1267/1400/1267
f 1257/1390/1257 1258/1391/1258 1269/1402/1269 1268/1401/1268
f 1258/1391/1258 1270/1403/1270 1271/1404/1271 1269/1402/1269
f 1270/1403/1270 1258/1391/1258 1252/1385/1252 1272/1405/1272
f 1272/1405/1272 1252/1385/1252 1246/1379/1246 1273/1406/1273
f 1273/1406/1273 1246/1379/1246 1245/1378/1245 1274/1407/1274
f 1274/1407/1274 1245/1378/1245 1275/1408/1275 1276/1409/1276
f 1245/1378/1245 1243/1376/1243 1277/1410/1277 1275/1408/1275
f 1243/1376/1243 1241/1374/1241 1278/1411/1278 1277/1410/1277
f 1241/1374/1241 1239/1372/1239 1279/1412/1279 1278/1411/1278
f 1239/1372/1239 1236/1369/1236 1280/1413/1280 1279/1412/1279
f 1236/1369/1236 1235/1368/1235 1281/1414/1281 1280/1413/1280
f 1235/1368/1235 1259/1392/1259 1282/1415/1282 1281/1414/1281
f 1283/1416/1283 1284/1417/1284 1285/1418/1285 1286/1419/1286
f 1284/1417/1284 1287/1420/1287 1288/1421/1288 1285/1418/1285
f 1287/1420/1287 1289/1422/1289 1290/1423/1290 1288/1421/1288
f 1289/1422/1289 1291/1424/1291 1292/1425/1292 1290/1423/1290
f 1291/1424/1291 1293/1426/1293 1294/1427/1294 1292/1425/1292
f 1286/1419/1286 1285/1418/1285 1295/1428/1295 1296/1429/1296
f 1285/1418/1285 1288/1421/1288 1297/1430/1297 1295/1428/1295
f 1288/1421/1288 1290/1423/1290 1298/1431/1298 1297/1430/1297
f 1290/1423/1290 1292/1425/1292 1299/1432/1299 1298/1431/1298
f 1292/1425/1292 1294/1427/1294 1300/1433/1300 1299/1432/1299
f 1296/1429/1296 1295/1428/1295 1301/1434/1301 1302/1435/1302
f 1295/1428/1295 1297/1430/1297 1303/1436/1303 1301/1434/1301
f 1297/1430/1297 1298/1431/1298 1304/1437/1304 1303/1436/1303
f 1298/1431/1298 1299/1432/1299 1305/1438/1305 1304/1437/1304
f 1299/1432/1299 1300/1433/1300 1306/1439/1306 1305/1438/1305
f 1302/1435/1302 1301/1434/1301 1307/1440/1307 1308/1441/1308
f 1301/1434/1301 1303/1436/1303 1309/1442/1309 1307/1440/1307
f 1303/1436/1303 1304/1437/1304 1310/1443/1310 1309/1442/1309
f 1304/1437/1304 1305/1444/1305 1311/1445/1311 1310/1443/1310
f 1305/1444/1305 1306/1446/1306 1312/1447/1312 1311/1445/1311
f 1313/1448/1313 1283/1449/1283 1286/1450/1286 1314/1451/1314
f 1314/1451/1314 1286/1450/1286 1296/1452/1296 1315/1453/1315
f 1315/1453/1315 1296/1452/1296 1302/1454/1302 1316/1455/1316
f 1316/1455/1316 1302/1454/1302 1308/1441/1308 1317/1456/1317
f 1317/1456/1317 1308/1441/1308 1281/1414/1281 1282/1415/1282
f 1308/1441/1308 1307/1440/1307 1280/1413/1280 1281/1414/1281
f 1307/1440/1307 1309/1442/1309 1279/1412/1279 1280/1413/1280
f 1309/1442/1309 1310/1443/1310 1278/1411/1278 1279/1412/1279
f 1310/1443/1310 1311/1445/1311 1277/1410/1277 1278/1411/1278
f 1311/1445/1311 1312/1447/1312 1275/1408/1275 1277/1410/1277
f 1312/1447/1312 1318/1457/1318 1276/1409/1276 1275/1408/1275
f 1318/1457/1318 1312/1447/1312 1306/1446/1306 1319/1458/1319
f 1319/1459/1319 1306/1439/1306 1300/1433/1300 1320/1460/1320
f 1320/1460/1320 1300/1433/1300 1294/1427/1294 1321/1461/1321
f 1321/1461/1321 1294/1427/1294 1293/1426/1293 1322/1462/1322
f 1322/1462/1322 1293/1426/1293 1323/1463/1323 1324/1464/1324
f 1293/1426/1293 1291/1424/1291 1325/1465/1325 1323/1463/1323
f 1291/1424/1291 1289/1422/1289 1326/1466/1326 1325/1465/1325
f 1289/1422/1289 1287/1420/1287 1327/1467/1327 1326/1466/1326
f 1287/1420/1287 1284/1417/1284 1328/1468/1328 1327/1467/1327
f 1284/1417/1284 1283/1416/1283 1329/1469/1329 1328/1468/1328
f 1283/1449/1283 1313/1448/1313 1330/1470/1330 1329/1471/1329
f 1331/1472/1331 1332/1473/1332 1333/1474/1333 1334/1475/1334
f 1332/1473/1332 1335/1476/1335 1336/1477/1336 1333/1474/1333
f 1335/1476/1335 1337/1478/1337 1338/1479/1338 1336/1477/1336
f 1337/1478/1337 1339/1480/1339 1340/1481/1340 1338/1479/1338
f 1339/1480/1339 1341/1482/1341 1342/1483/1342 1340/1481/1340
f 1334/1475/1334 1333/1474/1333 1343/1484/1343 1344/1485/1344
f 1333/1474/1333 1336/1477/1336 1345/1486/1345 1343/1484/1343
f 1336/1477/1336 1338/1479/1338 1346/1487/1346 1345/1486/1345
f 1338/1479/1338 1340/1481/1340 1347/1488/1347 1346/1487/1346
f 1340/1481/1340 1342/1483/1342 1348/1489/1348 1347/1488/1347
f 1344/1485/1344 1343/1484/1343 1349/1490/1349 1350/1491/1350
f 1343/1484/1343 1345/1486/1345 1351/1492/1351 1349/1490/1349
f 1345/1486/1345 1346/1487/1346 1352/1493/1352 1351/1492/1351
f 1346/1487/1346 1347/1488/1347 1353/1494/1353 1352/1493/1352
f 1347/1488/1347 1348/1489/1348 1354/1495/1354 1353/1494/1353
f 1355/1496/1355 1331/1497/1331 1334/1498/1334 1356/1499/1356
f 1356/1499/1356 1334/1498/1334 1344/1500/1344 1357/1501/1357
f 1357/1501/1357 1344/1500/1344 1350/1502/1350 1358/1503/1358
f 1358/1503/1358 1350/1502/1350 1329/1471/1329 1330/1470/1330
f 1350/1491/1350 1349/1490/1349 1328/1468/1328 1329/1469/1329
f 1349/1490/1349 1351/1492/1351 1327/1467/1327 1328/1468/1328
f 1351/1492/1351 1352/1493/1352 1326/1466/1326 1327/1467/1327
f 1352/1493/1352 1353/1494/1353 1325/1465/1325 1326/1466/1326
f 1353/1494/1353 1354/1495/1354 1323/1463/1323 1325/1465/1325
f 1354/1495/1354 1359/1504/1359 1324/1464/1324 1323/1463/1323
f 1359/1504/1359 1354/1495/1354 1348/1489/1348 1360/1505/1360
f 1360/1505/1360 1348/1489/1348 1342/1483/1342 1361/1506/1361
f 1361/1506/1361 1342/1483/1342 1341/1482/1341 1362/1507/1362
f 1362/1507/1362 1341/1482/1341 1363/1508/1363 1364/1509/1364
f 1341/1482/1341 1339/1480/1339 1365/1510/1365 1363/1508/1363
f 1339/1480/1339 1337/1478/1337 1366/1511/1366 1365/1510/1365
f 1337/1478/1337 1335/1476/1335 1367/1512/1367 1366/1511/1366
f 1335/1476/1335 1332/1473/1332 1368/1513/1368 1367/1512/1367
f 1332/1473/1332 1331/1472/1331 1369/1514/1369 1368/1513/1368
f 1331/1497/1331 1355/1496/1355 1370/1515/1370 1369/1516/1369
f 1371/1517/1371 1372/1518/1372 1373/1519/1373 1374/1520/1374
f 1372/1521/1372 1375/1522/1375 1376/1523/1376 1373/1524/1373
f 1375/1522/1375 1377/1525/1377 1378/1526/1378 1376/1523/1376
f 1377/1525/1377 1379/1527/1379 1380/1528/1380 1378/1526/1378
f 1374/1520/1374 1373/1519/1373 1381/1529/1381 1382/1530/1382
f 1373/1524/1373 1376/1523/1376 1383/1531/1383 1381/1532/1381
f 1376/1523/1376 1378/1526/1378 1384/1533/1384 1383/1531/1383
f 1378/1526/1378 1380/1528/1380 1385/1534/1385 1384/1533/1384
f 1382/1530/1382 1381/1529/1381 1386/1535/1386 1387/1536/1387
f 1381/1532/1381 1383/1531/1383 1388/1537/1388 1386/1538/1386
f 1383/1531/1383 1384/1533/1384 1389/1539/1389 1388/1537/1388
f 1384/1533/1384 1385/1534/1385 1390/1540/1390 1389/1539/1389
f 1387/1536/1387 1386/1535/1386 1391/1541/1391 1392/1542/1392
f 1386/1538/1386 1388/1537/1388 1393/1543/1393 1391/1544/1391
f 1388/1537/1388 1389/1539/1389 1394/1545/1394 1393/1543/1393
f 1389/1539/1389 1390/1540/1390 1395/1546/1395 1394/1545/1394
f 1392/1542/1392 1391/1541/1391 1396/1547/1396 1397/1548/1397
f 1391/1544/1391 1393/1543/1393 1398/1549/1398 1396/1550/1396
f 1393/1543/1393 1394/1545/1394 1399/1551/1399 1398/1549/1398
f 1394/1545/1394 1395/1546/1395 1400/1552/1400 1399/1551/1399
f 1269/1402/1269 1371/1517/1371 1374/1520/1374 1268/1401/1268
f 1268/1401/1268 1374/1520/1374 1382/1530/1382 1267/1400/1267
f 1267/1400/1267 1382/1530/1382 1387/1536/1387 1266/1399/1266
f 1266/1399/1266 1387/1536/1387 1392/1542/1392 1265/1398/1265
f 1265/1398/1265 1392/1542/1392 1397/1548/1397 1263/1396/1263
f 1397/1548/1397 1401/1553/1401 1264/1397/1264 1263/1396/1263
f 1396/1554/1396 1402/1555/1402 1401/1553/1401 1397/1548/1397
f 1398/1556/1398 1403/1557/1403 1402/1555/1402 1396/1554/1396
f 1399/1558/1399 1404/1559/1404 1403/1557/1403 1398/1556/1398
f 1400/1560/1400 1405/1561/1405 1404/1559/1404 1399/1558/1399
f 1369/1516/1369 1370/1515/1370 1405/1561/1405 1400/1560/1400
f 1400/1552/1400 1395/1546/1395 1368/1513/1368 1369/1514/1369
f 1368/1513/1368 1395/1546/1395 1390/1540/1390 1367/1512/1367
f 1367/1512/1367 1390/1540/1390 1385/1534/1385 1366/1511/1366
f 1366/1511/1366 1385/1534/1385 1380/1528/1380 1365/1510/1365
f 1365/1510/1365 1380/1528/1380 1379/1527/1379 1363/1508/1363
f 1363/1508/1363 1379/1527/1379 1406/1562/1406 1364/1509/1364
f 1379/1527/1379 1377/1525/1377 1407/1563/1407 1406/1562/1406
f 1377/1525/1377 1375/1522/1375 1408/1564/1408 1407/1563/1407
f 1375/1522/1375 1372/1521/1372 1409/1565/1409 1408/1564/1408
f 1372/1518/1372 1371/1517/1371 1410/1566/1410 1409/1567/1409
f 1371/1517/1371 1269/1402/1269 1271/1404/1271 1410/1566/1410
f 1411/1568/1411 1412/1569/1412 1413/1570/1413 1414/1571/1414
f 1412/1569/1412 1415/1572/1415 1416/1573/1416 1413/1570/1413
f 1415/1572/1415 1417/1574/1417 1418/1575/1418 1416/1573/1416
f 1417/1574/1417 1419/1576/1419 1420/1577/1420 1418/1575/1418
f 1419/1576/1419 1421/1578/1421 1422/1579/1422 1420/1577/1420
f 1421/1578/1421 1423/1580/1423 1424/1581/1424 1422/1579/1422
f 1414/1582/1414 1413/1583/1413 1425/1584/1425 1426/1585/1426
f 1413/1583/1413 1416/1586/1416 1427/1587/1427 1425/1584/1425
f 1416/1586/1416 1418/1588/1418 1428/1589/1428 1427/1587/1427
f 1418/1588/1418 1420/1590/1420 1429/1591/1429 1428/1589/1428
f 1420/1590/1420 1422/1592/1422 1430/1593/1430 1429/1591/1429
f 1422/1592/1422 1424/1594/1424 1431/1595/1431 1430/1593/1430
f 1426/1585/1426 1425/1584/1425 1432/1596/1432 1433/1597/1433
f 1425/1584/1425 1427/1587/1427 1434/1598/1434 1432/1596/1432
f 1427/1587/1427 1428/1589/1428 1435/1599/1435 1434/1598/1434
f 1428/1589/1428 1429/1591/1429 1436/1600/1436 1435/1599/1435
f 1429/1591/1429 1430/1593/1430 1437/1601/1437 1436/1600/1436
f 1430/1593/1430 1431/1595/1431 1438/1602/1438 1437/1601/1437
f 1433/1597/1433 1432/1596/1432 1439/1603/1439 1440/1604/1440
f 1432/1596/1432 1434/1598/1434 1441/1605/1441 1439/1603/1439
f 1434/1598/1434 1435/1599/1435 1442/1606/1442 1441/1605/1441
f 1435/1599/1435 1436/1600/1436 1443/1607/1443 1442/1606/1442
f 1436/1600/1436 1437/1601/1437 1444/1608/1444 1443/1607/1443
f 1437/1601/1437 1438/1602/1438 1445/1609/1445 1444/1608/1444
f 1410/1566/1410 1411/1568/1411 1414/1571/1414 1409/1567/1409
f 1409/1565/1409 1414/1582/1414 1426/1585/1426 1408/1564/1408
f 1408/1564/1408 1426/1585/1426 1433/1597/1433 1407/1563/1407
f 1407/1563/1407 1433/1597/1433 1440/1604/1440 1406/1562/1406
f 1406/1562/1406 1440/1604/1440 1446/1610/1446 1364/1509/1364
f 1440/1604/1440 1439/1603/1439 1447/1611/1447 1446/1610/1446
f 1439/1603/1439 1441/1605/1441 1448/1612/1448 1447/1611/1447
f 1441/1605/1441 1442/1606/1442 1449/1613/1449 1448/1612/1448
f 1442/1606/1442 1443/1607/1443 1450/1614/1450 1449/1613/1449
f 1443/1607/1443 1444/1608/1444 1451/1615/1451 1450/1614/1450
f 1444/1608/1444 1445/1609/1445 1452/1616/1452 1451/1615/1451
f 1445/1609/1445 1453/1617/1453 1454/1618/1454 1452/1616/1452
f 1453/1617/1453 1445/1609/1445 1438/1602/1438 1455/1619/1455
f 1455/1619/1455 1438/1602/1438 1431/1595/1431 1456/1620/1456
f 1456/1620/1456 1431/1595/1431 1424/1594/1424 1457/1621/1457
f 1458/1622/1458 1423/1580/1423 1459/1623/1459
f 1459/1623/1459 1423/1580/1423 1460/1624/1460 1461/1625/1461
f 1423/1580/1423 1421/1578/1421 1462/1626/1462 1460/1624/1460
f 1421/1578/1421 1419/1576/1419 1463/1627/1463 1462/1626/1462
f 1419/1576/1419 1417/1574/1417 1464/1628/1464 1463/1627/1463
f 1417/1574/1417 1415/1572/1415 1465/1629/1465 1464/1628/1464
f 1415/1572/1415 1412/1569/1412 1466/1630/1466 1465/1629/1465
f 1412/1569/1412 1411/1568/1411 1467/1631/1467 1466/1630/1466
f 1411/1568/1411 1410/1566/1410 1271/1404/1271 1467/1631/1467
f 1468/1632/1468 1469/1633/1469 1470/1634/1470 1471/1635/1471
f 1469/1633/1469 1472/1636/1472 1473/1637/1473 1470/1634/1470
f 1472/1636/1472 1474/1638/1474 1475/1639/1475 1473/1637/1473
f 1474/1638/1474 1476/1640/1476 1477/1641/1477 1475/1639/1475
f 1476/1640/1476 1478/1642/1478 1479/1643/1479 1477/1641/1477
f 1478/1642/1478 1480/1644/1480 1481/1645/1481 1479/1643/1479
f 1471/1635/1471 1470/1634/1470 1482/1646/1482 1483/1647/1483
f 1470/1634/1470 1473/1637/1473 1484/1648/1484 1482/1646/1482
f 1473/1637/1473 1475/1639/1475 1485/1649/1485 1484/1648/1484
f 1475/1639/1475 1477/1641/1477 1486/1650/1486 1485/1649/1485
f 1477/1641/1477 1479/1643/1479 1487/1651/1487 1486/1650/1486
f 1479/1643/1479 1481/1645/1481 1488/1652/1488 1487/1651/1487
f 1483/1647/1483 1482/1646/1482 1489/1653/1489 1490/1654/1490
f 1482/1646/1482 1484/1648/1484 1491/1655/1491 1489/1653/1489
f 1484/1648/1484 1485/1649/1485 1492/1656/1492 1491/1655/1491
f 1485/1649/1485 1486/1650/1486 1493/1657/1493 1492/1656/1492
f 1486/1650/1486 1487/1651/1487 1494/1658/1494 1493/1657/1493
f 1487/1651/1487 1488/1652/1488 1495/1659/1495 1494/1658/1494
f 1362/1507/1362 1468/1632/1468 1471/1635/1471 1361/1506/1361
f 1361/1506/1361 1471/1635/1471 1483/1647/1483 1360/1505/1360
f 1360/1505/1360 1483/1647/1483 1490/1654/1490 1359/1504/1359
f 1359/1504/1359 1490/1654/1490 1496/1660/1496 1324/1464/1324
f 1490/1654/1490 1489/1653/1489 1497/1661/1497 1496/1660/1496
f 1489/1653/1489 1491/1655/1491 1498/1662/1498 1497/1661/1497
f 1491/1655/1491 1492/1656/1492 1499/1663/1499 1498/1662/1498
f 1492/1656/1492 1493/1657/1493 1500/1664/1500 1499/1663/1499
f 1493/1657/1493 1494/1658/1494 1501/1665/1501 1500/1664/1500
f 1494/1658/1494 1495/1659/1495 1502/1666/1502 1501/1665/1501
f 1495/1659/1495 1503/1667/1503 1504/1668/1504 1502/1666/1502
f 1503/1667/1503 1495/1659/1495 1488/1652/1488 1505/1669/1505
f 1505/1669/1505 1488/1652/1488 1481/1645/1481 1506/1670/1506
f 1506/1670/1506 1481/1645/1481 1480/1644/1480 1507/1671/1507
f 1507/1671/1507 1480/1644/1480 1452/1616/1452 1454/1618/1454
f 1480/1644/1480 1478/1642/1478 1451/1615/1451 1452/1616/1452
f 1478/1642/1478 1476/1640/1476 1450/1614/1450 1451/1615/1451
f 1476/1640/1476 1474/1638/1474 1449/1613/1449 1450/1614/1450
f 1474/1638/1474 1472/1636/1472 1448/1612/1448 1449/1613/1449
f 1472/1636/1472 1469/1633/1469 1447/1611/1447 1448/1612/1448
f 1469/1633/1469 1468/1632/1468 1446/1610/1446 1447/1611/1447
f 1468/1632/1468 1362/1507/1362 1364/1509/1364 1446/1610/1446
f 1508/1672/1508 1509/1673/1509 1510/1674/1510 1511/1675/1511
f 1509/1673/1509 1512/1676/1512 1513/1677/1513 1510/1674/1510
f 1512/1676/1512 1514/1678/1514 1515/1679/1515 1513/1677/1513
f 1514/1678/1514 1516/1680/1516 1517/1681/1517 1515/1679/1515
f 1516/1680/1516 1518/1682/1518 1519/1683/1519 1517/1681/1517
f 1518/1682/1518 1520/1684/1520 1521/1685/1521 1519/1683/1519
f 1511/1675/1511 1510/1674/1510 1522/1686/1522 1523/1687/1523
f 1510/1674/1510 1513/1677/1513 1524/1688/1524 1522/1686/1522
f 1513/1677/1513 1515/1679/1515 1525/1689/1525 1524/1688/1524
f 1515/1679/1515 1517/1681/1517 1526/1690/1526 1525/1689/1525
f 1517/1681/1517 1519/1683/1519 1527/1691/1527 1526/1690/1526
f 1519/1683/1519 1521/1685/1521 1528/1692/1528 1527/1691/1527
f 1523/1687/1523 1522/1686/1522 1529/1693/1529 1530/1694/1530
f 1522/1686/1522 1524/1688/1524 1531/1695/1531 1529/1693/1529
f 1524/1688/1524 1525/1689/1525 1532/1696/1532 1531/1695/1531
f 1525/1689/1525 1526/1690/1526 1533/1697/1533 1532/1696/1532
f 1526/1690/1526 1527/1691/1527 1534/1698/1534 1533/1697/1533
f 1527/1691/1527 1528/1692/1528 1535/1699/1535 1534/1698/1534
f 1530/1700/1530 1529/1701/1529 1536/1702/1536 1537/1703/1537
f 1529/1701/1529 1531/1704/1531 1538/1705/1538 1536/1702/1536
f 1531/1704/1531 1532/1706/1532 1539/1707/1539 1538/1705/1538
f 1532/1706/1532 1533/1708/1533 1540/1709/1540 1539/1707/1539
f 1533/1708/1533 1534/1710/1534 1541/1711/1541 1540/1709/1540
f 1534/1710/1534 1535/1712/1535 1542/1713/1542 1541/1711/1541
f 1322/1462/1322 1508/1672/1508 1511/1675/1511 1321/1461/1321
f 1321/1461/1321 1511/1675/1511 1523/1687/1523 1320/1460/1320
f 1320/1460/1320 1523/1687/1523 1530/1694/1530 1319/1459/1319
f 1319/1458/1319 1530/1700/1530 1537/1703/1537 1318/1457/1318
f 1318/1457/1318 1537/1703/1537 1543/1714/1543 1276/1409/1276
f 1537/1703/1537 1536/1702/1536 1544/1715/1544 1543/1714/1543
f 1536/1702/1536 1538/1705/1538 1545/1716/1545 1544/1715/1544
f 1538/1705/1538 1539/1707/1539 1546/1717/1546 1545/1716/1545
f 1539/1707/1539 1540/1709/1540 1547/1718/1547 1546/1717/1546
f 1540/1709/1540 1541/1711/1541 1548/1719/1548 1547/1718/1547
f 1541/1711/1541 1542/1713/1542 1549/1720/1549 1548/1719/1548
f 1542/1713/1542 1550/1721/1550 1551/1722/1551 1549/1720/1549
f 1552/1723/1552 1542/1713/1542 1535/1712/1535 1553/1724/1553
f 1553/1725/1553 1535/1699/1535 1528/1692/1528 1554/1726/1554
f 1554/1726/1554 1528/1692/1528 1521/1685/1521 1555/1727/1555
f 1555/1727/1555 1521/1685/1521 1520/1684/1520 1556/1728/1556
f 1556/1728/1556 1520/1684/1520 1502/1666/1502 1504/1668/1504
f 1520/1684/1520 1518/1682/1518 1501/1665/1501 1502/1666/1502
f 1518/1682/1518 1516/1680/1516 1500/1664/1500 1501/1665/1501
f 1516/1680/1516 1514/1678/1514 1499/1663/1499 1500/1664/1500
f 1514/1678/1514 1512/1676/1512 1498/1662/1498 1499/1663/1499
f 1512/1676/1512 1509/1673/1509 1497/1661/1497 1498/1662/1498
f 1509/1673/1509 1508/1672/1508 1496/1660/1496 1497/1661/1497
f 1508/1672/1508 1322/1462/1322 1324/1464/1324 1496/1660/1496
f 1557/1729/1557 1558/1730/1558 1559/1731/1559 1560/1732/1560
f 1558/1730/1558 1561/1733/1561 1562/1734/1562 1559/1731/1559
f 1561/1733/1561 1563/1735/1563 1564/1736/1564 1562/1734/1562
f 1563/1735/1563 1565/1737/1565 1566/1738/1566 1564/1736/1564
f 1565/1737/1565 1567/1739/1567 1568/1740/1568 1566/1738/1566
f 1567/1739/1567 1569/1741/1569 1570/1742/1570 1568/1740/1568
f 1560/1732/1560 1559/1731/1559 1571/1743/1571 1572/1744/1572
f 1559/1731/1559 1562/1734/1562 1573/1745/1573 1571/1743/1571
f 1562/1734/1562 1564/1736/1564 1574/1746/1574 1573/1745/1573
f 1564/1736/1564 1566/1738/1566 1575/1747/1575 1574/1746/1574
f 1566/1738/1566 1568/1740/1568 1576/1748/1576 1575/1747/1575
f 1568/1740/1568 1570/1742/1570 1577/1749/1577 1576/1748/1576
f 1572/1744/1572 1571/1743/1571 1578/1750/1578 1579/1751/1579
f 1571/1743/1571 1573/1745/1573 1580/1752/1580 1578/1750/1578
f 1573/1745/1573 1574/1746/1574 1581/1753/1581 1580/1752/1580
f 1574/1746/1574 1575/1747/1575 1582/1754/1582 1581/1753/1581
f 1575/1747/1575 1576/1748/1576 1583/1755/1583 1582/1754/1582
f 1576/1748/1576 1577/1749/1577 1584/1756/1584 1583/1755/1583
f 1274/1407/1274 1557/1729/1557 1560/1732/1560 1273/1406/1273
f 1273/1406/1273 1560/1732/1560 1572/1744/1572 1272/1405/1272
f 1272/1405/1272 1572/1744/1572 1579/1751/1579 1270/1403/1270
f 1270/1403/1270 1579/1751/1579 1467/1631/1467 1271/1404/1271
f 1579/1751/1579 1578/1750/1578 1466/1630/1466 1467/1631/1467
f 1578/1750/1578 1580/1752/1580 1465/1629/1465 1466/1630/1466
f 1580/1752/1580 1581/1753/1581 1464/1628/1464 1465/1629/1465
f 1581/1753/1581 1582/1754/1582 1463/1627/1463 1464/1628/1464
f 1582/1754/1582 1583/1755/1583 1462/1626/1462 1463/1627/1463
f 1583/1755/1583 1584/1756/1584 1460/1624/1460 1462/1626/1462
f 1584/1756/1584 1585/1757/1585 1461/1625/1461 1460/1624/1460
f 1585/1757/1585 1584/1756/1584 1577/1749/1577 1586/1758/1586
f 1586/1758/1586 1577/1749/1577 1570/1742/1570 1587/1759/1587
f 1587/1759/1587 1570/1742/1570 1569/1741/1569 1588/1760/1588
f 1588/1760/1588 1569/1741/1569 1549/1720/1549 1551/1722/1551
f 1569/1741/1569 1567/1739/1567 1548/1719/1548 1549/1720/1549
f 1567/1739/1567 1565/1737/1565 1547/1718/1547 1548/1719/1548
f 1565/1737/1565 1563/1735/1563 1546/1717/1546 1547/1718/1547
f 1563/1735/1563 1561/1733/1561 1545/1716/1545 1546/1717/1546
f 1561/1733/1561 1558/1730/1558 1544/1715/1544 1545/1716/1545
f 1558/1730/1558 1557/1729/1557 1543/1714/1543 1544/1715/1544
f 1557/1729/1557 1274/1407/1274 1276/1409/1276 1543/1714/1543
f 1589/1761/1589 1590/1762/1590 1591/1763/1591 1592/1764/1592
f 1590/1762/1590 1593/1765/1593 1594/1766/1594 1591/1763/1591
f 1595/1767/1595 1596/1768/1596 1597/1769/1597 1598/1770/1598
f 1592/1764/1592 1591/1763/1591 1599/1771/1599 1600/1772/1600
f 1591/1763/1591 1594/1766/1594 1601/1773/1601 1599/1771/1599
f 1602/1774/1602 1603/1775/1603 1597/1769/1597 1596/1768/1596
f 1600/1772/1600 1599/1771/1599 1604/1776/1604 1605/1777/1605
f 1599/1771/1599 1601/1773/1601 1606/1778/1606 1604/1776/1604
f 1607/1779/1607 1608/1780/1608 1609/1781/1609 1610/1782/1610
f 1588/1760/1588 1589/1761/1589 1592/1764/1592 1587/1759/1587
f 1587/1759/1587 1592/1764/1592 1600/1772/1600 1586/1758/1586
f 1586/1758/1586 1600/1772/1600 1605/1777/1605 1585/1757/1585
f 1585/1757/1585 1605/1777/1605 1611/1783/1611 1461/1625/1461
f 1605/1777/1605 1604/1776/1604 1612/1784/1612 1611/1783/1611
f 1604/1776/1604 1606/1778/1606 1613/1785/1613 1612/1784/1612
f 1607/1779/1607 1614/1786/1614 1615/1787/1615 1608/1780/1608
f 1596/1768/1596 1616/1788/1616 1617/1789/1617 1602/1774/1602
f 1595/1767/1595 1618/1790/1618 1616/1788/1616 1596/1768/1596
f 1619/1791/1619 1620/1792/1620 1618/1790/1618 1595/1767/1595
f 1595/1767/1595 1598/1770/1598 1621/1793/1621 1619/1791/1619
f 1590/1762/1590 1589/1761/1589 1622/1794/1622 1623/1795/1623
f 1589/1761/1589 1588/1760/1588 1551/1722/1551 1622/1794/1622
f 1624/1796/1624 1625/1797/1625 1626/1798/1626 1627/1799/1627
f 1625/1797/1625 1628/1800/1628 1629/1801/1629 1626/1798/1626
f 1630/1802/1630 1631/1803/1631 1632/1804/1632 1633/1805/1633
f 1632/1804/1632 1634/1806/1634 1635/1807/1635 1633/1805/1633
f 1627/1808/1627 1626/1809/1626 1636/1810/1636 1637/1811/1637
f 1626/1809/1626 1629/1812/1629 1638/1813/1638 1636/1810/1636
f 1630/1814/1630 1633/1815/1633 1639/1816/1639 1640/1817/1640
f 1641/1818/1641 1639/1816/1639 1633/1815/1633 1635/1819/1635
f 1637/1811/1637 1636/1810/1636 1642/1820/1642 1643/1821/1643
f 1636/1810/1636 1638/1813/1638 1644/1822/1644 1642/1820/1642
f 1640/1817/1640 1639/1816/1639 1645/1823/1645 1646/1824/1646
f 1639/1816/1639 1641/1818/1641 1647/1825/1647 1645/1823/1645
f 1643/1821/1643 1642/1820/1642 1648/1826/1648 1649/1827/1649
f 1642/1820/1642 1644/1822/1644 1650/1828/1650 1648/1826/1648
f 1646/1824/1646 1645/1823/1645 1651/1829/1651 1652/1830/1652
f 1645/1823/1645 1647/1825/1647 1653/1831/1653 1651/1829/1651
f 1459/1623/1459 1654/1832/1654 1624/1796/1624 1458/1622/1458
f 1457/1621/1457 1627/1808/1627 1637/1811/1637 1456/1620/1456
f 1456/1620/1456 1637/1811/1637 1643/1821/1643 1455/1619/1455
f 1455/1619/1455 1643/1821/1643 1649/1827/1649 1453/1617/1453
f 1453/1617/1453 1649/1827/1649 1655/1833/1655 1454/1618/1454
f 1649/1827/1649 1648/1826/1648 1656/1834/1656 1655/1833/1655
f 1648/1826/1648 1650/1828/1650 1657/1835/1657 1656/1834/1656
f 1651/1829/1651 1653/1831/1653 1658/1836/1658 1659/1837/1659
f 1660/1838/1660 1661/1839/1661 1662/1840/1662 1663/1841/1663
f 1664/1842/1664 1665/1843/1665 1661/1839/1661 1660/1838/1660
f 1666/1844/1666 1667/1845/1667 1665/1843/1665 1664/1842/1664
f 1668/1846/1668 1669/1847/1669 1667/1845/1667 1666/1844/1666
f 1670/1848/1670 1671/1849/1671 1669/1847/1669 1668/1846/1668
f 1672/1850/1672 1671/1849/1671 1670/1848/1670 1673/1851/1673
f 1674/1852/1674 1675/1853/1675 1676/1854/1676 1677/1855/1677
f 1675/1853/1675 1654/1832/1654 1611/1783/1611 1612/1784/1612
f 1654/1832/1654 1459/1623/1459 1461/1625/1461 1611/1783/1611
f 1678/1856/1678 1679/1857/1679 1680/1858/1680 1681/1859/1681
f 1679/1857/1679 1682/1860/1682 1683/1861/1683 1680/1858/1680
f 1684/1862/1684 1685/1863/1685 1686/1864/1686 1687/1865/1687
f 1681/1859/1681 1680/1858/1680 1688/1866/1688 1689/1867/1689
f 1680/1858/1680 1683/1861/1683 1690/1868/1690 1688/1866/1688
f 1691/1869/1691 1692/1870/1692 1685/1863/1685 1684/1862/1684
f 1689/1867/1689 1688/1866/1688 1693/1871/1693 1694/1872/1694
f 1688/1866/1688 1690/1868/1690 1695/1873/1695 1693/1871/1693
f 1696/1874/1696 1697/1875/1697 1692/1870/1692 1691/1869/1691
f 1507/1671/1507 1678/1856/1678 1681/1859/1681 1506/1670/1506
f 1506/1670/1506 1681/1859/1681 1689/1867/1689 1505/1669/1505
f 1505/1669/1505 1689/1867/1689 1694/1872/1694 1503/1667/1503
f 1503/1667/1503 1694/1872/1694 1698/1876/1698 1504/1668/1504
f 1694/1872/1694 1693/1871/1693 1699/1877/1699 1698/1876/1698
f 1693/1871/1693 1695/1873/1695 1700/1878/1700 1699/1877/1699
f 1701/1879/1701 1702/1880/1702 1697/1875/1697 1696/1874/1696
f 1663/1841/1663 1662/1840/1662 1703/1881/1703 1704/1882/1704
f 1682/1860/1682 1679/1857/1679 1656/1834/1656 1657/1835/1657
f 1679/1857/1679 1678/1856/1678 1655/1833/1655 1656/1834/1656
f 1678/1856/1678 1507/1671/1507 1454/1618/1454 1655/1833/1655
f 1705/1883/1705 1706/1884/1706 1707/1885/1707 1708/1886/1708
f 1706/1884/1706 1709/1887/1709 1710/1888/1710 1707/1885/1707
f 1711/1889/1711 1712/1890/1712 1713/1891/1713 1714/1892/1714
f 1712/1890/1712 1715/1893/1715 1716/1894/1716 1713/1891/1713
f 1708/1886/1708 1707/1885/1707 1717/1895/1717 1718/1896/1718
f 1707/1885/1707 1710/1888/1710 1719/1897/1719 1717/1895/1717
f 1714/1892/1714 1713/1891/1713 1720/1898/1720 1721/1899/1721
f 1713/1891/1713 1716/1894/1716 1722/1900/1722 1720/1898/1720
f 1718/1896/1718 1717/1895/1717 1723/1901/1723 1724/1902/1724
f 1717/1895/1717 1719/1897/1719 1725/1903/1725 1723/1901/1723
f 1721/1899/1721 1720/1898/1720 1726/1904/1726 1727/1905/1727
f 1720/1898/1720 1722/1900/1722 1728/1906/1728 1726/1904/1726
f 1724/1907/1724 1723/1908/1723 1729/1909/1729 1730/1910/1730
f 1723/1908/1723 1725/1911/1725 1731/1912/1731 1729/1909/1729
f 1727/1913/1727 1726/1914/1726 1732/1915/1732 1733/1916/1733
f 1734/1917/1734 1732/1915/1732 1726/1914/1726 1728/1918/1728
f 1556/1728/1556 1705/1883/1705 1708/1886/1708 1555/1727/1555
f 1555/1727/1555 1708/1886/1708 1718/1896/1718 1554/1726/1554
f 1554/1726/1554 1718/1896/1718 1724/1902/1724 1553/1725/1553
f 1730/1910/1730 1552/1723/1552 1553/1724/1553 1724/1907/1724
f 1735/1919/1735 1623/1795/1623 1622/1794/1622
f 1736/1920/1736 1737/1921/1737 1738/1922/1738 1739/1923/1739
f 1740/1924/1740 1741/1925/1741 1737/1921/1737 1736/1920/1736
f 1742/1926/1742 1743/1927/1743 1741/1925/1741 1740/1924/1740
f 1744/1928/1744 1745/1929/1745 1743/1927/1743 1742/1926/1742
f 1712/1890/1712 1702/1880/1702 1701/1879/1701 1715/1893/1715
f 1709/1887/1709 1706/1884/1706 1699/1877/1699 1700/1878/1700
f 1706/1884/1706 1705/1883/1705 1698/1876/1698 1699/1877/1699
f 1705/1883/1705 1556/1728/1556 1504/1668/1504 1698/1876/1698
f 1746/1930/1746 1747/1931/1747 1748/1932/1748 1749/1933/1749
f 1749/1933/1749 1748/1932/1748 1750/1934/1750 1751/1935/1751
f 1752/1936/1752 1665/1843/1665 1667/1845/1667 1753/1937/1753
f 1751/1935/1751 1750/1934/1750 1754/1938/1754 1755/1939/1755
f 1753/1937/1753 1667/1845/1667 1669/1847/1669 1756/1940/1756
f 1755/1939/1755 1754/1938/1754 1757/1941/1757 1758/1942/1758
f 1671/1849/1671 1759/1943/1759 1756/1940/1756 1669/1847/1669
f 1202/1335/1202 1201/1334/1201 1760/1944/1760 1761/1945/1761
f 1194/1327/1194 1193/1326/1193 1204/1337/1204 1762/1946/1762
f 1185/1318/1185 1188/1321/1188 1763/1947/1763 1232/1365/1232
f 1234/1367/1234 1233/1366/1233 1764/1948/1764 1765/1949/1765
f 1766/1950/1766 1189/1322/1189 1229/1362/1229 1767/1951/1767
f 1760/1944/1760 1201/1334/1201 1222/1355/1222 1768/1952/1768
f 1769/1953/1769 1770/1954/1770 1771/1955/1771 1772/1956/1772
f 1197/1330/1197 1199/1332/1199 1202/1335/1202 1198/1331/1198
f 1766/1950/1766 1226/1359/1226 1225/1358/1225 1773/1957/1773
f 1189/1322/1189 1766/1950/1766 1773/1957/1773 1190/1323/1190
f 1198/1331/1198 1202/1335/1202 1761/1945/1761 1205/1338/1205
f 1188/1321/1188 1192/1325/1192 1191/1324/1191 1763/1947/1763
f 1187/1320/1187 1195/1328/1195 1192/1325/1192 1188/1321/1188
f 1190/1323/1190 1197/1330/1197 1195/1328/1195 1187/1320/1187
f 1773/1957/1773 1199/1332/1199 1197/1330/1197 1190/1323/1190
f 1225/1358/1225 1200/1333/1200 1199/1332/1199 1773/1957/1773
f 1232/1365/1232 1763/1947/1763 1764/1948/1764 1233/1366/1233
f 1191/1324/1191 1207/1340/1207 1764/1948/1764 1763/1947/1763
f 1207/1340/1207 1191/1324/1191 1194/1327/1194 1208/1341/1208
f 1208/1341/1208 1194/1327/1194 1762/1946/1762 1210/1343/1210
f 1210/1343/1210 1762/1946/1762 1770/1954/1770 1769/1953/1769
f 1204/1337/1204 1212/1345/1212 1770/1954/1770 1762/1946/1762
f 1203/1336/1203 1213/1346/1213 1212/1345/1212 1204/1337/1204
f 1205/1338/1205 1216/1349/1216 1213/1346/1213 1203/1336/1203
f 1761/1945/1761 1219/1352/1219 1216/1349/1216 1205/1338/1205
f 1760/1944/1760 1220/1353/1220 1219/1352/1219 1761/1945/1761
f 1211/1344/1211 1210/1343/1210 1769/1953/1769 1772/1956/1772
f 1770/1954/1770 1212/1345/1212 1215/1348/1215 1771/1955/1771
f 1217/1350/1217 1216/1349/1216 1219/1352/1219 1218/1351/1218
f 1220/1353/1220 1760/1944/1760 1768/1952/1768 1221/1354/1221
f 1223/1356/1223 1200/1333/1200 1225/1358/1225 1224/1357/1224
f 1226/1359/1226 1766/1950/1766 1767/1951/1767 1227/1360/1227
f 1230/1363/1230 1185/1318/1185 1232/1365/1232 1231/1364/1231
f 1765/1949/1765 1764/1948/1764 1207/1340/1207 1206/1339/1206
f 1774/1958/1774 1661/1839/1661 1665/1843/1665 1752/1936/1752
f 1747/1931/1747 1774/1958/1774 1752/1936/1752 1748/1932/1748
f 1748/1932/1748 1752/1936/1752 1753/1937/1753 1750/1934/1750
f 1750/1934/1750 1753/1937/1753 1756/1940/1756 1754/1938/1754
f 1775/1959/1775 1755/1939/1755 1758/1942/1758 1776/1960/1776
f 1777/1961/1777 1751/1935/1751 1755/1939/1755 1775/1959/1775
f 1778/1962/1778 1749/1933/1749 1751/1935/1751 1777/1961/1777
f 1746/1930/1746 1749/1933/1749 1778/1962/1778 1779/1963/1779
f 1758/1942/1758 1780/1964/1780 1781/1965/1781 1776/1960/1776
f 1757/1941/1757 1782/1966/1782 1780/1964/1780 1758/1942/1758
f 1783/1967/1783 1759/1943/1759 1671/1849/1671 1672/1850/1672
f 1703/1881/1703 1662/1840/1662 1661/1839/1661 1774/1958/1774
f 1784/1968/1784 1703/1881/1703 1774/1958/1774 1747/1931/1747
f 1785/1969/1785 1784/1968/1784 1747/1931/1747 1746/1930/1746
f 1785/1969/1785 1746/1930/1746 1779/1963/1779 1786/1970/1786
f 1786/1970/1786 1779/1963/1779 1745/1929/1745 1787/1971/1787
f 1788/1972/1788 1789/1973/1789 1790/1974/1790 1791/1975/1791
f 1629/1801/1629 1628/1800/1628 1631/1803/1631 1630/1802/1630
f 1630/1814/1630 1640/1817/1640 1638/1813/1638 1629/1812/1629
f 1640/1817/1640 1646/1824/1646 1644/1822/1644 1638/1813/1638
f 1646/1824/1646 1652/1830/1652 1650/1828/1650 1644/1822/1644
f 1652/1830/1652 1792/1976/1792 1657/1835/1657 1650/1828/1650
f 1792/1976/1792 1793/1977/1793 1682/1860/1682 1657/1835/1657
f 1793/1977/1793 1794/1978/1794 1683/1861/1683 1682/1860/1682
f 1794/1978/1794 1795/1979/1795 1690/1868/1690 1683/1861/1683
f 1795/1979/1795 1796/1980/1796 1695/1873/1695 1690/1868/1690
f 1796/1980/1796 1797/1981/1797 1700/1878/1700 1695/1873/1695
f 1797/1981/1797 1711/1889/1711 1709/1887/1709 1700/1878/1700
f 1711/1889/1711 1714/1892/1714 1710/1888/1710 1709/1887/1709
f 1714/1892/1714 1721/1899/1721 1719/1897/1719 1710/1888/1710
f 1721/1899/1721 1727/1905/1727 1725/1903/1725 1719/1897/1719
f 1727/1913/1727 1733/1916/1733 1731/1912/1731 1725/1911/1725
f 1798/1982/1798 1786/1970/1786 1787/1971/1787 1799/1983/1799
f 1785/1969/1785 1786/1970/1786 1798/1982/1798 1800/1984/1800
f 1784/1968/1784 1785/1969/1785 1800/1984/1800 1801/1985/1801
f 1704/1882/1704 1703/1881/1703 1784/1968/1784 1801/1985/1801
f 1687/1865/1687 1686/1864/1686 1659/1837/1659 1658/1836/1658
f 1791/1975/1791 1790/1974/1790 1802/1986/1802 1803/1987/1803
f 1803/1987/1803 1802/1986/1802 1804/1988/1804 1805/1989/1805
f 1806/1990/1806 1807/1991/1807 1808/1992/1808 1809/1993/1809
f 1634/1806/1634 1632/1804/1632 1810/1994/1810 1811/1995/1811
f 1808/1992/1808 1807/1991/1807 1812/1996/1812 1813/1997/1813
f 1813/1997/1813 1812/1996/1812 1789/1973/1789 1788/1972/1788
f 1652/1830/1652 1651/1829/1651 1659/1837/1659 1792/1976/1792
f 1686/1864/1686 1793/1977/1793 1792/1976/1792 1659/1837/1659
f 1793/1977/1793 1686/1864/1686 1685/1863/1685 1794/1978/1794
f 1794/1978/1794 1685/1863/1685 1692/1870/1692 1795/1979/1795
f 1795/1979/1795 1692/1870/1692 1697/1875/1697 1796/1980/1796
f 1796/1980/1796 1697/1875/1697 1702/1880/1702 1797/1981/1797
f 1712/1890/1712 1711/1889/1711 1797/1981/1797 1702/1880/1702
f 1738/1922/1738 1776/1960/1776 1781/1965/1781 1814/1998/1814
f 1737/1921/1737 1775/1959/1775 1776/1960/1776 1738/1922/1738
f 1741/1925/1741 1777/1961/1777 1775/1959/1775 1737/1921/1737
f 1743/1927/1743 1778/1962/1778 1777/1961/1777 1741/1925/1741
f 1745/1929/1745 1779/1963/1779 1778/1962/1778 1743/1927/1743
f 1802/1986/1802 1815/1999/1815 1816/2000/1816 1804/1988/1804
f 1676/1854/1676 1817/2001/1817 1818/2002/1818 1677/1855/1677
f 1819/2003/1819 1789/1973/1789 1812/1996/1812 1820/2004/1820
f 1821/2005/1821 1790/1974/1790 1789/1973/1789 1819/2003/1819
f 1815/1999/1815 1802/1986/1802 1790/1974/1790 1821/2005/1821
f 1754/1938/1754 1756/1940/1756 1759/1943/1759 1757/1941/1757
f 1782/1966/1782 1757/1941/1757 1759/1943/1759 1783/1967/1783
f 1607/1779/1607 1602/1774/1602 1617/1789/1617 1614/1786/1614
f 1608/1780/1608 1615/1787/1615 1822/2006/1822 1609/1781/1609
f 1603/1775/1603 1602/1774/1602 1607/1779/1607 1610/1782/1610
f 1787/1971/1787 1745/1929/1745 1744/1928/1744 1799/1983/1799
f 1739/1923/1739 1738/1922/1738 1814/1998/1814 1823/2007/1823
f 1732/1915/1732 1734/1917/1734 1824/2008/1824 1825/2009/1825
f 1826/2010/1826 1733/1916/1733 1732/1915/1732 1825/2009/1825
f 1827/2011/1827 1731/1912/1731 1733/1916/1733 1826/2010/1826
f 1729/1909/1729 1731/1912/1731 1827/2011/1827 1828/2012/1828
f 1730/1910/1730 1729/1909/1729 1828/2012/1828 1829/2013/1829
f 1631/1803/1631 1818/2002/1818 1810/1994/1810 1632/1804/1632
f 1628/1800/1628 1677/1855/1677 1818/2002/1818 1631/1803/1631
f 1674/1852/1674 1677/1855/1677 1628/1800/1628 1625/1797/1625
f 1654/1832/1654 1674/1852/1674 1625/1797/1625 1624/1796/1624
f 1829/2013/1829 1622/1794/1622 1551/1722/1551 1550/1721/1550
f 1730/1910/1730 1829/2013/1829 1550/1721/1550 1552/1723/1552
f 1542/1713/1542 1552/1723/1552 1550/1721/1550
f 1457/2014/1457 1424/1581/1424 1423/1580/1423 1458/1622/1458
f 1624/1796/1624 1627/1799/1627 1457/2014/1457 1458/1622/1458
f 1616/1788/1616 1618/1790/1618 1781/1965/1781 1780/1964/1780
f 1780/1964/1780 1782/1966/1782 1617/1789/1617 1616/1788/1616
f 1782/1966/1782 1783/1967/1783 1614/1786/1614 1617/1789/1617
f 1783/1967/1783 1672/1850/1672 1615/1787/1615 1614/1786/1614
f 1618/1790/1618 1620/1792/1620 1814/1998/1814 1781/1965/1781
f 1620/1792/1620 1830/2015/1830 1823/2007/1823 1814/1998/1814
f 1806/1990/1806 1809/1993/1809 1811/1995/1811 1810/1994/1810
f 1810/1994/1810 1818/2002/1818 1817/2001/1817 1806/1990/1806
f 1822/2006/1822 1615/1787/1615 1672/1850/1672 1673/1851/1673
f 1831/2016/1831 1832/2017/1832 1825/2009/1825 1824/2008/1824
f 1832/2017/1832 1833/2018/1833 1826/2010/1826 1825/2009/1825
f 1834/2019/1834 1817/2001/1817 1676/1854/1676 1613/1785/1613
f 1675/1853/1675 1612/1784/1612 1613/1785/1613 1676/1854/1676
f 1827/2011/1827 1826/2010/1826 1833/2018/1833 1835/2020/1835
f 1828/2012/1828 1827/2011/1827 1835/2020/1835 1735/1919/1735
f 1829/2013/1829 1828/2012/1828 1735/1919/1735 1622/1794/1622
f 1830/2015/1830 1620/1792/1620 1619/1791/1619 1621/1793/1621
f 1804/1988/1804 1832/2017/1832 1831/2016/1831 1805/1989/1805
f 1833/2018/1833 1832/2017/1832 1804/1988/1804 1816/2000/1816
f 1623/1795/1623 1735/1919/1735 1835/2020/1835 1836/2021/1836
f 1835/2020/1835 1833/2018/1833 1816/2000/1816 1836/2021/1836
f 1807/1991/1807 1806/1990/1806 1817/2001/1817 1834/2019/1834
f 1634/2022/1634 1811/2023/1811 1673/1851/1673 1670/1848/1670
f 1670/1848/1670 1668/1846/1668 1635/2024/1635 1634/2022/1634
f 1668/1846/1668 1666/1844/1666 1641/2025/1641 1635/2024/1635
f 1799/1983/1799 1744/1928/1744 1715/1893/1715 1701/1879/1701
f 1701/1879/1701 1696/1874/1696 1798/1982/1798 1799/1983/1799
f 1696/1874/1696 1691/1869/1691 1800/1984/1800 1798/1982/1798
f 1744/1928/1744 1742/1926/1742 1716/2026/1716 1715/1893/1715
f 1742/1926/1742 1740/1924/1740 1722/2027/1722 1716/2026/1716
f 1740/1924/1740 1736/1920/1736 1728/2028/1728 1722/2027/1722
f 1736/1920/1736 1739/1923/1739 1734/2029/1734 1728/2028/1728
f 1808/2030/1808 1813/2031/1813 1610/1782/1610 1609/1781/1609
f 1609/1781/1609 1822/2006/1822 1809/2032/1809 1808/2030/1808
f 1822/2006/1822 1673/1851/1673 1811/2023/1811 1809/2032/1809
f 1791/2033/1791 1803/2034/1803 1598/1770/1598 1597/1769/1597
f 1597/1769/1597 1603/1775/1603 1788/2035/1788 1791/2033/1791
f 1603/1775/1603 1610/1782/1610 1813/2031/1813 1788/2035/1788
f 1739/1923/1739 1823/2007/1823 1824/2036/1824 1734/2029/1734
f 1691/1869/1691 1684/1862/1684 1801/1985/1801 1800/1984/1800
f 1684/1862/1684 1687/1865/1687 1704/1882/1704 1801/1985/1801
f 1687/1865/1687 1658/1836/1658 1663/1841/1663 1704/1882/1704
f 1666/1844/1666 1664/1842/1664 1647/2037/1647 1641/2025/1641
f 1664/1842/1664 1660/1838/1660 1653/2038/1653 1647/2037/1647
f 1660/1838/1660 1663/1841/1663 1658/1836/1658 1653/2038/1653
f 1803/2034/1803 1805/2039/1805 1621/1793/1621 1598/1770/1598
f 1823/2007/1823 1830/2015/1830 1831/2040/1831 1824/2036/1824
f 1830/2015/1830 1621/1793/1621 1805/2039/1805 1831/2040/1831
f 1358/1503/1358 1330/1470/1330 1234/1367/1234 1765/1949/1765
f 1765/1949/1765 1206/1339/1206 1357/1501/1357 1358/1503/1358
f 1206/1339/1206 1209/1342/1209 1356/1499/1356 1357/1501/1357
f 1209/1342/1209 1211/1344/1211 1355/1496/1355 1356/1499/1356
f 1211/1344/1211 1772/1956/1772 1370/1515/1370 1355/1496/1355
f 1772/1956/1772 1771/1955/1771 1405/1561/1405 1370/1515/1370
f 1771/1955/1771 1215/1348/1215 1404/1559/1404 1405/1561/1405
f 1215/1348/1215 1214/1347/1214 1403/1557/1403 1404/1559/1404
f 1214/1347/1214 1217/1350/1217 1402/1555/1402 1403/1557/1403
f 1217/1350/1217 1218/1351/1218 1401/1553/1401 1402/1555/1402
f 1218/1351/1218 1221/1354/1221 1264/1397/1264 1401/1553/1401
f 1221/1354/1221 1768/1952/1768 1262/1395/1262 1264/1397/1264
f 1768/1952/1768 1222/1355/1222 1261/1394/1261 1262/1395/1262
f 1222/1355/1222 1223/1356/1223 1260/1393/1260 1261/1394/1261
f 1223/1356/1223 1224/1357/1224 1259/1392/1259 1260/1393/1260
f 1224/1357/1224 1227/1360/1227 1282/1415/1282 1259/1392/1259
f 1227/1360/1227 1767/1951/1767 1317/1456/1317 1282/1415/1282
f 1767/1951/1767 1229/1362/1229 1316/1455/1316 1317/1456/1317
f 1229/1362/1229 1228/1361/1228 1315/1453/1315 1316/1455/1316
f 1228/1361/1228 1230/1363/1230 1314/1451/1314 1315/1453/1315
f 1230/1363/1230 1231/1364/1231 1313/1448/1313 1314/1451/1314
f 1231/1364/1231 1234/1367/1234 1330/1470/1330 1313/1448/1313
f 1820/2004/1820 1812/1996/1812 1807/1991/1807 1834/2019/1834
f 1593/1765/1593 1590/1762/1590 1623/1795/1623 1836/2021/1836
f 1606/1778/1606 1601/1773/1601 1819/2003/1819 1820/2004/1820
f 1601/1773/1601 1594/1766/1594 1821/2005/1821 1819/2003/1819
f 1594/1766/1594 1593/1765/1593 1815/1999/1815 1821/2005/1821
f 1834/2019/1834 1613/1785/1613 1606/1778/1606 1820/2004/1820
f 1836/2021/1836 1816/2000/1816 1815/1999/1815 1593/1765/1593
f 1674/1852/1674 1654/1832/1654 1675/1853/1675
g default
v 6.409232 1.113122 10.783283
v 6.411202 1.127076 10.675547
v 6.548697 1.131837 10.650284
v 6.553384 1.105771 10.752394
v 6.545144 1.099671 10.966413
v 6.402380 1.117673 10.980633
v 6.521997 1.095452 11.177336
v 6.395041 1.109387 11.146187
v 6.279368 1.107617 10.787986
v 6.280237 1.116418 10.673825
v 6.277552 1.114793 10.975279
v 6.278836 1.104214 11.117802
v 6.156083 1.089810 10.777743
v 6.149267 1.100900 10.661290
v 6.161773 1.092751 10.963177
v 6.168664 1.081612 11.106350
v 6.031783 1.074147 10.759504
v 6.016357 1.097424 10.649698
v 6.049212 1.058888 10.950284
v 6.064138 1.043168 11.111900
v 5.902496 1.064553 10.734396
v 5.882277 1.101682 10.631721
v 5.933780 1.016476 10.930984
v 5.960892 0.988202 11.120852
v 5.763853 1.038235 10.687214
v 5.746228 1.088494 10.585905
v 5.802373 0.966492 10.897544
v 5.839594 0.917081 11.121372
v 6.412729 1.141633 10.613074
v 6.541363 1.153203 10.602818
v 6.282565 1.131947 10.600598
v 6.147018 1.122414 10.580393
v 6.008023 1.122968 10.567429
v 5.870075 1.133797 10.554689
v 5.738900 1.137776 10.519483
v 5.597866 1.053082 10.502049
v 5.603214 1.131917 10.444389
v 5.601426 0.983903 10.615097
v 5.632704 0.908002 10.855139
v 5.674552 0.844392 11.116777
v 5.882527 0.877221 11.390180
v 5.733370 0.829888 11.416078
v 5.997561 0.925309 11.368515
v 6.098518 0.965470 11.357572
v 6.199774 0.994992 11.352194
v 6.304477 1.013585 11.361725
v 6.412247 1.022969 11.386674
v 6.522666 1.027791 11.416836
v 6.661741 1.082665 11.198120
v 6.712883 1.088654 10.924873
v 6.722363 1.112683 10.666770
v 6.526835 0.970872 11.638662
v 6.430606 0.942395 11.626677
v 6.526000 0.936600 11.803344
v 6.439367 0.895371 11.800063
v 6.438461 0.864121 11.953018
v 6.523983 0.902917 11.958543
v 6.417127 0.863751 12.149149
v 6.494561 0.887036 12.122423
v 6.413864 0.842736 12.208055
v 6.488028 0.866170 12.162601
v 6.408521 0.807057 12.239578
v 6.480858 0.818719 12.199541
v 6.476522 0.757142 12.235339
v 6.482551 0.706502 12.305002
v 6.408613 0.702214 12.348165
v 6.403971 0.766633 12.273266
v 6.498033 0.668130 12.411251
v 6.420208 0.665658 12.433455
v 6.437640 0.646973 12.543630
v 6.515728 0.649686 12.526976
v 6.526696 0.663098 12.607481
v 6.451673 0.660909 12.621256
v 6.329009 0.923859 11.616394
v 6.342198 0.871556 11.796373
v 6.346573 0.840768 11.951933
v 6.337230 0.849698 12.160230
v 6.336210 0.837846 12.258822
v 6.335486 0.809869 12.309366
v 6.335102 0.782304 12.350374
v 6.339447 0.707074 12.411196
v 6.347534 0.666993 12.474171
v 6.360539 0.650227 12.560425
v 6.373638 0.663258 12.639513
v 6.227057 0.908593 11.610428
v 6.242523 0.860947 11.792078
v 6.251415 0.834008 11.948570
v 6.253475 0.840497 12.166710
v 6.255474 0.838235 12.289379
v 6.257499 0.818707 12.344990
v 6.259263 0.797402 12.386922
v 6.265762 0.721864 12.443295
v 6.273372 0.674237 12.502353
v 6.284711 0.657994 12.582323
v 6.294002 0.666634 12.655189
v 6.125832 0.890984 11.606131
v 6.142703 0.854810 11.785903
v 6.156801 0.833897 11.948868
v 6.168643 0.838338 12.164843
v 6.174018 0.834340 12.293682
v 6.177035 0.817502 12.348181
v 6.179845 0.798928 12.387454
v 6.188838 0.732407 12.443680
v 6.197555 0.681069 12.507839
v 6.208085 0.662415 12.598799
v 6.214334 0.671284 12.669065
v 6.024052 0.873204 11.602226
v 6.043199 0.849366 11.783070
v 6.062093 0.838940 11.946238
v 6.083180 0.843198 12.157488
v 6.090766 0.831124 12.269287
v 6.095146 0.814008 12.313524
v 6.100767 0.787679 12.352926
v 6.111980 0.729977 12.419706
v 6.121494 0.681569 12.494287
v 6.130369 0.661851 12.596008
v 6.136222 0.674638 12.681496
v 5.916908 0.853524 11.608166
v 5.942474 0.846734 11.777983
v 5.968246 0.848561 11.944286
v 5.998625 0.850713 12.147603
v 6.005713 0.825127 12.232965
v 6.011731 0.800988 12.269178
v 6.019483 0.768624 12.309335
v 6.031575 0.713837 12.385077
v 6.042577 0.672429 12.486300
v 6.051744 0.662556 12.609396
v 6.061452 0.679402 12.697080
v 5.796401 0.842545 11.623795
v 5.843808 0.855714 11.789837
v 5.881724 0.870339 11.952934
v 5.917985 0.865559 12.144144
v 5.915481 0.821973 12.198198
v 5.916331 0.785077 12.231576
v 5.919499 0.746354 12.277421
v 5.929353 0.699551 12.377750
v 5.946822 0.674550 12.505859
v 5.966240 0.678506 12.636477
v 5.989738 0.698247 12.721440
v 6.138653 0.692300 12.751867
v 6.072884 0.697976 12.762701
v 6.217623 0.688371 12.743035
v 6.302623 0.682866 12.729221
v 6.387031 0.681409 12.711224
v 6.464005 0.680867 12.690565
v 6.528373 0.683137 12.676092
v 6.598887 0.679269 12.612814
v 6.600941 0.663869 12.532274
v 6.593961 0.676808 12.413210
v 6.583904 0.708371 12.296249
v 6.575688 0.745778 12.219376
v 6.569895 0.811536 12.173891
v 6.566087 0.879632 12.142406
v 6.567512 0.908624 12.113895
v 6.586574 0.950188 11.964388
v 6.595469 0.981892 11.806080
v 6.610437 1.006806 11.647274
v 6.633862 1.038789 11.442419
v 5.745064 1.195737 10.484454
v 5.678605 1.211987 10.452194
v 5.775476 1.233788 10.458817
v 5.831397 1.198781 10.493631
v 5.623066 1.340798 10.505013
v 5.702431 1.277493 10.447875
v 5.583080 1.241612 10.432318
v 5.485421 1.299763 10.486063
v 5.580146 1.422726 10.608845
v 5.433111 1.377797 10.597555
v 5.583585 1.512791 10.699697
v 5.445542 1.466786 10.710149
v 5.611646 1.596288 10.756025
v 5.494812 1.548112 10.785624
v 5.639572 1.699223 10.836374
v 5.634874 1.662015 10.798912
v 5.540932 1.606866 10.821601
v 5.522082 1.613576 10.844275
v 5.926394 1.252774 10.463488
v 5.966901 1.197533 10.501039
v 5.821116 1.414281 10.490837
v 5.876727 1.320096 10.453558
v 5.787692 1.519612 10.582775
v 5.784604 1.608735 10.661610
v 5.790839 1.678246 10.708721
v 5.810926 1.796883 10.796455
v 5.804845 1.746373 10.756131
v 6.105652 1.263070 10.486169
v 6.124101 1.199963 10.517654
v 6.044971 1.450280 10.523137
v 6.078990 1.342267 10.485250
v 6.021629 1.569157 10.603825
v 6.017542 1.671025 10.666117
v 6.020022 1.749730 10.690565
v 6.022908 1.877858 10.755157
v 6.022379 1.817506 10.723259
v 6.284455 1.265488 10.524659
v 6.281261 1.205277 10.544935
v 6.268774 1.447278 10.589109
v 6.280848 1.342736 10.536256
v 6.255737 1.566254 10.667353
v 6.249944 1.681371 10.727329
v 6.249035 1.752110 10.738764
v 6.236896 1.885682 10.781136
v 6.242784 1.823735 10.756031
v 6.446209 1.260659 10.553620
v 6.420386 1.207436 10.565936
v 6.474540 1.432381 10.636055
v 6.466691 1.333085 10.572730
v 6.466367 1.539273 10.734985
v 6.453508 1.651357 10.803825
v 6.444679 1.715695 10.811359
v 6.418622 1.838147 10.860891
v 6.424695 1.785672 10.831060
v 6.647601 1.423199 10.631766
v 6.618181 1.321996 10.565559
v 6.639490 1.528897 10.742722
v 6.608267 1.629872 10.828568
v 6.670666 1.709065 10.921103
v 6.643161 1.708726 10.897449
v 6.550489 1.778039 10.907477
v 6.559906 1.785962 10.930098
v 5.854136 1.169587 10.520017
v 5.737839 1.175534 10.495719
v 5.991362 1.160859 10.530381
v 6.136902 1.160569 10.544575
v 6.280174 1.167249 10.567042
v 6.282081 1.144948 10.581362
v 6.143769 1.136079 10.560930
v 6.413527 1.173634 10.583250
v 6.413214 1.155042 10.594337
v 6.808716 1.417764 10.574421
v 6.754128 1.304917 10.512665
v 6.783666 1.530270 10.719339
v 6.719037 1.629788 10.838289
v 5.268561 1.431950 10.736690
v 5.348182 1.445550 10.713161
v 5.320177 1.350159 10.577633
v 5.205415 1.316106 10.568098
v 5.378388 1.266343 10.448011
v 5.281591 1.222234 10.403917
v 5.500128 1.204354 10.397408
v 5.447926 1.146996 10.348221
v 6.817377 1.614312 10.889084
v 6.787591 1.627160 10.858545
v 6.683705 1.706105 10.940921
v 6.697436 1.694039 10.986421
v 6.834175 1.584607 10.936771
v 6.696904 1.655053 11.045271
v 6.673736 1.552110 11.170704
v 6.823594 1.493516 11.091271
v 6.653852 1.467942 11.342522
v 6.778899 1.402123 11.307030
v 6.767690 1.630421 10.848034
v 6.841179 1.533356 10.708954
v 6.951797 1.490212 10.781776
v 6.959723 1.409928 10.994053
v 6.879849 1.316197 11.271612
v 6.893630 1.419133 10.519503
v 7.005758 1.352250 10.595863
v 6.986140 1.267548 10.900837
v 6.893674 1.203954 11.234583
v 6.825935 1.283097 10.462027
v 6.926600 1.185429 10.554631
v 6.886230 1.139092 10.884727
v 6.800166 1.113969 11.212324
v 6.637010 1.222916 10.547811
v 6.664588 1.203431 10.544762
v 6.733193 1.078858 11.463787
v 6.797256 1.155827 11.480857
v 6.786752 1.248704 11.501196
v 6.719368 1.319463 11.527266
v 6.649246 1.400258 11.560238
v 6.535127 1.628796 11.217287
v 6.532949 1.547219 11.374848
v 6.555417 1.733868 11.081333
v 6.564404 1.775685 11.001013
v 6.564404 1.786748 10.953772
v 5.373740 1.136128 11.337540
v 5.544304 1.259724 11.359070
v 5.457372 1.333474 11.176149
v 5.267408 1.221574 11.124022
v 5.383837 1.422829 11.001217
v 5.198047 1.311799 10.916225
v 5.363839 1.490201 10.904778
v 5.200793 1.383160 10.815721
v 5.369485 1.516820 10.845690
v 5.249746 1.424214 10.749424
v 5.266365 0.994691 11.289867
v 5.159569 1.069707 11.017036
v 5.092043 1.160435 10.737427
v 5.121297 1.240125 10.616190
v 5.186387 1.304978 10.572430
v 5.306307 0.871728 11.212115
v 5.212614 0.934106 10.904900
v 5.169194 1.020036 10.590607
v 5.192786 1.108300 10.448717
v 5.265251 1.208554 10.403704
v 5.477158 0.822243 11.144625
v 5.414464 0.869675 10.840492
v 5.384492 0.941109 10.551748
v 5.402046 1.020104 10.395612
v 5.437169 1.128354 10.346177
v 5.529389 1.086774 11.552909
v 5.646830 1.214761 11.582096
v 5.429343 0.957452 11.534375
v 5.438672 0.850793 11.501459
v 5.567291 0.806763 11.451740
v 5.513408 1.592160 10.952299
v 5.508942 1.610284 10.888231
v 5.543370 1.544907 11.045125
v 5.619532 1.455556 11.211715
v 5.684988 1.392331 11.383933
v 5.751490 1.339391 11.613012
v 5.681313 0.859460 11.638300
v 5.749991 0.886575 11.804852
v 5.806684 0.909478 11.966735
v 5.847753 0.896840 12.157783
v 5.833556 0.844285 12.205061
v 5.821214 0.805016 12.241762
v 5.813528 0.769055 12.293459
v 5.824859 0.733796 12.403559
v 5.850043 0.716489 12.542642
v 5.889609 0.726693 12.667282
v 5.927494 0.741097 12.747847
v 5.604441 0.912099 11.662773
v 5.691653 0.950543 11.819389
v 5.755305 0.967389 11.982489
v 5.799347 0.947076 12.185356
v 5.787971 0.908784 12.248579
v 5.773814 0.882333 12.289558
v 5.762708 0.857331 12.338156
v 5.771137 0.826764 12.437760
v 5.796835 0.808392 12.569372
v 5.844482 0.806554 12.690235
v 5.889619 0.810269 12.768179
v 5.594601 0.999593 11.693657
v 5.681299 1.027989 11.852898
v 5.737446 1.034993 12.018429
v 5.781322 1.016217 12.222091
v 5.777230 0.989579 12.298119
v 5.769228 0.973393 12.340773
v 5.762534 0.958245 12.384661
v 5.763476 0.934720 12.466961
v 5.788284 0.912358 12.597069
v 5.834220 0.898137 12.715322
v 5.882475 0.889607 12.786458
v 5.642779 1.100446 11.734003
v 5.707464 1.111939 11.900133
v 5.749204 1.107758 12.061171
v 5.782952 1.088662 12.263070
v 5.788172 1.071317 12.342990
v 5.782228 1.062566 12.383437
v 5.776290 1.053826 12.423899
v 5.780337 1.036309 12.508769
v 5.809158 1.011887 12.629096
v 5.861475 0.984887 12.736115
v 5.909990 0.962949 12.804165
v 5.712672 1.202626 11.775106
v 5.749117 1.194672 11.933842
v 5.783442 1.180898 12.092487
v 5.813841 1.163712 12.292400
v 5.819386 1.155122 12.368580
v 5.821115 1.148534 12.413150
v 5.825430 1.140237 12.456614
v 5.840305 1.123963 12.537301
v 5.873461 1.096379 12.649372
v 5.921766 1.059682 12.751907
v 5.967554 1.025307 12.820606
v 5.789153 1.304936 11.799768
v 5.818760 1.276189 11.955730
v 5.850786 1.253396 12.112995
v 5.885919 1.234540 12.312765
v 5.895910 1.223340 12.388752
v 5.904768 1.216176 12.431082
v 5.914259 1.208554 12.472462
v 5.932911 1.191899 12.551369
v 5.965998 1.160558 12.662907
v 6.009079 1.115845 12.766246
v 6.045771 1.072228 12.835367
v 6.008276 0.998326 12.870972
v 6.073987 1.035645 12.882977
v 5.960581 0.946133 12.857040
v 5.935365 0.881570 12.842510
v 5.939739 0.811375 12.825116
v 5.969863 0.751859 12.804502
v 6.017887 0.715344 12.782536
v 6.648917 1.343449 11.735605
v 6.703387 1.277566 11.702473
v 6.653444 1.293797 11.878187
v 6.692920 1.232060 11.857201
v 6.666676 1.245259 12.027599
v 6.697531 1.182164 12.010455
v 6.691566 1.173634 12.223766
v 6.722473 1.104111 12.199531
v 6.737625 1.082677 12.244635
v 6.704127 1.154347 12.275217
v 6.715163 1.139664 12.314535
v 6.756980 1.061631 12.280815
v 6.725323 1.124474 12.356226
v 6.776132 1.040505 12.323116
v 6.736013 1.100438 12.423796
v 6.791708 1.013615 12.395171
v 6.740596 1.064526 12.522989
v 6.788532 0.977845 12.503298
v 6.730752 1.019986 12.625920
v 6.772082 0.939721 12.617693
v 6.714858 0.980859 12.704642
v 6.743542 0.912671 12.693804
v 6.731247 1.206342 11.665040
v 6.705407 1.164838 11.830795
v 6.699166 1.116326 11.993328
v 6.719987 1.030904 12.176113
v 6.733288 1.007096 12.211668
v 6.763553 0.975121 12.241884
v 6.793831 0.943890 12.281374
v 6.819046 0.911786 12.354321
v 6.805464 0.877293 12.477718
v 6.773815 0.852250 12.596008
v 6.741599 0.839200 12.676542
v 6.726650 1.128823 11.645313
v 6.688581 1.096719 11.812102
v 6.677749 1.052251 11.977276
v 6.688246 0.969247 12.150002
v 6.699879 0.941220 12.177190
v 6.732485 0.891866 12.200655
v 6.761889 0.845349 12.247438
v 6.782434 0.807969 12.323019
v 6.769835 0.780537 12.449433
v 6.741040 0.770520 12.570723
v 6.714757 0.769143 12.653975
v 6.678160 1.059602 11.647032
v 6.643408 1.037263 11.806543
v 6.635395 0.998750 11.968494
v 6.634713 0.929929 12.124846
v 6.641852 0.896458 12.146014
v 6.664080 0.828622 12.167145
v 6.681713 0.773061 12.223538
v 6.694212 0.736409 12.304315
v 6.693072 0.710210 12.427887
v 6.682028 0.702855 12.551850
v 6.664712 0.713754 12.631804
v 6.583483 0.696938 12.682657
v 6.635369 0.724412 12.701448
v 6.677486 0.769967 12.724660
v 6.703387 0.829285 12.746493
v 6.706765 0.892823 12.761400
v 6.684175 0.949006 12.770306
v 6.640349 0.992692 12.787022
v 6.652564 1.034177 12.726428
v 6.661717 1.082276 12.648187
v 6.660728 1.131726 12.546522
v 6.651511 1.169156 12.450598
v 6.643663 1.192994 12.384202
v 6.631358 1.218560 12.302975
v 6.638100 1.206094 12.342993
v 6.597897 1.304848 12.043332
v 6.620428 1.236287 12.244503
v 6.578429 1.352731 11.900655
v 6.563991 1.405843 11.761227
v 6.550066 1.470944 11.586774
v 6.554268 0.706403 12.740676
v 6.524633 0.695180 12.723323
v 6.548797 0.768029 12.857903
v 6.525684 0.729897 12.822848
v 6.590885 0.729806 12.764211
v 6.624860 0.769456 12.791723
v 6.569660 0.824040 12.887087
v 6.648796 0.824151 12.816212
v 6.578945 0.884473 12.897711
v 6.655548 0.881730 12.828485
v 6.576317 0.934598 12.890189
v 6.645299 0.930188 12.830980
v 6.568636 1.022183 12.825724
v 6.568936 0.977341 12.869121
v 6.626679 0.964333 12.830620
v 6.412292 0.704011 12.822771
v 6.399530 0.694932 12.774949
v 6.476771 0.694989 12.747454
v 6.497885 0.706071 12.784665
v 6.446011 0.767838 12.914886
v 6.429163 0.726804 12.872257
v 6.462630 0.828763 12.948340
v 6.473263 0.894749 12.956617
v 6.476631 0.948964 12.941925
v 6.473577 1.044785 12.864655
v 6.475878 0.996068 12.911673
v 6.311523 0.705479 12.847317
v 6.308248 0.696145 12.796291
v 6.324977 0.773724 12.944973
v 6.316413 0.730550 12.900634
v 6.336748 0.838357 12.980114
v 6.349072 0.907246 12.988312
v 6.359194 0.962544 12.972063
v 6.367012 1.059323 12.892511
v 6.365972 1.010461 12.940475
v 6.209368 0.711896 12.853273
v 6.215961 0.701691 12.807225
v 6.201507 0.785409 12.940697
v 6.201578 0.739590 12.901186
v 6.208414 0.851163 12.973806
v 6.222655 0.918206 12.984230
v 6.240177 0.971314 12.973906
v 6.258210 1.062856 12.904044
v 6.254442 1.016339 12.947753
v 6.119448 0.719872 12.843895
v 6.135548 0.706986 12.808502
v 6.091138 0.799310 12.908125
v 6.099235 0.752118 12.879169
v 6.093481 0.863599 12.935486
v 6.110184 0.926816 12.949360
v 6.135448 0.976468 12.949686
v 6.156804 1.056187 12.898975
v 6.156780 1.016278 12.935366
v 6.056259 0.722333 12.823259
v 6.084320 0.709073 12.803486
v 6.004036 0.807908 12.869164
v 6.024752 0.754910 12.845743
v 6.002893 0.873845 12.890484
v 6.023509 0.935040 12.904892
v 6.092106 1.011758 12.916139
v 6.142832 1.099973 12.845295
v 6.116809 1.149808 12.773802
v 6.231658 1.163632 12.770127
v 6.250288 1.111245 12.845427
v 6.346736 1.163029 12.754496
v 6.360521 1.109135 12.831535
v 6.459228 1.149979 12.726171
v 6.468281 1.095525 12.803576
v 6.566613 1.123509 12.687064
v 6.568488 1.071072 12.764658
v 6.081379 1.199643 12.668856
v 6.203119 1.217835 12.663336
v 6.324482 1.219514 12.647465
v 6.443457 1.206033 12.621308
v 6.557647 1.177686 12.584900
v 6.051222 1.237874 12.558628
v 6.176240 1.261601 12.553333
v 6.301925 1.265298 12.538105
v 6.425832 1.250653 12.515453
v 6.544721 1.218026 12.484132
v 6.032887 1.258950 12.480703
v 6.159087 1.288022 12.476403
v 6.286910 1.294137 12.461657
v 6.413293 1.278638 12.439693
v 6.535503 1.243600 12.412579
v 6.023630 1.268353 12.439716
v 6.013989 1.277322 12.397905
v 6.150548 1.299321 12.435469
v 6.141950 1.310071 12.393866
v 6.279168 1.306313 12.420794
v 6.271477 1.318459 12.379935
v 6.406488 1.291920 12.398512
v 6.399433 1.303490 12.356868
v 6.529960 1.257493 12.370232
v 6.523662 1.269318 12.328074
v 5.998964 1.292630 12.323091
v 6.126898 1.328072 12.319636
v 6.257672 1.337827 12.306436
v 6.387399 1.324132 12.287057
v 6.512876 1.288594 12.264389
v 5.960953 1.329438 12.118977
v 6.086632 1.374600 12.118375
v 6.219990 1.391015 12.108400
v 6.354154 1.384717 12.092254
v 6.484650 1.356068 12.068985
v 5.927649 1.362435 11.968112
v 6.054735 1.415215 11.966675
v 6.191363 1.433396 11.959343
v 6.329235 1.430642 11.946198
v 6.463394 1.404446 11.925983
v 5.890404 1.400929 11.816163
v 6.019083 1.464536 11.818122
v 6.160620 1.489117 11.809431
v 6.304888 1.487500 11.797697
v 6.445424 1.461583 11.781597
v 5.852392 1.448605 11.629793
v 5.978514 1.525922 11.636349
v 6.124628 1.557565 11.630634
v 6.275845 1.557313 11.621315
v 6.422778 1.529015 11.607964
v 5.799471 1.512975 11.390274
v 5.929077 1.608846 11.396876
v 6.080215 1.654912 11.392323
v 6.241381 1.654572 11.388372
v 6.395076 1.613587 11.386472
v 5.749041 1.590241 11.218293
v 5.885464 1.701695 11.215548
v 6.047644 1.759061 11.204977
v 6.222887 1.756501 11.207699
v 6.388397 1.708707 11.217816
v 5.683830 1.678078 11.044051
v 5.840895 1.799222 11.024743
v 6.023920 1.878499 11.000420
v 6.217965 1.880719 11.010697
v 6.399286 1.814965 11.053715
v 5.650179 1.710854 10.941689
v 5.820466 1.821904 10.899130
v 6.018330 1.919644 10.848803
v 6.227598 1.924317 10.865526
v 6.410883 1.850533 10.951424
v 5.640214 1.713647 10.880099
v 5.813267 1.818780 10.838800
v 6.023775 1.916158 10.790457
v 6.233891 1.919102 10.809235
v 6.416882 1.855748 10.900937
v 6.914109 1.519402 10.732763
v 6.863684 1.531548 10.711142
v 6.966101 1.393235 10.528933
v 6.914380 1.415025 10.515348
v 6.892136 1.235043 10.465315
v 6.845048 1.272881 10.456450
v 6.705856 1.145009 10.580502
v 6.680780 1.186974 10.549868
v 6.561033 1.247056 10.559595
v 6.513015 1.207288 10.570871
v 6.530970 1.752793 10.873907
v 6.570964 1.702458 10.861669
v 6.058195 0.981499 12.913628
v 6.529413 1.184022 10.579853
v 5.627224 1.182999 10.442838
v 5.382889 1.524297 10.826778
v 5.425058 1.531758 10.802208
v 5.513276 1.613679 10.864212
v 6.418507 1.850354 10.878206
v 6.535522 1.168622 10.586763
v 6.002034 1.137292 10.547400
v 5.863191 1.149758 10.534410
v 5.737741 1.157143 10.503633
v 5.610571 1.153806 10.438616
v 5.638690 1.708978 10.856813
v 5.811515 1.811269 10.816787
v 6.024405 1.905480 10.771915
v 6.235798 1.907742 10.791786
vt 0.245030 0.107169
vt 0.244976 0.110258
vt 0.250226 0.111221
vt 0.250357 0.108437
vt 0.250437 0.102409
vt 0.245177 0.101383
vt 0.250411 0.095959
vt 0.245434 0.096404
vt 0.240054 0.106765
vt 0.239877 0.110139
vt 0.240476 0.101172
vt 0.240943 0.096909
vt 0.235185 0.106877
vt 0.234707 0.110375
vt 0.235964 0.101271
vt 0.236647 0.096948
vt 0.230187 0.107296
vt 0.229429 0.110704
vt 0.231381 0.101442
vt 0.232432 0.096472
vt 0.224936 0.108044
vt 0.224041 0.111374
vt 0.226480 0.101810
vt 0.227987 0.095844
vt 0.219104 0.109331
vt 0.218408 0.112714
vt 0.220812 0.102559
vt 0.222569 0.095455
vt 0.244982 0.112047
vt 0.250021 0.112535
vt 0.239872 0.112321
vt 0.234549 0.112848
vt 0.229035 0.113288
vt 0.223509 0.113872
vt 0.218288 0.115079
vt 0.211577 0.114975
vt 0.211975 0.117928
vt 0.211963 0.111076
vt 0.213725 0.103592
vt 0.215698 0.095391
vt 0.224732 0.086785
vt 0.218641 0.085934
vt 0.229618 0.087674
vt 0.233910 0.088298
vt 0.238110 0.088756
vt 0.242428 0.088763
vt 0.246933 0.088339
vt 0.251659 0.087852
vt 0.255911 0.096238
vt 0.256134 0.104585
vt 0.255987 0.111280
vt 0.252884 0.079598
vt 0.248425 0.079510
vt 0.253399 0.073085
vt 0.249131 0.072852
vt 0.249200 0.066953
vt 0.253363 0.066784
vt 0.248437 0.059400
vt 0.252017 0.060235
vt 0.248054 0.057057
vt 0.251468 0.058535
vt 0.247878 0.055282
vt 0.250904 0.056316
vt 0.250652 0.053890
vt 0.250592 0.051246
vt 0.247921 0.050277
vt 0.247822 0.053454
vt 0.250822 0.047831
vt 0.248076 0.047339
vt 0.248532 0.043681
vt 0.251352 0.044160
vt 0.251871 0.041343
vt 0.248997 0.040911
vt 0.243968 0.079541
vt 0.244813 0.072797
vt 0.245162 0.067007
vt 0.244974 0.059181
vt 0.244702 0.055612
vt 0.244560 0.053642
vt 0.244490 0.052017
vt 0.245032 0.048810
vt 0.245307 0.046281
vt 0.245636 0.043266
vt 0.245977 0.040371
vt 0.239611 0.079544
vt 0.240556 0.072887
vt 0.241167 0.067162
vt 0.241507 0.059119
vt 0.241541 0.054846
vt 0.241546 0.052954
vt 0.241560 0.051494
vt 0.242010 0.048338
vt 0.242349 0.045643
vt 0.242655 0.042696
vt 0.242848 0.039962
vt 0.235311 0.079555
vt 0.236330 0.073103
vt 0.237222 0.067186
vt 0.238076 0.059256
vt 0.238505 0.054805
vt 0.238677 0.052976
vt 0.238813 0.051623
vt 0.239033 0.048683
vt 0.239316 0.045735
vt 0.239599 0.042333
vt 0.239680 0.039647
vt 0.231003 0.079640
vt 0.232128 0.073251
vt 0.233237 0.067330
vt 0.234568 0.059479
vt 0.235316 0.055564
vt 0.235611 0.053999
vt 0.235819 0.052437
vt 0.236068 0.049459
vt 0.236346 0.046390
vt 0.236565 0.042713
vt 0.236569 0.039422
vt 0.226501 0.079466
vt 0.227879 0.073549
vt 0.229233 0.067491
vt 0.230966 0.059752
vt 0.231848 0.056562
vt 0.232204 0.055060
vt 0.232507 0.053320
vt 0.232953 0.050297
vt 0.233418 0.046817
vt 0.233538 0.042616
vt 0.233560 0.039206
vt 0.221519 0.079067
vt 0.223734 0.073295
vt 0.225437 0.067278
vt 0.227357 0.059849
vt 0.228033 0.057215
vt 0.228425 0.055508
vt 0.228844 0.053675
vt 0.229513 0.050483
vt 0.230071 0.046558
vt 0.230204 0.042210
vt 0.230376 0.038814
vt 0.236472 0.036501
vt 0.233834 0.036242
vt 0.239624 0.036721
vt 0.243023 0.037077
vt 0.246377 0.037628
vt 0.249432 0.038279
vt 0.252100 0.038395
vt 0.254724 0.041447
vt 0.254376 0.044157
vt 0.254010 0.047692
vt 0.253885 0.051097
vt 0.253983 0.053496
vt 0.254355 0.055982
vt 0.255002 0.058757
vt 0.255528 0.060386
vt 0.257018 0.066709
vt 0.257224 0.073402
vt 0.257030 0.079921
vt 0.256516 0.087775
vt 0.308464 0.126965
vt 0.305645 0.128330
vt 0.309892 0.128628
vt 0.312110 0.126435
vt 0.304604 0.135312
vt 0.307133 0.131047
vt 0.301734 0.130420
vt 0.298437 0.134720
vt 0.303901 0.140927
vt 0.297395 0.140243
vt 0.305193 0.146025
vt 0.299122 0.145494
vt 0.307411 0.149976
vt 0.302194 0.149481
vt 0.309781 0.155403
vt 0.309164 0.153182
vt 0.304814 0.151977
vt 0.304193 0.152706
vt 0.316268 0.128292
vt 0.317748 0.125422
vt 0.313347 0.136129
vt 0.314659 0.131429
vt 0.313339 0.142259
vt 0.314358 0.147391
vt 0.315461 0.151080
vt 0.317555 0.157750
vt 0.316781 0.154788
vt 0.323708 0.127364
vt 0.324283 0.124301
vt 0.322758 0.136324
vt 0.323117 0.131005
vt 0.323306 0.142917
vt 0.324361 0.148452
vt 0.325235 0.152336
vt 0.326778 0.159312
vt 0.326070 0.155940
vt 0.331358 0.126127
vt 0.330990 0.123310
vt 0.332462 0.135235
vt 0.331802 0.129760
vt 0.333392 0.141837
vt 0.334326 0.147887
vt 0.334698 0.151276
vt 0.335364 0.158126
vt 0.334979 0.154838
vt 0.338430 0.124664
vt 0.337037 0.122265
vt 0.341401 0.133469
vt 0.339944 0.128073
vt 0.342528 0.139917
vt 0.343057 0.145769
vt 0.342869 0.148707
vt 0.342760 0.154887
vt 0.342481 0.152156
vt 0.348653 0.131539
vt 0.346417 0.126288
vt 0.349597 0.137976
vt 0.349330 0.143679
vt 0.352738 0.147439
vt 0.351407 0.147337
vt 0.348009 0.151414
vt 0.348668 0.152017
vt 0.312964 0.124810
vt 0.308069 0.126116
vt 0.318656 0.123402
vt 0.324725 0.122220
vt 0.330841 0.121401
vt 0.330864 0.120242
vt 0.324952 0.120930
vt 0.336602 0.120584
vt 0.336512 0.119607
vt 0.355133 0.129177
vt 0.351835 0.123883
vt 0.355462 0.136207
vt 0.353905 0.142547
vt 0.291560 0.146107
vt 0.294916 0.145437
vt 0.292415 0.139822
vt 0.287366 0.139661
vt 0.293588 0.133949
vt 0.289152 0.132911
vt 0.297855 0.129436
vt 0.295147 0.127430
vt 0.280430 0.112123
vt 0.281924 0.113583
vt 0.286146 0.110664
vt 0.285416 0.109033
vt 0.279101 0.110162
vt 0.284454 0.106695
vt 0.282470 0.101118
vt 0.276932 0.104109
vt 0.280576 0.094376
vt 0.275219 0.096079
vt 0.355985 0.142205
vt 0.357837 0.135608
vt 0.272392 0.113804
vt 0.271483 0.106786
vt 0.270352 0.097492
vt 0.358486 0.127814
vt 0.266409 0.115925
vt 0.266473 0.108101
vt 0.266078 0.097948
vt 0.354440 0.121822
vt 0.261336 0.114963
vt 0.261574 0.107053
vt 0.261310 0.097203
vt 0.346385 0.121653
vt 0.347356 0.120677
vt 0.261157 0.088224
vt 0.265425 0.088785
vt 0.269483 0.088460
vt 0.273655 0.087216
vt 0.278312 0.085958
vt 0.288464 0.099520
vt 0.286377 0.093214
vt 0.290270 0.105539
vt 0.290954 0.108719
vt 0.291283 0.110479
vt 0.334192 0.081641
vt 0.327947 0.083374
vt 0.331934 0.090172
vt 0.339570 0.089081
vt 0.335319 0.097237
vt 0.343978 0.096665
vt 0.336132 0.101737
vt 0.345037 0.101203
vt 0.336098 0.104262
vt 0.345130 0.104834
vt 0.339093 0.079582
vt 0.347370 0.087343
vt 0.352520 0.096741
vt 0.353640 0.101993
vt 0.354008 0.105392
vt 0.201310 0.092845
vt 0.196217 0.089379
vt 0.191589 0.099289
vt 0.197618 0.103092
vt 0.188904 0.111005
vt 0.196033 0.113586
vt 0.187961 0.118112
vt 0.195804 0.118600
vt 0.187308 0.123613
vt 0.195305 0.123317
vt 0.208237 0.094713
vt 0.205486 0.104220
vt 0.203842 0.112894
vt 0.203720 0.117419
vt 0.204518 0.120699
vt 0.328352 0.074432
vt 0.323022 0.075928
vt 0.332044 0.072712
vt 0.205140 0.079157
vt 0.207505 0.082947
vt 0.212367 0.084901
vt 0.330288 0.102444
vt 0.331108 0.104933
vt 0.328719 0.098572
vt 0.325282 0.091673
vt 0.321792 0.085352
vt 0.317441 0.077489
vt 0.216712 0.078578
vt 0.219659 0.072836
vt 0.221881 0.066836
vt 0.223939 0.059447
vt 0.224809 0.056771
vt 0.225220 0.055045
vt 0.225531 0.053294
vt 0.226023 0.050101
vt 0.226443 0.045934
vt 0.226731 0.041696
vt 0.227065 0.038414
vt 0.213077 0.077192
vt 0.216378 0.071849
vt 0.218839 0.066166
vt 0.220974 0.058727
vt 0.221682 0.056023
vt 0.221983 0.054352
vt 0.222188 0.052651
vt 0.222470 0.049498
vt 0.222782 0.045290
vt 0.223259 0.041057
vt 0.223737 0.037938
vt 0.211089 0.074680
vt 0.214375 0.069949
vt 0.216563 0.064705
vt 0.218401 0.057856
vt 0.218758 0.054951
vt 0.218525 0.053339
vt 0.218340 0.051702
vt 0.218501 0.048703
vt 0.218969 0.044064
vt 0.219788 0.039833
vt 0.220241 0.036966
vt 0.327676 0.068251
vt 0.323667 0.069119
vt 0.323386 0.063862
vt 0.319589 0.064118
vt 0.319427 0.058388
vt 0.316230 0.059080
vt 0.316245 0.053164
vt 0.312718 0.053172
vt 0.315069 0.050459
vt 0.311455 0.050446
vt 0.314381 0.048713
vt 0.310909 0.049063
vt 0.310394 0.047719
vt 0.313967 0.047127
vt 0.312837 0.044431
vt 0.309181 0.045019
vt 0.310409 0.039855
vt 0.307235 0.041138
vt 0.308505 0.036823
vt 0.305226 0.037244
vt 0.305896 0.032657
vt 0.303537 0.033730
vt 0.318980 0.069820
vt 0.315854 0.064761
vt 0.312869 0.059673
vt 0.309330 0.053503
vt 0.308090 0.051064
vt 0.307451 0.049640
vt 0.306834 0.048253
vt 0.305603 0.045688
vt 0.303798 0.041974
vt 0.301953 0.038011
vt 0.300551 0.034569
vt 0.314298 0.071103
vt 0.311745 0.065736
vt 0.308991 0.060488
vt 0.305496 0.054119
vt 0.304367 0.051672
vt 0.303674 0.050327
vt 0.302998 0.049009
vt 0.301766 0.046471
vt 0.300007 0.042738
vt 0.298182 0.038852
vt 0.296687 0.035822
vt 0.299569 0.031569
vt 0.295132 0.033746
vt 0.302086 0.030261
vt 0.304172 0.029225
vt 0.224742 0.035142
vt 0.220820 0.034738
vt 0.227756 0.035376
vt 0.230930 0.035749
vt 0.276469 0.078796
vt 0.272473 0.079944
vt 0.274975 0.072752
vt 0.271414 0.073215
vt 0.273695 0.066411
vt 0.270344 0.066490
vt 0.272343 0.058365
vt 0.268894 0.058371
vt 0.268495 0.056437
vt 0.271966 0.056346
vt 0.271687 0.054860
vt 0.268025 0.054848
vt 0.271464 0.053365
vt 0.267684 0.053205
vt 0.271253 0.051105
vt 0.267546 0.050880
vt 0.271100 0.047971
vt 0.267595 0.047679
vt 0.271014 0.044654
vt 0.267677 0.044164
vt 0.271070 0.041898
vt 0.267964 0.041450
vt 0.268711 0.081297
vt 0.267921 0.073891
vt 0.267088 0.066623
vt 0.265471 0.058436
vt 0.265055 0.056747
vt 0.264449 0.054897
vt 0.264054 0.053099
vt 0.263958 0.050847
vt 0.264056 0.047531
vt 0.264190 0.044030
vt 0.264264 0.041245
vt 0.264858 0.081639
vt 0.264335 0.074186
vt 0.263692 0.066777
vt 0.262108 0.058878
vt 0.261654 0.057290
vt 0.260957 0.055082
vt 0.260647 0.052978
vt 0.260628 0.050765
vt 0.260659 0.047504
vt 0.260801 0.044035
vt 0.260906 0.041286
vt 0.260931 0.080767
vt 0.260682 0.073879
vt 0.260331 0.066805
vt 0.258874 0.059730
vt 0.258322 0.058053
vt 0.257620 0.055432
vt 0.257327 0.053134
vt 0.257322 0.050815
vt 0.257352 0.047518
vt 0.257550 0.044004
vt 0.257718 0.041399
vt 0.254589 0.038508
vt 0.257343 0.038658
vt 0.260654 0.038309
vt 0.263880 0.038234
vt 0.269183 0.038423
vt 0.271838 0.039266
vt 0.274377 0.039444
vt 0.274315 0.041804
vt 0.274481 0.044616
vt 0.274872 0.047999
vt 0.275293 0.051162
vt 0.275585 0.053422
vt 0.275987 0.056298
vt 0.275763 0.054860
vt 0.277800 0.066390
vt 0.276379 0.058471
vt 0.279361 0.072219
vt 0.281169 0.077957
vt 0.283491 0.084969
vt 0.270445 0.025341
vt 0.270801 0.023421
vt 0.269270 0.021671
vt 0.267683 0.024773
vt 0.274081 0.029344
vt 0.273549 0.026989
vt 0.270286 0.027853
vt 0.270568 0.030643
vt 0.274808 0.031877
vt 0.271319 0.033508
vt 0.275610 0.033969
vt 0.272313 0.035719
vt 0.276353 0.035482
vt 0.273577 0.037015
vt 0.277372 0.038726
vt 0.277006 0.036855
vt 0.274738 0.037729
vt 0.276697 0.023251
vt 0.276090 0.021088
vt 0.272975 0.022494
vt 0.273268 0.024590
vt 0.277903 0.027897
vt 0.277279 0.025563
vt 0.278618 0.030408
vt 0.279266 0.032581
vt 0.279777 0.034263
vt 0.280752 0.037808
vt 0.280249 0.035869
vt 0.280480 0.021933
vt 0.279700 0.019846
vt 0.281964 0.026498
vt 0.281278 0.024187
vt 0.282657 0.029103
vt 0.283172 0.031408
vt 0.283487 0.033199
vt 0.284267 0.036855
vt 0.283788 0.034891
vt 0.284389 0.020754
vt 0.283513 0.018983
vt 0.286259 0.025137
vt 0.285420 0.022821
vt 0.286979 0.027900
vt 0.287318 0.030363
vt 0.287348 0.032253
vt 0.287850 0.035871
vt 0.287410 0.033948
vt 0.287994 0.019561
vt 0.286886 0.018075
vt 0.290678 0.023746
vt 0.289466 0.021454
vt 0.291652 0.026679
vt 0.291799 0.029413
vt 0.291324 0.031498
vt 0.291502 0.034886
vt 0.290965 0.033151
vt 0.290539 0.018288
vt 0.289065 0.017426
vt 0.294642 0.022391
vt 0.292462 0.019888
vt 0.296337 0.025534
vt 0.296443 0.028638
vt 0.293808 0.032574
vt 0.275053 0.017949
vt 0.271997 0.019703
vt 0.278568 0.016735
vt 0.282513 0.016369
vt 0.286023 0.015429
vt 0.297704 0.020949
vt 0.294247 0.018079
vt 0.301103 0.024278
vt 0.300817 0.027835
vt 0.268211 0.035282
vt 0.267254 0.031388
vt 0.267155 0.028124
vt 0.292580 0.037041
vt 0.294001 0.039821
vt 0.289901 0.040830
vt 0.288693 0.038104
vt 0.285982 0.041833
vt 0.284989 0.039106
vt 0.282147 0.042851
vt 0.281367 0.040095
vt 0.278276 0.043860
vt 0.277769 0.041070
vt 0.295775 0.043541
vt 0.291496 0.044484
vt 0.287310 0.045449
vt 0.283164 0.046396
vt 0.278993 0.047324
vt 0.297406 0.047263
vt 0.292997 0.048189
vt 0.288600 0.049117
vt 0.284166 0.049944
vt 0.279676 0.050687
vt 0.298524 0.049833
vt 0.294007 0.050776
vt 0.289484 0.051711
vt 0.284877 0.052521
vt 0.280144 0.053130
vt 0.299127 0.051174
vt 0.299768 0.052541
vt 0.294539 0.052140
vt 0.295088 0.053533
vt 0.289945 0.053090
vt 0.290414 0.054486
vt 0.285259 0.053934
vt 0.285648 0.055373
vt 0.280421 0.054602
vt 0.280708 0.056085
vt 0.300875 0.055010
vt 0.296089 0.056041
vt 0.291280 0.057019
vt 0.286352 0.057841
vt 0.281245 0.058390
vt 0.304014 0.061877
vt 0.298987 0.063028
vt 0.293853 0.064084
vt 0.288579 0.065010
vt 0.283134 0.065838
vt 0.306534 0.067160
vt 0.301343 0.068517
vt 0.295990 0.069589
vt 0.290492 0.070558
vt 0.284842 0.071460
vt 0.309173 0.072587
vt 0.303845 0.074052
vt 0.298352 0.075321
vt 0.292637 0.076352
vt 0.286777 0.077244
vt 0.312241 0.079250
vt 0.306884 0.080835
vt 0.301259 0.082170
vt 0.295345 0.083228
vt 0.289304 0.084101
vt 0.316487 0.087738
vt 0.310937 0.089735
vt 0.305176 0.091307
vt 0.298952 0.092272
vt 0.292580 0.092698
vt 0.319622 0.094314
vt 0.314080 0.096823
vt 0.308217 0.098732
vt 0.301663 0.099480
vt 0.294983 0.099509
vt 0.323229 0.101037
vt 0.317395 0.103863
vt 0.311137 0.106531
vt 0.304067 0.107184
vt 0.296779 0.106097
vt 0.325571 0.104492
vt 0.319743 0.107697
vt 0.313098 0.111609
vt 0.305013 0.112149
vt 0.297243 0.109585
vt 0.327013 0.106346
vt 0.321009 0.109429
vt 0.313801 0.113646
vt 0.305139 0.114128
vt 0.297289 0.111175
vt 0.273365 0.116172
vt 0.274541 0.118302
vt 0.266778 0.118244
vt 0.267485 0.120039
vt 0.260817 0.117259
vt 0.260023 0.118661
vt 0.255805 0.113489
vt 0.255370 0.114722
vt 0.343357 0.123168
vt 0.341031 0.121533
vt 0.346877 0.150126
vt 0.348245 0.147442
vt 0.295255 0.031057
vt 0.341602 0.120249
vt 0.303231 0.127413
vt 0.297460 0.150078
vt 0.299223 0.149570
vt 0.303821 0.153236
vt 0.343059 0.155717
vt 0.291922 0.016054
vt 0.289163 0.015389
vt 0.341764 0.119410
vt 0.319032 0.122153
vt 0.313276 0.123801
vt 0.307955 0.125336
vt 0.302297 0.126238
vt 0.309812 0.156312
vt 0.317686 0.158886
vt 0.327172 0.160948
vt 0.335575 0.159335
vt 0.343458 0.156523
vt 0.349245 0.152551
vt 0.353524 0.147613
vt 0.356924 0.142153
vt 0.288347 0.132749
vt 0.286443 0.139691
vt 0.290691 0.146405
vt 0.296786 0.150506
vt 0.294666 0.126851
vt 0.301978 0.125255
vt 0.358795 0.135502
vt 0.359263 0.127624
vt 0.355004 0.121195
vt 0.347784 0.119860
vt 0.341880 0.118358
vt 0.303519 0.153880
vt 0.309809 0.157239
vt 0.335823 0.160313
vt 0.336453 0.118605
vt 0.313528 0.122790
vt 0.307959 0.124403
vt 0.317739 0.159923
vt 0.327315 0.162010
vt 0.330896 0.119271
vt 0.325088 0.119911
vt 0.319244 0.121121
vn -0.010593 -0.997749 -0.066219
vn 0.029704 -0.978537 -0.203919
vn -0.057846 -0.934817 -0.350387
vn -0.062914 -0.988530 -0.137298
vn -0.080062 -0.996107 -0.036893
vn -0.032454 -0.999280 -0.019645
vn -0.029602 -0.987831 -0.152685
vn 0.028753 -0.980802 -0.192873
vn 0.098459 -0.994578 -0.033463
vn 0.101329 -0.982042 -0.159140
vn 0.109906 -0.993719 -0.021066
vn 0.150955 -0.965081 -0.214081
vn 0.150714 -0.986311 -0.066899
vn 0.096210 -0.977030 -0.190150
vn 0.223394 -0.973365 -0.051539
vn 0.254222 -0.941429 -0.221547
vn 0.151895 -0.973830 -0.169063
vn 0.044835 -0.963041 -0.265599
vn 0.294377 -0.947479 -0.125006
vn 0.347698 -0.909330 -0.228527
vn 0.230701 -0.923950 -0.305112
vn 0.126526 -0.911766 -0.390735
vn 0.360405 -0.905091 -0.225654
vn 0.413135 -0.880027 -0.234248
vn 0.369811 -0.843654 -0.389215
vn 0.343588 -0.783863 -0.517210
vn 0.395439 -0.871360 -0.290447
vn 0.398773 -0.889600 -0.222695
vn 0.064437 -0.894673 -0.442049
vn -0.050022 -0.799852 -0.598110
vn 0.117845 -0.907475 -0.403238
vn 0.087504 -0.901371 -0.424114
vn 0.015177 -0.889631 -0.456428
vn 0.078280 -0.833599 -0.546795
vn 0.310381 -0.671105 -0.673262
vn 0.431885 -0.691908 -0.578566
vn 0.459973 -0.477561 -0.748573
vn 0.357628 -0.849895 -0.387016
vn 0.289544 -0.915386 -0.279701
vn 0.245663 -0.952636 -0.179260
vn 0.308760 -0.936788 -0.164609
vn 0.177650 -0.983312 -0.039215
vn 0.330507 -0.909219 -0.253151
vn 0.282155 -0.908523 -0.308178
vn 0.219814 -0.915765 -0.336238
vn 0.177409 -0.922134 -0.343795
vn 0.144192 -0.936108 -0.320797
vn 0.137658 -0.957762 -0.252473
vn 0.129139 -0.987812 -0.086898
vn 0.104880 -0.993421 -0.045990
vn 0.069322 -0.971284 -0.227599
vn 0.328791 -0.920639 -0.210526
vn 0.243617 -0.927911 -0.282191
vn 0.459930 -0.870730 -0.174050
vn 0.313011 -0.923712 -0.220864
vn 0.311982 -0.946386 -0.083787
vn 0.453736 -0.884956 -0.104770
vn 0.182212 -0.973640 -0.137197
vn 0.257673 -0.927089 -0.272234
vn -0.162270 -0.845219 -0.509189
vn -0.087982 -0.735550 -0.671733
vn -0.454643 -0.586391 -0.670407
vn -0.290358 -0.523715 -0.800884
vn -0.278877 -0.673277 -0.684781
vn -0.130697 -0.888523 -0.439825
vn -0.363545 -0.799253 -0.478571
vn -0.512219 -0.598259 -0.616212
vn 0.013602 -0.970359 -0.241284
vn -0.136404 -0.952646 -0.271772
vn -0.008621 -0.999962 0.001391
vn 0.091817 -0.995765 0.004676
vn 0.130580 -0.967156 0.218080
vn 0.049277 -0.975737 0.213328
vn 0.177995 -0.935458 -0.305345
vn 0.173367 -0.956895 -0.233016
vn 0.161619 -0.983861 -0.076791
vn 0.095991 -0.994201 -0.048484
vn -0.153727 -0.933706 -0.323360
vn -0.420446 -0.752854 -0.506396
vn -0.519886 -0.634732 -0.571694
vn -0.440007 -0.709498 -0.550460
vn -0.231404 -0.918581 -0.320408
vn -0.071053 -0.997462 -0.004618
vn 0.007626 -0.979952 0.199088
vn 0.163351 -0.942791 -0.290623
vn 0.098435 -0.972411 -0.211490
vn 0.058493 -0.995920 -0.068713
vn 0.044284 -0.998995 -0.006864
vn -0.032323 -0.978421 -0.204079
vn -0.142358 -0.900206 -0.411538
vn -0.219556 -0.753609 -0.619572
vn -0.237414 -0.706114 -0.667111
vn -0.179182 -0.905645 -0.384320
vn -0.081688 -0.996418 -0.021892
vn -0.018474 -0.983475 0.180097
vn 0.179052 -0.951474 -0.250273
vn 0.071631 -0.983781 -0.164452
vn -0.000688 -0.998774 -0.049499
vn -0.001242 -0.999941 -0.010837
vn 0.053290 -0.980933 -0.186899
vn 0.113431 -0.909230 -0.400543
vn 0.139995 -0.769025 -0.623700
vn 0.078614 -0.724621 -0.684649
vn -0.009146 -0.912072 -0.409928
vn -0.030468 -0.999066 -0.030656
vn -0.019694 -0.983466 0.180020
vn 0.186960 -0.964586 -0.186065
vn 0.048690 -0.993963 -0.098324
vn -0.046081 -0.998804 -0.016361
vn -0.027056 -0.998302 -0.051581
vn 0.132363 -0.953966 -0.269125
vn 0.304935 -0.825687 -0.474611
vn 0.374265 -0.708367 -0.598450
vn 0.295655 -0.746941 -0.595540
vn 0.123956 -0.926463 -0.355389
vn 0.014540 -0.999876 -0.006118
vn -0.012176 -0.979594 0.200620
vn 0.146463 -0.985309 -0.087838
vn -0.018355 -0.999811 -0.006429
vn -0.125447 -0.991683 0.028770
vn -0.058750 -0.987164 -0.148510
vn 0.185083 -0.874445 -0.448430
vn 0.361376 -0.730006 -0.580085
vn 0.373221 -0.723633 -0.580570
vn 0.251482 -0.843984 -0.473759
vn 0.063066 -0.971487 -0.228549
vn -0.049349 -0.996710 0.064292
vn -0.080888 -0.966397 0.243996
vn 0.016388 -0.997469 0.069182
vn -0.172594 -0.977286 0.122980
vn -0.287840 -0.953357 0.090878
vn -0.250077 -0.925970 -0.282914
vn -0.048929 -0.755540 -0.653273
vn 0.056301 -0.732304 -0.678647
vn 0.015526 -0.841389 -0.540206
vn -0.102972 -0.944132 -0.313067
vn -0.218728 -0.973894 -0.060737
vn -0.273118 -0.945541 0.177086
vn -0.281375 -0.901082 0.329968
vn -0.032374 -0.969110 0.244496
vn -0.105658 -0.951397 0.289275
vn -0.027897 -0.975131 0.219867
vn -0.002259 -0.977433 0.211234
vn 0.038812 -0.974304 0.221867
vn 0.073824 -0.967496 0.241871
vn 0.147481 -0.954379 0.259635
vn 0.286421 -0.928948 0.234563
vn 0.276756 -0.960244 0.036576
vn 0.215476 -0.957762 -0.190427
vn 0.122532 -0.917935 -0.377334
vn 0.010038 -0.749641 -0.661769
vn -0.067445 -0.508130 -0.858636
vn 0.040025 -0.582961 -0.811514
vn 0.341564 -0.823908 -0.452228
vn 0.575021 -0.803493 -0.154113
vn 0.620688 -0.777682 -0.099789
vn 0.484327 -0.870591 -0.086595
vn 0.275090 -0.952310 -0.132027
vn 0.207587 -0.553836 -0.806333
vn 0.239400 -0.297325 -0.924276
vn 0.105779 -0.375659 -0.920702
vn 0.093587 -0.606249 -0.789749
vn -0.181992 0.608291 -0.772568
vn -0.010368 0.208973 -0.977866
vn 0.100936 0.332565 -0.937663
vn -0.071628 0.721394 -0.688810
vn -0.283463 0.689823 -0.666178
vn -0.152616 0.780314 -0.606480
vn -0.354933 0.658079 -0.664045
vn -0.243322 0.750822 -0.614053
vn -0.424838 0.620639 -0.659029
vn -0.354450 0.700995 -0.618847
vn -0.527819 0.688985 -0.496696
vn -0.476618 0.619473 -0.623770
vn -0.442665 0.661992 -0.604826
vn -0.480481 0.729747 -0.486423
vn 0.099815 -0.298742 -0.949100
vn 0.076515 -0.559628 -0.825204
vn -0.105410 0.514414 -0.851039
vn 0.034662 0.172781 -0.984350
vn -0.215336 0.619007 -0.755288
vn -0.273793 0.566356 -0.777354
vn -0.325843 0.532564 -0.781154
vn -0.436304 0.632201 -0.640281
vn -0.380980 0.564507 -0.732247
vn 0.174078 -0.181794 -0.967806
vn 0.139399 -0.474548 -0.869122
vn 0.136406 0.500139 -0.855134
vn 0.177492 0.233368 -0.956052
vn 0.083941 0.568471 -0.818410
vn 0.048083 0.445953 -0.893764
vn -0.007853 0.389100 -0.921162
vn -0.135897 0.531011 -0.836397
vn -0.080231 0.464105 -0.882139
vn 0.194910 -0.098600 -0.975853
vn 0.159139 -0.418902 -0.893978
vn 0.238753 0.523850 -0.817666
vn 0.220492 0.304153 -0.926755
vn 0.266542 0.538178 -0.799575
vn 0.292429 0.343163 -0.892594
vn 0.288749 0.256511 -0.922402
vn 0.280980 0.485249 -0.828000
vn 0.279720 0.376690 -0.883098
vn 0.099387 -0.061815 -0.993127
vn 0.087026 -0.372675 -0.923872
vn 0.133656 0.592385 -0.794491
vn 0.106121 0.349914 -0.930752
vn 0.201125 0.605884 -0.769710
vn 0.288794 0.407576 -0.866302
vn 0.366563 0.310397 -0.877089
vn 0.475920 0.562668 -0.675948
vn 0.430193 0.415039 -0.801671
vn -0.091264 0.647000 -0.757009
vn -0.129957 0.360276 -0.923749
vn -0.005292 0.693110 -0.720812
vn 0.139890 0.576565 -0.804987
vn 0.434051 0.806520 -0.401404
vn 0.322249 0.672888 -0.665866
vn 0.460080 0.634218 -0.621365
vn 0.502110 0.798208 -0.332790
vn 0.087597 -0.566418 -0.819449
vn 0.271632 -0.432271 -0.859859
vn 0.054215 -0.582401 -0.811092
vn 0.120572 -0.536843 -0.835022
vn 0.143931 -0.510010 -0.848041
vn 0.137355 -0.680117 -0.720122
vn 0.107847 -0.685095 -0.720426
vn 0.073211 -0.473696 -0.877640
vn 0.071633 -0.656826 -0.750632
vn -0.282660 0.662118 -0.694048
vn -0.354517 0.347242 -0.868183
vn -0.132492 0.753026 -0.644514
vn 0.088513 0.725431 -0.682580
vn -0.418015 0.829579 -0.370220
vn -0.238350 0.808585 -0.537940
vn -0.153029 0.816566 -0.556599
vn -0.368323 0.777769 -0.509327
vn -0.043649 0.746678 -0.663752
vn -0.222238 0.615172 -0.756422
vn 0.205073 0.422012 -0.883092
vn 0.203809 0.225173 -0.952764
vn 0.608677 0.793298 0.013844
vn 0.425856 0.862434 -0.273595
vn 0.527179 0.843809 -0.100348
vn 0.580641 0.782993 0.223108
vn 0.682890 0.667017 0.297909
vn 0.577751 0.665706 0.472271
vn 0.552098 0.681746 0.480011
vn 0.634293 0.656263 0.408646
vn 0.577481 0.737040 0.351124
vn 0.632796 0.663698 0.398840
vn 0.228028 0.834911 -0.500927
vn 0.003152 0.836265 -0.548316
vn 0.832390 0.550494 0.063894
vn 0.880777 0.382711 0.278864
vn 0.861936 0.322673 0.391087
vn -0.179303 0.680361 -0.710605
vn 0.983271 0.011720 -0.181772
vn 0.956852 -0.264738 0.119784
vn 0.901086 -0.364305 0.235217
vn -0.330233 0.190520 -0.924472
vn 0.594259 -0.741674 -0.311088
vn 0.563685 -0.825990 0.000020
vn 0.519349 -0.853801 0.036055
vn -0.270700 -0.078281 -0.959476
vn -0.274466 -0.304495 -0.912114
vn 0.584987 -0.809371 0.052042
vn 0.891208 -0.360368 0.275469
vn 0.890946 0.254979 0.375767
vn 0.751130 0.579739 0.315765
vn 0.662084 0.704792 0.254782
vn 0.467285 0.730394 0.498166
vn 0.506550 0.793209 0.337976
vn 0.431315 0.746788 0.506236
vn 0.448050 0.844208 0.294218
vn 0.488598 0.872489 -0.005933
vn -0.680350 0.512938 0.523467
vn -0.621524 0.619138 0.479974
vn -0.576544 0.625217 0.526023
vn -0.721648 0.498508 0.480327
vn -0.593615 0.612367 0.522138
vn -0.773721 0.501790 0.386732
vn -0.621227 0.695953 0.360176
vn -0.760853 0.629710 0.156743
vn -0.588148 0.806478 0.060626
vn -0.626658 0.768629 -0.128483
vn -0.889800 -0.021620 0.455838
vn -0.954113 -0.073985 0.290163
vn -0.997839 0.017524 0.063323
vn -0.914419 0.325498 -0.240601
vn -0.662288 0.615083 -0.427842
vn -0.635233 -0.756190 0.157019
vn -0.662478 -0.748925 -0.015298
vn -0.722382 -0.639494 -0.263081
vn -0.716483 -0.242255 -0.654190
vn -0.501757 0.265468 -0.823266
vn -0.091623 -0.992130 -0.085343
vn -0.083688 -0.975557 -0.203189
vn -0.056684 -0.924108 -0.377904
vn 0.007130 -0.674972 -0.737809
vn 0.106830 -0.224657 -0.968564
vn -0.722269 0.473478 0.504130
vn -0.724442 0.570815 0.386464
vn -0.786955 0.018984 0.616718
vn -0.546754 -0.696722 0.464368
vn -0.092559 -0.984265 0.150515
vn -0.605225 0.705851 0.368072
vn -0.601975 0.792430 0.098394
vn -0.590181 0.612186 0.526227
vn -0.611415 0.596597 0.519850
vn -0.671028 0.608206 0.424036
vn -0.726187 0.606106 0.324480
vn -0.235081 -0.920872 0.311017
vn -0.443563 -0.848474 0.288692
vn -0.549817 -0.817205 0.172849
vn -0.628100 -0.725190 -0.282117
vn -0.583852 -0.505918 -0.634952
vn -0.596903 -0.537394 -0.595748
vn -0.634595 -0.678394 -0.370232
vn -0.646286 -0.756206 -0.102312
vn -0.639348 -0.759780 0.118192
vn -0.607234 -0.729640 0.314471
vn -0.557946 -0.694462 0.454333
vn -0.582108 -0.586436 0.563243
vn -0.742024 -0.530851 0.409387
vn -0.816826 -0.524354 0.240517
vn -0.912795 -0.396250 -0.098951
vn -0.922828 -0.165644 -0.347780
vn -0.941035 -0.114893 -0.318202
vn -0.968372 -0.204201 -0.143380
vn -0.951942 -0.300498 0.059224
vn -0.907534 -0.349514 0.232854
vn -0.832708 -0.374123 0.408203
vn -0.743019 -0.375522 0.553991
vn -0.813573 -0.021708 0.581057
vn -0.912787 -0.100924 0.395769
vn -0.954968 -0.157716 0.251319
vn -0.993552 -0.097634 0.057639
vn -0.991603 0.052601 -0.118136
vn -0.981249 0.121274 -0.149808
vn -0.995904 0.080807 -0.040571
vn -0.992128 0.014212 0.124418
vn -0.955635 -0.022401 0.293702
vn -0.879630 -0.037887 0.474148
vn -0.780805 -0.047260 0.622985
vn -0.837203 0.368002 0.404556
vn -0.919664 0.253504 0.299922
vn -0.956766 0.184729 0.224665
vn -0.975142 0.180020 0.129197
vn -0.970048 0.242435 0.015232
vn -0.953940 0.298745 -0.027397
vn -0.949001 0.309709 0.058975
vn -0.929675 0.304845 0.206817
vn -0.877068 0.300206 0.375005
vn -0.790018 0.288418 0.541005
vn -0.703450 0.262047 0.660673
vn -0.806502 0.516348 0.287992
vn -0.837866 0.488919 0.242772
vn -0.843615 0.494666 0.208852
vn -0.841221 0.515523 0.163042
vn -0.828150 0.545717 0.127907
vn -0.800487 0.583759 0.135814
vn -0.765837 0.610718 0.201289
vn -0.725732 0.620838 0.296436
vn -0.674182 0.601182 0.429021
vn -0.610904 0.547829 0.571559
vn -0.557792 0.494177 0.666826
vn -0.734230 0.620991 0.274366
vn -0.700687 0.665779 0.256469
vn -0.653913 0.723241 0.222082
vn -0.602753 0.773483 0.195993
vn -0.559258 0.801207 0.212835
vn -0.530346 0.811906 0.244010
vn -0.506935 0.816653 0.275851
vn -0.478434 0.813215 0.331334
vn -0.441323 0.784423 0.435792
vn -0.402975 0.719261 0.565928
vn -0.378140 0.654243 0.654963
vn -0.527124 0.443700 0.724755
vn -0.373167 0.619102 0.690984
vn -0.623442 0.201606 0.755430
vn -0.659354 -0.081596 0.747391
vn -0.619686 -0.375848 0.689004
vn -0.487743 -0.663308 0.567564
vn -0.283041 -0.871278 0.400953
vn 0.721902 0.657656 0.215280
vn 0.869745 0.445202 0.212928
vn 0.758839 0.627751 0.173468
vn 0.935695 0.330376 0.123798
vn 0.794452 0.594613 0.123622
vn 0.966793 0.255018 0.016660
vn 0.807147 0.587068 0.062169
vn 0.963645 0.242246 -0.112721
vn 0.918087 0.311304 -0.245371
vn 0.793995 0.607920 0.002226
vn 0.778291 0.627855 0.007848
vn 0.886087 0.383396 -0.260496
vn 0.769621 0.635347 0.063380
vn 0.902654 0.406215 -0.142142
vn 0.771059 0.619530 0.147139
vn 0.928681 0.368700 0.040156
vn 0.779116 0.575760 0.247951
vn 0.939474 0.282775 0.193463
vn 0.777565 0.513804 0.362489
vn 0.931644 0.187227 0.311426
vn 0.763223 0.437181 0.475776
vn 0.894562 0.098113 0.436042
vn 0.963393 0.107306 0.245683
vn 0.995886 -0.039290 0.081656
vn 0.989323 -0.118430 -0.084936
vn 0.950962 -0.105803 -0.290649
vn 0.860410 0.040006 -0.508030
vn 0.828351 0.133520 -0.544066
vn 0.920436 0.085699 -0.381384
vn 0.994613 -0.020962 -0.101517
vn 0.981650 -0.135178 0.134501
vn 0.941461 -0.220654 0.254879
vn 0.884549 -0.282106 0.371469
vn 0.905977 -0.372440 0.201233
vn 0.906550 -0.421399 0.024276
vn 0.868988 -0.463822 -0.172420
vn 0.805054 -0.386991 -0.449585
vn 0.687172 -0.148139 -0.711231
vn 0.675767 -0.116494 -0.727852
vn 0.777285 -0.325200 -0.538584
vn 0.832264 -0.499760 -0.239953
vn 0.825917 -0.562870 0.032229
vn 0.804181 -0.564658 0.185617
vn 0.751224 -0.580108 0.314861
vn 0.697834 -0.713225 0.065871
vn 0.757108 -0.652389 -0.034298
vn 0.698962 -0.686947 -0.198885
vn 0.555417 -0.632613 -0.539734
vn 0.372699 -0.363641 -0.853733
vn 0.347260 -0.384933 -0.855124
vn 0.433030 -0.662225 -0.611509
vn 0.480055 -0.817584 -0.317967
vn 0.525440 -0.845743 -0.092905
vn 0.557011 -0.823739 0.105800
vn 0.524783 -0.807170 0.270330
vn 0.281467 -0.914919 0.289309
vn 0.470474 -0.809145 0.352049
vn 0.665242 -0.611814 0.427945
vn 0.801820 -0.332853 0.496279
vn 0.836036 0.025546 0.548079
vn 0.752061 0.355348 0.555097
vn 0.617961 0.556686 0.555180
vn 0.602928 0.622295 0.499226
vn 0.593381 0.692700 0.409958
vn 0.579998 0.755625 0.304357
vn 0.568773 0.789398 0.230971
vn 0.568161 0.800466 0.190911
vn 0.571328 0.808120 0.143271
vn 0.570344 0.806173 0.157457
vn 0.560064 0.802875 0.204254
vn 0.570011 0.802722 0.175287
vn 0.547194 0.805240 0.228401
vn 0.535788 0.804120 0.257533
vn 0.522426 0.812392 0.259018
vn 0.257010 -0.919960 0.296005
vn 0.156768 -0.956945 0.244296
vn 0.442725 -0.643372 0.624553
vn 0.325608 -0.825300 0.461367
vn 0.413896 -0.814605 0.406336
vn 0.565466 -0.635350 0.525908
vn 0.533304 -0.381318 0.755105
vn 0.683805 -0.374415 0.626278
vn 0.579157 -0.032891 0.814552
vn 0.735821 -0.030940 0.676469
vn 0.555989 0.297758 0.776026
vn 0.694958 0.291095 0.657493
vn 0.478672 0.653118 0.586779
vn 0.507569 0.530710 0.678764
vn 0.618813 0.483739 0.618925
vn 0.102061 -0.951134 0.291423
vn 0.053037 -0.979306 0.195311
vn 0.104513 -0.969824 0.220270
vn 0.192128 -0.936201 0.294305
vn 0.267186 -0.636683 0.723358
vn 0.189788 -0.834354 0.517527
vn 0.330427 -0.356595 0.873875
vn 0.372153 0.013331 0.928076
vn 0.374989 0.355414 0.856191
vn 0.338091 0.700151 0.628875
vn 0.357087 0.579043 0.732938
vn 0.003785 -0.949533 0.313644
vn -0.004601 -0.981240 0.192737
vn 0.042070 -0.602639 0.796904
vn 0.024363 -0.816662 0.576602
vn 0.071027 -0.317636 0.945549
vn 0.116321 0.047692 0.992066
vn 0.156760 0.381048 0.911169
vn 0.178361 0.727767 0.662225
vn 0.177259 0.603606 0.777328
vn -0.090007 -0.926541 0.365267
vn -0.051432 -0.974769 0.217212
vn -0.187504 -0.533287 0.824893
vn -0.143869 -0.759252 0.634696
vn -0.195243 -0.271052 0.942556
vn -0.153866 0.051997 0.986723
vn -0.080130 0.362190 0.928654
vn 0.003785 0.730397 0.683012
vn -0.018846 0.596501 0.802391
vn -0.163586 -0.882110 0.441726
vn -0.073964 -0.959780 0.270834
vn -0.353204 -0.451838 0.819201
vn -0.277258 -0.679432 0.679338
vn -0.384266 -0.217674 0.897194
vn -0.363918 0.052487 0.929951
vn -0.290085 0.317965 0.902635
vn -0.183095 0.705124 0.685038
vn -0.213436 0.565927 0.796349
vn -0.239994 -0.857107 0.455819
vn -0.118672 -0.943095 0.310625
vn -0.476766 -0.397512 0.784015
vn -0.387840 -0.643460 0.659954
vn -0.517877 -0.150623 0.842090
vn -0.512000 0.108292 0.852132
vn -0.362444 0.543111 0.757406
vn -0.181089 0.754476 0.630850
vn -0.190688 0.818650 0.541711
vn -0.011070 0.855919 0.516992
vn 0.003132 0.795809 0.605539
vn 0.144695 0.856447 0.495543
vn 0.167267 0.795867 0.581908
vn 0.292746 0.831362 0.472374
vn 0.318938 0.768565 0.554605
vn 0.436268 0.782021 0.445100
vn 0.461100 0.715301 0.525100
vn -0.220273 0.877327 0.426354
vn -0.039616 0.907963 0.417173
vn 0.115928 0.907940 0.402748
vn 0.264274 0.886876 0.378959
vn 0.411452 0.843078 0.346303
vn -0.260029 0.901976 0.344708
vn -0.073117 0.931974 0.355076
vn 0.094470 0.933263 0.346549
vn 0.249205 0.914584 0.318486
vn 0.397545 0.873216 0.281872
vn -0.293727 0.908717 0.296576
vn -0.102596 0.945814 0.308075
vn 0.078839 0.950134 0.301711
vn 0.242038 0.928930 0.280190
vn 0.392113 0.885350 0.249804
vn -0.313122 0.909930 0.271995
vn -0.331378 0.908552 0.254404
vn -0.121032 0.953079 0.277475
vn -0.134468 0.954912 0.264690
vn 0.067358 0.961197 0.267513
vn 0.058323 0.965296 0.254562
vn 0.234174 0.940867 0.244810
vn 0.228444 0.945568 0.231765
vn 0.386129 0.896677 0.216505
vn 0.381921 0.901979 0.201420
vn -0.374461 0.896677 0.236112
vn -0.162433 0.953365 0.254383
vn 0.035110 0.966822 0.253028
vn 0.210087 0.945966 0.247007
vn 0.374229 0.899116 0.227033
vn -0.438542 0.861891 0.254606
vn -0.204169 0.940652 0.271088
vn -0.001988 0.963012 0.269452
vn 0.171968 0.948420 0.266320
vn 0.354400 0.901199 0.249482
vn -0.498376 0.812780 0.301677
vn -0.242075 0.915532 0.321248
vn -0.030012 0.948283 0.316006
vn 0.141048 0.941848 0.305005
vn 0.338181 0.899250 0.277458
vn -0.558714 0.765028 0.320269
vn -0.287452 0.889576 0.355001
vn -0.051935 0.932760 0.356737
vn 0.125874 0.931486 0.341307
vn 0.330729 0.892740 0.305996
vn -0.608123 0.721332 0.331462
vn -0.350988 0.862349 0.364915
vn -0.083811 0.923997 0.373103
vn 0.121709 0.927987 0.352175
vn 0.330648 0.892668 0.306295
vn -0.613555 0.675025 0.409746
vn -0.395046 0.809851 0.433682
vn -0.112307 0.890654 0.440593
vn 0.121170 0.899262 0.420292
vn 0.332427 0.863891 0.378398
vn -0.577283 0.644558 0.501287
vn -0.400016 0.767994 0.500171
vn -0.134602 0.852639 0.504866
vn 0.102371 0.857556 0.504101
vn 0.299754 0.812503 0.499986
vn -0.553983 0.692122 0.462676
vn -0.422366 0.815289 0.396120
vn -0.178005 0.902739 0.391634
vn 0.095824 0.904227 0.416162
vn 0.279599 0.844815 0.456192
vn -0.565362 0.780919 0.265577
vn -0.465006 0.872869 0.147880
vn -0.221064 0.969904 0.102060
vn 0.135582 0.980646 0.141246
vn 0.323812 0.916624 0.234407
vn -0.578336 0.815768 0.007111
vn -0.493060 0.860305 -0.129487
vn -0.226897 0.938078 -0.261779
vn 0.207065 0.951323 -0.228272
vn 0.407609 0.910993 -0.062819
vn 0.606193 0.767446 -0.208702
vn 0.301535 0.860658 -0.410298
vn 0.695119 0.410209 -0.590371
vn 0.211085 0.634930 -0.743174
vn 0.333601 -0.451617 -0.827498
vn -0.061330 -0.087582 -0.994268
vn -0.072263 -0.830953 -0.551629
vn -0.184694 -0.596340 -0.781196
vn -0.096200 -0.056941 -0.993732
vn -0.030018 -0.308343 -0.950801
vn 0.418269 0.494642 -0.761827
vn 0.312427 0.488593 -0.814657
vn -0.450160 0.356122 0.818861
vn -0.079689 -0.356372 -0.930940
vn 0.384631 -0.104317 -0.917157
vn -0.480455 0.836450 -0.263656
vn -0.347966 0.777315 -0.524120
vn -0.560796 0.802985 -0.201802
vn 0.478639 0.773760 -0.414971
vn -0.073194 -0.548649 -0.832842
vn 0.035582 -0.694935 -0.718192
vn 0.085455 -0.644559 -0.759764
vn 0.303247 -0.473204 -0.827115
vn 0.456180 -0.199867 -0.867152
vn -0.570121 0.781804 -0.252478
vn -0.486642 0.764678 -0.422430
vn -0.192382 0.738431 -0.646304
vn 0.270886 0.727235 -0.630674
s 1
g Feet M_Skeleton L_F_Distal_Phalanx_1
usemtl Skeleton_Feet_SG
f 1837/2041/1837 1838/2042/1838 1839/2043/1839 1840/2044/1840
f 1840/2044/1840 1841/2045/1841 1842/2046/1842 1837/2041/1837
f 1841/2045/1841 1843/2047/1843 1844/2048/1844 1842/2046/1842
f 1845/2049/1845 1846/2050/1846 1838/2042/1838 1837/2041/1837
f 1845/2049/1845 1837/2041/1837 1842/2046/1842 1847/2051/1847
f 1847/2051/1847 1842/2046/1842 1844/2048/1844 1848/2052/1848
f 1849/2053/1849 1850/2054/1850 1846/2050/1846 1845/2049/1845
f 1849/2053/1849 1845/2049/1845 1847/2051/1847 1851/2055/1851
f 1851/2055/1851 1847/2051/1847 1848/2052/1848 1852/2056/1852
f 1853/2057/1853 1854/2058/1854 1850/2054/1850 1849/2053/1849
f 1853/2057/1853 1849/2053/1849 1851/2055/1851 1855/2059/1855
f 1855/2059/1855 1851/2055/1851 1852/2056/1852 1856/2060/1856
f 1857/2061/1857 1858/2062/1858 1854/2058/1854 1853/2057/1853
f 1857/2061/1857 1853/2057/1853 1855/2059/1855 1859/2063/1859
f 1859/2063/1859 1855/2059/1855 1856/2060/1856 1860/2064/1860
f 1861/2065/1861 1862/2066/1862 1858/2062/1858 1857/2061/1857
f 1861/2065/1861 1857/2061/1857 1859/2063/1859 1863/2067/1863
f 1863/2067/1863 1859/2063/1859 1860/2064/1860 1864/2068/1864
f 1838/2042/1838 1865/2069/1865 1866/2070/1866 1839/2043/1839
f 1846/2050/1846 1867/2071/1867 1865/2069/1865 1838/2042/1838
f 1850/2054/1850 1868/2072/1868 1867/2071/1867 1846/2050/1846
f 1854/2058/1854 1869/2073/1869 1868/2072/1868 1850/2054/1850
f 1858/2062/1858 1870/2074/1870 1869/2073/1869 1854/2058/1854
f 1862/2066/1862 1871/2075/1871 1870/2074/1870 1858/2062/1858
f 1872/2076/1872 1873/2077/1873 1871/2075/1871 1862/2066/1862
f 1872/2076/1872 1862/2066/1862 1861/2065/1861 1874/2078/1874
f 1874/2078/1874 1861/2065/1861 1863/2067/1863 1875/2079/1875
f 1875/2079/1875 1863/2067/1863 1864/2068/1864 1876/2080/1876
f 1876/2080/1876 1864/2068/1864 1877/2081/1877 1878/2082/1878
f 1877/2081/1877 1864/2068/1864 1860/2064/1860 1879/2083/1879
f 1879/2083/1879 1860/2064/1860 1856/2060/1856 1880/2084/1880
f 1880/2084/1880 1856/2060/1856 1852/2056/1852 1881/2085/1881
f 1881/2085/1881 1852/2056/1852 1848/2052/1848 1882/2086/1882
f 1882/2086/1882 1848/2052/1848 1844/2048/1844 1883/2087/1883
f 1883/2087/1883 1844/2048/1844 1843/2047/1843 1884/2088/1884
f 1885/2089/1885 1843/2047/1843 1841/2045/1841 1886/2090/1886
f 1886/2090/1886 1841/2045/1841 1840/2044/1840 1887/2091/1887
f 1884/2088/1884 1888/2092/1888 1889/2093/1889 1883/2087/1883
f 1888/2092/1888 1890/2094/1890 1891/2095/1891 1889/2093/1889
f 1892/2096/1892 1891/2095/1891 1890/2094/1890 1893/2097/1893
f 1894/2098/1894 1892/2096/1892 1893/2097/1893 1895/2099/1895
f 1896/2100/1896 1894/2098/1894 1895/2099/1895 1897/2101/1897
f 1898/2102/1898 1896/2100/1896 1897/2101/1897 1899/2103/1899
f 1900/2104/1900 1901/2105/1901 1902/2106/1902 1903/2107/1903
f 1901/2105/1901 1904/2108/1904 1905/2109/1905 1902/2106/1902
f 1906/2110/1906 1905/2109/1905 1904/2108/1904 1907/2111/1907
f 1907/2111/1907 1908/2112/1908 1909/2113/1909 1906/2110/1906
f 1883/2087/1883 1889/2093/1889 1910/2114/1910 1882/2086/1882
f 1910/2114/1910 1889/2093/1889 1891/2095/1891 1911/2115/1911
f 1911/2115/1911 1891/2095/1891 1892/2096/1892 1912/2116/1912
f 1912/2116/1912 1892/2096/1892 1894/2098/1894 1913/2117/1913
f 1913/2117/1913 1894/2098/1894 1896/2100/1896 1914/2118/1914
f 1896/2100/1896 1898/2102/1898 1915/2119/1915 1914/2118/1914
f 1916/2120/1916 1903/2107/1903 1902/2106/1902 1917/2121/1917
f 1917/2121/1917 1902/2106/1902 1905/2109/1905 1918/2122/1918
f 1918/2122/1918 1905/2109/1905 1906/2110/1906 1919/2123/1919
f 1919/2123/1919 1906/2110/1906 1909/2113/1909 1920/2124/1920
f 1882/2086/1882 1910/2114/1910 1921/2125/1921 1881/2085/1881
f 1921/2125/1921 1910/2114/1910 1911/2115/1911 1922/2126/1922
f 1922/2126/1922 1911/2115/1911 1912/2116/1912 1923/2127/1923
f 1923/2127/1923 1912/2116/1912 1913/2117/1913 1924/2128/1924
f 1924/2128/1924 1913/2117/1913 1914/2118/1914 1925/2129/1925
f 1914/2118/1914 1915/2119/1915 1926/2130/1926 1925/2129/1925
f 1927/2131/1927 1916/2120/1916 1917/2121/1917 1928/2132/1928
f 1928/2132/1928 1917/2121/1917 1918/2122/1918 1929/2133/1929
f 1929/2133/1929 1918/2122/1918 1919/2123/1919 1930/2134/1930
f 1930/2134/1930 1919/2123/1919 1920/2124/1920 1931/2135/1931
f 1881/2085/1881 1921/2125/1921 1932/2136/1932 1880/2084/1880
f 1932/2136/1932 1921/2125/1921 1922/2126/1922 1933/2137/1933
f 1933/2137/1933 1922/2126/1922 1923/2127/1923 1934/2138/1934
f 1934/2138/1934 1923/2127/1923 1924/2128/1924 1935/2139/1935
f 1935/2139/1935 1924/2128/1924 1925/2129/1925 1936/2140/1936
f 1925/2129/1925 1926/2130/1926 1937/2141/1937 1936/2140/1936
f 1938/2142/1938 1927/2131/1927 1928/2132/1928 1939/2143/1939
f 1939/2143/1939 1928/2132/1928 1929/2133/1929 1940/2144/1940
f 1940/2144/1940 1929/2133/1929 1930/2134/1930 1941/2145/1941
f 1941/2145/1941 1930/2134/1930 1931/2135/1931 1942/2146/1942
f 1880/2084/1880 1932/2136/1932 1943/2147/1943 1879/2083/1879
f 1943/2147/1943 1932/2136/1932 1933/2137/1933 1944/2148/1944
f 1944/2148/1944 1933/2137/1933 1934/2138/1934 1945/2149/1945
f 1945/2149/1945 1934/2138/1934 1935/2139/1935 1946/2150/1946
f 1946/2150/1946 1935/2139/1935 1936/2140/1936 1947/2151/1947
f 1936/2140/1936 1937/2141/1937 1948/2152/1948 1947/2151/1947
f 1949/2153/1949 1938/2142/1938 1939/2143/1939 1950/2154/1950
f 1950/2154/1950 1939/2143/1939 1940/2144/1940 1951/2155/1951
f 1951/2155/1951 1940/2144/1940 1941/2145/1941 1952/2156/1952
f 1952/2156/1952 1941/2145/1941 1942/2146/1942 1953/2157/1953
f 1879/2083/1879 1943/2147/1943 1954/2158/1954 1877/2081/1877
f 1954/2158/1954 1943/2147/1943 1944/2148/1944 1955/2159/1955
f 1955/2159/1955 1944/2148/1944 1945/2149/1945 1956/2160/1956
f 1956/2160/1956 1945/2149/1945 1946/2150/1946 1957/2161/1957
f 1957/2161/1957 1946/2150/1946 1947/2151/1947 1958/2162/1958
f 1947/2151/1947 1948/2152/1948 1959/2163/1959 1958/2162/1958
f 1960/2164/1960 1949/2153/1949 1950/2154/1950 1961/2165/1961
f 1961/2165/1961 1950/2154/1950 1951/2155/1951 1962/2166/1962
f 1962/2166/1962 1951/2155/1951 1952/2156/1952 1963/2167/1963
f 1963/2167/1963 1952/2156/1952 1953/2157/1953 1964/2168/1964
f 1877/2081/1877 1954/2158/1954 1965/2169/1965 1878/2082/1878
f 1965/2169/1965 1954/2158/1954 1955/2159/1955 1966/2170/1966
f 1966/2170/1966 1955/2159/1955 1956/2160/1956 1967/2171/1967
f 1967/2171/1967 1956/2160/1956 1957/2161/1957 1968/2172/1968
f 1968/2172/1968 1957/2161/1957 1958/2162/1958 1969/2173/1969
f 1958/2162/1958 1959/2163/1959 1970/2174/1970 1969/2173/1969
f 1971/2175/1971 1960/2164/1960 1961/2165/1961 1972/2176/1972
f 1972/2176/1972 1961/2165/1961 1962/2166/1962 1973/2177/1973
f 1973/2177/1973 1962/2166/1962 1963/2167/1963 1974/2178/1974
f 1974/2178/1974 1963/2167/1963 1964/2168/1964 1975/2179/1975
f 1976/2180/1976 1977/2181/1977 1964/2168/1964 1953/2157/1953
f 1978/2182/1978 1976/2180/1976 1953/2157/1953 1942/2146/1942
f 1979/2183/1979 1978/2182/1978 1942/2146/1942 1931/2135/1931
f 1979/2183/1979 1931/2135/1931 1920/2124/1920 1980/2184/1980
f 1980/2184/1980 1920/2124/1920 1909/2113/1909 1981/2185/1981
f 1982/2186/1982 1981/2185/1981 1909/2113/1909 1908/2112/1908
f 1983/2187/1983 1908/2112/1908 1907/2111/1907 1984/2188/1984
f 1984/2188/1984 1907/2111/1907 1904/2108/1904 1985/2189/1985
f 1985/2189/1985 1904/2108/1904 1901/2105/1901 1986/2190/1986
f 1986/2190/1986 1901/2105/1901 1900/2104/1900 1987/2191/1987
f 1987/2191/1987 1900/2104/1900 1899/2103/1899 1988/2192/1988
f 1988/2192/1988 1899/2103/1899 1897/2101/1897 1989/2193/1989
f 1897/2101/1897 1895/2099/1895 1990/2194/1990 1989/2193/1989
f 1990/2194/1990 1895/2099/1895 1893/2097/1893 1991/2195/1991
f 1991/2195/1991 1893/2097/1893 1890/2094/1890 1992/2196/1992
f 1992/2196/1992 1890/2094/1890 1888/2092/1888 1993/2197/1993
f 1994/2198/1994 1993/2197/1993 1888/2092/1888 1884/2088/1884
f 1994/2198/1994 1884/2088/1884 1843/2047/1843 1885/2089/1885
f 1995/2199/1995 1996/2200/1996 1997/2201/1997 1998/2202/1998
f 1999/2203/1999 2000/2204/2000 2001/2205/2001 2002/2206/2002
f 2003/2207/2003 1999/2203/1999 2002/2206/2002 2004/2208/2004
f 2005/2209/2005 2003/2207/2003 2004/2208/2004 2006/2210/2006
f 2007/2211/2007 2005/2209/2005 2006/2210/2006 2008/2212/2008
f 2009/2213/2009 2010/2214/2010 2011/2215/2011 2012/2216/2012
f 2013/2217/2013 2014/2218/2014 1998/2202/1998 1997/2201/1997
f 2015/2219/2015 2016/2220/2016 2000/2204/2000 1999/2203/1999
f 2017/2221/2017 2015/2219/2015 1999/2203/1999 2003/2207/2003
f 2018/2222/2018 2017/2221/2017 2003/2207/2003 2005/2209/2005
f 2019/2223/2019 2018/2222/2018 2005/2209/2005 2007/2211/2007
f 2020/2224/2020 2021/2225/2021 2010/2214/2010 2009/2213/2009
f 2022/2226/2022 2023/2227/2023 2014/2218/2014 2013/2217/2013
f 2024/2228/2024 2025/2229/2025 2016/2220/2016 2015/2219/2015
f 2026/2230/2026 2024/2228/2024 2015/2219/2015 2017/2221/2017
f 2027/2231/2027 2026/2230/2026 2017/2221/2017 2018/2222/2018
f 2028/2232/2028 2027/2231/2027 2018/2222/2018 2019/2223/2019
f 2029/2233/2029 2030/2234/2030 2021/2225/2021 2020/2224/2020
f 2031/2235/2031 2032/2236/2032 2023/2227/2023 2022/2226/2022
f 2033/2237/2033 2034/2238/2034 2025/2229/2025 2024/2228/2024
f 2035/2239/2035 2033/2237/2033 2024/2228/2024 2026/2230/2026
f 2036/2240/2036 2035/2239/2035 2026/2230/2026 2027/2231/2027
f 2037/2241/2037 2036/2240/2036 2027/2231/2027 2028/2232/2028
f 2038/2242/2038 2039/2243/2039 2030/2234/2030 2029/2233/2029
f 2040/2244/2040 2041/2245/2041 2032/2236/2032 2031/2235/2031
f 2042/2246/2042 2043/2247/2043 2034/2238/2034 2033/2237/2033
f 2044/2248/2044 2042/2246/2042 2033/2237/2033 2035/2239/2035
f 2045/2249/2045 2044/2248/2044 2035/2239/2035 2036/2240/2036
f 2046/2250/2046 2045/2249/2045 2036/2240/2036 2037/2241/2037
f 2047/2251/2047 2048/2252/2048 2039/2243/2039 2038/2242/2038
f 2049/2253/2049 2050/2254/2050 2043/2247/2043 2042/2246/2042
f 2051/2255/2051 2049/2253/2049 2042/2246/2042 2044/2248/2044
f 2052/2256/2052 2051/2255/2051 2044/2248/2044 2045/2249/2045
f 2053/2257/2053 2054/2258/2054 2055/2259/2055 2056/2260/2056
f 1995/2199/1995 1998/2202/1998 2057/2261/2057 2058/2262/2058
f 2057/2261/2057 1998/2202/1998 2014/2218/2014 2059/2263/2059
f 2059/2263/2059 2014/2218/2014 2023/2227/2023 2060/2264/2060
f 2061/2265/2061 2062/2266/2062 2063/2267/2063 2060/2264/2060
f 2064/2268/2064 2065/2269/2065 2062/2266/2062 2061/2265/2061
f 2066/2270/2066 2067/2271/2067 2050/2254/2050 2049/2253/2049
f 2068/2272/2068 2066/2270/2066 2049/2253/2049 2051/2255/2051
f 2069/2273/2069 2068/2272/2068 2051/2255/2051 2052/2256/2052
f 2070/2274/2070 2071/2275/2071 2072/2276/2072 2073/2277/2073
f 2073/2277/2073 2072/2276/2072 2074/2278/2074 2075/2279/2075
f 2075/2279/2075 2074/2278/2074 2076/2280/2076 2077/2281/2077
f 2078/2282/2078 2079/2283/2079 2080/2284/2080 2081/2285/2081
f 2082/2286/2082 2083/2287/2083 2084/2288/2084 2085/2289/2085
f 2085/2289/2085 2084/2288/2084 2086/2290/2086 2087/2291/2087
f 2068/2272/2068 2069/2273/2069 2088/2292/2088 2089/2293/2089
f 2090/2294/2090 2082/2286/2082 2085/2289/2085 2091/2295/2091
f 2091/2295/2091 2085/2289/2085 2087/2291/2087 2092/2296/2092
f 2066/2270/2066 2068/2272/2068 2089/2293/2089 2093/2297/2093
f 2094/2298/2094 2090/2294/2090 2091/2295/2091 2095/2299/2095
f 2095/2299/2095 2091/2295/2091 2092/2296/2092 2096/2300/2096
f 2067/2271/2067 2066/2270/2066 2093/2297/2093 2097/2301/2097
f 2098/2302/2098 2094/2298/2094 2095/2299/2095 2099/2303/2099
f 2099/2303/2099 2095/2299/2095 2096/2300/2096 2100/2304/2100
f 2101/2305/2101 2067/2271/2067 2097/2301/2097 2102/2306/2102
f 1887/2091/1887 2098/2302/2098 2099/2303/2099 1886/2090/1886
f 1886/2090/1886 2099/2303/2099 2100/2304/2100 1885/2089/1885
f 1994/2198/1994 1885/2089/1885 2100/2304/2100 2103/2307/2103
f 2103/2307/2103 2100/2304/2100 2096/2300/2096 2104/2308/2104
f 2104/2308/2104 2096/2300/2096 2092/2296/2092 2105/2309/2105
f 2105/2309/2105 2092/2296/2092 2087/2291/2087 2106/2310/2106
f 2106/2310/2106 2087/2291/2087 2086/2290/2086 2107/2311/2107
f 2108/2312/2108 2109/2313/2109 2086/2290/2086 2084/2288/2084
f 2084/2288/2084 2083/2287/2083 2110/2314/2110 2108/2312/2108
f 2081/2285/2081 2111/2315/2111 2110/2314/2110 2083/2287/2083
f 2081/2285/2081 2080/2284/2080 2112/2316/2112 2111/2315/2111
f 2113/2317/2113 2114/2318/2114 2115/2319/2115 2116/2320/2116
f 2116/2320/2116 2115/2319/2115 2117/2321/2117 2118/2322/2118
f 2118/2322/2118 2117/2321/2117 2119/2323/2119 2120/2324/2120
f 2119/2323/2119 2121/2325/2121 2122/2326/2122 2120/2324/2120
f 2123/2327/2123 2113/2317/2113 2116/2320/2116 2124/2328/2124
f 2124/2328/2124 2116/2320/2116 2118/2322/2118 2125/2329/2125
f 2125/2329/2125 2118/2322/2118 2120/2324/2120 2126/2330/2126
f 2120/2324/2120 2122/2326/2122 2127/2331/2127 2126/2330/2126
f 2128/2332/2128 2123/2333/2123 2124/2334/2124 2129/2335/2129
f 2129/2335/2129 2124/2334/2124 2125/2336/2125 2130/2337/2130
f 2130/2337/2130 2125/2336/2125 2126/2338/2126 2131/2339/2131
f 2126/2338/2126 2127/2340/2127 2132/2341/2132 2131/2339/2131
f 2133/2342/2133 2128/2332/2128 2129/2335/2129 2134/2343/2134
f 2134/2343/2134 2129/2335/2129 2130/2337/2130 2135/2344/2135
f 2135/2344/2135 2130/2337/2130 2131/2339/2131 2136/2345/2136
f 2131/2339/2131 2132/2341/2132 2137/2346/2137 2136/2345/2136
f 1876/2080/1876 2133/2342/2133 2134/2343/2134 1875/2079/1875
f 1875/2079/1875 2134/2343/2134 2135/2344/2135 1874/2078/1874
f 1874/2078/1874 2135/2344/2135 2136/2345/2136 1872/2076/1872
f 2136/2345/2136 2137/2346/2137 1873/2077/1873 1872/2076/1872
f 2138/2347/2138 2139/2348/2139 2114/2318/2114 2113/2317/2113
f 2138/2347/2138 2113/2317/2113 2123/2327/2123 2140/2349/2140
f 2140/2350/2140 2123/2333/2123 2128/2332/2128 2141/2351/2141
f 2141/2351/2141 2128/2332/2128 2133/2342/2133 2142/2352/2142
f 2142/2352/2142 2133/2342/2133 1876/2080/1876 1878/2082/1878
f 2143/2353/2143 2144/2354/2144 2121/2325/2121 2119/2323/2119
f 2119/2323/2119 2117/2321/2117 2145/2355/2145 2143/2353/2143
f 2117/2321/2117 2115/2319/2115 2146/2356/2146 2145/2355/2145
f 2147/2357/2147 2146/2356/2146 2115/2319/2115 2114/2318/2114
f 2148/2358/2148 2147/2357/2147 2114/2318/2114 2139/2348/2139
f 1878/2082/1878 1965/2169/1965 2149/2359/2149 2142/2352/2142
f 2149/2359/2149 1965/2169/1965 1966/2170/1966 2150/2360/2150
f 2150/2360/2150 1966/2170/1966 1967/2171/1967 2151/2361/2151
f 2151/2361/2151 1967/2171/1967 1968/2172/1968 2152/2362/2152
f 2152/2362/2152 1968/2172/1968 1969/2173/1969 2153/2363/2153
f 2153/2363/2153 1969/2173/1969 1970/2174/1970 2154/2364/2154
f 2155/2365/2155 1971/2175/1971 1972/2176/1972 2156/2366/2156
f 2156/2366/2156 1972/2176/1972 1973/2177/1973 2157/2367/2157
f 2157/2367/2157 1973/2177/1973 1974/2178/1974 2158/2368/2158
f 2158/2368/2158 1974/2178/1974 1975/2179/1975 2159/2369/2159
f 2142/2352/2142 2149/2359/2149 2160/2370/2160 2141/2351/2141
f 2160/2370/2160 2149/2359/2149 2150/2360/2150 2161/2371/2161
f 2161/2371/2161 2150/2360/2150 2151/2361/2151 2162/2372/2162
f 2162/2372/2162 2151/2361/2151 2152/2362/2152 2163/2373/2163
f 2163/2373/2163 2152/2362/2152 2153/2363/2153 2164/2374/2164
f 2153/2363/2153 2154/2364/2154 2165/2375/2165 2164/2374/2164
f 2166/2376/2166 2155/2365/2155 2156/2366/2156 2167/2377/2167
f 2167/2377/2167 2156/2366/2156 2157/2367/2157 2168/2378/2168
f 2168/2378/2168 2157/2367/2157 2158/2368/2158 2169/2379/2169
f 2169/2379/2169 2158/2368/2158 2159/2369/2159 2170/2380/2170
f 2141/2351/2141 2160/2370/2160 2171/2381/2171 2140/2350/2140
f 2171/2381/2171 2160/2370/2160 2161/2371/2161 2172/2382/2172
f 2172/2382/2172 2161/2371/2161 2162/2372/2162 2173/2383/2173
f 2173/2383/2173 2162/2372/2162 2163/2373/2163 2174/2384/2174
f 2174/2384/2174 2163/2373/2163 2164/2374/2164 2175/2385/2175
f 2164/2374/2164 2165/2375/2165 2176/2386/2176 2175/2385/2175
f 2177/2387/2177 2166/2376/2166 2167/2377/2167 2178/2388/2178
f 2178/2388/2178 2167/2377/2167 2168/2378/2168 2179/2389/2179
f 2179/2389/2179 2168/2378/2168 2169/2379/2169 2180/2390/2180
f 2180/2390/2180 2169/2379/2169 2170/2380/2170 2181/2391/2181
f 2140/2349/2140 2171/2392/2171 2182/2393/2182 2138/2347/2138
f 2182/2393/2182 2171/2392/2171 2172/2394/2172 2183/2395/2183
f 2183/2395/2183 2172/2394/2172 2173/2396/2173 2184/2397/2184
f 2184/2397/2184 2173/2396/2173 2174/2398/2174 2185/2399/2185
f 2185/2399/2185 2174/2398/2174 2175/2400/2175 2186/2401/2186
f 2175/2400/2175 2176/2402/2176 2187/2403/2187 2186/2401/2186
f 2188/2404/2188 2177/2405/2177 2178/2406/2178 2189/2407/2189
f 2189/2407/2189 2178/2406/2178 2179/2408/2179 2190/2409/2190
f 2190/2409/2190 2179/2408/2179 2180/2410/2180 2191/2411/2191
f 2191/2411/2191 2180/2410/2180 2181/2412/2181 2192/2413/2192
f 2138/2347/2138 2182/2393/2182 2193/2414/2193 2139/2348/2139
f 2193/2414/2193 2182/2393/2182 2183/2395/2183 2194/2415/2194
f 2194/2415/2194 2183/2395/2183 2184/2397/2184 2195/2416/2195
f 2195/2416/2195 2184/2397/2184 2185/2399/2185 2196/2417/2196
f 2196/2417/2196 2185/2399/2185 2186/2401/2186 2197/2418/2197
f 2186/2401/2186 2187/2403/2187 2198/2419/2198 2197/2418/2197
f 2199/2420/2199 2188/2404/2188 2189/2407/2189 2200/2421/2200
f 2200/2421/2200 2189/2407/2189 2190/2409/2190 2201/2422/2201
f 2201/2422/2201 2190/2409/2190 2191/2411/2191 2202/2423/2202
f 2202/2423/2202 2191/2411/2191 2192/2413/2192 2203/2424/2203
f 2139/2348/2139 2193/2414/2193 2204/2425/2204 2148/2358/2148
f 2204/2425/2204 2193/2414/2193 2194/2415/2194 2205/2426/2205
f 2205/2426/2205 2194/2415/2194 2195/2416/2195 2206/2427/2206
f 2206/2427/2206 2195/2416/2195 2196/2417/2196 2207/2428/2207
f 2207/2428/2207 2196/2417/2196 2197/2418/2197 2208/2429/2208
f 2197/2418/2197 2198/2419/2198 2209/2430/2209 2208/2429/2208
f 2210/2431/2210 2199/2420/2199 2200/2421/2200 2211/2432/2211
f 2211/2432/2211 2200/2421/2200 2201/2422/2201 2212/2433/2212
f 2212/2433/2212 2201/2422/2201 2202/2423/2202 2213/2434/2213
f 2213/2434/2213 2202/2423/2202 2203/2424/2203 2214/2435/2214
f 2203/2424/2203 2215/2436/2215 2216/2437/2216 2214/2435/2214
f 2215/2436/2215 2203/2424/2203 2192/2413/2192 2217/2438/2217
f 2218/2439/2218 2217/2438/2217 2192/2413/2192 2181/2412/2181
f 2219/2440/2219 2218/2441/2218 2181/2391/2181 2170/2380/2170
f 2220/2442/2220 2219/2440/2219 2170/2380/2170 2159/2369/2159
f 2221/2443/2221 2220/2442/2220 2159/2369/2159 1975/2179/1975
f 1977/2181/1977 2221/2443/2221 1975/2179/1975 1964/2168/1964
f 2107/2311/2107 2222/2444/2222 2223/2445/2223 2106/2310/2106
f 2223/2445/2223 2222/2444/2222 2224/2446/2224 2225/2447/2225
f 2225/2447/2225 2224/2446/2224 2226/2448/2226 2227/2449/2227
f 2227/2449/2227 2226/2448/2226 2228/2450/2228 2229/2451/2229
f 2230/2452/2230 2231/2453/2231 2232/2454/2232 2233/2455/2233
f 2233/2455/2233 2232/2454/2232 2234/2456/2234 2235/2457/2235
f 2235/2457/2235 2234/2456/2234 2236/2458/2236 2237/2459/2237
f 2237/2459/2237 2236/2458/2236 2238/2460/2238 2239/2461/2239
f 2239/2461/2239 2238/2460/2238 2240/2462/2240 2241/2463/2241
f 2241/2463/2241 2240/2462/2240 2242/2464/2242 2243/2465/2243
f 2106/2310/2106 2223/2445/2223 2244/2466/2244 2105/2309/2105
f 2244/2466/2244 2223/2445/2223 2225/2447/2225 2245/2467/2245
f 2245/2467/2245 2225/2447/2225 2227/2449/2227 2246/2468/2246
f 2246/2468/2246 2227/2449/2227 2229/2451/2229 2247/2469/2247
f 2248/2470/2248 2230/2452/2230 2233/2455/2233 2249/2471/2249
f 2249/2471/2249 2233/2455/2233 2235/2457/2235 2250/2472/2250
f 2250/2472/2250 2235/2457/2235 2237/2459/2237 2251/2473/2251
f 2251/2473/2251 2237/2459/2237 2239/2461/2239 2252/2474/2252
f 2252/2474/2252 2239/2461/2239 2241/2463/2241 2253/2475/2253
f 2253/2475/2253 2241/2463/2241 2243/2465/2243 2254/2476/2254
f 2105/2309/2105 2244/2466/2244 2255/2477/2255 2104/2308/2104
f 2255/2477/2255 2244/2466/2244 2245/2467/2245 2256/2478/2256
f 2256/2478/2256 2245/2467/2245 2246/2468/2246 2257/2479/2257
f 2257/2479/2257 2246/2468/2246 2247/2469/2247 2258/2480/2258
f 2259/2481/2259 2248/2470/2248 2249/2471/2249 2260/2482/2260
f 2260/2482/2260 2249/2471/2249 2250/2472/2250 2261/2483/2261
f 2261/2483/2261 2250/2472/2250 2251/2473/2251 2262/2484/2262
f 2262/2484/2262 2251/2473/2251 2252/2474/2252 2263/2485/2263
f 2263/2485/2263 2252/2474/2252 2253/2475/2253 2264/2486/2264
f 2264/2486/2264 2253/2475/2253 2254/2476/2254 2265/2487/2265
f 2104/2308/2104 2255/2477/2255 2266/2488/2266 2103/2307/2103
f 2266/2488/2266 2255/2477/2255 2256/2478/2256 2267/2489/2267
f 2267/2489/2267 2256/2478/2256 2257/2479/2257 2268/2490/2268
f 2268/2490/2268 2257/2479/2257 2258/2480/2258 2269/2491/2269
f 2270/2492/2270 2259/2481/2259 2260/2482/2260 2271/2493/2271
f 2271/2493/2271 2260/2482/2260 2261/2483/2261 2272/2494/2272
f 2272/2494/2272 2261/2483/2261 2262/2484/2262 2273/2495/2273
f 2273/2495/2273 2262/2484/2262 2263/2485/2263 2274/2496/2274
f 2274/2496/2274 2263/2485/2263 2264/2486/2264 2275/2497/2275
f 2275/2497/2275 2264/2486/2264 2265/2487/2265 2276/2498/2276
f 2103/2307/2103 2266/2488/2266 1993/2197/1993 1994/2198/1994
f 1993/2197/1993 2266/2488/2266 2267/2489/2267 1992/2196/1992
f 1992/2196/1992 2267/2489/2267 2268/2490/2268 1991/2195/1991
f 1991/2195/1991 2268/2490/2268 2269/2491/2269 1990/2194/1990
f 1989/2193/1989 2270/2492/2270 2271/2493/2271 1988/2192/1988
f 1988/2192/1988 2271/2493/2271 2272/2494/2272 1987/2191/1987
f 1987/2191/1987 2272/2494/2272 2273/2495/2273 1986/2190/1986
f 1986/2190/1986 2273/2495/2273 2274/2496/2274 1985/2189/1985
f 1985/2189/1985 2274/2496/2274 2275/2497/2275 1984/2188/1984
f 1984/2188/1984 2275/2497/2275 2276/2498/2276 1983/2187/1983
f 1983/2187/1983 2277/2499/2277 1982/2186/1982 1908/2112/1908
f 2277/2499/2277 1983/2187/1983 2276/2498/2276 2278/2500/2278
f 2278/2500/2278 2276/2498/2276 2265/2487/2265 2279/2501/2279
f 2279/2501/2279 2265/2487/2265 2254/2476/2254 2280/2502/2280
f 2280/2502/2280 2254/2476/2254 2243/2465/2243 2281/2503/2281
f 2281/2503/2281 2243/2465/2243 2242/2464/2242 2282/2504/2282
f 2283/2505/2283 2282/2504/2282 2242/2464/2242 2284/2506/2284
f 2242/2464/2242 2240/2462/2240 2285/2507/2285 2284/2506/2284
f 2240/2462/2240 2238/2460/2238 2286/2508/2286 2285/2507/2285
f 2287/2509/2287 2286/2508/2286 2238/2460/2238 2236/2458/2236
f 2236/2458/2236 2234/2456/2234 2288/2510/2288 2287/2509/2287
f 2289/2511/2289 2290/2512/2290 2232/2454/2232 2231/2453/2231
f 2226/2448/2226 2291/2513/2291 2292/2514/2292 2228/2450/2228
f 2293/2515/2293 2291/2513/2291 2226/2448/2226 2224/2446/2224
f 2294/2516/2294 2293/2515/2293 2224/2446/2224 2222/2444/2222
f 2295/2517/2295 2294/2516/2294 2222/2444/2222 2107/2311/2107
f 2109/2313/2109 2295/2517/2295 2107/2311/2107 2086/2290/2086
f 2296/2518/2296 2297/2519/2297 1982/2520/1982 2277/2521/2277
f 2298/2522/2298 2299/2523/2299 2300/2524/2300 2301/2525/2301
f 2302/2526/2302 2298/2522/2298 2301/2525/2301 2303/2527/2303
f 2304/2528/2304 2302/2526/2302 2303/2527/2303 2305/2529/2305
f 2306/2530/2306 2304/2528/2304 2305/2529/2305 2307/2531/2307
f 2308/2532/2308 2309/2533/2309 2310/2534/2310 2283/2505/2283
f 2311/2535/2311 2312/2536/2312 2313/2537/2313 2314/2538/2314
f 2315/2539/2315 2316/2540/2316 2299/2523/2299 2298/2522/2298
f 2317/2541/2317 2315/2539/2315 2298/2522/2298 2302/2526/2302
f 2318/2542/2318 2317/2541/2317 2302/2526/2302 2304/2528/2304
f 2319/2543/2319 2318/2542/2318 2304/2528/2304 2306/2530/2306
f 2320/2544/2320 2321/2545/2321 2309/2533/2309 2308/2532/2308
f 2322/2546/2322 2323/2547/2323 2312/2536/2312 2311/2535/2311
f 2324/2548/2324 2325/2549/2325 2316/2540/2316 2315/2539/2315
f 2326/2550/2326 2324/2548/2324 2315/2539/2315 2317/2541/2317
f 2327/2551/2327 2326/2550/2326 2317/2541/2317 2318/2542/2318
f 2328/2552/2328 2327/2551/2327 2318/2542/2318 2319/2543/2319
f 2329/2553/2329 2330/2554/2330 2321/2545/2321 2320/2544/2320
f 2331/2555/2331 2332/2556/2332 2323/2547/2323 2322/2546/2322
f 2333/2557/2333 2334/2558/2334 2325/2549/2325 2324/2548/2324
f 2335/2559/2335 2333/2557/2333 2324/2548/2324 2326/2550/2326
f 2336/2560/2336 2335/2559/2335 2326/2550/2326 2327/2551/2327
f 2337/2561/2337 2336/2560/2336 2327/2551/2327 2328/2552/2328
f 2338/2562/2338 2339/2563/2339 2330/2554/2330 2329/2553/2329
f 2340/2564/2340 2341/2565/2341 2332/2556/2332 2331/2555/2331
f 2342/2566/2342 2343/2567/2343 2334/2558/2334 2333/2557/2333
f 2344/2568/2344 2342/2566/2342 2333/2557/2333 2335/2559/2335
f 2345/2569/2345 2344/2568/2344 2335/2559/2335 2336/2560/2336
f 2346/2570/2346 2345/2569/2345 2336/2560/2336 2337/2561/2337
f 2347/2571/2347 2348/2572/2348 2339/2563/2339 2338/2562/2338
f 2349/2573/2349 2350/2574/2350 2341/2565/2341 2340/2564/2340
f 2351/2575/2351 2352/2576/2352 2343/2567/2343 2342/2566/2342
f 2353/2577/2353 2351/2575/2351 2342/2566/2342 2344/2568/2344
f 2354/2578/2354 2353/2577/2353 2344/2568/2344 2345/2569/2345
f 2347/2571/2347 2216/2437/2216 2355/2579/2355 2348/2572/2348
f 1980/2580/1980 1981/2581/1981 2313/2537/2313 2312/2536/2312
f 1980/2580/1980 2312/2536/2312 2323/2547/2323 1979/2582/1979
f 1979/2582/1979 2323/2547/2323 2332/2556/2332 1978/2583/1978
f 1976/2584/1976 1978/2583/1978 2332/2556/2332 2341/2565/2341
f 2219/2585/2219 2220/2586/2220 2352/2576/2352 2351/2575/2351
f 2218/2587/2218 2219/2585/2219 2351/2575/2351 2353/2577/2353
f 2217/2588/2217 2218/2587/2218 2353/2577/2353 2354/2578/2354
f 2303/2527/2303 2280/2589/2280 2281/2503/2281 2305/2529/2305
f 2301/2525/2301 2279/2590/2279 2280/2589/2280 2303/2527/2303
f 2300/2524/2300 2278/2591/2278 2279/2590/2279 2301/2525/2301
f 2214/2435/2214 2356/2592/2356 2357/2593/2357 2213/2434/2213
f 2358/2594/2358 2357/2593/2357 2356/2592/2356 2359/2595/2359
f 2360/2596/2360 2358/2594/2358 2359/2595/2359 2361/2597/2361
f 2362/2598/2362 2360/2596/2360 2361/2597/2361 2363/2599/2363
f 2364/2600/2364 2362/2598/2362 2363/2599/2363 2365/2601/2365
f 2285/2507/2285 2364/2600/2364 2365/2601/2365 2284/2506/2284
f 2213/2434/2213 2357/2593/2357 2366/2602/2366 2212/2433/2212
f 2367/2603/2367 2366/2602/2366 2357/2593/2357 2358/2594/2358
f 2368/2604/2368 2367/2603/2367 2358/2594/2358 2360/2596/2360
f 2369/2605/2369 2368/2604/2368 2360/2596/2360 2362/2598/2362
f 2370/2606/2370 2369/2605/2369 2362/2598/2362 2364/2600/2364
f 2286/2508/2286 2370/2606/2370 2364/2600/2364 2285/2507/2285
f 2211/2432/2211 2212/2433/2212 2366/2602/2366 2371/2607/2371
f 2372/2608/2372 2371/2607/2371 2366/2602/2366 2367/2603/2367
f 2373/2609/2373 2372/2608/2372 2367/2603/2367 2368/2604/2368
f 2374/2610/2374 2373/2609/2373 2368/2604/2368 2369/2605/2369
f 2375/2611/2375 2374/2610/2374 2369/2605/2369 2370/2606/2370
f 2287/2509/2287 2375/2611/2375 2370/2606/2370 2286/2508/2286
f 2211/2432/2211 2371/2607/2371 2376/2612/2376 2210/2431/2210
f 2377/2613/2377 2376/2612/2376 2371/2607/2371 2372/2608/2372
f 2378/2614/2378 2377/2613/2377 2372/2608/2372 2373/2609/2373
f 2379/2615/2379 2378/2614/2378 2373/2609/2373 2374/2610/2374
f 2380/2616/2380 2379/2615/2379 2374/2610/2374 2375/2611/2375
f 2288/2510/2288 2380/2616/2380 2375/2611/2375 2287/2509/2287
f 2210/2431/2210 2376/2612/2376 2381/2617/2381 2209/2430/2209
f 2382/2618/2382 2381/2617/2381 2383/2619/2383 2384/2620/2384
f 2384/2620/2384 2383/2619/2383 2385/2621/2385 2386/2622/2386
f 2386/2622/2386 2385/2621/2385 2387/2623/2387 2388/2624/2388
f 2388/2624/2388 2387/2623/2387 2389/2625/2389 2390/2626/2390
f 2390/2626/2390 2389/2625/2389 2290/2512/2290 2289/2511/2289
f 2208/2429/2208 2382/2618/2382 2391/2627/2391 2207/2428/2207
f 2392/2628/2392 2391/2627/2391 2382/2618/2382 2384/2620/2384
f 2393/2629/2393 2392/2628/2392 2384/2620/2384 2386/2622/2386
f 2394/2630/2394 2393/2629/2393 2386/2622/2386 2388/2624/2388
f 2395/2631/2395 2394/2630/2394 2388/2624/2388 2390/2626/2390
f 2292/2514/2292 2395/2631/2395 2390/2626/2390 2289/2511/2289
f 2207/2428/2207 2391/2627/2391 2396/2632/2396 2206/2427/2206
f 2397/2633/2397 2396/2632/2396 2391/2627/2391 2392/2628/2392
f 2398/2634/2398 2397/2633/2397 2392/2628/2392 2393/2629/2393
f 2399/2635/2399 2398/2634/2398 2393/2629/2393 2394/2630/2394
f 2400/2636/2400 2399/2635/2399 2394/2630/2394 2395/2631/2395
f 2291/2513/2291 2400/2636/2400 2395/2631/2395 2292/2514/2292
f 2205/2426/2205 2206/2427/2206 2396/2632/2396 2401/2637/2401
f 2402/2638/2402 2401/2637/2401 2396/2632/2396 2397/2633/2397
f 2403/2639/2403 2402/2638/2402 2397/2633/2397 2398/2634/2398
f 2404/2640/2404 2403/2639/2403 2398/2634/2398 2399/2635/2399
f 2405/2641/2405 2404/2640/2404 2399/2635/2399 2400/2636/2400
f 2293/2515/2293 2405/2641/2405 2400/2636/2400 2291/2513/2291
f 2204/2425/2204 2205/2426/2205 2401/2637/2401 2406/2642/2406
f 2407/2643/2407 2406/2642/2406 2401/2637/2401 2402/2638/2402
f 2408/2644/2408 2407/2643/2407 2402/2638/2402 2403/2639/2403
f 2409/2645/2409 2408/2644/2408 2403/2639/2403 2404/2640/2404
f 2410/2646/2410 2409/2645/2409 2404/2640/2404 2405/2641/2405
f 2294/2516/2294 2410/2646/2410 2405/2641/2405 2293/2515/2293
f 2148/2358/2148 2204/2425/2204 2406/2642/2406 2411/2647/2411
f 2411/2647/2411 2406/2642/2406 2407/2643/2407 2412/2648/2412
f 2412/2648/2412 2407/2643/2407 2408/2644/2408 2413/2649/2413
f 2413/2649/2413 2408/2644/2408 2409/2645/2409 2414/2650/2414
f 2414/2650/2414 2409/2645/2409 2410/2646/2410 2415/2651/2415
f 2415/2651/2415 2410/2646/2410 2294/2516/2294 2295/2517/2295
f 2147/2357/2147 2148/2358/2148 2411/2647/2411 2416/2652/2416
f 2417/2653/2417 2416/2652/2416 2411/2647/2411 2412/2648/2412
f 2418/2654/2418 2417/2653/2417 2412/2648/2412 2413/2649/2413
f 2419/2655/2419 2418/2654/2418 2413/2649/2413 2414/2650/2414
f 2420/2656/2420 2419/2655/2419 2414/2650/2414 2415/2651/2415
f 2109/2313/2109 2420/2656/2420 2415/2651/2415 2295/2517/2295
f 2308/2532/2308 2283/2505/2283 2284/2506/2284 2365/2601/2365
f 2363/2599/2363 2320/2544/2320 2308/2532/2308 2365/2601/2365
f 2361/2597/2361 2329/2553/2329 2320/2544/2320 2363/2599/2363
f 2359/2595/2359 2338/2562/2338 2329/2553/2329 2361/2597/2361
f 2356/2592/2356 2347/2571/2347 2338/2562/2338 2359/2595/2359
f 2214/2435/2214 2216/2437/2216 2347/2571/2347 2356/2592/2356
f 2146/2356/2146 2147/2357/2147 2416/2652/2416 2421/2657/2421
f 2422/2658/2422 2421/2657/2421 2416/2652/2416 2417/2653/2417
f 2423/2659/2423 2422/2658/2422 2417/2653/2417 2418/2654/2418
f 2424/2660/2424 2423/2659/2423 2418/2654/2418 2419/2655/2419
f 2425/2661/2425 2424/2660/2424 2419/2655/2419 2420/2656/2420
f 2108/2312/2108 2425/2661/2425 2420/2656/2420 2109/2313/2109
f 2146/2356/2146 2421/2657/2421 2426/2662/2426 2145/2355/2145
f 2427/2663/2427 2426/2662/2426 2421/2657/2421 2422/2658/2422
f 2428/2664/2428 2427/2663/2427 2422/2658/2422 2423/2659/2423
f 2429/2665/2429 2428/2664/2428 2423/2659/2423 2424/2660/2424
f 2430/2666/2430 2429/2665/2429 2424/2660/2424 2425/2661/2425
f 2110/2314/2110 2430/2666/2430 2425/2661/2425 2108/2312/2108
f 2145/2355/2145 2426/2662/2426 2431/2667/2431 2143/2353/2143
f 2432/2668/2432 2431/2667/2431 2426/2662/2426 2427/2663/2427
f 2433/2669/2433 2432/2668/2432 2427/2663/2427 2428/2664/2428
f 2434/2670/2434 2433/2669/2433 2428/2664/2428 2429/2665/2429
f 2435/2671/2435 2434/2670/2434 2429/2665/2429 2430/2666/2430
f 2111/2315/2111 2435/2671/2435 2430/2666/2430 2110/2314/2110
f 2431/2667/2431 2436/2672/2436 2144/2354/2144 2143/2353/2143
f 2432/2668/2432 2437/2673/2437 2436/2672/2436 2431/2667/2431
f 2433/2669/2433 2438/2674/2438 2437/2673/2437 2432/2668/2432
f 2434/2670/2434 2439/2675/2439 2438/2674/2438 2433/2669/2433
f 2435/2671/2435 2440/2676/2440 2439/2675/2439 2434/2670/2434
f 2111/2315/2111 2112/2316/2112 2440/2676/2440 2435/2671/2435
f 2441/2677/2441 2442/2678/2442 2079/2283/2079 2078/2282/2078
f 2443/2679/2443 2444/2680/2444 2442/2678/2442 2441/2677/2441
f 2445/2681/2445 2446/2682/2446 2444/2680/2444 2443/2679/2443
f 2447/2683/2447 2448/2684/2448 2446/2682/2446 2445/2681/2445
f 2449/2685/2449 2450/2686/2450 2041/2245/2041 2040/2244/2040
f 2046/2250/2046 2048/2252/2048 2451/2687/2451 2452/2688/2452
f 2343/2567/2343 2352/2576/2352 2349/2573/2349 2340/2564/2340
f 2307/2531/2307 2305/2529/2305 2281/2503/2281 2282/2504/2282
f 2346/2570/2346 2348/2572/2348 2355/2579/2355 2453/2689/2453
f 2296/2518/2296 2277/2521/2277 2278/2591/2278 2300/2524/2300
f 2041/2245/2041 2450/2686/2450 2454/2690/2454 2064/2268/2064
f 2016/2220/2016 2013/2217/2013 1997/2201/1997 2000/2204/2000
f 2025/2229/2025 2022/2226/2022 2013/2217/2013 2016/2220/2016
f 2034/2238/2034 2031/2235/2031 2022/2226/2022 2025/2229/2025
f 2043/2247/2043 2040/2244/2040 2031/2235/2031 2034/2238/2034
f 2050/2254/2050 2449/2685/2449 2040/2244/2040 2043/2247/2043
f 2067/2271/2067 2101/2305/2101 2449/2685/2449 2050/2254/2050
f 2001/2205/2001 1996/2200/1996 2455/2691/2455 2076/2280/2076
f 2000/2204/2000 1997/2201/1997 1996/2200/1996 2001/2205/2001
f 1996/2200/1996 1995/2199/1995 2058/2262/2058 2455/2691/2455
f 2048/2252/2048 2046/2250/2046 2037/2241/2037 2039/2243/2039
f 2039/2243/2039 2037/2241/2037 2028/2232/2028 2030/2234/2030
f 2030/2234/2030 2028/2232/2028 2019/2223/2019 2021/2225/2021
f 2021/2225/2021 2019/2223/2019 2007/2211/2007 2010/2214/2010
f 2010/2214/2010 2007/2211/2007 2008/2212/2008 2011/2215/2011
f 2456/2692/2456 2457/2693/2457 2071/2275/2071 2070/2274/2070
f 2458/2694/2458 2012/2216/2012 2457/2693/2457 2456/2692/2456
f 2045/2249/2045 2046/2250/2046 2452/2688/2452 2052/2256/2052
f 2052/2256/2052 2452/2688/2452 2054/2258/2054 2069/2273/2069
f 2056/2260/2056 2055/2259/2055 2047/2251/2047 2459/2695/2459
f 2316/2540/2316 2311/2535/2311 2314/2538/2314 2299/2523/2299
f 2325/2549/2325 2322/2546/2322 2311/2535/2311 2316/2540/2316
f 2334/2558/2334 2331/2555/2331 2322/2546/2322 2325/2549/2325
f 2343/2567/2343 2340/2564/2340 2331/2555/2331 2334/2558/2334
f 2220/2586/2220 2221/2696/2221 2349/2573/2349 2352/2576/2352
f 2299/2523/2299 2314/2538/2314 2296/2518/2296 2300/2524/2300
f 1976/2584/1976 2341/2565/2341 2350/2574/2350 1977/2697/1977
f 2314/2538/2314 2313/2537/2313 2297/2519/2297 2296/2518/2296
f 2221/2696/2221 1977/2697/1977 2350/2574/2350 2349/2573/2349
f 1981/2581/1981 1982/2520/1982 2297/2519/2297 2313/2537/2313
f 2321/2545/2321 2319/2543/2319 2306/2530/2306 2309/2533/2309
f 2330/2554/2330 2328/2552/2328 2319/2543/2319 2321/2545/2321
f 2339/2563/2339 2337/2561/2337 2328/2552/2328 2330/2554/2330
f 2348/2572/2348 2346/2570/2346 2337/2561/2337 2339/2563/2339
f 2309/2533/2309 2306/2530/2306 2307/2531/2307 2310/2534/2310
f 2310/2534/2310 2307/2531/2307 2282/2504/2282 2283/2505/2283
f 2354/2578/2354 2453/2689/2453 2215/2436/2215 2217/2588/2217
f 2345/2569/2345 2346/2570/2346 2453/2689/2453 2354/2578/2354
f 2453/2689/2453 2355/2579/2355 2216/2437/2216 2215/2436/2215
f 2101/2305/2101 2102/2306/2102 2460/2698/2460 2454/2690/2454
f 2447/2683/2447 1887/2091/1887 1840/2044/1840 1839/2043/1839
f 2065/2269/2065 2064/2268/2064 2454/2690/2454 2460/2698/2460
f 2041/2245/2041 2064/2268/2064 2061/2265/2061 2032/2236/2032
f 2032/2236/2032 2061/2265/2061 2060/2264/2060 2023/2227/2023
f 2461/2699/2461 2059/2263/2059 2060/2264/2060 2063/2267/2063
f 2462/2700/2462 2057/2261/2057 2059/2263/2059 2461/2699/2461
f 2463/2701/2463 2058/2262/2058 2057/2261/2057 2462/2700/2462
f 2464/2702/2464 2455/2691/2455 2058/2262/2058 2463/2701/2463
f 2077/2281/2077 2076/2280/2076 2455/2691/2455 2464/2702/2464
f 2001/2205/2001 2076/2280/2076 2074/2278/2074 2002/2206/2002
f 2002/2206/2002 2074/2278/2074 2072/2276/2072 2004/2208/2004
f 2004/2208/2004 2072/2276/2072 2071/2275/2071 2006/2210/2006
f 2006/2210/2006 2071/2275/2071 2457/2693/2457 2008/2212/2008
f 2008/2212/2008 2457/2693/2457 2012/2216/2012 2011/2215/2011
f 2465/2703/2465 2009/2213/2009 2012/2216/2012 2458/2694/2458
f 2466/2704/2466 2020/2224/2020 2009/2213/2009 2465/2703/2465
f 2467/2705/2467 2029/2233/2029 2020/2224/2020 2466/2704/2466
f 2468/2706/2468 2038/2242/2038 2029/2233/2029 2467/2705/2467
f 2459/2695/2459 2047/2251/2047 2038/2242/2038 2468/2706/2468
f 2048/2252/2048 2047/2251/2047 2055/2259/2055 2451/2687/2451
f 2451/2687/2451 2055/2259/2055 2054/2258/2054 2452/2688/2452
f 2449/2685/2449 2101/2305/2101 2454/2690/2454 2450/2686/2450
f 2088/2292/2088 2069/2273/2069 2054/2258/2054 2053/2257/2053
f 2090/2294/2090 2441/2677/2441 2078/2282/2078 2082/2286/2082
f 2094/2298/2094 2443/2679/2443 2441/2677/2441 2090/2294/2090
f 2098/2302/2098 2445/2681/2445 2443/2679/2443 2094/2298/2094
f 1887/2091/1887 2447/2683/2447 2445/2681/2445 2098/2302/2098
f 2082/2286/2082 2078/2282/2078 2081/2285/2081 2083/2287/2083
f 1839/2043/1839 1866/2070/1866 2448/2684/2448 2447/2683/2447
f 2230/2452/2230 2229/2451/2229 2228/2450/2228 2231/2453/2231
f 2248/2470/2248 2247/2469/2247 2229/2451/2229 2230/2452/2230
f 2259/2481/2259 2258/2480/2258 2247/2469/2247 2248/2470/2248
f 2270/2492/2270 2269/2491/2269 2258/2480/2258 2259/2481/2259
f 1989/2193/1989 1990/2194/1990 2269/2491/2269 2270/2492/2270
f 2231/2453/2231 2228/2450/2228 2292/2514/2292 2289/2511/2289
f 1916/2120/1916 1915/2119/1915 1898/2102/1898 1903/2107/1903
f 1927/2131/1927 1926/2130/1926 1915/2119/1915 1916/2120/1916
f 1938/2142/1938 1937/2141/1937 1926/2130/1926 1927/2131/1927
f 1949/2153/1949 1948/2152/1948 1937/2141/1937 1938/2142/1938
f 1960/2164/1960 1959/2163/1959 1948/2152/1948 1949/2153/1949
f 1971/2175/1971 1970/2174/1970 1959/2163/1959 1960/2164/1960
f 2155/2365/2155 2154/2364/2154 1970/2174/1970 1971/2175/1971
f 2166/2376/2166 2165/2375/2165 2154/2364/2154 2155/2365/2155
f 2177/2387/2177 2176/2386/2176 2165/2375/2165 2166/2376/2166
f 2188/2404/2188 2187/2403/2187 2176/2402/2176 2177/2405/2177
f 2199/2420/2199 2198/2419/2198 2187/2403/2187 2188/2404/2188
f 2210/2431/2210 2209/2430/2209 2198/2419/2198 2199/2420/2199
f 2208/2429/2208 2209/2430/2209 2381/2617/2381 2382/2618/2382
f 2377/2613/2377 2383/2619/2383 2381/2617/2381 2376/2612/2376
f 2378/2614/2378 2385/2621/2385 2383/2619/2383 2377/2613/2377
f 2379/2615/2379 2387/2623/2387 2385/2621/2385 2378/2614/2378
f 2380/2616/2380 2389/2625/2389 2387/2623/2387 2379/2615/2379
f 2288/2510/2288 2290/2512/2290 2389/2625/2389 2380/2616/2380
f 1903/2107/1903 1898/2102/1898 1899/2103/1899 1900/2104/1900
f 2234/2456/2234 2232/2454/2232 2290/2512/2290 2288/2510/2288
f 2056/2260/2056 2459/2695/2459 2440/2707/2440 2112/2708/2112
f 2112/2708/2112 2080/2709/2080 2053/2257/2053 2056/2260/2056
f 2080/2709/2080 2079/2710/2079 2088/2292/2088 2053/2257/2053
f 2073/2277/2073 2075/2279/2075 2132/2711/2132 2127/2712/2127
f 2127/2712/2127 2122/2713/2122 2070/2274/2070 2073/2277/2073
f 2122/2713/2122 2121/2714/2121 2456/2692/2456 2070/2274/2070
f 2075/2279/2075 2077/2281/2077 2137/2715/2137 2132/2711/2132
f 2077/2281/2077 2464/2702/2464 1873/2716/1873 2137/2715/2137
f 2079/2710/2079 2442/2717/2442 2089/2293/2089 2088/2292/2088
f 2442/2717/2442 2444/2718/2444 2093/2297/2093 2089/2293/2089
f 2444/2718/2444 2446/2719/2446 2097/2301/2097 2093/2297/2093
f 2446/2719/2446 2448/2720/2448 2102/2306/2102 2097/2301/2097
f 2448/2720/2448 1866/2721/1866 2460/2698/2460 2102/2306/2102
f 2121/2714/2121 2144/2722/2144 2458/2694/2458 2456/2692/2456
f 2144/2722/2144 2436/2723/2436 2465/2703/2465 2458/2694/2458
f 2459/2695/2459 2468/2706/2468 2439/2724/2439 2440/2707/2440
f 1866/2721/1866 1865/2725/1865 2065/2269/2065 2460/2698/2460
f 2463/2701/2463 2462/2700/2462 1870/2726/1870 1871/2727/1871
f 1871/2727/1871 1873/2716/1873 2464/2702/2464 2463/2701/2463
f 2436/2723/2436 2437/2728/2437 2466/2704/2466 2465/2703/2465
f 2437/2728/2437 2438/2729/2438 2467/2705/2467 2466/2704/2466
f 2438/2729/2438 2439/2724/2439 2468/2706/2468 2467/2705/2467
f 1865/2725/1865 1867/2730/1867 2062/2266/2062 2065/2269/2065
f 1867/2730/1867 1868/2731/1868 2063/2267/2063 2062/2266/2062
f 1868/2731/1868 1869/2732/1869 2461/2699/2461 2063/2267/2063
f 1869/2732/1869 1870/2726/1870 2462/2700/2462 2461/2699/2461
