mtllib material.mtl
g default
v -11.696205 86.061005 0.408409
v -11.654393 86.759628 0.334761
v -12.034575 86.790970 0.371782
v -12.061754 86.079407 0.447152
v -11.641380 87.108582 0.299869
v -12.047922 87.266876 0.321747
v -11.639337 87.402161 0.274869
v -11.645625 87.734055 0.256415
v -12.075403 87.720963 0.291677
v -11.664315 88.174561 0.222019
v -12.128261 88.175888 0.266274
v -12.558403 86.810295 0.376232
v -12.553188 86.104202 0.471510
v -12.596949 87.275597 0.314416
v -12.657452 87.731125 0.265031
v -12.754512 88.179726 0.267559
v -13.084106 86.803665 0.426610
v -13.043923 86.116379 0.511823
v -13.152448 87.264244 0.369317
v -13.246993 87.709892 0.294208
v -13.373705 88.144081 0.318497
v -13.604490 86.742470 0.447582
v -13.532835 86.087364 0.499297
v -13.692940 87.183258 0.410589
v -13.813616 87.610283 0.367911
v -14.001841 88.034332 0.365423
v -11.730532 85.351532 0.482254
v -12.081844 85.374672 0.537351
v -12.554407 85.400085 0.577698
v -13.029822 85.415115 0.601672
v -13.489613 85.409210 0.545108
v -11.303630 87.761482 0.219922
v -11.287054 88.188904 0.171938
v -11.307251 87.422478 0.248267
v -11.321833 87.104080 0.258166
v -11.345665 86.751434 0.284667
v -11.406751 86.050461 0.334313
v -11.450563 85.330475 0.406523
v -10.530269 61.251190 2.379647
v -10.440052 60.759956 2.360703
v -10.117332 60.722290 2.361530
v -10.201822 61.212135 2.398939
v -10.374720 60.263741 2.340535
v -10.061681 60.228142 2.313494
v -10.325695 59.767532 2.297220
v -10.013251 59.733582 2.270147
v -10.291175 59.267639 2.265454
v -9.976373 59.238190 2.237391
v -10.258699 58.770187 2.235485
v -9.942751 58.742622 2.202419
v -10.225059 58.273087 2.233060
v -9.912239 58.246849 2.166126
v -10.189314 57.771511 2.219517
v -9.880291 57.749611 2.130100
v -9.804597 60.681625 2.283279
v -9.872532 61.171135 2.333970
v -9.751215 60.189651 2.238171
v -9.706365 59.698097 2.195143
v -9.672116 59.206810 2.150011
v -9.639558 58.713451 2.106975
v -9.608907 58.218807 2.063757
v -9.577894 57.722260 2.020510
v -9.507130 60.657722 2.157126
v -9.563967 61.160618 2.206089
v -9.456717 60.157509 2.114611
v -9.418051 59.674023 2.066722
v -9.383386 59.186729 2.022899
v -9.313311 58.189743 1.943995
v -9.348985 58.691727 1.982454
v -9.281754 57.688591 1.905746
v -9.281408 60.662598 2.032945
v -9.337980 61.185467 2.089964
v -9.247973 60.134239 1.995476
v -9.195621 59.662575 1.948121
v -9.168604 59.187019 1.914897
v -9.055461 57.655579 1.819540
v -9.095658 58.167698 1.848583
v -10.631762 61.753742 2.393646
v -10.291283 61.714920 2.444956
v -9.949511 61.673218 2.376695
v -9.621203 61.647820 2.252135
v -9.381352 61.636383 2.138121
v -9.088649 61.211838 1.942159
v -9.152084 61.660622 1.996676
v -9.038216 60.132980 1.881264
v -9.079851 60.684601 1.914036
v -9.017696 59.674751 1.851890
v -8.840242 57.619427 1.717444
v -8.895912 58.161327 1.747248
v -9.025326 57.140774 1.793763
v -8.788256 57.092445 1.702221
v -9.265627 57.172028 1.880353
v -9.545799 57.188366 1.977182
v -9.811721 57.198891 2.071552
v -10.037652 57.204933 2.169579
v -10.224368 57.213581 2.235013
v -10.679890 61.276333 2.351084
v -9.990937 56.919434 2.150208
v -9.771866 56.887985 2.050372
v -9.975738 56.652084 2.148201
v -9.760974 56.606079 2.041667
v -9.960544 56.388016 2.164855
v -9.761238 56.325344 2.039760
v -9.942914 56.094475 2.187609
v -9.757783 56.016037 2.041532
v -9.533941 56.852600 1.955142
v -9.534708 56.555843 1.939950
v -9.548464 56.264442 1.925219
v -9.547717 55.940155 1.926781
v -9.260950 56.807564 1.868387
v -9.258375 56.494625 1.861072
v -9.250934 56.182472 1.848835
v -9.241106 55.855553 1.827061
v -9.014869 56.749950 1.788699
v -9.024738 56.436607 1.794173
v -9.022429 56.118736 1.792404
v -9.018145 55.769310 1.763127
v -8.761264 56.665195 1.709642
v -8.828121 56.375122 1.743340
v -8.842844 56.064713 1.767256
v -8.853252 55.718864 1.774089
v -10.158673 56.453804 2.293702
v -10.128719 56.174908 2.336198
v -10.183079 56.703266 2.264828
v -10.201586 56.956017 2.263169
v -9.924911 55.803719 2.179038
v -9.740413 55.718941 2.043923
v -9.912916 55.610512 2.157950
v -9.731937 55.523766 2.021037
v -9.904575 55.417343 2.138427
v -9.731439 55.328827 1.994012
v -9.542126 55.631569 1.925904
v -9.540704 55.428524 1.900751
v -9.537921 55.225594 1.886834
v -9.312202 55.531456 1.829233
v -9.332755 55.321075 1.807632
v -9.342994 55.105858 1.766165
v -9.182673 55.481083 1.794479
v -9.190681 55.257645 1.776628
v -9.198025 55.035484 1.768217
v -9.033092 55.423912 1.761370
v -9.041347 55.196571 1.786639
v -9.056809 54.969185 1.789836
v -8.875950 55.371742 1.810513
v -8.893360 55.137333 1.810945
v -8.909940 54.901764 1.794229
v -9.062039 54.850189 1.828496
v -8.919559 54.776978 1.828864
v -9.202438 54.927742 1.826184
v -9.338854 55.003220 1.825215
v -9.526498 55.122513 1.907961
v -9.713061 55.229782 2.014475
v -9.881690 55.318863 2.150034
v -10.074989 55.496548 2.291922
v -10.047440 55.395668 2.306055
v -10.092134 55.690956 2.297955
v -10.104836 55.885365 2.325233
v -9.876692 55.034302 2.085587
v -9.840489 54.570091 1.989372
v -9.665656 54.502651 1.862147
v -9.698805 54.913769 1.949849
v -9.824669 54.333405 1.929190
v -9.795010 53.866699 1.692662
v -9.619516 53.812920 1.556300
v -9.650476 54.270771 1.798908
v -9.751852 53.404922 1.394747
v -9.589286 53.381676 1.265191
v -9.711397 53.025192 1.019655
v -9.547239 52.990540 0.917317
v -9.668266 52.707657 0.602277
v -9.503516 52.663177 0.523573
v -9.633364 52.497635 0.126809
v -9.457707 52.459145 0.064084
v -9.616985 52.425377 -0.324185
v -9.443901 52.382118 -0.374197
v -9.485020 54.405952 1.754850
v -9.511034 54.798241 1.847534
v -9.445964 53.710098 1.442062
v -9.476204 54.174995 1.681539
v -9.419188 53.291351 1.154269
v -9.379936 52.912117 0.813246
v -9.356047 52.585129 0.414910
v -9.290046 52.407326 -0.024279
v -9.287073 52.320915 -0.448464
v -9.303752 54.289959 1.673639
v -9.325577 54.644867 1.765020
v -9.214749 53.552872 1.355803
v -9.226975 54.006149 1.581242
v -9.196174 53.131088 1.055807
v -9.175000 52.757591 0.702132
v -9.148227 52.467766 0.290034
v -9.092619 52.281281 -0.138446
v -9.091890 52.202209 -0.565988
v -9.172919 54.209320 1.650258
v -9.188152 54.554485 1.755403
v -8.984215 54.073334 1.645295
v -9.057926 54.483780 1.755472
v -8.981890 53.368355 1.299751
v -8.978617 53.826584 1.558527
v -8.972065 52.954033 0.987581
v -8.970995 52.577774 0.625785
v -8.943446 52.315895 0.187991
v -8.894625 52.134903 -0.255014
v -8.883778 52.069916 -0.711978
v -9.877922 55.256485 2.142161
v -9.709238 55.165375 2.009013
v -9.524551 55.055740 1.903081
v -9.340273 54.936699 1.830434
v -9.204153 54.860802 1.829515
v -9.064346 54.784134 1.825141
v -8.923311 54.433754 1.755114
v -8.923841 54.712814 1.825470
v -8.924663 52.145752 -0.921248
v -9.076580 52.216003 -0.819853
v -9.278461 52.313484 -0.705302
v -9.436204 52.379440 -0.633448
v -9.608928 52.440697 -0.585938
v -9.799896 52.420242 -0.334800
v -9.885448 52.414047 -0.646224
v -9.813659 52.474075 0.157158
v -9.856981 52.685287 0.650561
v -9.885584 53.002716 1.112547
v -9.930132 53.390923 1.517269
v -9.969918 53.870987 1.813991
v -10.011846 54.366100 2.064821
v -10.059456 55.131035 2.239548
v -10.032646 54.613625 2.127688
v -10.044962 55.336369 2.299066
v -9.611811 52.574379 -0.933501
v -9.632710 52.790977 -1.028044
v -9.494237 52.697861 -1.086122
v -9.462737 52.487938 -0.980716
v -9.665701 53.024208 -1.081287
v -9.517358 52.933701 -1.145105
v -9.703882 53.259888 -1.208591
v -9.532536 53.152290 -1.240868
v -9.357467 52.623619 -1.163283
v -9.311291 52.420670 -1.046304
v -9.384539 52.856255 -1.234229
v -9.400402 53.074936 -1.328733
v -9.172130 52.558350 -1.275598
v -9.114179 52.351753 -1.153982
v -9.214188 52.783203 -1.374823
v -9.218673 53.019341 -1.459197
v -9.035767 52.518555 -1.371542
v -8.975298 52.304703 -1.252278
v -9.086792 52.741333 -1.487149
v -9.094495 52.981476 -1.576497
v -9.610866 52.463623 -0.863229
v -9.449002 52.379944 -0.902154
v -9.291122 52.310417 -0.969677
v -9.082745 52.235168 -1.081974
v -8.936060 52.187622 -1.178964
v -8.888499 52.277527 -1.324285
v -8.847122 52.156403 -1.255648
v -8.957743 52.490303 -1.448392
v -9.001223 52.721786 -1.562003
v -9.028248 52.955894 -1.669882
v -9.832607 53.066841 -1.067454
v -9.868305 53.239052 -1.172162
v -9.787531 52.861702 -0.998688
v -9.768342 52.648514 -0.940419
v -9.759492 52.547012 -0.886389
v -9.853569 53.386841 -1.376777
v -9.991727 53.523590 -1.568434
v -9.771297 53.583641 -1.525951
v -9.662371 53.394775 -1.372814
v -10.112332 53.692680 -1.746769
v -9.865613 53.761505 -1.696941
v -10.166299 53.813782 -1.905620
v -9.930796 53.953552 -1.869119
v -10.171665 53.896858 -2.016229
v -9.464739 53.579414 -1.552863
v -9.423749 53.336411 -1.439089
v -9.527706 53.799919 -1.692839
v -9.584248 54.003052 -1.849965
v -9.205254 53.521507 -1.687383
v -9.202501 53.280334 -1.571046
v -9.210478 53.758781 -1.806360
v -9.243349 53.986237 -1.938489
v -9.064207 53.446869 -1.859484
v -9.069197 53.232605 -1.706853
v -9.019293 53.690491 -1.959953
v -9.006882 53.941177 -2.053253
v -8.970182 53.100204 -1.803527
v -8.890367 53.309265 -1.976995
v -8.826975 53.558014 -2.117142
v -8.792605 53.829857 -2.228338
v -9.034584 54.200005 -2.171759
v -8.807839 54.120941 -2.343919
v -9.279718 54.224113 -2.074356
v -9.623445 54.217888 -2.010380
v -9.964618 54.152306 -2.046019
v -10.203476 54.003662 -2.102846
v -10.362309 53.701744 -2.186511
v -10.409914 53.837242 -2.268009
v -10.343269 53.607590 -2.056089
v -10.335304 53.559654 -1.909140
v -10.286082 53.492470 -1.771440
v -10.199484 53.424469 -1.658737
v -10.104664 53.359177 -1.550483
v -9.985275 53.294952 -1.362331
v -10.428944 57.161575 2.298007
v -10.740705 57.072876 2.316643
v -10.721272 56.861343 2.375803
v -10.414986 56.924255 2.331842
v -11.034537 56.981224 2.250245
v -10.993928 56.783615 2.338352
v -11.285190 56.884850 2.106630
v -11.261261 56.676430 2.224802
v -11.608692 56.804180 1.824059
v -11.570744 56.513016 2.007699
v -10.691286 56.652184 2.438154
v -10.404331 56.690735 2.371160
v -10.945845 56.587372 2.432379
v -11.212215 56.472893 2.351310
v -11.535755 56.294975 2.192444
v -10.666921 56.439774 2.491936
v -10.389921 56.459091 2.406581
v -10.907473 56.385040 2.515320
v -11.174323 56.263832 2.471420
v -11.502441 56.074108 2.372474
v -10.606428 56.204628 2.561900
v -10.358835 56.210495 2.453848
v -10.865877 56.155144 2.623725
v -11.137741 56.032825 2.620096
v -11.417721 55.848366 2.575275
v -11.681820 55.626797 2.476542
v -11.729753 55.908073 2.259140
v -11.759168 56.150604 2.046561
v -11.805645 56.418312 1.793831
v -10.203984 54.151497 -2.163841
v -10.207162 54.301128 -2.222003
v -9.974039 54.423409 -2.122122
v -10.211629 54.449852 -2.230500
v -10.194391 54.596340 -2.247422
v -9.954352 54.624268 -2.144944
v -10.226596 54.819363 -2.221971
v -9.952499 54.826496 -2.161334
v -10.257830 54.952011 -2.197555
v -10.299625 55.085991 -2.160002
v -9.993239 55.162182 -2.101492
v -9.968565 55.029724 -2.135725
v -10.364044 55.245918 -2.082985
v -10.011448 55.289257 -2.037113
v -9.625738 54.458824 -2.127543
v -9.599700 54.652557 -2.170924
v -9.580093 54.850128 -2.211746
v -9.559640 55.050663 -2.207991
v -9.545517 55.179268 -2.153734
v -9.290380 54.478172 -2.215085
v -9.264332 54.679520 -2.291743
v -9.227660 54.887840 -2.348066
v -9.165691 55.092583 -2.329712
v -9.111211 55.212933 -2.263258
v -9.048141 54.482475 -2.318418
v -9.030571 54.695251 -2.419742
v -8.980552 54.921337 -2.475565
v -8.922909 55.030491 -2.458067
v -8.823460 54.432240 -2.495241
v -8.826420 54.657967 -2.605224
v -8.807273 54.817520 -2.656131
v -8.749193 54.977695 -2.653273
v -9.064085 55.333420 -2.185242
v -9.527572 55.303600 -2.080220
v -10.370227 55.395706 -1.988139
v -9.993412 55.468021 -1.934583
v -10.577096 55.124908 -2.208454
v -10.659081 55.270931 -2.121295
v -10.376067 54.519291 -2.444561
v -10.382187 54.688953 -2.427500
v -10.402274 54.351845 -2.422833
v -10.413292 54.180496 -2.393006
v -10.419709 54.003860 -2.334102
v -10.344940 55.659481 -1.814587
v -9.977602 55.675362 -1.804999
v -10.348331 55.967213 -1.653821
v -9.974582 55.961922 -1.645579
v -10.434126 56.343895 -1.487010
v -10.003335 56.342812 -1.465172
v -10.455778 56.759628 -1.326737
v -10.016109 56.750355 -1.328440
v -9.517850 55.677292 -1.825449
v -9.521889 55.480850 -1.956790
v -9.518155 55.953438 -1.657139
v -9.531975 56.335655 -1.475131
v -9.575206 56.743393 -1.336027
v -9.067108 55.695312 -1.899461
v -9.060209 55.495430 -2.050620
v -9.066987 55.967400 -1.726679
v -9.084150 56.349342 -1.543950
v -9.134692 56.750046 -1.384277
v -8.717001 55.711300 -1.999844
v -8.689383 55.479401 -2.223211
v -8.722684 55.986012 -1.811587
v -8.761393 56.372311 -1.650988
v -8.816927 56.769096 -1.482038
v -8.475917 55.570068 -2.270337
v -8.494074 55.409248 -2.493579
v -8.482406 55.757439 -2.085134
v -8.502616 56.018913 -1.909849
v -8.555269 56.398201 -1.733942
v -8.653914 56.780640 -1.535944
v -8.837803 57.254456 -1.309881
v -9.230854 57.238861 -1.223901
v -9.658702 57.232067 -1.194848
v -10.088027 57.234673 -1.188849
v -10.515951 57.243568 -1.193107
v -10.563084 55.974289 -1.664926
v -10.613199 55.638752 -1.869665
v -10.583965 57.703171 -1.081882
v -10.173807 57.711842 -1.075981
v -10.616861 58.055519 -1.007557
v -10.226615 58.067204 -1.009532
v -9.761322 57.721226 -1.077737
v -9.830770 58.084496 -1.011915
v -9.349529 57.735554 -1.091394
v -9.435217 58.104202 -1.020321
v -8.939501 57.751999 -1.131056
v -9.039498 58.122871 -1.030162
v -10.657507 58.521965 -0.906128
v -10.708297 58.942039 -0.834084
v -10.368063 58.976006 -0.839853
v -10.298038 58.549774 -0.903374
v -10.752619 59.354797 -0.757829
v -10.452767 59.397533 -0.753452
v -10.837006 59.791054 -0.700096
v -10.530039 59.815025 -0.698629
v -10.852860 60.208138 -0.651965
v -10.590647 60.248238 -0.649558
v -10.883057 60.649681 -0.600392
v -10.648308 60.676960 -0.596160
v -10.897364 61.081947 -0.539139
v -10.695504 61.105453 -0.540568
v -11.047705 61.064243 -0.525098
v -11.026875 61.519119 -0.462407
v -10.880901 61.521362 -0.487668
v -10.005096 58.997543 -0.843332
v -9.922613 58.570824 -0.906860
v -10.093683 59.422775 -0.756486
v -10.178075 59.849998 -0.702098
v -10.255481 60.278595 -0.647583
v -10.325890 60.707195 -0.584589
v -10.389779 61.137238 -0.534644
v -10.730619 61.538528 -0.494080
v -10.442934 61.578163 -0.495207
v -9.643013 59.014618 -0.827203
v -9.546242 58.590343 -0.910549
v -9.731400 59.442490 -0.755975
v -9.817532 59.870758 -0.690530
v -9.899261 60.298290 -0.620702
v -9.966682 60.715748 -0.564898
v -10.028399 61.158466 -0.511049
v -10.082286 61.606037 -0.458454
v -9.283323 59.026276 -0.794892
v -9.170562 58.604824 -0.903650
v -9.371086 59.456169 -0.720949
v -9.459888 59.885124 -0.640705
v -9.606737 60.682213 -0.529632
v -9.538031 60.276299 -0.592355
v -9.719561 61.629135 -0.400809
v -9.663914 61.155579 -0.456985
v -9.545561 62.122402 -0.249629
v -9.443705 61.643562 -0.284230
v -9.802198 62.098160 -0.349057
v -10.130871 62.061615 -0.409886
v -10.490469 62.040920 -0.452532
v -10.799162 62.014427 -0.439913
v -11.166235 61.500694 -0.414197
v -11.154015 62.023678 -0.342202
v -10.999292 62.026222 -0.402270
v -11.181538 61.042213 -0.489959
v -11.049252 60.629753 -0.593532
v -11.188861 60.607712 -0.567233
v -11.041878 60.194740 -0.653226
v -11.194614 60.175407 -0.639791
v -11.045052 59.748775 -0.707704
v -12.334896 85.993080 -2.555420
v -11.738125 86.196518 -2.749123
v -11.381852 86.066170 -2.758273
v -11.828423 85.881393 -2.574590
v -11.245108 86.327927 -2.926976
v -10.982145 86.219597 -2.886873
v -10.902256 86.437218 -3.026928
v -10.711349 86.368629 -2.955552
v -11.107298 85.990730 -2.725908
v -11.476554 85.792496 -2.574722
v -10.768604 86.161537 -2.821167
v -10.883417 85.953323 -2.629984
v -11.185696 85.732567 -2.490683
v -10.587255 86.124809 -2.726116
v -10.524082 86.319145 -2.846099
v -10.343670 86.284271 -2.683056
v -10.706646 85.917839 -2.479481
v -10.940866 85.673721 -2.322929
v -10.454782 86.107513 -2.583272
v -10.625648 85.900002 -2.267880
v -10.797958 85.610275 -2.086922
v -10.391996 86.114426 -2.400061
v -10.234502 86.308662 -2.446438
v -10.528788 85.934937 -1.967829
v -10.749922 85.603645 -1.751535
v -10.304968 86.188683 -2.154445
v -10.178604 86.335243 -2.242442
v -12.935843 85.842041 -2.438770
v -12.594081 85.717575 -2.425556
v -12.196075 85.626350 -2.422222
v -11.817533 85.544960 -2.429164
v -11.438814 85.460762 -2.340651
v -11.100138 85.382065 -2.158901
v -10.919159 85.341743 -1.908569
v -10.868462 85.332481 -1.754513
v -10.826691 85.325432 -1.437533
v -10.781584 85.460503 -1.421983
v -10.774730 85.308334 -1.062464
v -10.119377 86.456505 -2.441561
v -10.079108 86.493752 -2.302505
v -10.239357 86.424904 -2.682835
v -10.411532 86.448006 -2.889241
v -10.735452 86.564430 -3.080407
v -10.577507 86.500862 -3.010204
v -11.071802 86.545067 -3.075749
v -10.905173 86.628723 -3.123799
v -11.447793 86.468376 -2.955794
v -12.028507 86.351555 -2.756975
v -12.597064 86.223114 -2.600486
v -10.648270 86.690521 -3.123296
v -10.582247 86.891182 -3.161721
v -10.427819 86.859879 -3.094869
v -10.498319 86.632698 -3.068847
v -10.511977 87.162788 -3.175253
v -10.363233 87.159653 -3.089613
v -10.469578 87.441780 -3.136244
v -10.331486 87.460587 -3.053511
v -10.468662 87.639534 -3.069592
v -10.350214 87.675133 -2.991847
v -10.237256 86.828117 -2.950723
v -10.328489 86.596054 -2.925693
v -10.175950 87.149910 -2.932332
v -10.159645 87.469872 -2.897024
v -10.186520 87.703880 -2.859155
v -10.046931 86.802643 -2.700891
v -10.143118 86.568192 -2.700201
v -9.972454 87.123611 -2.688581
v -9.956015 87.447426 -2.680199
v -10.003448 87.677162 -2.652865
v -9.924873 86.792015 -2.416184
v -10.029054 86.584801 -2.429380
v -9.848853 87.080635 -2.406159
v -9.822516 87.375481 -2.423921
v -9.854290 87.591637 -2.443015
v -9.995227 86.619499 -2.215643
v -9.905977 86.801140 -2.181742
v -9.829437 86.995010 -2.168296
v -9.784484 87.316856 -2.207580
v -9.795138 87.506874 -2.273915
v -9.910448 87.732010 -2.446839
v -9.818781 87.626114 -2.322294
v -10.070197 87.822174 -2.619981
v -10.240442 87.847008 -2.806160
v -10.399502 87.803711 -2.959210
v -10.517015 87.750008 -3.050938
v -10.589373 87.603714 -3.137990
v -10.583329 87.717003 -3.085276
v -10.610054 87.426476 -3.205744
v -10.676787 87.174698 -3.218055
v -10.746311 86.927368 -3.190047
v -10.820650 86.740807 -3.157287
v -10.598866 87.840416 -3.046596
v -10.825430 87.904663 -3.016252
v -10.643312 87.995834 -2.921782
v -10.480227 87.886261 -2.942786
v -11.294531 88.011246 -2.925670
v -11.089184 88.101631 -2.850573
v -11.635969 88.184830 -2.907400
v -11.378466 88.279015 -2.804999
v -10.456217 88.036919 -2.750576
v -10.309996 87.923286 -2.778584
v -10.893520 88.189270 -2.775598
v -11.129875 88.371849 -2.699606
v -10.707455 88.251770 -2.645492
v -10.906093 88.435455 -2.539860
v -10.268705 88.043915 -2.571568
v -10.147789 87.917099 -2.610930
v -10.456946 88.267677 -2.430591
v -10.567848 88.475998 -2.304728
v -10.127563 87.993141 -2.366950
v -10.005215 87.855949 -2.438470
v -10.260687 88.234329 -2.188844
v -10.293924 88.458443 -2.033277
v -10.066339 87.935509 -2.216151
v -9.936889 87.813820 -2.340538
v -10.186192 88.189774 -1.988347
v -10.203202 88.413696 -1.783998
v -9.896389 87.720413 -2.223109
v -10.048828 87.852066 -2.070983
v -10.191392 88.131752 -1.780951
v -10.235021 88.381111 -1.527268
v -10.181973 88.630112 -1.650993
v -10.206033 88.598572 -1.325586
v -10.275618 88.670898 -1.922633
v -10.534463 88.693817 -2.154853
v -10.678408 88.689758 -2.245726
v -10.997402 88.649803 -2.434794
v -11.257622 88.586838 -2.596473
v -11.613588 88.473671 -2.768991
v -11.911985 88.343018 -2.911613
v -11.857055 88.068970 -3.013353
v -12.136356 88.193367 -3.033753
v -11.503111 87.922928 -3.010909
v -11.021841 87.787254 -3.062730
v -10.757076 87.751457 -3.114585
v -11.821198 88.740150 -2.720146
v -11.347936 88.840981 -2.497611
v -11.906945 88.991623 -2.661968
v -11.396862 88.958252 -2.459073
v -11.487577 89.294724 -2.383171
v -11.382603 89.745819 -2.281289
v -10.885292 89.633751 -2.171127
v -10.977358 89.277367 -2.223898
v -11.286747 90.181198 -2.254510
v -10.800344 89.991501 -2.176288
v -11.038447 88.930946 -2.324938
v -10.708231 88.964935 -2.170340
v -10.612865 89.261513 -2.090353
v -10.527065 89.558029 -2.071644
v -10.454609 89.855125 -2.061337
v -10.447186 88.958710 -2.033540
v -10.384141 89.226616 -1.984503
v -10.314077 89.494301 -1.960608
v -10.242537 89.764679 -1.959500
v -10.258275 88.928734 -1.880511
v -10.211934 89.179993 -1.836588
v -10.154141 89.429008 -1.804317
v -10.079050 89.675140 -1.803537
v -10.150742 88.879456 -1.638235
v -10.105857 89.125366 -1.629392
v -10.031477 89.361565 -1.624713
v -9.963844 89.596863 -1.614451
v -10.130083 88.841240 -1.350191
v -10.065989 89.079758 -1.351350
v -9.978518 89.307846 -1.346073
v -9.874930 89.526451 -1.348735
v -11.695598 90.746124 -2.265117
v -11.182457 90.562813 -2.276599
v -11.743488 90.264030 -2.286932
v -11.855669 89.831284 -2.363590
v -11.960831 89.326508 -2.537097
v -10.942203 91.158676 -2.439128
v -10.929779 91.506683 -2.568710
v -10.630494 91.367134 -2.515225
v -11.086618 90.877792 -2.319126
v -10.560555 90.672272 -2.241447
v -10.692038 90.339310 -2.193929
v -10.378758 90.979050 -2.309220
v -10.334778 91.288124 -2.437469
v -10.020498 91.232590 -2.383497
v -10.166423 90.582764 -2.118838
v -10.320455 90.214485 -2.087665
v -9.945103 90.907669 -2.179085
v -9.717095 91.213364 -2.276828
v -9.945705 90.480705 -1.985653
v -10.113162 90.114594 -1.978730
v -9.728868 90.809265 -2.034572
v -9.473313 91.102386 -2.137044
v -9.750838 90.358055 -1.845141
v -9.942757 90.013885 -1.814484
v -9.534434 90.676163 -1.886549
v -9.278947 90.956970 -1.962033
v -9.632544 90.244865 -1.637692
v -9.812784 89.914276 -1.629245
v -9.419395 90.545601 -1.662730
v -9.169559 90.809303 -1.718690
v -9.731121 89.827766 -1.353078
v -9.554510 90.138863 -1.353939
v -9.355586 90.426323 -1.359521
v -9.115169 90.673615 -1.386405
v -8.872070 90.999405 -1.813123
v -8.831514 90.858223 -1.439787
v -8.980236 91.164886 -2.084202
v -9.186805 91.320084 -2.294476
v -9.445942 91.450569 -2.464339
v -9.779041 91.499390 -2.538325
v -10.120667 91.556107 -2.569740
v -10.458439 91.634216 -2.631551
v -10.777266 91.783333 -2.680528
v -11.286899 91.795265 -2.474412
v -11.174004 92.076790 -2.628728
v -11.423420 91.495415 -2.378902
v -11.564635 91.186768 -2.295116
v -10.650249 92.001595 -2.834889
v -10.296347 91.841896 -2.812638
v -10.566071 92.144478 -2.973751
v -10.183007 91.970009 -2.972600
v -10.470787 92.312035 -3.085503
v -10.089851 92.103554 -3.137447
v -9.914795 91.772606 -2.797512
v -9.780542 91.894508 -3.006714
v -9.645069 91.992874 -3.232053
v -9.521341 91.700836 -2.774898
v -9.357406 91.781921 -3.015952
v -9.202863 91.868835 -3.258300
v -9.165696 91.583496 -2.696349
v -8.986298 91.660461 -2.905398
v -8.806609 91.698647 -3.135965
v -8.900036 91.440811 -2.474517
v -8.703760 91.496376 -2.644797
v -8.524275 91.516449 -2.841104
v -8.700475 91.277069 -2.229012
v -8.495853 91.322311 -2.361275
v -8.296331 91.329765 -2.512268
v -8.592025 91.111488 -1.919874
v -8.376897 91.159279 -2.011386
v -8.170829 91.158661 -2.132270
v -8.549353 90.953072 -1.509743
v -8.334888 90.988770 -1.567317
v -8.117784 91.001549 -1.634316
v -8.052952 91.178185 -2.189992
v -7.994403 91.008202 -1.676033
v -8.181894 91.344193 -2.594561
v -8.410553 91.549057 -2.944677
v -8.699529 91.745720 -3.257394
v -9.103674 91.949821 -3.390554
v -9.565494 92.058327 -3.340517
v -10.028156 92.147911 -3.223237
v -10.424172 92.379295 -3.160178
v -10.912359 92.672615 -2.943684
v -10.890154 92.750122 -2.999112
v -10.973207 92.483948 -2.851732
v -11.053139 92.304581 -2.767642
v -11.645063 88.545631 0.206503
v -11.597553 88.859650 0.192302
v -12.012280 88.893661 0.274608
v -12.094947 88.550934 0.282210
v -11.511898 89.273552 0.140723
v -11.875662 89.342201 0.258743
v -11.379538 89.677650 0.120939
v -11.715468 89.798874 0.212770
v -11.222976 90.068893 0.124700
v -11.442772 90.165947 0.131810
v -11.656356 90.269478 0.215172
v -12.567194 88.955963 0.310287
v -12.701366 88.580750 0.283198
v -12.362291 89.465477 0.338753
v -12.061312 89.914078 0.287840
v -11.863556 90.388390 0.270308
v -12.267115 89.991760 0.357101
v -12.047544 90.501076 0.365907
v -13.183721 88.855408 0.350487
v -13.305515 88.571930 0.334950
v -13.064548 89.138359 0.374328
v -12.866272 89.559761 0.398505
v -12.597775 90.112427 0.445420
v -12.332462 90.682655 0.468719
v -13.749750 88.836037 0.389417
v -13.894018 88.507538 0.374060
v -13.577012 89.148705 0.474934
v -13.345110 89.639397 0.501593
v -13.026292 90.281067 0.575175
v -12.738276 90.774849 0.594562
v -11.067966 89.585976 0.034180
v -10.929794 89.941193 0.044850
v -11.179688 89.218826 0.058241
v -11.230704 88.845802 0.116271
v -11.259344 88.547623 0.133585
v -11.025842 90.363174 0.141461
v -10.812718 90.617584 0.172934
v -11.015975 90.753273 0.218611
v -11.244505 90.490250 0.148460
v -10.574708 90.887756 0.224312
v -10.777063 91.024193 0.289223
v -10.342569 91.122940 0.297908
v -10.597334 91.210655 0.363795
v -11.203732 90.883659 0.293507
v -11.445301 90.613266 0.226956
v -10.995790 91.119781 0.358584
v -10.858395 91.269920 0.421225
v -11.394774 90.999062 0.371916
v -11.625275 90.734772 0.312422
v -11.222599 91.198257 0.427060
v -11.108757 91.326920 0.480448
v -11.620806 91.080307 0.431866
v -11.818541 90.843475 0.392625
v -11.359480 91.390244 0.524039
v -11.468590 91.259750 0.477275
v -10.961716 91.511887 0.541883
v -10.902018 91.610733 0.537459
v -11.142850 91.705421 0.586406
v -11.210207 91.592690 0.588966
v -10.847107 91.706688 0.509725
v -11.071619 91.852242 0.553177
v -11.870127 91.151825 0.471745
v -12.053570 90.933907 0.443331
v -11.605015 91.465683 0.544237
v -11.724314 91.322296 0.504592
v -11.349461 91.845352 0.611865
v -11.437830 91.701866 0.612966
v -11.256903 92.004745 0.591420
v -12.118662 91.239922 0.517032
v -12.261354 91.013481 0.504174
v -11.819554 91.578995 0.546867
v -11.951551 91.427368 0.527262
v -11.548756 92.012764 0.594685
v -11.637056 91.851120 0.587923
v -11.453075 92.180962 0.591094
v -12.420704 91.370750 0.559720
v -12.603703 91.124405 0.596839
v -11.723686 91.708755 0.569593
v -11.902856 91.854790 0.518604
v -12.014555 91.712334 0.520145
v -11.811939 92.006599 0.519739
v -11.731410 92.172989 0.521593
v -11.652534 92.346344 0.528145
v -12.297874 91.736099 0.481936
v -12.514063 91.615837 0.517290
v -12.169806 91.561935 0.527594
v -12.049488 91.989502 0.438636
v -12.173438 91.842438 0.464069
v -11.942373 92.141846 0.419484
v -11.847441 92.298431 0.408385
v -11.749322 92.452545 0.409594
v -11.545180 92.518906 0.519879
v -11.628128 92.599243 0.424746
v -11.354849 92.351486 0.589269
v -11.155420 92.167664 0.581703
v -10.965458 91.987068 0.548771
v -10.759652 91.822388 0.510088
v -10.222752 91.226021 0.362344
v -10.133815 90.909439 0.151907
v -9.974082 91.058571 0.195633
v -10.345392 90.698769 0.099028
v -10.550384 90.468170 0.063083
v -10.743775 90.216881 0.058117
v -10.314846 91.552254 0.453651
v -10.405096 91.414207 0.441022
v -10.115864 91.362274 0.389567
v -10.020201 91.467445 0.430223
v -9.971498 91.515404 0.456643
v -9.833034 91.617889 0.593095
v -9.997870 91.827347 0.697874
v -10.150544 91.699615 0.572624
v -9.690067 91.685608 0.739456
v -9.836131 91.946808 0.820994
v -10.508159 91.705658 0.503094
v -10.576859 91.618187 0.484513
v -10.251326 91.613724 0.496387
v -10.192425 92.044006 0.752004
v -10.325659 91.906830 0.620610
v -10.049217 92.158302 0.893810
v -10.456586 91.769531 0.524413
v -10.525015 92.100922 0.642014
v -10.658564 91.944939 0.547194
v -10.386412 92.258614 0.743135
v -10.251608 92.400688 0.866044
v -10.718504 92.301323 0.620665
v -10.858419 92.126694 0.562751
v -10.590485 92.467674 0.715706
v -10.469481 92.621826 0.832962
v -10.921737 92.487564 0.578959
v -11.051416 92.304161 0.549680
v -10.804331 92.663414 0.663459
v -10.698669 92.831352 0.776493
v -11.123479 92.670883 0.543989
v -11.253908 92.487381 0.563486
v -11.006929 92.855522 0.593521
v -10.906938 93.036919 0.678774
v -11.325140 92.846619 0.494744
v -11.444075 92.660561 0.510151
v -11.209356 93.039772 0.511737
v -11.109299 93.237541 0.554923
v -11.498055 92.714561 0.454873
v -11.404876 92.922142 0.423000
v -11.367559 93.474144 0.281323
v -11.470574 93.275024 0.275467
v -11.073259 93.336205 0.591502
v -11.335614 93.579697 0.297039
v -10.859509 93.131096 0.727793
v -10.639708 92.917618 0.836933
v -10.407507 92.698952 0.906731
v -10.181080 92.468414 0.943136
v -9.965527 92.226585 0.959400
v -9.766557 91.968544 0.926110
v -9.593317 91.718239 0.816351
v -9.418503 91.415230 0.551531
v -9.331085 91.428894 0.612579
v -9.577607 91.361992 0.442054
v -9.728174 91.263107 0.349433
v -9.871391 91.146324 0.264243
v -11.598713 93.735901 -0.148681
v -11.667973 93.513184 -0.142201
v -11.649422 93.832497 -0.518699
v -11.681925 93.588959 -0.502341
v -11.696186 93.838303 -0.907645
v -11.704248 93.600334 -0.874186
v -11.746459 93.279388 -0.139035
v -11.577959 93.078400 0.263377
v -11.756602 93.350143 -0.487084
v -11.750088 93.367889 -0.847885
v -11.843794 92.966660 -0.124073
v -11.683348 92.887543 0.223009
v -11.858590 93.020721 -0.463439
v -11.866268 93.061768 -0.803672
v -11.789103 92.744194 0.179770
v -11.818548 93.015015 -1.178748
v -11.688508 93.316734 -1.228665
v -11.653412 93.544601 -1.275732
v -11.672989 93.779556 -1.327664
v -11.701738 93.976486 -0.927374
v -11.669773 93.910950 -1.357836
v -11.645401 93.963745 -0.525688
v -11.565433 93.865463 -0.144065
v -11.578755 93.615562 -1.818905
v -11.582808 93.394707 -1.763622
v -11.430574 93.375923 -2.278437
v -11.474129 93.174477 -2.227087
v -11.257219 93.042160 -2.671625
v -11.323215 92.854355 -2.621531
v -11.594099 93.179420 -1.699701
v -11.535640 92.984764 -2.162353
v -11.374385 92.673958 -2.538074
v -11.736933 92.910225 -1.624349
v -11.632309 92.744980 -2.064197
v -11.474607 92.451698 -2.430309
v -11.232224 93.133171 -2.723145
v -11.425089 93.494499 -2.332351
v -11.558121 93.743896 -1.860398
v -11.750431 91.884247 -2.242489
v -11.601122 92.169388 -2.314565
v -11.913826 91.598877 -2.182982
v -11.909974 90.983490 -2.210943
v -12.166830 91.311829 -2.110614
v -11.956551 92.232513 -1.950696
v -11.786175 92.460899 -1.981027
v -12.142615 91.982430 -1.929375
v -12.381634 91.674080 -1.921838
v -12.068572 92.436592 -1.560608
v -11.899759 92.650978 -1.573350
v -12.275006 92.234299 -1.550973
v -12.557076 92.000648 -1.554288
v -12.145875 92.545807 -1.239087
v -12.182165 92.588272 -1.066109
v -12.002495 92.737907 -1.159301
v -12.358084 92.357841 -1.251677
v -12.411798 92.420219 -1.046151
v -12.636548 92.147911 -1.273170
v -12.707380 92.253708 -1.049611
v -9.670071 90.992668 0.046944
v -9.441613 91.135895 0.139415
v -9.496428 90.931534 -0.104260
v -9.253362 91.080688 -0.046712
v -9.333066 90.872894 -0.264504
v -9.072498 91.010735 -0.235999
v -9.271749 91.234398 0.203904
v -9.068786 91.178329 -0.002970
v -8.874391 91.093445 -0.210435
v -9.090847 91.281448 0.289478
v -8.874535 91.244186 0.056674
v -8.670223 91.163544 -0.177079
v -8.989563 91.284866 0.335764
v -8.762947 91.246933 0.092687
v -8.557478 91.168762 -0.146696
v -8.480265 91.036873 -0.408111
v -8.357935 91.026901 -0.384967
v -8.696804 91.006935 -0.430046
v -8.905980 90.946808 -0.444830
v -9.178410 90.825798 -0.448393
v -8.983435 90.777603 -0.796427
v -8.707658 90.893661 -0.821175
v -8.864971 90.796143 -1.180225
v -8.581312 90.901680 -1.228907
v -8.494093 90.948532 -0.833054
v -8.364416 90.947708 -1.267788
v -8.272292 90.973923 -0.843121
v -8.140946 90.961533 -1.311514
v -8.147719 90.966675 -0.846415
v -8.014303 90.962395 -1.338365
v -12.229647 92.606415 -0.510983
v -12.024096 92.795105 -0.513464
v -12.023255 92.810333 -0.792646
v -12.213450 92.620659 -0.778637
v -12.475164 92.455978 -0.500822
v -12.489538 92.434402 -0.278627
v -12.249603 92.566757 -0.297452
v -12.025207 92.769066 -0.352017
v -12.500013 92.362015 -0.086309
v -12.249044 92.491562 -0.095607
v -12.734997 92.339775 -0.255198
v -12.727012 92.281815 -0.063749
v -12.016883 92.696701 -0.106854
v -12.496159 92.238220 0.101685
v -12.329945 92.324890 0.087760
v -12.716126 92.205612 0.067760
v -12.172680 92.430588 0.075992
v -12.427901 92.084511 0.271003
v -12.257145 92.219131 0.224212
v -12.689743 92.110565 0.188952
v -12.641580 91.982773 0.313707
v -12.022249 92.555748 0.076413
v -12.111429 92.348297 0.198961
v -11.986006 92.473114 0.190077
v -12.576097 91.818390 0.430412
v -12.329506 91.921371 0.398431
v -12.039231 92.251640 0.312256
v -11.927382 92.391228 0.298805
v -12.169005 92.102386 0.341789
v -11.922866 92.638138 0.103610
v -11.880478 92.590462 0.196347
v -12.700508 92.345139 -0.740723
v -12.447666 92.461845 -0.762263
v -13.228687 92.309959 -0.426602
v -13.488195 92.342995 -0.386689
v -13.475708 92.349724 -0.253323
v -13.223364 92.314888 -0.272820
v -13.771322 92.423935 -0.361828
v -13.747482 92.436409 -0.231922
v -13.945839 92.520554 -0.359682
v -13.942877 92.536385 -0.223830
v -14.232415 92.617668 -0.214661
v -14.448523 92.709885 -0.163902
v -14.388102 92.670845 0.003020
v -14.153288 92.608368 -0.003573
v -13.459879 92.322838 -0.102027
v -13.436833 92.250595 0.044084
v -13.202909 92.222572 0.001130
v -13.217179 92.286339 -0.131852
v -13.683138 92.334053 0.093148
v -13.724388 92.429382 -0.064979
v -13.921797 92.533546 -0.022691
v -13.841753 92.467049 0.161758
v -14.045738 92.553902 0.184934
v -14.269397 92.590706 0.185453
v -14.469011 92.615883 0.168713
v -14.597004 92.712776 -0.061927
v -14.864199 92.691597 -0.061506
v -14.719734 92.596634 0.127109
v -13.632771 92.184479 0.239364
v -13.404803 92.141747 0.181166
v -13.809019 92.268555 0.304093
v -13.958519 92.390022 0.358099
v -14.138685 92.477921 0.381438
v -14.549965 92.498550 0.301528
v -14.341115 92.509979 0.363379
v -13.177661 92.129951 0.134780
v -13.353170 92.013023 0.325123
v -13.139727 92.015862 0.273837
v -13.555980 92.030426 0.377923
v -13.737122 92.070465 0.413907
v -13.872836 92.170235 0.460045
v -14.021147 92.263031 0.487484
v -14.184884 92.333809 0.489667
v -13.294050 91.871590 0.475581
v -13.089762 91.875824 0.417467
v -13.480333 91.896645 0.528387
v -13.645688 91.930557 0.557935
v -13.768112 92.019936 0.597084
v -13.890097 92.113678 0.633505
v -14.046165 92.166313 0.610185
v -13.220303 91.698486 0.606148
v -13.027879 91.706703 0.543331
v -13.387852 91.721451 0.660189
v -13.523155 91.767860 0.710032
v -13.645208 91.845932 0.746829
v -13.777508 91.898369 0.765958
v -13.922419 91.945862 0.763064
v -13.150530 91.519058 0.693769
v -12.964956 91.517174 0.634569
v -13.305077 91.547226 0.745218
v -13.428820 91.598419 0.797823
v -13.551813 91.661827 0.839919
v -13.682207 91.706528 0.856572
v -13.819752 91.749420 0.857762
v -12.971077 92.289368 -0.163757
v -12.972465 92.314667 -0.293844
v -12.942678 92.154320 0.097922
v -12.961329 92.235611 -0.033614
v -12.911963 92.048569 0.229281
v -12.866295 91.913116 0.362213
v -12.808733 91.746086 0.482383
v -12.746870 91.548576 0.571520
v -13.107250 91.350639 0.742943
v -12.913937 91.331779 0.677676
v -13.253845 91.383492 0.795327
v -13.378546 91.428291 0.842076
v -13.497623 91.489853 0.880367
v -13.620545 91.549637 0.899279
v -13.748289 91.606758 0.910226
v -13.958889 91.779999 0.842092
v -13.876509 91.645370 0.906265
v -14.069380 91.967903 0.738400
v -14.205061 92.178047 0.564160
v -14.365457 92.364044 0.444640
v -14.156818 92.608986 -0.369831
v -14.364892 92.713196 -0.502846
v -13.950747 92.467232 -0.561372
v -14.106910 92.538551 -0.624236
v -13.038763 92.193138 -0.967426
v -12.997610 92.283585 -0.687583
v -13.925657 91.211296 0.894291
v -14.138548 90.924446 0.817478
v -14.002472 90.854767 0.833215
v -13.800407 91.143105 0.912564
v -14.399643 90.589897 0.698493
v -14.255636 90.531410 0.692781
v -14.635122 90.267967 0.612610
v -14.482950 90.202194 0.597985
v -14.857065 89.960045 0.515910
v -14.685274 89.881584 0.513704
v -15.069728 89.625458 0.441593
v -14.891056 89.559479 0.421009
v -15.242056 89.288300 0.436432
v -15.089743 89.223503 0.396740
v -15.417849 88.966309 0.397467
v -15.259596 88.904831 0.365296
v -13.854652 90.787888 0.830840
v -13.670763 91.065758 0.909470
v -14.101200 90.465134 0.682056
v -14.327275 90.142822 0.577229
v -14.528011 89.811012 0.502259
v -14.736712 89.482811 0.413322
v -14.928005 89.156441 0.380240
v -15.071862 88.832985 0.348304
v -13.621728 90.723396 0.818921
v -13.522877 90.999237 0.886821
v -13.882663 90.379608 0.674959
v -14.090757 90.065613 0.574272
v -14.285555 89.732193 0.502970
v -14.479879 89.416672 0.413670
v -14.668291 89.075500 0.391656
v -14.798250 88.739723 0.358737
v -13.386627 90.957153 0.846866
v -13.420053 90.647598 0.750864
v -13.227950 90.924706 0.783519
v -13.638592 90.316605 0.652852
v -13.722923 89.957413 0.575257
v -13.905905 89.626137 0.520092
v -14.089417 89.292557 0.447218
v -14.277350 88.957687 0.409525
v -14.424780 88.619606 0.367134
v -13.207386 90.552567 0.679106
v -13.018270 90.870941 0.702208
v -13.404680 90.271461 0.618999
v -13.776344 91.422646 0.927447
v -13.654575 91.357918 0.923305
v -13.532959 91.289169 0.907519
v -13.408020 91.229500 0.874263
v -13.271388 91.188751 0.830645
v -13.123142 91.157974 0.772575
v -12.913029 91.128441 0.695475
v -14.538019 88.332977 0.347695
v -14.928098 88.485764 0.321857
v -15.234545 88.595116 0.315922
v -15.448858 88.678047 0.342044
v -15.409523 89.363876 0.429904
v -15.568758 89.030739 0.420911
v -15.186535 89.684845 0.465209
v -14.987850 90.007431 0.508313
v -14.785112 90.332298 0.608953
v -14.548340 90.661980 0.676210
v -14.284634 90.995361 0.791838
v -14.063218 91.271645 0.873812
v -13.908665 91.480103 0.917849
v -15.700871 88.579910 0.259614
v -15.858274 88.595253 0.168507
v -15.651714 88.445000 0.167296
v -15.486305 88.461334 0.246384
v -16.008408 88.618202 0.053093
v -15.817879 88.445923 0.051923
v -16.150211 88.641243 -0.073016
v -15.950094 88.458015 -0.061706
v -16.255289 88.688072 -0.216278
v -16.060860 88.500587 -0.206106
v -16.347754 88.733498 -0.368675
v -16.156006 88.536652 -0.354020
v -16.430695 88.775124 -0.524142
v -16.261543 88.594994 -0.595920
v -16.474779 88.814987 -0.695201
v -15.376921 88.270149 0.171433
v -15.174203 88.320259 0.256594
v -15.675207 88.256851 -0.022509
v -15.856304 88.271500 -0.237487
v -16.003860 88.340652 -0.559439
v -15.098001 88.045738 0.182293
v -14.810131 88.149727 0.291459
v -15.450048 87.988945 -0.061135
v -15.618900 88.010620 -0.320991
v -15.741104 88.031395 -0.527336
v -15.583654 88.595314 0.308962
v -15.367113 88.494965 0.284112
v -15.043701 88.375023 0.292077
v -14.624631 88.238007 0.329728
v -14.871841 87.659325 0.167941
v -14.462078 87.811729 0.343516
v -15.208405 87.595978 -0.121042
v -15.415232 87.598366 -0.491373
v -15.789273 88.082184 -0.842934
v -15.452059 87.625328 -0.916227
v -16.039478 88.413940 -0.837391
v -16.294031 88.678009 -0.851487
v -16.487761 88.883873 -0.867250
v -16.544590 88.926926 -0.695820
v -16.549393 89.015511 -0.862284
v -16.496998 88.875778 -0.528450
v -16.411858 88.830391 -0.375980
v -16.328770 88.782516 -0.221163
v -16.221081 88.742561 -0.079344
v -16.087591 88.713165 0.048532
v -15.942254 88.678711 0.168033
v -15.786648 88.654022 0.263319
v -15.684999 88.659042 0.320733
v -16.204453 89.040001 -1.691217
v -16.033760 89.069389 -1.977087
v -15.871074 88.823906 -1.956829
v -16.032724 88.806389 -1.673484
v -15.735401 88.498276 -1.791290
v -16.249100 88.701614 -1.077682
v -16.165455 88.745209 -1.320833
v -15.936632 88.452110 -1.297315
v -16.004108 88.431335 -1.058909
v -15.688497 88.105850 -1.276730
v -15.754830 88.089760 -1.002178
v -15.373099 87.634453 -1.262002
v -14.164476 89.126083 -3.419075
v -14.275896 89.375610 -3.459460
v -13.857405 89.396225 -3.568012
v -13.736610 89.199837 -3.525203
v -15.190825 89.331612 -3.003847
v -14.912247 89.341415 -3.171143
v -14.796148 89.067299 -3.162134
v -15.067136 89.057373 -3.013629
v -15.515375 89.298363 -2.782455
v -15.443310 89.058800 -2.771953
v -16.301174 89.244858 -1.685387
v -16.154043 89.283356 -1.991162
v -16.436895 88.915497 -1.092099
v -16.512196 89.072968 -1.081943
v -13.248120 89.430199 -3.537508
v -13.102626 89.572975 -3.451465
v -12.936445 89.339584 -3.344029
v -13.065357 89.178200 -3.466385
v -13.055710 89.712105 -3.295126
v -12.886683 89.502121 -3.197118
v -12.997271 89.929001 -3.060605
v -12.852726 89.741798 -2.976168
v -12.946274 90.239220 -2.774563
v -12.793449 90.074219 -2.689760
v -13.029014 90.431023 -2.525387
v -12.827272 90.307327 -2.441612
v -12.693769 89.062500 -3.174166
v -12.786150 88.892250 -3.318721
v -12.653385 89.253784 -3.036850
v -12.607521 89.534569 -2.821241
v -12.521437 89.922516 -2.568876
v -12.498465 90.207298 -2.351766
v -12.365707 88.889999 -2.985071
v -12.497101 88.674576 -3.104491
v -12.366129 89.081886 -2.862305
v -12.306807 89.403252 -2.667954
v -12.197667 89.856575 -2.459476
v -12.115185 90.224350 -2.320138
v -12.196484 88.499786 -2.956108
v -13.424296 89.271378 -3.582124
v -13.240707 89.016335 -3.502451
v -12.971161 88.719856 -3.374731
v -12.681290 88.510315 -3.206145
v -12.406843 88.335106 -3.088913
v -12.102944 90.515961 -2.261347
v -12.482792 90.423088 -2.281286
v -12.828354 90.471489 -2.319721
v -13.078057 90.547607 -2.358136
v -13.117983 90.553055 -2.570469
v -13.307951 90.683998 -2.384827
v -13.046471 90.361526 -2.812635
v -13.079388 90.072792 -3.110688
v -13.125127 89.864555 -3.339879
v -13.225880 89.735893 -3.486875
v -13.368227 89.587944 -3.572976
v -13.545140 89.443817 -3.607825
v -13.248346 90.680664 -2.193326
v -13.328301 90.830864 -2.056379
v -13.076109 90.889404 -2.053916
v -12.949934 90.669312 -2.174000
v -13.389307 90.960846 -1.947976
v -13.215551 91.095551 -1.900661
v -13.432741 91.056778 -1.873364
v -13.486705 91.170609 -1.755085
v -13.284307 91.308411 -1.708199
v -13.540424 91.258911 -1.628170
v -13.381529 91.446976 -1.525514
v -12.796116 90.964561 -2.076189
v -12.639202 90.700157 -2.198790
v -12.925173 91.226105 -1.919102
v -13.073423 91.507751 -1.653916
v -13.163418 91.683861 -1.471484
v -12.504367 91.075302 -2.098967
v -12.292408 90.764038 -2.207182
v -12.667700 91.393356 -1.929612
v -12.849921 91.721672 -1.608328
v -12.927074 91.881752 -1.409541
v -13.038403 92.064476 -1.140839
v -13.265092 91.851456 -1.292501
v -13.462492 91.593216 -1.365317
v -13.581030 91.313316 -1.532292
v -13.643637 91.407616 -1.423337
v -13.457483 90.737663 -2.202734
v -13.731209 91.905022 -1.244517
v -13.685434 92.061081 -1.079573
v -13.478750 91.947411 -1.177940
v -13.589746 91.760330 -1.284388
v -13.617846 92.141869 -0.954752
v -13.874872 92.132103 -1.098035
v -13.826450 92.183510 -0.954436
v -13.948399 92.231827 -0.988469
v -14.285416 92.696404 -0.786079
v -14.177982 92.498695 -1.013775
v -14.193235 92.567123 -1.148362
v -14.320507 92.806480 -0.924390
v -13.383970 92.099617 -1.029804
v -13.316637 92.194321 -0.873212
v -13.952791 92.332123 -0.834703
v -14.089398 92.419998 -0.910963
v -14.445793 92.800331 -0.624118
v -14.496577 92.924088 -0.753618
v -13.829987 91.445351 -1.440234
v -13.906635 91.566170 -1.467326
v -13.799299 91.704155 -1.367603
v -13.702868 91.576920 -1.353652
v -14.186107 92.632416 -1.284277
v -14.072222 92.460320 -1.456319
v -14.151125 92.699394 -1.430683
v -13.986176 92.494614 -1.651983
v -14.072456 92.753922 -1.573906
v -13.893700 92.512436 -1.852490
v -13.957609 92.783531 -1.741863
v -13.896367 92.795151 -1.860074
v -13.787562 92.508957 -2.064099
v -13.795889 92.809212 -2.037271
v -13.730063 92.505020 -2.173576
v -13.699879 92.805290 -2.192920
v -13.689126 92.486801 -2.329133
v -13.654457 92.761818 -2.357549
v -14.231391 93.072456 -1.466891
v -14.301388 93.034142 -1.261568
v -14.139091 93.106827 -1.668373
v -14.015366 93.152939 -1.858260
v -13.885947 93.194084 -2.046741
v -13.773300 93.193642 -2.238969
v -13.660095 93.118423 -2.429935
v -14.338978 92.944115 -1.059610
v -14.506525 93.192558 -1.168599
v -14.522676 93.083664 -0.932261
v -14.429196 93.239929 -1.406096
v -14.330638 93.281960 -1.640307
v -14.196836 93.360008 -1.859895
v -14.048822 93.438400 -2.077787
v -13.914219 93.450676 -2.301062
v -13.759380 93.380821 -2.522088
v -14.691280 93.222389 -1.123080
v -14.684715 93.127487 -0.870228
v -14.614885 93.267174 -1.378594
v -14.515530 93.319786 -1.632025
v -14.382360 93.417747 -1.865359
v -14.234337 93.511795 -2.104758
v -14.078907 93.540565 -2.337620
v -13.916300 93.482361 -2.579760
v -14.875910 93.198380 -1.086264
v -14.881960 93.120087 -0.827111
v -14.802758 93.257347 -1.355226
v -14.702105 93.301270 -1.620634
v -14.591635 93.406700 -1.869957
v -14.435453 93.508080 -2.124418
v -14.285165 93.530495 -2.377583
v -14.110296 93.493454 -2.623712
v -14.111259 92.399910 -1.284902
v -15.078491 93.119705 -1.059502
v -15.102180 93.028053 -0.805713
v -15.008110 93.192734 -1.336875
v -14.898411 93.256264 -1.608463
v -14.780963 93.340302 -1.877896
v -14.649659 93.449432 -2.144020
v -14.467353 93.445740 -2.392748
v -14.281610 93.426849 -2.639067
v -13.927023 93.367584 -2.836369
v -14.078578 93.365372 -2.870557
v -13.782227 93.338150 -2.789997
v -13.672678 93.242981 -2.730150
v -13.606334 93.032234 -2.633466
v -13.617012 92.662750 -2.514280
v -13.648187 92.408562 -2.456895
v -13.718803 92.297081 -2.310737
v -13.689053 92.219498 -2.416032
v -13.787928 92.319061 -2.130293
v -13.887665 92.313095 -1.900972
v -13.927891 92.318680 -1.710258
v -13.994426 92.322319 -1.528366
v -14.040209 92.291176 -1.326115
v -13.608732 92.238182 -2.544373
v -13.631901 92.022408 -2.628107
v -13.573390 92.218971 -2.786434
v -13.586626 92.476692 -2.672112
v -13.644590 91.789017 -2.682282
v -13.584352 91.928604 -2.848927
v -13.630669 91.552795 -2.721354
v -13.570057 91.643806 -2.895063
v -13.592049 91.319122 -2.749162
v -13.538470 91.358238 -2.927452
v -13.511395 91.095856 -2.747956
v -13.461124 91.084885 -2.941219
v -13.401968 90.888763 -2.725739
v -13.369524 90.815048 -2.937409
v -13.272237 90.709816 -2.656246
v -13.238667 90.569145 -2.876419
v -13.590553 92.648567 -2.927339
v -13.577753 92.467026 -3.046403
v -13.625538 92.095413 -3.097803
v -13.665055 91.729706 -3.125326
v -13.621424 91.369911 -3.161363
v -13.547951 91.019615 -3.184141
v -13.438799 90.678436 -3.201684
v -13.259249 90.374329 -3.175351
v -13.744903 92.616600 -3.207869
v -13.708241 92.829483 -3.064481
v -13.776028 92.185341 -3.251116
v -13.819359 91.749054 -3.263224
v -13.764797 91.338364 -3.293820
v -13.661691 90.946503 -3.345696
v -13.542051 90.559196 -3.382723
v -13.329553 90.219368 -3.387500
v -13.886296 92.662231 -3.307740
v -13.837105 92.898293 -3.148839
v -13.893926 92.205414 -3.364777
v -13.953276 91.753639 -3.328743
v -13.877550 91.311165 -3.370973
v -13.773281 90.893967 -3.420248
v -13.650754 90.486313 -3.483829
v -13.451138 90.105721 -3.499043
v -14.070736 92.633980 -3.328611
v -14.003645 92.914162 -3.211277
v -14.064142 92.171021 -3.409540
v -14.072865 91.691498 -3.383642
v -13.994616 91.237534 -3.410910
v -13.893507 90.793495 -3.456892
v -13.757608 90.389877 -3.574725
v -13.569915 89.980614 -3.595396
v -13.601409 92.862709 -2.771005
v -13.683798 93.039566 -2.904408
v -13.803873 93.112534 -2.985140
v -13.959471 93.137108 -3.064028
v -14.181746 93.110306 -3.049308
v -14.256792 92.572685 -3.329417
v -14.234153 92.877174 -3.183791
v -14.244336 92.104012 -3.438164
v -14.197100 91.616959 -3.425469
v -14.110899 91.153191 -3.434875
v -14.020098 90.714157 -3.516842
v -13.904001 90.280930 -3.607543
v -13.755287 89.851555 -3.646656
v -13.433257 90.778610 -2.480869
v -13.538017 90.896317 -2.541361
v -13.624752 91.050087 -2.587178
v -13.715160 91.268028 -2.608176
v -13.754169 91.459755 -2.589708
v -13.771628 91.651802 -2.558535
v -13.756191 91.850311 -2.513664
v -13.719627 92.029800 -2.457933
v -13.875423 91.767380 -2.412711
v -13.920611 91.547668 -2.454394
v -14.014576 91.620560 -2.342889
v -14.052115 91.467934 -2.389293
v -14.150826 91.508011 -2.291345
v -14.189247 91.398056 -2.346052
v -13.922884 91.401649 -2.481596
v -14.061836 91.358078 -2.415276
v -14.202398 91.309937 -2.369767
v -13.897989 91.259796 -2.490580
v -14.051100 91.248039 -2.425469
v -14.206928 91.222786 -2.384369
v -13.824717 91.063972 -2.468666
v -14.001886 91.093887 -2.402623
v -14.183056 91.099472 -2.353962
v -13.692798 90.874359 -2.365022
v -13.923593 90.941986 -2.303700
v -14.135110 90.974228 -2.264433
v -14.289005 90.984879 -2.238463
v -14.319021 91.084885 -2.320393
v -14.324825 91.195526 -2.356548
v -14.314459 91.276566 -2.349781
v -14.298155 91.352028 -2.320443
v -14.268549 91.441254 -2.261749
v -14.116045 91.605186 -2.232093
v -14.241258 91.502724 -2.198753
v -13.972408 91.757637 -2.284385
v -13.844290 91.928223 -2.341791
v -13.748568 92.096016 -2.385325
v -14.146928 90.904114 -2.163778
v -14.180235 90.871346 -2.062559
v -13.995519 90.841492 -2.051030
v -13.948822 90.862686 -2.171464
v -14.210137 90.869881 -1.959918
v -14.019497 90.865173 -1.931102
v -14.234507 90.901901 -1.867445
v -14.075893 90.923798 -1.828038
v -14.235636 90.969406 -1.793670
v -14.078865 91.015839 -1.733096
v -13.829308 90.815376 -2.051965
v -13.748928 90.812859 -2.170666
v -13.881384 90.849403 -1.952279
v -13.915993 90.892921 -1.887350
v -13.954642 90.955322 -1.806089
v -13.975077 91.025719 -1.727495
v -13.984843 91.084206 -1.671435
v -13.776171 90.859550 -1.954541
v -13.673494 90.879799 -1.955439
v -13.649893 90.813728 -2.056961
v -13.748428 90.813461 -2.052595
v -13.813469 90.925385 -1.876616
v -13.852329 90.996689 -1.796003
v -13.883232 91.063591 -1.714319
v -13.914953 91.125084 -1.644012
v -13.608665 90.779053 -2.194756
v -13.711489 90.961273 -1.873762
v -13.753301 91.042213 -1.787527
v -13.789358 91.109879 -1.695367
v -13.825220 91.174026 -1.606941
v -13.595222 91.001549 -1.873109
v -13.553966 90.906845 -1.956266
v -13.640640 91.093483 -1.776412
v -13.682440 91.164948 -1.671164
v -13.723841 91.226929 -1.571307
v -13.521849 90.781075 -2.362049
v -13.522805 90.815979 -2.059365
v -13.777324 91.310242 -1.485954
v -13.872681 91.250412 -1.537395
v -13.976493 91.176498 -1.606996
v -14.108977 91.115868 -1.676939
v -14.239910 91.054626 -1.749189
v -14.350410 90.956688 -1.844951
v -14.343355 91.013504 -1.813894
v -14.365067 90.908073 -1.909643
v -14.353224 90.891640 -1.993838
v -14.323126 90.905579 -2.087362
v -14.291866 90.937180 -2.170745
v -14.254278 91.152191 -1.731116
v -14.266557 91.255913 -1.733334
v -14.159888 91.346565 -1.649489
v -14.138710 91.228737 -1.648523
v -14.265940 91.358475 -1.753154
v -14.160873 91.464211 -1.671354
v -14.256165 91.453926 -1.792849
v -14.135454 91.587692 -1.704473
v -14.066887 91.537544 -1.598677
v -14.028711 91.752853 -1.627644
v -13.976625 91.663689 -1.528495
v -14.167387 91.638298 -1.813912
v -14.061510 91.815918 -1.739166
v -13.984528 92.007401 -1.624181
v -13.948000 91.919182 -1.508279
v -13.995463 91.478195 -1.530443
v -13.926889 91.369270 -1.503692
v -14.022997 91.303673 -1.567789
v -14.059105 91.426903 -1.573729
v -13.883793 91.806137 -1.416303
v -13.980030 92.181587 -1.459810
v -13.936502 92.088928 -1.351279
v -14.261395 91.506340 -1.865923
v -14.338835 91.368881 -1.852298
v -14.330529 91.420380 -1.897196
v -14.356981 91.286110 -1.825696
v -14.362976 91.190659 -1.810271
v -14.354362 91.094650 -1.805425
v -14.179878 91.635605 -1.932811
v -14.166594 91.625961 -2.041253
v -14.057799 91.793999 -2.030241
v -14.077074 91.812866 -1.887339
v -14.135937 91.620880 -2.153579
v -13.995024 91.795563 -2.184504
v -13.970499 91.979256 -1.994730
v -13.995378 92.023476 -1.805784
v -13.908697 91.961349 -2.157013
v -13.868807 91.955223 -2.251648
v -13.942719 92.185699 -1.784212
v -13.966310 92.206718 -1.629363
v -13.910751 92.162155 -1.952798
v -13.835615 92.147690 -2.145387
v -13.776789 92.140137 -2.293381
v -14.256454 91.511284 -2.137289
v -14.275243 91.509903 -2.049448
v -14.272192 91.514397 -1.959668
v -14.403563 90.985596 -1.866018
v -14.443604 90.946701 -1.937296
v -14.496500 91.015335 -1.956661
v -14.435550 91.054771 -1.876200
v -14.444195 90.930931 -2.026011
v -14.512392 90.995522 -2.055965
v -14.405547 90.949539 -2.126616
v -14.464672 91.017563 -2.174995
v -14.353767 90.976601 -2.206197
v -14.395143 91.060860 -2.274523
v -14.518885 91.122879 -1.979621
v -14.448976 91.151871 -1.889420
v -14.551132 91.107170 -2.089369
v -14.501934 91.130028 -2.220754
v -14.410244 91.177460 -2.312298
v -14.501097 91.241493 -1.993909
v -14.435612 91.254547 -1.902915
v -14.529000 91.236908 -2.102258
v -14.485334 91.256279 -2.227727
v -14.404251 91.274498 -2.319542
v -14.441835 91.343086 -1.998330
v -14.394579 91.347267 -1.913140
v -14.472113 91.333122 -2.098516
v -14.444014 91.348213 -2.211998
v -14.372845 91.356812 -2.294742
v -14.378698 91.421242 -2.074198
v -14.354403 91.427773 -1.978457
v -14.330092 91.433258 -2.224878
v -14.359936 91.428490 -2.167488
v -14.512187 92.941063 -2.967234
v -14.641411 92.619637 -3.094806
v -14.960472 92.664978 -2.852833
v -14.806442 92.979782 -2.699964
v -14.727856 92.108398 -3.250484
v -15.099728 92.196495 -3.050788
v -14.772284 91.659813 -3.313170
v -14.716429 91.160728 -3.358720
v -15.122651 91.171455 -3.212775
v -15.150425 91.693085 -3.160344
v -14.637835 90.672569 -3.410367
v -15.059952 90.665138 -3.248164
v -14.541489 90.203438 -3.467341
v -14.930840 90.181938 -3.298568
v -14.414049 89.757507 -3.493769
v -14.786875 89.729683 -3.326549
v -15.256840 92.719101 -2.574174
v -15.055479 93.008827 -2.425296
v -15.450010 92.251556 -2.765241
v -15.532638 91.744720 -2.884809
v -15.533222 91.210655 -2.945090
v -15.473830 90.672569 -3.005745
v -15.219818 90.183067 -3.132433
v -15.425402 90.185539 -2.995333
v -15.048395 89.722549 -3.177049
v -15.307232 89.717667 -3.011191
v -15.501333 92.695320 -2.221207
v -15.287920 92.968971 -2.100020
v -15.708805 92.226105 -2.370360
v -15.820210 91.733528 -2.495065
v -15.881718 91.220413 -2.603169
v -15.851574 90.700157 -2.671517
v -15.763338 90.194237 -2.719627
v -15.633850 89.714317 -2.771664
v -15.664339 92.664421 -1.872914
v -15.431133 92.958862 -1.807914
v -15.885515 92.208687 -1.995563
v -16.047195 91.735016 -2.109408
v -16.154943 91.243782 -2.221247
v -16.136780 90.729645 -2.289673
v -16.068502 90.193474 -2.356345
v -15.780022 92.593597 -1.485677
v -15.567942 92.838806 -1.423208
v -16.036427 92.142830 -1.587265
v -16.205391 91.679626 -1.682063
v -16.330170 91.198059 -1.780211
v -16.375534 90.704918 -1.885417
v -16.332382 90.189049 -1.942955
v -15.810547 92.477539 -1.127120
v -15.579144 92.739899 -1.097463
v -16.070509 92.044350 -1.184662
v -16.264217 91.587250 -1.262226
v -16.400446 91.110542 -1.350028
v -16.500021 90.635345 -1.455668
v -16.511330 90.151085 -1.557374
v -16.272810 89.707199 -1.977072
v -16.444845 89.678032 -1.634093
v -15.797853 92.379013 -0.790750
v -15.565812 92.662773 -0.799709
v -16.054243 91.944939 -0.813378
v -16.272137 91.494789 -0.875103
v -16.436291 91.028732 -0.967263
v -14.431070 93.164268 -2.830510
v -14.672722 93.191414 -2.575285
v -14.893439 93.203850 -2.310647
v -15.094632 93.145042 -2.008479
v -15.223271 93.123604 -1.738318
v -15.345097 93.019073 -1.382539
v -15.354527 92.938469 -1.077869
v -15.344905 92.863052 -0.801355
v -15.770544 92.332039 -0.574812
v -15.527189 92.619797 -0.588431
v -16.022734 91.898148 -0.585506
v -16.248211 91.449509 -0.621168
v -16.418850 90.981461 -0.698519
v -16.545675 90.560104 -1.078296
v -16.533762 90.507263 -0.801623
v -16.576525 90.077713 -1.177376
v -16.584164 90.027946 -0.904150
v -16.551420 89.606689 -1.254542
v -16.596369 89.559776 -0.994025
v -16.540968 89.166931 -1.069624
v -16.578884 89.130486 -0.845223
v -16.600382 89.515335 -0.749418
v -14.202862 90.240044 -3.565313
v -14.084766 89.793877 -3.610316
v -14.305744 90.691093 -3.477190
v -14.397682 91.155525 -3.411671
v -14.477062 91.638161 -3.383202
v -14.487448 92.125954 -3.342183
v -14.497852 92.602661 -3.180868
v -16.580915 89.440277 -0.565445
v -16.506348 89.375809 -0.413507
v -16.376661 89.827263 -0.353836
v -16.463432 89.899788 -0.500785
v -16.411116 89.321686 -0.265552
v -16.259680 89.751526 -0.226827
v -16.307611 89.267303 -0.120076
v -16.146400 89.693039 -0.089922
v -16.203817 89.223648 0.031829
v -16.022589 89.634415 0.037596
v -16.062500 89.174202 0.142643
v -15.875532 89.564880 0.136339
v -15.911690 89.123558 0.249679
v -15.730314 89.501900 0.247238
v -15.756109 89.078911 0.366486
v -15.572895 89.433167 0.343285
v -16.227718 90.268547 -0.306455
v -16.360432 90.360588 -0.421757
v -16.078499 90.174805 -0.210019
v -15.932245 90.104652 -0.095936
v -15.785863 90.018929 0.018810
v -15.654778 89.940636 0.146809
v -15.523323 89.867561 0.284022
v -15.362916 89.776672 0.412029
v -16.073753 90.709755 -0.248770
v -16.234640 90.820839 -0.327811
v -15.905263 90.616013 -0.162506
v -15.762722 90.522270 -0.032608
v -15.623002 90.433067 0.100300
v -15.484933 90.343430 0.238951
v -15.338657 90.248741 0.366537
v -15.179195 90.145576 0.476445
v -15.916349 91.153236 -0.133750
v -16.095627 91.285385 -0.218658
v -15.743359 91.043839 -0.048861
v -15.585253 90.947731 0.076758
v -15.427767 90.845451 0.201426
v -15.270029 90.733261 0.321315
v -15.121142 90.612679 0.451184
v -14.976666 90.477875 0.565537
v -15.726028 91.604866 -0.059971
v -15.849682 91.726257 -0.216915
v -15.556718 91.484566 0.052303
v -15.377623 91.371178 0.160452
v -15.200658 91.248222 0.256833
v -15.036903 91.115784 0.383587
v -14.884245 90.976822 0.514530
v -14.724566 90.816795 0.622601
v -15.490458 92.025604 -0.039984
v -15.618473 92.156029 -0.208623
v -15.319586 91.899773 0.093187
v -15.128483 91.775436 0.207069
v -14.942079 91.639061 0.316991
v -14.776621 91.481453 0.447192
v -14.630005 91.315948 0.584347
v -14.480453 91.136581 0.703527
v -15.288979 92.289673 -0.033959
v -15.405455 92.417625 -0.216544
v -15.132530 92.176559 0.131336
v -14.933216 92.030464 0.256499
v -14.749953 91.882622 0.361802
v -14.590844 91.720428 0.494654
v -14.454647 91.548836 0.640605
v -14.306074 91.360184 0.755024
v -16.547119 89.977440 -0.655436
v -16.477491 90.450493 -0.553809
v -16.358290 90.927017 -0.460888
v -16.187824 91.393860 -0.396964
v -15.956945 91.836266 -0.385926
v -15.717329 92.267029 -0.387553
v -15.492819 92.533707 -0.401430
v -15.198999 92.622208 -0.232686
v -14.966167 92.793381 -0.259801
v -15.047211 92.882423 -0.459695
v -15.276539 92.729935 -0.423192
v -15.093504 92.499855 -0.040526
v -14.948132 92.390465 0.141124
v -14.755365 92.252625 0.285887
v -14.571953 92.105438 0.401557
v -14.407886 91.941505 0.533382
v -14.267136 91.764603 0.696252
v -14.128355 91.579254 0.801294
v -15.658909 88.830658 0.380772
v -15.983070 88.802528 0.181985
v -15.828499 88.778786 0.282692
v -16.123583 88.833794 0.061656
v -16.252647 88.862236 -0.066962
v -16.362236 88.895935 -0.209434
v -16.444447 88.946236 -0.364498
v -16.529602 88.989471 -0.515004
v -16.578575 89.039314 -0.679191
v -9.404168 90.625778 -0.469156
v -9.588030 90.383087 -0.487149
v -9.437240 90.357712 -0.802684
v -9.230997 90.588631 -0.794719
v -9.775457 90.142021 -0.504303
v -9.613443 90.094505 -0.804038
v -9.937099 89.869957 -0.505011
v -9.779062 89.818321 -0.804364
v -9.350801 90.368378 -1.135230
v -9.133848 90.613281 -1.148481
v -9.545207 90.101479 -1.134432
v -9.712742 89.806572 -1.131317
v -9.858648 89.521690 -1.129052
v -9.918733 89.541199 -0.803366
v -10.078560 89.597023 -0.506881
v -10.187402 89.346519 -0.525306
v -10.026648 89.305511 -0.816046
v -10.293365 89.091286 -0.540798
v -10.134162 89.068108 -0.829296
v -10.384115 88.836861 -0.544945
v -10.233166 88.828323 -0.833520
v -10.452754 88.591942 -0.527655
v -10.314404 88.601440 -0.812248
v -9.959422 89.294884 -1.132665
v -10.063888 89.065392 -1.137666
v -10.153728 88.827240 -1.133432
v -10.233258 88.585449 -1.106498
v -10.429513 88.292595 -0.722519
v -10.349874 88.322227 -1.003608
v -10.541697 88.270256 -0.465933
v -10.568519 87.855766 -0.613350
v -10.519045 87.867599 -0.882265
v -10.638384 87.496826 -0.565208
v -10.608341 87.514008 -0.838855
v -10.690525 87.158928 -0.527852
v -10.662550 87.168388 -0.803435
v -10.713673 86.799210 -0.479510
v -10.687089 86.805016 -0.757842
v -10.765474 86.017807 -0.397659
v -10.738686 86.007263 -0.692881
v -10.433392 87.870049 -1.216699
v -10.312349 88.263283 -1.263295
v -10.505541 87.522148 -1.182366
v -10.564939 87.169754 -1.148876
v -10.605886 86.802849 -1.101808
v -10.672852 86.204735 -1.070180
v -10.702862 85.965210 -1.060679
v -10.768442 85.225441 -0.657740
v -10.789904 85.252342 -0.328127
v -10.835560 86.026733 -0.209626
v -10.845850 85.270508 -0.125656
v -10.738310 86.791435 -0.290727
v -10.711344 87.153206 -0.323577
v -10.692672 87.490707 -0.356527
v -10.642382 87.843025 -0.392114
v -10.892820 86.777512 -0.030325
v -10.972351 86.040855 0.039868
v -10.828598 87.139763 -0.052187
v -10.807794 87.473083 -0.077769
v -10.794975 87.823441 -0.121495
v -10.730733 88.248093 -0.196002
v -11.131140 86.759506 0.177661
v -11.201906 86.050194 0.241737
v -11.078773 87.122086 0.159504
v -11.049339 87.448616 0.149582
v -11.035803 87.796822 0.101851
v -10.990345 88.221855 0.035755
v -11.017312 85.294350 0.111346
v -11.262562 85.316833 0.302987
v -10.661860 88.584129 -0.256186
v -10.608572 88.846230 -0.277278
v -10.897816 88.848755 -0.043407
v -10.935669 88.570763 -0.020848
v -10.533610 89.129242 -0.284359
v -10.840673 89.175186 -0.074372
v -10.432657 89.412132 -0.275006
v -10.740561 89.498062 -0.083939
v -10.325369 89.690163 -0.260989
v -10.628235 89.814827 -0.083423
v -10.174377 89.961327 -0.259917
v -10.001934 90.221657 -0.258495
v -10.278337 90.341797 -0.073327
v -10.460425 90.086006 -0.075312
v -9.823092 90.472229 -0.252159
v -10.092361 90.586639 -0.065179
v -9.630468 90.697945 -0.221932
v -9.886911 90.798820 -0.018009
v -10.147777 86.604958 -1.923518
v -10.423406 86.475853 -1.666090
v -10.519951 86.125496 -1.722042
v -10.260226 86.325760 -1.969388
v -10.085602 86.492188 -2.113534
v -9.968062 86.710045 -2.066548
v -10.580713 86.360153 -1.367819
v -10.340982 86.829865 -1.653871
v -10.516193 86.799889 -1.378571
v -10.025025 86.886322 -1.877362
v -9.870888 86.937691 -2.034325
v -10.272321 87.112198 -1.659025
v -10.464509 87.134178 -1.408200
v -9.976346 87.157562 -1.884072
v -9.824408 87.262436 -2.052663
v -10.233596 87.369316 -1.674440
v -10.399878 87.454475 -1.425786
v -10.213873 87.628426 -1.704657
v -10.348405 87.770142 -1.456011
v -9.960157 87.302895 -1.900256
v -9.969437 87.493736 -1.949246
v -9.818293 87.424843 -2.093505
v -10.191099 87.886848 -1.735880
v -10.291058 88.082344 -1.491197
v -9.995764 87.682625 -2.002925
v -9.842669 87.593948 -2.149848
v -10.645099 86.022110 -1.375289
v -11.085051 86.642586 -3.117455
v -11.481491 86.604935 -3.008847
v -11.439047 86.755249 -3.076992
v -11.049709 86.760658 -3.155517
v -12.119617 86.519051 -2.801009
v -12.089890 86.705650 -2.866178
v -12.689606 86.452309 -2.657969
v -12.665537 86.702858 -2.738769
v -11.349937 86.973572 -3.147382
v -10.986144 86.950027 -3.190450
v -12.000669 86.950333 -2.955126
v -12.569523 86.974236 -2.844967
v -11.247668 87.204834 -3.168776
v -10.914277 87.158081 -3.215545
v -11.881252 87.221130 -3.021629
v -12.422069 87.267578 -2.956242
v -11.146437 87.431633 -3.163604
v -10.824762 87.427582 -3.212807
v -11.738533 87.493477 -3.067151
v -12.235169 87.579460 -3.024307
v -11.065773 87.649376 -3.130537
v -10.780308 87.626755 -3.155480
v -11.588938 87.756798 -3.090869
v -12.011514 87.892853 -3.076297
v -12.383780 88.027496 -3.102906
v -12.691170 87.719833 -3.032126
v -12.910224 87.393044 -2.917359
v -13.086094 87.080177 -2.773299
v -13.157749 86.743698 -2.649942
v -13.149085 86.414497 -2.563686
v -13.395756 86.052185 -2.445611
v -13.476140 86.401779 -2.488181
v -13.084829 86.114906 -2.502378
v -13.956159 86.273544 -2.212878
v -14.145803 86.716316 -2.279013
v -13.882769 86.761414 -2.439205
v -13.730164 86.344002 -2.377004
v -14.481041 86.093491 -1.544932
v -14.672228 86.632515 -1.600507
v -14.394300 86.678825 -2.022823
v -14.199402 86.183777 -1.946939
v -14.642008 86.043427 -1.134609
v -14.840349 86.592819 -1.168426
v -14.315741 87.056831 -2.337631
v -14.019858 87.123833 -2.513090
v -15.007877 86.947235 -1.202121
v -14.829733 86.986328 -1.651238
v -14.174959 87.447083 -2.582751
v -13.858582 87.565178 -2.746424
v -13.599455 87.240753 -2.698005
v -14.482493 87.394508 -2.389662
v -14.995218 87.337288 -1.705197
v -14.721956 87.366966 -2.145824
v -14.547184 87.023018 -2.080716
v -15.180532 87.296387 -1.233723
v -14.327508 87.747978 -2.661842
v -14.016237 87.819420 -2.804488
v -14.650019 87.700630 -2.451263
v -14.874395 87.683289 -2.197918
v -15.171921 87.666611 -1.748883
v -15.252217 87.280914 -0.891813
v -15.068151 86.929779 -0.873686
v -14.889818 86.577774 -0.857070
v -14.693596 86.023598 -0.839419
v -14.489014 85.439445 -1.083855
v -14.548813 85.414032 -0.805607
v -14.671844 86.003067 -0.473180
v -14.529254 86.001457 -0.133511
v -14.684875 86.556519 -0.132963
v -14.854553 86.555328 -0.479787
v -14.281425 86.014496 0.157350
v -14.420623 86.579559 0.162588
v -13.951832 86.041695 0.379695
v -14.053881 86.646622 0.363456
v -14.834616 86.913742 -0.133995
v -15.017767 86.912498 -0.484853
v -14.535528 86.952362 0.156278
v -14.158875 87.048676 0.357641
v -15.005514 87.260101 -0.129716
v -15.204081 87.259163 -0.488824
v -14.685902 87.313667 0.154912
v -14.287344 87.443245 0.331237
v -13.864486 85.404892 0.389188
v -14.157433 85.405510 0.152773
v -14.380954 85.396492 -0.130912
v -14.522305 85.395348 -0.456948
v -8.818888 59.705971 1.728230
v -8.875196 60.163292 1.773231
v -8.639856 59.729916 1.595020
v -8.688614 60.200600 1.634872
v -8.497558 59.754311 1.460656
v -8.552572 60.231255 1.505037
v -8.336618 59.801682 1.268988
v -8.404739 60.270355 1.320269
v -7.393108 56.736393 0.698527
v -7.348581 56.770134 0.605524
v -7.573278 57.156273 0.726271
v -7.262707 56.853741 0.364991
v -7.486303 57.247200 0.502765
v -7.732598 57.812889 0.644394
v -7.447457 57.341148 0.306252
v -7.696527 57.905342 0.491821
v -7.806217 57.695492 0.839471
v -7.990256 58.380978 0.922046
v -8.126982 58.307198 1.130722
v -7.945852 57.590469 1.077477
v -7.896065 58.473946 0.690372
v -8.114060 59.068924 1.008192
v -8.228361 58.972908 1.191667
v -8.037725 59.162258 0.808251
v -8.175021 59.459290 1.057229
v -8.235849 59.851830 1.106540
v -8.283592 59.388458 1.230616
v -8.105476 59.525703 0.869459
v -8.175034 59.899197 0.932398
v -7.717299 57.065849 0.981954
v -7.862809 57.025238 1.141324
v -7.627224 56.637604 1.047117
v -7.490103 56.679085 0.881720
v -8.309637 60.301193 1.160994
v -8.248477 60.330109 0.993988
v -7.859562 58.636250 0.457075
v -7.997852 59.250603 0.589785
v -7.678010 58.028503 0.295856
v -7.429859 57.433258 0.095626
v -7.438867 57.533100 -0.148139
v -7.690803 58.159691 0.057058
v -7.477800 57.658749 -0.414984
v -7.743171 58.277752 -0.198927
v -7.551393 57.724289 -0.599338
v -7.824213 58.329918 -0.369004
v -7.867807 58.740028 0.202169
v -7.976123 58.849308 -0.136400
v -8.013315 59.325500 0.325994
v -8.145435 59.402031 -0.007713
v -8.090968 59.653900 0.390810
v -8.174326 60.006149 0.460350
v -8.143227 59.946999 0.734076
v -8.068615 59.589470 0.659920
v -8.234962 59.732758 0.057240
v -8.329413 60.082306 0.125674
v -8.425308 60.464603 0.198967
v -8.258462 60.398441 0.531726
v -8.239405 58.491718 -0.728246
v -8.394777 58.966301 -0.583036
v -8.171705 58.920444 -0.415345
v -7.991812 58.406563 -0.570030
v -8.531653 58.559261 -0.818747
v -8.662371 58.998257 -0.694261
v -8.841951 58.592216 -0.862647
v -8.962024 59.017395 -0.758545
v -9.152145 59.884171 -0.593429
v -9.202291 60.239128 -0.526249
v -8.959298 60.206223 -0.422233
v -8.883442 59.864433 -0.493227
v -8.642937 59.834114 -0.357462
v -8.728783 60.172195 -0.278255
v -8.536270 60.137028 -0.114533
v -8.442222 59.794373 -0.190393
v -9.265419 60.646431 -0.440674
v -9.039217 60.618118 -0.339861
v -8.721817 60.555923 -0.109593
v -8.821383 61.106224 0.001361
v -9.098816 61.134346 -0.212344
v -9.190104 61.651169 -0.123473
v -8.908297 61.660812 0.107836
v -8.850667 61.296848 1.765257
v -8.871041 61.789421 1.782529
v -11.042297 58.484314 -0.908158
v -11.200411 58.483578 -0.912853
v -11.138060 58.895264 -0.834808
v -10.991631 58.917679 -0.828814
v -11.349676 58.471962 -0.917322
v -11.294727 58.891869 -0.835595
v -11.504316 58.452038 -0.898973
v -11.447856 58.874241 -0.815735
v -11.655697 58.422112 -0.847018
v -11.591471 58.849792 -0.760325
v -11.789331 58.384140 -0.772699
v -11.714159 58.818359 -0.680012
v -11.902201 58.344276 -0.693595
v -11.823017 58.779381 -0.587286
v -12.046022 58.281120 -0.528898
v -11.983442 58.710472 -0.396327
v -11.240237 59.317307 -0.764067
v -11.084972 59.327858 -0.764694
v -11.387238 59.297974 -0.743288
v -11.638365 59.242485 -0.609084
v -11.520473 59.273102 -0.690055
v -11.764654 59.198940 -0.492337
v -11.205938 59.742645 -0.701497
v -11.600923 59.658108 -0.521024
v -11.477545 59.693657 -0.611689
v -11.743341 59.607723 -0.387634
v -11.938608 59.115135 -0.284120
v -11.588764 60.077938 -0.421657
v -11.456753 60.118271 -0.525524
v -11.906734 59.526394 -0.182917
v -11.319159 60.580524 -0.514293
v -11.331407 60.149845 -0.598725
v -11.589314 60.505886 -0.317892
v -11.446907 60.547600 -0.432614
v -11.732630 60.027271 -0.286255
v -11.315435 61.013588 -0.423555
v -11.724752 60.466255 -0.189039
v -11.882219 59.964218 -0.085616
v -11.586391 60.951797 -0.217234
v -11.461260 60.978279 -0.320467
v -10.901410 58.495300 -0.906515
v -11.706535 60.957611 -0.093714
v -11.862169 60.436512 0.010386
v -11.997927 57.957001 -0.764965
v -12.105833 57.885757 -0.671277
v -11.058769 58.085213 -0.996645
v -11.230366 58.085960 -0.998854
v -10.879886 58.072948 -1.003081
v -11.958697 59.936985 0.130619
v -11.941678 60.427776 0.224012
v -11.965239 59.942841 0.433069
v -11.955898 60.425873 0.513156
v -11.915876 59.964294 0.677784
v -11.907575 60.439106 0.749134
v -11.916409 60.997246 0.328822
v -11.843851 60.975437 0.112379
v -11.894852 61.001068 0.884348
v -11.929867 61.007942 0.608221
v -11.814558 61.468800 0.158374
v -11.719818 61.455933 0.019671
v -11.908525 61.487247 0.408593
v -11.924202 61.485023 0.674021
v -11.885325 61.477940 0.981375
v -11.520401 61.965088 -0.090304
v -11.529918 61.452759 -0.164607
v -11.722549 61.966969 0.107970
v -11.841366 61.983009 0.265971
v -11.910797 61.982002 0.445101
v -11.930532 61.983860 0.735343
v -11.902987 61.996948 1.023144
v -11.818422 61.469391 1.169903
v -11.834005 61.985249 1.205731
v -11.826945 61.001514 1.096742
v -11.835070 59.972462 0.951189
v -11.731686 59.940346 1.218930
v -11.751286 60.457001 1.225910
v -11.832579 60.457703 1.021648
v -11.589918 60.398956 1.530641
v -11.627566 59.878040 1.432603
v -11.551053 59.834953 1.559304
v -11.325274 59.796501 1.830718
v -11.336475 60.349068 1.851034
v -11.348565 60.881447 1.877599
v -11.589035 60.927006 1.579115
v -11.117416 60.341564 2.040202
v -11.149472 60.864273 2.052803
v -11.593741 61.421169 1.621339
v -11.743233 61.454910 1.353944
v -11.745924 60.976765 1.295932
v -11.335083 61.378540 1.922189
v -11.114241 61.356815 2.118645
v -10.905931 60.845112 2.210982
v -10.912991 61.326866 2.238387
v -10.930319 61.791481 2.271938
v -11.108564 61.812180 2.156399
v -11.848284 59.428711 0.868345
v -11.880808 58.847942 0.778771
v -11.769896 58.785419 1.086564
v -11.740313 59.395958 1.151391
v -11.927229 58.382797 0.716267
v -11.829808 58.255325 1.043233
v -12.052027 57.760498 0.625703
v -11.946466 57.615368 0.986062
v -11.682794 58.738503 1.313225
v -11.653221 59.338848 1.359397
v -11.748524 58.129482 1.283019
v -11.852871 57.510502 1.252059
v -11.582908 58.664677 1.511807
v -11.551634 59.260551 1.542825
v -11.644875 58.038208 1.497100
v -11.747926 57.379097 1.488197
v -11.835415 56.861992 1.531565
v -11.937038 56.915661 1.338810
v -12.114734 57.148266 0.795990
v -12.029726 57.017387 1.092099
v -12.018489 59.045788 -0.056408
v -11.983121 59.476646 0.037996
v -12.060925 58.641083 -0.153340
v -12.139599 58.160316 -0.279037
v -12.018937 58.963974 0.246993
v -11.972775 59.451580 0.342890
v -12.042178 58.570614 0.165089
v -12.146286 58.014702 0.035284
v -11.970781 58.910255 0.491995
v -11.940488 59.445332 0.590356
v -12.006674 58.493156 0.416098
v -12.115435 57.903271 0.311485
v -12.229567 57.450981 0.179838
v -12.241811 57.575600 -0.090409
v -12.220966 57.708916 -0.377849
v -12.177300 57.822655 -0.567325
v -11.086285 59.832394 2.034011
v -10.853937 60.309826 2.198329
v -10.691755 60.809662 2.312856
v -11.536768 57.433491 1.747764
v -11.463548 58.052711 1.726803
v -11.402285 58.632969 1.742292
v -11.324876 59.221169 1.812983
v -10.898384 55.702038 -1.910997
v -11.185654 55.794640 -1.948063
v -11.146576 56.112289 -1.731053
v -10.859713 56.034439 -1.690385
v -11.484354 55.856346 -1.988979
v -11.441078 56.152889 -1.773528
v -11.792755 55.878628 -2.021977
v -11.751310 56.151810 -1.800843
v -12.101107 55.854637 -2.021135
v -12.056175 56.106506 -1.788003
v -12.404013 55.789040 -2.004776
v -12.338184 56.002518 -1.746756
v -12.697485 55.704872 -1.989725
v -12.617346 55.893082 -1.709808
v -12.996450 55.575272 -1.970112
v -12.903519 55.766014 -1.687683
v -11.128187 56.455730 -1.539241
v -10.837278 56.402348 -1.501074
v -11.417036 56.473595 -1.596049
v -11.721411 56.456322 -1.618229
v -12.002890 56.384659 -1.590301
v -12.268145 56.268852 -1.547025
v -12.522507 56.137024 -1.487555
v -12.774427 55.989170 -1.439531
v -11.120646 56.817070 -1.387124
v -10.842728 56.790512 -1.352032
v -11.396483 56.802826 -1.418407
v -11.677773 56.766335 -1.432235
v -11.934956 56.684288 -1.413077
v -12.179781 56.566032 -1.369760
v -12.408367 56.420528 -1.316646
v -12.626451 56.262131 -1.263269
v -10.866788 57.259880 -1.203735
v -11.111534 57.263176 -1.223322
v -11.351181 57.243347 -1.241536
v -11.591846 57.196274 -1.249386
v -11.826021 57.106514 -1.225347
v -12.060902 56.909290 -1.210721
v -12.274035 56.731052 -1.171615
v -12.466499 56.569206 -1.113000
v -12.826909 56.113434 -1.200354
v -12.648895 56.405655 -1.026396
v -12.973156 55.911354 -1.342173
v -13.054520 55.797874 -1.452745
v -13.125514 55.696381 -1.596655
v -13.169601 55.617706 -1.726471
v -13.203681 55.502823 -1.884532
v -13.220165 55.402542 -2.006269
v -13.012062 55.438835 -2.227864
v -13.250639 55.247177 -2.195620
v -12.728075 55.549271 -2.257881
v -12.426344 55.603832 -2.275363
v -12.120095 55.649048 -2.284530
v -11.810324 55.660255 -2.270992
v -11.506371 55.611725 -2.230900
v -11.211212 55.536499 -2.194374
v -10.928476 55.421097 -2.157271
v -11.998453 56.463024 1.484869
v -12.192848 56.118355 1.397054
v -12.032310 56.116394 1.686822
v -12.358713 55.917412 1.233981
v -12.367983 55.665276 1.422038
v -12.199695 55.908588 1.576692
v -12.550671 55.672211 1.041980
v -12.556087 55.404259 1.239775
v -12.713276 55.457993 0.875053
v -12.716432 55.161209 1.042657
v -11.889015 56.133446 1.887826
v -12.213848 55.587769 1.806347
v -12.072199 55.782238 1.894247
v -12.384113 55.292274 1.633155
v -12.551779 55.003418 1.427405
v -12.708540 54.689125 1.185905
v -11.919720 55.967682 1.974567
v -12.068128 55.464245 2.105579
v -11.909357 55.691780 2.188488
v -12.205256 55.227570 2.007684
v -12.368950 54.874924 1.805138
v -12.527566 54.561249 1.564916
v -12.639249 54.365669 1.353215
v -12.739510 54.200699 1.153060
v -12.038727 55.207901 2.237963
v -11.890306 55.470184 2.336627
v -12.172111 54.939590 2.133052
v -12.303951 54.641708 1.975247
v -12.364489 54.462696 1.846705
v -12.464787 54.186684 1.616676
v -12.579274 53.968765 1.387316
v -12.687078 53.773560 1.140613
v -11.833100 55.253746 2.463852
v -11.972815 54.957634 2.355118
v -12.093691 54.655018 2.235556
v -12.169214 54.359348 2.069203
v -12.280795 54.065491 1.889162
v -12.385448 53.806931 1.654019
v -12.494137 53.577179 1.396530
v -12.599879 53.382256 1.112589
v -12.834671 53.608856 0.836446
v -12.733212 53.229111 0.798539
v -12.882916 54.018082 0.892496
v -12.884726 54.522896 0.905504
v -12.874126 54.952282 0.832440
v -12.869955 55.243965 0.712196
v -12.737152 55.624855 0.679264
v -12.933025 55.339653 0.530299
v -12.554887 55.865921 0.847885
v -12.331251 56.142021 1.086791
v -12.122881 56.517616 1.218163
v -12.981510 55.109779 0.591502
v -13.003284 54.823265 0.658872
v -13.117075 54.916687 0.455152
v -13.135675 54.672852 0.498723
v -13.015842 54.452362 0.699122
v -13.137046 54.403065 0.502954
v -13.011274 54.029350 0.685026
v -13.132000 54.057884 0.476774
v -12.981604 53.691788 0.639744
v -13.120060 53.776894 0.437428
v -12.942711 53.472206 0.599797
v -12.874717 53.269150 0.584218
v -13.095521 53.592751 0.399895
v -13.248824 53.832031 0.215936
v -13.229319 53.627647 0.197187
v -13.244146 54.076744 0.252425
v -13.252012 54.379295 0.292457
v -13.248919 54.609173 0.312854
v -13.214659 54.835983 0.313744
v -13.128816 55.080627 0.359398
v -13.320338 54.892529 0.092115
v -13.380409 54.651291 0.054064
v -13.442250 54.994438 -0.194998
v -13.509372 54.732582 -0.203330
v -13.581043 54.812119 -0.367261
v -13.422257 54.409683 0.004150
v -13.582504 54.482498 -0.285081
v -13.676381 54.576294 -0.478070
v -13.437769 54.087158 -0.075894
v -13.610233 54.161209 -0.391495
v -13.714377 54.265175 -0.619254
v -13.441259 53.803894 -0.145150
v -13.614344 53.881332 -0.489014
v -13.728745 53.993332 -0.739830
v -13.356765 53.595581 -0.053753
v -13.487024 53.589165 -0.303219
v -13.620769 53.613060 -0.608745
v -13.725737 53.729446 -0.891655
v -13.195560 55.179314 0.166111
v -13.275660 55.289421 -0.078269
v -13.504017 55.125145 -0.391382
v -13.539989 55.210964 -0.506926
v -13.660542 55.025311 -0.647364
v -13.623679 54.911934 -0.518188
v -13.555084 55.305939 -0.632979
v -13.675998 55.141048 -0.776752
v -13.552910 55.398659 -0.747954
v -13.676332 55.265232 -0.891784
v -13.734330 54.891556 -0.742982
v -13.731388 54.696873 -0.642643
v -13.745302 55.026703 -0.878489
v -13.752706 55.169952 -0.995226
v -13.797676 54.760071 -0.830871
v -13.803038 54.907471 -0.976495
v -13.810579 55.071083 -1.096605
v -13.840130 54.550339 -0.975610
v -13.791338 54.394798 -0.807024
v -13.869341 54.734512 -1.127757
v -13.853640 54.964512 -1.204723
v -13.854931 54.864128 -1.299724
v -13.857368 54.347736 -1.120502
v -13.807274 54.159676 -0.941275
v -13.881546 54.551163 -1.278632
v -13.844723 54.739544 -1.407953
v -13.790361 53.938347 -1.081348
v -13.827249 54.154678 -1.257413
v -13.853981 54.391785 -1.416730
v -13.835011 54.580303 -1.524302
v -13.767048 54.890991 -1.500963
v -13.757624 54.763729 -1.612879
v -13.796202 55.001511 -1.398910
v -13.812202 55.103127 -1.298039
v -13.786556 55.197800 -1.191438
v -13.735014 55.285088 -1.086583
v -13.655018 55.368301 -0.981411
v -13.527998 55.490311 -0.841438
v -13.372295 55.590187 -0.584302
v -13.340467 55.683640 -0.708849
v -13.372925 55.516403 -0.481785
v -13.362717 55.382275 -0.321663
v -13.459999 55.612675 -0.925820
v -13.365200 55.709518 -0.993245
v -13.502376 55.595810 -1.133497
v -13.597451 55.493561 -1.057369
v -13.202824 55.834740 -1.099575
v -13.377930 55.686405 -1.201966
v -13.261705 55.754822 -1.253049
v -12.991137 55.989403 -1.134201
v -13.114873 55.832253 -1.296235
v -13.594276 55.510864 -1.251385
v -13.677229 55.404022 -1.169808
v -13.484612 55.604679 -1.318695
v -13.356085 55.676163 -1.379471
v -13.208708 55.731400 -1.419350
v -13.656345 55.423454 -1.370431
v -13.728973 55.313934 -1.283208
v -13.559299 55.524323 -1.444845
v -13.435818 55.603096 -1.508410
v -13.288902 55.654030 -1.554704
v -13.677642 55.315815 -1.486810
v -13.750303 55.212944 -1.393931
v -13.588898 55.412498 -1.570735
v -13.476080 55.494102 -1.641118
v -13.339161 55.554726 -1.695496
v -13.662752 55.200901 -1.589274
v -13.730580 55.105736 -1.494151
v -13.579702 55.291862 -1.675233
v -13.478178 55.371918 -1.750998
v -13.358253 55.433640 -1.820827
v -13.633572 55.082939 -1.685321
v -13.697237 54.997032 -1.592607
v -13.556002 55.178295 -1.767709
v -13.468185 55.260757 -1.844938
v -13.377699 55.295448 -1.936635
v -13.684845 54.885601 -1.691301
v -13.627589 54.944485 -1.781692
v -13.541712 55.077686 -1.851771
v -13.458134 55.190826 -1.908053
v -13.374958 55.159386 -2.082685
v -12.815319 56.220829 -0.986433
v -13.104730 55.931679 -0.995568
v -12.946571 56.110023 -0.862062
v -13.274021 55.785721 -0.858605
v -13.068939 55.988190 -0.715846
v -13.128677 55.678841 -0.197769
v -13.185598 55.757057 -0.433617
v -13.129398 55.899277 -0.598064
v -13.065102 55.578579 0.048663
v -12.994049 55.468895 0.300593
v -12.604935 56.005360 0.586793
v -12.793474 55.742817 0.438776
v -12.407785 56.294487 0.762563
v -12.213700 56.625858 0.933104
v -12.287528 56.765213 0.621698
v -12.468451 56.439705 0.457398
v -12.657639 56.140392 0.309973
v -12.854895 55.858871 0.176318
v -12.364336 57.061192 0.044479
v -12.340146 56.921120 0.311946
v -12.186811 57.309425 0.472121
v -12.327759 57.284592 -0.458320
v -12.360542 57.181293 -0.208260
v -12.284289 57.327217 -0.652236
v -12.507946 56.583954 0.175443
v -12.521984 56.714069 -0.079836
v -12.445761 56.963585 -0.529538
v -12.503782 56.835709 -0.314784
v -12.354496 57.107338 -0.693666
v -12.708013 56.387032 -0.198111
v -12.694946 56.270363 0.044879
v -12.686064 56.496216 -0.424885
v -12.611292 56.618874 -0.621390
v -12.521950 56.724289 -0.781863
v -12.927856 56.070732 -0.317884
v -12.901588 55.972958 -0.078230
v -12.919867 56.155228 -0.557245
v -12.790857 56.318901 -0.734674
v -12.690981 56.408852 -0.888393
v -12.434377 56.811859 -0.900614
v -12.248782 57.291813 -0.780162
v -11.872394 58.012711 -0.847869
v -11.984837 57.511391 -0.952901
v -12.126041 57.409775 -0.877017
v -11.728495 58.048504 -0.920453
v -11.826511 57.593395 -1.015647
v -11.567768 58.064617 -0.974225
v -11.654662 57.646854 -1.068921
v -11.398890 58.077942 -1.000166
v -11.467051 57.686516 -1.096405
v -11.273055 57.708778 -1.095441
v -11.078587 57.717583 -1.086625
v -10.878592 57.715530 -1.082951
v -12.151803 57.023869 -1.074944
v -12.301849 56.923744 -0.993946
v -11.992788 57.091793 -1.151770
v -8.684562 58.089516 -1.030030
v -8.344384 58.031273 -1.012766
v -8.260984 57.726009 -1.162374
v -8.580946 57.714005 -1.170179
v -8.020081 57.950333 -0.944761
v -7.963082 57.687717 -1.111438
v -7.743945 57.837723 -0.792659
v -7.579809 57.527222 -0.962683
v -7.877182 57.673866 -1.094367
v -8.226891 57.590775 -1.239738
v -7.895465 57.469467 -1.263382
v -7.395799 57.240074 -1.159599
v -7.728548 57.407227 -1.267182
v -8.096383 57.171120 -1.495018
v -8.461866 57.226189 -1.399782
v -7.783752 57.143223 -1.482923
v -7.217904 56.957939 -1.369199
v -7.576196 57.087822 -1.467971
v -7.994701 56.745213 -1.782292
v -8.249349 56.762299 -1.692844
v -7.763895 57.036209 -1.557079
v -7.045721 56.714706 -1.559936
v -7.498187 56.888550 -1.594335
v -8.382690 56.770947 -1.640365
v -7.724043 56.698051 -1.838120
v -6.953524 56.787117 -1.233260
v -7.170858 57.045609 -1.005896
v -7.375346 57.369171 -0.787701
v -7.437126 56.657337 -1.790181
v -7.411307 56.528172 -1.880071
v -7.071630 56.527435 -1.777649
v -7.099113 56.382973 -1.930370
v -6.750581 56.395226 -1.838926
v -6.828132 56.279587 -1.987457
v -8.113902 56.403637 -1.907052
v -8.330528 56.397842 -1.808251
v -7.895144 56.382557 -1.978654
v -7.651195 56.328705 -2.029985
v -7.381116 56.244236 -2.051899
v -7.142866 56.174381 -2.101084
v -6.572673 56.193253 -2.075404
v -6.746820 56.065941 -2.218498
v -6.923870 56.116035 -2.155106
v -8.060235 56.057228 -2.066512
v -8.286517 56.044338 -1.998941
v -7.836639 56.038471 -2.128844
v -7.616324 56.016647 -2.211975
v -7.367007 55.963547 -2.282729
v -7.168619 55.972084 -2.288962
v -6.960270 55.958923 -2.322900
v -6.541840 56.008850 -2.321694
v -6.761417 55.878868 -2.444608
v -7.141170 55.854702 -2.403284
v -6.958220 55.782631 -2.509827
v -6.574266 55.817566 -2.543512
v -6.766086 55.726959 -2.627486
v -8.045636 55.825462 -2.253536
v -8.267207 55.800873 -2.176241
v -7.819829 55.815758 -2.319998
v -7.593173 55.787590 -2.377860
v -7.370696 55.749420 -2.454346
v -7.137528 55.710266 -2.559931
v -8.041804 55.664337 -2.424008
v -8.264682 55.634705 -2.352472
v -7.813334 55.654671 -2.486546
v -7.588212 55.634682 -2.557945
v -7.368697 55.606205 -2.646416
v -7.142708 55.607681 -2.756069
v -6.958664 55.659481 -2.687277
v -8.285080 55.500862 -2.591317
v -8.058916 55.542854 -2.654132
v -7.830246 55.558651 -2.714221
v -7.606065 55.563034 -2.793589
v -7.387033 55.554520 -2.890928
v -7.160709 55.519695 -2.993522
v -6.962785 55.570374 -2.891042
v -6.596401 55.335922 -3.084441
v -6.631129 55.165699 -3.303058
v -6.792387 55.305729 -3.195880
v -6.379004 55.965763 -2.404990
v -6.454877 56.275307 -1.950128
v -6.238025 56.210014 -2.067589
v -6.358093 56.133568 -2.181689
v -6.086535 56.189178 -2.164839
v -6.205022 56.106186 -2.270444
v -5.953695 56.131622 -2.223577
v -5.853833 56.026024 -2.230629
v -5.946678 55.962860 -2.339095
v -6.066882 56.054756 -2.328925
v -6.099875 55.843040 -2.475278
v -6.234976 55.914040 -2.457572
v -5.841766 55.850826 -2.339766
v -5.973000 55.740150 -2.500168
v -6.415370 55.763306 -2.600789
v -6.118335 55.636368 -2.649826
v -6.267519 55.705719 -2.632860
v -5.979183 55.584915 -2.667140
v -5.791155 55.632690 -2.498978
v -5.835713 55.510063 -2.672083
v -6.203132 55.501549 -2.797436
v -6.409225 55.594730 -2.765212
v -5.970690 55.436043 -2.810194
v -5.817080 55.366245 -2.810379
v -6.189509 55.357231 -2.926054
v -6.417392 55.415619 -2.915792
v -5.958122 55.284889 -2.936658
v -5.802098 55.215759 -2.929138
v -6.182213 55.213142 -3.082414
v -6.428057 55.276047 -3.076392
v -5.935141 55.146744 -3.085013
v -5.771858 55.084381 -3.073627
v -6.427647 55.151955 -3.257681
v -6.165239 55.093605 -3.255308
v -5.905780 55.028671 -3.249352
v -5.744277 54.953773 -3.223100
v -5.625884 55.001678 -3.046261
v -5.639067 54.874847 -3.176262
v -5.657873 55.139717 -2.914438
v -5.678168 55.291901 -2.800535
v -5.714887 55.438499 -2.668968
v -5.872028 56.161674 -2.131649
v -6.130774 56.257713 -1.955471
v -5.982814 56.236301 -2.052529
v -7.216359 57.050705 -0.073969
v -7.241894 57.160923 -0.339774
v -6.911001 56.621666 -0.304462
v -6.986253 56.788746 -0.570383
v -6.600812 56.305897 -0.515752
v -6.716759 56.490189 -0.820764
v -6.345354 56.088242 -0.665687
v -6.422243 56.213226 -0.867795
v -6.530074 56.321297 -1.071444
v -7.295937 57.288162 -0.613066
v -7.090492 56.946770 -0.832928
v -6.838438 56.650894 -1.072263
v -6.628085 56.457195 -1.264177
v -6.733739 56.579216 -1.419405
v -6.494404 56.418617 -1.577719
v -6.639247 56.470650 -1.692101
v -6.405448 56.306675 -1.431071
v -6.308395 56.164970 -1.239219
v -6.201154 56.039749 -1.029830
v -6.113091 55.907547 -0.813799
v -5.892141 55.765175 -1.055899
v -5.982011 55.903595 -1.240778
v -5.718263 55.667217 -1.237544
v -5.806360 55.816238 -1.403958
v -5.586195 55.608604 -1.351226
v -5.682591 55.754761 -1.513659
v -6.074509 56.044220 -1.422881
v -5.889061 55.969673 -1.569124
v -5.756862 55.914555 -1.671446
v -6.160338 56.189034 -1.591757
v -5.960231 56.123631 -1.722466
v -5.817746 56.074165 -1.822824
v -6.236546 56.298645 -1.727790
v -6.029234 56.238144 -1.851927
v -5.882246 56.197678 -1.949109
v -6.344139 56.322876 -1.832672
v -5.784975 56.111683 -2.049390
v -5.710503 55.998360 -1.931068
v -5.639959 55.846703 -1.777549
v -5.566103 55.686234 -1.623475
v -5.466678 55.540840 -1.469087
v -5.353835 55.383247 -1.608252
v -5.283239 55.212612 -1.753149
v -5.354320 55.384514 -1.914038
v -5.433854 55.555969 -1.765081
v -5.250663 55.037453 -1.906528
v -5.307700 55.217789 -2.066925
v -5.239961 54.860485 -2.062132
v -5.279685 55.041649 -2.224135
v -5.259305 54.685944 -2.218474
v -5.302794 54.865944 -2.376722
v -5.290663 54.509758 -2.382742
v -5.316824 54.694427 -2.528434
v -5.372845 54.384098 -2.569100
v -5.372445 54.520409 -2.679235
v -5.475025 54.220879 -2.710624
v -5.465471 54.354599 -2.814123
v -5.456829 55.550079 -2.064436
v -5.528296 55.717300 -1.915497
v -5.384877 55.309212 -2.281225
v -5.351426 55.064957 -2.507302
v -5.352406 54.895836 -2.654730
v -5.386349 54.726112 -2.792767
v -5.467375 54.557804 -2.912550
v -5.598590 55.688080 -2.192496
v -5.641921 55.857101 -2.059504
v -5.535461 55.467354 -2.392487
v -5.468842 55.254646 -2.609993
v -5.451067 55.095684 -2.753010
v -5.450109 54.937550 -2.884909
v -5.493576 54.765488 -2.995634
v -5.724907 55.789459 -2.275474
v -5.749733 55.960846 -2.158535
v -5.674816 55.573044 -2.450604
v -5.607072 55.373566 -2.650445
v -5.579848 55.222145 -2.786963
v -5.567011 55.068466 -2.906262
v -5.547804 54.920204 -3.039754
v -5.594161 54.770729 -3.144591
v -5.562171 54.596760 -3.096433
v -5.558659 54.390923 -3.029077
v -5.567875 54.185532 -2.944692
v -5.570574 54.040550 -2.850491
v -5.470224 54.137398 -2.628528
v -5.536360 53.955032 -2.777359
v -5.376950 54.309689 -2.481427
v -6.073981 55.753098 -0.601885
v -6.073094 55.585133 -0.398234
v -5.815339 55.483910 -0.693926
v -5.831387 55.631889 -0.871140
v -6.098584 55.416237 -0.201597
v -5.837453 55.323280 -0.517746
v -6.138663 55.256351 -0.025946
v -5.890436 55.118095 -0.317252
v -5.635098 55.396458 -0.921654
v -5.666913 55.527332 -1.080968
v -5.642447 55.250793 -0.762995
v -5.701444 55.051216 -0.573714
v -5.523544 55.330009 -1.080021
v -5.537499 55.468071 -1.211375
v -5.527009 55.190285 -0.944938
v -5.567849 55.001289 -0.780177
v -5.419955 55.401154 -1.347405
v -5.409867 55.265297 -1.236944
v -5.424827 55.126480 -1.123528
v -5.462357 54.945004 -0.972169
v -6.948494 56.446320 0.170135
v -6.917377 56.537354 -0.070230
v -7.224382 56.949154 0.145276
v -7.042943 56.382172 0.427360
v -7.145115 56.326931 0.629716
v -6.683869 56.163177 0.002512
v -6.637650 56.253326 -0.249913
v -6.751266 56.062408 0.261252
v -6.545794 56.018913 -0.087036
v -6.555778 56.172695 -0.301710
v -6.554303 55.863747 0.126899
v -6.845667 55.979160 0.489430
v -6.580841 55.701485 0.333623
v -6.303331 55.775803 -0.238645
v -6.303084 55.943840 -0.451094
v -6.321917 55.608940 -0.027102
v -6.350851 55.440506 0.170840
v -6.342064 55.202736 0.297210
v -6.139027 55.013306 0.086772
v -6.594181 55.481083 0.497037
v -6.996486 55.893608 0.745070
v -5.310078 55.247101 -1.478222
v -5.318349 55.114674 -1.368511
v -5.251784 54.953796 -1.505619
v -5.256809 55.075401 -1.625474
v -5.353683 54.986298 -1.258218
v -5.262568 54.837997 -1.380514
v -5.374335 54.860214 -1.136070
v -5.299434 54.725952 -1.257578
v -5.190592 54.793633 -1.643262
v -5.206036 54.907974 -1.772591
v -5.205644 54.683144 -1.511160
v -5.238813 54.581543 -1.375353
v -5.185741 54.617832 -1.785794
v -5.202189 54.728107 -1.923898
v -5.180493 54.513412 -1.643767
v -5.185828 54.426186 -1.489809
v -5.229818 54.444687 -1.926046
v -5.237330 54.551800 -2.073234
v -5.200398 54.372940 -1.809560
v -5.178742 54.328346 -1.729781
v -5.180670 54.269073 -1.605729
v -5.307784 54.338219 -2.133769
v -5.295397 54.415215 -2.254052
v -5.306128 54.277367 -2.030875
v -5.282297 54.213326 -1.932256
v -5.253604 54.164345 -1.850005
v -5.220659 54.102303 -1.724725
v -5.388703 54.170753 -2.267882
v -5.383926 54.255836 -2.394952
v -5.386512 54.096275 -2.130540
v -5.367386 54.042679 -2.045005
v -5.340301 53.994682 -1.955639
v -5.287979 53.934822 -1.826650
v -5.442667 53.977562 -2.408577
v -5.458430 54.070908 -2.542238
v -5.433145 53.899101 -2.264986
v -5.431020 53.852974 -2.167022
v -5.414280 53.812424 -2.065677
v -5.355083 53.763222 -1.923961
v -5.521587 53.878517 -2.688538
v -5.479502 53.783905 -2.544737
v -5.468028 53.704033 -2.388332
v -5.475064 53.662903 -2.277528
v -5.496726 53.636841 -2.163459
v -5.432089 53.581001 -2.010412
v -5.291845 53.725090 -1.777744
v -5.349593 53.558052 -1.855584
v -5.238170 53.888260 -1.685824
v -5.218861 54.053001 -1.582161
v -5.222753 54.217461 -1.476987
v -5.237125 54.368992 -1.372161
v -5.268664 54.513649 -1.265468
v -5.328758 54.640488 -1.162053
v -5.403568 54.742844 -1.035902
v -5.506703 54.772781 -0.855650
v -7.421735 55.789150 1.280154
v -7.208446 55.702396 1.120621
v -7.245454 55.828869 1.083744
v -7.091108 55.174507 1.303638
v -7.325092 55.381195 1.435613
v -7.310549 55.205933 1.507210
v -7.066811 54.947731 1.363213
v -7.317208 54.993378 1.546396
v -7.074977 54.726265 1.388287
v -6.992105 55.538479 0.965675
v -7.121218 55.849854 0.928753
v -6.875513 54.941254 1.128502
v -6.933252 55.255161 1.052516
v -7.133652 55.446682 1.195962
v -6.851181 54.700760 1.165811
v -6.861975 54.473915 1.174261
v -6.800319 55.397957 0.793591
v -6.736611 55.052162 0.878626
v -6.678284 54.711472 0.930354
v -6.654792 54.461136 0.945459
v -6.667400 54.227608 0.937651
v -6.565170 55.171810 0.605216
v -6.529842 54.823891 0.682922
v -6.495978 54.489563 0.708086
v -6.469155 54.231308 0.705455
v -6.482625 53.970589 0.684046
v -6.324500 54.591148 0.451392
v -6.332089 54.913586 0.383403
v -6.306847 54.272087 0.466862
v -6.293398 53.990295 0.450186
v -6.316933 53.728539 0.407719
v -6.157081 54.423225 0.216770
v -6.149831 54.734589 0.164099
v -6.134679 54.049408 0.185916
v -6.152312 53.778931 0.169879
v -6.176443 53.522789 0.110812
v -5.874310 53.485619 -0.441156
v -5.736577 53.491104 -0.688828
v -5.731263 53.697464 -0.593282
v -5.866254 53.705376 -0.353378
v -5.893385 53.212212 -0.563468
v -6.036665 53.336349 -0.221297
v -6.101163 52.979080 -0.279690
v -5.967631 52.808571 -0.674548
v -6.540475 53.630096 0.678827
v -6.378881 53.394836 0.384646
v -6.717403 53.879364 0.951805
v -6.908913 54.150703 1.201484
v -7.119803 54.423164 1.414405
v -7.338670 54.715721 1.589292
v -7.605659 55.089264 1.683520
v -7.608304 55.477509 1.573024
v -7.656746 55.778622 1.467679
v -7.387134 55.643169 1.335461
v -5.803410 54.590096 -0.356319
v -5.754505 54.838173 -0.441715
v -5.932168 54.896416 -0.188871
v -5.968213 54.636169 -0.101822
v -5.696301 54.297588 -0.542931
v -5.662990 54.573860 -0.580524
v -5.838254 54.302174 -0.307709
v -5.564628 54.044235 -0.797931
v -5.564293 54.312199 -0.764346
v -5.716311 53.982277 -0.544769
v -5.860161 53.968445 -0.299706
v -5.543287 54.555946 -0.784436
v -5.619169 54.804443 -0.658972
v -5.437532 54.539330 -0.963813
v -5.445529 54.319946 -0.965380
v -5.420537 54.106186 -1.041121
v -5.333667 54.329998 -1.158279
v -5.341767 54.500420 -1.121605
v -5.294560 54.154221 -1.250255
v -5.398933 53.907585 -1.159341
v -5.263648 53.970291 -1.354721
v -5.289111 53.789474 -1.466962
v -5.405740 53.707085 -1.259409
v -5.341536 53.624207 -1.618603
v -5.433132 53.504524 -1.419950
v -5.429975 53.410210 -1.881407
v -5.469503 53.237106 -1.800722
v -5.493627 53.250908 -1.989759
v -5.515306 53.447250 -2.069872
v -5.603511 53.009399 -1.603338
v -5.569558 52.981499 -1.843271
v -5.737546 52.772736 -1.423518
v -5.709209 52.728119 -1.716096
v -5.509924 53.260254 -2.179006
v -5.534830 53.462608 -2.237128
v -5.583704 52.965942 -2.093850
v -5.723066 52.693054 -2.020526
v -5.520175 53.287148 -2.361167
v -5.520073 53.489723 -2.343576
v -5.613039 52.987000 -2.335648
v -5.750371 52.707527 -2.318276
v -5.661334 53.083801 -2.570253
v -5.549336 53.361305 -2.547054
v -5.785557 52.812790 -2.602158
v -5.710373 53.198311 -2.764817
v -5.589471 53.436081 -2.669084
v -5.835076 52.959656 -2.856759
v -5.529540 53.611847 -2.615246
v -5.644773 53.584244 -2.852330
v -5.576536 53.730087 -2.774494
v -5.749289 53.367371 -2.970164
v -5.812922 53.145378 -3.101642
v -5.398046 53.444939 -1.782342
v -5.605200 53.843735 -2.875416
v -5.670102 53.730965 -2.977090
v -5.771640 53.563255 -3.127009
v -5.867939 53.394409 -3.279179
v -5.870812 52.946678 -3.252446
v -5.925585 53.229477 -3.452266
v -5.863081 52.724861 -2.983080
v -5.851869 52.562263 -2.683346
v -5.849066 52.447388 -2.357738
v -5.827042 52.430252 -2.004376
v -5.834038 52.480522 -1.652634
v -5.858133 52.541817 -1.325839
v -5.621718 53.107903 -1.353307
v -5.569856 53.359879 -1.167217
v -5.754992 53.194580 -0.856330
v -5.768579 52.907845 -1.090709
v -5.902056 52.639175 -1.009619
v -5.989916 52.389771 -0.949804
v -5.929027 52.294441 -1.311798
v -6.050290 52.146172 -0.926644
v -5.988323 52.046791 -1.325233
v -6.114247 51.911919 -0.912153
v -6.072747 51.811142 -1.340635
v -5.919494 52.252213 -1.693592
v -5.964347 52.010307 -1.735201
v -6.042988 51.781113 -1.777102
v -5.908995 52.218117 -2.077358
v -5.965613 51.993843 -2.146877
v -6.048251 51.779022 -2.213718
v -5.894965 52.240524 -2.465659
v -5.956789 52.031822 -2.561155
v -6.035048 51.825333 -2.649782
v -5.885374 52.373260 -2.818755
v -5.957601 52.184021 -2.937867
v -6.026438 51.986816 -3.046688
v -5.909158 52.552048 -3.131709
v -5.957737 52.377876 -3.278426
v -6.035888 52.204315 -3.414641
v -5.913601 52.793892 -3.430167
v -6.002719 52.639481 -3.587925
v -6.103022 52.486229 -3.732954
v -5.969858 53.084694 -3.645094
v -6.067901 52.952370 -3.826355
v -6.135406 52.812798 -4.015341
v -6.129499 52.393929 -3.830886
v -6.185860 52.739426 -4.122577
v -6.065669 52.101212 -3.492934
v -6.055633 51.870125 -3.109774
v -6.065616 51.704285 -2.696070
v -6.079869 51.650101 -2.250252
v -6.077794 51.643311 -1.797512
v -6.109426 51.672546 -1.344427
v -6.140054 51.774376 -0.898539
v -6.191608 52.038429 -0.507505
v -6.233931 51.915596 -0.479358
v -6.143970 52.272041 -0.549461
v -6.077547 52.519539 -0.596423
v -5.948271 53.464264 -3.542591
v -6.014258 53.320564 -3.727840
v -6.025342 53.578400 -3.789857
v -6.005981 53.708366 -3.601168
v -6.085897 53.192284 -3.920574
v -6.096663 53.461784 -3.975199
v -6.168749 53.071899 -4.114619
v -6.179998 53.351685 -4.159933
v -6.074161 53.837128 -3.816214
v -6.014704 53.962051 -3.649989
v -6.128356 53.736755 -3.998630
v -6.180707 53.643021 -4.185181
v -6.117495 54.100250 -3.820835
v -6.055875 54.218178 -3.666308
v -6.174211 54.007980 -3.992984
v -6.225900 53.922813 -4.170948
v -6.176941 54.351059 -3.807095
v -6.108309 54.453003 -3.659935
v -6.240230 54.270882 -3.972368
v -6.291914 54.198257 -4.147891
v -6.281101 54.570759 -3.747535
v -6.204462 54.669823 -3.609381
v -6.323402 54.501934 -3.918399
v -6.375383 54.441635 -4.088249
v -6.394124 54.778942 -3.674126
v -6.329825 54.862686 -3.539214
v -6.436803 54.717499 -3.831121
v -6.466161 54.675262 -3.999130
v -6.535398 54.949982 -3.564413
v -6.478043 55.014854 -3.421385
v -6.564962 54.915112 -3.726579
v -6.585829 54.889835 -3.893027
v -6.692151 55.105545 -3.451884
v -6.721760 55.087151 -3.619965
v -6.751500 55.068535 -3.788401
v -6.585086 54.885345 -3.980439
v -6.759357 55.070404 -3.879041
v -6.463309 54.664928 -4.090366
v -6.379492 54.423813 -4.188343
v -6.306497 54.167091 -4.247940
v -6.237109 53.882393 -4.273996
v -6.200946 53.590057 -4.288933
v -6.208904 53.294807 -4.272456
v -6.203756 53.004921 -4.232101
v -5.621460 53.951363 -2.961185
v -5.678513 53.862740 -3.069105
v -5.687089 54.010590 -3.142619
v -5.622632 54.070740 -3.033258
v -5.787411 53.731377 -3.217226
v -5.793907 53.914116 -3.296635
v -5.902417 53.603531 -3.361045
v -5.916334 53.820610 -3.439086
v -5.686684 54.168427 -3.196275
v -5.621068 54.266922 -3.104733
v -5.805557 54.109489 -3.345164
v -5.929553 54.049469 -3.489340
v -5.703074 54.444294 -3.255280
v -5.631253 54.517384 -3.171954
v -5.831500 54.390533 -3.387860
v -5.961742 54.279724 -3.511452
v -5.991046 54.485954 -3.523217
v -5.735929 54.660122 -3.290347
v -5.657991 54.704857 -3.214005
v -5.881801 54.649208 -3.409230
v -6.053768 54.685730 -3.512903
v -5.771271 54.797836 -3.309391
v -5.681175 54.813843 -3.240188
v -5.947620 54.821205 -3.410162
v -6.160588 54.865402 -3.465043
v -5.847700 54.946060 -3.284593
v -6.048705 54.971329 -3.358157
v -6.292469 55.018654 -3.376595
v -6.710874 52.960503 -4.455931
v -6.959164 52.977074 -4.498951
v -6.946877 53.300232 -4.583756
v -6.708459 53.282990 -4.536852
v -7.233301 53.002487 -4.491536
v -7.221564 53.327286 -4.587822
v -7.576480 53.033028 -4.465880
v -7.563221 53.366631 -4.536934
v -7.906717 53.094025 -4.382892
v -7.894888 53.415573 -4.462446
v -8.194986 53.168793 -4.213083
v -8.187204 53.476585 -4.288836
v -8.441097 53.263351 -4.029037
v -8.435452 53.543861 -4.102964
v -8.606402 53.335526 -3.884827
v -8.600675 53.601303 -3.957274
v -6.945482 53.637329 -4.595232
v -6.691095 53.610916 -4.548365
v -7.200977 53.660049 -4.593339
v -7.537639 53.700089 -4.571477
v -7.866741 53.737061 -4.471241
v -8.168669 53.783203 -4.314204
v -8.416481 53.824532 -4.136736
v -8.711252 53.656570 -3.793325
v -8.698112 53.892014 -3.814473
v -8.576178 53.858322 -3.983391
v -6.971398 53.980896 -4.563717
v -6.713305 53.952614 -4.517234
v -7.199061 54.003357 -4.561234
v -7.534324 54.040344 -4.498738
v -7.850760 54.066055 -4.410357
v -8.140783 54.088120 -4.269312
v -8.386074 54.105995 -4.115412
v -8.682313 54.131638 -3.813859
v -8.557499 54.119759 -3.974351
v -7.006922 54.291412 -4.468677
v -6.759179 54.253220 -4.447960
v -7.229001 54.318375 -4.458367
v -7.538469 54.355030 -4.407721
v -7.835496 54.360458 -4.302876
v -8.112480 54.369900 -4.186105
v -8.356818 54.371204 -4.063107
v -8.649714 54.356606 -3.804461
v -8.524873 54.366791 -3.942962
v -7.032207 54.585037 -4.334863
v -6.810117 54.552162 -4.333417
v -7.241246 54.604477 -4.305393
v -7.530127 54.630512 -4.251574
v -7.812174 54.639778 -4.176272
v -8.082357 54.628510 -4.082495
v -8.327387 54.613525 -3.984076
v -8.606576 54.561989 -3.775263
v -8.481300 54.592541 -3.885912
v -7.069423 54.793816 -4.208101
v -6.853080 54.746445 -4.214405
v -7.256898 54.825844 -4.176270
v -7.523761 54.858368 -4.107651
v -7.786778 54.861282 -4.022975
v -8.051150 54.863266 -3.960861
v -8.291837 54.827232 -3.888426
v -8.551596 54.749832 -3.731479
v -8.428191 54.790504 -3.815906
v -7.098342 54.958275 -4.074403
v -7.130455 55.131256 -3.895036
v -6.938951 55.056973 -3.952394
v -6.901055 54.906487 -4.091267
v -7.276466 54.993576 -4.044779
v -7.530882 55.012337 -3.985669
v -7.779589 54.997612 -3.910504
v -8.034197 54.982174 -3.862396
v -8.273554 54.955074 -3.805636
v -8.396076 54.912994 -3.749099
v -8.511251 54.871811 -3.684689
v -8.475172 54.973885 -3.637249
v -8.380328 55.034206 -3.653242
v -6.247558 52.984566 -4.274726
v -6.448681 52.965622 -4.358839
v -6.444726 53.275574 -4.424998
v -6.250889 53.278839 -4.319766
v -6.453316 53.587502 -4.454364
v -6.242081 53.575127 -4.337096
v -6.498351 53.920609 -4.435286
v -6.277061 53.873634 -4.322528
v -6.539920 54.205925 -4.389030
v -6.347689 54.161308 -4.296230
v -6.608602 54.500977 -4.297730
v -6.420484 54.427444 -4.236396
v -6.677889 54.699631 -4.190803
v -6.503130 54.664032 -4.139604
v -6.747365 54.882416 -4.065466
v -6.624027 54.880856 -4.029345
v -7.307136 55.180420 -3.846362
v -7.331555 55.312038 -3.705729
v -7.127466 55.257088 -3.774373
v -7.542048 55.204285 -3.775853
v -7.550927 55.324989 -3.639796
v -7.770557 55.170425 -3.730871
v -7.768448 55.300644 -3.591836
v -8.005518 55.137466 -3.696154
v -7.985987 55.263031 -3.564423
v -8.240726 55.102253 -3.677352
v -8.207697 55.218159 -3.554640
v -8.413603 55.138367 -3.534274
v -8.564303 54.998215 -3.529711
v -8.650473 54.857185 -3.556281
v -8.710678 54.685226 -3.576950
v -8.759969 54.509945 -3.582358
v -8.818748 54.334976 -3.591530
v -8.852457 54.139915 -3.588521
v -8.859076 53.936073 -3.577203
v -8.869785 53.737373 -3.541842
v -8.716648 53.413025 -3.725639
v -8.867596 53.539703 -3.488134
v -8.704108 53.188347 -3.643709
v -8.854670 53.353470 -3.418441
v -8.424600 53.005386 -3.922709
v -8.590513 53.096588 -3.789009
v -8.179664 52.900711 -4.090000
v -7.890061 52.804062 -4.250263
v -7.554651 52.748138 -4.331394
v -7.215734 52.698441 -4.389922
v -6.949368 52.670158 -4.375089
v -6.689523 52.644035 -4.308330
v -6.233086 52.712990 -4.159145
v -6.438757 52.663643 -4.226668
v -6.681820 51.494942 -1.055673
v -7.015525 51.417992 -1.155204
v -6.961292 51.371330 -1.605268
v -6.635772 51.454201 -1.524892
v -7.321978 51.382301 -1.219551
v -7.250184 51.356216 -1.661113
v -7.619190 51.408211 -1.283216
v -7.536283 51.360313 -1.708649
v -7.918598 51.492424 -1.343911
v -7.826673 51.450539 -1.746073
v -8.167150 51.620407 -1.393633
v -8.080315 51.583054 -1.772975
v -8.333637 51.739769 -1.417865
v -8.227953 51.700027 -1.778200
v -6.918314 51.365761 -2.058296
v -6.605254 51.449051 -1.985069
v -7.208217 51.349487 -2.103346
v -7.492699 51.368813 -2.139169
v -7.771252 51.468643 -2.146248
v -8.035067 51.620529 -2.145150
v -8.362561 51.829582 -1.779730
v -8.335644 51.897148 -2.106627
v -8.202833 51.760582 -2.126609
v -6.735163 51.459137 -2.479083
v -6.529036 51.493622 -2.423589
v -6.964005 51.412651 -2.518799
v -7.269349 51.405960 -2.550654
v -7.566237 51.462799 -2.568647
v -7.850883 51.582596 -2.549943
v -8.081549 51.750267 -2.501598
v -8.381701 52.021515 -2.418281
v -8.249364 51.890076 -2.458815
v -6.771192 51.550972 -2.933332
v -6.544359 51.574318 -2.881891
v -7.013695 51.526886 -2.964137
v -7.341756 51.554222 -2.973716
v -7.652069 51.620453 -2.955597
v -7.955554 51.751678 -2.917132
v -8.168880 51.919373 -2.843711
v -8.464163 52.160660 -2.720225
v -8.330675 52.048050 -2.781175
v -6.793690 51.717026 -3.364237
v -6.555627 51.725922 -3.311842
v -7.046029 51.714874 -3.387381
v -7.385700 51.748718 -3.388371
v -7.717251 51.821960 -3.355579
v -8.024649 51.953323 -3.276122
v -8.276706 52.127655 -3.169141
v -8.548809 52.350800 -3.008613
v -8.425803 52.243225 -3.088505
v -6.826328 51.946419 -3.757849
v -6.585017 51.944733 -3.710555
v -7.099520 51.966049 -3.771263
v -7.452541 52.012451 -3.753636
v -7.785379 52.098320 -3.700707
v -8.117362 52.218758 -3.599291
v -8.357553 52.376915 -3.460992
v -8.625950 52.602867 -3.252709
v -8.510385 52.493233 -3.354257
v -6.902256 52.264633 -4.108497
v -6.644746 52.259529 -4.064878
v -7.162191 52.285156 -4.106790
v -7.512046 52.339844 -4.077213
v -7.846798 52.427460 -4.006119
v -8.155616 52.533157 -3.870533
v -8.391865 52.667908 -3.718495
v -8.683874 52.876244 -3.482546
v -8.563692 52.779922 -3.597871
v -6.179079 51.720657 -0.903418
v -6.345403 51.615303 -0.955497
v -6.315518 51.547783 -1.421138
v -6.153120 51.622116 -1.356480
v -6.301311 51.532234 -1.874789
v -6.123009 51.595230 -1.812527
v -6.320629 51.544487 -2.343613
v -6.126153 51.603828 -2.270674
v -6.313998 51.619568 -2.796846
v -6.112309 51.662231 -2.720256
v -6.325117 51.763908 -3.228280
v -6.099991 51.828926 -3.138195
v -6.325588 51.989655 -3.618206
v -6.108815 52.062119 -3.525698
v -6.372311 52.294540 -3.970457
v -6.170368 52.359268 -3.869885
v -8.838070 53.069809 -3.255435
v -8.810130 52.799149 -3.059628
v -8.752532 52.557640 -2.860816
v -8.656688 52.335091 -2.619938
v -8.523901 52.169296 -2.369770
v -8.448241 52.005257 -2.092771
v -8.510159 51.989914 -1.778076
v -8.493834 51.885483 -1.441385
v -8.633060 52.033165 -1.482775
v -8.706399 51.999619 -1.077163
v -8.821676 52.115898 -1.219224
v -8.255920 51.694534 -0.989906
v -8.473107 51.823120 -1.038883
v -8.023443 51.580589 -0.937930
v -7.724353 51.501465 -0.870313
v -7.419383 51.486305 -0.790945
v -7.109331 51.515511 -0.704976
v -6.777696 51.599854 -0.607989
v -6.274621 51.863708 -0.479363
v -6.424697 51.741188 -0.511460
v -7.393298 54.464912 1.649360
v -7.190979 54.146416 1.487078
v -7.442172 54.217239 1.732149
v -7.275842 53.857056 1.560252
v -7.494811 53.951767 1.825989
v -7.372261 53.576813 1.643788
v -7.000420 53.841293 1.257787
v -7.101036 53.542480 1.324224
v -7.213549 53.255203 1.401865
v -6.804137 53.573059 1.009053
v -6.910028 53.282013 1.066714
v -7.032963 53.002769 1.129463
v -6.619498 53.337517 0.725331
v -6.713549 53.067322 0.778924
v -6.829748 52.806366 0.825465
v -6.449340 53.108627 0.423858
v -6.538256 52.853561 0.471010
v -6.639653 52.605034 0.518499
v -6.307576 52.886673 0.100589
v -6.235974 53.179665 0.068998
v -6.381540 52.635880 0.150164
v -6.475755 52.398544 0.192947
v -6.187640 52.685707 -0.243525
v -6.264395 52.437874 -0.196223
v -6.335155 52.205940 -0.145919
v -6.360503 52.071442 -0.103886
v -6.507761 52.261070 0.239714
v -6.686697 52.463791 0.562359
v -6.889474 52.656799 0.870581
v -7.112472 52.841263 1.170477
v -7.308318 53.098824 1.435742
v -7.435720 53.418991 1.694340
v -7.522640 53.810089 1.894760
v -7.661691 54.271446 1.909767
v -7.659887 54.150917 1.976550
v -7.650795 54.485355 1.808685
v -7.637494 54.708527 1.725647
v -7.810151 53.683502 1.854715
v -7.773256 53.445587 1.772512
v -7.584373 53.407547 1.733292
v -7.646271 53.696800 1.871129
v -7.852903 54.022568 1.948998
v -8.035725 54.116142 1.938628
v -7.986156 53.717186 1.843956
v -8.261238 54.194275 1.898771
v -8.224010 53.782379 1.800451
v -8.484728 54.262947 1.850249
v -8.461229 53.850906 1.749094
v -8.705651 54.350185 1.795453
v -8.689997 53.933929 1.689700
v -7.960373 53.484566 1.775422
v -7.874857 53.063461 1.532221
v -7.673185 53.058022 1.522046
v -8.204119 53.539589 1.729302
v -8.148029 53.098640 1.502354
v -8.449240 53.603455 1.674155
v -8.413830 53.149773 1.439144
v -8.680367 53.687195 1.609063
v -8.669415 53.228348 1.361399
v -7.734916 52.685783 1.244675
v -7.506203 52.718109 1.242800
v -8.043727 52.685295 1.200520
v -8.346088 52.715698 1.141666
v -8.630570 52.807137 1.056021
v -7.557128 52.339424 0.946739
v -7.295923 52.406319 0.954151
v -7.906256 52.306541 0.894123
v -8.250754 52.351845 0.796383
v -8.586065 52.430420 0.697837
v -7.401292 52.053696 0.585174
v -7.120991 52.152763 0.607702
v -7.661096 52.028893 0.529380
v -7.914754 52.028725 0.459805
v -8.160364 52.081078 0.377789
v -8.529512 52.156746 0.268225
v -7.277609 51.864128 0.165342
v -6.981977 51.936569 0.226564
v -7.547928 51.800514 0.111810
v -7.817983 51.797447 0.037530
v -8.086442 51.839127 -0.049132
v -8.344776 51.911880 -0.128034
v -8.601799 51.991463 -0.200415
v -7.204077 51.677109 -0.265418
v -6.876179 51.751259 -0.184186
v -7.490909 51.619164 -0.340646
v -7.778117 51.623848 -0.415985
v -8.060781 51.658943 -0.486673
v -8.325466 51.765686 -0.570709
v -8.591276 51.870071 -0.664936
v -7.674460 54.051651 1.985069
v -7.706686 53.891434 1.942275
v -7.563780 53.751556 1.905951
v -7.486474 53.389206 1.715622
v -7.466198 53.067558 1.470823
v -7.360394 53.067963 1.452358
v -7.269140 52.772972 1.206998
v -7.159411 52.801643 1.187122
v -7.050361 52.544411 0.906036
v -6.930212 52.610008 0.885420
v -6.865309 52.305969 0.593292
v -6.723751 52.413261 0.574556
v -6.693064 52.102699 0.250614
v -6.544291 52.208778 0.250037
v -6.539216 51.910393 -0.111907
v -6.396097 52.017174 -0.097177
v -8.723916 54.623230 1.866768
v -8.514071 54.547447 1.929238
v -8.299942 54.475677 1.976669
v -8.012465 54.365929 2.020947
v -7.812135 54.243317 2.019315
v -7.748116 55.188087 1.723043
v -7.946458 55.312256 1.751403
v -7.971259 54.961906 1.815887
v -7.783244 54.838516 1.783321
v -8.203066 55.450676 1.771374
v -8.242828 55.100163 1.819477
v -8.424112 55.549782 1.784201
v -8.452075 55.196117 1.831840
v -8.639060 55.637878 1.785886
v -8.663342 55.283417 1.831798
v -7.988744 54.748734 1.880045
v -7.801772 54.623756 1.849712
v -8.263539 54.870930 1.859126
v -8.472757 54.961792 1.848346
v -8.683405 55.044350 1.829283
v -8.001252 54.542221 1.962175
v -7.812079 54.420002 1.940263
v -8.282310 54.657795 1.926515
v -8.492193 54.729164 1.872851
v -8.697196 54.804665 1.816401
v -7.808434 54.319012 2.011926
v -8.010452 54.433395 2.019286
v -8.298876 54.539253 1.977193
v -8.511606 54.610306 1.928448
v -8.719007 54.686295 1.866794
v -8.243340 56.613892 1.511278
v -8.199871 56.230900 1.573521
v -7.965579 56.197151 1.473122
v -8.015764 56.617126 1.378615
v -8.289430 57.037064 1.468382
v -8.532976 57.062565 1.592889
v -8.491125 56.632896 1.616721
v -7.922235 55.771721 1.598901
v -7.735095 56.175522 1.336335
v -8.178049 55.840813 1.664283
v -8.442238 56.269527 1.651554
v -8.666065 56.323044 1.709492
v -8.417611 55.912338 1.710827
v -8.640401 55.993217 1.743835
v -7.773743 55.586143 1.611591
v -8.702023 52.257957 -1.527594
v -8.785219 52.511375 -1.730792
v -8.578835 52.239311 -1.792175
v -8.673691 52.669128 -2.127149
v -8.533431 52.263763 -2.059220
v -8.906306 52.789734 -1.797346
v -8.763460 52.994492 -2.055618
v -8.598644 52.420105 -2.304451
v -8.648691 53.001122 -2.464295
v -8.675774 52.589691 -2.517901
v -8.669620 53.293404 -2.270998
v -8.686521 52.797485 -2.727693
v -8.645683 53.281883 -2.672173
v -8.739777 53.012917 -2.899623
v -8.620406 53.622803 -2.464234
v -8.610976 53.477585 -2.798194
v -8.713120 53.249146 -3.065682
v -8.662518 52.087753 -1.496727
v -8.539646 52.046928 -1.780630
v -8.479649 52.061852 -2.084913
v -8.556335 52.229965 -2.350484
v -8.680911 52.393532 -2.590719
v -8.765388 52.615768 -2.822400
v -8.817410 52.851410 -3.013811
v -8.836107 53.118011 -3.201292
v -8.687668 53.495308 -3.207822
v -8.848060 53.394157 -3.357946
v -8.564744 53.682068 -2.915155
v -8.620687 53.874130 -2.594151
v -8.624138 54.204628 -2.706205
v -8.626463 54.037071 -2.651548
v -8.637641 54.354095 -2.764153
v -8.641186 54.501740 -2.823771
v -8.642289 54.656197 -2.858170
v -8.636358 54.814613 -2.868640
v -8.675110 55.122509 -2.617497
v -8.605641 54.973267 -2.856719
v -8.589494 55.253502 -2.562295
v -8.569738 55.122292 -2.817573
v -8.621973 54.017479 -3.019646
v -8.599898 53.844948 -2.977450
v -8.627987 54.187943 -3.066572
v -8.606060 54.353294 -3.096133
v -8.613497 54.511688 -3.123401
v -8.597436 54.673492 -3.118527
v -8.572201 54.832748 -3.106116
v -8.552035 54.986504 -3.075628
v -8.749356 53.849701 -3.313325
v -8.717886 53.668304 -3.274389
v -8.763679 54.034019 -3.344448
v -8.752460 54.222229 -3.363189
v -8.735934 54.394676 -3.379107
v -8.702515 54.563904 -3.369014
v -8.666781 54.728302 -3.360977
v -8.591016 54.874298 -3.342262
v -8.862899 53.573013 -3.424774
v -8.869271 53.762810 -3.475223
v -8.862902 53.955498 -3.510087
v -8.856355 54.153534 -3.522446
v -8.824735 54.343246 -3.525158
v -8.770041 54.513905 -3.515883
v -8.725906 54.685112 -3.512236
v -8.662478 54.857864 -3.491944
v -8.548148 55.042160 -3.305849
v -8.574492 55.009102 -3.465098
v -8.524593 55.153793 -3.022583
v -8.495308 55.272690 -2.771413
v -8.106105 55.475471 -2.897103
v -8.335836 55.411819 -2.844056
v -7.882155 55.504406 -2.944690
v -7.656869 55.511368 -3.009572
v -7.438256 55.502708 -3.090851
v -7.224611 55.461823 -3.181378
v -6.966348 55.439594 -3.114429
v -7.025171 55.385017 -3.275663
v -6.849598 55.252701 -3.352706
v -8.151685 55.394005 -3.133726
v -8.364307 55.314487 -3.091918
v -7.931038 55.435570 -3.168868
v -7.707498 55.452522 -3.219540
v -7.486801 55.447098 -3.283885
v -7.269156 55.413269 -3.364308
v -7.067232 55.340332 -3.447442
v -6.883399 55.226475 -3.527188
v -8.173717 55.296516 -3.366368
v -8.376569 55.211838 -3.336917
v -7.958151 55.343380 -3.388155
v -7.736490 55.363922 -3.420134
v -7.520828 55.378632 -3.476099
v -7.305480 55.356945 -3.546390
v -7.103995 55.295959 -3.620391
v -6.914056 55.197742 -3.702031
v -8.413044 55.168751 -3.478351
v -8.196867 55.251602 -3.500563
v -7.978301 55.297558 -3.512436
v -7.761733 55.332863 -3.538746
v -7.545307 55.355911 -3.585239
v -7.327792 55.343613 -3.649250
v -7.119048 55.288971 -3.716944
v -6.928315 55.194740 -3.796438
v -10.644227 53.746155 -2.527015
v -10.596422 53.927032 -2.593163
v -10.856981 53.489296 -2.725233
v -10.776365 53.677048 -2.800904
v -11.100767 53.266754 -2.931402
v -11.006015 53.479134 -3.005472
v -10.571845 54.127777 -2.613158
v -10.713453 53.892593 -2.829615
v -10.890919 53.687233 -3.047773
v -10.546837 54.324745 -2.621753
v -10.669467 54.119293 -2.836790
v -10.817874 53.931679 -3.055747
v -10.514360 54.509598 -2.615644
v -10.614288 54.331635 -2.825114
v -10.751326 54.172501 -3.036911
v -10.500391 54.692924 -2.584328
v -10.423148 54.850117 -2.376922
v -10.583311 54.537056 -2.793365
v -10.684982 54.399399 -3.006032
v -10.541592 54.861553 -2.510406
v -10.497879 54.993370 -2.299516
v -10.581976 54.735584 -2.726079
v -10.660350 54.619492 -2.935687
v -10.622520 55.006912 -2.397549
v -10.645317 54.916168 -2.609197
v -10.674486 54.836411 -2.825015
v -10.708824 55.139114 -2.311980
v -10.731289 55.064735 -2.509917
v -10.748652 55.014130 -2.725347
v -10.682892 54.799362 -2.929501
v -10.743998 55.000526 -2.842499
v -10.680265 54.571915 -3.056231
v -10.728558 54.337074 -3.131206
v -10.799944 54.089867 -3.171619
v -10.886953 53.835785 -3.196349
v -11.001692 53.598434 -3.179298
v -11.102200 53.360275 -3.155770
v -11.177664 53.117615 -3.094451
v -11.152477 53.053123 -2.831105
v -11.233806 52.887253 -3.001393
v -10.911551 53.314529 -2.635765
v -10.653448 53.574226 -2.461772
v -10.965694 55.197609 -2.743872
v -11.232481 55.327904 -2.838989
v -11.234610 55.360954 -2.612502
v -10.971503 55.228310 -2.532539
v -11.514498 55.393997 -2.914417
v -11.515198 55.429924 -2.675341
v -11.818485 55.410187 -2.928226
v -11.818314 55.472549 -2.700143
v -12.117496 55.423050 -2.914109
v -12.116005 55.475288 -2.695640
v -12.404457 55.361237 -2.861380
v -12.410969 55.429691 -2.661602
v -12.693340 55.308395 -2.832424
v -12.701082 55.376625 -2.637808
v -12.969539 55.195923 -2.792398
v -12.976500 55.270500 -2.606143
v -11.233814 55.415829 -2.391703
v -10.962906 55.291065 -2.332211
v -11.517168 55.497665 -2.442868
v -11.819399 55.537987 -2.472353
v -12.121904 55.537666 -2.479365
v -12.423735 55.505920 -2.464916
v -12.717709 55.456669 -2.448811
v -12.998131 55.352959 -2.421772
v -13.221596 55.173866 -2.404914
v -13.189042 55.093262 -2.589418
v -13.154896 55.012886 -2.778990
v -12.981012 55.166939 -2.900714
v -13.153719 54.984364 -2.892500
v -12.701313 55.279800 -2.942973
v -12.411324 55.341965 -2.979428
v -12.121365 55.388252 -3.033124
v -11.820532 55.385300 -3.060834
v -11.517567 55.371620 -3.049084
v -11.225872 55.323242 -2.967771
v -10.959959 55.199009 -2.861630
v -10.534811 53.317192 -2.170885
v -10.594879 53.418037 -2.356166
v -10.516965 53.296165 -1.984376
v -10.417816 53.233894 -1.812778
v -10.283126 53.193329 -1.680454
v -10.145906 53.142799 -1.548671
v -10.037981 53.112747 -1.278913
v -10.712196 53.030357 -2.317186
v -10.834988 53.131210 -2.510678
v -10.603719 53.002457 -2.113961
v -10.468649 52.967491 -1.922389
v -10.311226 52.956406 -1.759659
v -10.154813 52.920944 -1.573632
v -10.033020 52.902496 -1.245868
v -10.855223 52.740028 -2.491828
v -11.044551 52.838470 -2.698769
v -10.688553 52.719452 -2.270184
v -10.495869 52.718735 -2.077024
v -10.328789 52.725800 -1.857159
v -10.193233 52.706924 -1.616884
v -10.075532 52.703972 -1.374247
v -9.947736 52.670197 -1.140842
v -11.163820 52.652649 -2.801678
v -10.950598 52.567993 -2.574680
v -10.729495 52.549858 -2.359321
v -10.527893 52.563995 -2.132768
v -10.336370 52.588486 -1.900535
v -10.183929 52.579384 -1.639127
v -10.069297 52.580917 -1.365241
v -9.909814 52.555473 -1.119301
v -10.113059 52.326645 -0.971168
v -10.367099 52.201607 -0.835624
v -10.524735 52.182175 -1.152117
v -10.276648 52.331810 -1.269057
v -10.671448 52.054359 -0.685608
v -10.855597 52.044731 -1.004445
v -10.944831 51.955879 -0.552029
v -11.139595 51.948044 -0.879458
v -11.229719 51.899216 -0.417659
v -11.424893 51.861214 -0.756710
v -11.517904 51.844093 -0.284375
v -11.711164 51.780060 -0.627220
v -11.891651 51.828568 -0.086433
v -12.077579 51.751793 -0.454810
v -11.034079 52.044373 -1.323061
v -10.688887 52.179909 -1.456437
v -11.327672 51.927757 -1.212478
v -11.619808 51.805336 -1.099865
v -11.923475 51.702599 -0.977943
v -12.289974 51.697227 -0.809518
v -12.360840 51.788902 -0.303656
v -12.588174 51.733620 -0.647375
v -11.221500 52.027458 -1.636291
v -10.868874 52.175240 -1.751032
v -11.510180 51.875992 -1.543889
v -11.810195 51.751915 -1.440893
v -12.129948 51.674812 -1.329504
v -12.516230 51.679832 -1.163425
v -12.811306 51.718643 -0.998191
v -11.426530 51.999634 -1.950270
v -11.076490 52.166687 -2.038862
v -11.721958 51.839394 -1.870908
v -12.037776 51.745789 -1.782468
v -12.357885 51.707253 -1.676347
v -12.740191 51.699982 -1.517029
v -13.016626 51.739990 -1.359811
v -11.637695 52.007088 -2.276125
v -11.272150 52.186035 -2.333812
v -11.961663 51.902611 -2.208878
v -12.275202 51.832306 -2.125308
v -12.588223 51.781960 -2.034975
v -12.954677 51.796097 -1.864066
v -13.218206 51.838875 -1.711377
v -11.855293 52.108345 -2.575902
v -11.476608 52.253998 -2.621566
v -12.162534 52.055702 -2.507663
v -12.466287 51.980293 -2.448487
v -12.766533 51.947365 -2.360769
v -13.116673 51.964233 -2.197992
v -13.358036 52.016151 -2.052766
v -12.027805 52.318390 -2.857959
v -11.638372 52.408783 -2.897917
v -12.314735 52.266975 -2.806215
v -12.599195 52.219124 -2.756409
v -12.886187 52.185165 -2.677979
v -13.219973 52.196869 -2.532226
v -13.438747 52.250969 -2.394512
v -9.926485 52.495972 -1.093492
v -10.095672 52.519600 -1.350207
v -10.429365 52.348686 -1.555657
v -10.212790 52.519196 -1.632794
v -10.601002 52.345566 -1.832430
v -10.369560 52.526726 -1.899000
v -10.810579 52.317894 -2.094588
v -10.567207 52.500427 -2.134840
v -11.023403 52.333321 -2.352375
v -10.772554 52.488800 -2.369857
v -11.238644 52.381981 -2.607404
v -11.002102 52.514114 -2.588792
v -11.393053 52.510010 -2.871666
v -11.209246 52.608574 -2.822926
v -11.442698 52.741562 -3.089295
v -11.272987 52.847031 -3.035001
v -12.087513 52.570930 -3.134066
v -11.694249 52.641243 -3.138147
v -12.377508 52.527657 -3.101376
v -12.664680 52.503464 -3.039860
v -12.943829 52.485001 -2.961071
v -13.267696 52.497154 -2.818589
v -13.481153 52.557289 -2.675943
v -13.629930 52.337654 -2.246879
v -13.644035 52.669487 -2.507023
v -13.589520 52.079910 -1.912082
v -13.472436 51.860184 -1.567167
v -13.253901 51.751732 -1.221982
v -13.031006 51.703323 -0.870929
v -12.804646 51.724258 -0.519352
v -12.571539 51.814682 -0.182940
v -12.170548 51.887985 0.058185
v -12.372420 51.932152 0.163570
v -12.017486 52.015564 0.437327
v -12.217688 52.057068 0.532542
v -11.355407 51.915009 0.092666
v -11.725453 51.939178 0.293152
v -11.064051 51.964500 -0.055407
v -10.779940 52.032257 -0.201350
v -10.539796 52.125900 -0.321626
v -10.331810 52.217453 -0.425522
v -10.121185 52.304451 -0.543336
v -9.774025 52.500328 -0.836161
v -10.002834 52.354973 -0.175093
v -10.036333 52.457458 0.314869
v -10.266817 52.438271 0.472616
v -10.242470 52.282570 -0.008843
v -10.156755 52.685104 0.885925
v -10.501326 52.399353 0.628555
v -10.493689 52.219460 0.140615
v -10.479432 52.648453 1.116800
v -10.168724 52.999939 1.332296
v -10.472610 52.975754 1.544768
v -10.188137 53.403091 1.710901
v -10.459225 53.394157 1.910984
v -10.199095 53.879593 2.006478
v -10.443893 53.876320 2.191037
v -10.213806 54.379951 2.242992
v -10.420702 54.366318 2.427634
v -10.224390 54.628555 2.294134
v -10.237528 55.146618 2.397585
v -10.425570 55.132889 2.554188
v -10.428429 54.616966 2.464266
v -10.861658 52.335091 0.829773
v -10.759570 52.176949 0.280143
v -10.824347 52.592743 1.297534
v -10.788893 52.933586 1.711380
v -10.755913 53.353668 2.062277
v -10.709290 53.811714 2.344266
v -10.667460 54.317204 2.562909
v -10.632097 55.065483 2.678239
v -10.656307 54.561520 2.603562
v -11.021627 52.116463 0.417167
v -11.235826 52.302681 1.025298
v -11.292292 52.086365 0.566443
v -11.182243 52.583580 1.458130
v -11.125572 52.910599 1.852572
v -11.062431 53.320015 2.185199
v -10.989857 53.770027 2.453983
v -10.924530 54.253990 2.677652
v -10.841780 54.951447 2.782621
v -10.892756 54.493752 2.723946
v -11.546882 52.346855 1.147812
v -11.628459 52.113708 0.725539
v -11.469881 52.637642 1.539668
v -11.393918 52.967255 1.904084
v -11.321331 53.331505 2.243303
v -11.220455 53.750801 2.511128
v -11.115229 54.191017 2.743208
v -11.026579 54.839317 2.839951
v -11.072419 54.446117 2.792817
v -11.899063 52.181297 0.840857
v -12.101322 52.218842 0.935621
v -11.803815 52.409843 1.237908
v -12.000536 52.451553 1.317001
v -11.722996 52.696030 1.608726
v -11.910275 52.734238 1.670524
v -11.637436 53.011772 1.957151
v -11.816893 53.035522 2.010414
v -11.533199 53.351685 2.279042
v -11.705885 53.367874 2.315795
v -11.435183 53.749840 2.536660
v -11.578741 53.755760 2.568521
v -11.338480 54.154655 2.763777
v -11.450468 54.143768 2.791158
v -11.241277 54.451431 2.845628
v -11.319365 54.523792 2.903626
v -11.010789 55.051430 2.879950
v -10.812431 55.169724 2.822220
v -10.608017 55.266502 2.730242
v -10.400841 55.335285 2.619183
v -10.219405 55.349815 2.458528
v -13.471716 52.812798 -2.884903
v -13.438774 53.078972 -3.069645
v -13.199791 53.063965 -3.217857
v -13.242680 52.773697 -3.037429
v -13.377781 53.366203 -3.203124
v -13.141623 53.373474 -3.350526
v -13.288847 53.678497 -3.287640
v -13.063187 53.705734 -3.432598
v -13.193727 53.995682 -3.326889
v -12.983042 54.043053 -3.454699
v -13.103223 54.313652 -3.305981
v -12.900347 54.374245 -3.430818
v -13.058290 54.584328 -3.249186
v -12.833279 54.659508 -3.365391
v -13.040945 54.758659 -3.182837
v -12.808073 54.835083 -3.284459
v -12.868708 53.068947 -3.377372
v -12.908391 52.766083 -3.186964
v -12.805285 53.387383 -3.505024
v -12.713633 53.746513 -3.615917
v -12.622120 54.102669 -3.621002
v -12.530247 54.441132 -3.554172
v -12.469406 54.720985 -3.448023
v -12.800615 54.988091 -3.164159
v -12.434118 55.090355 -3.216807
v -12.447933 54.910767 -3.357533
v -12.569799 53.086945 -3.445138
v -12.621269 52.780975 -3.250995
v -12.491769 53.418106 -3.589431
v -12.391888 53.774826 -3.675848
v -12.303775 54.134865 -3.672904
v -12.224037 54.482010 -3.609324
v -12.170938 54.749950 -3.490775
v -12.137396 55.122696 -3.242803
v -12.150778 54.935028 -3.379005
v -12.268755 53.118637 -3.486614
v -12.323875 52.804176 -3.308427
v -12.179165 53.437134 -3.630319
v -12.085114 53.789497 -3.699206
v -11.988369 54.141403 -3.666182
v -11.909765 54.479427 -3.616405
v -11.857819 54.760700 -3.493540
v -11.832436 55.133064 -3.263040
v -11.842653 54.945862 -3.390238
v -11.959546 53.139099 -3.516010
v -12.026681 52.831474 -3.348569
v -11.852194 53.458763 -3.630216
v -11.753740 53.799896 -3.670550
v -11.662502 54.148514 -3.661170
v -11.599382 54.465858 -3.574664
v -11.550417 54.745083 -3.481148
v -11.523445 55.119965 -3.262178
v -11.532122 54.943562 -3.385830
v -11.580515 53.196136 -3.450251
v -11.657340 52.908066 -3.316596
v -11.482113 53.501602 -3.533374
v -11.384794 53.819870 -3.567602
v -11.304321 54.143593 -3.561324
v -11.234257 54.441589 -3.502988
v -11.177398 54.703293 -3.428316
v -11.246404 55.095757 -3.215316
v -11.158394 54.902725 -3.330341
v -11.406174 52.995918 -3.235922
v -11.219810 53.082352 -3.137998
v -11.330230 53.272339 -3.323943
v -11.147716 53.332260 -3.202216
v -11.234493 53.543388 -3.396511
v -11.048733 53.578247 -3.226605
v -11.131714 53.828926 -3.428734
v -10.929289 53.817635 -3.248656
v -11.037220 54.125694 -3.409453
v -10.839809 54.076714 -3.227332
v -10.960722 54.410172 -3.365635
v -10.768166 54.329445 -3.186716
v -10.891092 54.659676 -3.295282
v -10.713493 54.565147 -3.115646
v -10.887770 54.836647 -3.200378
v -10.712902 54.785412 -2.992845
v -11.227736 55.293427 -3.026338
v -11.519396 55.335003 -3.103404
v -11.822725 55.347549 -3.113555
v -12.123518 55.347771 -3.083562
v -12.414101 55.306725 -3.033256
v -12.702835 55.242096 -2.994485
v -12.971943 55.134552 -2.953556
v -13.133467 54.964622 -2.948948
v -13.025476 54.901962 -3.109192
v -13.215393 54.749199 -3.010699
v -13.282362 54.226723 -3.124188
v -13.222883 54.486988 -3.081682
v -13.378029 53.940048 -3.139232
v -13.472712 53.650543 -3.115156
v -13.567861 53.368622 -3.041392
v -13.619992 53.112183 -2.891302
v -13.634624 52.894981 -2.695543
v -13.662394 53.019623 -2.484129
v -13.583262 53.163979 -2.227864
v -13.598557 53.362656 -2.418757
v -13.663349 53.234390 -2.682974
v -13.466489 53.302475 -1.983223
v -13.520271 53.493477 -2.155409
v -13.488043 53.462524 -1.741276
v -13.567037 53.667206 -1.912672
v -13.544548 53.587990 -2.542833
v -13.594691 53.466164 -2.820048
v -13.517309 53.726204 -2.270787
v -13.606939 53.911400 -2.041861
v -13.474491 53.842445 -2.612170
v -13.496507 53.724098 -2.891713
v -13.503004 53.980942 -2.346526
v -13.617428 54.122459 -2.117769
v -13.399019 54.107529 -2.643332
v -13.389868 53.990898 -2.915047
v -13.490108 54.244621 -2.400171
v -13.609488 54.358490 -2.178142
v -13.364494 54.368587 -2.661587
v -13.300434 54.265579 -2.910575
v -13.483116 54.486153 -2.442028
v -13.567798 54.592712 -2.216030
v -13.369660 54.626747 -2.670703
v -13.277962 54.525391 -2.891287
v -13.442982 54.731945 -2.450857
v -13.483812 54.819633 -2.230587
v -13.307641 54.874779 -2.630553
v -13.257368 54.791573 -2.836580
v -13.349447 54.961975 -2.422670
v -13.378621 55.050415 -2.202255
v -13.659154 52.925629 -2.639872
v -13.651577 53.137642 -2.835887
v -13.597536 53.387329 -2.984387
v -13.500385 53.661362 -3.057039
v -13.402218 53.943909 -3.080726
v -13.306816 54.224457 -3.066996
v -13.253195 54.484383 -3.027739
v -13.245240 54.758537 -2.955671
v -13.456543 53.095009 -1.814889
v -13.475416 53.263184 -1.565669
v -13.584940 52.956436 -2.060189
v -13.685917 52.811409 -2.308585
v -13.669654 52.705246 -2.456758
v -13.597067 53.582802 -1.560913
v -13.689308 53.692993 -1.400985
v -13.728640 53.913193 -1.566014
v -13.656861 53.803581 -1.730592
v -13.762556 53.802345 -1.241173
v -13.784567 54.021378 -1.404195
v -13.751088 54.153030 -1.692712
v -13.691471 54.038780 -1.855313
v -13.752962 54.351227 -1.775124
v -13.697044 54.247940 -1.931924
v -13.805201 54.269562 -1.546322
v -13.723323 54.546009 -1.837820
v -13.676847 54.457687 -1.987442
v -13.662748 54.727997 -1.880029
v -13.617920 54.699257 -2.010296
v -13.799486 54.458504 -1.639391
v -13.749463 54.653576 -1.715933
v -13.680711 54.811813 -1.768193
v -13.425509 55.048660 -2.096789
v -13.443476 55.096359 -2.015615
v -13.728891 53.646851 -1.088068
v -13.665670 53.527893 -1.242427
v -13.579149 53.401047 -1.392430
v -13.586175 53.223358 -1.192375
v -13.557451 53.107262 -0.944058
v -13.606939 53.285522 -0.852438
v -13.651117 53.384171 -1.065890
v -13.493925 53.064308 -0.691046
v -13.541763 53.242691 -0.635841
v -13.392114 53.070015 -0.437762
v -13.439108 53.239517 -0.383150
v -13.270841 53.101280 -0.174451
v -13.301455 53.270393 -0.129295
v -13.144979 53.147842 0.073142
v -13.182562 53.308868 0.097969
v -12.995480 53.209679 0.363677
v -13.034931 53.392120 0.409912
v -13.642790 53.459412 -0.757070
v -13.698820 53.544991 -0.951231
v -13.577288 53.422783 -0.587862
v -13.464636 53.410645 -0.340441
v -13.332626 53.429497 -0.083736
v -13.219259 53.460716 0.150424
v -12.821694 53.083488 0.562928
v -12.939962 52.994896 0.297297
v -13.213914 52.890282 -0.233173
v -13.062693 52.949577 0.029490
v -13.336970 52.859642 -0.510104
v -13.439730 52.862000 -0.792609
v -13.499179 52.916306 -1.076710
v -13.510668 53.056038 -1.350660
v -13.667732 52.499962 -2.062635
v -13.660797 52.250725 -1.738608
v -13.596624 52.473511 -1.519194
v -13.602885 52.688797 -1.830742
v -13.560327 52.059525 -1.415234
v -13.499334 52.338493 -1.219519
v -13.365133 51.955696 -1.076487
v -13.336114 52.264442 -0.895837
v -13.154104 51.914993 -0.741081
v -13.172211 52.242729 -0.573635
v -12.927414 51.949532 -0.412469
v -12.982231 52.281425 -0.260997
v -12.697351 52.037186 -0.095260
v -12.811125 52.338303 0.052158
v -12.513264 52.148781 0.238516
v -12.659330 52.433365 0.367050
v -13.499940 52.687271 -1.303622
v -13.513277 52.870308 -1.597756
v -13.421959 52.602043 -1.010314
v -13.297976 52.564873 -0.701516
v -13.174709 52.568451 -0.397615
v -13.016870 52.615791 -0.109105
v -12.870287 52.666695 0.177237
v -12.749716 52.754608 0.467803
v -12.647536 52.873833 0.772559
v -12.537283 52.547096 0.701950
v -12.383715 52.249420 0.611960
v -12.421003 51.970306 0.187975
v -12.269714 52.090927 0.555786
v -12.618835 51.852264 -0.153974
v -12.851957 51.757591 -0.486491
v -13.078389 51.733818 -0.835042
v -13.299193 51.783920 -1.183809
v -13.514654 51.893578 -1.528123
v -13.628244 52.115738 -1.868943
v -13.659994 52.375160 -2.199977
v -12.278366 52.401726 0.999924
v -12.172747 52.629959 1.372980
v -12.310809 52.933403 1.393312
v -12.423830 52.711082 1.054114
v -12.075815 52.911255 1.706929
v -12.224174 53.191261 1.714450
v -11.976004 53.210548 2.024903
v -12.113892 53.480583 1.999742
v -11.863611 53.543343 2.307171
v -11.997416 53.811249 2.244915
v -11.746843 53.906822 2.550777
v -11.878619 54.167656 2.454259
v -11.609312 54.293228 2.744865
v -11.742109 54.509277 2.625890
v -11.455164 54.670921 2.840156
v -11.589088 54.858604 2.725239
v -12.408352 53.254387 1.397041
v -12.511324 53.046249 1.081532
v -12.310250 53.497841 1.686535
v -12.206358 53.771248 1.946552
v -12.092108 54.091850 2.162858
v -11.978411 54.417503 2.341528
v -11.859190 54.736412 2.498686
v -11.712353 55.062447 2.610366
v -11.546897 55.387772 2.669647
v -11.417544 55.220966 2.749923
v -11.306805 55.011684 2.832393
v -11.368299 54.570183 2.903579
v -11.251160 54.900078 2.907300
v -11.507854 54.169548 2.787722
v -11.635838 53.783524 2.570714
v -11.761000 53.400200 2.319964
v -11.872028 53.068672 2.020458
v -11.965014 52.768257 1.684815
v -12.054920 52.484673 1.335803
v -12.155121 52.250679 0.956608
v -11.095284 55.213470 2.862749
v -10.882456 55.340034 2.823603
v -11.000062 55.526623 2.796327
v -11.197857 55.399841 2.801149
v -10.671387 55.437973 2.737089
v -10.758228 55.647030 2.741523
v -10.466581 55.498367 2.602372
v -10.520349 55.701389 2.620692
v -10.263226 55.517273 2.456898
v -10.306494 55.723778 2.464334
v -11.087732 55.722813 2.742545
v -11.283791 55.591850 2.724931
v -10.806190 55.862747 2.724983
v -10.562660 55.910080 2.613971
v -10.334249 55.922123 2.469398
v -10.224731 55.407967 2.467115
v -10.410242 55.393494 2.625397
v -10.616665 55.324718 2.739853
v -10.821985 55.228577 2.829351
v -11.026773 55.111721 2.883911
v -10.181040 92.770676 -3.344301
v -9.930906 93.132950 -3.445150
v -9.581365 92.814072 -3.499394
v -9.797749 92.492325 -3.427218
v -9.641551 93.472275 -3.507028
v -9.334528 93.133331 -3.584660
v -9.309906 93.767082 -3.537095
v -9.039948 93.404228 -3.571536
v -8.928196 93.984886 -3.457559
v -8.712424 93.593742 -3.477011
v -8.575809 94.068321 -3.276388
v -8.388931 93.727905 -3.336301
v -8.205496 94.135040 -3.107822
v -8.077755 93.822052 -3.146996
v -7.964868 94.123123 -2.931631
v -7.860060 93.855843 -2.969169
v -9.154713 92.625420 -3.554574
v -9.351789 92.340538 -3.512276
v -8.936054 92.888489 -3.572478
v -8.697538 93.128632 -3.550119
v -8.441745 93.301125 -3.432050
v -8.173344 93.429962 -3.299118
v -7.941676 93.537773 -3.106551
v -7.765383 93.601921 -2.954986
v -8.731720 92.407524 -3.523507
v -8.900042 92.182732 -3.508036
v -8.559045 92.632034 -3.496866
v -8.386524 92.841209 -3.419173
v -8.175272 93.000168 -3.323816
v -7.965782 93.137810 -3.203309
v -7.790852 93.264664 -3.042116
v -7.669135 93.337570 -2.912843
v -8.391586 92.169792 -3.333951
v -8.526929 91.964043 -3.328864
v -8.246022 92.372421 -3.311195
v -8.116546 92.565491 -3.231174
v -7.933495 92.726677 -3.164804
v -7.775436 92.868576 -3.042527
v -7.636889 93.026047 -2.908277
v -7.534132 93.123924 -2.825280
v -8.109615 91.924103 -3.040250
v -8.234085 91.734695 -3.016919
v -7.989552 92.115768 -3.027928
v -7.856769 92.293907 -2.987557
v -7.719679 92.466064 -2.920037
v -7.588570 92.635468 -2.836932
v -7.462548 92.811806 -2.751406
v -7.396060 92.927422 -2.681729
v -7.889498 91.688545 -2.710097
v -8.014137 91.518440 -2.681805
v -7.765093 91.865723 -2.714737
v -7.661447 92.064278 -2.686110
v -7.530366 92.244690 -2.654419
v -7.418348 92.432236 -2.595446
v -7.307210 92.628334 -2.555631
v -7.277001 92.765976 -2.497058
v -7.713447 91.475487 -2.320140
v -7.871486 91.342407 -2.274047
v -7.598289 91.661461 -2.332798
v -7.492728 91.858368 -2.323785
v -7.354757 92.032791 -2.303777
v -7.290805 92.264633 -2.291327
v -7.209225 92.488167 -2.292551
v -7.174850 92.634705 -2.279743
v -10.371794 92.457565 -3.211461
v -9.964638 92.217888 -3.288751
v -9.498543 92.132843 -3.407710
v -9.039537 92.015656 -3.445266
v -8.637262 91.803123 -3.301826
v -8.341848 91.599403 -2.987231
v -8.110254 91.390022 -2.638032
v -7.974558 91.224312 -2.227111
v -7.795336 91.166634 -1.747006
v -7.911707 91.047478 -1.704757
v -7.641638 91.315788 -1.802713
v -7.496670 91.484749 -1.849222
v -7.378285 91.681313 -1.882428
v -7.275348 91.897163 -1.905077
v -7.193359 92.126778 -1.925691
v -7.114884 92.355469 -1.966717
v -7.099843 92.512993 -1.998091
v -7.140203 92.807442 -2.259232
v -7.119093 92.937386 -2.238832
v -7.056573 92.845673 -2.056210
v -7.075212 92.713737 -2.034870
v -7.239902 92.918526 -2.429332
v -7.210523 93.034302 -2.375237
v -7.334981 93.051437 -2.588534
v -7.296530 93.143974 -2.505996
v -7.447794 93.212166 -2.716212
v -7.388368 93.278419 -2.607912
v -7.566163 93.395187 -2.794492
v -7.466037 93.447624 -2.671122
v -7.649802 93.628456 -2.837428
v -7.516507 93.643265 -2.682758
v -7.719879 93.858917 -2.838384
v -7.553928 93.842865 -2.665721
v -7.789162 94.089958 -2.784956
v -7.604414 94.032158 -2.613002
v -7.853932 94.349747 -2.667475
v -7.651401 94.224365 -2.501200
v -8.328068 94.476440 -2.956205
v -8.035482 94.422974 -2.793415
v -8.737356 94.480896 -3.137121
v -9.165162 94.406647 -3.261923
v -9.592770 94.228020 -3.331858
v -9.981126 93.940063 -3.313649
v -10.326827 93.591911 -3.268525
v -10.616673 93.201271 -3.184012
v -10.844787 92.841034 -3.043210
v -7.551738 94.022636 -2.549087
v -7.502343 94.012970 -2.476706
v -7.460254 93.858719 -2.518880
v -7.503857 93.850060 -2.599617
v -7.466706 93.964935 -2.361438
v -7.438704 93.842300 -2.385580
v -7.476367 93.885460 -2.235967
v -7.461861 93.794388 -2.236217
v -7.422211 93.701385 -2.534601
v -7.468813 93.669380 -2.617945
v -7.407475 93.718544 -2.391078
v -7.455557 93.735100 -2.233939
v -7.391304 93.536949 -2.517121
v -7.424547 93.484955 -2.610477
v -7.385964 93.587036 -2.375613
v -7.437608 93.628677 -2.216170
v -7.353456 93.388161 -2.463276
v -7.360808 93.326180 -2.548055
v -7.372616 93.464638 -2.334939
v -7.418048 93.522003 -2.183633
v -7.291439 93.269905 -2.378713
v -7.282033 93.199928 -2.453801
v -7.336031 93.356377 -2.272233
v -7.392842 93.437340 -2.143701
v -7.232843 93.176826 -2.279266
v -7.217296 93.096184 -2.333072
v -7.285017 93.275429 -2.197853
v -7.356302 93.363564 -2.096600
v -7.164635 93.093208 -2.175401
v -7.133202 93.007881 -2.212462
v -7.230547 93.201736 -2.118819
v -7.322831 93.304420 -2.050614
v -7.058613 92.928947 -2.058996
v -7.082173 93.029984 -2.054061
v -7.162354 93.148499 -2.027889
v -7.277319 93.249916 -1.988045
v -7.384137 93.387352 -2.015992
v -7.339265 93.319328 -1.967410
v -7.436131 93.481796 -2.056160
v -7.461705 93.547676 -2.083899
v -7.487444 93.650620 -2.118614
v -7.490477 93.761597 -2.151051
v -7.493316 93.870850 -2.165479
v -7.503404 93.966103 -2.216989
v -7.519712 94.076294 -2.308556
v -7.564152 94.145866 -2.392203
v -7.603087 94.187035 -2.448158
v -7.511786 93.894073 -2.117218
v -7.507149 93.780525 -2.085587
v -7.529154 93.937088 -2.052850
v -7.506642 93.818634 -2.013387
v -7.528131 93.990570 -1.966201
v -7.496518 93.862450 -1.923147
v -7.507325 93.662956 -2.053000
v -7.507140 93.693573 -1.972150
v -7.478717 93.735123 -1.880416
v -7.468723 93.525177 -2.012110
v -7.473756 93.546852 -1.923439
v -7.444403 93.584846 -1.831245
v -7.401108 93.406700 -1.953896
v -7.400466 93.416122 -1.875302
v -7.377319 93.446198 -1.785928
v -7.336331 93.317719 -1.916382
v -7.325951 93.319931 -1.838868
v -7.302733 93.343559 -1.747382
v -7.495070 93.987213 -1.874931
v -7.481571 93.876495 -1.835240
v -7.449353 93.991737 -1.775437
v -7.438087 93.906067 -1.729434
v -7.448513 93.762024 -1.797017
v -7.405192 93.798729 -1.701760
v -7.404313 93.624382 -1.754411
v -7.356860 93.673218 -1.663530
v -7.344821 93.493652 -1.713160
v -7.301998 93.548378 -1.629700
v -7.281891 93.394424 -1.676096
v -7.251805 93.449310 -1.604842
v -7.405935 94.041496 -1.682084
v -7.326920 94.158020 -1.601545
v -7.336370 94.080956 -1.537295
v -7.398230 93.970779 -1.633640
v -7.280213 94.267212 -1.529759
v -7.270412 94.175262 -1.460940
v -7.283887 94.341431 -1.468993
v -7.248163 94.242043 -1.399637
v -7.327126 93.998985 -1.475523
v -7.355662 93.873886 -1.567628
v -7.251313 94.086884 -1.395108
v -7.206210 94.148643 -1.334044
v -7.299324 93.924088 -1.442204
v -7.224640 93.993721 -1.346437
v -7.188656 94.045135 -1.270205
v -7.254199 93.836578 -1.413038
v -7.293469 93.741287 -1.523547
v -7.188383 93.897308 -1.304973
v -7.158855 93.935646 -1.218176
v -7.219853 93.759789 -1.390383
v -7.148316 93.798004 -1.274065
v -7.115216 93.826912 -1.182348
v -7.173275 93.668076 -1.376290
v -7.229780 93.599747 -1.496971
v -7.105855 93.698639 -1.256470
v -7.080970 93.707535 -1.161808
v -7.131872 93.586731 -1.369997
v -7.056978 93.595451 -1.247925
v -7.040744 93.587517 -1.150975
v -7.195498 93.473480 -1.512318
v -7.085971 93.468040 -1.381388
v -6.997629 93.458252 -1.259891
v -6.978509 93.429947 -1.161453
v -7.049873 93.575981 -1.051154
v -6.998493 93.396072 -1.068689
v -7.084041 93.712517 -1.060013
v -7.118110 93.845139 -1.080597
v -7.159389 93.971123 -1.117184
v -7.188064 94.093475 -1.174727
v -7.208203 94.210617 -1.240912
v -7.265777 94.310089 -1.313707
v -7.310062 94.414879 -1.391487
v -7.363900 94.424339 -1.577213
v -7.405050 94.502251 -1.512360
v -7.337461 94.348480 -1.629495
v -7.340208 94.227196 -1.690603
v -7.405787 94.088211 -1.747556
v -7.548833 94.766922 -0.894247
v -7.807465 94.947678 -0.533380
v -7.703887 94.776268 -0.407916
v -7.483862 94.617088 -0.795772
v -8.225654 95.051003 -0.137577
v -8.099746 94.851181 0.005767
v -8.728710 95.052086 0.170253
v -8.578889 94.821129 0.336409
v -9.254723 95.023598 0.425944
v -9.086330 94.794411 0.621258
v -9.818245 94.818741 0.538967
v -9.609101 94.552040 0.746700
v -10.282738 94.412834 0.580708
v -10.072754 94.182777 0.793476
v -10.687834 93.927750 0.601614
v -10.470050 93.698151 0.791869
v -7.617299 94.570198 -0.317702
v -7.382997 94.462433 -0.709105
v -7.985371 94.608047 0.106780
v -8.405350 94.580544 0.487629
v -8.903333 94.499077 0.760056
v -9.408918 94.270393 0.927371
v -9.868481 93.939659 0.977322
v -10.251526 93.451721 0.958889
v -7.537371 94.356239 -0.238003
v -7.337203 94.289558 -0.622856
v -7.857851 94.376228 0.208873
v -8.259502 94.312279 0.578512
v -8.715823 94.212425 0.875906
v -9.186184 93.967690 1.042328
v -9.636309 93.607185 1.106053
v -10.016199 93.181610 1.043739
v -7.462514 94.142029 -0.171825
v -7.287210 94.111511 -0.558891
v -7.757485 94.119408 0.264507
v -8.112881 94.035492 0.651407
v -8.540483 93.898895 0.951979
v -8.993092 93.639748 1.082822
v -9.409905 93.309723 1.181481
v -9.794117 92.907730 1.126219
v -7.374936 93.915031 -0.146667
v -7.224830 93.921898 -0.524445
v -7.649939 93.850540 0.271572
v -7.972447 93.729973 0.650811
v -8.376450 93.556076 0.926628
v -8.783104 93.317558 1.114093
v -9.189922 92.970596 1.203219
v -9.567590 92.611458 1.127638
v -7.324005 93.686142 -0.166069
v -7.185659 93.727867 -0.519028
v -7.553357 93.578415 0.257637
v -7.861824 93.424782 0.611093
v -8.235258 93.221123 0.874557
v -8.614731 92.950829 1.058254
v -8.995853 92.635429 1.145002
v -9.376705 92.308594 1.089321
v -7.262172 93.454781 -0.185400
v -7.151948 93.525070 -0.523823
v -7.490601 93.310951 0.199762
v -7.764837 93.114746 0.539987
v -8.112473 92.877335 0.777378
v -8.465464 92.590569 0.936967
v -8.814028 92.274879 1.039699
v -9.197785 91.999084 0.980674
v -7.443920 94.645134 -1.082409
v -7.386699 94.509926 -0.998272
v -7.296883 94.375885 -0.918383
v -7.261054 94.223618 -0.842558
v -7.220079 94.066452 -0.784970
v -7.166307 93.900925 -0.755272
v -7.128496 93.731262 -0.749710
v -7.098258 93.555206 -0.754861
v -7.040729 93.333351 -0.808098
v -7.191861 93.146088 -0.288493
v -7.093710 93.263901 -0.582865
v -7.387433 92.951614 0.059297
v -7.620644 92.722763 0.366458
v -7.922948 92.460640 0.571320
v -8.255334 92.192451 0.685808
v -8.596993 91.933510 0.742929
v -8.944568 91.679741 0.717900
v -9.517513 91.761696 0.858368
v -9.250112 91.466949 0.647889
v -9.701432 92.012100 0.978146
v -9.894185 92.290634 0.996453
v -10.115474 92.537064 0.986480
v -10.344118 92.775055 0.945164
v -10.577915 93.001114 0.868640
v -10.801455 93.221748 0.750740
v -11.019135 93.432678 0.605424
v -10.953970 94.191818 0.263422
v -11.282022 93.682381 0.297908
v -10.550104 94.693153 0.197071
v -10.076030 95.091988 0.129197
v -9.507435 95.291428 0.041082
v -8.937986 95.365318 -0.129263
v -8.420147 95.317482 -0.415247
v -7.964663 95.171425 -0.762295
v -7.683502 94.933975 -1.084358
v -7.565128 94.782135 -1.248230
v -7.463876 94.112114 -1.861944
v -7.401613 94.242722 -1.806173
v -7.452155 94.241417 -1.888827
v -7.526263 94.103256 -1.959452
v -7.504949 94.234467 -1.975089
v -7.398833 94.363670 -1.769644
v -7.454480 94.358307 -1.872901
v -7.508018 94.347458 -1.973901
v -7.427815 94.437721 -1.733910
v -7.479278 94.433723 -1.851856
v -7.532534 94.421432 -1.965996
v -7.470819 94.522102 -1.688423
v -7.523401 94.520172 -1.819827
v -7.576656 94.503662 -1.949622
v -7.593979 94.386391 -2.064400
v -7.640285 94.463676 -2.062425
v -7.562603 94.323509 -2.064744
v -7.554687 94.219162 -2.050422
v -7.550585 94.093430 -2.023820
v -7.546892 94.052811 -2.102074
v -7.568064 94.185005 -2.118543
v -7.560810 94.155373 -2.184402
v -7.530093 93.997719 -2.171127
v -7.550490 94.111916 -2.247798
v -7.587612 94.287148 -2.148010
v -7.593568 94.249733 -2.233700
v -7.585412 94.197525 -2.313217
v -7.615511 94.350830 -2.164639
v -7.627542 94.309364 -2.265228
v -7.618648 94.250679 -2.357251
v -7.661738 94.422775 -2.180596
v -7.664461 94.378815 -2.297254
v -7.663036 94.304062 -2.400722
v -7.259332 93.239449 -1.917098
v -7.135709 93.139740 -1.932011
v -7.240572 93.241394 -1.818402
v -7.113878 93.141907 -1.802294
v -7.196869 93.262573 -1.695988
v -7.072296 93.164330 -1.675625
v -7.038187 93.035210 -1.938955
v -7.011783 93.046013 -1.773981
v -6.968705 93.069847 -1.613045
v -7.004210 92.938393 -1.928914
v -6.975865 92.958382 -1.734579
v -6.956745 92.986244 -1.539578
v -6.997785 92.856705 -1.912456
v -6.973124 92.882904 -1.694206
v -6.965821 92.919510 -1.474873
v -7.197201 93.333649 -1.617977
v -7.067008 93.271896 -1.515544
v -7.061326 93.207863 -1.595670
v -7.190552 93.396713 -1.558262
v -7.071930 93.350067 -1.445211
v -6.962203 93.210800 -1.416693
v -6.949771 93.130058 -1.511370
v -6.967551 93.310951 -1.336483
v -6.946111 93.152176 -1.327616
v -6.938277 93.055840 -1.425522
v -6.948987 93.262894 -1.240791
v -6.947502 92.993019 -1.353436
v -6.957169 93.096100 -1.247651
v -6.964905 93.214050 -1.154809
v -7.928308 95.055122 -1.831190
v -8.277011 95.363792 -1.734714
v -8.190071 95.373795 -1.440485
v -7.862022 95.060791 -1.602704
v -8.780289 95.604919 -1.614669
v -8.677112 95.633751 -1.238195
v -9.324879 95.706635 -1.489353
v -9.227105 95.696152 -1.065087
v -9.890558 95.623741 -1.372335
v -9.795155 95.619362 -0.932990
v -10.417558 95.371384 -1.261526
v -10.338259 95.385773 -0.831761
v -10.899055 95.022392 -1.155277
v -10.822321 95.022217 -0.730374
v -11.316189 94.550186 -1.045738
v -11.242470 94.540001 -0.628239
v -8.101436 95.339584 -1.148818
v -7.788716 95.029266 -1.378386
v -8.582160 95.544243 -0.877659
v -9.121225 95.613960 -0.650003
v -9.691323 95.527092 -0.507434
v -10.250470 95.311218 -0.408158
v -10.729016 94.933037 -0.320580
v -11.152857 94.450783 -0.231804
v -7.776226 94.857430 -1.879547
v -7.717813 94.865814 -1.687311
v -7.654157 94.844170 -1.497269
v -11.510789 93.968651 -0.151778
v -11.603682 94.067177 -0.538412
v -11.665219 94.079086 -0.945335
v -11.352681 94.501411 -1.506538
v -11.634636 94.015564 -1.382289
v -10.926079 94.933517 -1.612452
v -10.463135 95.292274 -1.713181
v -9.937900 95.510956 -1.818852
v -9.389574 95.595314 -1.911392
v -8.849558 95.506233 -1.982599
v -8.344652 95.291229 -2.021572
v -7.989982 95.007149 -2.045182
v -7.833899 94.811226 -2.054717
v -8.381071 94.740685 -2.780472
v -8.060867 94.614037 -2.642216
v -8.821935 94.819702 -2.926557
v -9.295318 94.810905 -3.036247
v -9.769266 94.653656 -3.060536
v -10.203676 94.384605 -3.033993
v -10.587242 94.028702 -2.988345
v -10.934176 93.629280 -2.912693
v -8.391467 94.969437 -2.562222
v -8.055271 94.783844 -2.462499
v -8.865705 95.095642 -2.646456
v -9.364605 95.126366 -2.696159
v -9.870346 95.020203 -2.712936
v -10.337187 94.773315 -2.660451
v -10.762194 94.435692 -2.596952
v -11.125728 94.020164 -2.509248
v -8.379814 95.154327 -2.300846
v -8.028193 94.915939 -2.263350
v -8.874515 95.357986 -2.343142
v -9.399106 95.403717 -2.326181
v -9.934809 95.315613 -2.286726
v -10.429087 95.077728 -2.211016
v -10.874287 94.733276 -2.130885
v -11.278217 94.315353 -2.038148
v -7.879589 94.497856 -2.543720
v -7.878819 94.632637 -2.396451
v -7.862565 94.736244 -2.234205
v -11.518600 93.846764 -1.891832
v -11.388491 93.594124 -2.369828
v -11.183945 93.228439 -2.763861
v -6.987180 92.599068 -1.213766
v -7.029998 92.422050 -1.117034
v -7.024757 92.375755 -1.435774
v -7.000794 92.534592 -1.508397
v -7.100889 92.145058 -0.974973
v -7.103022 92.114037 -1.333449
v -7.231769 91.881996 -0.841486
v -7.212961 91.862549 -1.242342
v -7.395233 91.643600 -0.719340
v -7.342910 91.622932 -1.156210
v -7.592644 91.442337 -0.612626
v -7.491470 91.406837 -1.071078
v -7.810407 91.268295 -0.516108
v -7.677494 91.232307 -0.987918
v -8.046904 91.123116 -0.431721
v -7.868042 91.071281 -0.907766
v -7.075284 92.363808 -1.756678
v -7.058424 92.508316 -1.798737
v -7.131482 92.106789 -1.688662
v -7.227824 91.870987 -1.642348
v -7.318359 91.630623 -1.599525
v -7.460423 91.433235 -1.542691
v -7.619679 91.263046 -1.479368
v -7.785322 91.105255 -1.411558
v -6.965549 92.798782 -1.362871
v -6.979343 92.757843 -1.622962
v -7.020934 92.734512 -1.870857
v -7.925137 90.995102 -1.362742
v -8.049808 90.987587 -0.860267
v -8.256213 91.044243 -0.386897
v -7.113389 92.854294 -0.498228
v -7.034150 93.004471 -0.730066
v -7.265166 92.622307 -0.211427
v -7.455683 92.378853 0.042130
v -7.681886 92.108498 0.248857
v -7.983838 91.876572 0.359827
v -8.314033 91.684425 0.393059
v -8.617725 91.459732 0.414210
v -7.058079 92.682861 -0.693147
v -7.006132 92.846260 -0.876614
v -7.188672 92.429039 -0.454339
v -7.350293 92.179855 -0.239580
v -7.559553 91.927200 -0.066596
v -7.805192 91.695755 0.056342
v -8.108696 91.540215 0.106441
v -8.412573 91.402740 0.122448
v -7.042324 92.531357 -0.898104
v -7.000591 92.703735 -1.040919
v -7.134487 92.260277 -0.711182
v -7.270341 91.999626 -0.537069
v -7.464823 91.767181 -0.393259
v -7.677073 91.545700 -0.274200
v -7.930308 91.376442 -0.186659
v -8.207142 91.248802 -0.131183
v -6.989955 93.117317 -0.941132
v -6.973129 92.988983 -1.073166
v -6.966092 92.874603 -1.213171
v -8.456233 91.187431 -0.134185
v -8.665254 91.276291 0.110161
v -8.895057 91.314537 0.364935
v -10.908955 85.029320 -1.425786
v -10.970200 84.565010 -1.369480
v -11.128759 84.590080 -1.668257
v -11.006529 85.051216 -1.768670
v -11.019366 83.991669 -1.254584
v -11.233111 83.985435 -1.548005
v -11.056604 83.391724 -1.185621
v -11.297758 83.370110 -1.462697
v -11.069157 82.758232 -1.137000
v -11.330345 82.731750 -1.407439
v -11.314653 84.618591 -1.924177
v -11.195351 85.080208 -2.052755
v -11.450263 83.998253 -1.754332
v -11.530371 83.360527 -1.650095
v -11.570791 82.711044 -1.565695
v -11.628092 84.666161 -2.079652
v -11.525349 85.149742 -2.220986
v -11.723715 84.017601 -1.910483
v -11.902367 83.360046 -1.810826
v -11.923466 82.676605 -1.687938
v -11.953144 84.720726 -2.154911
v -11.883856 85.220001 -2.308898
v -12.005857 84.035782 -1.987326
v -12.295612 84.771698 -2.164744
v -12.267235 85.287781 -2.314410
v -12.307684 84.059250 -2.035183
v -12.307608 83.342964 -1.913849
v -12.296982 82.629631 -1.779956
v -12.640245 84.823853 -2.179683
v -12.647508 85.360527 -2.313257
v -12.609972 84.091232 -2.040068
v -12.586815 83.344856 -1.943376
v -12.691089 82.593956 -1.817425
v -12.965955 84.920425 -2.237183
v -13.002144 85.476715 -2.339316
v -12.910299 84.155502 -2.076810
v -12.863199 83.367981 -1.951826
v -13.330351 85.534676 -2.348145
v -13.338987 85.806320 -2.405617
v -13.298761 85.022507 -2.221823
v -13.312636 84.238396 -1.952845
v -13.234226 83.414169 -1.798563
v -13.156232 82.589813 -1.669929
v -10.837158 84.582947 -1.013287
v -10.861681 84.016716 -0.943600
v -10.804304 85.070869 -1.038501
v -13.400304 82.647377 -1.529543
v -13.500967 83.429794 -1.645616
v -13.638786 82.692459 -1.376472
v -13.752112 83.435722 -1.474899
v -13.881216 82.728157 -1.094538
v -14.007812 83.442116 -1.173592
v -14.004284 82.701057 -0.719725
v -14.136559 83.437675 -0.841088
v -13.586853 84.206413 -1.769950
v -13.842422 84.176521 -1.572868
v -14.122618 84.133850 -1.255448
v -14.258348 84.100815 -0.898794
v -13.688173 84.956146 -1.948142
v -13.504293 84.992577 -2.100110
v -13.941170 84.898872 -1.710018
v -14.217859 84.826744 -1.351856
v -14.380653 84.774391 -0.981888
v -13.767427 85.479225 -2.074920
v -13.568693 85.510323 -2.238503
v -14.020554 85.456543 -1.827938
v -14.313073 85.509644 -1.477127
v -13.594379 85.766884 -2.300122
v -13.803328 85.743095 -2.136328
v -14.051607 85.755028 -1.908843
v -14.425552 84.769409 -0.717674
v -14.294403 84.091858 -0.651925
v -14.167628 83.432869 -0.606409
v -14.009828 82.700615 -0.365425
v -13.927432 82.753777 -0.075444
v -14.039288 83.441490 -0.063465
v -14.145452 83.433151 -0.345989
v -13.776909 82.779633 0.194932
v -13.871374 83.446571 0.184947
v -13.575944 82.784691 0.445296
v -13.670861 83.444420 0.408880
v -14.149540 84.092056 -0.097145
v -14.268381 84.087013 -0.381346
v -13.972399 84.100739 0.153898
v -13.749256 84.097038 0.377301
v -14.250368 84.721695 -0.114612
v -14.376190 84.706703 -0.406615
v -14.057943 84.739212 0.145382
v -13.804338 84.727921 0.373172
v -13.496319 84.757416 0.556426
v -13.468282 84.114243 0.581095
v -13.405350 83.461121 0.620147
v -13.326504 82.814926 0.676910
v -12.919537 82.920647 0.880285
v -12.990931 83.544495 0.815008
v -12.446228 82.977921 0.945006
v -12.508836 83.577942 0.870694
v -11.959875 82.990280 0.860256
v -12.014428 83.584778 0.798555
v -11.498608 82.967552 0.639262
v -11.676903 83.564102 0.650696
v -13.041099 84.166718 0.741937
v -12.556988 84.186462 0.780486
v -12.069160 84.181641 0.701516
v -11.716078 84.159241 0.591578
v -13.068010 84.796188 0.681776
v -12.582625 84.797676 0.694530
v -12.098839 84.780457 0.621263
v -11.744263 84.756233 0.531510
v -11.468218 84.733307 0.431147
v -11.447016 84.138527 0.475926
v -11.421565 83.545135 0.511110
v -11.212423 82.961311 0.437709
v -11.244331 83.546982 0.398465
v -10.968565 82.960205 0.249128
v -10.998177 83.544350 0.210977
v -10.777561 82.938629 0.025746
v -10.810640 83.526031 -0.017577
v -11.257929 84.136459 0.374766
v -11.008091 84.125969 0.183375
v -10.837173 84.104774 -0.056031
v -11.265878 84.726257 0.343203
v -11.006645 84.710762 0.157758
v -10.831377 84.688728 -0.085361
v -10.720684 82.908630 -0.218737
v -10.764719 82.846489 -0.544400
v -10.773374 83.470879 -0.587462
v -10.744303 83.509575 -0.249202
v -10.879004 82.791023 -0.836356
v -10.879751 83.426323 -0.889528
v -10.766741 84.056580 -0.616255
v -10.764313 84.087662 -0.274031
v -10.758957 84.639748 -0.635470
v -10.777269 84.669739 -0.297934
v -11.185669 80.130020 1.043333
v -10.919932 77.525749 1.461435
v -10.672635 77.526917 1.197170
v -10.928981 80.116737 0.816688
v -10.632421 74.881866 1.851050
v -10.398335 74.897400 1.586288
v -10.380986 72.437965 2.149892
v -10.132372 72.470268 1.898939
v -10.129730 70.092087 2.310597
v -9.903146 70.130028 2.054390
v -9.834580 67.848724 2.341999
v -9.647189 67.899063 2.156251
v -9.580493 65.837967 2.302718
v -9.410898 65.897011 2.127412
v -9.390688 64.107796 2.186511
v -9.171471 64.191124 2.022923
v -10.484876 77.543472 0.932135
v -10.719191 80.094215 0.579531
v -10.281208 74.921387 1.394799
v -10.034882 72.501793 1.686932
v -9.811357 70.167198 1.849154
v -9.546919 67.945038 1.948237
v -9.284803 65.955811 1.921101
v -9.008994 64.295334 1.814276
v -10.181048 74.941376 1.192291
v -9.957695 72.527191 1.474804
v -9.742807 70.201996 1.636207
v -9.492138 67.987831 1.725797
v -9.237953 66.006546 1.683928
v -8.917595 64.385284 1.563673
v -10.283315 77.556389 0.598193
v -10.524406 80.026672 0.283187
v -10.065394 74.957993 0.925341
v -9.870551 72.555222 1.181782
v -9.709741 70.236450 1.339200
v -9.493513 68.032448 1.422670
v -9.254330 66.063622 1.366471
v -8.914138 64.460503 1.228475
v -11.429334 82.214424 0.724849
v -11.155257 82.208900 0.514546
v -11.081652 81.457191 0.606472
v -10.860212 81.444534 0.394486
v -10.681335 81.387642 0.152141
v -8.803583 63.437141 1.486652
v -8.774299 63.520004 1.153450
v -8.901160 63.356358 1.739061
v -9.079690 63.268394 1.951797
v -9.306322 63.184700 2.125587
v -10.456104 79.909805 0.099360
v -10.209206 77.565353 0.399603
v -10.221045 77.561455 0.178925
v -10.472131 79.742996 -0.112961
v -10.013136 74.972473 0.714140
v -10.031658 74.973663 0.481986
v -9.824678 72.572609 0.960369
v -9.851631 72.580658 0.710787
v -9.679242 70.261101 1.113550
v -9.703470 70.275650 0.870257
v -9.505147 68.062225 1.196541
v -9.555159 68.081116 0.953994
v -9.290296 66.097870 1.137189
v -9.381453 66.121567 0.902460
v -8.985067 64.491081 0.991658
v -9.099492 64.518875 0.758000
v -10.337321 77.538834 -0.084339
v -10.595837 79.597076 -0.368669
v -10.150516 74.958313 0.201463
v -9.965696 72.574753 0.403634
v -9.802403 70.278557 0.555207
v -9.659584 68.092072 0.641792
v -9.531224 66.145187 0.603852
v -9.298668 64.564690 0.491018
v -10.629271 77.488602 -0.382102
v -10.853533 79.576965 -0.663975
v -10.453400 74.914154 -0.117922
v -10.281387 72.539322 0.068534
v -10.092546 70.253906 0.198227
v -9.934013 68.074837 0.253476
v -9.715899 66.147995 0.330668
v -9.535192 64.593498 0.241887
v -10.688988 82.153687 -0.165542
v -10.733152 82.077248 -0.459829
v -10.643028 81.155716 -0.330392
v -10.768486 81.051773 -0.603254
v -10.999522 81.089241 -0.917493
v -9.178429 63.612923 0.374328
v -9.443359 63.610706 0.122232
v -8.961650 63.593315 0.663004
v -8.832840 63.564346 0.897075
v -10.613823 81.291687 -0.076682
v -10.206114 66.091629 -0.058622
v -9.953924 64.554977 -0.081885
v -10.194027 64.510307 -0.205318
v -11.194395 79.494118 -0.915640
v -11.080501 77.429901 -0.647301
v -11.602436 77.361229 -0.816549
v -11.529834 79.450760 -1.084015
v -10.890268 74.858398 -0.390297
v -11.399900 74.799149 -0.497109
v -10.718657 72.494583 -0.156410
v -11.169552 72.443565 -0.234435
v -10.512399 70.219131 -0.042317
v -10.954973 70.175941 -0.127704
v -10.331085 68.042374 -0.012358
v -10.778879 68.006683 -0.122393
v -10.634762 66.075714 -0.135265
v -10.543679 64.536774 -0.242714
v -11.773537 79.497147 -1.189537
v -11.899927 77.324608 -0.846381
v -12.093128 79.606880 -1.268601
v -11.682768 74.765137 -0.480935
v -11.404744 72.421623 -0.172025
v -11.191393 70.150810 -0.059789
v -11.039303 67.976311 -0.071012
v -10.889727 66.055725 -0.129016
v -10.810308 64.595131 -0.228302
v -12.184999 77.295715 -0.780770
v -12.445574 79.662010 -1.265855
v -11.921268 74.749634 -0.329655
v -11.606067 72.400803 -0.029014
v -11.382260 70.132057 0.100605
v -11.241582 67.963539 0.089822
v -11.052414 66.040939 -0.073111
v -11.000401 64.645920 -0.176947
v -11.188244 66.022919 0.043031
v -11.164246 64.646790 -0.076115
v -11.058126 82.016335 -1.057761
v -11.338785 81.998169 -1.331869
v -11.559763 81.091187 -1.347321
v -11.301184 81.081985 -1.184249
v -11.871093 81.134422 -1.479750
v -12.220024 81.143822 -1.554401
v -12.576015 81.102158 -1.575202
v -12.893106 79.695946 -1.081827
v -13.097151 81.125458 -1.364651
v -12.633280 77.315948 -0.573053
v -12.283651 74.776901 -0.051602
v -11.952246 72.419884 0.237666
v -11.744110 70.141426 0.397870
v -11.615281 67.972839 0.412564
v -11.496296 66.029190 0.306647
v -11.355452 64.607307 0.076658
v -11.149633 63.539349 -0.181500
v -11.320815 63.509720 -0.059015
v -10.983828 63.551159 -0.263401
v -10.786872 63.543396 -0.306302
v -10.516022 63.535675 -0.318916
v -10.167221 63.551468 -0.278245
v -9.908873 63.575451 -0.182919
v -9.684174 63.593437 -0.059399
v -9.631437 62.727970 -0.176070
v -9.875185 62.697979 -0.289576
v -9.917013 66.128471 0.122888
v -9.748884 64.587654 0.056345
v -12.907306 77.403862 -0.371111
v -13.186203 79.777855 -0.863047
v -12.519761 74.863808 0.165745
v -12.197367 72.499252 0.485814
v -12.022333 70.204163 0.669113
v -11.919395 68.009247 0.707398
v -11.807233 66.027161 0.614748
v -11.504810 64.514664 0.207027
v -11.704627 64.404068 0.404074
v -11.813601 64.400269 0.567763
v -13.086107 77.457306 -0.126598
v -13.365172 79.858414 -0.602625
v -12.680103 74.912224 0.389470
v -12.377739 72.533737 0.722148
v -12.221071 70.231728 0.950536
v -12.115898 68.029175 1.025474
v -11.993154 66.054703 0.956363
v -11.933068 64.396591 0.801560
v -13.160860 77.483345 0.169108
v -13.457541 79.938843 -0.307424
v -12.786406 74.917290 0.641982
v -12.505144 72.538292 0.995436
v -12.325075 70.232613 1.273557
v -12.215275 68.032578 1.378755
v -12.031561 66.056107 1.233760
v -11.972054 64.395142 1.087357
v -12.017704 66.050804 1.518859
v -11.961185 64.391617 1.307213
v -13.192160 81.866821 -1.488640
v -13.412697 81.219040 -1.145979
v -13.610997 81.271156 -0.871205
v -13.700912 81.257416 -0.541593
v -13.470533 80.006363 0.018330
v -13.705904 81.258659 -0.198240
v -13.158886 77.486412 0.494028
v -12.820789 74.909294 0.939929
v -12.564461 72.523346 1.300156
v -12.370474 70.220177 1.589116
v -12.192651 68.012932 1.699609
v -11.980377 66.035347 1.709518
v -11.884684 64.386673 1.494522
v -11.940027 63.484489 1.206572
v -11.866385 63.478859 1.389691
v -11.964527 63.488941 0.958065
v -11.913589 63.490067 0.673724
v -11.824369 63.486824 0.461117
v -11.709929 63.469200 0.297531
v -11.507479 63.470566 0.097274
v -13.060429 77.496605 0.871900
v -13.410263 80.046661 0.388156
v -12.759739 74.905251 1.296612
v -12.519209 72.502556 1.634672
v -12.303038 70.193497 1.863500
v -12.099350 67.986198 1.937901
v -11.885226 66.009964 1.884145
v -11.841763 64.368469 1.613003
v -11.725090 64.336952 1.802982
v -12.914980 77.487923 1.158714
v -13.249840 80.048569 0.680178
v -12.621845 74.884041 1.580544
v -12.378761 72.476517 1.899518
v -12.157364 70.159569 2.106688
v -11.941745 67.944077 2.172059
v -11.699169 65.962463 2.142998
v -11.509821 64.279633 2.075001
v -12.741213 77.466949 1.370399
v -13.053585 80.028923 0.921488
v -12.454916 74.851730 1.788074
v -12.165191 72.447006 2.122350
v -11.906029 70.126358 2.340519
v -11.673450 67.908730 2.417867
v -11.505878 65.930984 2.335482
v -11.295325 64.240997 2.281731
v -11.325535 65.917038 2.459323
v -11.098695 64.223358 2.399576
v -13.860184 81.978020 -0.288430
v -13.785650 82.031723 0.023091
v -13.636887 81.307159 0.137147
v -13.475653 81.302299 0.424311
v -13.270962 81.285179 0.675751
v -12.801816 80.013153 1.147088
v -13.018768 81.320885 0.905517
v -12.537203 77.463593 1.570730
v -12.240716 74.839195 1.974918
v -11.914503 72.430031 2.318581
v -11.614826 70.106888 2.514449
v -11.365368 67.884781 2.575762
v -11.069468 65.896957 2.566859
v -10.843351 64.195236 2.493577
v -11.027176 63.309196 2.363684
v -10.764069 63.279640 2.462515
v -11.216940 63.329048 2.246637
v -11.442110 63.368793 2.041864
v -11.680857 63.429337 1.756464
v -11.810187 63.463001 1.535992
v -11.847137 62.580742 1.280812
v -11.778145 62.558861 1.451903
v -12.168995 77.531601 1.776920
v -12.430863 80.093819 1.352511
v -11.870790 74.891151 2.163617
v -11.557070 72.458206 2.451049
v -11.255625 70.120132 2.615786
v -11.020420 67.883171 2.676604
v -10.735842 65.884232 2.641329
v -10.508939 64.168907 2.580671
v -11.737253 77.563522 1.858141
v -11.999288 80.164978 1.404351
v -11.439957 74.915077 2.218711
v -11.151832 72.465706 2.484650
v -10.866817 70.118965 2.611654
v -10.636168 67.875626 2.691819
v -10.374617 65.862656 2.633239
v -10.154752 64.136284 2.564489
v -11.302799 77.560608 1.748059
v -11.572937 80.176331 1.300412
v -11.014791 74.911926 2.113268
v -10.758413 72.457855 2.374831
v -10.485839 70.108368 2.512603
v -10.257374 67.860840 2.585882
v -10.023458 65.845505 2.544655
v -9.821685 64.110466 2.438362
v -9.970748 67.847717 2.445246
v -9.778165 65.831215 2.427797
v -9.593578 64.094551 2.304209
v -13.181482 82.087570 0.780733
v -12.791390 82.187141 0.985975
v -12.654317 81.455750 1.105434
v -12.206450 81.506195 1.166106
v -11.758451 81.509247 1.069969
v -11.346375 81.470657 0.824480
v -9.514060 63.169594 2.247092
v -9.434667 62.248787 2.183838
v -9.216771 62.282722 2.052031
v -9.746613 63.184883 2.374655
v -10.077815 63.211899 2.500497
v -10.427372 63.248539 2.536258
v -8.747297 61.328560 1.666529
v -8.586273 61.380249 1.471378
v -8.677278 61.883621 1.542996
v -5.553326 53.593170 -1.004698
v -5.562424 53.797852 -0.876180
v -8.504210 61.440422 1.324717
v -8.565686 61.917610 1.350637
v -8.543793 61.057281 0.311756
v -9.063509 59.468090 -0.662767
v -8.339707 59.446171 -0.274871
v -8.542374 59.466316 -0.448440
v -8.788416 59.472851 -0.575389
v -8.970382 60.705070 1.843479
v -8.776933 60.756744 1.699596
v -8.409560 60.891327 1.241968
v -8.352592 60.942234 1.042720
v -8.442540 61.567684 0.985561
v -8.530922 62.025841 1.036281
v -8.499083 60.849171 1.393838
v -8.225941 60.362068 0.784615
v -8.342117 60.977402 0.875082
v -8.382707 61.015556 0.622538
v -8.637775 61.644318 0.431221
v -8.488546 61.611130 0.704565
v -8.962879 62.123215 0.191757
v -8.714078 62.104820 0.500645
v -11.318062 61.997219 -0.243414
v -11.321722 61.466728 -0.325702
v -8.363878 57.564270 1.452927
v -8.592934 57.589386 1.593703
v -10.627905 60.291351 2.302969
v -10.578707 59.796501 2.276659
v -10.812968 59.821175 2.188928
v -10.543896 59.278229 2.248591
v -10.783660 59.271389 2.180125
v -11.065407 59.249458 2.028737
v -10.515842 58.762428 2.229958
v -10.768016 58.728493 2.178790
v -11.063276 58.663216 2.030277
v -11.276621 58.641602 1.867690
v -10.491371 58.269989 2.248989
v -10.758377 58.246029 2.195867
v -11.073812 58.196541 2.046883
v -11.283007 58.124550 1.897570
v -10.464048 57.755814 2.250031
v -10.749674 57.703636 2.227019
v -11.100624 57.606323 2.092426
v -11.334206 57.517197 1.936637
v -11.756645 61.956543 1.392332
v -11.606875 61.918640 1.660662
v -8.660898 60.794296 1.592402
v -8.446882 59.323681 1.423308
v -8.594826 59.285095 1.557195
v -8.775599 59.245316 1.690356
v -8.986674 59.210526 1.818663
v -8.390640 58.878845 1.384998
v -8.541798 58.811043 1.517751
v -8.726784 58.750278 1.653150
v -8.946625 58.711014 1.783361
v -9.135885 58.688835 1.881235
v -8.299520 58.253654 1.336609
v -8.466412 58.217506 1.477543
v -8.665220 58.181019 1.618403
v -8.062969 57.561859 1.199598
v -8.155964 57.539101 1.296177
v -8.561889 62.059616 0.763727
v -8.669080 62.688148 0.840525
v -8.632864 62.647797 1.088950
v -13.848127 91.990425 -1.273046
v -14.004889 92.215195 -1.197631
v -14.061270 92.298248 -1.068742
v -13.803775 92.265602 -0.801810
v -14.712226 92.802460 -0.269837
v -14.808612 92.919449 -0.491036
v -13.569136 92.213089 -0.813949
v -13.507977 92.307770 -0.562557
v -13.241792 92.270226 -0.634759
v -13.796022 92.380524 -0.535802
v -14.217184 92.616539 -0.699499
v -14.112143 92.351128 -1.169516
v -14.606878 92.882698 -0.571057
v -14.656796 93.013672 -0.731009
v -14.869115 93.037376 -0.667683
v -14.524632 92.764084 -0.376935
v -13.569139 86.799171 -2.563638
v -13.633921 85.989784 -2.335437
v -14.577089 88.192787 -2.782502
v -14.301652 88.211426 -2.901664
v -14.758606 88.509453 -2.871789
v -14.503305 88.522209 -2.995249
v -14.936079 88.806992 -2.966643
v -14.670740 88.815849 -3.101982
v -13.839714 85.919205 -2.167662
v -14.918911 88.175987 -2.540197
v -15.114946 88.508789 -2.616386
v -15.311088 88.812515 -2.706671
v -15.162636 88.164917 -2.273465
v -15.492456 88.145187 -1.775674
v -11.818546 92.524223 0.304288
v -12.729645 88.196098 -3.148494
v -12.991798 88.413155 -3.232548
v -13.285658 88.653580 -3.352503
v -13.568619 88.942642 -3.446330
v -13.016204 87.897995 -3.046214
v -13.225529 88.051323 -3.066843
v -13.492943 88.313469 -3.149055
v -13.774564 88.587021 -3.255095
v -13.992002 88.872887 -3.351532
v -13.315293 87.591980 -2.896703
v -13.669191 87.845436 -2.910525
v -13.966221 88.238853 -3.019981
v -14.222940 88.542336 -3.112810
v -14.407103 88.830437 -3.221407
v -14.555123 89.081001 -3.281396
v -14.655005 89.348228 -3.308422
v -15.379716 88.512062 -2.328454
v -15.588078 88.822884 -2.392050
v -15.750896 89.063805 -2.443236
v -15.854822 89.304909 -2.447128
v -15.971888 89.723839 -2.413161
v -16.348410 88.969643 -1.329686
v -16.453922 89.168678 -1.314426
v -11.692168 92.659859 0.332599
v -11.564445 92.778770 0.375916
v -11.329179 61.851135 1.969143
v -9.671539 62.260437 2.303287
v -10.000831 62.288483 2.428550
v -10.345721 62.328323 2.483794
v -10.684687 62.364082 2.423318
v -10.955648 62.396675 2.319469
v -11.138504 62.417343 2.203311
v -11.374353 62.458153 2.000479
v -11.636488 62.522720 1.701284
v -11.918005 62.589500 1.098575
v -11.941547 62.584850 0.810898
v -11.909418 62.584690 0.522054
v -11.835182 62.584251 0.346595
v -11.718359 62.569736 0.187112
v -11.513704 62.601555 -0.008021
v -11.315557 62.647522 -0.160989
v -11.148850 62.681767 -0.267064
v -10.988573 62.694145 -0.335579
v -10.791588 62.680565 -0.376999
v -10.504541 62.666901 -0.394463
v -10.146107 62.664856 -0.354200
v -8.781483 62.490555 1.636031
v -8.675364 62.563080 1.424432
v -8.972075 62.396324 1.855521
v -6.016489 53.599899 -0.136729
v -6.009597 53.835220 -0.070472
v -6.002519 54.013176 -0.050357
v -5.478203 53.301300 -1.605208
v -9.280190 62.143494 -0.070801
v -9.043878 62.739212 0.281499
v -9.349709 62.747219 0.015573
v -8.807136 62.718300 0.586348
v -9.336755 61.146194 -0.341270
v -10.916279 54.973515 -3.096589
v -11.046434 55.035717 -3.150724
v -10.969852 55.178246 -2.922720
v -10.763330 54.991066 -2.900553
v -6.829382 54.988617 -4.012610
v -6.937413 55.162304 -3.857519
v -6.780677 55.050491 -3.937822
v -11.173174 54.658051 2.875329
v -11.215038 54.841896 2.916029
v -8.926174 52.159660 -1.125089
v -9.073483 52.208771 -1.026483
v -9.282765 52.287544 -0.912709
v -9.442011 52.356743 -0.845541
v -9.608393 52.435631 -0.808243
v -10.924257 82.211716 0.313204
v -10.745998 82.191742 0.080318
v -10.852551 82.021919 -0.747659
v -11.568340 81.968758 -1.475036
v -11.905800 81.927513 -1.595062
v -12.265092 81.880745 -1.673716
v -12.639242 81.841301 -1.702906
v -13.529635 81.952301 -1.267445
v -13.749647 81.997368 -0.989030
v -13.855162 81.976997 -0.637139
v -13.633406 82.056374 0.299021
v -13.432833 82.059509 0.548231
v -12.330728 82.236786 1.048916
v -11.864466 82.243835 0.958378
v -15.100522 92.955009 -0.625653
v -15.313000 92.812424 -0.601313
v -10.693968 91.456299 0.494220
v -10.620384 91.565269 0.491542
v -11.520056 91.578751 0.583144
v -11.283077 91.489006 0.562541
v -11.031722 91.419014 0.517922
v -10.775733 91.360146 0.463168
v -10.507940 91.295433 0.409075
v -12.714461 92.362740 -0.491745
v -12.974107 92.316872 -0.460774
v -12.676892 91.339592 0.608708
v -15.725159 88.739830 0.337978
v -15.580013 88.735626 0.362618
v -13.518007 54.892494 -2.063041
v -13.530378 54.983025 -1.950204
v -13.612328 54.840694 -1.904392
v -11.348476 59.721626 -0.672070
v -10.915538 59.324493 -0.762453
v -8.833640 55.177788 -2.408343
v -8.755371 55.308617 -2.335669
v -6.773027 55.471771 -3.002201
v -6.768440 55.609917 -2.817212
v -6.581131 55.506657 -2.901459
v -6.576649 55.660034 -2.724796
v -8.070974 57.036255 1.319795
v -7.526861 56.196877 1.157008
v -5.512386 53.535568 -2.466580
v -7.354665 56.234249 0.958391
v -7.246744 56.262566 0.809770
v -7.801762 56.616966 1.218018
v -5.993058 54.341545 -0.050183
vt 0.698476 0.633327
vt 0.702929 0.645764
vt 0.697489 0.649123
vt 0.692966 0.636296
vt 0.705296 0.652117
vt 0.700513 0.658059
vt 0.707358 0.657596
vt 0.709795 0.663861
vt 0.703561 0.666784
vt 0.713220 0.672292
vt 0.706543 0.675754
vt 0.689937 0.653337
vt 0.685529 0.640290
vt 0.692715 0.662278
vt 0.695340 0.671240
vt 0.697586 0.680351
vt 0.682172 0.657115
vt 0.677957 0.644064
vt 0.684658 0.666179
vt 0.686793 0.675173
vt 0.688317 0.684241
vt 0.674187 0.660250
vt 0.670223 0.647543
vt 0.676406 0.669097
vt 0.677876 0.677992
vt 0.678205 0.687271
vt 0.694745 0.621053
vt 0.689079 0.623836
vt 0.681554 0.627477
vt 0.673781 0.631105
vt 0.666369 0.634574
vt 0.714903 0.661835
vt 0.718833 0.669743
vt 0.712240 0.655556
vt 0.709929 0.649700
vt 0.707489 0.643342
vt 0.702935 0.631013
vt 0.699230 0.618811
vt 0.462300 0.302083
vt 0.462175 0.291497
vt 0.467926 0.290232
vt 0.468302 0.300668
vt 0.460720 0.280378
vt 0.466777 0.279093
vt 0.460867 0.268111
vt 0.466904 0.266792
vt 0.460512 0.256608
vt 0.466472 0.255413
vt 0.460076 0.245143
vt 0.466044 0.244030
vt 0.459641 0.233667
vt 0.465657 0.232657
vt 0.459223 0.222149
vt 0.465354 0.221316
vt 0.473880 0.288852
vt 0.474477 0.299172
vt 0.473061 0.277716
vt 0.472906 0.265467
vt 0.472384 0.254224
vt 0.471973 0.242931
vt 0.471643 0.231623
vt 0.471424 0.220355
vt 0.480058 0.287777
vt 0.480791 0.298300
vt 0.479340 0.276473
vt 0.478787 0.264441
vt 0.478225 0.253320
vt 0.477573 0.230566
vt 0.477827 0.242018
vt 0.477353 0.219235
vt 0.485153 0.287391
vt 0.485739 0.298289
vt 0.483975 0.275561
vt 0.483388 0.263811
vt 0.482655 0.252995
vt 0.481844 0.218198
vt 0.481928 0.229765
vt 0.462044 0.312871
vt 0.468424 0.311336
vt 0.474838 0.309732
vt 0.481377 0.308444
vt 0.486336 0.307602
vt 0.491351 0.298175
vt 0.491522 0.307433
vt 0.488709 0.275137
vt 0.489771 0.287374
vt 0.487131 0.263790
vt 0.486256 0.217103
vt 0.486154 0.229353
vt 0.481702 0.206836
vt 0.486448 0.205415
vt 0.476910 0.207868
vt 0.471297 0.208590
vt 0.465909 0.209114
vt 0.461161 0.209450
vt 0.457316 0.209794
vt 0.459512 0.302882
vt 0.461670 0.203156
vt 0.466245 0.202296
vt 0.461544 0.197357
vt 0.466062 0.196191
vt 0.461276 0.191671
vt 0.465653 0.190183
vt 0.460939 0.185447
vt 0.465225 0.183641
vt 0.471093 0.201260
vt 0.470728 0.194841
vt 0.470142 0.188620
vt 0.469602 0.181739
vt 0.476499 0.199903
vt 0.476136 0.193109
vt 0.475867 0.186376
vt 0.475579 0.179385
vt 0.481348 0.198266
vt 0.480694 0.191456
vt 0.480285 0.184556
vt 0.479877 0.177071
vt 0.486297 0.195970
vt 0.484507 0.189737
vt 0.483707 0.183002
vt 0.482979 0.175587
vt 0.456825 0.193106
vt 0.456589 0.187164
vt 0.457007 0.198528
vt 0.457090 0.204030
vt 0.460946 0.179414
vt 0.464970 0.177397
vt 0.461034 0.175432
vt 0.464861 0.173313
vt 0.460934 0.171464
vt 0.464517 0.169266
vt 0.469089 0.175218
vt 0.468768 0.170941
vt 0.468271 0.166687
vt 0.473621 0.172660
vt 0.472840 0.168268
vt 0.472287 0.163878
vt 0.476092 0.171345
vt 0.475535 0.166676
vt 0.474801 0.162118
vt 0.478922 0.169840
vt 0.478328 0.165053
vt 0.477466 0.160310
vt 0.481959 0.168234
vt 0.481148 0.163410
vt 0.480318 0.158530
vt 0.477055 0.157639
vt 0.479902 0.155772
vt 0.474260 0.159597
vt 0.471544 0.161503
vt 0.467839 0.164445
vt 0.464132 0.167119
vt 0.460766 0.169357
vt 0.457343 0.173425
vt 0.457434 0.171318
vt 0.457179 0.177333
vt 0.456845 0.181268
vt 0.673010 0.280308
vt 0.683553 0.282475
vt 0.684750 0.286797
vt 0.675142 0.284596
vt 0.689108 0.283536
vt 0.699872 0.286503
vt 0.701231 0.291140
vt 0.690381 0.287985
vt 0.711078 0.289857
vt 0.712176 0.294301
vt 0.722038 0.293686
vt 0.723187 0.297963
vt 0.733032 0.297674
vt 0.733989 0.301899
vt 0.744455 0.301629
vt 0.745002 0.306008
vt 0.755007 0.304929
vt 0.755172 0.309109
vt 0.686645 0.291252
vt 0.677179 0.288991
vt 0.703430 0.295663
vt 0.692274 0.292498
vt 0.714242 0.298776
vt 0.725005 0.302405
vt 0.735938 0.306009
vt 0.746236 0.310344
vt 0.755988 0.313097
vt 0.688941 0.295726
vt 0.680213 0.293539
vt 0.706053 0.301497
vt 0.695211 0.298718
vt 0.716960 0.304612
vt 0.727693 0.308045
vt 0.738146 0.311657
vt 0.748086 0.315791
vt 0.757511 0.318357
vt 0.690239 0.298843
vt 0.681764 0.296756
vt 0.692136 0.303430
vt 0.682833 0.299758
vt 0.708678 0.307464
vt 0.697662 0.304885
vt 0.719308 0.310507
vt 0.729852 0.313758
vt 0.740082 0.317288
vt 0.749890 0.321253
vt 0.759482 0.323949
vt 0.668012 0.279260
vt 0.669378 0.283159
vt 0.671104 0.287431
vt 0.673078 0.291734
vt 0.674222 0.294863
vt 0.675389 0.298061
vt 0.683400 0.302739
vt 0.676445 0.301260
vt 0.764209 0.323493
vt 0.762903 0.319693
vt 0.761618 0.314663
vt 0.760973 0.310808
vt 0.760982 0.306708
vt 0.756324 0.300982
vt 0.763825 0.301100
vt 0.745016 0.297419
vt 0.733501 0.293207
vt 0.721957 0.289284
vt 0.710847 0.285247
vt 0.699668 0.282138
vt 0.688611 0.278997
vt 0.671485 0.276072
vt 0.682981 0.277974
vt 0.666893 0.275430
vt 0.942627 0.386408
vt 0.941997 0.382768
vt 0.945602 0.384304
vt 0.946246 0.388114
vt 0.941033 0.379142
vt 0.944619 0.380383
vt 0.940171 0.375035
vt 0.944116 0.376482
vt 0.949186 0.385560
vt 0.949718 0.389606
vt 0.948301 0.381388
vt 0.947838 0.377237
vt 0.953882 0.386860
vt 0.954238 0.391302
vt 0.953297 0.382256
vt 0.952917 0.377618
vt 0.957494 0.387676
vt 0.957679 0.392486
vt 0.957137 0.382697
vt 0.956850 0.377736
vt 0.942958 0.388299
vt 0.946416 0.390196
vt 0.949811 0.391802
vt 0.954321 0.393698
vt 0.957510 0.394994
vt 0.960096 0.393272
vt 0.960195 0.396466
vt 0.959924 0.388092
vt 0.959711 0.382865
vt 0.959508 0.377681
vt 0.937788 0.378281
vt 0.937053 0.375412
vt 0.938474 0.381399
vt 0.938782 0.384637
vt 0.939211 0.386299
vt 0.936692 0.371231
vt 0.932746 0.366764
vt 0.938282 0.366662
vt 0.941077 0.371459
vt 0.929219 0.361926
vt 0.935584 0.361575
vt 0.926798 0.357953
vt 0.933331 0.356020
vt 0.925539 0.354971
vt 0.945662 0.366892
vt 0.946893 0.372075
vt 0.944118 0.361506
vt 0.942721 0.355864
vt 0.952750 0.366970
vt 0.952939 0.372249
vt 0.952572 0.361530
vt 0.952016 0.355847
vt 0.958287 0.366958
vt 0.957447 0.372219
vt 0.958817 0.361520
vt 0.958809 0.355928
vt 0.961496 0.374065
vt 0.963974 0.368791
vt 0.965449 0.362905
vt 0.965999 0.356830
vt 0.958515 0.349774
vt 0.965999 0.350266
vt 0.951460 0.349669
vt 0.941731 0.349624
vt 0.931684 0.349812
vt 0.924179 0.351872
vt 0.917707 0.356500
vt 0.916284 0.353189
vt 0.919658 0.359563
vt 0.922038 0.362169
vt 0.924476 0.364728
vt 0.927005 0.366978
vt 0.929651 0.369247
vt 0.933653 0.372447
vt 0.453043 0.208791
vt 0.446723 0.207301
vt 0.446493 0.202433
vt 0.452667 0.203457
vt 0.440625 0.206100
vt 0.440930 0.201433
vt 0.434933 0.205173
vt 0.435074 0.200300
vt 0.427488 0.205091
vt 0.427690 0.198639
vt 0.446433 0.197708
vt 0.452216 0.198294
vt 0.441331 0.196861
vt 0.435564 0.195604
vt 0.427979 0.193785
vt 0.446265 0.193094
vt 0.451877 0.193291
vt 0.441442 0.192366
vt 0.435738 0.190943
vt 0.428228 0.188874
vt 0.446709 0.187981
vt 0.451787 0.188003
vt 0.441553 0.187281
vt 0.435953 0.185772
vt 0.429548 0.183754
vt 0.714297 0.147851
vt 0.710860 0.141412
vt 0.716613 0.137603
vt 0.720239 0.142642
vt 0.721557 0.133515
vt 0.725734 0.138010
vt 0.726649 0.129438
vt 0.732461 0.133007
vt 0.732284 0.124046
vt 0.923985 0.348251
vt 0.923690 0.344414
vt 0.931719 0.342787
vt 0.924080 0.340704
vt 0.924781 0.337043
vt 0.932737 0.337694
vt 0.925169 0.331526
vt 0.933431 0.332642
vt 0.925242 0.328363
vt 0.925327 0.325248
vt 0.933772 0.324740
vt 0.933826 0.327794
vt 0.925483 0.321640
vt 0.933938 0.321804
vt 0.942048 0.342879
vt 0.943118 0.337902
vt 0.944066 0.333007
vt 0.944850 0.328272
vt 0.945050 0.325263
vt 0.951888 0.342551
vt 0.953052 0.337295
vt 0.954273 0.332153
vt 0.955242 0.327475
vt 0.955661 0.324583
vt 0.959109 0.342193
vt 0.960326 0.336482
vt 0.961615 0.330881
vt 0.962244 0.328178
vt 0.966786 0.342406
vt 0.967806 0.336404
vt 0.968521 0.332414
vt 0.968930 0.328583
vt 0.955804 0.321835
vt 0.945294 0.322285
vt 0.926957 0.318444
vt 0.935076 0.317925
vt 0.918508 0.323207
vt 0.919634 0.320509
vt 0.916621 0.337347
vt 0.917310 0.333463
vt 0.916015 0.341355
vt 0.915665 0.345318
vt 0.915810 0.349365
vt 0.624324 0.153115
vt 0.623789 0.159104
vt 0.616197 0.159537
vt 0.616372 0.154688
vt 0.624030 0.165812
vt 0.616346 0.165960
vt 0.626040 0.173851
vt 0.617157 0.174198
vt 0.626717 0.182737
vt 0.617598 0.182762
vt 0.606673 0.159695
vt 0.606425 0.154972
vt 0.607001 0.165998
vt 0.607537 0.174206
vt 0.608520 0.182692
vt 0.597406 0.160070
vt 0.596686 0.155307
vt 0.597833 0.166156
vt 0.598375 0.174222
vt 0.599457 0.182594
vt 0.590471 0.160232
vt 0.589615 0.154987
vt 0.590835 0.166205
vt 0.591537 0.174081
vt 0.592652 0.182413
vt 0.945173 0.318127
vt 0.954734 0.318344
vt 0.585106 0.156119
vt 0.584749 0.151694
vt 0.585517 0.160560
vt 0.586060 0.166226
vt 0.587003 0.174070
vt 0.589117 0.182297
vt 0.593033 0.192612
vt 0.601399 0.192855
vt 0.610292 0.192926
vt 0.619217 0.192976
vt 0.628169 0.193002
vt 0.628449 0.165726
vt 0.629286 0.158215
vt 0.630332 0.150408
vt 0.629693 0.202874
vt 0.621074 0.203138
vt 0.630400 0.210656
vt 0.622194 0.210929
vt 0.612451 0.203302
vt 0.613906 0.211249
vt 0.603853 0.203426
vt 0.605642 0.211517
vt 0.595229 0.203390
vt 0.597371 0.211661
vt 0.631205 0.221133
vt 0.632142 0.230598
vt 0.625011 0.231326
vt 0.623650 0.221739
vt 0.632884 0.239960
vt 0.626612 0.240913
vt 0.634386 0.249889
vt 0.627984 0.250431
vt 0.634434 0.259445
vt 0.628949 0.260368
vt 0.634810 0.269652
vt 0.629856 0.270265
vt 0.575403 0.283434
vt 0.575690 0.292591
vt 0.571574 0.292925
vt 0.570419 0.283714
vt 0.578753 0.292325
vt 0.578523 0.301938
vt 0.575531 0.301895
vt 0.617452 0.231737
vt 0.615803 0.222133
vt 0.619149 0.241422
vt 0.620667 0.251183
vt 0.621954 0.261037
vt 0.623053 0.270943
vt 0.565615 0.293304
vt 0.564979 0.283916
vt 0.572500 0.302160
vt 0.566876 0.302772
vt 0.609943 0.232027
vt 0.607965 0.222425
vt 0.611677 0.241763
vt 0.613234 0.251575
vt 0.614537 0.261453
vt 0.615478 0.271132
vt 0.558871 0.293359
vt 0.557768 0.283592
vt 0.559869 0.303035
vt 0.602494 0.232183
vt 0.600166 0.222555
vt 0.604280 0.241970
vt 0.605887 0.251829
vt 0.607891 0.270368
vt 0.607143 0.260870
vt 0.552833 0.303174
vt 0.552042 0.292878
vt 0.548720 0.313670
vt 0.547125 0.303272
vt 0.554069 0.313357
vt 0.560643 0.312862
vt 0.567868 0.312700
vt 0.574081 0.312338
vt 0.581512 0.301647
vt 0.581572 0.312753
vt 0.578198 0.312710
vt 0.581549 0.291964
vt 0.578933 0.283219
vt 0.581907 0.282916
vt 0.638368 0.259117
vt 0.641558 0.258648
vt 0.641265 0.268700
vt 0.638318 0.269201
vt 0.638751 0.248908
vt 0.560840 0.931109
vt 0.555329 0.937278
vt 0.548239 0.936973
vt 0.551781 0.931048
vt 0.551146 0.942035
vt 0.545127 0.942104
vt 0.548179 0.945672
vt 0.543292 0.946157
vt 0.542426 0.937420
vt 0.544789 0.931063
vt 0.540373 0.942645
vt 0.537148 0.937925
vt 0.537386 0.931188
vt 0.536163 0.943178
vt 0.538575 0.946524
vt 0.533612 0.946787
vt 0.531733 0.937989
vt 0.529576 0.930854
vt 0.532159 0.943368
vt 0.526178 0.937273
vt 0.521847 0.929999
vt 0.528076 0.943133
vt 0.528440 0.947098
vt 0.518651 0.937791
vt 0.513390 0.929758
vt 0.522579 0.944096
vt 0.524181 0.947361
vt 0.583574 0.833314
vt 0.573027 0.834561
vt 0.578157 0.830288
vt 0.567548 0.832447
vt 0.572151 0.827992
vt 0.561276 0.829790
vt 0.566082 0.826038
vt 0.554047 0.827239
vt 0.558664 0.823479
vt 0.549446 0.825476
vt 0.551327 0.821290
vt 0.544479 0.823753
vt 0.545615 0.819906
vt 0.540172 0.822711
vt 0.542823 0.819370
vt 0.536914 0.818922
vt 0.535302 0.820793
vt 0.529733 0.819624
vt 0.527990 0.949835
vt 0.525227 0.950313
vt 0.533154 0.949272
vt 0.538515 0.949113
vt 0.547199 0.948859
vt 0.542942 0.949088
vt 0.549808 0.113331
vt 0.549188 0.109513
vt 0.552986 0.108162
vt 0.552838 0.111492
vt 0.550592 0.103080
vt 0.555192 0.101526
vt 0.553147 0.093955
vt 0.558777 0.091425
vt 0.555434 0.082946
vt 0.562054 0.081792
vt 0.546896 0.951690
vt 0.546556 0.955756
vt 0.543414 0.955602
vt 0.543225 0.951665
vt 0.546436 0.960928
vt 0.543396 0.960790
vt 0.546599 0.966108
vt 0.543300 0.966002
vt 0.546511 0.969858
vt 0.542851 0.969844
vt 0.538880 0.955477
vt 0.538743 0.951699
vt 0.538805 0.960575
vt 0.538643 0.965635
vt 0.538091 0.969597
vt 0.532921 0.955362
vt 0.533060 0.951743
vt 0.532804 0.960126
vt 0.532817 0.964909
vt 0.532449 0.968596
vt 0.527177 0.955295
vt 0.527547 0.952047
vt 0.527003 0.959492
vt 0.527291 0.963675
vt 0.527634 0.966852
vt 0.523545 0.952418
vt 0.522975 0.955305
vt 0.522775 0.958220
vt 0.523382 0.962763
vt 0.524457 0.965437
vt 0.527795 0.969153
vt 0.525283 0.967196
vt 0.532162 0.971245
vt 0.537506 0.972274
vt 0.542777 0.972328
vt 0.546865 0.972233
vt 0.568536 0.126992
vt 0.566175 0.126570
vt 0.566468 0.124516
vt 0.568457 0.125779
vt 0.562640 0.125171
vt 0.563590 0.122675
vt 0.558107 0.122330
vt 0.559946 0.119752
vt 0.554020 0.118883
vt 0.556369 0.116616
vt 0.551154 0.115966
vt 0.553922 0.113811
vt 0.547902 0.974500
vt 0.550152 0.976632
vt 0.544848 0.977102
vt 0.543447 0.974273
vt 0.554066 0.980298
vt 0.549386 0.981746
vt 0.558054 0.985666
vt 0.552070 0.986766
vt 0.538582 0.977131
vt 0.537657 0.974073
vt 0.544389 0.982579
vt 0.545257 0.988005
vt 0.538673 0.983203
vt 0.538197 0.988969
vt 0.532509 0.976456
vt 0.532496 0.973287
vt 0.530456 0.982742
vt 0.527674 0.988537
vt 0.526776 0.975132
vt 0.527959 0.971675
vt 0.522590 0.981360
vt 0.517556 0.987020
vt 0.523029 0.973910
vt 0.525721 0.970609
vt 0.517022 0.980141
vt 0.510379 0.985494
vt 0.523342 0.969030
vt 0.519641 0.972384
vt 0.511719 0.978888
vt 0.503912 0.984371
vt 0.505106 0.990369
vt 0.497787 0.988731
vt 0.512678 0.992384
vt 0.521650 0.993804
vt 0.526328 0.994247
vt 0.535643 0.994781
vt 0.544489 0.993885
vt 0.552742 0.991986
vt 0.561075 0.989480
vt 0.591749 0.115333
vt 0.586348 0.117474
vt 0.586666 0.112689
vt 0.591683 0.110525
vt 0.580647 0.119846
vt 0.580787 0.115767
vt 0.573984 0.124925
vt 0.573790 0.120763
vt 0.570795 0.127020
vt 0.570437 0.123776
vt 0.435743 0.830163
vt 0.428311 0.834657
vt 0.426330 0.829728
vt 0.431707 0.824918
vt 0.437911 0.835012
vt 0.429358 0.836873
vt 0.431903 0.843003
vt 0.432221 0.851900
vt 0.423258 0.852574
vt 0.423256 0.845242
vt 0.433156 0.860494
vt 0.423829 0.860026
vt 0.423195 0.838255
vt 0.417374 0.840654
vt 0.416390 0.835609
vt 0.422051 0.832850
vt 0.416535 0.846864
vt 0.416381 0.853166
vt 0.416572 0.859619
vt 0.412224 0.841823
vt 0.413699 0.836404
vt 0.411793 0.847419
vt 0.411578 0.853235
vt 0.411671 0.859254
vt 0.407577 0.842275
vt 0.407703 0.837219
vt 0.407169 0.847594
vt 0.406828 0.853066
vt 0.406742 0.858643
vt 0.402067 0.842287
vt 0.402045 0.837246
vt 0.402157 0.847456
vt 0.402085 0.852691
vt 0.401860 0.857965
vt 0.395943 0.842226
vt 0.395289 0.837152
vt 0.396118 0.847267
vt 0.395985 0.852301
vt 0.395800 0.857324
vt 0.443297 0.867722
vt 0.433988 0.868367
vt 0.440862 0.859048
vt 0.440130 0.850873
vt 0.439614 0.841377
vt 0.434613 0.882222
vt 0.437322 0.889248
vt 0.430974 0.889289
vt 0.434722 0.875190
vt 0.424084 0.875465
vt 0.424105 0.867679
vt 0.423073 0.883386
vt 0.424864 0.890283
vt 0.418617 0.892242
vt 0.415907 0.876850
vt 0.416411 0.867933
vt 0.414138 0.885749
vt 0.412270 0.894535
vt 0.410439 0.876515
vt 0.411449 0.867465
vt 0.408675 0.885480
vt 0.406368 0.894515
vt 0.405228 0.875577
vt 0.406308 0.866699
vt 0.403469 0.884376
vt 0.400954 0.893128
vt 0.400210 0.873944
vt 0.401363 0.865635
vt 0.398574 0.882097
vt 0.396309 0.890089
vt 0.395270 0.864373
vt 0.394307 0.871976
vt 0.393132 0.879251
vt 0.390953 0.885642
vt 0.393012 0.897915
vt 0.388304 0.892156
vt 0.397613 0.901572
vt 0.403503 0.903081
vt 0.409980 0.903260
vt 0.416748 0.900677
vt 0.423411 0.898068
vt 0.430277 0.896427
vt 0.437228 0.896165
vt 0.446151 0.890083
vt 0.446723 0.896747
vt 0.445485 0.883375
vt 0.444850 0.876568
vt 0.437025 0.902195
vt 0.429562 0.902997
vt 0.436819 0.906418
vt 0.429059 0.907613
vt 0.436687 0.910580
vt 0.428969 0.911982
vt 0.422288 0.905666
vt 0.421785 0.910908
vt 0.421261 0.915740
vt 0.414769 0.908853
vt 0.413881 0.914500
vt 0.413292 0.919649
vt 0.407335 0.911153
vt 0.406048 0.916819
vt 0.404782 0.922467
vt 0.400316 0.910599
vt 0.398338 0.916171
vt 0.396593 0.921859
vt 0.394257 0.908695
vt 0.391814 0.913894
vt 0.389443 0.919091
vt 0.389379 0.904686
vt 0.386351 0.909555
vt 0.383485 0.914176
vt 0.385231 0.898557
vt 0.382041 0.903304
vt 0.378085 0.908020
vt 0.381769 0.916588
vt 0.376179 0.910626
vt 0.388135 0.922079
vt 0.395369 0.925375
vt 0.404119 0.925655
vt 0.413022 0.922559
vt 0.420970 0.918084
vt 0.428560 0.914029
vt 0.436366 0.912576
vt 0.447798 0.910685
vt 0.448011 0.912538
vt 0.447117 0.906563
vt 0.446731 0.902450
vt 0.716835 0.679190
vt 0.720483 0.684812
vt 0.714529 0.688560
vt 0.710260 0.682666
vt 0.725956 0.691921
vt 0.720705 0.696045
vt 0.731977 0.698652
vt 0.727539 0.703392
vt 0.738314 0.705007
vt 0.735507 0.708147
vt 0.732711 0.711706
vt 0.706855 0.693686
vt 0.701688 0.687523
vt 0.714316 0.701904
vt 0.723000 0.708038
vt 0.730259 0.715368
vt 0.720235 0.711102
vt 0.727875 0.719088
vt 0.696835 0.696257
vt 0.692727 0.691779
vt 0.700937 0.700751
vt 0.707357 0.707257
vt 0.715819 0.715818
vt 0.724339 0.724596
vt 0.688012 0.700005
vt 0.683309 0.695006
vt 0.693076 0.704944
vt 0.700356 0.712379
vt 0.709962 0.722172
vt 0.718019 0.729202
vt 0.736302 0.694624
vt 0.742205 0.700559
vt 0.730723 0.688415
vt 0.725933 0.681813
vt 0.722620 0.676339
vt 0.744464 0.709419
vt 0.750744 0.713146
vt 0.748000 0.716928
vt 0.741613 0.712967
vt 0.757876 0.717173
vt 0.754889 0.721042
vt 0.764797 0.720747
vt 0.760074 0.724002
vt 0.745559 0.720790
vt 0.739113 0.716767
vt 0.751331 0.724370
vt 0.755176 0.726819
vt 0.742920 0.724471
vt 0.736882 0.720550
vt 0.747567 0.727489
vt 0.750668 0.729581
vt 0.739394 0.727618
vt 0.734262 0.724157
vt 0.746318 0.732369
vt 0.743390 0.730319
vt 0.754808 0.732490
vt 0.756701 0.733905
vt 0.752473 0.737136
vt 0.750456 0.735514
vt 0.758593 0.735264
vt 0.754942 0.739325
vt 0.735419 0.730594
vt 0.730834 0.727423
vt 0.742196 0.735305
vt 0.739096 0.733130
vt 0.749276 0.740922
vt 0.746792 0.738864
vt 0.751992 0.743259
vt 0.731579 0.733842
vt 0.727737 0.730357
vt 0.738826 0.738812
vt 0.735585 0.736575
vt 0.746331 0.745145
vt 0.743804 0.742796
vt 0.748958 0.747576
vt 0.727214 0.737852
vt 0.722554 0.734562
vt 0.741366 0.740704
vt 0.738594 0.744726
vt 0.735754 0.742800
vt 0.741096 0.746994
vt 0.743484 0.749250
vt 0.745698 0.751622
vt 0.827160 0.041962
vt 0.831208 0.043466
vt 0.830210 0.048111
vt 0.825776 0.045471
vt 0.822856 0.043715
vt 0.820472 0.042149
vt 0.821880 0.038845
vt 0.824671 0.040673
vt 0.818173 0.040576
vt 0.819172 0.037097
vt 0.815716 0.038974
vt 0.816438 0.035463
vt 0.812909 0.037504
vt 0.813502 0.034112
vt 0.809641 0.036060
vt 0.810217 0.033253
vt 0.748147 0.754188
vt 0.751590 0.750093
vt 0.754889 0.745650
vt 0.757922 0.741161
vt 0.761172 0.736839
vt 0.768337 0.722578
vt 0.767450 0.714921
vt 0.772474 0.717154
vt 0.760946 0.711788
vt 0.754522 0.708375
vt 0.748282 0.704762
vt 0.768867 0.729260
vt 0.765780 0.727233
vt 0.771940 0.724616
vt 0.775179 0.726326
vt 0.776828 0.727068
vt 0.781918 0.729417
vt 0.779583 0.734181
vt 0.774370 0.731870
vt 0.786932 0.731052
vt 0.784599 0.736159
vt 0.765732 0.733283
vt 0.763598 0.731984
vt 0.770967 0.730325
vt 0.776407 0.738876
vt 0.771711 0.736506
vt 0.781177 0.740684
vt 0.767385 0.734234
vt 0.768488 0.741107
vt 0.764172 0.738632
vt 0.772926 0.743446
vt 0.777348 0.745405
vt 0.765171 0.745788
vt 0.760991 0.743197
vt 0.769371 0.748225
vt 0.773588 0.750355
vt 0.761468 0.750411
vt 0.757784 0.747622
vt 0.765409 0.753101
vt 0.769420 0.755664
vt 0.757737 0.755029
vt 0.754199 0.752136
vt 0.761489 0.757944
vt 0.765385 0.760822
vt 0.753413 0.759452
vt 0.750471 0.756369
vt 0.757385 0.762678
vt 0.761658 0.765783
vt 0.806788 0.034832
vt 0.807119 0.033086
vt 0.803437 0.033090
vt 0.799477 0.031551
vt 0.803660 0.030663
vt 0.794791 0.030010
vt 0.796642 0.022750
vt 0.800451 0.024109
vt 0.793199 0.029639
vt 0.794785 0.022104
vt 0.763474 0.767112
vt 0.767346 0.762344
vt 0.771532 0.756922
vt 0.775910 0.751313
vt 0.779720 0.746272
vt 0.783681 0.741527
vt 0.787102 0.737145
vt 0.789566 0.731383
vt 0.790666 0.725179
vt 0.792750 0.725631
vt 0.785840 0.723572
vt 0.780828 0.721482
vt 0.775860 0.719051
vt 0.798306 0.013127
vt 0.801837 0.014545
vt 0.799421 0.005832
vt 0.803347 0.007387
vt 0.912919 0.092775
vt 0.915750 0.098066
vt 0.912326 0.099588
vt 0.908734 0.094641
vt 0.805778 0.016131
vt 0.804326 0.025428
vt 0.807360 0.009021
vt 0.908931 0.100997
vt 0.905975 0.095959
vt 0.811141 0.018708
vt 0.808285 0.026329
vt 0.812911 0.011524
vt 0.904137 0.102431
vt 0.901995 0.097899
vt 0.811654 0.026687
vt 0.906224 0.108811
vt 0.911569 0.107284
vt 0.915264 0.106027
vt 0.918958 0.104531
vt 0.917619 0.097137
vt 0.920919 0.103690
vt 0.914486 0.091970
vt 0.796335 0.012506
vt 0.797360 0.005053
vt 0.922313 0.113792
vt 0.918470 0.115204
vt 0.924161 0.124026
vt 0.920481 0.125358
vt 0.924528 0.134786
vt 0.920906 0.135999
vt 0.924658 0.146180
vt 0.920496 0.146999
vt 0.914473 0.116313
vt 0.916619 0.126289
vt 0.917002 0.136806
vt 0.916355 0.147547
vt 0.908861 0.117441
vt 0.911281 0.127099
vt 0.911745 0.137424
vt 0.910588 0.147706
vt 0.926524 0.134482
vt 0.926544 0.145990
vt 0.926526 0.123494
vt 0.924694 0.113134
vt 0.903932 0.148521
vt 0.897464 0.149820
vt 0.898521 0.140024
vt 0.905079 0.138490
vt 0.891222 0.151225
vt 0.892019 0.141678
vt 0.884298 0.149907
vt 0.884556 0.142583
vt 0.899064 0.129779
vt 0.904721 0.128404
vt 0.892874 0.131402
vt 0.885285 0.133632
vt 0.897987 0.120160
vt 0.903121 0.118726
vt 0.892388 0.121355
vt 0.885175 0.122736
vt 0.896787 0.113099
vt 0.896200 0.109544
vt 0.900628 0.110379
vt 0.891506 0.114355
vt 0.890940 0.109850
vt 0.884725 0.115701
vt 0.884314 0.110242
vt 0.779084 0.713556
vt 0.786389 0.716522
vt 0.782698 0.710360
vt 0.790283 0.713049
vt 0.786192 0.707193
vt 0.793973 0.709544
vt 0.791600 0.718433
vt 0.795724 0.714809
vt 0.799608 0.711241
vt 0.796150 0.719874
vt 0.800898 0.716333
vt 0.804940 0.712964
vt 0.798408 0.720467
vt 0.803843 0.717071
vt 0.807669 0.713949
vt 0.808661 0.709099
vt 0.811465 0.710115
vt 0.803296 0.707452
vt 0.797604 0.705842
vt 0.789710 0.703817
vt 0.794725 0.697740
vt 0.802661 0.699443
vt 0.798861 0.691208
vt 0.806937 0.692525
vt 0.801122 0.686736
vt 0.808650 0.687648
vt 0.808556 0.700777
vt 0.813136 0.693316
vt 0.815503 0.687874
vt 0.814246 0.701971
vt 0.819320 0.694203
vt 0.821726 0.688525
vt 0.817418 0.702693
vt 0.822606 0.694731
vt 0.825718 0.689000
vt 0.895306 0.099703
vt 0.898959 0.099621
vt 0.899773 0.103674
vt 0.895571 0.104171
vt 0.827137 0.014444
vt 0.826925 0.019044
vt 0.822265 0.017892
vt 0.822548 0.013250
vt 0.817294 0.015433
vt 0.817919 0.011943
vt 0.827275 0.023482
vt 0.822222 0.022639
vt 0.831318 0.019851
vt 0.831540 0.024105
vt 0.816689 0.021031
vt 0.827859 0.028395
vt 0.824473 0.027708
vt 0.831822 0.027410
vt 0.821071 0.026829
vt 0.827593 0.033559
vt 0.823863 0.031714
vt 0.831945 0.030796
vt 0.831843 0.034763
vt 0.817537 0.025977
vt 0.820514 0.030262
vt 0.817433 0.029126
vt 0.831540 0.039151
vt 0.826832 0.038166
vt 0.819963 0.033694
vt 0.817025 0.032227
vt 0.823129 0.035550
vt 0.815089 0.025934
vt 0.814626 0.028314
vt 0.885725 0.103742
vt 0.890791 0.104200
vt 0.838582 0.016077
vt 0.842358 0.015852
vt 0.843017 0.018092
vt 0.839105 0.018774
vt 0.846447 0.014638
vt 0.847257 0.016769
vt 0.849161 0.013265
vt 0.850420 0.015357
vt 0.854783 0.013470
vt 0.858563 0.012733
vt 0.858944 0.015814
vt 0.855475 0.017287
vt 0.843721 0.020920
vt 0.844190 0.024127
vt 0.840023 0.024479
vt 0.839635 0.021511
vt 0.848684 0.023191
vt 0.848331 0.019666
vt 0.851894 0.018656
vt 0.852237 0.022304
vt 0.855476 0.021014
vt 0.858641 0.019619
vt 0.735894 0.046873
vt 0.733215 0.053583
vt 0.728067 0.053957
vt 0.730657 0.048823
vt 0.848655 0.027244
vt 0.844416 0.027661
vt 0.852235 0.026559
vt 0.855383 0.025299
vt 0.858309 0.023906
vt 0.733478 0.043926
vt 0.737706 0.041832
vt 0.840278 0.027856
vt 0.844434 0.031694
vt 0.840429 0.031686
vt 0.848241 0.031462
vt 0.851515 0.030757
vt 0.854434 0.029631
vt 0.857263 0.028259
vt 0.861101 0.022386
vt 0.859880 0.026670
vt 0.844487 0.036127
vt 0.840496 0.036042
vt 0.848139 0.035766
vt 0.851189 0.034974
vt 0.853891 0.033902
vt 0.856485 0.032693
vt 0.858801 0.030956
vt 0.844166 0.040864
vt 0.840294 0.040654
vt 0.847591 0.040554
vt 0.850496 0.039963
vt 0.853144 0.038870
vt 0.855615 0.037814
vt 0.858113 0.036515
vt 0.843501 0.044957
vt 0.839772 0.044885
vt 0.846715 0.044621
vt 0.849512 0.044035
vt 0.852162 0.043131
vt 0.854600 0.042212
vt 0.857065 0.041079
vt 0.835477 0.021564
vt 0.835145 0.018943
vt 0.836016 0.027767
vt 0.835764 0.024478
vt 0.836171 0.031419
vt 0.836188 0.035580
vt 0.836008 0.040058
vt 0.835550 0.044358
vt 0.842932 0.048369
vt 0.839054 0.048548
vt 0.845998 0.047969
vt 0.848702 0.047389
vt 0.851282 0.046472
vt 0.853709 0.045408
vt 0.856135 0.044246
vt 0.738409 0.022300
vt 0.736460 0.024032
vt 0.736295 0.021097
vt 0.737871 0.019418
vt 0.738893 0.026689
vt 0.736631 0.028423
vt 0.738950 0.032479
vt 0.736477 0.034225
vt 0.738418 0.037035
vt 0.735670 0.039184
vt 0.852429 0.011439
vt 0.854679 0.007786
vt 0.861218 0.091393
vt 0.857510 0.090607
vt 0.860295 0.085104
vt 0.863291 0.087328
vt 0.877547 0.107812
vt 0.879899 0.102037
vt 0.700159 0.744381
vt 0.695014 0.740724
vt 0.697068 0.738933
vt 0.701958 0.742675
vt 0.688838 0.736646
vt 0.690998 0.734665
vt 0.683059 0.732703
vt 0.685310 0.730423
vt 0.677524 0.728914
vt 0.680023 0.726212
vt 0.671818 0.724559
vt 0.674504 0.721832
vt 0.666552 0.719807
vt 0.668874 0.717266
vt 0.661260 0.715360
vt 0.663689 0.712714
vt 0.699214 0.737036
vt 0.703687 0.740742
vt 0.693252 0.732501
vt 0.687591 0.728177
vt 0.682244 0.723727
vt 0.676624 0.719230
vt 0.671212 0.714721
vt 0.666454 0.709783
vt 0.702707 0.734643
vt 0.705738 0.738797
vt 0.696455 0.729677
vt 0.691077 0.725161
vt 0.685780 0.720533
vt 0.680443 0.716093
vt 0.675025 0.711276
vt 0.670430 0.705956
vt 0.707782 0.737196
vt 0.705649 0.731802
vt 0.710377 0.735452
vt 0.700134 0.726972
vt 0.696475 0.720874
vt 0.691290 0.715944
vt 0.685985 0.711054
vt 0.680597 0.706237
vt 0.675690 0.700978
vt 0.708650 0.728544
vt 0.713733 0.732968
vt 0.703711 0.724560
vt 0.703864 0.747150
vt 0.705571 0.745380
vt 0.707233 0.743518
vt 0.709041 0.741739
vt 0.711172 0.740150
vt 0.713646 0.738600
vt 0.717186 0.736664
vt 0.671619 0.696402
vt 0.666299 0.701995
vt 0.661848 0.706400
vt 0.658667 0.709889
vt 0.682324 0.002891
vt 0.688884 0.005382
vt 0.687615 0.008321
vt 0.681251 0.005418
vt 0.695228 0.008596
vt 0.694594 0.010579
vt 0.702442 0.010467
vt 0.701415 0.012485
vt 0.709500 0.011601
vt 0.708406 0.014168
vt 0.716715 0.013017
vt 0.715599 0.015646
vt 0.724598 0.014072
vt 0.723393 0.016721
vt 0.731022 0.015527
vt 0.729731 0.017885
vt 0.735475 0.017035
vt 0.734169 0.019111
vt 0.633466 0.009535
vt 0.634487 0.012108
vt 0.630704 0.011469
vt 0.630218 0.009075
vt 0.635596 0.015143
vt 0.631500 0.014594
vt 0.636612 0.018342
vt 0.632333 0.017519
vt 0.637999 0.021765
vt 0.633595 0.020912
vt 0.639237 0.025288
vt 0.634747 0.024394
vt 0.640346 0.028841
vt 0.636285 0.029806
vt 0.641260 0.032543
vt 0.626052 0.010510
vt 0.625976 0.007780
vt 0.627252 0.015844
vt 0.628381 0.021071
vt 0.630368 0.028303
vt 0.620318 0.009532
vt 0.620783 0.005850
vt 0.621028 0.016182
vt 0.622263 0.022260
vt 0.623229 0.027028
vt 0.655617 0.708900
vt 0.653013 0.708343
vt 0.656190 0.705258
vt 0.658723 0.705308
vt 0.660851 0.700346
vt 0.663446 0.700583
vt 0.665184 0.694436
vt 0.669383 0.695180
vt 0.611634 0.009661
vt 0.612340 0.003991
vt 0.612175 0.017196
vt 0.613241 0.025753
vt 0.624394 0.033728
vt 0.613855 0.034709
vt 0.631894 0.034131
vt 0.637968 0.035148
vt 0.642592 0.036089
vt 0.643620 0.032743
vt 0.645290 0.036112
vt 0.642486 0.029110
vt 0.641305 0.025605
vt 0.640068 0.022075
vt 0.638849 0.018679
vt 0.637704 0.015441
vt 0.636428 0.012364
vt 0.635254 0.009720
vt 0.654539 0.711110
vt 0.651858 0.710444
vt 0.644201 0.051818
vt 0.643917 0.057041
vt 0.638566 0.056239
vt 0.639078 0.051004
vt 0.631813 0.052673
vt 0.638194 0.039628
vt 0.638615 0.044279
vt 0.632058 0.043240
vt 0.632028 0.038575
vt 0.624253 0.042336
vt 0.624343 0.036899
vt 0.613511 0.041590
vt 0.627082 0.097090
vt 0.632323 0.098151
vt 0.628607 0.104868
vt 0.624122 0.104060
vt 0.640717 0.081509
vt 0.638069 0.086831
vt 0.632332 0.086259
vt 0.634887 0.081302
vt 0.643962 0.074393
vt 0.638741 0.074030
vt 0.648444 0.051890
vt 0.648436 0.057615
vt 0.642959 0.040492
vt 0.646200 0.040438
vt 0.850137 0.182243
vt 0.852629 0.179003
vt 0.858340 0.182879
vt 0.855795 0.186490
vt 0.854531 0.175399
vt 0.860065 0.178899
vt 0.857024 0.169571
vt 0.861899 0.172694
vt 0.859215 0.161163
vt 0.864141 0.164061
vt 0.860369 0.154201
vt 0.865432 0.156935
vt 0.866810 0.187868
vt 0.864523 0.192103
vt 0.868136 0.183149
vt 0.869377 0.176008
vt 0.871071 0.167039
vt 0.871925 0.160123
vt 0.875667 0.190913
vt 0.874341 0.195392
vt 0.877366 0.186060
vt 0.876924 0.177802
vt 0.878205 0.168649
vt 0.877713 0.161867
vt 0.445520 0.849334
vt 0.446366 0.855963
vt 0.447017 0.826305
vt 0.445908 0.831057
vt 0.440899 0.823848
vt 0.445919 0.835115
vt 0.445398 0.841189
vt 0.622364 0.108937
vt 0.622995 0.113003
vt 0.617059 0.112173
vt 0.616771 0.107865
vt 0.609653 0.111976
vt 0.609514 0.107227
vt 0.603290 0.112484
vt 0.602958 0.107837
vt 0.597262 0.113691
vt 0.596965 0.108911
vt 0.447714 0.861016
vt 0.877954 0.156062
vt 0.872478 0.155584
vt 0.866415 0.152516
vt 0.861410 0.149501
vt 0.857154 0.152049
vt 0.856586 0.145596
vt 0.856109 0.158914
vt 0.853862 0.167187
vt 0.851628 0.172870
vt 0.849261 0.176208
vt 0.847055 0.179313
vt 0.626444 0.109873
vt 0.627338 0.113544
vt 0.860590 0.143545
vt 0.861164 0.139085
vt 0.865978 0.140619
vt 0.866005 0.146414
vt 0.861656 0.135684
vt 0.865752 0.134905
vt 0.861917 0.133384
vt 0.862048 0.130315
vt 0.866424 0.129375
vt 0.861764 0.127450
vt 0.865553 0.124712
vt 0.871298 0.142122
vt 0.871466 0.148689
vt 0.871735 0.135627
vt 0.871641 0.127449
vt 0.871210 0.122039
vt 0.876973 0.143092
vt 0.877202 0.150272
vt 0.877597 0.135402
vt 0.877396 0.125379
vt 0.877151 0.119753
vt 0.884227 0.154413
vt 0.876380 0.112337
vt 0.870134 0.116475
vt 0.864625 0.120324
vt 0.861308 0.125431
vt 0.860559 0.122836
vt 0.857053 0.140638
vt 0.859601 0.112483
vt 0.862138 0.107488
vt 0.866114 0.112116
vt 0.862669 0.116140
vt 0.864811 0.104557
vt 0.857482 0.105525
vt 0.860228 0.102550
vt 0.857113 0.101710
vt 0.850843 0.090516
vt 0.850542 0.097383
vt 0.847043 0.098768
vt 0.846621 0.091586
vt 0.869447 0.108029
vt 0.872074 0.104444
vt 0.858535 0.097735
vt 0.854352 0.097116
vt 0.850785 0.085261
vt 0.846581 0.086154
vt 0.857256 0.122084
vt 0.855254 0.120482
vt 0.857524 0.117385
vt 0.859866 0.119595
vt 0.843732 0.100278
vt 0.843656 0.105877
vt 0.840356 0.102047
vt 0.839828 0.109034
vt 0.837244 0.104205
vt 0.836249 0.112209
vt 0.834170 0.107160
vt 0.832256 0.109040
vt 0.832982 0.115529
vt 0.829553 0.111802
vt 0.831404 0.117181
vt 0.827500 0.114285
vt 0.829516 0.119453
vt 0.825917 0.116904
vt 0.833992 0.097851
vt 0.837718 0.094748
vt 0.830469 0.101089
vt 0.827292 0.104306
vt 0.824492 0.107374
vt 0.822321 0.110460
vt 0.821060 0.114041
vt 0.842232 0.092325
vt 0.836142 0.089911
vt 0.841395 0.087543
vt 0.831789 0.093167
vt 0.827616 0.096765
vt 0.823811 0.100412
vt 0.820547 0.103955
vt 0.818221 0.107628
vt 0.816987 0.111955
vt 0.835283 0.086776
vt 0.840815 0.084602
vt 0.830462 0.089850
vt 0.825811 0.093496
vt 0.821731 0.097327
vt 0.817994 0.101139
vt 0.815647 0.105376
vt 0.814235 0.110319
vt 0.834682 0.084007
vt 0.840146 0.081553
vt 0.829256 0.086575
vt 0.824306 0.090209
vt 0.819943 0.093995
vt 0.815558 0.097865
vt 0.812554 0.102584
vt 0.811336 0.108409
vt 0.847519 0.103564
vt 0.726557 0.075655
vt 0.724745 0.081888
vt 0.721211 0.078597
vt 0.722385 0.072607
vt 0.723377 0.087794
vt 0.719937 0.084831
vt 0.721737 0.094139
vt 0.718654 0.091246
vt 0.719975 0.100786
vt 0.716971 0.097779
vt 0.718774 0.107142
vt 0.715405 0.104038
vt 0.716510 0.112840
vt 0.713552 0.110009
vt 0.713689 0.118232
vt 0.711082 0.115870
vt 0.709440 0.125330
vt 0.707813 0.122385
vt 0.810846 0.114574
vt 0.813620 0.115209
vt 0.816084 0.116027
vt 0.819550 0.117392
vt 0.825024 0.119943
vt 0.828687 0.122003
vt 0.832049 0.121289
vt 0.831522 0.123558
vt 0.834391 0.118586
vt 0.838126 0.115362
vt 0.841276 0.112479
vt 0.844573 0.109387
vt 0.848771 0.106192
vt 0.829422 0.125094
vt 0.830994 0.128616
vt 0.826472 0.128272
vt 0.825049 0.123932
vt 0.833307 0.132170
vt 0.829129 0.132655
vt 0.836048 0.135766
vt 0.832332 0.137085
vt 0.839216 0.139418
vt 0.836143 0.141682
vt 0.842961 0.143069
vt 0.840435 0.146336
vt 0.847190 0.146791
vt 0.845100 0.151170
vt 0.852062 0.149573
vt 0.850523 0.155134
vt 0.819727 0.124953
vt 0.820210 0.128283
vt 0.823338 0.133462
vt 0.827299 0.138962
vt 0.832068 0.144702
vt 0.837037 0.150595
vt 0.842125 0.156721
vt 0.847781 0.162027
vt 0.815209 0.128516
vt 0.815163 0.124475
vt 0.818891 0.134533
vt 0.823764 0.140843
vt 0.829258 0.147297
vt 0.834617 0.153817
vt 0.839654 0.160742
vt 0.845309 0.166820
vt 0.811956 0.129325
vt 0.811900 0.124788
vt 0.815909 0.135876
vt 0.821320 0.142195
vt 0.827419 0.148987
vt 0.832902 0.155709
vt 0.837540 0.163040
vt 0.842996 0.169859
vt 0.808908 0.130664
vt 0.808247 0.125705
vt 0.813213 0.137996
vt 0.820136 0.144208
vt 0.826198 0.151257
vt 0.831704 0.158052
vt 0.835644 0.165612
vt 0.840822 0.173018
vt 0.819500 0.120786
vt 0.815472 0.120241
vt 0.812514 0.120242
vt 0.809113 0.120930
vt 0.702068 0.127689
vt 0.701128 0.122649
vt 0.696813 0.127964
vt 0.689554 0.127217
vt 0.689039 0.122644
vt 0.695760 0.122681
vt 0.681759 0.124995
vt 0.680796 0.121013
vt 0.672577 0.122278
vt 0.671658 0.119163
vt 0.663058 0.119908
vt 0.662138 0.117122
vt 0.653579 0.117774
vt 0.653031 0.114801
vt 0.645348 0.116415
vt 0.644510 0.112868
vt 0.636563 0.115059
vt 0.635962 0.110798
vt 0.852485 0.144403
vt 0.849040 0.142525
vt 0.845636 0.140302
vt 0.841897 0.137207
vt 0.839355 0.134502
vt 0.837173 0.131766
vt 0.835077 0.128922
vt 0.833359 0.126218
vt 0.837874 0.128283
vt 0.840319 0.130955
vt 0.841024 0.128608
vt 0.842505 0.130393
vt 0.843339 0.128758
vt 0.844238 0.129975
vt 0.841917 0.132710
vt 0.843573 0.131528
vt 0.844936 0.130694
vt 0.843591 0.134359
vt 0.844696 0.132571
vt 0.845664 0.131278
vt 0.846432 0.136560
vt 0.846530 0.133936
vt 0.846818 0.132004
vt 0.850749 0.138616
vt 0.849286 0.134927
vt 0.848499 0.132541
vt 0.848184 0.131248
vt 0.847117 0.130975
vt 0.846285 0.130590
vt 0.845756 0.130226
vt 0.845274 0.129719
vt 0.844759 0.128810
vt 0.842706 0.127373
vt 0.844513 0.127846
vt 0.839860 0.126621
vt 0.836586 0.125664
vt 0.833619 0.124478
vt 0.849697 0.132112
vt 0.850395 0.131371
vt 0.851978 0.132617
vt 0.851125 0.133920
vt 0.850850 0.130562
vt 0.852669 0.131387
vt 0.851103 0.129752
vt 0.852734 0.129991
vt 0.851366 0.128970
vt 0.853139 0.128649
vt 0.853671 0.134038
vt 0.853274 0.136158
vt 0.853941 0.132502
vt 0.854067 0.131439
vt 0.854179 0.130120
vt 0.854347 0.128843
vt 0.854454 0.127854
vt 0.855206 0.133215
vt 0.856663 0.133935
vt 0.855898 0.135838
vt 0.854618 0.134781
vt 0.855475 0.131736
vt 0.855599 0.130214
vt 0.855629 0.128753
vt 0.855478 0.127434
vt 0.854835 0.138318
vt 0.857019 0.132113
vt 0.857148 0.130278
vt 0.857106 0.128532
vt 0.856908 0.126859
vt 0.858963 0.132640
vt 0.858592 0.134826
vt 0.859091 0.130360
vt 0.858961 0.128224
vt 0.858628 0.126271
vt 0.853400 0.141607
vt 0.857816 0.137235
vt 0.858060 0.124309
vt 0.856438 0.125279
vt 0.854770 0.126477
vt 0.852952 0.127383
vt 0.851411 0.128149
vt 0.850286 0.129075
vt 0.850363 0.128633
vt 0.850009 0.129550
vt 0.849728 0.130059
vt 0.849339 0.130619
vt 0.848843 0.131087
vt 0.851116 0.127297
vt 0.850564 0.126459
vt 0.851675 0.124949
vt 0.852464 0.126122
vt 0.849837 0.125677
vt 0.850698 0.123825
vt 0.848873 0.125034
vt 0.849504 0.122583
vt 0.851837 0.122166
vt 0.849816 0.119369
vt 0.852749 0.119599
vt 0.847476 0.123048
vt 0.847156 0.119817
vt 0.847218 0.115512
vt 0.850828 0.115286
vt 0.853855 0.122317
vt 0.855561 0.123535
vt 0.854054 0.124775
vt 0.852947 0.123376
vt 0.854588 0.116051
vt 0.848112 0.110364
vt 0.852072 0.110204
vt 0.847685 0.125082
vt 0.848532 0.126360
vt 0.847826 0.126217
vt 0.849146 0.126872
vt 0.849681 0.127470
vt 0.850120 0.128082
vt 0.845863 0.124152
vt 0.844587 0.125225
vt 0.842809 0.123259
vt 0.844741 0.121507
vt 0.843352 0.126379
vt 0.840625 0.125006
vt 0.841020 0.120659
vt 0.843640 0.117743
vt 0.838721 0.122889
vt 0.837429 0.124181
vt 0.841824 0.115264
vt 0.844416 0.112703
vt 0.839303 0.117903
vt 0.836414 0.120680
vt 0.834354 0.122755
vt 0.844949 0.127232
vt 0.845746 0.126514
vt 0.846583 0.125742
vt 0.849832 0.128954
vt 0.849438 0.129364
vt 0.848983 0.129105
vt 0.849447 0.128621
vt 0.849093 0.129784
vt 0.848585 0.129535
vt 0.848674 0.130293
vt 0.848064 0.130046
vt 0.848269 0.130771
vt 0.847461 0.130517
vt 0.848463 0.128724
vt 0.848989 0.128157
vt 0.848004 0.129222
vt 0.847386 0.129722
vt 0.846716 0.130152
vt 0.847945 0.128240
vt 0.848505 0.127626
vt 0.847440 0.128780
vt 0.846779 0.129305
vt 0.846191 0.129796
vt 0.847461 0.127649
vt 0.848044 0.127021
vt 0.846966 0.128309
vt 0.846314 0.128877
vt 0.845736 0.129374
vt 0.846429 0.127540
vt 0.847060 0.126773
vt 0.845332 0.128546
vt 0.845769 0.128147
vt 0.698596 0.115418
vt 0.692062 0.113584
vt 0.694655 0.106046
vt 0.701278 0.107667
vt 0.682750 0.111283
vt 0.685851 0.103958
vt 0.675085 0.108641
vt 0.666169 0.106593
vt 0.668983 0.099271
vt 0.677537 0.101629
vt 0.657225 0.104261
vt 0.660423 0.096754
vt 0.648584 0.101927
vt 0.651656 0.094997
vt 0.640259 0.099783
vt 0.643250 0.093191
vt 0.697338 0.098728
vt 0.703653 0.100694
vt 0.688800 0.096348
vt 0.680794 0.093917
vt 0.672583 0.091235
vt 0.663882 0.088849
vt 0.654276 0.089593
vt 0.656203 0.085524
vt 0.645635 0.088335
vt 0.648124 0.083244
vt 0.699678 0.091024
vt 0.705507 0.093061
vt 0.691557 0.088291
vt 0.683746 0.085786
vt 0.675798 0.083120
vt 0.667738 0.080589
vt 0.659597 0.078233
vt 0.651453 0.076309
vt 0.701983 0.084168
vt 0.707516 0.087043
vt 0.694278 0.081228
vt 0.686769 0.078320
vt 0.679215 0.075454
vt 0.671479 0.072757
vt 0.663015 0.070065
vt 0.704244 0.076766
vt 0.709153 0.078945
vt 0.696620 0.073456
vt 0.689442 0.070376
vt 0.682111 0.067312
vt 0.674511 0.064655
vt 0.666531 0.061536
vt 0.706169 0.069819
vt 0.711260 0.072561
vt 0.699003 0.066126
vt 0.691874 0.062774
vt 0.684627 0.059532
vt 0.677124 0.056626
vt 0.669328 0.053869
vt 0.658742 0.058278
vt 0.661303 0.051131
vt 0.708176 0.063374
vt 0.713216 0.066678
vt 0.701284 0.059330
vt 0.694189 0.055843
vt 0.686914 0.052675
vt 0.703856 0.115640
vt 0.706359 0.108720
vt 0.708476 0.102079
vt 0.710095 0.094831
vt 0.711867 0.088924
vt 0.713596 0.081195
vt 0.715817 0.075184
vt 0.717665 0.069529
vt 0.709662 0.059388
vt 0.714865 0.062641
vt 0.702911 0.055311
vt 0.696021 0.051543
vt 0.688878 0.048140
vt 0.679444 0.049741
vt 0.681415 0.044918
vt 0.671627 0.046556
vt 0.673588 0.041462
vt 0.663538 0.043166
vt 0.665428 0.037798
vt 0.657851 0.034693
vt 0.659873 0.029609
vt 0.667374 0.032984
vt 0.653091 0.048920
vt 0.651127 0.055566
vt 0.646277 0.107756
vt 0.637873 0.105371
vt 0.654962 0.109959
vt 0.664073 0.112161
vt 0.673346 0.114050
vt 0.682092 0.116206
vt 0.691047 0.116890
vt 0.668256 0.028984
vt 0.669332 0.025590
vt 0.677521 0.029807
vt 0.676503 0.033249
vt 0.670731 0.022374
vt 0.678676 0.026441
vt 0.672238 0.019197
vt 0.680079 0.023277
vt 0.673945 0.016227
vt 0.681540 0.020242
vt 0.675654 0.013437
vt 0.683060 0.017257
vt 0.677437 0.010673
vt 0.684612 0.014283
vt 0.679340 0.007987
vt 0.686135 0.011286
vt 0.685300 0.033622
vt 0.684302 0.037121
vt 0.686442 0.030142
vt 0.687974 0.026914
vt 0.689326 0.023573
vt 0.690606 0.020363
vt 0.692000 0.017149
vt 0.693427 0.013674
vt 0.692649 0.037088
vt 0.691719 0.040629
vt 0.693966 0.033648
vt 0.695283 0.030154
vt 0.696675 0.026719
vt 0.698072 0.023248
vt 0.699403 0.019830
vt 0.700651 0.016367
vt 0.699867 0.040229
vt 0.698722 0.044020
vt 0.701181 0.036665
vt 0.702759 0.033107
vt 0.704256 0.029434
vt 0.705598 0.025704
vt 0.706758 0.021915
vt 0.707548 0.018165
vt 0.706871 0.043818
vt 0.705670 0.047765
vt 0.708427 0.039991
vt 0.710144 0.036143
vt 0.711659 0.032229
vt 0.713006 0.028087
vt 0.714118 0.023965
vt 0.714888 0.019708
vt 0.713728 0.047369
vt 0.712302 0.051701
vt 0.715562 0.043183
vt 0.717553 0.038983
vt 0.719286 0.034646
vt 0.720528 0.030071
vt 0.721396 0.025539
vt 0.721978 0.020980
vt 0.718728 0.049743
vt 0.717187 0.054330
vt 0.720791 0.045378
vt 0.722946 0.040656
vt 0.724629 0.036163
vt 0.725778 0.031429
vt 0.726448 0.026632
vt 0.726920 0.021964
vt 0.675565 0.036865
vt 0.683366 0.040572
vt 0.690766 0.044122
vt 0.697702 0.047708
vt 0.704418 0.051629
vt 0.710960 0.055769
vt 0.715831 0.058654
vt 0.721568 0.056786
vt 0.726135 0.059156
vt 0.724426 0.064170
vt 0.720142 0.061385
vt 0.723205 0.051872
vt 0.725373 0.047125
vt 0.727807 0.042219
vt 0.729649 0.037575
vt 0.730861 0.032753
vt 0.731553 0.027613
vt 0.731831 0.023039
vt 0.677431 0.003576
vt 0.671838 0.007126
vt 0.674112 0.004818
vt 0.669607 0.009734
vt 0.667399 0.012443
vt 0.665349 0.015371
vt 0.663638 0.018599
vt 0.661957 0.021794
vt 0.660525 0.025244
vt 0.781962 0.700930
vt 0.774682 0.697621
vt 0.779062 0.692533
vt 0.786690 0.695314
vt 0.767788 0.694286
vt 0.771805 0.689497
vt 0.761145 0.690482
vt 0.764956 0.686000
vt 0.782899 0.687489
vt 0.790765 0.689482
vt 0.775362 0.685005
vt 0.768108 0.681920
vt 0.785251 0.684242
vt 0.793040 0.685468
vt 0.777535 0.682280
vt 0.769844 0.679598
vt 0.763367 0.676010
vt 0.761911 0.678193
vt 0.758931 0.682045
vt 0.755211 0.686321
vt 0.750600 0.682055
vt 0.754501 0.678211
vt 0.746357 0.677526
vt 0.750493 0.674089
vt 0.742558 0.672988
vt 0.746863 0.669852
vt 0.739165 0.668755
vt 0.743627 0.666074
vt 0.757708 0.674724
vt 0.753874 0.670869
vt 0.750346 0.666773
vt 0.747079 0.662867
vt 0.759459 0.672640
vt 0.755839 0.668974
vt 0.752476 0.664776
vt 0.749372 0.660747
vt 0.738935 0.661459
vt 0.743071 0.659369
vt 0.734681 0.663475
vt 0.733261 0.654532
vt 0.737371 0.652480
vt 0.729702 0.648298
vt 0.733932 0.646407
vt 0.726846 0.642298
vt 0.731125 0.640275
vt 0.724029 0.636031
vt 0.728455 0.633852
vt 0.719208 0.622330
vt 0.724052 0.619567
vt 0.742282 0.650136
vt 0.745765 0.656101
vt 0.738832 0.644200
vt 0.736105 0.637770
vt 0.733566 0.631097
vt 0.730462 0.620009
vt 0.727983 0.604753
vt 0.729617 0.615485
vt 0.721802 0.606027
vt 0.716825 0.608913
vt 0.715823 0.624258
vt 0.711987 0.611906
vt 0.720864 0.637487
vt 0.723512 0.643879
vt 0.726297 0.649929
vt 0.729587 0.656234
vt 0.716011 0.639676
vt 0.711042 0.626919
vt 0.718771 0.646038
vt 0.721385 0.652016
vt 0.724569 0.658343
vt 0.729474 0.665741
vt 0.711098 0.641745
vt 0.706317 0.629394
vt 0.713832 0.648157
vt 0.716309 0.654055
vt 0.719391 0.660339
vt 0.723931 0.667936
vt 0.705922 0.615334
vt 0.702172 0.617331
vt 0.733945 0.671489
vt 0.737419 0.676131
vt 0.731637 0.679134
vt 0.728248 0.674092
vt 0.741481 0.681158
vt 0.736057 0.684920
vt 0.746026 0.686161
vt 0.741093 0.690493
vt 0.750909 0.690951
vt 0.746427 0.695838
vt 0.756852 0.695184
vt 0.763341 0.698982
vt 0.758774 0.703817
vt 0.752404 0.700083
vt 0.770068 0.702444
vt 0.765304 0.707232
vt 0.776977 0.705681
vt 0.771965 0.710390
vt 0.517449 0.951024
vt 0.510955 0.947138
vt 0.512639 0.940631
vt 0.518534 0.946135
vt 0.521582 0.950014
vt 0.520859 0.953717
vt 0.504091 0.944048
vt 0.510372 0.953555
vt 0.503979 0.952284
vt 0.517018 0.955880
vt 0.520489 0.957262
vt 0.510400 0.958658
vt 0.504315 0.958554
vt 0.516985 0.960110
vt 0.520692 0.961908
vt 0.510504 0.963360
vt 0.504422 0.964759
vt 0.510801 0.968295
vt 0.504527 0.971102
vt 0.517178 0.962423
vt 0.517701 0.965598
vt 0.521308 0.964264
vt 0.511193 0.973528
vt 0.504416 0.977709
vt 0.518447 0.968976
vt 0.522161 0.966802
vt 0.497273 0.940515
vt 0.497905 0.951847
vt 0.498798 0.958928
vt 0.498991 0.965956
vt 0.498877 0.973068
vt 0.498121 0.981486
vt 0.504524 0.937614
vt 0.505828 0.926814
vt 0.497060 0.936029
vt 0.496744 0.923899
vt 0.554860 0.108982
vt 0.557959 0.102525
vt 0.560166 0.104770
vt 0.556537 0.110618
vt 0.562648 0.091948
vt 0.565637 0.094393
vt 0.567051 0.082977
vt 0.571285 0.086104
vt 0.562996 0.108213
vt 0.559102 0.113245
vt 0.569044 0.098322
vt 0.575157 0.090564
vt 0.565891 0.111777
vt 0.561896 0.116119
vt 0.572520 0.102836
vt 0.578838 0.095982
vt 0.568738 0.115303
vt 0.565522 0.119711
vt 0.575725 0.107671
vt 0.582300 0.101979
vt 0.571659 0.118564
vt 0.568517 0.122172
vt 0.578640 0.112531
vt 0.585309 0.108482
vt 0.591574 0.105342
vt 0.589458 0.097761
vt 0.585987 0.090939
vt 0.582202 0.084686
vt 0.576904 0.079679
vt 0.570884 0.076083
vt 0.566599 0.068700
vt 0.573907 0.071272
vt 0.564810 0.073773
vt 0.576589 0.061875
vt 0.586423 0.064289
vt 0.584522 0.069309
vt 0.575445 0.066721
vt 0.577994 0.046475
vt 0.589764 0.047609
vt 0.588665 0.056654
vt 0.577911 0.054462
vt 0.578078 0.038735
vt 0.590113 0.039415
vt 0.594115 0.066002
vt 0.592325 0.071760
vt 0.598049 0.040156
vt 0.597638 0.048694
vt 0.599540 0.073617
vt 0.598454 0.079962
vt 0.590177 0.079472
vt 0.601660 0.067591
vt 0.605463 0.049857
vt 0.603944 0.059761
vt 0.596245 0.058203
vt 0.605869 0.040860
vt 0.606272 0.075409
vt 0.604417 0.081079
vt 0.608603 0.069056
vt 0.610935 0.061129
vt 0.612873 0.050885
vt 0.606070 0.034053
vt 0.598161 0.033603
vt 0.590217 0.033182
vt 0.578089 0.032855
vt 0.565169 0.037693
vt 0.565098 0.032203
vt 0.577691 0.025165
vt 0.576974 0.017458
vt 0.588887 0.017282
vt 0.589707 0.025224
vt 0.575930 0.010250
vt 0.587931 0.009932
vt 0.574672 0.004045
vt 0.587211 0.004018
vt 0.596785 0.017285
vt 0.597675 0.025348
vt 0.595937 0.009905
vt 0.595728 0.003913
vt 0.604530 0.017220
vt 0.605502 0.025509
vt 0.603870 0.009863
vt 0.604177 0.004263
vt 0.669644 0.687052
vt 0.669672 0.678841
vt 0.668742 0.670435
vt 0.666606 0.662311
vt 0.662842 0.650389
vt 0.658691 0.637993
vt 0.563115 0.010405
vt 0.561563 0.004026
vt 0.564072 0.017399
vt 0.564711 0.024846
vt 0.491479 0.264164
vt 0.492618 0.275490
vt 0.495505 0.264406
vt 0.496473 0.275954
vt 0.499996 0.264723
vt 0.499994 0.276342
vt 0.668875 0.565819
vt 0.673646 0.566535
vt 0.672570 0.577298
vt 0.668605 0.576605
vt 0.681250 0.496033
vt 0.683416 0.496508
vt 0.681534 0.505635
vt 0.688776 0.497922
vt 0.686529 0.507257
vt 0.684451 0.520234
vt 0.690779 0.509188
vt 0.687822 0.522161
vt 0.680050 0.517953
vt 0.679474 0.533654
vt 0.674502 0.532463
vt 0.674441 0.516230
vt 0.684536 0.535452
vt 0.678655 0.549461
vt 0.674267 0.547639
vt 0.683002 0.551344
vt 0.678094 0.558422
vt 0.677365 0.567451
vt 0.674015 0.557108
vt 0.682101 0.559742
vt 0.681027 0.568406
vt 0.675673 0.504286
vt 0.671674 0.504014
vt 0.673009 0.495157
vt 0.677099 0.495307
vt 0.675992 0.577892
vt 0.679600 0.578511
vt 0.689507 0.538995
vt 0.687489 0.553234
vt 0.691977 0.524878
vt 0.695203 0.511206
vt 0.700212 0.513549
vt 0.696843 0.527964
vt 0.705610 0.516570
vt 0.702068 0.530927
vt 0.709329 0.518571
vt 0.705531 0.532730
vt 0.694632 0.541459
vt 0.701552 0.544589
vt 0.692737 0.555043
vt 0.699689 0.557452
vt 0.691729 0.562684
vt 0.690679 0.570950
vt 0.685088 0.569445
vt 0.686361 0.561098
vt 0.698777 0.565115
vt 0.697933 0.573270
vt 0.697317 0.582282
vt 0.689761 0.580304
vt 0.580292 0.220143
vt 0.583573 0.230982
vt 0.577777 0.230668
vt 0.574018 0.219124
vt 0.586759 0.221392
vt 0.589552 0.231443
vt 0.593285 0.222190
vt 0.595847 0.231885
vt 0.599668 0.251703
vt 0.600345 0.259916
vt 0.595232 0.259177
vt 0.594006 0.251269
vt 0.588579 0.250763
vt 0.590119 0.258513
vt 0.585372 0.258009
vt 0.583416 0.250307
vt 0.600699 0.269545
vt 0.595934 0.268887
vt 0.589249 0.267442
vt 0.534032 0.291691
vt 0.532993 0.279994
vt 0.539732 0.280027
vt 0.540436 0.292041
vt 0.541424 0.303325
vt 0.534565 0.303527
vt 0.710151 0.535651
vt 0.707871 0.547452
vt 0.703784 0.575304
vt 0.704582 0.585061
vt 0.497329 0.299182
vt 0.498761 0.309120
vt 0.639345 0.220270
vt 0.642692 0.220228
vt 0.641206 0.229535
vt 0.638120 0.230055
vt 0.645871 0.219942
vt 0.644537 0.229442
vt 0.649228 0.219525
vt 0.647823 0.229067
vt 0.652710 0.218981
vt 0.651151 0.228627
vt 0.656128 0.218359
vt 0.654371 0.228126
vt 0.659253 0.217751
vt 0.657551 0.227530
vt 0.791650 0.099447
vt 0.791094 0.089849
vt 0.796442 0.088445
vt 0.796099 0.098047
vt 0.643147 0.239080
vt 0.639856 0.239334
vt 0.646275 0.238655
vt 0.652484 0.237648
vt 0.649383 0.238170
vt 0.656287 0.236961
vt 0.642121 0.248750
vt 0.651553 0.247036
vt 0.648245 0.247701
vt 0.655805 0.246147
vt 0.790572 0.080645
vt 0.796271 0.078968
vt 0.651281 0.256567
vt 0.647662 0.257384
vt 0.790263 0.071359
vt 0.795767 0.069927
vt 0.644016 0.268078
vt 0.644562 0.258057
vt 0.651406 0.266360
vt 0.647325 0.267321
vt 0.655544 0.255576
vt 0.584551 0.291498
vt 0.584694 0.282479
vt 0.655340 0.265443
vt 0.790510 0.061439
vt 0.795804 0.060589
vt 0.590502 0.281147
vt 0.591252 0.290546
vt 0.588093 0.290937
vt 0.587437 0.281904
vt 0.636347 0.220530
vt 0.593734 0.281479
vt 0.594567 0.290854
vt 0.791598 0.050482
vt 0.795594 0.050624
vt 0.795923 0.106365
vt 0.793002 0.108076
vt 0.639754 0.211252
vt 0.643416 0.211223
vt 0.635963 0.211005
vt 0.785470 0.061466
vt 0.786420 0.049937
vt 0.778902 0.060524
vt 0.779448 0.049156
vt 0.773628 0.059415
vt 0.774014 0.048312
vt 0.603971 0.291837
vt 0.599385 0.291377
vt 0.597878 0.281310
vt 0.602177 0.280602
vt 0.614103 0.279868
vt 0.615734 0.291732
vt 0.609792 0.291996
vt 0.608283 0.279980
vt 0.599263 0.301569
vt 0.595851 0.301211
vt 0.604755 0.302063
vt 0.610322 0.302074
vt 0.616874 0.301925
vt 0.590735 0.311782
vt 0.590497 0.300982
vt 0.596559 0.311973
vt 0.600626 0.312413
vt 0.604624 0.312492
vt 0.610721 0.312655
vt 0.616807 0.313006
vt 0.621118 0.301702
vt 0.620952 0.312757
vt 0.620472 0.291610
vt 0.767765 0.058584
vt 0.761720 0.058712
vt 0.763425 0.046907
vt 0.767997 0.047300
vt 0.756215 0.047640
vt 0.756620 0.059655
vt 0.753443 0.060338
vt 0.746269 0.060527
vt 0.748448 0.048311
vt 0.639761 0.276348
vt 0.640198 0.288292
vt 0.631990 0.289586
vt 0.631942 0.277808
vt 0.440568 0.283447
vt 0.446277 0.283044
vt 0.447869 0.294704
vt 0.441740 0.295388
vt 0.631823 0.300484
vt 0.625339 0.301332
vt 0.625075 0.290923
vt 0.640097 0.299375
vt 0.450372 0.305447
vt 0.443058 0.306439
vt 0.453359 0.293952
vt 0.454739 0.304412
vt 0.455931 0.314363
vt 0.451775 0.315254
vt 0.767248 0.071010
vt 0.766533 0.084112
vt 0.759398 0.084718
vt 0.760840 0.071055
vt 0.765685 0.094532
vt 0.757930 0.096514
vt 0.764911 0.108463
vt 0.756380 0.110598
vt 0.754111 0.085198
vt 0.755894 0.071841
vt 0.752017 0.098663
vt 0.749952 0.112062
vt 0.749124 0.086283
vt 0.751226 0.073128
vt 0.746585 0.100032
vt 0.743885 0.114115
vt 0.740435 0.124578
vt 0.745386 0.124281
vt 0.758649 0.121034
vt 0.751502 0.122947
vt 0.785209 0.081786
vt 0.785123 0.071998
vt 0.785404 0.090975
vt 0.785752 0.101774
vt 0.778371 0.082908
vt 0.778533 0.071809
vt 0.778283 0.091774
vt 0.778573 0.104320
vt 0.772961 0.083481
vt 0.773296 0.071344
vt 0.772639 0.092874
vt 0.772291 0.106146
vt 0.773233 0.116149
vt 0.779437 0.114029
vt 0.785941 0.111652
vt 0.790274 0.109503
vt 0.445379 0.271162
vt 0.439682 0.271006
vt 0.451739 0.282031
vt 0.457627 0.292895
vt 0.737538 0.112013
vt 0.740677 0.098876
vt 0.742903 0.086193
vt 0.743952 0.073216
vt 0.635206 0.158724
vt 0.641451 0.159628
vt 0.640936 0.167155
vt 0.634679 0.166378
vt 0.648085 0.159922
vt 0.647401 0.167188
vt 0.655010 0.159591
vt 0.654231 0.166548
vt 0.661995 0.158950
vt 0.661047 0.165535
vt 0.668922 0.157986
vt 0.667653 0.164019
vt 0.675566 0.157032
vt 0.674068 0.162564
vt 0.682495 0.156374
vt 0.680526 0.161158
vt 0.640765 0.175009
vt 0.634488 0.174542
vt 0.647073 0.174595
vt 0.653642 0.173708
vt 0.659881 0.172263
vt 0.665999 0.170271
vt 0.672010 0.168284
vt 0.677792 0.165997
vt 0.640827 0.183026
vt 0.634860 0.182939
vt 0.646750 0.182260
vt 0.652808 0.181122
vt 0.658454 0.179341
vt 0.664035 0.177108
vt 0.669432 0.174564
vt 0.674657 0.171940
vt 0.635578 0.193105
vt 0.640793 0.192924
vt 0.645915 0.192246
vt 0.651067 0.191027
vt 0.656198 0.189097
vt 0.661563 0.184974
vt 0.666587 0.181516
vt 0.671267 0.178634
vt 0.799538 0.141934
vt 0.797293 0.146463
vt 0.794864 0.139832
vt 0.797589 0.135532
vt 0.802368 0.147665
vt 0.799234 0.151425
vt 0.800753 0.154412
vt 0.805845 0.153626
vt 0.802823 0.157220
vt 0.804776 0.159381
vt 0.810418 0.158801
vt 0.807369 0.162054
vt 0.809501 0.164267
vt 0.814988 0.162540
vt 0.812776 0.167881
vt 0.676164 0.151724
vt 0.682830 0.151666
vt 0.669323 0.152116
vt 0.662287 0.152703
vt 0.655215 0.153231
vt 0.648258 0.153308
vt 0.641676 0.152875
vt 0.635591 0.151872
vt 0.740379 0.133481
vt 0.741778 0.141542
vt 0.734863 0.140538
vt 0.745168 0.146556
vt 0.740413 0.151620
vt 0.737311 0.145783
vt 0.749016 0.152522
vt 0.744045 0.157814
vt 0.752301 0.157648
vt 0.747812 0.163411
vt 0.729854 0.139242
vt 0.731557 0.152287
vt 0.729610 0.147521
vt 0.734851 0.159122
vt 0.738726 0.165703
vt 0.743068 0.172649
vt 0.727642 0.142783
vt 0.724155 0.153812
vt 0.722240 0.148246
vt 0.726067 0.159338
vt 0.729638 0.167350
vt 0.734066 0.174385
vt 0.738107 0.178794
vt 0.742013 0.182468
vt 0.720188 0.158740
vt 0.718234 0.152501
vt 0.722112 0.164934
vt 0.724906 0.171708
vt 0.727024 0.175712
vt 0.731025 0.181748
vt 0.735528 0.186229
vt 0.740378 0.190349
vt 0.714131 0.156391
vt 0.716066 0.163427
vt 0.718026 0.170446
vt 0.720416 0.177243
vt 0.723787 0.183458
vt 0.728262 0.188770
vt 0.733298 0.193546
vt 0.738889 0.197766
vt 0.746706 0.193989
vt 0.745357 0.201228
vt 0.747386 0.186374
vt 0.748939 0.176727
vt 0.751965 0.168292
vt 0.755451 0.162671
vt 0.756953 0.154624
vt 0.759695 0.161264
vt 0.753709 0.148815
vt 0.748950 0.141997
vt 0.746862 0.133279
vt 0.757880 0.165866
vt 0.755569 0.171446
vt 0.760493 0.170270
vt 0.758858 0.174966
vt 0.753443 0.178693
vt 0.757709 0.180188
vt 0.752216 0.186641
vt 0.756952 0.186604
vt 0.751760 0.192819
vt 0.756738 0.191658
vt 0.751492 0.196945
vt 0.750574 0.200825
vt 0.756663 0.195056
vt 0.761773 0.191083
vt 0.761393 0.194715
vt 0.761792 0.186743
vt 0.762185 0.181168
vt 0.762712 0.176718
vt 0.763352 0.172304
vt 0.762987 0.167295
vt 0.768159 0.171844
vt 0.768256 0.176573
vt 0.774244 0.170724
vt 0.773763 0.175715
vt 0.777208 0.174684
vt 0.768523 0.181260
vt 0.774719 0.180558
vt 0.778784 0.179290
vt 0.768943 0.187194
vt 0.775685 0.186511
vt 0.780388 0.185170
vt 0.769394 0.192175
vt 0.776644 0.191400
vt 0.781858 0.189884
vt 0.766639 0.195675
vt 0.771913 0.196154
vt 0.778129 0.196197
vt 0.783882 0.194604
vt 0.767288 0.165916
vt 0.772544 0.164510
vt 0.778434 0.168880
vt 0.780912 0.167710
vt 0.783024 0.171578
vt 0.780288 0.173231
vt 0.783481 0.166331
vt 0.785648 0.169853
vt 0.785783 0.164927
vt 0.788000 0.167982
vt 0.784424 0.174250
vt 0.782145 0.177497
vt 0.787122 0.172176
vt 0.789524 0.170023
vt 0.785699 0.176800
vt 0.788502 0.174497
vt 0.790943 0.171981
vt 0.787641 0.180711
vt 0.784256 0.183164
vt 0.790671 0.177780
vt 0.792433 0.173990
vt 0.793769 0.175781
vt 0.789627 0.184497
vt 0.786015 0.187433
vt 0.792758 0.181160
vt 0.795357 0.178043
vt 0.787907 0.191351
vt 0.791535 0.188048
vt 0.794794 0.184177
vt 0.797059 0.180995
vt 0.797480 0.175372
vt 0.799234 0.177747
vt 0.795764 0.173446
vt 0.794203 0.171720
vt 0.792739 0.170004
vt 0.791306 0.168271
vt 0.789773 0.166364
vt 0.787657 0.163396
vt 0.783213 0.160362
vt 0.785743 0.158666
vt 0.781095 0.161502
vt 0.777658 0.163583
vt 0.789460 0.161058
vt 0.790968 0.158733
vt 0.792933 0.161976
vt 0.791355 0.164195
vt 0.793523 0.155166
vt 0.794578 0.159485
vt 0.796026 0.157234
vt 0.795197 0.150303
vt 0.797588 0.154350
vt 0.794524 0.164225
vt 0.792904 0.166258
vt 0.796064 0.162038
vt 0.797683 0.159787
vt 0.799223 0.157262
vt 0.796122 0.166153
vt 0.794449 0.168070
vt 0.797699 0.164132
vt 0.799315 0.162043
vt 0.800983 0.159785
vt 0.797797 0.168033
vt 0.796014 0.169854
vt 0.799520 0.166170
vt 0.801239 0.164241
vt 0.803023 0.162167
vt 0.799540 0.169884
vt 0.797667 0.171609
vt 0.801362 0.168108
vt 0.803190 0.166303
vt 0.805167 0.164500
vt 0.801362 0.171856
vt 0.799447 0.173453
vt 0.803190 0.169986
vt 0.805018 0.168217
vt 0.807217 0.167206
vt 0.801110 0.175498
vt 0.803022 0.174402
vt 0.804787 0.171797
vt 0.806260 0.169475
vt 0.809923 0.169953
vt 0.793196 0.144585
vt 0.792032 0.152449
vt 0.790156 0.147781
vt 0.788801 0.156509
vt 0.786775 0.151054
vt 0.775716 0.156674
vt 0.780639 0.155917
vt 0.784207 0.153088
vt 0.770422 0.157873
vt 0.764897 0.159297
vt 0.759732 0.146534
vt 0.762406 0.152819
vt 0.756572 0.139622
vt 0.753719 0.131856
vt 0.761122 0.129765
vt 0.763689 0.137360
vt 0.766063 0.144454
vt 0.768271 0.151186
vt 0.774662 0.124863
vt 0.768416 0.127247
vt 0.766378 0.118478
vt 0.786037 0.120763
vt 0.780445 0.122706
vt 0.790280 0.119921
vt 0.770239 0.135031
vt 0.776104 0.132799
vt 0.786396 0.127835
vt 0.781468 0.130505
vt 0.790388 0.124649
vt 0.777533 0.140488
vt 0.772073 0.142425
vt 0.782582 0.138408
vt 0.787090 0.135618
vt 0.790839 0.133085
vt 0.779080 0.148160
vt 0.773889 0.149584
vt 0.784162 0.146686
vt 0.788379 0.142604
vt 0.791866 0.140181
vt 0.793652 0.130964
vt 0.792849 0.120662
vt 0.661300 0.209044
vt 0.657911 0.209959
vt 0.660363 0.198791
vt 0.664037 0.196992
vt 0.654361 0.210523
vt 0.656548 0.200300
vt 0.650698 0.210745
vt 0.652593 0.201284
vt 0.647013 0.211003
vt 0.648484 0.202111
vt 0.644327 0.202681
vt 0.640177 0.202984
vt 0.635924 0.203035
vt 0.663942 0.188003
vt 0.667774 0.186373
vt 0.660069 0.189071
vt 0.795830 0.117898
vt 0.796409 0.128117
vt 0.589931 0.210670
vt 0.582744 0.209226
vt 0.580925 0.202144
vt 0.587662 0.202166
vt 0.575663 0.207673
vt 0.574539 0.201449
vt 0.568826 0.206356
vt 0.565383 0.199570
vt 0.572699 0.201200
vt 0.580177 0.199024
vt 0.573142 0.196357
vt 0.561518 0.193320
vt 0.569605 0.195094
vt 0.577240 0.189492
vt 0.585018 0.191351
vt 0.570643 0.189017
vt 0.557781 0.187182
vt 0.566153 0.188202
vt 0.574852 0.179899
vt 0.580319 0.180874
vt 0.570155 0.186622
vt 0.554161 0.181893
vt 0.564308 0.183957
vt 0.583220 0.181412
vt 0.569230 0.178666
vt 0.721733 0.496783
vt 0.724479 0.502838
vt 0.720038 0.508977
vt 0.717077 0.503111
vt 0.716587 0.515497
vt 0.712808 0.510585
vt 0.713685 0.522520
vt 0.563055 0.178510
vt 0.562487 0.175633
vt 0.554981 0.176739
vt 0.555694 0.172960
vt 0.548118 0.174064
vt 0.549859 0.170890
vt 0.577414 0.173056
vt 0.582234 0.173589
vt 0.572746 0.172231
vt 0.567600 0.170983
vt 0.561773 0.169498
vt 0.556645 0.168033
vt 0.544406 0.168955
vt 0.548172 0.165446
vt 0.551953 0.166707
vt 0.576455 0.165901
vt 0.581293 0.166101
vt 0.571673 0.165202
vt 0.566853 0.164242
vt 0.561497 0.162830
vt 0.557232 0.163007
vt 0.552760 0.162581
vt 0.543806 0.163749
vt 0.548499 0.160261
vt 0.556672 0.160037
vt 0.552748 0.157931
vt 0.544499 0.158526
vt 0.548579 0.155937
vt 0.575999 0.160424
vt 0.580819 0.160607
vt 0.571185 0.159826
vt 0.566369 0.158998
vt 0.561625 0.157784
vt 0.556607 0.156164
vt 0.575752 0.156173
vt 0.580493 0.156315
vt 0.570927 0.155584
vt 0.566167 0.154703
vt 0.561514 0.153469
vt 0.556597 0.152111
vt 0.552698 0.154032
vt 0.580357 0.151615
vt 0.575722 0.151499
vt 0.571004 0.151143
vt 0.566291 0.150261
vt 0.561640 0.148969
vt 0.556780 0.147396
vt 0.552637 0.149927
vt 0.544491 0.145167
vt 0.544885 0.140078
vt 0.548447 0.142749
vt 0.540365 0.162500
vt 0.541829 0.171482
vt 0.537259 0.169857
vt 0.539870 0.167344
vt 0.534122 0.168939
vt 0.536674 0.166320
vt 0.531471 0.168014
vt 0.529050 0.166934
vt 0.531283 0.164428
vt 0.533908 0.165414
vt 0.534486 0.160716
vt 0.537374 0.161544
vt 0.528797 0.163121
vt 0.531689 0.159340
vt 0.541136 0.157402
vt 0.534802 0.155749
vt 0.537997 0.156550
vt 0.531915 0.155127
vt 0.527732 0.158377
vt 0.528825 0.154381
vt 0.536520 0.151916
vt 0.540919 0.153110
vt 0.531714 0.151270
vt 0.528418 0.150480
vt 0.536127 0.148357
vt 0.540826 0.148807
vt 0.531327 0.147529
vt 0.527927 0.146691
vt 0.535949 0.144497
vt 0.540925 0.144911
vt 0.530942 0.143788
vt 0.527510 0.142937
vt 0.540898 0.141050
vt 0.535730 0.140924
vt 0.530618 0.140384
vt 0.527236 0.139528
vt 0.524247 0.141802
vt 0.524525 0.138573
vt 0.524562 0.145635
vt 0.525350 0.149540
vt 0.526124 0.153799
vt 0.529432 0.169884
vt 0.534886 0.171956
vt 0.531767 0.171504
vt 0.698242 0.502212
vt 0.703748 0.504966
vt 0.702827 0.491876
vt 0.708305 0.496138
vt 0.707244 0.484026
vt 0.713339 0.489080
vt 0.710483 0.478455
vt 0.714429 0.481953
vt 0.718381 0.485381
vt 0.709296 0.508189
vt 0.713625 0.500351
vt 0.718448 0.493377
vt 0.722277 0.488801
vt 0.725487 0.491782
vt 0.728465 0.487792
vt 0.730814 0.490362
vt 0.728829 0.496393
vt 0.725475 0.485078
vt 0.721679 0.481520
vt 0.717731 0.477698
vt 0.713679 0.473838
vt 0.718639 0.470383
vt 0.721991 0.474242
vt 0.722325 0.467874
vt 0.725301 0.471762
vt 0.724696 0.466096
vt 0.727506 0.469977
vt 0.725393 0.478083
vt 0.728394 0.475699
vt 0.730480 0.473932
vt 0.728706 0.481697
vt 0.731415 0.479490
vt 0.733427 0.477868
vt 0.731388 0.484356
vt 0.733882 0.482581
vt 0.735729 0.481378
vt 0.733287 0.486150
vt 0.735573 0.484891
vt 0.737431 0.484547
vt 0.737366 0.479749
vt 0.738958 0.482992
vt 0.735324 0.476092
vt 0.732501 0.472064
vt 0.729623 0.468136
vt 0.726959 0.464341
vt 0.729301 0.461316
vt 0.731677 0.458262
vt 0.734606 0.462000
vt 0.732111 0.465207
vt 0.734262 0.455207
vt 0.737242 0.458986
vt 0.736954 0.452106
vt 0.740000 0.455827
vt 0.739756 0.449032
vt 0.742849 0.452748
vt 0.742763 0.445893
vt 0.745647 0.449661
vt 0.746438 0.443576
vt 0.748603 0.446453
vt 0.749492 0.440295
vt 0.751530 0.443172
vt 0.737405 0.466003
vt 0.734846 0.469220
vt 0.741261 0.461425
vt 0.745427 0.456884
vt 0.748224 0.453800
vt 0.750961 0.450713
vt 0.753623 0.447480
vt 0.739967 0.470092
vt 0.737480 0.473326
vt 0.743741 0.465669
vt 0.747784 0.461238
vt 0.750589 0.458165
vt 0.753221 0.455156
vt 0.755654 0.451900
vt 0.741762 0.473513
vt 0.739382 0.476930
vt 0.745325 0.469044
vt 0.749258 0.464736
vt 0.752058 0.461608
vt 0.754645 0.458510
vt 0.757215 0.455328
vt 0.741040 0.480015
vt 0.743343 0.476159
vt 0.746693 0.471389
vt 0.750265 0.467173
vt 0.753075 0.463975
vt 0.755520 0.460637
vt 0.758353 0.457625
vt 0.759541 0.452328
vt 0.761201 0.454827
vt 0.757848 0.448513
vt 0.756252 0.444078
vt 0.754503 0.439779
vt 0.752602 0.436923
vt 0.747828 0.438673
vt 0.750859 0.435333
vt 0.744778 0.441930
vt 0.709528 0.470117
vt 0.705325 0.466521
vt 0.711878 0.463696
vt 0.715290 0.466932
vt 0.701099 0.462974
vt 0.708233 0.460467
vt 0.697174 0.459668
vt 0.703809 0.456435
vt 0.716603 0.461617
vt 0.719486 0.464601
vt 0.713508 0.458685
vt 0.709402 0.454904
vt 0.719692 0.460213
vt 0.722187 0.462976
vt 0.717076 0.457469
vt 0.713627 0.453888
vt 0.724793 0.461410
vt 0.722698 0.458834
vt 0.720424 0.456260
vt 0.717309 0.452858
vt 0.692717 0.487747
vt 0.697914 0.489762
vt 0.693576 0.499891
vt 0.686946 0.486709
vt 0.682197 0.486091
vt 0.696398 0.480608
vt 0.701812 0.482590
vt 0.690574 0.478565
vt 0.698395 0.477038
vt 0.702933 0.480605
vt 0.693707 0.473527
vt 0.685172 0.476988
vt 0.688936 0.470047
vt 0.701660 0.471220
vt 0.706198 0.474877
vt 0.697037 0.467654
vt 0.692603 0.463989
vt 0.689526 0.458907
vt 0.694446 0.454609
vt 0.684746 0.465272
vt 0.678577 0.475682
vt 0.727002 0.458505
vt 0.724914 0.456060
vt 0.727161 0.453164
vt 0.729356 0.455515
vt 0.722660 0.453718
vt 0.724867 0.450949
vt 0.720311 0.451323
vt 0.722478 0.448859
vt 0.729469 0.450286
vt 0.731790 0.452532
vt 0.727071 0.448178
vt 0.724535 0.446259
vt 0.731801 0.447227
vt 0.734339 0.449416
vt 0.729231 0.445200
vt 0.726506 0.443517
vt 0.734244 0.444122
vt 0.736985 0.446298
vt 0.732006 0.442745
vt 0.730510 0.441907
vt 0.728323 0.440764
vt 0.738134 0.442172
vt 0.740359 0.443872
vt 0.736218 0.440891
vt 0.734283 0.439759
vt 0.732639 0.438969
vt 0.730245 0.437971
vt 0.740719 0.439023
vt 0.743119 0.440712
vt 0.738113 0.437601
vt 0.736429 0.436684
vt 0.734642 0.435911
vt 0.732016 0.435026
vt 0.743369 0.435630
vt 0.746071 0.437390
vt 0.740540 0.434140
vt 0.738631 0.433265
vt 0.736624 0.432576
vt 0.733682 0.431917
vt 0.748993 0.433876
vt 0.745915 0.432147
vt 0.742793 0.430648
vt 0.740625 0.429833
vt 0.738427 0.429210
vt 0.735198 0.428500
vt 0.730734 0.431491
vt 0.731966 0.428465
vt 0.729300 0.434383
vt 0.727683 0.437117
vt 0.725964 0.439755
vt 0.724262 0.442379
vt 0.722495 0.444948
vt 0.720627 0.447236
vt 0.718290 0.449096
vt 0.714740 0.449598
vt 0.512583 0.174557
vt 0.517718 0.172801
vt 0.517195 0.175635
vt 0.519123 0.161039
vt 0.513352 0.165277
vt 0.513153 0.161447
vt 0.519181 0.156040
vt 0.512880 0.157049
vt 0.518568 0.151224
vt 0.669455 0.475323
vt 0.666851 0.471090
vt 0.671879 0.467373
vt 0.673617 0.475112
vt 0.667602 0.453952
vt 0.669392 0.460967
vt 0.664750 0.465454
vt 0.661944 0.459422
vt 0.660330 0.454394
vt 0.666800 0.448647
vt 0.659554 0.449466
vt 0.666316 0.443726
vt 0.676614 0.463970
vt 0.674347 0.456292
vt 0.673197 0.448761
vt 0.672835 0.443368
vt 0.672572 0.438423
vt 0.681710 0.458634
vt 0.679569 0.451089
vt 0.678788 0.443946
vt 0.678766 0.438509
vt 0.678676 0.433526
vt 0.685250 0.446018
vt 0.687158 0.452787
vt 0.684595 0.439345
vt 0.684643 0.434021
vt 0.684772 0.429032
vt 0.690611 0.442510
vt 0.692249 0.448917
vt 0.690758 0.435228
vt 0.690497 0.430166
vt 0.690941 0.425251
vt 0.703231 0.425097
vt 0.708730 0.425574
vt 0.707246 0.429372
vt 0.701986 0.429222
vt 0.705046 0.419864
vt 0.697799 0.421895
vt 0.697910 0.414831
vt 0.706244 0.411850
vt 0.677767 0.426923
vt 0.684099 0.422517
vt 0.671516 0.431651
vt 0.665199 0.436899
vt 0.658728 0.442698
vt 0.512228 0.151253
vt 0.517023 0.144701
vt 0.506722 0.159372
vt 0.507291 0.167585
vt 0.507041 0.174331
vt 0.512855 0.171227
vt 0.703843 0.445930
vt 0.706241 0.450803
vt 0.700650 0.452050
vt 0.698215 0.446851
vt 0.707307 0.440262
vt 0.708684 0.445681
vt 0.702194 0.440183
vt 0.712306 0.435948
vt 0.712025 0.440742
vt 0.706791 0.434539
vt 0.701411 0.434044
vt 0.712896 0.445448
vt 0.710802 0.450149
vt 0.716537 0.445244
vt 0.716206 0.441082
vt 0.717453 0.437354
vt 0.720144 0.441460
vt 0.719694 0.444612
vt 0.721784 0.438479
vt 0.719471 0.434033
vt 0.723607 0.435572
vt 0.725303 0.432538
vt 0.721105 0.430606
vt 0.727737 0.429521
vt 0.723780 0.426987
vt 0.732486 0.425478
vt 0.730726 0.422188
vt 0.734498 0.422323
vt 0.736476 0.425821
vt 0.726474 0.417245
vt 0.731260 0.417031
vt 0.722318 0.412097
vt 0.728329 0.411437
vt 0.738242 0.422388
vt 0.739665 0.426063
vt 0.736279 0.416688
vt 0.734541 0.410689
vt 0.741865 0.422873
vt 0.741760 0.426592
vt 0.741201 0.416953
vt 0.740843 0.410834
vt 0.746293 0.418525
vt 0.745685 0.424195
vt 0.747099 0.412703
vt 0.750716 0.420502
vt 0.748407 0.425465
vt 0.752888 0.415376
vt 0.747286 0.428907
vt 0.752624 0.428148
vt 0.750816 0.431049
vt 0.755396 0.423706
vt 0.758214 0.419224
vt 0.730566 0.426214
vt 0.753114 0.433184
vt 0.755409 0.430962
vt 0.758916 0.427560
vt 0.762524 0.424081
vt 0.761487 0.415191
vt 0.766319 0.420718
vt 0.755431 0.410745
vt 0.748679 0.407564
vt 0.741489 0.405289
vt 0.733928 0.405073
vt 0.726529 0.405962
vt 0.719705 0.407035
vt 0.721581 0.418918
vt 0.718436 0.423774
vt 0.711466 0.420001
vt 0.715677 0.414532
vt 0.713122 0.408764
vt 0.711152 0.403541
vt 0.718917 0.401901
vt 0.710057 0.398494
vt 0.718707 0.396776
vt 0.709076 0.393547
vt 0.718489 0.391680
vt 0.727000 0.401073
vt 0.727567 0.396137
vt 0.728109 0.391199
vt 0.735233 0.400502
vt 0.736505 0.395850
vt 0.737744 0.391191
vt 0.743660 0.401062
vt 0.745595 0.396701
vt 0.747462 0.392235
vt 0.751515 0.403755
vt 0.754135 0.399738
vt 0.756539 0.395548
vt 0.758637 0.407242
vt 0.761870 0.403690
vt 0.765032 0.399965
vt 0.765329 0.412110
vt 0.768997 0.408860
vt 0.772559 0.405549
vt 0.770459 0.417756
vt 0.774777 0.414973
vt 0.779029 0.412117
vt 0.774695 0.403667
vt 0.781539 0.410584
vt 0.766802 0.397800
vt 0.757925 0.393113
vt 0.748419 0.389706
vt 0.738428 0.388520
vt 0.728348 0.388292
vt 0.718299 0.388757
vt 0.708420 0.390674
vt 0.700273 0.395942
vt 0.699146 0.393333
vt 0.701847 0.400741
vt 0.703613 0.405843
vt 0.768544 0.425334
vt 0.772678 0.422390
vt 0.774213 0.427470
vt 0.770305 0.430177
vt 0.777043 0.419751
vt 0.778437 0.425106
vt 0.781553 0.417268
vt 0.782782 0.422846
vt 0.775242 0.432618
vt 0.771520 0.435170
vt 0.779303 0.430564
vt 0.783497 0.428659
vt 0.775820 0.437835
vt 0.772353 0.440221
vt 0.779619 0.435958
vt 0.783527 0.434255
vt 0.776157 0.443000
vt 0.772738 0.445255
vt 0.779835 0.441221
vt 0.783568 0.439725
vt 0.775961 0.447966
vt 0.772608 0.450047
vt 0.779547 0.446281
vt 0.783207 0.445022
vt 0.775197 0.452224
vt 0.772186 0.454103
vt 0.778676 0.450860
vt 0.782386 0.449934
vt 0.538978 0.134801
vt 0.540220 0.132013
vt 0.542791 0.134410
vt 0.541694 0.137263
vt 0.541010 0.129125
vt 0.543643 0.131399
vt 0.541629 0.125938
vt 0.544273 0.128104
vt 0.546039 0.137131
vt 0.547019 0.134159
vt 0.547764 0.130755
vt 0.544485 0.126228
vt 0.548120 0.129226
vt 0.541958 0.123963
vt 0.784384 0.449726
vt 0.785164 0.444459
vt 0.785568 0.439023
vt 0.785694 0.433397
vt 0.785825 0.427592
vt 0.785276 0.421687
vt 0.784184 0.415894
vt 0.754968 0.435263
vt 0.757353 0.433561
vt 0.758936 0.436446
vt 0.756444 0.437614
vt 0.760948 0.430868
vt 0.762653 0.434484
vt 0.764651 0.428178
vt 0.766454 0.432473
vt 0.760068 0.439531
vt 0.757960 0.441459
vt 0.763832 0.438293
vt 0.767710 0.436988
vt 0.761643 0.445280
vt 0.759669 0.446850
vt 0.765106 0.444055
vt 0.768615 0.441571
vt 0.769139 0.446044
vt 0.763043 0.449977
vt 0.761230 0.450959
vt 0.766196 0.449662
vt 0.769420 0.450355
vt 0.764269 0.453044
vt 0.762634 0.453454
vt 0.766732 0.453449
vt 0.769407 0.454278
vt 0.529341 0.139024
vt 0.525413 0.137250
vt 0.527314 0.136913
vt 0.531035 0.136637
vt 0.533452 0.138610
vt 0.535644 0.136312
vt 0.538228 0.138439
vt 0.828345 0.384845
vt 0.829437 0.380595
vt 0.834667 0.381206
vt 0.833754 0.385289
vt 0.830366 0.376060
vt 0.835565 0.376698
vt 0.831432 0.370485
vt 0.836565 0.371094
vt 0.832617 0.365021
vt 0.837637 0.365614
vt 0.833505 0.359520
vt 0.838564 0.360037
vt 0.834575 0.354180
vt 0.839469 0.354687
vt 0.835296 0.350145
vt 0.840203 0.350680
vt 0.839992 0.381643
vt 0.839085 0.386053
vt 0.840701 0.377377
vt 0.841670 0.371835
vt 0.842563 0.366215
vt 0.843520 0.360540
vt 0.844256 0.355238
vt 0.840752 0.346864
vt 0.845317 0.347160
vt 0.844842 0.351201
vt 0.845526 0.381585
vt 0.844799 0.386138
vt 0.846126 0.377728
vt 0.847101 0.371997
vt 0.847853 0.366429
vt 0.848613 0.360859
vt 0.849175 0.355664
vt 0.850035 0.347535
vt 0.849631 0.351525
vt 0.850866 0.381341
vt 0.850006 0.385756
vt 0.851551 0.377465
vt 0.852538 0.372041
vt 0.853175 0.366525
vt 0.853829 0.361126
vt 0.854241 0.356054
vt 0.854728 0.348366
vt 0.854514 0.352095
vt 0.856721 0.381245
vt 0.855984 0.385273
vt 0.857366 0.377464
vt 0.858222 0.372178
vt 0.858843 0.366859
vt 0.859155 0.361520
vt 0.859331 0.356466
vt 0.859336 0.349360
vt 0.859401 0.352843
vt 0.861209 0.380817
vt 0.860236 0.384823
vt 0.862062 0.377360
vt 0.863176 0.372331
vt 0.863887 0.367161
vt 0.864259 0.361959
vt 0.864023 0.357007
vt 0.863617 0.350585
vt 0.863825 0.353831
vt 0.865131 0.380490
vt 0.869833 0.380111
vt 0.867981 0.383790
vt 0.864060 0.384230
vt 0.865995 0.377121
vt 0.866816 0.372213
vt 0.867228 0.367199
vt 0.867232 0.362102
vt 0.867058 0.357205
vt 0.866743 0.354374
vt 0.866482 0.351463
vt 0.868889 0.352339
vt 0.869941 0.354486
vt 0.825929 0.393935
vt 0.827015 0.389795
vt 0.832515 0.390319
vt 0.831483 0.394418
vt 0.838052 0.390587
vt 0.837085 0.395119
vt 0.844013 0.390288
vt 0.842819 0.394970
vt 0.849166 0.389937
vt 0.848431 0.394048
vt 0.855120 0.389112
vt 0.853972 0.393029
vt 0.859506 0.388224
vt 0.859163 0.391840
vt 0.863821 0.387288
vt 0.864049 0.389832
vt 0.871106 0.376645
vt 0.874827 0.376227
vt 0.873219 0.380324
vt 0.872146 0.371919
vt 0.875605 0.371706
vt 0.871963 0.367188
vt 0.875580 0.367118
vt 0.871650 0.362339
vt 0.875208 0.362506
vt 0.871004 0.357537
vt 0.874511 0.357848
vt 0.873154 0.353466
vt 0.870362 0.350037
vt 0.867468 0.347241
vt 0.863438 0.345413
vt 0.859201 0.343974
vt 0.854912 0.342544
vt 0.850476 0.341546
vt 0.846041 0.341111
vt 0.841719 0.340600
vt 0.835975 0.346317
vt 0.837416 0.340179
vt 0.831460 0.346110
vt 0.833281 0.339810
vt 0.829750 0.353868
vt 0.830663 0.349856
vt 0.828711 0.359113
vt 0.827677 0.364674
vt 0.826570 0.370286
vt 0.825456 0.375905
vt 0.824264 0.380276
vt 0.822656 0.384743
vt 0.820679 0.393783
vt 0.821444 0.389481
vt 0.754414 0.369196
vt 0.758178 0.363634
vt 0.766439 0.367272
vt 0.762963 0.372905
vt 0.761289 0.358582
vt 0.769171 0.362427
vt 0.764123 0.353643
vt 0.771635 0.357636
vt 0.766839 0.348398
vt 0.773940 0.352489
vt 0.769135 0.343603
vt 0.775960 0.347579
vt 0.770567 0.339973
vt 0.777066 0.344251
vt 0.775045 0.370631
vt 0.771863 0.376164
vt 0.777393 0.365677
vt 0.779542 0.360861
vt 0.781356 0.355788
vt 0.783205 0.350516
vt 0.778073 0.340868
vt 0.784975 0.342995
vt 0.784238 0.346565
vt 0.782710 0.376445
vt 0.780721 0.380138
vt 0.784344 0.372307
vt 0.786254 0.367015
vt 0.788220 0.361923
vt 0.789933 0.356630
vt 0.791312 0.351566
vt 0.793355 0.344054
vt 0.792402 0.347565
vt 0.791996 0.377960
vt 0.790462 0.382111
vt 0.793241 0.373605
vt 0.794849 0.367894
vt 0.796367 0.362455
vt 0.798253 0.356854
vt 0.799645 0.352029
vt 0.801622 0.344863
vt 0.800733 0.348211
vt 0.800607 0.379359
vt 0.799371 0.383691
vt 0.801706 0.374924
vt 0.803220 0.369114
vt 0.804739 0.363408
vt 0.806279 0.357677
vt 0.807871 0.352195
vt 0.809792 0.345374
vt 0.808849 0.348619
vt 0.808587 0.380226
vt 0.807456 0.384495
vt 0.809766 0.375560
vt 0.811202 0.369612
vt 0.812698 0.363918
vt 0.814203 0.357877
vt 0.815462 0.352544
vt 0.817453 0.345410
vt 0.816470 0.348752
vt 0.816529 0.380133
vt 0.815329 0.384576
vt 0.817511 0.375771
vt 0.818935 0.369977
vt 0.820412 0.364307
vt 0.821520 0.358532
vt 0.822694 0.353350
vt 0.824748 0.345849
vt 0.823806 0.349271
vt 0.747834 0.378048
vt 0.750289 0.374984
vt 0.758964 0.378516
vt 0.756479 0.381485
vt 0.767962 0.381513
vt 0.765385 0.384713
vt 0.778367 0.383985
vt 0.776034 0.387738
vt 0.788610 0.386532
vt 0.786950 0.390568
vt 0.798130 0.388205
vt 0.797189 0.393096
vt 0.806289 0.389544
vt 0.805572 0.394333
vt 0.813980 0.389739
vt 0.812966 0.394181
vt 0.826689 0.339482
vt 0.819386 0.339242
vt 0.812181 0.339375
vt 0.803142 0.339745
vt 0.794586 0.340057
vt 0.785365 0.339918
vt 0.779133 0.336793
vt 0.772056 0.336082
vt 0.773839 0.332523
vt 0.766079 0.329417
vt 0.769681 0.327044
vt 0.761852 0.339370
vt 0.763948 0.334843
vt 0.759691 0.343920
vt 0.756905 0.349220
vt 0.753734 0.354249
vt 0.750446 0.359308
vt 0.746692 0.364784
vt 0.739998 0.373776
vt 0.742336 0.370821
vt 0.510791 0.146079
vt 0.514999 0.139027
vt 0.509440 0.141031
vt 0.512699 0.133504
vt 0.508140 0.135990
vt 0.510172 0.128179
vt 0.656916 0.436724
vt 0.663217 0.430750
vt 0.655105 0.430865
vt 0.661113 0.424766
vt 0.653069 0.425177
vt 0.658848 0.418985
vt 0.669454 0.425621
vt 0.667217 0.419795
vt 0.664737 0.414111
vt 0.675859 0.421167
vt 0.673673 0.415756
vt 0.671281 0.410385
vt 0.682350 0.416865
vt 0.680251 0.411710
vt 0.677921 0.406588
vt 0.689037 0.412670
vt 0.690665 0.418507
vt 0.687045 0.407605
vt 0.684883 0.402665
vt 0.696122 0.408882
vt 0.694202 0.403802
vt 0.692212 0.399013
vt 0.690916 0.396269
vt 0.683407 0.399869
vt 0.676379 0.403711
vt 0.669673 0.407343
vt 0.663147 0.410792
vt 0.657425 0.415727
vt 0.651838 0.421967
vt 0.508556 0.125198
vt 0.507424 0.132993
vt 0.505014 0.143014
vt 0.504688 0.141315
vt 0.505528 0.147089
vt 0.506096 0.151674
vt 0.692738 0.328369
vt 0.697028 0.330108
vt 0.697274 0.333677
vt 0.691985 0.331359
vt 0.686344 0.325947
vt 0.685492 0.322132
vt 0.692869 0.324984
vt 0.685125 0.317393
vt 0.692996 0.320202
vt 0.684909 0.312621
vt 0.693165 0.315263
vt 0.684170 0.307632
vt 0.693109 0.310209
vt 0.697079 0.326596
vt 0.705255 0.330273
vt 0.704516 0.333850
vt 0.697563 0.321869
vt 0.706314 0.325276
vt 0.698042 0.316886
vt 0.707520 0.320120
vt 0.698267 0.311805
vt 0.708518 0.314692
vt 0.713133 0.335175
vt 0.711763 0.339152
vt 0.715071 0.329774
vt 0.716903 0.324214
vt 0.718394 0.318293
vt 0.720583 0.340840
vt 0.718844 0.345360
vt 0.723007 0.334934
vt 0.725546 0.328738
vt 0.728015 0.322207
vt 0.727851 0.346116
vt 0.725541 0.350947
vt 0.729945 0.341797
vt 0.732092 0.337517
vt 0.734149 0.333052
vt 0.737335 0.326130
vt 0.735056 0.350993
vt 0.732226 0.355944
vt 0.737571 0.346477
vt 0.740023 0.341962
vt 0.742590 0.337293
vt 0.745116 0.332510
vt 0.747610 0.327579
vt 0.742745 0.354974
vt 0.739343 0.360442
vt 0.745695 0.350250
vt 0.748479 0.345473
vt 0.751203 0.340656
vt 0.753971 0.335689
vt 0.757058 0.330656
vt 0.684668 0.328902
vt 0.688169 0.329242
vt 0.690719 0.332684
vt 0.697409 0.335561
vt 0.703810 0.337541
vt 0.703390 0.339433
vt 0.710400 0.343439
vt 0.709846 0.345499
vt 0.717143 0.350286
vt 0.716553 0.352844
vt 0.723216 0.355857
vt 0.721766 0.358813
vt 0.729036 0.361258
vt 0.727243 0.364231
vt 0.735269 0.366323
vt 0.733274 0.369132
vt 0.677614 0.305808
vt 0.678411 0.310492
vt 0.679134 0.315182
vt 0.680399 0.321507
vt 0.682050 0.325866
vt 0.503856 0.161644
vt 0.500045 0.164646
vt 0.499244 0.157418
vt 0.503006 0.154520
vt 0.495190 0.168201
vt 0.493984 0.160982
vt 0.491039 0.170851
vt 0.489961 0.163464
vt 0.487002 0.173294
vt 0.485952 0.165815
vt 0.498761 0.152960
vt 0.502513 0.150097
vt 0.493335 0.156279
vt 0.489237 0.158672
vt 0.485159 0.160926
vt 0.498471 0.148700
vt 0.502255 0.145919
vt 0.492830 0.151837
vt 0.488578 0.153953
vt 0.484468 0.156051
vt 0.502337 0.143636
vt 0.498318 0.146513
vt 0.492469 0.149379
vt 0.488141 0.151343
vt 0.483935 0.153406
vt 0.496768 0.193941
vt 0.496802 0.185320
vt 0.501596 0.184169
vt 0.501667 0.193716
vt 0.496761 0.203450
vt 0.491655 0.204363
vt 0.491709 0.194781
vt 0.501435 0.174571
vt 0.506575 0.183435
vt 0.496395 0.176657
vt 0.491990 0.186642
vt 0.487620 0.188268
vt 0.491794 0.178716
vt 0.487543 0.180985
vt 0.504066 0.170160
vt 0.965936 0.393534
vt 0.966788 0.386520
vt 0.971975 0.392274
vt 0.974437 0.380570
vt 0.977288 0.389553
vt 0.964534 0.380168
vt 0.969557 0.374432
vt 0.980745 0.384251
vt 0.978715 0.371262
vt 0.983500 0.379003
vt 0.972221 0.366883
vt 0.985875 0.373250
vt 0.980874 0.364213
vt 0.987935 0.367770
vt 0.973887 0.359108
vt 0.981964 0.359469
vt 0.989353 0.361955
vt 0.966868 0.397340
vt 0.973393 0.396175
vt 0.979635 0.393125
vt 0.983586 0.387512
vt 0.986807 0.382279
vt 0.989642 0.376017
vt 0.991777 0.370008
vt 0.993817 0.363610
vt 0.990290 0.356428
vt 0.995312 0.357475
vt 0.982864 0.354814
vt 0.974767 0.353366
vt 0.975036 0.346125
vt 0.974874 0.349796
vt 0.975305 0.342506
vt 0.975769 0.338735
vt 0.975817 0.334946
vt 0.975515 0.331213
vt 0.969015 0.325201
vt 0.975146 0.327609
vt 0.968794 0.322298
vt 0.974417 0.324464
vt 0.983177 0.347781
vt 0.983220 0.351372
vt 0.983258 0.344134
vt 0.982941 0.340439
vt 0.982836 0.336761
vt 0.982087 0.333102
vt 0.981374 0.329562
vt 0.980469 0.326366
vt 0.990900 0.349243
vt 0.990832 0.352892
vt 0.990694 0.345534
vt 0.990094 0.341795
vt 0.989551 0.338026
vt 0.988478 0.334359
vt 0.987568 0.330765
vt 0.986441 0.327456
vt 0.995579 0.353774
vt 0.995478 0.349940
vt 0.995093 0.346102
vt 0.994229 0.342302
vt 0.993237 0.338430
vt 0.992138 0.334725
vt 0.991101 0.331009
vt 0.989789 0.327285
vt 0.985398 0.324057
vt 0.988566 0.323960
vt 0.979350 0.323163
vt 0.973907 0.321285
vt 0.968174 0.319521
vt 0.576256 0.147189
vt 0.580792 0.147264
vt 0.571764 0.146935
vt 0.567149 0.146252
vt 0.562589 0.145161
vt 0.558066 0.143658
vt 0.552515 0.145044
vt 0.553751 0.141764
vt 0.549639 0.139661
vt 0.577039 0.142973
vt 0.581272 0.142935
vt 0.572644 0.142878
vt 0.568098 0.142360
vt 0.563539 0.141499
vt 0.558983 0.140181
vt 0.554671 0.138464
vt 0.550615 0.136503
vt 0.577793 0.138809
vt 0.582020 0.138658
vt 0.573349 0.138759
vt 0.568771 0.138386
vt 0.564238 0.137742
vt 0.559692 0.136696
vt 0.555397 0.135168
vt 0.551340 0.133340
vt 0.584781 0.147430
vt 0.585295 0.142814
vt 0.586037 0.138748
vt 0.583052 0.135985
vt 0.586459 0.135802
vt 0.578491 0.136529
vt 0.573879 0.136507
vt 0.569310 0.136142
vt 0.564744 0.135689
vt 0.560155 0.134873
vt 0.555751 0.133397
vt 0.551727 0.131714
vt 0.907294 0.352646
vt 0.907565 0.348532
vt 0.899501 0.355957
vt 0.899979 0.351597
vt 0.891898 0.358876
vt 0.892600 0.354143
vt 0.908434 0.344452
vt 0.901188 0.347255
vt 0.894042 0.349573
vt 0.909368 0.340308
vt 0.902492 0.342824
vt 0.895744 0.344840
vt 0.910508 0.336219
vt 0.904067 0.338569
vt 0.897728 0.340300
vt 0.911729 0.332311
vt 0.917905 0.329712
vt 0.905602 0.334325
vt 0.899684 0.335716
vt 0.912832 0.328664
vt 0.918164 0.326205
vt 0.907360 0.330440
vt 0.901695 0.331381
vt 0.913686 0.325296
vt 0.909063 0.326786
vt 0.904027 0.327410
vt 0.913381 0.322709
vt 0.909407 0.323793
vt 0.905343 0.324292
vt 0.901346 0.327517
vt 0.903435 0.323895
vt 0.898905 0.331541
vt 0.896568 0.336134
vt 0.894223 0.340868
vt 0.891904 0.345639
vt 0.889972 0.350397
vt 0.888258 0.355182
vt 0.887392 0.360284
vt 0.891990 0.363480
vt 0.887301 0.365356
vt 0.899490 0.360011
vt 0.907476 0.356387
vt 0.636602 0.140876
vt 0.642444 0.141255
vt 0.642320 0.144791
vt 0.636426 0.144318
vt 0.648513 0.140725
vt 0.648472 0.144669
vt 0.655005 0.140600
vt 0.655168 0.144637
vt 0.661505 0.140883
vt 0.661838 0.144636
vt 0.668507 0.140950
vt 0.668782 0.144540
vt 0.675441 0.140340
vt 0.675565 0.143948
vt 0.681942 0.138612
vt 0.682086 0.142575
vt 0.642053 0.148666
vt 0.636051 0.147947
vt 0.648452 0.148887
vt 0.655289 0.148840
vt 0.662201 0.148592
vt 0.669183 0.148267
vt 0.675925 0.147789
vt 0.682540 0.147180
vt 0.631498 0.139021
vt 0.631491 0.142377
vt 0.630933 0.146433
vt 0.818586 0.164912
vt 0.816792 0.169769
vt 0.821985 0.167197
vt 0.820498 0.171568
vt 0.825481 0.169290
vt 0.824562 0.173149
vt 0.827578 0.170167
vt 0.827040 0.173744
vt 0.675671 0.138490
vt 0.682185 0.136540
vt 0.668478 0.138988
vt 0.661287 0.138914
vt 0.654939 0.138313
vt 0.648547 0.138585
vt 0.642392 0.139509
vt 0.636782 0.139104
vt 0.631774 0.136662
vt 0.912908 0.363429
vt 0.909419 0.360074
vt 0.916429 0.365634
vt 0.920047 0.368077
vt 0.923667 0.370089
vt 0.927279 0.372378
vt 0.932646 0.375504
vt 0.906197 0.367267
vt 0.901791 0.364163
vt 0.910964 0.369177
vt 0.915644 0.371267
vt 0.920224 0.373038
vt 0.924962 0.375311
vt 0.931717 0.378385
vt 0.899748 0.371311
vt 0.894444 0.368245
vt 0.905360 0.372952
vt 0.910931 0.374409
vt 0.916657 0.375814
vt 0.922210 0.377865
vt 0.927635 0.379911
vt 0.932895 0.382299
vt 0.890403 0.371058
vt 0.896263 0.373917
vt 0.902339 0.375449
vt 0.908552 0.376513
vt 0.914834 0.377490
vt 0.920984 0.379500
vt 0.926966 0.381606
vt 0.932915 0.384053
vt 0.771842 0.297519
vt 0.770346 0.291163
vt 0.777651 0.289698
vt 0.778860 0.295885
vt 0.768949 0.283704
vt 0.776347 0.281959
vt 0.767796 0.277340
vt 0.775327 0.275508
vt 0.766680 0.271016
vt 0.774389 0.269151
vt 0.765593 0.264705
vt 0.773346 0.262818
vt 0.764059 0.256754
vt 0.772166 0.255072
vt 0.783650 0.280300
vt 0.784675 0.288145
vt 0.782870 0.273700
vt 0.782100 0.267153
vt 0.781276 0.260533
vt 0.780111 0.252848
vt 0.770898 0.249033
vt 0.778864 0.246422
vt 0.790858 0.278316
vt 0.791615 0.286224
vt 0.790269 0.271733
vt 0.789626 0.265187
vt 0.789032 0.258525
vt 0.788086 0.250462
vt 0.786975 0.243999
vt 0.798020 0.275881
vt 0.798530 0.283711
vt 0.797513 0.269267
vt 0.797183 0.262769
vt 0.796775 0.256266
vt 0.796076 0.248282
vt 0.795207 0.242110
vt 0.805289 0.273500
vt 0.805467 0.281541
vt 0.805200 0.266839
vt 0.804993 0.260510
vt 0.804821 0.254231
vt 0.804167 0.246474
vt 0.803439 0.240413
vt 0.812355 0.271330
vt 0.812310 0.279339
vt 0.812454 0.265190
vt 0.812505 0.259159
vt 0.812472 0.253198
vt 0.812283 0.245885
vt 0.811851 0.240234
vt 0.819693 0.270197
vt 0.819185 0.278120
vt 0.819909 0.264523
vt 0.820216 0.259005
vt 0.820431 0.253428
vt 0.820535 0.246619
vt 0.820418 0.241519
vt 0.773573 0.302959
vt 0.779898 0.301105
vt 0.785576 0.294586
vt 0.786335 0.300251
vt 0.792183 0.292711
vt 0.792639 0.298639
vt 0.798713 0.289899
vt 0.798628 0.295985
vt 0.805318 0.287313
vt 0.805061 0.293304
vt 0.811810 0.284776
vt 0.811259 0.290261
vt 0.818457 0.283619
vt 0.817579 0.288408
vt 0.824977 0.284478
vt 0.824467 0.289198
vt 0.826791 0.271063
vt 0.825732 0.278815
vt 0.827314 0.265508
vt 0.827831 0.260041
vt 0.828281 0.254689
vt 0.828614 0.248126
vt 0.828888 0.243187
vt 0.820347 0.236304
vt 0.829028 0.238268
vt 0.811516 0.234490
vt 0.802570 0.234380
vt 0.794369 0.236688
vt 0.786089 0.239116
vt 0.777827 0.241677
vt 0.769795 0.244496
vt 0.762711 0.250838
vt 0.761687 0.246564
vt 0.754312 0.251774
vt 0.753368 0.247575
vt 0.757427 0.265765
vt 0.755770 0.257948
vt 0.758612 0.272178
vt 0.759822 0.278664
vt 0.760736 0.284445
vt 0.761591 0.289633
vt 0.762857 0.295026
vt 0.767454 0.304950
vt 0.754084 0.295334
vt 0.743076 0.291458
vt 0.741427 0.285498
vt 0.752119 0.288949
vt 0.731139 0.285170
vt 0.740211 0.279641
vt 0.750719 0.282684
vt 0.729662 0.277016
vt 0.720467 0.281820
vt 0.719663 0.274373
vt 0.709910 0.278725
vt 0.709478 0.272164
vt 0.699224 0.276260
vt 0.699224 0.270471
vt 0.688502 0.273931
vt 0.689009 0.268919
vt 0.683048 0.273342
vt 0.671744 0.272059
vt 0.672655 0.267935
vt 0.683734 0.268607
vt 0.739187 0.271245
vt 0.749571 0.276477
vt 0.729382 0.269222
vt 0.719837 0.267413
vt 0.710217 0.265849
vt 0.700609 0.264808
vt 0.690559 0.264002
vt 0.674768 0.263825
vt 0.685466 0.263951
vt 0.748673 0.270434
vt 0.738397 0.263172
vt 0.747808 0.264542
vt 0.729194 0.261813
vt 0.720358 0.260648
vt 0.711321 0.259835
vt 0.702076 0.259514
vt 0.692569 0.259229
vt 0.677797 0.259768
vt 0.687539 0.259432
vt 0.737770 0.256842
vt 0.746709 0.257543
vt 0.729150 0.256146
vt 0.720744 0.255540
vt 0.712265 0.255062
vt 0.703353 0.255414
vt 0.694377 0.255897
vt 0.680587 0.256497
vt 0.689170 0.256225
vt 0.745617 0.251898
vt 0.744637 0.247642
vt 0.737108 0.251590
vt 0.736424 0.247520
vt 0.729010 0.251115
vt 0.728794 0.247352
vt 0.721143 0.250848
vt 0.721402 0.247329
vt 0.713095 0.251133
vt 0.713799 0.247862
vt 0.704570 0.251677
vt 0.705081 0.249102
vt 0.696305 0.252286
vt 0.697095 0.250414
vt 0.689903 0.253301
vt 0.688840 0.251766
vt 0.676363 0.256334
vt 0.673238 0.259972
vt 0.670435 0.263868
vt 0.668210 0.267833
vt 0.667243 0.271677
vt 0.835774 0.245140
vt 0.841932 0.247399
vt 0.841192 0.252849
vt 0.835193 0.250412
vt 0.847243 0.249923
vt 0.846749 0.255411
vt 0.852511 0.252971
vt 0.852210 0.258251
vt 0.857710 0.256096
vt 0.857637 0.260906
vt 0.863187 0.258850
vt 0.863249 0.263536
vt 0.868491 0.260669
vt 0.868641 0.265696
vt 0.872117 0.261486
vt 0.872284 0.266594
vt 0.840588 0.259662
vt 0.834572 0.257197
vt 0.846049 0.262270
vt 0.851746 0.265477
vt 0.857181 0.268191
vt 0.862962 0.270793
vt 0.868405 0.272727
vt 0.876024 0.266920
vt 0.876712 0.274446
vt 0.872345 0.273710
vt 0.839846 0.265207
vt 0.833811 0.262573
vt 0.845528 0.268118
vt 0.851101 0.271213
vt 0.856617 0.273876
vt 0.862573 0.276421
vt 0.867845 0.278298
vt 0.876385 0.280339
vt 0.871888 0.279353
vt 0.839186 0.270727
vt 0.833137 0.268147
vt 0.844713 0.273682
vt 0.850256 0.276543
vt 0.855682 0.279369
vt 0.861497 0.281942
vt 0.866998 0.284032
vt 0.875369 0.286275
vt 0.870970 0.285148
vt 0.838343 0.276366
vt 0.832506 0.273744
vt 0.843757 0.279453
vt 0.849176 0.282319
vt 0.854678 0.285066
vt 0.860295 0.287457
vt 0.865590 0.289520
vt 0.873736 0.292059
vt 0.869641 0.290825
vt 0.837116 0.283522
vt 0.831536 0.280924
vt 0.842558 0.286362
vt 0.847975 0.289139
vt 0.853389 0.291619
vt 0.858655 0.294028
vt 0.863467 0.296070
vt 0.872059 0.297122
vt 0.867377 0.297406
vt 0.830770 0.286450
vt 0.830281 0.291150
vt 0.836264 0.289083
vt 0.835557 0.293689
vt 0.841629 0.291688
vt 0.840538 0.296651
vt 0.846937 0.294408
vt 0.845541 0.299463
vt 0.852133 0.297191
vt 0.850446 0.302256
vt 0.857293 0.299612
vt 0.855139 0.304683
vt 0.861929 0.301705
vt 0.859845 0.306690
vt 0.865438 0.302691
vt 0.864475 0.307826
vt 0.877136 0.299335
vt 0.879186 0.293664
vt 0.880721 0.287634
vt 0.881995 0.281548
vt 0.882277 0.275447
vt 0.882065 0.269286
vt 0.880851 0.263362
vt 0.877922 0.259376
vt 0.875241 0.262096
vt 0.873656 0.256892
vt 0.862877 0.253478
vt 0.868142 0.255636
vt 0.857787 0.250562
vt 0.852714 0.247575
vt 0.847787 0.244589
vt 0.842965 0.242275
vt 0.836347 0.240065
vt 0.813626 0.212322
vt 0.808496 0.208824
vt 0.812985 0.205535
vt 0.818157 0.208568
vt 0.803531 0.205480
vt 0.807651 0.202335
vt 0.799258 0.202137
vt 0.803077 0.198480
vt 0.816039 0.201351
vt 0.821414 0.204245
vt 0.810663 0.198164
vt 0.806101 0.194123
vt 0.818067 0.196537
vt 0.823468 0.199326
vt 0.812800 0.193500
vt 0.807924 0.190401
vt 0.819407 0.191536
vt 0.824649 0.194187
vt 0.814304 0.188730
vt 0.809482 0.186112
vt 0.820293 0.186559
vt 0.825291 0.188966
vt 0.815405 0.183967
vt 0.810768 0.181626
vt 0.820702 0.181351
vt 0.825523 0.183572
vt 0.816076 0.179135
vt 0.811806 0.177110
vt 0.820546 0.176261
vt 0.825073 0.177909
vt 0.816300 0.174371
vt 0.812077 0.172270
vt 0.816782 0.214570
vt 0.821101 0.210484
vt 0.824599 0.205814
vt 0.826660 0.200726
vt 0.827827 0.195470
vt 0.828250 0.190185
vt 0.828231 0.184656
vt 0.827691 0.178589
vt 0.799663 0.208718
vt 0.795359 0.205208
vt 0.804456 0.212247
vt 0.809372 0.215790
vt 0.812208 0.218176
vt 0.795953 0.199125
vt 0.793102 0.196455
vt 0.796655 0.192874
vt 0.799659 0.195337
vt 0.790398 0.193981
vt 0.793867 0.190602
vt 0.799465 0.188962
vt 0.802454 0.191315
vt 0.801347 0.185562
vt 0.804257 0.187800
vt 0.796905 0.186654
vt 0.802964 0.182044
vt 0.805757 0.183913
vt 0.804325 0.178638
vt 0.806867 0.179317
vt 0.798954 0.183355
vt 0.800868 0.179893
vt 0.802374 0.176945
vt 0.809868 0.172265
vt 0.808305 0.171302
vt 0.787211 0.196386
vt 0.789717 0.199025
vt 0.792268 0.201971
vt 0.787856 0.204548
vt 0.782705 0.206062
vt 0.781650 0.202464
vt 0.785986 0.201122
vt 0.777601 0.206343
vt 0.777303 0.202864
vt 0.772386 0.205878
vt 0.772177 0.202544
vt 0.766883 0.204928
vt 0.766714 0.201708
vt 0.761614 0.203742
vt 0.761858 0.200722
vt 0.755391 0.202217
vt 0.755424 0.198718
vt 0.780502 0.199097
vt 0.784407 0.197913
vt 0.777078 0.199507
vt 0.771975 0.199385
vt 0.766576 0.198688
vt 0.761704 0.197764
vt 0.749974 0.204378
vt 0.755499 0.206462
vt 0.766968 0.209096
vt 0.761137 0.207767
vt 0.772794 0.210084
vt 0.778650 0.210538
vt 0.784530 0.210182
vt 0.790441 0.208308
vt 0.803008 0.220670
vt 0.795469 0.224371
vt 0.791974 0.219795
vt 0.798898 0.216557
vt 0.788321 0.227164
vt 0.785446 0.221555
vt 0.780790 0.228481
vt 0.778286 0.222292
vt 0.773292 0.228768
vt 0.771278 0.222141
vt 0.765770 0.227859
vt 0.764202 0.221075
vt 0.758177 0.226150
vt 0.757234 0.219574
vt 0.750570 0.223801
vt 0.750408 0.217333
vt 0.788225 0.215130
vt 0.794704 0.212410
vt 0.781918 0.216096
vt 0.775271 0.216233
vt 0.768866 0.215606
vt 0.762470 0.214377
vt 0.756208 0.213017
vt 0.750172 0.210849
vt 0.744095 0.207966
vt 0.743561 0.214494
vt 0.743097 0.220920
vt 0.750116 0.227673
vt 0.742746 0.224630
vt 0.758252 0.230025
vt 0.765947 0.232017
vt 0.773680 0.232912
vt 0.781481 0.232450
vt 0.789345 0.230831
vt 0.797294 0.227219
vt 0.805317 0.223274
vt 0.735327 0.217133
vt 0.727780 0.211947
vt 0.729643 0.205838
vt 0.736474 0.210673
vt 0.721124 0.206000
vt 0.723607 0.200326
vt 0.715366 0.199902
vt 0.718131 0.194473
vt 0.709642 0.193125
vt 0.713249 0.187688
vt 0.704679 0.185088
vt 0.709254 0.180046
vt 0.701015 0.176319
vt 0.706032 0.171901
vt 0.699196 0.166917
vt 0.704042 0.163300
vt 0.731461 0.199688
vt 0.737644 0.204240
vt 0.725925 0.194566
vt 0.720955 0.188955
vt 0.716796 0.182357
vt 0.713596 0.175092
vt 0.710970 0.167447
vt 0.708944 0.159538
vt 0.707809 0.151679
vt 0.703171 0.154377
vt 0.698409 0.158234
vt 0.696466 0.168987
vt 0.695606 0.160186
vt 0.697967 0.178757
vt 0.701921 0.187808
vt 0.707599 0.196431
vt 0.713798 0.203050
vt 0.719468 0.209244
vt 0.726697 0.215487
vt 0.734485 0.220943
vt 0.435042 0.169248
vt 0.439649 0.171342
vt 0.437549 0.175316
vt 0.433262 0.173517
vt 0.444224 0.173024
vt 0.442556 0.177144
vt 0.448851 0.174064
vt 0.447607 0.177963
vt 0.453190 0.174135
vt 0.452386 0.178237
vt 0.436195 0.179451
vt 0.431843 0.177880
vt 0.441918 0.181282
vt 0.446931 0.182038
vt 0.451904 0.182186
vt 0.695197 0.152806
vt 0.700119 0.148907
vt 0.704807 0.145295
vt 0.453731 0.171894
vt 0.449802 0.171903
vt 0.445324 0.170779
vt 0.440816 0.169060
vt 0.436278 0.166895
vt 0.693009 0.154853
vt 0.248981 0.947767
vt 0.251568 0.955477
vt 0.242518 0.957472
vt 0.240036 0.950594
vt 0.253547 0.963196
vt 0.244639 0.964603
vt 0.254608 0.971195
vt 0.245601 0.971940
vt 0.254559 0.980060
vt 0.244924 0.979725
vt 0.252793 0.989288
vt 0.242971 0.987840
vt 0.538714 0.883668
vt 0.530504 0.881674
vt 0.530716 0.875236
vt 0.538650 0.875734
vt 0.524783 0.879865
vt 0.524983 0.874560
vt 0.234603 0.961975
vt 0.232372 0.955804
vt 0.236154 0.968122
vt 0.236999 0.974397
vt 0.236110 0.980918
vt 0.233394 0.987392
vt 0.529354 0.869303
vt 0.536308 0.868605
vt 0.524373 0.869588
vt 0.226356 0.965957
vt 0.224724 0.960882
vt 0.227635 0.971134
vt 0.228320 0.976450
vt 0.227573 0.981959
vt 0.226198 0.987506
vt 0.527127 0.863492
vt 0.532824 0.861786
vt 0.523210 0.864356
vt 0.218273 0.968714
vt 0.216628 0.964167
vt 0.219473 0.973401
vt 0.220163 0.978124
vt 0.220059 0.983124
vt 0.219645 0.988077
vt 0.523450 0.858397
vt 0.528138 0.855692
vt 0.520523 0.859912
vt 0.209913 0.970968
vt 0.208317 0.966613
vt 0.211108 0.975324
vt 0.211654 0.979800
vt 0.211665 0.984439
vt 0.211185 0.989153
vt 0.518947 0.853851
vt 0.522545 0.850420
vt 0.516786 0.855883
vt 0.201935 0.972678
vt 0.200712 0.968534
vt 0.202933 0.976900
vt 0.203812 0.981267
vt 0.204255 0.985752
vt 0.204457 0.990265
vt 0.513956 0.850079
vt 0.516326 0.845910
vt 0.512451 0.852632
vt 0.193668 0.974361
vt 0.192640 0.970105
vt 0.194760 0.978577
vt 0.195711 0.982886
vt 0.196240 0.987300
vt 0.197956 0.991541
vt 0.508231 0.847290
vt 0.509128 0.842507
vt 0.507599 0.850103
vt 0.246563 0.940820
vt 0.237809 0.944312
vt 0.230674 0.950792
vt 0.223281 0.956694
vt 0.215058 0.960487
vt 0.207068 0.963102
vt 0.199527 0.965361
vt 0.191637 0.966917
vt 0.181449 0.971400
vt 0.180146 0.967958
vt 0.183149 0.975761
vt 0.185110 0.980197
vt 0.186692 0.984628
vt 0.187998 0.989072
vt 0.189162 0.993321
vt 0.501178 0.844897
vt 0.500879 0.840017
vt 0.501667 0.847880
vt 0.506789 0.853345
vt 0.506124 0.855693
vt 0.502365 0.854080
vt 0.502146 0.851644
vt 0.510683 0.855482
vt 0.509267 0.857626
vt 0.514284 0.858109
vt 0.512291 0.859772
vt 0.517450 0.861336
vt 0.514809 0.862433
vt 0.519863 0.865036
vt 0.516470 0.865689
vt 0.521002 0.869543
vt 0.516863 0.869329
vt 0.521176 0.873906
vt 0.516561 0.872908
vt 0.520441 0.878299
vt 0.515780 0.876384
vt 0.518459 0.883219
vt 0.513873 0.880033
vt 0.528353 0.888897
vt 0.522389 0.885643
vt 0.536872 0.892954
vt 0.265847 0.980286
vt 0.264367 0.991234
vt 0.266041 0.970798
vt 0.265253 0.962089
vt 0.263606 0.953743
vt 0.261109 0.945665
vt 0.258436 0.938061
vt 0.514257 0.876014
vt 0.512625 0.875691
vt 0.513235 0.872890
vt 0.514981 0.872851
vt 0.510249 0.875011
vt 0.510547 0.872827
vt 0.507718 0.874049
vt 0.507588 0.872474
vt 0.513367 0.870078
vt 0.515234 0.869636
vt 0.510518 0.870616
vt 0.507456 0.871476
vt 0.512879 0.867196
vt 0.514912 0.866259
vt 0.510093 0.868343
vt 0.506978 0.869699
vt 0.511639 0.864530
vt 0.513401 0.863266
vt 0.509124 0.866294
vt 0.506197 0.867954
vt 0.509680 0.862280
vt 0.511144 0.860796
vt 0.507709 0.864382
vt 0.505294 0.866547
vt 0.507435 0.860548
vt 0.508455 0.858851
vt 0.506034 0.862842
vt 0.504261 0.865247
vt 0.505069 0.858859
vt 0.505651 0.857090
vt 0.504249 0.861414
vt 0.503248 0.864198
vt 0.502371 0.855599
vt 0.502352 0.857492
vt 0.502231 0.860188
vt 0.501914 0.863147
vt 0.502839 0.866040
vt 0.501766 0.864816
vt 0.503771 0.867742
vt 0.504374 0.868845
vt 0.505137 0.870503
vt 0.505908 0.872236
vt 0.506356 0.874040
vt 0.507473 0.875554
vt 0.509422 0.877253
vt 0.511294 0.878453
vt 0.512584 0.879221
vt 0.505476 0.874600
vt 0.504726 0.872733
vt 0.504332 0.875500
vt 0.503440 0.873489
vt 0.502750 0.876496
vt 0.501780 0.874296
vt 0.503986 0.870889
vt 0.502606 0.871485
vt 0.500884 0.872183
vt 0.503086 0.868679
vt 0.501585 0.869164
vt 0.499874 0.869729
vt 0.501787 0.866591
vt 0.500430 0.866876
vt 0.498811 0.867319
vt 0.500848 0.864908
vt 0.499481 0.865048
vt 0.497841 0.865409
vt 0.500908 0.876416
vt 0.500107 0.874544
vt 0.498802 0.876443
vt 0.497952 0.874973
vt 0.499239 0.872593
vt 0.497305 0.873139
vt 0.498299 0.870264
vt 0.496426 0.870952
vt 0.497356 0.867975
vt 0.495632 0.868740
vt 0.496483 0.866146
vt 0.495034 0.866927
vt 0.496878 0.877162
vt 0.495045 0.879038
vt 0.494049 0.877680
vt 0.496048 0.875970
vt 0.493596 0.880641
vt 0.492382 0.879156
vt 0.492675 0.881795
vt 0.491276 0.880181
vt 0.493022 0.876315
vt 0.494727 0.874318
vt 0.491172 0.877674
vt 0.489916 0.878601
vt 0.492307 0.875084
vt 0.490181 0.876096
vt 0.488705 0.876895
vt 0.491533 0.873525
vt 0.493653 0.871975
vt 0.489257 0.874408
vt 0.487611 0.874998
vt 0.490962 0.872141
vt 0.488492 0.872587
vt 0.486731 0.872999
vt 0.490446 0.870418
vt 0.492903 0.869401
vt 0.487934 0.870709
vt 0.486152 0.870837
vt 0.490124 0.868836
vt 0.487535 0.868679
vt 0.485749 0.868595
vt 0.493088 0.867130
vt 0.490123 0.866557
vt 0.487468 0.865972
vt 0.485669 0.865558
vt 0.483938 0.868611
vt 0.483980 0.865249
vt 0.484347 0.871073
vt 0.484951 0.873445
vt 0.485877 0.875690
vt 0.487105 0.877763
vt 0.488441 0.879633
vt 0.489977 0.881413
vt 0.491545 0.883149
vt 0.494917 0.883375
vt 0.494097 0.884937
vt 0.495608 0.882025
vt 0.496617 0.880191
vt 0.497998 0.878029
vt 0.483843 0.891425
vt 0.477665 0.897786
vt 0.474807 0.894494
vt 0.481621 0.888844
vt 0.469776 0.906184
vt 0.466012 0.901928
vt 0.354660 0.996876
vt 0.355444 0.982870
vt 0.362868 0.982950
vt 0.364823 0.996816
vt 0.354495 0.971497
vt 0.361115 0.971678
vt 0.353087 0.960930
vt 0.360375 0.961397
vt 0.353393 0.950594
vt 0.360694 0.951325
vt 0.354673 0.939880
vt 0.362609 0.940707
vt 0.472494 0.890707
vt 0.479740 0.885756
vt 0.463222 0.896814
vt 0.370551 0.982924
vt 0.372841 0.995981
vt 0.368345 0.971852
vt 0.367615 0.961648
vt 0.367720 0.952026
vt 0.370366 0.941700
vt 0.470302 0.886821
vt 0.477708 0.882944
vt 0.460308 0.891834
vt 0.377688 0.982559
vt 0.380557 0.995045
vt 0.375423 0.971940
vt 0.374898 0.962186
vt 0.375791 0.952403
vt 0.377931 0.942715
vt 0.468574 0.882849
vt 0.476123 0.879867
vt 0.458563 0.886440
vt 0.384706 0.981838
vt 0.388061 0.993615
vt 0.382509 0.971649
vt 0.381998 0.962229
vt 0.382926 0.953110
vt 0.385202 0.943756
vt 0.467619 0.878382
vt 0.475114 0.876432
vt 0.457768 0.880650
vt 0.391872 0.981264
vt 0.394554 0.992188
vt 0.389827 0.971453
vt 0.389174 0.962498
vt 0.390388 0.953426
vt 0.392477 0.944566
vt 0.467434 0.874037
vt 0.474558 0.872936
vt 0.457488 0.874820
vt 0.398843 0.980281
vt 0.402496 0.990007
vt 0.396923 0.970871
vt 0.396662 0.961982
vt 0.397556 0.953460
vt 0.399474 0.944844
vt 0.467423 0.869521
vt 0.474205 0.869284
vt 0.458368 0.869199
vt 0.405737 0.979155
vt 0.408886 0.988916
vt 0.404198 0.970001
vt 0.404195 0.961358
vt 0.405071 0.953155
vt 0.406649 0.944827
vt 0.486852 0.888219
vt 0.485007 0.885926
vt 0.483262 0.883274
vt 0.481580 0.880792
vt 0.480192 0.878121
vt 0.479319 0.875152
vt 0.478856 0.872172
vt 0.478584 0.869029
vt 0.479172 0.864862
vt 0.468835 0.863342
vt 0.474843 0.864312
vt 0.460703 0.861377
vt 0.415121 0.978361
vt 0.418365 0.988026
vt 0.413966 0.969682
vt 0.413903 0.961548
vt 0.414342 0.953649
vt 0.415717 0.945639
vt 0.409317 0.937068
vt 0.417535 0.938492
vt 0.402269 0.936553
vt 0.394873 0.936055
vt 0.388166 0.934857
vt 0.380817 0.933408
vt 0.373369 0.931788
vt 0.365527 0.930383
vt 0.356664 0.929356
vt 0.343794 0.939192
vt 0.344620 0.928783
vt 0.342632 0.950011
vt 0.342537 0.960444
vt 0.344000 0.971012
vt 0.344840 0.982456
vt 0.343074 0.995804
vt 0.482827 0.902198
vt 0.476759 0.911806
vt 0.487871 0.894743
vt 0.490337 0.890986
vt 0.500417 0.878501
vt 0.498975 0.880571
vt 0.500768 0.880645
vt 0.502608 0.878398
vt 0.502686 0.880600
vt 0.498354 0.882442
vt 0.500497 0.882518
vt 0.502663 0.882458
vt 0.497975 0.883752
vt 0.500331 0.883811
vt 0.502704 0.883736
vt 0.497501 0.885385
vt 0.500124 0.885454
vt 0.502791 0.885304
vt 0.505012 0.883381
vt 0.505354 0.884906
vt 0.504746 0.882167
vt 0.504444 0.880374
vt 0.503929 0.878236
vt 0.505390 0.877450
vt 0.505823 0.879755
vt 0.507093 0.879113
vt 0.506627 0.876323
vt 0.508276 0.878192
vt 0.506535 0.881518
vt 0.508254 0.880753
vt 0.509797 0.879640
vt 0.507061 0.882700
vt 0.509104 0.881849
vt 0.510873 0.880608
vt 0.507730 0.884119
vt 0.509994 0.883114
vt 0.511999 0.881653
vt 0.500565 0.863039
vt 0.500349 0.860099
vt 0.498759 0.863206
vt 0.497885 0.860419
vt 0.496433 0.863455
vt 0.495389 0.860778
vt 0.500001 0.857558
vt 0.496872 0.858020
vt 0.493725 0.858545
vt 0.499684 0.855780
vt 0.495985 0.856367
vt 0.492308 0.857090
vt 0.499375 0.854376
vt 0.495236 0.855075
vt 0.491085 0.855973
vt 0.495046 0.864727
vt 0.492508 0.862925
vt 0.493896 0.861609
vt 0.493923 0.865787
vt 0.491259 0.864404
vt 0.490115 0.861266
vt 0.491773 0.859622
vt 0.488684 0.863170
vt 0.488422 0.860343
vt 0.490160 0.858461
vt 0.486899 0.862435
vt 0.488798 0.857466
vt 0.486907 0.859515
vt 0.485318 0.861799
vt 0.503037 0.897014
vt 0.503486 0.905939
vt 0.497199 0.905967
vt 0.498368 0.897061
vt 0.504668 0.917606
vt 0.495933 0.918136
vt 0.312692 0.995106
vt 0.314051 0.982878
vt 0.322868 0.983333
vt 0.321034 0.996121
vt 0.314670 0.971880
vt 0.323179 0.972087
vt 0.314926 0.961598
vt 0.323022 0.961623
vt 0.315004 0.951488
vt 0.323121 0.951320
vt 0.315128 0.940814
vt 0.323628 0.940432
vt 0.490998 0.905172
vt 0.493798 0.896453
vt 0.487643 0.916417
vt 0.332054 0.983107
vt 0.331208 0.996053
vt 0.331790 0.971741
vt 0.331165 0.961111
vt 0.331215 0.950762
vt 0.331899 0.939826
vt 0.502946 0.892435
vt 0.499062 0.892544
vt 0.495258 0.892122
vt 0.332846 0.928974
vt 0.324360 0.929667
vt 0.315540 0.930237
vt 0.305890 0.941615
vt 0.305348 0.931541
vt 0.306298 0.951780
vt 0.306451 0.961643
vt 0.305975 0.971685
vt 0.305221 0.982316
vt 0.304190 0.994139
vt 0.509559 0.904757
vt 0.512994 0.915518
vt 0.507477 0.896318
vt 0.506580 0.891784
vt 0.525083 0.894244
vt 0.519570 0.889307
vt 0.532955 0.900428
vt 0.276081 0.980868
vt 0.274870 0.992117
vt 0.276479 0.971047
vt 0.276052 0.961964
vt 0.274692 0.953228
vt 0.273066 0.944685
vt 0.520639 0.898609
vt 0.515953 0.892367
vt 0.527275 0.906533
vt 0.286047 0.981639
vt 0.284590 0.992959
vt 0.286391 0.971529
vt 0.286381 0.962185
vt 0.285702 0.953053
vt 0.284606 0.944007
vt 0.515355 0.902211
vt 0.511899 0.894677
vt 0.520845 0.912187
vt 0.295863 0.982033
vt 0.295063 0.993582
vt 0.296379 0.971606
vt 0.296521 0.961954
vt 0.296019 0.952492
vt 0.295168 0.942888
vt 0.516237 0.886067
vt 0.513373 0.888512
vt 0.510152 0.890408
vt 0.294296 0.933509
vt 0.284156 0.935258
vt 0.271607 0.936847
vt 0.485876 0.850513
vt 0.483792 0.847274
vt 0.490140 0.845860
vt 0.491624 0.848796
vt 0.480408 0.841825
vt 0.487887 0.840459
vt 0.449621 0.985250
vt 0.447949 0.978881
vt 0.456374 0.980128
vt 0.457208 0.985722
vt 0.446819 0.972827
vt 0.455740 0.974566
vt 0.445896 0.966980
vt 0.455143 0.969173
vt 0.445034 0.961192
vt 0.454541 0.963803
vt 0.444168 0.955411
vt 0.453911 0.958478
vt 0.496766 0.845162
vt 0.497550 0.847917
vt 0.495486 0.839731
vt 0.464580 0.981117
vt 0.464637 0.986091
vt 0.464642 0.976138
vt 0.464509 0.971186
vt 0.464295 0.966232
vt 0.463966 0.961238
vt 0.469998 0.981632
vt 0.469507 0.986010
vt 0.470592 0.977020
vt 0.470762 0.972319
vt 0.470909 0.967472
vt 0.470811 0.962679
vt 0.488888 0.853966
vt 0.493876 0.852864
vt 0.498742 0.852160
vt 0.470856 0.958913
vt 0.463740 0.957278
vt 0.453502 0.954140
vt 0.443575 0.950730
vt 0.472327 0.857120
vt 0.477142 0.859108
vt 0.465564 0.853695
vt 0.425181 0.978799
vt 0.426470 0.987341
vt 0.424244 0.970870
vt 0.423755 0.963410
vt 0.423741 0.955999
vt 0.424348 0.948545
vt 0.475867 0.853331
vt 0.479680 0.855807
vt 0.470121 0.848965
vt 0.432834 0.979146
vt 0.434832 0.986535
vt 0.431749 0.971900
vt 0.431160 0.965014
vt 0.430723 0.958225
vt 0.430600 0.951392
vt 0.479603 0.849870
vt 0.482626 0.852798
vt 0.475126 0.844825
vt 0.440694 0.978918
vt 0.442421 0.985523
vt 0.439438 0.972444
vt 0.438638 0.966106
vt 0.437894 0.959907
vt 0.437240 0.953670
vt 0.481310 0.860610
vt 0.483596 0.857990
vt 0.486103 0.855610
vt 0.436984 0.948267
vt 0.430955 0.945332
vt 0.425392 0.941880
vt 0.539525 0.814388
vt 0.542105 0.806452
vt 0.548716 0.807605
vt 0.546265 0.815304
vt 0.543668 0.795816
vt 0.551153 0.796572
vt 0.545600 0.784320
vt 0.553321 0.784849
vt 0.547456 0.771998
vt 0.555336 0.772487
vt 0.554898 0.808949
vt 0.552809 0.816661
vt 0.557237 0.797538
vt 0.559538 0.785407
vt 0.561317 0.772794
vt 0.561685 0.810274
vt 0.559898 0.818470
vt 0.563528 0.798506
vt 0.567611 0.786200
vt 0.568924 0.772873
vt 0.567912 0.811646
vt 0.566755 0.820395
vt 0.569182 0.799214
vt 0.574106 0.812898
vt 0.573377 0.822110
vt 0.574993 0.800013
vt 0.575876 0.786569
vt 0.576797 0.772659
vt 0.580159 0.814375
vt 0.579669 0.824046
vt 0.580636 0.800925
vt 0.581339 0.786983
vt 0.584874 0.772539
vt 0.585746 0.816905
vt 0.585405 0.826977
vt 0.586166 0.802624
vt 0.586654 0.787761
vt 0.590783 0.828934
vt 0.590680 0.833795
vt 0.591276 0.819449
vt 0.593944 0.804355
vt 0.594470 0.788502
vt 0.594794 0.772474
vt 0.534514 0.806326
vt 0.536426 0.795556
vt 0.531551 0.815390
vt 0.600550 0.773340
vt 0.600533 0.788586
vt 0.606389 0.773935
vt 0.606591 0.788433
vt 0.614274 0.773853
vt 0.614723 0.787836
vt 0.622830 0.771934
vt 0.622335 0.786670
vt 0.600221 0.803525
vt 0.606461 0.802677
vt 0.614910 0.801235
vt 0.622905 0.799588
vt 0.599721 0.817985
vt 0.595467 0.818886
vt 0.606027 0.816465
vt 0.614583 0.814256
vt 0.622758 0.812410
vt 0.599659 0.828197
vt 0.595195 0.828839
vt 0.605616 0.827030
vt 0.613525 0.826159
vt 0.621626 0.824162
vt 0.595109 0.833764
vt 0.599989 0.833891
vt 0.604999 0.833254
vt 0.628504 0.811591
vt 0.628315 0.798587
vt 0.627493 0.785665
vt 0.630726 0.770267
vt 0.637743 0.769570
vt 0.639907 0.783012
vt 0.633258 0.784472
vt 0.644913 0.768123
vt 0.646345 0.781355
vt 0.458773 0.776727
vt 0.463984 0.775760
vt 0.463054 0.789068
vt 0.457947 0.790101
vt 0.641175 0.795957
vt 0.634322 0.797378
vt 0.647990 0.794456
vt 0.461944 0.802331
vt 0.456533 0.803317
vt 0.642445 0.808401
vt 0.635318 0.809375
vt 0.649682 0.807306
vt 0.461214 0.815328
vt 0.455523 0.816340
vt 0.643386 0.821365
vt 0.635666 0.822095
vt 0.650859 0.820786
vt 0.460315 0.829497
vt 0.453665 0.830109
vt 0.627297 0.823173
vt 0.466967 0.828664
vt 0.467062 0.814893
vt 0.467794 0.801542
vt 0.468801 0.788201
vt 0.469742 0.775104
vt 0.477590 0.775461
vt 0.476522 0.788179
vt 0.485652 0.775386
vt 0.484467 0.787645
vt 0.494032 0.774791
vt 0.492700 0.786897
vt 0.503103 0.773846
vt 0.499032 0.786107
vt 0.475258 0.800991
vt 0.483033 0.800218
vt 0.491042 0.799293
vt 0.497284 0.798318
vt 0.473977 0.814198
vt 0.481477 0.813094
vt 0.489216 0.811894
vt 0.495259 0.810779
vt 0.472961 0.827505
vt 0.480147 0.826154
vt 0.487422 0.824689
vt 0.493144 0.823507
vt 0.498098 0.822475
vt 0.500350 0.809826
vt 0.502438 0.797534
vt 0.504265 0.785466
vt 0.509582 0.773519
vt 0.508044 0.785324
vt 0.515371 0.773309
vt 0.513761 0.785027
vt 0.521089 0.772842
vt 0.519466 0.784555
vt 0.506222 0.797241
vt 0.511979 0.796721
vt 0.517680 0.796169
vt 0.504216 0.809303
vt 0.510036 0.808505
vt 0.515859 0.807806
vt 0.502015 0.821694
vt 0.507764 0.820491
vt 0.514426 0.819286
vt 0.526244 0.772552
vt 0.533256 0.772016
vt 0.531499 0.784294
vt 0.524379 0.784441
vt 0.539951 0.771700
vt 0.538299 0.784139
vt 0.529348 0.795733
vt 0.522314 0.795913
vt 0.526838 0.807130
vt 0.520267 0.807485
vt 0.524458 0.819245
vt 0.519132 0.819189
vt 0.505707 0.716004
vt 0.504573 0.663513
vt 0.511805 0.663365
vt 0.512580 0.715636
vt 0.503087 0.610776
vt 0.510218 0.610761
vt 0.500782 0.557868
vt 0.508071 0.558040
vt 0.499400 0.504475
vt 0.506490 0.504779
vt 0.498666 0.450527
vt 0.504452 0.451242
vt 0.496961 0.400973
vt 0.502311 0.401833
vt 0.495122 0.359552
vt 0.500842 0.360552
vt 0.518685 0.663721
vt 0.518968 0.715184
vt 0.514918 0.611156
vt 0.512891 0.558560
vt 0.511477 0.505391
vt 0.509259 0.452039
vt 0.507588 0.402738
vt 0.506515 0.362092
vt 0.519469 0.611553
vt 0.517650 0.558973
vt 0.516078 0.506063
vt 0.514370 0.452825
vt 0.512716 0.403656
vt 0.512205 0.363465
vt 0.526593 0.664033
vt 0.526296 0.713941
vt 0.525503 0.611832
vt 0.523994 0.559448
vt 0.522579 0.506644
vt 0.520685 0.453717
vt 0.519416 0.404817
vt 0.519241 0.364655
vt 0.504426 0.758560
vt 0.510994 0.758333
vt 0.511940 0.743060
vt 0.518018 0.742776
vt 0.524181 0.741731
vt 0.511206 0.342793
vt 0.518215 0.343998
vt 0.505479 0.341685
vt 0.499623 0.340573
vt 0.493678 0.339604
vt 0.530581 0.711768
vt 0.530946 0.664293
vt 0.535479 0.664528
vt 0.535526 0.708839
vt 0.530128 0.612186
vt 0.535089 0.612412
vt 0.528917 0.559717
vt 0.534481 0.559895
vt 0.527335 0.507110
vt 0.532768 0.507363
vt 0.525588 0.454289
vt 0.530800 0.454673
vt 0.524324 0.405532
vt 0.529519 0.406112
vt 0.524363 0.365219
vt 0.529737 0.365829
vt 0.541729 0.664514
vt 0.541935 0.706641
vt 0.542123 0.612302
vt 0.542089 0.559818
vt 0.540422 0.507231
vt 0.538408 0.454750
vt 0.536712 0.406659
vt 0.536826 0.366962
vt 0.550981 0.664342
vt 0.550162 0.707319
vt 0.552130 0.612002
vt 0.552634 0.559297
vt 0.551043 0.506599
vt 0.549222 0.454232
vt 0.544353 0.406715
vt 0.543968 0.367776
vt 0.528026 0.757543
vt 0.534458 0.756693
vt 0.535089 0.737954
vt 0.541691 0.736706
vt 0.549522 0.738581
vt 0.536624 0.345808
vt 0.544041 0.345946
vt 0.529288 0.345306
vt 0.523632 0.344720
vt 0.529327 0.740101
vt 0.558153 0.405510
vt 0.555069 0.367200
vt 0.560756 0.366361
vt 0.559357 0.706778
vt 0.562244 0.664328
vt 0.574207 0.664139
vt 0.567465 0.706831
vt 0.563451 0.611700
vt 0.575041 0.611309
vt 0.563618 0.558741
vt 0.574037 0.558051
vt 0.561681 0.505913
vt 0.571748 0.505092
vt 0.559570 0.453557
vt 0.569621 0.452896
vt 0.567575 0.405304
vt 0.568083 0.367198
vt 0.572958 0.708382
vt 0.580667 0.663968
vt 0.579697 0.711224
vt 0.581441 0.610937
vt 0.579551 0.557739
vt 0.577247 0.504604
vt 0.575477 0.452261
vt 0.573244 0.404915
vt 0.573638 0.368661
vt 0.587281 0.663676
vt 0.587241 0.712778
vt 0.587771 0.610634
vt 0.585158 0.557310
vt 0.582837 0.504197
vt 0.581156 0.452011
vt 0.576963 0.404627
vt 0.577739 0.369902
vt 0.580855 0.404242
vt 0.581850 0.370031
vt 0.548795 0.757343
vt 0.556946 0.758069
vt 0.564115 0.740537
vt 0.557852 0.739568
vt 0.571002 0.742147
vt 0.578428 0.742964
vt 0.586068 0.742618
vt 0.597912 0.713378
vt 0.598087 0.742909
vt 0.598017 0.664244
vt 0.598106 0.611156
vt 0.595263 0.557678
vt 0.593466 0.504480
vt 0.592064 0.452346
vt 0.590010 0.404454
vt 0.587162 0.369281
vt 0.581810 0.345598
vt 0.586248 0.345055
vt 0.577922 0.345755
vt 0.573771 0.345472
vt 0.568194 0.345126
vt 0.561011 0.345217
vt 0.555389 0.345535
vt 0.550169 0.345748
vt 0.550061 0.326839
vt 0.555396 0.326384
vt 0.550650 0.406316
vt 0.549902 0.367790
vt 0.605820 0.665734
vt 0.606112 0.714543
vt 0.605898 0.612750
vt 0.603835 0.559278
vt 0.602603 0.505959
vt 0.601959 0.453227
vt 0.600398 0.404498
vt 0.591631 0.367329
vt 0.597952 0.365011
vt 0.602315 0.365016
vt 0.612968 0.666114
vt 0.613334 0.715298
vt 0.612814 0.613208
vt 0.611457 0.559734
vt 0.611421 0.506391
vt 0.611170 0.453587
vt 0.609727 0.405198
vt 0.608211 0.365050
vt 0.620034 0.665510
vt 0.620497 0.715704
vt 0.619531 0.612617
vt 0.619057 0.559385
vt 0.619780 0.506103
vt 0.620204 0.453479
vt 0.616225 0.405163
vt 0.614757 0.365111
vt 0.623396 0.404900
vt 0.619806 0.365080
vt 0.597871 0.757946
vt 0.606386 0.744283
vt 0.613875 0.744417
vt 0.621378 0.742778
vt 0.628016 0.715502
vt 0.629005 0.741119
vt 0.627388 0.664177
vt 0.626605 0.611517
vt 0.626601 0.558457
vt 0.627480 0.505457
vt 0.627998 0.452740
vt 0.628245 0.404403
vt 0.624423 0.364955
vt 0.618575 0.345197
vt 0.622937 0.345102
vt 0.613080 0.345204
vt 0.606762 0.345082
vt 0.601779 0.344887
vt 0.597506 0.344409
vt 0.591452 0.344317
vt 0.636079 0.662500
vt 0.636467 0.714339
vt 0.635032 0.610018
vt 0.634833 0.557096
vt 0.634350 0.504346
vt 0.634096 0.451787
vt 0.633099 0.403587
vt 0.627373 0.364558
vt 0.632447 0.363810
vt 0.643224 0.660696
vt 0.643718 0.712459
vt 0.642449 0.608266
vt 0.642121 0.555640
vt 0.640998 0.502990
vt 0.640742 0.450328
vt 0.640867 0.402031
vt 0.640324 0.362452
vt 0.460628 0.721352
vt 0.460607 0.669691
vt 0.465618 0.668195
vt 0.466301 0.719632
vt 0.459476 0.617249
vt 0.464367 0.615724
vt 0.457465 0.564477
vt 0.463294 0.563004
vt 0.455826 0.511519
vt 0.462579 0.509964
vt 0.454762 0.458388
vt 0.461777 0.456784
vt 0.453080 0.409580
vt 0.458444 0.408278
vt 0.450355 0.369654
vt 0.456171 0.368101
vt 0.462610 0.407457
vt 0.460606 0.367121
vt 0.629865 0.755743
vt 0.637232 0.754958
vt 0.636884 0.740143
vt 0.644201 0.738061
vt 0.460400 0.746780
vt 0.465882 0.745136
vt 0.472464 0.717864
vt 0.471990 0.744406
vt 0.470897 0.666970
vt 0.469654 0.614496
vt 0.469362 0.561744
vt 0.468881 0.508680
vt 0.467982 0.455420
vt 0.467699 0.406313
vt 0.465797 0.365771
vt 0.459162 0.347160
vt 0.464490 0.345776
vt 0.454889 0.348170
vt 0.449055 0.349791
vt 0.632075 0.344029
vt 0.640264 0.342653
vt 0.626414 0.344772
vt 0.621643 0.325600
vt 0.625621 0.325141
vt 0.478959 0.666607
vt 0.480551 0.717694
vt 0.477622 0.614080
vt 0.476762 0.561241
vt 0.476240 0.508050
vt 0.474786 0.454495
vt 0.473879 0.405185
vt 0.472308 0.364243
vt 0.487311 0.665810
vt 0.488731 0.717862
vt 0.485962 0.613235
vt 0.484610 0.560313
vt 0.483689 0.506985
vt 0.481812 0.453336
vt 0.480328 0.403778
vt 0.478878 0.362547
vt 0.495761 0.664713
vt 0.496873 0.717265
vt 0.494279 0.612072
vt 0.492373 0.559162
vt 0.491440 0.505726
vt 0.489394 0.451948
vt 0.486827 0.402461
vt 0.485486 0.361017
vt 0.495437 0.450915
vt 0.492070 0.401407
vt 0.490449 0.359948
vt 0.471055 0.760186
vt 0.478952 0.760373
vt 0.479832 0.745331
vt 0.488014 0.745166
vt 0.496302 0.744459
vt 0.505268 0.743399
vt 0.488910 0.339955
vt 0.487320 0.320373
vt 0.492386 0.320410
vt 0.483981 0.340984
vt 0.477427 0.342490
vt 0.470936 0.344194
vt 0.500168 0.299458
vt 0.505182 0.299846
vt 0.505019 0.310224
vt 0.715691 0.428029
vt 0.713482 0.431620
vt 0.508601 0.300621
vt 0.509420 0.310330
vt 0.526567 0.291227
vt 0.526757 0.280081
vt 0.597948 0.242174
vt 0.705900 0.559503
vt 0.586616 0.242363
vt 0.581281 0.242481
vt 0.592152 0.242297
vt 0.492392 0.287523
vt 0.497190 0.288060
vt 0.508882 0.289450
vt 0.509906 0.277915
vt 0.513133 0.278230
vt 0.512785 0.290042
vt 0.515466 0.302434
vt 0.515945 0.311942
vt 0.505465 0.289007
vt 0.506172 0.277585
vt 0.516245 0.278590
vt 0.515868 0.290448
vt 0.520829 0.279012
vt 0.520423 0.290826
vt 0.526636 0.303364
vt 0.520824 0.302915
vt 0.534704 0.313437
vt 0.527133 0.313083
vt 0.585504 0.312311
vt 0.585163 0.301074
vt 0.496353 0.215248
vt 0.491412 0.216096
vt 0.456255 0.281343
vt 0.455989 0.269233
vt 0.451219 0.270278
vt 0.455718 0.257304
vt 0.450938 0.257649
vt 0.444849 0.257877
vt 0.438473 0.258110
vt 0.455174 0.245407
vt 0.450217 0.245143
vt 0.443852 0.244473
vt 0.438846 0.244736
vt 0.435607 0.245085
vt 0.454597 0.233993
vt 0.449389 0.233995
vt 0.442711 0.233782
vt 0.437779 0.232949
vt 0.433098 0.232196
vt 0.453883 0.222158
vt 0.448256 0.221514
vt 0.440862 0.220387
vt 0.435434 0.219418
vt 0.430281 0.218683
vt 0.620171 0.279845
vt 0.624823 0.279526
vt 0.625259 0.312126
vt 0.631757 0.311252
vt 0.500371 0.288472
vt 0.551564 0.282304
vt 0.704763 0.567472
vt 0.669055 0.556077
vt 0.495408 0.254331
vt 0.500153 0.254979
vt 0.491191 0.253710
vt 0.486522 0.253247
vt 0.669237 0.546005
vt 0.495499 0.243574
vt 0.500398 0.244906
vt 0.491082 0.242455
vt 0.486212 0.241877
vt 0.482179 0.241646
vt 0.669383 0.531825
vt 0.495826 0.230076
vt 0.500999 0.230725
vt 0.491136 0.229485
vt 0.671246 0.516073
vt 0.501091 0.214486
vt 0.521273 0.312251
vt 0.522059 0.325669
vt 0.516893 0.325139
vt 0.856116 0.110923
vt 0.852716 0.105232
vt 0.853373 0.101493
vt 0.862157 0.098922
vt 0.730797 0.059534
vt 0.728712 0.065971
vt 0.867036 0.101388
vt 0.870155 0.096074
vt 0.875185 0.099642
vt 0.864695 0.092871
vt 0.854069 0.090296
vt 0.854756 0.084468
vt 0.850334 0.102202
vt 0.847864 0.078291
vt 0.849076 0.082159
vt 0.844591 0.083518
vt 0.843688 0.080005
vt 0.853554 0.076600
vt 0.854456 0.080504
vt 0.861469 0.013587
vt 0.861326 0.018185
vt 0.582026 0.074486
vt 0.567851 0.064258
vt 0.616276 0.077707
vt 0.613884 0.082295
vt 0.623264 0.079204
vt 0.620974 0.083593
vt 0.629752 0.080511
vt 0.627284 0.085151
vt 0.568833 0.059576
vt 0.619299 0.070921
vt 0.626750 0.072155
vt 0.633599 0.073187
vt 0.568697 0.052868
vt 0.621888 0.062843
vt 0.565440 0.044999
vt 0.623841 0.051907
vt 0.814070 0.031215
vt 0.598123 0.103198
vt 0.604556 0.102849
vt 0.611528 0.102533
vt 0.618723 0.102788
vt 0.595845 0.095778
vt 0.600572 0.095020
vt 0.607725 0.095099
vt 0.615070 0.095258
vt 0.621657 0.096207
vt 0.435729 0.821450
vt 0.593521 0.087922
vt 0.601440 0.086372
vt 0.611078 0.087622
vt 0.618606 0.088238
vt 0.624980 0.089611
vt 0.630177 0.090522
vt 0.635602 0.091516
vt 0.629754 0.063987
vt 0.636803 0.065077
vt 0.642210 0.065889
vt 0.647688 0.065947
vt 0.655245 0.067763
vt 0.643581 0.044978
vt 0.647725 0.044905
vt 0.654948 0.040166
vt 0.810722 0.030708
vt 0.807501 0.030691
vt 0.445064 0.316721
vt 0.640320 0.309660
vt 0.482397 0.321279
vt 0.475880 0.322718
vt 0.469437 0.324385
vt 0.463022 0.325973
vt 0.457515 0.327376
vt 0.453351 0.328335
vt 0.446756 0.329947
vt 0.640204 0.322858
vt 0.631778 0.324341
vt 0.617447 0.325764
vt 0.611279 0.325555
vt 0.605105 0.325391
vt 0.601085 0.325277
vt 0.596960 0.324871
vt 0.591034 0.325425
vt 0.585805 0.326290
vt 0.581697 0.326923
vt 0.578121 0.327097
vt 0.574021 0.326687
vt 0.568205 0.326205
vt 0.560953 0.325894
vt 0.504977 0.323081
vt 0.509887 0.323995
vt 0.498937 0.321916
vt 0.696794 0.426965
vt 0.696005 0.431383
vt 0.695962 0.434677
vt 0.726993 0.423200
vt 0.542569 0.313981
vt 0.535369 0.326720
vt 0.543337 0.327067
vt 0.527783 0.326243
vt 0.545499 0.292376
vt 0.544443 0.281001
vt 0.684172 0.579295
vt 0.868568 0.303292
vt 0.870154 0.300789
vt 0.873771 0.304190
vt 0.869014 0.307666
vt 0.866158 0.385787
vt 0.870736 0.384022
vt 0.867946 0.386946
vt 0.684934 0.254078
vt 0.680577 0.253047
vt 0.768371 0.324309
vt 0.767199 0.320733
vt 0.766090 0.315800
vt 0.765622 0.312128
vt 0.765822 0.308397
vt 0.676063 0.305498
vt 0.674818 0.300991
vt 0.673748 0.297758
vt 0.672578 0.294552
vt 0.671438 0.291437
vt 0.669551 0.287098
vt 0.667924 0.282827
vt 0.666631 0.278997
vt 0.665596 0.275272
vt 0.665995 0.271546
vt 0.770651 0.326389
vt 0.774461 0.331511
vt 0.769613 0.324146
vt 0.768503 0.320617
vt 0.767445 0.315750
vt 0.766993 0.312162
vt 0.767156 0.308659
vt 0.768524 0.305787
vt 0.774215 0.304097
vt 0.820439 0.395074
vt 0.812747 0.395476
vt 0.825697 0.395209
vt 0.805504 0.395682
vt 0.797104 0.394469
vt 0.786553 0.391855
vt 0.775338 0.388964
vt 0.764557 0.385821
vt 0.755702 0.382629
vt 0.747108 0.379093
vt 0.739264 0.374822
vt 0.732525 0.370146
vt 0.869021 0.387667
vt 0.864652 0.390934
vt 0.872060 0.384382
vt 0.859622 0.393024
vt 0.854217 0.394272
vt 0.848677 0.395278
vt 0.842962 0.396190
vt 0.837164 0.396390
vt 0.831394 0.395657
vt 0.874490 0.380576
vt 0.876097 0.376308
vt 0.876800 0.371766
vt 0.876735 0.367172
vt 0.876407 0.362549
vt 0.875853 0.357861
vt 0.874489 0.353145
vt 0.871343 0.349414
vt 0.868376 0.345800
vt 0.864055 0.343917
vt 0.859736 0.342626
vt 0.855439 0.341113
vt 0.850897 0.340070
vt 0.846378 0.339562
vt 0.841975 0.339067
vt 0.837633 0.338648
vt 0.833541 0.338126
vt 0.827192 0.338033
vt 0.819814 0.337916
vt 0.812803 0.338026
vt 0.803467 0.338474
vt 0.795039 0.338691
vt 0.785428 0.338614
vt 0.779548 0.335640
vt 0.726537 0.365228
vt 0.721142 0.359783
vt 0.716157 0.353931
vt 0.709177 0.346453
vt 0.702670 0.340273
vt 0.696962 0.336564
vt 0.689723 0.333458
vt 0.682389 0.328668
vt 0.680753 0.325797
vt 0.676971 0.310093
vt 0.677751 0.314781
vt 0.679010 0.321173
vt 0.869402 0.308627
vt 0.864851 0.309046
vt 0.874543 0.304994
vt 0.859980 0.308144
vt 0.855147 0.306156
vt 0.850489 0.303707
vt 0.845567 0.300839
vt 0.840469 0.298100
vt 0.835430 0.295182
vt 0.830240 0.292575
vt 0.824139 0.290808
vt 0.817405 0.290008
vt 0.874378 0.255817
vt 0.878843 0.258662
vt 0.882064 0.263009
vt 0.883359 0.269279
vt 0.883524 0.275548
vt 0.883350 0.281749
vt 0.882070 0.287967
vt 0.880545 0.294182
vt 0.878308 0.300015
vt 0.811265 0.291733
vt 0.805032 0.294822
vt 0.798572 0.297419
vt 0.792716 0.299966
vt 0.786498 0.301553
vt 0.780225 0.302296
vt 0.820321 0.234890
vt 0.828945 0.236992
vt 0.836530 0.238769
vt 0.811402 0.233070
vt 0.802316 0.232996
vt 0.794074 0.235395
vt 0.785728 0.237881
vt 0.777376 0.240488
vt 0.769319 0.243326
vt 0.761284 0.245396
vt 0.752992 0.246373
vt 0.744259 0.246421
vt 0.736070 0.246307
vt 0.728565 0.246160
vt 0.721314 0.246153
vt 0.713803 0.246713
vt 0.705073 0.248039
vt 0.697167 0.249419
vt 0.688232 0.250873
vt 0.679093 0.252349
vt 0.672066 0.259799
vt 0.675328 0.255973
vt 0.669242 0.263711
vt 0.667000 0.267747
vt 0.868537 0.254499
vt 0.863243 0.252308
vt 0.858215 0.249270
vt 0.853151 0.246167
vt 0.848240 0.243115
vt 0.843634 0.240919
vt 0.558583 0.072999
vt 0.561188 0.066869
vt 0.563121 0.062300
vt 0.565019 0.057976
vt 0.516900 0.758302
vt 0.522752 0.757968
vt 0.541109 0.756421
vt 0.562579 0.758162
vt 0.570000 0.758091
vt 0.577660 0.757826
vt 0.585500 0.757571
vt 0.606392 0.759177
vt 0.614092 0.759219
vt 0.622124 0.757418
vt 0.644284 0.753499
vt 0.459565 0.762153
vt 0.465066 0.760999
vt 0.487083 0.760182
vt 0.495422 0.759518
vt 0.723129 0.068214
vt 0.719124 0.065446
vt 0.727464 0.071308
vt 0.179533 0.966165
vt 0.191148 0.964920
vt 0.463658 0.955112
vt 0.470491 0.956908
vt 0.198892 0.963466
vt 0.206291 0.961160
vt 0.214215 0.958663
vt 0.222554 0.954652
vt 0.230169 0.948476
vt 0.237483 0.942118
vt 0.246039 0.938794
vt 0.257505 0.936100
vt 0.271232 0.935058
vt 0.344545 0.926799
vt 0.356868 0.927210
vt 0.333060 0.926735
vt 0.366373 0.928272
vt 0.373962 0.929760
vt 0.381352 0.931459
vt 0.388891 0.932951
vt 0.395229 0.934119
vt 0.402908 0.934616
vt 0.410136 0.935145
vt 0.418022 0.936715
vt 0.425837 0.939538
vt 0.305015 0.929399
vt 0.315749 0.928134
vt 0.293969 0.931415
vt 0.324600 0.927534
vt 0.284173 0.933247
vt 0.431103 0.943039
vt 0.437017 0.946029
vt 0.443506 0.948530
vt 0.453397 0.951947
vt 0.759892 0.729790
vt 0.762230 0.731349
vt 0.744513 0.737041
vt 0.748421 0.733948
vt 0.752806 0.731077
vt 0.757516 0.728323
vt 0.762657 0.725436
vt 0.732403 0.740417
vt 0.886782 0.099083
vt 0.890993 0.099422
vt 0.881564 0.098368
vt 0.831029 0.015161
vt 0.834913 0.015844
vt 0.858133 0.008731
vt 0.861817 0.009307
vt 0.866595 0.089491
vt 0.871618 0.092410
vt 0.876836 0.095490
vt 0.834598 0.048383
vt 0.718729 0.739972
vt 0.715478 0.741528
vt 0.713066 0.743066
vt 0.711074 0.744672
vt 0.709259 0.746542
vt 0.707380 0.748411
vt 0.705394 0.750278
vt 0.722800 0.738691
vt 0.657435 0.028271
vt 0.658371 0.023457
vt 0.655918 0.033868
vt 0.659865 0.019982
vt 0.661768 0.016747
vt 0.663585 0.013432
vt 0.665667 0.010344
vt 0.668053 0.007542
vt 0.670401 0.004820
vt 0.672738 0.002556
vt 0.674481 0.001390
vt 0.675228 0.003041
vt 0.677085 0.001291
vt 0.656703 0.712431
vt 0.808619 0.175488
vt 0.806579 0.173631
vt 0.805175 0.176458
vt 0.645190 0.248276
vt 0.636317 0.239268
vt 0.962860 0.324693
vt 0.962939 0.321885
vt 0.962371 0.318926
vt 0.539382 0.173361
vt 0.548471 0.147560
vt 0.548551 0.151909
vt 0.544465 0.149872
vt 0.544508 0.154141
vt 0.545599 0.176572
vt 0.501647 0.203209
vt 0.511431 0.183832
vt 0.744230 0.427492
vt 0.674176 0.485883
vt 0.677805 0.485492
vt 0.506539 0.193550
vt 0.506636 0.202877
vt 0.510804 0.193996
vt 0.696540 0.440872
vt 0.515718 0.184701
vt 0.503518 0.214943
vt 0.518775 0.167071
vn 0.176632 0.091049 0.980057
vn 0.139235 0.087795 0.986360
vn 0.059953 0.109669 0.992158
vn 0.087351 0.116061 0.989394
vn 0.108364 0.079631 0.990917
vn 0.048592 0.090786 0.994684
vn 0.090726 0.068136 0.993542
vn 0.093754 0.075564 0.992724
vn 0.031076 0.061240 0.997639
vn 0.122290 0.055153 0.990961
vn 0.049517 0.011216 0.998710
vn 0.054115 0.126459 0.990495
vn 0.066316 0.131225 0.989132
vn 0.033516 0.122182 0.991942
vn 0.021501 0.060372 0.997944
vn 0.033080 -0.020848 0.999235
vn 0.056328 0.120420 0.991124
vn 0.020532 0.116549 0.992973
vn 0.070719 0.137342 0.987996
vn 0.078000 0.074637 0.994156
vn 0.081843 -0.024062 0.996355
vn -0.085823 0.062623 0.994340
vn -0.160583 0.056419 0.985409
vn -0.035649 0.082696 0.995937
vn 0.004312 0.044894 0.998983
vn -0.014902 -0.033538 0.999326
vn 0.226764 0.087138 0.970044
vn 0.134870 0.127392 0.982640
vn 0.070130 0.148404 0.986437
vn -0.049334 0.117891 0.991800
vn -0.265946 0.039953 0.963160
vn 0.245528 0.088438 0.965347
vn 0.274923 0.081507 0.958005
vn 0.234275 0.055629 0.970577
vn 0.258597 0.037742 0.965248
vn 0.299845 0.049337 0.952711
vn 0.336994 0.059806 0.939605
vn 0.364600 0.056752 0.929433
vn -0.137867 -0.071852 0.987841
vn -0.095157 -0.063967 0.993405
vn 0.109950 -0.062883 0.991946
vn 0.062198 -0.064483 0.995979
vn -0.046780 -0.069608 0.996477
vn 0.143225 -0.068655 0.987306
vn -0.010701 -0.071165 0.997407
vn 0.160047 -0.065133 0.984958
vn 0.012494 -0.058143 0.998230
vn 0.177135 -0.058366 0.982454
vn 0.055438 -0.030110 0.998008
vn 0.209086 -0.050615 0.976586
vn 0.125780 -0.012373 0.991981
vn 0.257128 -0.043229 0.965410
vn 0.235431 -0.001195 0.971890
vn 0.307748 -0.042685 0.950510
vn 0.303804 -0.051855 0.951322
vn 0.288567 -0.047329 0.956289
vn 0.310311 -0.055898 0.948990
vn 0.319155 -0.057357 0.945965
vn 0.332972 -0.055265 0.941316
vn 0.341064 -0.053877 0.938495
vn 0.343548 -0.053971 0.937583
vn 0.340795 -0.052779 0.938655
vn 0.432599 -0.038182 0.900778
vn 0.416844 -0.039863 0.908104
vn 0.436749 -0.040804 0.898658
vn 0.433286 -0.047604 0.899998
vn 0.423516 -0.046172 0.904711
vn 0.383016 -0.042795 0.922750
vn 0.407013 -0.042764 0.912421
vn 0.355523 -0.041299 0.933755
vn 0.491179 -0.031753 0.870480
vn 0.486868 -0.038705 0.872618
vn 0.484703 -0.031753 0.874102
vn 0.472577 -0.037815 0.880478
vn 0.459422 -0.034772 0.887537
vn 0.387829 -0.020414 0.921505
vn 0.421213 -0.024049 0.906643
vn -0.255557 -0.072699 0.964057
vn 0.018894 -0.066912 0.997580
vn 0.270136 -0.049348 0.961557
vn 0.400311 -0.039875 0.915511
vn 0.481681 -0.032973 0.875726
vn 0.556833 -0.026358 0.830206
vn 0.566328 -0.015489 0.824034
vn 0.516008 -0.022509 0.856288
vn 0.525504 -0.026373 0.850383
vn 0.505195 -0.028471 0.862536
vn 0.430993 0.006514 0.902332
vn 0.465649 -0.005786 0.884950
vn 0.347647 -0.008349 0.937588
vn 0.378870 0.026808 0.925062
vn 0.329058 -0.032670 0.943744
vn 0.333729 -0.044161 0.941634
vn 0.354865 -0.030516 0.934420
vn 0.370921 0.010838 0.928601
vn 0.301983 0.067026 0.950954
vn -0.314790 -0.065897 0.946871
vn 0.434744 0.024609 0.900218
vn 0.392939 -0.016604 0.919415
vn 0.488439 0.046672 0.871349
vn 0.436801 -0.007078 0.899530
vn 0.560616 0.086615 0.823534
vn 0.500522 0.015406 0.865587
vn 0.613017 0.060380 0.787759
vn 0.546810 0.027811 0.836795
vn 0.332271 -0.034862 0.942539
vn 0.339110 -0.037251 0.940009
vn 0.361162 -0.025211 0.932162
vn 0.399039 -0.007306 0.916905
vn 0.301345 -0.023618 0.953223
vn 0.269310 -0.026048 0.962701
vn 0.253267 -0.039279 0.966599
vn 0.265251 -0.040956 0.963309
vn 0.307471 0.005704 0.951540
vn 0.259222 0.008153 0.965783
vn 0.182690 -0.022095 0.982922
vn 0.086921 -0.018854 0.996037
vn 0.303193 0.055709 0.951299
vn 0.225170 0.052602 0.972899
vn 0.119514 0.039873 0.992032
vn -0.027864 0.053523 0.998178
vn 0.510557 0.152858 0.846148
vn 0.553448 0.102730 0.826524
vn 0.455791 0.100332 0.884414
vn 0.385661 0.084863 0.918729
vn 0.607794 -0.018537 0.793878
vn 0.546662 -0.026238 0.836942
vn 0.604873 -0.053326 0.794535
vn 0.534353 -0.080925 0.841379
vn 0.670289 0.108611 0.734109
vn 0.594504 0.084350 0.799656
vn 0.419317 -0.056608 0.906073
vn 0.429706 -0.107002 0.896607
vn 0.526582 0.093000 0.845022
vn 0.279579 -0.075694 0.957134
vn 0.251185 -0.117430 0.960789
vn 0.342892 0.149465 0.927408
vn 0.190187 -0.041723 0.980861
vn 0.053335 -0.052648 0.997188
vn 0.075700 0.192055 0.978460
vn -0.013509 0.026969 0.999545
vn -0.086844 0.013039 0.996137
vn 0.005632 0.162867 0.986632
vn -0.124887 0.061615 0.990256
vn -0.132329 -0.001728 0.991204
vn -0.023832 0.135718 0.990461
vn 0.055563 0.156451 0.986122
vn -0.024368 0.139360 0.989942
vn 0.101845 0.236271 0.966335
vn 0.328325 0.227692 0.916711
vn 0.518109 0.135402 0.844529
vn 0.596125 0.102703 0.796296
vn 0.680458 0.105440 0.725161
vn 0.668744 0.154754 0.727209
vn 0.687467 0.111961 0.717533
vn 0.615515 -0.001727 0.788123
vn 0.579159 -0.000156 0.815214
vn 0.558377 -0.171162 0.811738
vn 0.555071 -0.152567 0.817692
vn 0.482204 -0.180037 0.857360
vn 0.470880 -0.169344 0.865791
vn 0.525066 -0.271841 0.806479
vn 0.501106 -0.403076 0.765782
vn 0.382179 -0.451467 0.806298
vn 0.445352 -0.306900 0.841115
vn 0.465535 -0.526024 0.711742
vn 0.315965 -0.569592 0.758770
vn 0.333195 -0.691355 0.641101
vn 0.187978 -0.705784 0.683033
vn 0.156824 -0.846421 0.508899
vn 0.001936 -0.855601 0.517632
vn 0.012481 -0.960086 0.279425
vn -0.157177 -0.947459 0.278598
vn -0.080456 -0.994979 0.059531
vn -0.274529 -0.958462 0.077357
vn 0.331315 -0.222896 0.916814
vn 0.330729 -0.192062 0.923975
vn 0.133156 -0.502906 0.854023
vn 0.256417 -0.348357 0.901608
vn 0.041721 -0.618632 0.784572
vn -0.032523 -0.730438 0.682204
vn -0.157872 -0.856934 0.490654
vn -0.297536 -0.917871 0.262650
vn -0.393039 -0.916032 0.080041
vn 0.101482 -0.270092 0.957472
vn 0.090555 -0.231990 0.968494
vn -0.121487 -0.520517 0.845165
vn -0.027097 -0.365406 0.930454
vn -0.196348 -0.626549 0.754244
vn -0.270107 -0.733310 0.623938
vn -0.355009 -0.831677 0.426945
vn -0.439045 -0.868021 0.231905
vn -0.502690 -0.863761 0.034918
vn -0.104147 -0.296679 0.949281
vn -0.110935 -0.256644 0.960118
vn -0.198274 -0.286792 0.937250
vn -0.121947 -0.257997 0.958419
vn -0.302194 -0.516454 0.801220
vn -0.256706 -0.386724 0.885746
vn -0.337783 -0.614242 0.713169
vn -0.383654 -0.725903 0.570855
vn -0.425429 -0.816034 0.391279
vn -0.477885 -0.847516 0.230960
vn -0.542158 -0.840221 0.009671
vn 0.598692 -0.131399 0.790128
vn 0.503425 -0.118128 0.855926
vn 0.379728 -0.106943 0.918896
vn 0.147136 -0.092363 0.984794
vn -0.043726 -0.101480 0.993876
vn -0.059491 -0.130569 0.989653
vn -0.187639 -0.251198 0.949574
vn -0.155297 -0.137588 0.978239
vn -0.521519 -0.847778 -0.096387
vn -0.448624 -0.893339 -0.026115
vn -0.393594 -0.918358 0.041258
vn -0.346504 -0.937252 0.038660
vn -0.162338 -0.985430 -0.050727
vn 0.206694 -0.976447 0.061871
vn 0.269399 -0.957564 -0.102452
vn 0.232294 -0.931349 0.280407
vn 0.318201 -0.816616 0.481547
vn 0.421001 -0.678420 0.602084
vn 0.506959 -0.513786 0.692110
vn 0.551151 -0.379642 0.743037
vn 0.585528 -0.245056 0.772725
vn 0.611002 -0.190517 0.768362
vn 0.607933 -0.140526 0.781454
vn 0.641702 -0.152112 0.751719
vn -0.358998 -0.452098 -0.816534
vn -0.380256 -0.333510 -0.862657
vn -0.558323 -0.355301 -0.749691
vn -0.525562 -0.487479 -0.697244
vn -0.356260 -0.381167 -0.853106
vn -0.570642 -0.326735 -0.753400
vn -0.182944 -0.646266 -0.740859
vn -0.478833 -0.506087 -0.717353
vn -0.594131 -0.406031 -0.694369
vn -0.546939 -0.520410 -0.655768
vn -0.635841 -0.317531 -0.703477
vn -0.593215 -0.368333 -0.715840
vn -0.606529 -0.458584 -0.649480
vn -0.570659 -0.532746 -0.624924
vn -0.654124 -0.339834 -0.675748
vn -0.661869 -0.285808 -0.692996
vn -0.644531 -0.477772 -0.596921
vn -0.622917 -0.530700 -0.574745
vn -0.691762 -0.361545 -0.625101
vn -0.746017 -0.252067 -0.616378
vn -0.364686 -0.675818 -0.640527
vn -0.505560 -0.697702 -0.507563
vn -0.517282 -0.709370 -0.478762
vn -0.531903 -0.701950 -0.473651
vn -0.582816 -0.672520 -0.456116
vn -0.680069 -0.503674 -0.532747
vn -0.681335 -0.577402 -0.449878
vn -0.697825 -0.484843 -0.527226
vn -0.764669 -0.352330 -0.539579
vn -0.802191 -0.246325 -0.543887
vn 0.281600 -0.361720 -0.888741
vn 0.263352 -0.612534 -0.745284
vn 0.277121 -0.235472 -0.931535
vn 0.326452 -0.287177 -0.900532
vn 0.326200 -0.564740 -0.758064
vn 0.172266 -0.712559 -0.680135
vn 0.422102 -0.535974 -0.731137
vn 0.076772 -0.610565 -0.788236
vn -0.192016 -0.626195 -0.755652
vn 0.549381 -0.536563 -0.640531
vn 0.203279 -0.608090 -0.767401
vn 0.628488 -0.567794 -0.531614
vn 0.337629 -0.612550 -0.714695
vn 0.657823 -0.468835 -0.589459
vn -0.288168 -0.532141 -0.796106
vn -0.450704 -0.454440 -0.768343
vn -0.150915 -0.588982 -0.793930
vn -0.052286 -0.600536 -0.797887
vn -0.618335 -0.371281 -0.692685
vn -0.651393 -0.329278 -0.683566
vn -0.510036 -0.428606 -0.745762
vn -0.367326 -0.497576 -0.785805
vn -0.734776 -0.264187 -0.624748
vn -0.765822 -0.266838 -0.585075
vn -0.668453 -0.254167 -0.698977
vn -0.590012 -0.347154 -0.728951
vn -0.802900 -0.228161 -0.550722
vn -0.758671 -0.207326 -0.617604
vn -0.753965 -0.178507 -0.632196
vn -0.775916 -0.231859 -0.586683
vn -0.523643 -0.409696 -0.746959
vn -0.787547 -0.274308 -0.551838
vn -0.285260 -0.485445 -0.826420
vn -0.028026 -0.503122 -0.863761
vn 0.336540 -0.421574 -0.842031
vn 0.603277 -0.329432 -0.726314
vn 0.780229 -0.302080 -0.547713
vn 0.730413 -0.214989 -0.648288
vn 0.812380 -0.457586 -0.361461
vn 0.775835 -0.478632 -0.411086
vn 0.681936 -0.382277 -0.623560
vn 0.611913 -0.308169 -0.728419
vn 0.651261 -0.374978 -0.659735
vn 0.584664 -0.535178 -0.609715
vn 0.118759 0.128611 0.984559
vn -0.146806 0.196204 0.969511
vn -0.059087 0.269032 0.961317
vn 0.207653 0.171322 0.963083
vn -0.424197 0.237090 0.873982
vn -0.350693 0.326000 0.877917
vn -0.611406 0.241379 0.753604
vn -0.563392 0.346793 0.749883
vn -0.719938 0.251510 0.646863
vn -0.668207 0.361313 0.650348
vn 0.042946 0.273513 0.960909
vn 0.293937 0.175995 0.939482
vn -0.256294 0.339846 0.904886
vn -0.491449 0.381575 0.782865
vn -0.623748 0.417593 0.660723
vn 0.150368 0.296076 0.943254
vn 0.360849 0.212333 0.908131
vn -0.150704 0.374307 0.914977
vn -0.409037 0.422199 0.808972
vn -0.567315 0.432800 0.700598
vn 0.283604 0.277036 0.918052
vn 0.435342 0.172085 0.883665
vn -0.015420 0.362407 0.931892
vn -0.301611 0.388882 0.870518
vn -0.476791 0.375804 0.794633
vn -0.620448 0.307301 0.721534
vn -0.669589 0.403642 0.623478
vn -0.703116 0.416701 0.576184
vn -0.741477 0.363861 0.563753
vn 0.578621 -0.277720 -0.766856
vn 0.578353 -0.163943 -0.799144
vn 0.273689 -0.196187 -0.941597
vn 0.578320 -0.119301 -0.807040
vn 0.564452 -0.037100 -0.824632
vn 0.147948 -0.103357 -0.983580
vn 0.473759 0.179329 -0.862203
vn 0.059375 0.038218 -0.997504
vn 0.343487 0.330922 -0.878924
vn 0.204911 0.457178 -0.865448
vn -0.019947 0.386621 -0.922023
vn -0.001499 0.213895 -0.976856
vn 0.116786 0.523461 -0.844008
vn -0.021158 0.497632 -0.867130
vn -0.098212 -0.309457 -0.945828
vn -0.182961 -0.181900 -0.966146
vn -0.232964 -0.030352 -0.972012
vn -0.234452 0.250591 -0.939274
vn -0.191966 0.459876 -0.866985
vn -0.304154 -0.374291 -0.876012
vn -0.366534 -0.222500 -0.903408
vn -0.395952 0.017888 -0.918097
vn -0.347400 0.350657 -0.869685
vn -0.285167 0.538770 -0.792721
vn -0.516560 -0.370885 -0.771758
vn -0.563527 -0.214501 -0.797764
vn -0.572592 0.098389 -0.813915
vn -0.501743 0.411325 -0.760963
vn -0.763600 -0.288472 -0.577667
vn -0.754390 -0.186631 -0.629337
vn -0.740787 0.071835 -0.667888
vn -0.696746 0.335593 -0.633974
vn -0.262491 0.590779 -0.762941
vn -0.151585 0.544196 -0.825150
vn 0.083759 0.537981 -0.838785
vn -0.019272 0.534549 -0.844918
vn 0.352480 0.628004 -0.693808
vn 0.320909 0.606870 -0.727136
vn 0.772175 -0.054505 -0.633068
vn 0.733147 0.167246 -0.659185
vn 0.772463 -0.149050 -0.617321
vn 0.768874 -0.199696 -0.607416
vn 0.752512 -0.255783 -0.606879
vn 0.066471 0.511856 -0.856496
vn -0.012979 0.515921 -0.856538
vn 0.054425 0.449650 -0.891545
vn 0.002829 0.457173 -0.889373
vn 0.066673 0.392389 -0.917380
vn 0.009014 0.377902 -0.925802
vn 0.046630 0.315733 -0.947702
vn 0.002271 0.302163 -0.953254
vn -0.098708 0.536448 -0.838141
vn -0.121246 0.564006 -0.816821
vn -0.086054 0.470258 -0.878324
vn -0.077369 0.376115 -0.923337
vn -0.061462 0.301486 -0.951487
vn -0.211061 0.562224 -0.799598
vn -0.238961 0.599569 -0.763816
vn -0.206761 0.464726 -0.860976
vn -0.217447 0.364803 -0.905337
vn -0.195934 0.306717 -0.931415
vn -0.329042 0.572070 -0.751310
vn -0.400594 0.646183 -0.649594
vn -0.333870 0.437127 -0.835135
vn -0.337959 0.342478 -0.876637
vn -0.309225 0.314454 -0.897496
vn -0.431871 0.699135 -0.569822
vn -0.581051 0.694741 -0.423927
vn -0.404266 0.570632 -0.714807
vn -0.387991 0.430805 -0.814782
vn -0.353821 0.353755 -0.865834
vn -0.308005 0.347002 -0.885846
vn -0.222183 0.318244 -0.921605
vn -0.139682 0.265811 -0.953852
vn -0.041906 0.254446 -0.966179
vn -0.000601 0.253100 -0.967440
vn 0.028491 0.260964 -0.964928
vn 0.123242 0.458596 -0.880057
vn 0.192661 0.524102 -0.829578
vn 0.011414 0.222574 -0.974849
vn -0.002518 0.209635 -0.977776
vn -0.004192 0.209207 -0.977862
vn -0.009792 0.199244 -0.979901
vn -0.027852 0.204820 -0.978403
vn -0.022297 0.194145 -0.980719
vn -0.079636 0.220941 -0.972031
vn -0.035802 0.207708 -0.977536
vn -0.095532 0.282967 -0.954360
vn -0.006775 0.263401 -0.964663
vn -0.016418 0.188968 -0.981846
vn -0.022699 0.171586 -0.984908
vn -0.020460 0.170955 -0.985066
vn -0.015935 0.180706 -0.983408
vn -0.012070 0.155456 -0.987769
vn -0.017638 0.159623 -0.987020
vn 0.002164 0.124916 -0.992165
vn -0.010902 0.121154 -0.992574
vn -0.007655 0.118852 -0.992883
vn -0.003574 0.121360 -0.992602
vn -0.030507 0.131154 -0.990893
vn 0.002789 0.128248 -0.991738
vn -0.066493 0.130676 -0.989193
vn -0.008105 0.116544 -0.993152
vn -0.193768 0.149302 -0.969620
vn -0.244316 0.136198 -0.960083
vn -0.100781 0.118072 -0.987878
vn -0.004484 0.174285 -0.984685
vn -0.013370 0.184208 -0.982796
vn -0.004827 0.161569 -0.986850
vn 0.005045 0.133506 -0.991035
vn 0.024369 0.138248 -0.990098
vn 0.034019 0.133391 -0.990480
vn 0.035331 0.114750 -0.992766
vn -0.031710 0.102981 -0.994178
vn 0.034896 0.104284 -0.993935
vn 0.037529 0.192977 -0.980485
vn 0.002980 0.212037 -0.977257
vn 0.053823 0.174309 -0.983219
vn 0.067446 0.160865 -0.984669
vn 0.077531 0.155134 -0.984846
vn 0.085054 0.145963 -0.985627
vn 0.101305 0.130740 -0.986227
vn 0.120191 0.120646 -0.985393
vn 0.098978 0.226647 -0.968935
vn 0.057626 0.261696 -0.963429
vn 0.124831 0.198384 -0.972143
vn 0.139902 0.184207 -0.972880
vn 0.192323 0.182144 -0.964280
vn 0.157318 0.178593 -0.971265
vn 0.256154 0.146456 -0.955477
vn 0.233196 0.164887 -0.958349
vn 0.454534 0.166341 -0.875060
vn 0.437821 0.180321 -0.880793
vn 0.272322 0.135821 -0.952572
vn 0.140553 0.109841 -0.983961
vn 0.031941 0.098874 -0.994587
vn -0.100805 0.103915 -0.989465
vn -0.420318 0.147212 -0.895355
vn -0.448951 0.118201 -0.885704
vn -0.274643 0.114867 -0.954660
vn -0.372056 0.166296 -0.913192
vn -0.126638 0.146136 -0.981126
vn -0.299044 0.166687 -0.939568
vn -0.062155 0.131107 -0.989418
vn -0.213891 0.154201 -0.964610
vn -0.020916 0.131085 -0.991150
vn -0.126414 -0.368226 -0.921102
vn -0.167379 -0.436139 -0.884176
vn -0.096958 -0.510791 -0.854220
vn -0.113066 -0.437716 -0.891976
vn -0.122790 -0.489064 -0.863562
vn 0.013758 -0.547368 -0.836779
vn 0.003665 -0.500845 -0.865529
vn 0.165246 -0.557417 -0.813622
vn 0.054324 -0.635948 -0.769817
vn 0.002837 -0.553424 -0.832895
vn 0.198752 -0.618033 -0.760614
vn 0.237679 -0.739335 -0.629994
vn 0.201218 -0.658148 -0.725501
vn 0.366408 -0.692247 -0.621723
vn 0.372235 -0.574879 -0.728667
vn 0.611322 -0.610557 -0.503493
vn 0.451515 -0.772143 -0.447135
vn 0.447047 -0.680135 -0.581004
vn 0.551116 -0.735125 -0.394793
vn 0.660755 -0.716697 -0.223043
vn 0.724373 -0.605869 -0.328947
vn 0.685556 -0.709169 -0.164597
vn 0.765342 -0.614802 -0.190444
vn 0.807151 -0.583305 0.090896
vn 0.899136 -0.437467 -0.013283
vn 0.762918 -0.640372 0.088769
vn 0.799921 -0.600058 0.007532
vn -0.075826 -0.278705 -0.957379
vn -0.072996 -0.323276 -0.943485
vn -0.080869 -0.344103 -0.935443
vn 0.016146 -0.418590 -0.908032
vn 0.219838 -0.501255 -0.836908
vn 0.498196 -0.538509 -0.679565
vn 0.774135 -0.489805 -0.401007
vn 0.896305 -0.394563 -0.202380
vn 0.937707 -0.307824 -0.161087
vn 0.955783 -0.292440 -0.030938
vn 0.982103 -0.177003 -0.064372
vn 0.800578 -0.565780 -0.197405
vn 0.827273 -0.559383 -0.052063
vn 0.696433 -0.550633 -0.460200
vn 0.495324 -0.540464 -0.680112
vn 0.105743 -0.448699 -0.887405
vn 0.273469 -0.521435 -0.808282
vn -0.098974 -0.435317 -0.894820
vn -0.000628 -0.373815 -0.927503
vn -0.195826 -0.428434 -0.882098
vn -0.199091 -0.380899 -0.902928
vn -0.156955 -0.313445 -0.936545
vn 0.172545 -0.321298 -0.931126
vn 0.264659 -0.177163 -0.947929
vn 0.484700 -0.184911 -0.854912
vn 0.378186 -0.378626 -0.844759
vn 0.373065 -0.045023 -0.926712
vn 0.557477 -0.032129 -0.829570
vn 0.433659 0.160864 -0.886602
vn 0.567647 0.150000 -0.809492
vn 0.418285 0.318877 -0.850503
vn 0.522867 0.327882 -0.786831
vn 0.675335 -0.211465 -0.706545
vn 0.600629 -0.410083 -0.686350
vn 0.701959 -0.046428 -0.710703
vn 0.695640 0.121029 -0.708122
vn 0.654218 0.335773 -0.677684
vn 0.820703 -0.263454 -0.506989
vn 0.761535 -0.443419 -0.472700
vn 0.835500 -0.100968 -0.540135
vn 0.822711 0.078453 -0.563020
vn 0.781603 0.308265 -0.542282
vn 0.911226 -0.333690 -0.241491
vn 0.852578 -0.482657 -0.200384
vn 0.941231 -0.176401 -0.288039
vn 0.943643 0.005128 -0.330926
vn 0.901864 0.208713 -0.378259
vn 0.863803 -0.503777 0.007308
vn 0.914626 -0.403674 0.022516
vn 0.971210 -0.237265 0.021365
vn 0.998163 0.000029 0.060582
vn 0.976539 0.211150 -0.042276
vn 0.826721 0.476654 -0.298889
vn 0.919717 0.388635 -0.055539
vn 0.706811 0.520409 -0.479159
vn 0.579311 0.537259 -0.612985
vn 0.473606 0.478032 -0.739718
vn 0.370430 0.380583 -0.847312
vn 0.252935 0.322426 -0.912176
vn 0.257068 0.335750 -0.906194
vn 0.213313 0.163275 -0.963244
vn 0.136783 -0.050066 -0.989335
vn 0.072701 -0.159835 -0.984463
vn 0.037868 -0.259089 -0.965111
vn 0.211436 0.507794 -0.835129
vn 0.046584 0.595213 -0.802216
vn 0.189131 0.681551 -0.706908
vn 0.375568 0.618384 -0.690326
vn 0.093118 0.523039 -0.847207
vn 0.087109 0.560551 -0.823526
vn 0.200169 0.418489 -0.885889
vn 0.188452 0.460067 -0.867655
vn 0.410230 0.717721 -0.562662
vn 0.494742 0.660893 -0.564314
vn 0.186675 0.640559 -0.744874
vn 0.253175 0.555703 -0.791894
vn 0.353473 0.707329 -0.612162
vn 0.369574 0.602211 -0.707641
vn 0.560911 0.713510 -0.419860
vn 0.621278 0.662741 -0.418077
vn 0.535520 0.671615 -0.512008
vn 0.528724 0.510527 -0.678095
vn 0.706463 0.673882 -0.216316
vn 0.707925 0.661435 -0.247681
vn 0.770968 0.540837 -0.336309
vn 0.818364 0.337279 -0.465321
vn 0.821762 0.569063 0.029570
vn 0.780379 0.624395 -0.033752
vn 0.943554 0.325773 -0.059818
vn 0.991191 0.073464 -0.110194
vn 0.835627 0.506828 0.211786
vn 0.860073 0.420300 0.289175
vn 0.964154 0.142948 0.223549
vn 0.980741 -0.099980 0.167785
vn 0.982840 -0.087190 -0.162555
vn 0.965350 -0.241741 0.098286
vn 0.827305 0.123626 -0.547980
vn 0.573061 0.288797 -0.766940
vn 0.447876 0.385885 -0.806536
vn 0.394895 0.449854 -0.801055
vn 0.315750 0.468197 -0.825284
vn 0.263104 0.417163 -0.869915
vn 0.269671 0.359316 -0.893403
vn 0.167440 0.336823 -0.926560
vn 0.224695 0.234306 -0.945840
vn 0.078843 0.432363 -0.898246
vn -0.022525 0.473097 -0.880722
vn 0.075544 0.402527 -0.912285
vn 0.381895 0.339506 -0.859588
vn 0.343516 0.401953 -0.848782
vn 0.394002 0.374995 -0.839131
vn 0.340453 0.341252 -0.876150
vn 0.299784 0.230257 -0.925803
vn 0.214266 0.100602 -0.971581
vn 0.260343 0.015882 -0.965386
vn 0.320186 0.138932 -0.937112
vn 0.116895 -0.006123 -0.993125
vn 0.207245 -0.076940 -0.975259
vn 0.367632 0.319174 -0.873484
vn 0.429365 0.209882 -0.878405
vn 0.392433 0.053421 -0.918228
vn 0.359998 -0.044677 -0.931883
vn 0.328112 -0.121857 -0.936746
vn 0.560508 0.110968 -0.820680
vn 0.549757 -0.013138 -0.835221
vn 0.542401 -0.100874 -0.834042
vn 0.508952 -0.182531 -0.841219
vn 0.799553 -0.015054 -0.600407
vn 0.764394 -0.095673 -0.637612
vn 0.730051 -0.166269 -0.662858
vn 0.682862 -0.249363 -0.686671
vn 0.956958 -0.150865 -0.247936
vn 0.916222 -0.211441 -0.340337
vn 0.867899 -0.266450 -0.419232
vn 0.813335 -0.327106 -0.481132
vn 0.965870 -0.258886 -0.008573
vn 0.946361 -0.307944 -0.097836
vn 0.915511 -0.364161 -0.170960
vn 0.888294 -0.402776 -0.220694
vn -0.076770 0.035228 -0.996426
vn 0.039592 -0.083907 -0.995687
vn 0.082684 0.101196 -0.991425
vn 0.227869 0.200996 -0.952721
vn 0.341242 0.308120 -0.888041
vn -0.084670 -0.317049 -0.944622
vn -0.185468 -0.308639 -0.932922
vn 0.038409 -0.403618 -0.914121
vn -0.039448 -0.200351 -0.978930
vn 0.148946 -0.258053 -0.954580
vn 0.171012 -0.150397 -0.973723
vn 0.134912 -0.392999 -0.909588
vn 0.071946 -0.443081 -0.893590
vn 0.119050 -0.509300 -0.852315
vn 0.304170 -0.284787 -0.909053
vn 0.311101 -0.190534 -0.931082
vn 0.269579 -0.425796 -0.863727
vn 0.188498 -0.584415 -0.789258
vn 0.412165 -0.320016 -0.853059
vn 0.466211 -0.244429 -0.850237
vn 0.331535 -0.444726 -0.832048
vn 0.215512 -0.602096 -0.768788
vn 0.546981 -0.396545 -0.737268
vn 0.618440 -0.325333 -0.715325
vn 0.457841 -0.507754 -0.729773
vn 0.319427 -0.653599 -0.686130
vn 0.714587 -0.477822 -0.510931
vn 0.759032 -0.403357 -0.511051
vn 0.632455 -0.587321 -0.505030
vn 0.473098 -0.726930 -0.497747
vn 0.856422 -0.453049 -0.247566
vn 0.812657 -0.520038 -0.262962
vn 0.733395 -0.623052 -0.271915
vn 0.587612 -0.762363 -0.271137
vn 0.264779 -0.842223 -0.469631
vn 0.375221 -0.887167 -0.268598
vn 0.142794 -0.784688 -0.603220
vn 0.064821 -0.762899 -0.643260
vn 0.045137 -0.745900 -0.664527
vn 0.012113 -0.666826 -0.745115
vn -0.005267 -0.588537 -0.808453
vn -0.040822 -0.518453 -0.854131
vn -0.238458 -0.385766 -0.891247
vn -0.446991 -0.162393 -0.879675
vn -0.507776 -0.207884 -0.836031
vn -0.353437 -0.130608 -0.926296
vn -0.242703 -0.055348 -0.968521
vn -0.321210 -0.469127 -0.822645
vn -0.159862 -0.654870 -0.738640
vn -0.384600 -0.445265 -0.808592
vn -0.249925 -0.674826 -0.694368
vn -0.452280 -0.446659 -0.771971
vn -0.330248 -0.650806 -0.683658
vn -0.117858 -0.751745 -0.648836
vn -0.212181 -0.804248 -0.555126
vn -0.264353 -0.764747 -0.587605
vn -0.121154 -0.810971 -0.572405
vn -0.206900 -0.865439 -0.456298
vn -0.228232 -0.822549 -0.520888
vn -0.093477 -0.853141 -0.513238
vn -0.189075 -0.897315 -0.398843
vn -0.196144 -0.880050 -0.432481
vn -0.067309 -0.859463 -0.506747
vn -0.186379 -0.900107 -0.393789
vn -0.193544 -0.903200 -0.383106
vn -0.012966 -0.864763 -0.502014
vn -0.158969 -0.902409 -0.400483
vn -0.178270 -0.911497 -0.370665
vn 0.086167 -0.900822 -0.425553
vn -0.077611 -0.926686 -0.367736
vn -0.110168 -0.935754 -0.335003
vn 0.183072 -0.947843 -0.260919
vn 0.031180 -0.970523 -0.238983
vn -0.028528 -0.974939 -0.220638
vn 0.129329 -0.920389 -0.368996
vn 0.167620 -0.959531 -0.226283
vn 0.058021 -0.884788 -0.462367
vn 0.022065 -0.846759 -0.531520
vn -0.044849 -0.778459 -0.626092
vn -0.173444 -0.677178 -0.715086
vn -0.266912 -0.623364 -0.734966
vn -0.356091 -0.546962 -0.757648
vn -0.463739 -0.395295 -0.792898
vn -0.611192 -0.237423 -0.755033
vn -0.613304 -0.210334 -0.761326
vn -0.560585 -0.200778 -0.803388
vn -0.540980 -0.228215 -0.809480
vn 0.165557 0.019069 0.986016
vn 0.213668 0.032442 0.976368
vn 0.140662 -0.019296 0.989870
vn 0.085029 -0.022361 0.996128
vn 0.252914 0.015035 0.967372
vn 0.205512 -0.012584 0.978574
vn 0.233784 -0.038527 0.971525
vn 0.240234 -0.020269 0.970503
vn 0.149766 -0.085961 0.984978
vn 0.197679 -0.076511 0.977276
vn 0.258393 -0.126329 0.957744
vn 0.078681 -0.079614 0.993716
vn 0.049591 -0.056083 0.997194
vn 0.164223 -0.066347 0.984190
vn 0.255202 -0.062480 0.964867
vn 0.257694 -0.166443 0.951783
vn 0.250507 -0.115270 0.961228
vn 0.258144 -0.178122 0.949544
vn 0.091936 -0.134306 0.986666
vn 0.079629 -0.068084 0.994497
vn 0.123490 -0.149644 0.980998
vn 0.155971 -0.135465 0.978429
vn 0.204196 -0.149919 0.967382
vn 0.228333 -0.149357 0.962058
vn 0.036512 -0.141927 0.989204
vn 0.027561 -0.058961 0.997880
vn 0.061208 -0.163701 0.984609
vn 0.095825 -0.161121 0.982272
vn 0.181022 -0.205385 0.961794
vn 0.266689 -0.153611 0.951462
vn 0.285317 -0.081830 0.954934
vn 0.262296 -0.164847 0.950803
vn 0.306518 0.016735 0.951718
vn 0.315959 0.047419 0.947587
vn 0.302915 0.044015 0.952001
vn 0.101439 -0.167286 0.980676
vn 0.122578 -0.264252 0.956632
vn 0.084395 -0.298481 0.950677
vn 0.100885 -0.203566 0.973850
vn 0.129217 -0.359165 0.924286
vn 0.090713 -0.370736 0.924298
vn 0.101787 -0.465594 0.879125
vn 0.063141 -0.465967 0.882547
vn 0.144332 -0.365135 0.919698
vn 0.195243 -0.284719 0.938518
vn 0.117279 -0.412608 0.903327
vn 0.088414 -0.467586 0.879515
vn 0.148442 -0.353681 0.923512
vn 0.204896 -0.295383 0.933149
vn 0.108169 -0.399435 0.910358
vn 0.079586 -0.435679 0.896577
vn 0.110066 -0.291591 0.950189
vn 0.184017 -0.250842 0.950377
vn 0.024289 -0.361778 0.931948
vn 0.061623 -0.332067 0.941241
vn 0.128999 -0.200042 0.971258
vn 0.183365 0.025776 0.982707
vn 0.178858 0.016251 0.983741
vn 0.084047 -0.163430 0.982968
vn 0.139602 0.011771 0.990138
vn 0.181764 0.009722 0.983294
vn 0.095352 -0.218779 0.971104
vn 0.169045 -0.188566 0.967402
vn -0.043218 -0.241268 0.969496
vn 0.025810 -0.230757 0.972669
vn 0.056750 0.029213 0.997961
vn -0.038175 -0.083094 0.995810
vn 0.098301 0.022830 0.994895
vn 0.117895 -0.118659 0.985911
vn 0.200356 -0.138420 0.969896
vn -0.093170 -0.067931 0.993330
vn 0.013824 -0.090315 0.995817
vn -0.148074 0.082497 0.985529
vn -0.190791 0.037805 0.980902
vn -0.100903 0.087402 0.991050
vn 0.120795 0.070249 0.990189
vn 0.243908 -0.048539 0.968583
vn -0.172895 -0.026359 0.984588
vn -0.238607 0.165673 0.956880
vn -0.135216 0.134465 0.981650
vn -0.328699 0.186579 0.925821
vn -0.385747 0.198174 0.901070
vn -0.390908 0.232481 0.890586
vn -0.089379 0.299986 0.949747
vn 0.046796 0.313847 0.948320
vn -0.023513 0.105037 0.994190
vn -0.281099 0.340738 0.897152
vn -0.184353 0.317712 0.930093
vn -0.408757 0.341439 0.846367
vn -0.519737 0.340163 0.783685
vn -0.566521 0.366807 0.737907
vn -0.345175 0.283480 0.894703
vn -0.547496 0.390413 0.740153
vn -0.037218 0.120874 0.991970
vn 0.096151 0.019787 0.995170
vn 0.079500 -0.074520 0.994046
vn 0.010566 -0.150757 0.988514
vn 0.099585 -0.461721 0.881417
vn 0.226645 -0.500774 0.835379
vn 0.181632 -0.576445 0.796694
vn 0.257156 -0.406992 0.876486
vn 0.269663 -0.298025 0.915676
vn 0.258540 -0.226338 0.939110
vn 0.042346 -0.250392 0.967218
vn 0.102451 -0.265062 0.958773
vn 0.066075 -0.382927 0.921413
vn -0.035958 -0.449323 0.892645
vn -0.136334 -0.551461 0.822984
vn -0.260224 -0.612953 0.746037
vn -0.291462 -0.535073 0.792936
vn -0.208002 -0.518334 0.829497
vn -0.362728 -0.635907 0.681212
vn -0.406919 -0.546789 0.731736
vn -0.044183 -0.240079 0.969747
vn 0.066575 -0.077348 0.994779
vn -0.100825 -0.425707 0.899226
vn -0.356809 -0.424481 0.832168
vn -0.283766 -0.407892 0.867814
vn -0.424675 -0.439746 0.791375
vn -0.159070 -0.326143 0.931841
vn -0.299484 -0.303686 0.904480
vn -0.148088 -0.255097 0.955508
vn -0.404303 -0.314379 0.858897
vn -0.466777 -0.336080 0.818028
vn -0.301080 -0.190600 0.934357
vn -0.102319 -0.120757 0.987395
vn -0.411914 -0.257981 0.873941
vn -0.473642 -0.313286 0.823114
vn -0.250547 -0.098618 0.963068
vn -0.011427 0.010474 0.999880
vn -0.429005 -0.193071 0.882428
vn -0.508570 -0.230000 0.829733
vn -0.203412 0.017433 0.978938
vn -0.033619 0.122504 0.991899
vn -0.414025 -0.080624 0.906688
vn -0.538064 -0.120306 0.834274
vn -0.384908 0.230397 0.893736
vn -0.303874 0.287474 0.908306
vn -0.488081 0.133162 0.862580
vn -0.600715 0.030802 0.798870
vn -0.504471 0.371532 0.779406
vn -0.530574 0.272219 0.802738
vn -0.728353 0.190334 0.658237
vn -0.674704 0.275877 0.684592
vn -0.603288 0.086061 0.792867
vn -0.716967 0.226594 0.659253
vn -0.518912 -0.033973 0.854153
vn -0.474672 -0.137637 0.869335
vn -0.438422 -0.242828 0.865344
vn -0.412103 -0.283173 0.866017
vn -0.395418 -0.364722 0.842984
vn -0.385011 -0.501454 0.774797
vn -0.279201 -0.619856 0.733366
vn -0.173959 -0.827271 0.534192
vn -0.093132 -0.795241 0.599098
vn -0.083954 -0.755026 0.650298
vn 0.009205 -0.609427 0.792788
vn 0.114325 -0.609362 0.784607
vn -0.901610 0.217935 0.373636
vn -0.890366 0.300621 0.341872
vn -0.983252 0.115010 0.141381
vn -0.971695 0.218657 0.089428
vn -0.999767 0.010237 0.019004
vn -0.993046 0.113654 -0.030694
vn -0.897552 0.319156 0.304205
vn -0.692944 0.291067 0.659627
vn -0.952823 0.297260 0.061353
vn -0.960424 0.269556 -0.070180
vn -0.834574 0.433239 0.340279
vn -0.718532 0.344156 0.604375
vn -0.878542 0.470081 0.084775
vn -0.893355 0.444830 -0.063590
vn -0.694367 0.444138 0.566212
vn -0.871465 0.435951 -0.224714
vn -0.952144 0.231106 -0.200027
vn -0.989249 0.023911 -0.144274
vn -0.991725 -0.024096 -0.126099
vn -0.985281 0.169048 0.025393
vn -0.974452 0.144075 -0.172294
vn -0.950027 0.240676 0.198804
vn -0.856653 0.291138 0.425892
vn -0.972650 -0.002291 -0.232265
vn -0.977217 0.032266 -0.209776
vn -0.934276 0.024081 -0.355736
vn -0.930370 0.090876 -0.355182
vn -0.813421 -0.053911 -0.579172
vn -0.782345 0.007442 -0.622802
vn -0.945524 0.215085 -0.244382
vn -0.915469 0.169698 -0.364854
vn -0.779335 0.006813 -0.626571
vn -0.865206 0.395909 -0.307693
vn -0.858948 0.269413 -0.435460
vn -0.745667 0.032751 -0.665513
vn -0.801127 -0.036436 -0.597384
vn -0.913933 0.073404 -0.399173
vn -0.948665 0.124001 -0.290960
vn -0.525508 0.117460 -0.842642
vn -0.649811 0.082526 -0.755602
vn -0.423309 0.129576 -0.896671
vn -0.192739 0.099553 -0.976187
vn -0.291130 0.207348 -0.933944
vn -0.666250 0.400672 -0.628946
vn -0.770133 0.350906 -0.532692
vn -0.567710 0.399808 -0.719624
vn -0.434542 0.415762 -0.798946
vn -0.684721 0.584027 -0.435970
vn -0.780756 0.504905 -0.368093
vn -0.596704 0.613204 -0.517615
vn -0.496728 0.615382 -0.612019
vn -0.659423 0.665172 -0.350297
vn -0.643852 0.723753 -0.248266
vn -0.758461 0.600318 -0.253684
vn -0.558202 0.716704 -0.418027
vn -0.530246 0.795069 -0.294457
vn -0.452378 0.726215 -0.517654
vn -0.366049 0.830603 -0.419652
vn 0.257879 -0.677158 0.689170
vn 0.229234 -0.764222 0.602841
vn 0.357062 -0.679321 0.641116
vn 0.292601 -0.774678 0.560588
vn 0.402568 -0.694038 0.596867
vn 0.297060 -0.788649 0.538320
vn 0.149412 -0.856433 0.494165
vn 0.222731 -0.849831 0.477681
vn 0.207230 -0.833392 0.512361
vn 0.002984 -0.946317 0.323228
vn 0.064876 -0.947318 0.313655
vn 0.038335 -0.902428 0.429133
vn 0.045158 -0.935492 0.350452
vn 0.071032 -0.951958 0.297878
vn 0.025682 -0.902061 0.430845
vn 0.015561 -0.949137 0.314479
vn 0.031850 -0.942246 0.333404
vn 0.189575 -0.909267 0.370534
vn 0.310923 -0.861443 0.401550
vn 0.453077 -0.759477 0.466815
vn 0.487880 -0.839370 0.239646
vn 0.315148 -0.930414 0.187116
vn 0.455869 -0.889676 -0.025703
vn 0.268892 -0.962404 -0.038422
vn 0.175337 -0.974156 0.142400
vn 0.128327 -0.990893 -0.040778
vn 0.027332 -0.995727 0.088211
vn 0.022805 -0.998428 -0.051202
vn 0.098139 -0.990204 0.099318
vn 0.155718 -0.986923 -0.041662
vn -0.602132 0.797118 0.045172
vn -0.753840 0.653858 0.064761
vn -0.770276 0.634511 -0.063805
vn -0.630204 0.771851 -0.084193
vn -0.450234 0.892687 0.019967
vn -0.402481 0.895281 0.190998
vn -0.560629 0.806813 0.186411
vn -0.734141 0.662406 0.149179
vn -0.335543 0.843599 0.419227
vn -0.496544 0.762348 0.415053
vn -0.211412 0.958477 0.191379
vn -0.187626 0.885889 0.424261
vn -0.680448 0.629729 0.374743
vn -0.253504 0.740259 0.622698
vn -0.389194 0.704391 0.593600
vn -0.159331 0.799368 0.579331
vn -0.490365 0.662041 0.566785
vn -0.209034 0.610170 0.764197
vn -0.339311 0.588751 0.733649
vn -0.129815 0.723728 0.677766
vn -0.082956 0.629707 0.772391
vn -0.585559 0.605580 0.538882
vn -0.452822 0.565659 0.689190
vn -0.557251 0.528844 0.640153
vn -0.022829 0.490975 0.870874
vn -0.170090 0.457937 0.872561
vn -0.434342 0.466478 0.770549
vn -0.540605 0.448218 0.711932
vn -0.308598 0.476667 0.823138
vn -0.666587 0.534724 0.519358
vn -0.631771 0.482531 0.606654
vn -0.325880 0.931570 -0.161184
vn -0.495191 0.861248 -0.114184
vn 0.033358 0.994004 -0.104129
vn 0.182498 0.971729 -0.149791
vn 0.228846 0.973282 0.018740
vn 0.071643 0.994349 0.078344
vn 0.367636 0.910873 -0.187494
vn 0.388171 0.919904 -0.055680
vn 0.425826 0.892472 -0.148879
vn 0.383307 0.922090 -0.053157
vn 0.341738 0.938947 0.039928
vn 0.279677 0.951927 0.124964
vn 0.191847 0.963099 0.188771
vn 0.295740 0.952289 0.075395
vn 0.270286 0.926827 0.260647
vn 0.269978 0.829163 0.489489
vn 0.101716 0.868729 0.484731
vn 0.096319 0.949439 0.298813
vn 0.484235 0.762063 0.429857
vn 0.448541 0.881484 0.147640
vn 0.425489 0.903267 0.055386
vn 0.529319 0.768252 0.360015
vn 0.350225 0.868871 0.349866
vn 0.168718 0.913266 0.370782
vn -0.029858 0.883665 0.467167
vn 0.065491 0.939655 0.335796
vn -0.271411 0.776190 0.569091
vn -0.305532 0.690043 0.656118
vn 0.403641 0.684698 0.606847
vn 0.231546 0.768086 0.597017
vn 0.534954 0.605838 0.588885
vn 0.464765 0.654722 0.596098
vn 0.236213 0.736954 0.633326
vn -0.323271 0.504558 0.800573
vn -0.045992 0.716218 0.696360
vn 0.090823 0.801893 0.590525
vn 0.204759 0.756692 0.620879
vn 0.092313 0.754234 0.650084
vn 0.297855 0.732733 0.611870
vn 0.492268 0.681349 0.541697
vn 0.575634 0.651687 0.493913
vn 0.356029 0.676401 0.644768
vn -0.004972 0.580364 0.814342
vn 0.227607 0.705091 0.671597
vn 0.127594 0.679533 0.722465
vn 0.292279 0.734284 0.612699
vn 0.472787 0.752979 0.457707
vn 0.584250 0.724608 0.365506
vn 0.380534 0.716802 0.584284
vn 0.015137 0.595274 0.803380
vn 0.276936 0.583110 0.763734
vn 0.185587 0.554307 0.811358
vn 0.369232 0.627013 0.685946
vn 0.499172 0.666201 0.554079
vn 0.499050 0.651182 0.571762
vn 0.279323 0.588749 0.758521
vn 0.025642 0.521079 0.853123
vn 0.321414 0.427304 0.845047
vn 0.249279 0.387224 0.887647
vn 0.416511 0.462991 0.782405
vn 0.488139 0.476000 0.731536
vn 0.395885 0.457362 0.796301
vn 0.226162 0.432224 0.872945
vn 0.081355 0.427382 0.900403
vn -0.050400 0.957923 0.282564
vn -0.069130 0.991675 0.108634
vn -0.043876 0.810626 0.583918
vn -0.044383 0.889927 0.453939
vn -0.023918 0.739574 0.672651
vn 0.020970 0.651445 0.758406
vn 0.088189 0.521917 0.848425
vn 0.165400 0.346062 0.923517
vn 0.350869 0.226418 0.908640
vn 0.300192 0.187874 0.935194
vn 0.394484 0.244406 0.885804
vn 0.403146 0.231428 0.885390
vn 0.309075 0.214425 0.926550
vn 0.185567 0.221707 0.957294
vn 0.076964 0.241692 0.967296
vn -0.219047 0.311181 0.924762
vn -0.136656 0.222841 0.965229
vn -0.285711 0.392103 0.874428
vn -0.319280 0.395605 0.861137
vn -0.315448 0.359565 0.878183
vn 0.418064 0.907684 -0.036502
vn 0.496789 0.859969 0.116854
vn 0.489547 0.822192 -0.290422
vn 0.553463 0.804526 -0.215445
vn -0.191044 0.886240 -0.421996
vn -0.153888 0.966785 -0.204071
vn -0.157259 -0.090317 0.983419
vn -0.196910 -0.162883 0.966797
vn -0.136062 -0.233079 0.962892
vn -0.080089 -0.108440 0.990872
vn -0.141157 -0.196643 0.970261
vn -0.078157 -0.280367 0.956706
vn -0.090462 -0.207657 0.974010
vn -0.027059 -0.251150 0.967570
vn -0.055691 -0.214379 0.975162
vn -0.034733 -0.236021 0.971127
vn 0.029346 -0.148091 0.988538
vn 0.019860 -0.172043 0.984889
vn 0.080965 -0.115520 0.990000
vn 0.089684 -0.132122 0.987168
vn 0.076202 -0.165835 0.983205
vn 0.084811 -0.165042 0.982633
vn -0.068938 -0.288961 0.954856
vn 0.032140 -0.146239 0.988727
vn -0.068567 -0.308021 0.948906
vn -0.035804 -0.241424 0.969759
vn -0.043603 -0.221352 0.974219
vn -0.032883 -0.157313 0.987001
vn -0.006925 -0.088901 0.996016
vn -0.008510 -0.112143 0.993656
vn 0.083846 -0.321290 0.943262
vn 0.158122 -0.174716 0.971839
vn -0.028943 -0.309607 0.950424
vn -0.057152 -0.209319 0.976176
vn -0.076712 -0.184001 0.979928
vn -0.076168 -0.127014 0.988972
vn -0.060982 -0.065264 0.996003
vn -0.064756 -0.082841 0.994457
vn 0.262512 -0.199541 0.944071
vn 0.171170 -0.317150 0.932801
vn 0.294310 -0.195347 0.935533
vn 0.062704 -0.295382 0.953319
vn 0.022537 -0.196862 0.980172
vn -0.042289 -0.155001 0.987009
vn -0.066661 -0.122685 0.990205
vn -0.048658 -0.093703 0.994410
vn -0.042753 -0.067263 0.996819
vn 0.189769 -0.267102 0.944799
vn 0.291052 -0.170155 0.941454
vn 0.103758 -0.254464 0.961500
vn -0.035542 0.013518 0.999277
vn 0.064754 0.022636 0.997645
vn 0.182997 0.017222 0.982963
vn 0.282178 0.016297 0.959224
vn 0.338891 0.013527 0.940728
vn 0.349937 0.000890 0.936773
vn 0.320751 -0.015047 0.947044
vn -0.078261 -0.079258 0.993777
vn -0.085068 -0.117495 0.989423
vn -0.031150 -0.187649 0.981742
vn 0.017180 -0.255398 0.966684
vn -0.158914 0.025273 0.986969
vn -0.140676 -0.040940 0.989209
vn -0.144761 -0.047295 0.988336
vn -0.161716 -0.130455 0.978177
vn -0.198546 -0.113171 0.973536
vn -0.247585 -0.070552 0.966294
vn -0.301099 -0.050596 0.952250
vn -0.293124 0.001581 0.956073
vn -0.251834 0.074423 0.964905
vn -0.346021 -0.556363 0.755467
vn -0.486041 -0.573526 0.659418
vn -0.395305 -0.586575 0.706869
vn -0.253871 -0.493280 0.832000
vn -0.576978 -0.553135 0.600947
vn -0.507721 -0.617507 0.600753
vn -0.666321 -0.580258 0.468313
vn -0.602265 -0.657299 0.453029
vn -0.727045 -0.615154 0.304945
vn -0.668513 -0.678997 0.303403
vn -0.750690 -0.612652 0.247229
vn -0.697114 -0.684983 0.211734
vn -0.775563 -0.615150 0.141748
vn -0.708487 -0.705670 0.008731
vn -0.791607 -0.608012 -0.060658
vn -0.358222 -0.486305 0.796984
vn -0.215988 -0.325572 0.920517
vn -0.540572 -0.624253 0.563996
vn -0.675349 -0.672509 0.302713
vn -0.731669 -0.678203 0.068574
vn -0.389985 -0.355107 0.849595
vn -0.205761 -0.171759 0.963411
vn -0.599778 -0.528987 0.600366
vn -0.713249 -0.593652 0.372631
vn -0.773912 -0.611115 0.166127
vn -0.152181 -0.438576 0.885716
vn -0.116719 -0.339565 0.933313
vn -0.130275 -0.195877 0.971937
vn -0.113815 -0.095830 0.988869
vn -0.441536 -0.288027 0.849757
vn -0.197361 -0.109640 0.974180
vn -0.666139 -0.445279 0.598318
vn -0.797724 -0.539302 0.269795
vn -0.796073 -0.597843 -0.094088
vn -0.828530 -0.549765 -0.106284
vn -0.746773 -0.652673 -0.127858
vn -0.703419 -0.687823 -0.179166
vn -0.796594 -0.566294 -0.211538
vn -0.918520 -0.395316 -0.006799
vn -0.920622 -0.340845 -0.190473
vn -0.875753 -0.416443 0.244194
vn -0.842910 -0.414933 0.342539
vn -0.813964 -0.417294 0.404139
vn -0.733492 -0.389092 0.557312
vn -0.653672 -0.386634 0.650559
vn -0.573943 -0.411132 0.708209
vn -0.467532 -0.428211 0.773336
vn -0.267793 -0.391379 0.880403
vn -0.762210 -0.481374 -0.432799
vn -0.746494 -0.473607 -0.467379
vn -0.711391 -0.536961 -0.453426
vn -0.721367 -0.555818 -0.413153
vn -0.724521 -0.544646 -0.422409
vn -0.711417 -0.645914 -0.276915
vn -0.716097 -0.599510 -0.357481
vn -0.745247 -0.586861 -0.316546
vn -0.747694 -0.622334 -0.231636
vn -0.778525 -0.556929 -0.289360
vn -0.791375 -0.574303 -0.209527
vn -0.807359 -0.518591 -0.281488
vn -0.234177 -0.322171 -0.917261
vn -0.291249 -0.236227 -0.927023
vn -0.167432 -0.224579 -0.959964
vn -0.137642 -0.311417 -0.940252
vn -0.523674 -0.189933 -0.830477
vn -0.476352 -0.204664 -0.855103
vn -0.430075 -0.310120 -0.847857
vn -0.487835 -0.311857 -0.815330
vn -0.628110 -0.201790 -0.751504
vn -0.600496 -0.364222 -0.711862
vn -0.850298 -0.312453 -0.423517
vn -0.811705 -0.311717 -0.493930
vn -0.790553 -0.524644 -0.315872
vn -0.899933 -0.319704 -0.296497
vn 0.374273 0.028645 -0.926876
vn 0.631180 0.208301 -0.747143
vn 0.682842 0.220429 -0.696519
vn 0.464046 0.016606 -0.885656
vn 0.780130 0.316879 -0.539430
vn 0.752366 0.337626 -0.565645
vn 0.787964 0.348713 -0.507456
vn 0.720922 0.371997 -0.584713
vn 0.769859 0.489864 -0.409085
vn 0.646862 0.500899 -0.575039
vn 0.665728 0.675015 -0.318057
vn 0.484670 0.599780 -0.636678
vn 0.659680 0.260709 -0.704878
vn 0.531435 0.027317 -0.846658
vn 0.674496 0.361380 -0.643785
vn 0.606369 0.372321 -0.702633
vn 0.449829 0.449956 -0.771488
vn 0.249371 0.439666 -0.862849
vn 0.550727 0.283797 -0.784958
vn 0.513009 0.069064 -0.855600
vn 0.526322 0.397133 -0.751845
vn 0.454052 0.353043 -0.818045
vn 0.294878 0.325795 -0.898278
vn 0.102789 0.255763 -0.961260
vn 0.392574 0.220442 -0.892912
vn 0.084556 -0.174969 -0.980936
vn 0.132891 -0.235887 -0.962651
vn 0.235753 -0.268525 -0.933978
vn 0.325947 -0.173519 -0.929328
vn 0.300159 0.057240 -0.952170
vn -0.023494 0.181291 -0.983149
vn 0.072245 0.342111 -0.936878
vn 0.240749 0.595897 -0.766124
vn 0.444392 0.814515 -0.372934
vn 0.714856 0.691923 -0.101112
vn 0.496952 0.864920 0.070365
vn 0.788844 0.505146 -0.350075
vn 0.797500 0.372094 -0.474910
vn 0.743422 0.311103 -0.592063
vn 0.547424 0.225426 -0.805922
vn 0.321459 0.083753 -0.943212
vn 0.061967 -0.095742 -0.993476
vn 0.180207 0.799897 -0.572443
vn -0.043477 0.652598 -0.756456
vn -0.133890 0.487239 -0.862944
vn 0.015631 0.548799 -0.835808
vn -0.158129 0.585848 -0.794844
vn -0.225106 0.548049 -0.805586
vn -0.206756 0.600895 -0.772125
vn -0.269507 0.671881 -0.689885
vn -0.323718 0.612690 -0.720984
vn -0.344672 0.713412 -0.610119
vn -0.396908 0.615672 -0.680744
vn -0.184785 0.376089 -0.907971
vn -0.068381 0.340143 -0.937884
vn -0.290169 0.484033 -0.825538
vn -0.368466 0.571147 -0.733502
vn -0.376756 0.602560 -0.703546
vn -0.200434 0.302642 -0.931791
vn -0.101188 0.219828 -0.970277
vn -0.333761 0.445950 -0.830501
vn -0.408486 0.590102 -0.696361
vn -0.366752 0.682063 -0.632679
vn -0.236086 0.751099 -0.616533
vn -0.251350 0.601681 -0.758158
vn -0.257632 0.498831 -0.827523
vn -0.328312 0.680554 -0.655025
vn -0.117912 0.524634 -0.843123
vn 0.259331 0.934388 -0.244267
vn 0.366387 0.495736 -0.787405
vn 0.207994 0.722622 -0.659209
vn -0.037968 0.632765 -0.773413
vn 0.042359 0.443748 -0.895150
vn 0.103983 0.835716 -0.539228
vn 0.511828 0.746942 -0.424393
vn 0.326932 0.813237 -0.481415
vn 0.543728 0.744563 -0.387280
vn 0.784883 0.610725 0.104755
vn 0.876677 0.479564 -0.038166
vn 0.927066 0.337445 0.163337
vn 0.839443 0.478423 0.257775
vn -0.066683 0.796791 -0.600564
vn -0.059327 0.909195 -0.412123
vn 0.536008 0.745033 -0.397015
vn 0.703841 0.658407 -0.266660
vn 0.599250 0.740865 0.303346
vn 0.605986 0.662759 0.439922
vn 0.352307 0.275451 -0.894431
vn 0.569820 0.084410 -0.817423
vn 0.508831 0.241848 -0.826196
vn 0.214069 0.329443 -0.919588
vn 0.920089 0.280004 0.273923
vn 0.895668 0.274987 0.349516
vn 0.892530 0.232558 0.386403
vn 0.896993 0.140129 0.419247
vn 0.856657 0.194662 0.477750
vn 0.900021 0.010060 0.435730
vn 0.847488 0.169027 0.503184
vn 0.851273 0.137990 0.506254
vn 0.882033 -0.077781 0.464723
vn 0.855360 0.103238 0.507643
vn 0.912237 -0.113206 0.393712
vn 0.907857 0.062158 0.414646
vn 0.942490 -0.108652 0.316083
vn 0.956500 0.013112 0.291437
vn 0.771273 0.466585 0.432939
vn 0.809329 0.452996 0.373874
vn 0.732472 0.453824 0.507473
vn 0.720912 0.407143 0.560822
vn 0.761729 0.378249 0.526019
vn 0.836794 0.348055 0.422650
vn 0.925209 0.268751 0.267882
vn 0.835256 0.442194 0.326821
vn 0.479450 0.807298 0.344090
vn 0.554303 0.709726 0.434784
vn 0.445134 0.834177 0.325583
vn 0.439573 0.783744 0.438772
vn 0.443907 0.716744 0.537797
vn 0.510440 0.718906 0.471831
vn 0.620381 0.718595 0.314242
vn 0.751860 0.651233 0.102966
vn 0.107531 0.953685 0.280931
vn 0.230008 0.863006 0.449796
vn 0.066763 0.975175 0.211133
vn 0.074451 0.945476 0.317068
vn 0.091749 0.904182 0.417177
vn 0.131804 0.941699 0.309565
vn 0.218164 0.972537 0.081095
vn 0.360447 0.916970 -0.171010
vn -0.181750 0.955236 0.233435
vn -0.115761 0.911672 0.394276
vn -0.173660 0.974135 0.144581
vn -0.163374 0.963626 0.211506
vn -0.173467 0.942528 0.285568
vn -0.185656 0.975892 0.114748
vn -0.172527 0.972127 -0.158756
vn -0.052948 0.932104 -0.358300
vn 0.899621 0.378354 0.218015
vn -0.427546 0.880226 0.205930
vn -0.422339 0.851210 0.311561
vn -0.380499 0.917178 0.118345
vn -0.354765 0.930367 0.092517
vn -0.408182 0.909657 0.076886
vn -0.444590 0.886525 -0.128117
vn -0.425720 0.827082 -0.367012
vn -0.358949 0.793138 -0.492024
vn 0.127026 0.783057 -0.608840
vn -0.195195 0.747316 -0.635151
vn 0.508314 0.708609 -0.489377
vn 0.847609 0.472886 -0.240702
vn 0.984981 0.168068 0.039575
vn 0.975076 0.002847 0.221853
vn 0.927428 -0.087351 0.363657
vn 0.903517 -0.212885 0.371936
vn 0.862611 -0.204420 0.462725
vn 0.898297 -0.199132 0.391676
vn 0.932434 -0.134807 0.335253
vn 0.953892 -0.014107 0.299818
vn 0.942360 0.172126 0.286933
vn 0.888645 0.431811 0.154432
vn 0.926396 -0.135333 0.351390
vn 0.914982 -0.167366 0.367146
vn 0.996173 -0.050371 0.071430
vn 0.993973 0.006829 0.109411
vn 0.877462 -0.088211 0.471464
vn 0.998089 -0.044509 0.042853
vn 0.854753 0.021926 0.518572
vn 0.998127 0.058700 0.017206
vn 0.844414 0.189005 0.501241
vn 0.979580 0.200368 -0.016624
vn 0.831820 0.376479 0.407847
vn 0.944044 0.316641 -0.092304
vn 0.811437 0.532103 0.241737
vn 0.891742 0.407435 -0.196960
vn 0.744592 0.666231 0.041471
vn 0.814015 0.496811 -0.300930
vn 0.965498 0.155111 -0.209174
vn 0.934893 0.071961 -0.347557
vn 0.874593 -0.023741 -0.484276
vn 0.841163 0.065125 -0.536846
vn 0.819283 0.196188 -0.538781
vn 0.812956 0.265311 -0.518375
vn 0.792894 0.350770 -0.498276
vn 0.774480 0.411889 -0.480133
vn 0.714950 0.177449 -0.676283
vn 0.766692 0.321326 -0.555817
vn 0.654407 -0.012834 -0.756033
vn 0.606856 0.043657 -0.793612
vn 0.585671 0.191262 -0.787660
vn 0.611047 0.252358 -0.750291
vn 0.617646 0.316263 -0.720063
vn 0.648529 0.345890 -0.678063
vn 0.423039 0.257315 -0.868808
vn 0.479548 0.425231 -0.767602
vn 0.442183 0.007408 -0.896894
vn 0.434006 0.024754 -0.900570
vn 0.373065 0.166160 -0.912805
vn 0.369373 0.236258 -0.898747
vn 0.433543 0.280934 -0.856222
vn 0.489341 0.261888 -0.831841
vn 0.051150 0.305689 -0.950756
vn 0.073673 0.484684 -0.871581
vn 0.190868 0.058174 -0.979890
vn 0.278777 0.021690 -0.960111
vn 0.232372 0.135740 -0.963108
vn 0.201604 0.227145 -0.952765
vn 0.253678 0.242480 -0.936403
vn 0.312159 0.156582 -0.937037
vn 0.982293 0.131035 -0.133906
vn 0.816846 0.330873 -0.472531
vn 0.541660 0.489032 -0.683705
vn 0.164598 0.586398 -0.793124
vn -0.271700 0.611515 -0.743121
vn -0.264455 0.334640 -0.904478
vn -0.312330 0.496375 -0.809977
vn -0.110481 0.110322 -0.987736
vn 0.021752 0.020750 -0.999548
vn 0.049727 0.106472 -0.993071
vn 0.018500 0.192149 -0.981192
vn -0.000044 0.157745 -0.987480
vn 0.034879 0.017586 -0.999237
vn 0.541021 0.776482 0.323066
vn 0.584504 0.633416 0.507089
vn 0.610352 0.422252 0.670204
vn 0.626811 0.172635 0.759806
vn 0.652963 -0.019410 0.757141
vn 0.706943 -0.149991 0.691183
vn 0.769370 -0.263537 0.581909
vn 0.803642 -0.275891 0.527298
vn 0.715986 -0.329732 0.615338
vn 0.603991 -0.216415 0.767046
vn 0.649320 -0.416686 0.636204
vn 0.518044 -0.304711 0.799239
vn 0.563933 -0.533321 0.630514
vn 0.427332 -0.404377 0.808620
vn 0.513232 -0.072510 0.855182
vn 0.405713 -0.147526 0.902016
vn 0.312552 -0.216946 0.924795
vn 0.461092 0.139271 0.876355
vn 0.335342 0.092939 0.937501
vn 0.244322 0.071606 0.967047
vn 0.447208 0.449076 0.773522
vn 0.307697 0.445105 0.840954
vn 0.202255 0.454709 0.867371
vn 0.411806 0.755871 0.508994
vn 0.277729 0.736868 0.616354
vn 0.186425 0.721465 0.666884
vn 0.181915 0.730605 0.658121
vn 0.246785 0.488095 0.837174
vn 0.310226 0.110345 0.944237
vn 0.311280 -0.229941 0.922080
vn 0.347441 -0.494537 0.796692
vn 0.444618 -0.651161 0.615064
vn 0.671221 -0.602899 0.431248
vn 0.560420 -0.724166 0.401887
vn 0.745986 -0.491165 0.449735
vn 0.795556 -0.400545 0.454592
vn 0.823453 -0.310567 0.474841
vn 0.178139 0.873528 0.453007
vn 0.154522 0.970862 0.183166
vn 0.150564 0.987484 0.046956
vn 0.221361 0.901998 0.370675
vn 0.117935 0.981663 -0.149761
vn 0.043248 0.927268 -0.371892
vn 0.123277 0.855186 -0.503449
vn -0.001536 0.805260 -0.592920
vn 0.209563 0.609793 -0.764353
vn 0.073162 0.643001 -0.762363
vn 0.075805 0.990996 -0.110367
vn 0.210186 0.963559 0.165457
vn -0.012039 0.887934 -0.459813
vn -0.089781 0.784813 -0.613195
vn -0.124859 0.745860 -0.654296
vn -0.111093 0.705633 -0.699814
vn -0.006356 0.629243 -0.777183
vn -0.115383 0.813071 -0.570615
vn -0.141364 0.741713 -0.655651
vn 0.011049 0.914059 -0.405432
vn 0.000234 0.965159 -0.261663
vn -0.181195 0.703085 -0.687633
vn -0.218333 0.700322 -0.679618
vn -0.199025 0.712703 -0.672639
vn -0.085886 0.665117 -0.741784
vn 0.255073 0.966874 -0.009647
vn -0.202868 0.655825 -0.727144
vn -0.239956 0.693875 -0.678939
vn -0.227516 0.739092 -0.634019
vn -0.114111 0.709863 -0.695034
vn -0.200647 0.628605 -0.751396
vn -0.140463 0.666004 -0.732604
vn -0.248737 0.694780 -0.674841
vn -0.269905 0.747578 -0.606860
vn -0.195330 0.721294 -0.664516
vn 0.413393 0.863002 0.290404
vn 0.004095 0.810971 -0.585072
vn 0.045977 0.548682 -0.834766
vn 0.132995 0.535858 -0.833768
vn 0.166948 0.507990 -0.845029
vn 0.280378 0.419935 -0.863159
vn 0.360047 0.355883 -0.862388
vn 0.408672 0.547088 -0.730535
vn 0.488515 0.293353 -0.821764
vn 0.358821 0.833352 -0.420443
vn 0.284398 0.958675 0.007724
vn 0.234204 0.922444 0.306996
vn 0.194279 0.847121 0.494613
vn 0.514287 0.145922 -0.845113
vn 0.635932 -0.044742 -0.770447
vn 0.616514 -0.021382 -0.787054
vn 0.462359 0.203617 -0.862997
vn 0.722555 -0.233919 -0.650535
vn 0.712537 -0.223176 -0.665195
vn 0.776589 -0.391768 -0.493383
vn 0.785255 -0.325045 -0.526993
vn 0.689488 -0.170041 -0.704054
vn 0.847760 -0.191149 -0.494738
vn 0.733558 -0.057387 -0.677199
vn 0.847680 -0.463726 -0.257675
vn 0.910096 -0.332446 -0.247398
vn 0.978535 -0.106441 -0.176464
vn 0.911163 0.055566 -0.408282
vn 0.569724 0.006981 -0.821806
vn 0.396834 0.249965 -0.883199
vn 0.426701 0.239697 -0.872050
vn 0.586750 -0.012041 -0.809679
vn 0.754366 0.167046 -0.634845
vn 0.983216 0.182425 -0.002569
vn 0.892447 0.383702 -0.237300
vn 0.800062 -0.528970 -0.283003
vn 0.746925 -0.428114 -0.508745
vn 0.749364 -0.561547 -0.350882
vn 0.723256 -0.256491 -0.641181
vn 0.668920 -0.070144 -0.740017
vn 0.591214 0.100338 -0.800249
vn 0.824902 -0.565011 0.017291
vn 0.769097 -0.613010 0.180856
vn 0.829777 -0.499189 0.249561
vn 0.891003 -0.451218 0.050160
vn 0.724844 -0.631074 0.276309
vn 0.790469 -0.508559 0.341360
vn 0.871695 -0.401520 0.280945
vn 0.945935 -0.307805 0.102292
vn 0.834682 -0.414809 0.362270
vn 0.828800 -0.417769 0.372236
vn 0.941766 -0.255725 0.218363
vn 0.982477 -0.093240 0.161385
vn 0.908775 -0.299414 0.290654
vn 0.873292 -0.317408 0.369612
vn 0.863810 -0.320165 0.389007
vn 0.635979 -0.745169 0.200634
vn 0.694233 -0.715740 0.075868
vn 0.762957 -0.642497 -0.071374
vn 0.599581 0.364876 -0.712298
vn 0.650936 0.638345 -0.410850
vn 0.843650 0.303727 -0.442724
vn 0.700526 0.127099 -0.702217
vn 0.551264 0.830435 0.080536
vn 0.837785 0.539311 0.085205
vn 0.398736 0.817976 0.414638
vn 0.621579 0.586124 0.519710
vn 0.279780 0.766982 0.577461
vn 0.427410 0.536921 0.727349
vn 0.901300 -0.035013 -0.431777
vn 0.750774 -0.080121 -0.655683
vn 0.994533 0.086584 0.058375
vn 0.816564 0.173980 0.550413
vn 0.551569 0.166730 0.817296
vn 0.865849 -0.331846 -0.374411
vn 0.766361 -0.291937 -0.572245
vn 0.943395 -0.331237 0.016973
vn 0.847276 -0.272582 0.455875
vn 0.559911 -0.231105 0.795670
vn 0.771515 -0.570365 -0.281866
vn 0.742072 -0.490054 -0.457358
vn 0.788237 -0.615080 -0.018935
vn 0.731528 -0.610884 0.302798
vn 0.501267 -0.578743 0.643264
vn 0.675264 -0.737532 -0.008008
vn 0.723828 -0.665750 -0.181243
vn 0.481547 -0.746440 0.459283
vn 0.613967 -0.766156 0.189870
vn -0.470165 0.522500 -0.711293
vn -0.440386 0.427816 -0.789325
vn -0.500280 0.504078 -0.704006
vn -0.515475 0.609087 -0.602743
vn -0.382362 0.256662 -0.887651
vn -0.486549 0.335237 -0.806775
vn -0.307195 0.106834 -0.945631
vn -0.270245 0.057283 -0.961086
vn -0.448746 0.046276 -0.892460
vn -0.470805 0.148672 -0.869620
vn -0.289543 0.058792 -0.955358
vn -0.440357 0.005892 -0.897803
vn -0.333064 0.010292 -0.942848
vn -0.444653 -0.048385 -0.894395
vn -0.336933 -0.121493 -0.933657
vn -0.434898 -0.138731 -0.889729
vn -0.616619 0.565747 -0.547458
vn -0.577167 0.678506 -0.454432
vn -0.670316 0.383464 -0.635320
vn -0.676107 0.193209 -0.711020
vn -0.632926 0.068331 -0.771191
vn -0.585000 -0.025227 -0.810641
vn -0.523644 -0.082687 -0.847915
vn -0.589848 -0.088007 -0.802704
vn -0.505972 -0.148516 -0.849668
vn -0.558430 -0.141081 -0.817467
vn -0.728469 0.571876 -0.377216
vn -0.632501 0.711840 -0.305330
vn -0.798483 0.400215 -0.449725
vn -0.799348 0.258946 -0.542208
vn -0.765905 0.119420 -0.631766
vn -0.733863 -0.009495 -0.679232
vn -0.700128 -0.079003 -0.709634
vn -0.659642 -0.132890 -0.739738
vn -0.786046 0.572016 -0.234368
vn -0.673576 0.723415 -0.151544
vn -0.848563 0.424621 -0.315656
vn -0.864064 0.315696 -0.392084
vn -0.864017 0.171158 -0.473476
vn -0.838708 0.015422 -0.544363
vn -0.803968 -0.065725 -0.591030
vn -0.817932 0.575059 -0.017171
vn -0.705083 0.705834 0.068240
vn -0.892379 0.438266 -0.107623
vn -0.927853 0.329291 -0.175088
vn -0.942369 0.213808 -0.257345
vn -0.923910 0.070899 -0.375984
vn -0.883059 -0.038633 -0.467669
vn -0.811148 0.565315 0.149861
vn -0.705208 0.682582 0.191738
vn -0.894099 0.440159 0.082753
vn -0.941314 0.337499 0.004650
vn -0.965338 0.248784 -0.078923
vn -0.975016 0.128315 -0.181325
vn -0.957326 -0.007228 -0.288920
vn -0.853521 -0.144640 -0.500582
vn -0.917762 -0.141407 -0.371101
vn -0.800753 0.560783 0.210518
vn -0.698337 0.675672 0.236205
vn -0.876783 0.449669 0.170442
vn -0.926963 0.358803 0.109550
vn -0.963372 0.264425 0.044658
vn -0.481075 0.633985 -0.605499
vn -0.514041 0.690452 -0.508958
vn -0.561644 0.755248 -0.337871
vn -0.556116 0.814055 -0.167479
vn -0.527360 0.848599 -0.042087
vn -0.559447 0.821452 0.110616
vn -0.591211 0.781114 0.200827
vn -0.591535 0.763277 0.259796
vn -0.775364 0.545913 0.317473
vn -0.667677 0.662011 0.340513
vn -0.847667 0.444149 0.290158
vn -0.899963 0.359289 0.246937
vn -0.947804 0.248294 0.200046
vn -0.988789 0.148146 -0.018698
vn -0.979522 0.137907 0.146694
vn -0.993669 0.024331 -0.109682
vn -0.997187 0.054827 0.051113
vn -0.966110 -0.099043 -0.238372
vn -0.994554 -0.037954 -0.097065
vn -0.958770 -0.171314 -0.226742
vn -0.983403 -0.151616 -0.099654
vn -0.995958 0.013741 0.088767
vn -0.210042 0.076619 -0.974685
vn -0.200995 -0.080658 -0.976266
vn -0.173821 0.121122 -0.977300
vn -0.151057 0.073271 -0.985806
vn -0.212894 0.049087 -0.975842
vn -0.342884 0.170930 -0.923696
vn -0.425310 0.366973 -0.827310
vn -0.947632 0.041475 0.316658
vn -0.858021 0.046708 0.511486
vn -0.727240 0.148320 0.670167
vn -0.836808 0.105033 0.537327
vn -0.807387 0.071309 0.585697
vn -0.664718 0.203964 0.718713
vn -0.785128 0.103629 0.610602
vn -0.642957 0.269035 0.717096
vn -0.688975 0.095839 0.718420
vn -0.562037 0.282766 0.777276
vn -0.587317 0.089714 0.804369
vn -0.519495 0.267705 0.811455
vn -0.555293 0.102761 0.825282
vn -0.514456 0.242135 0.822621
vn -0.435361 0.041407 0.899303
vn -0.413973 0.174853 0.893338
vn -0.581903 0.091149 0.808134
vn -0.705851 0.055675 0.706169
vn -0.560330 0.159369 0.812792
vn -0.585543 0.210852 0.782739
vn -0.579991 0.215007 0.785737
vn -0.595891 0.206224 0.776135
vn -0.568828 0.170666 0.804554
vn -0.415587 0.086267 0.905453
vn -0.488637 -0.006746 0.872461
vn -0.634142 0.038270 0.772269
vn -0.544353 0.048631 0.837445
vn -0.614742 0.092950 0.783232
vn -0.625192 0.107458 0.773038
vn -0.623425 0.130247 0.770958
vn -0.578126 0.125187 0.806287
vn -0.404130 0.022815 0.914417
vn -0.488293 0.023383 0.872366
vn -0.627314 0.159069 0.762348
vn -0.533580 0.022558 0.845449
vn -0.572699 0.077697 0.816076
vn -0.558988 0.124664 0.819751
vn -0.558895 0.164865 0.812685
vn -0.529820 0.161096 0.832670
vn -0.385378 0.045841 0.921619
vn -0.526424 0.184773 0.829901
vn -0.631489 0.309473 0.710949
vn -0.482593 0.116265 0.868094
vn -0.469476 0.120941 0.874623
vn -0.477160 0.156897 0.864697
vn -0.514051 0.198002 0.834594
vn -0.497300 0.187915 0.846983
vn -0.389157 0.083693 0.917361
vn -0.542311 0.317213 0.777994
vn -0.612944 0.410662 0.675024
vn -0.462322 0.208076 0.861953
vn -0.420281 0.153304 0.894350
vn -0.448154 0.175131 0.876634
vn -0.505791 0.215688 0.835257
vn -0.500270 0.192645 0.844167
vn -0.426683 0.096314 0.899258
vn -0.525781 0.434665 0.731178
vn -0.548066 0.526810 0.649689
vn -0.469709 0.297328 0.831246
vn -0.412818 0.188506 0.891093
vn -0.439544 0.192653 0.877317
vn -0.505134 0.239160 0.829242
vn -0.500256 0.211913 0.839546
vn -0.433132 0.132224 0.891579
vn -0.948914 0.073026 0.306969
vn -0.888640 0.088588 0.449968
vn -0.857896 0.167284 0.485831
vn -0.816662 0.305195 0.489815
vn -0.760243 0.402279 0.510100
vn -0.698938 0.489897 0.521044
vn -0.602317 0.608054 0.517189
vn -0.482483 0.633046 0.605361
vn -0.248938 0.812317 0.527419
vn -0.269882 0.821535 0.502239
vn -0.500321 0.700114 0.509431
vn -0.484123 0.557649 0.674279
vn -0.456662 0.431522 0.777977
vn -0.419041 0.276538 0.864830
vn -0.430996 0.220241 0.875064
vn -0.486545 0.267547 0.831681
vn -0.481119 0.248332 0.840747
vn -0.424810 0.165456 0.890034
vn -0.227370 -0.172372 0.958431
vn -0.605700 -0.172209 0.776834
vn -0.527192 -0.203147 0.825106
vn -0.668114 -0.172158 0.723868
vn -0.754673 -0.167294 0.634414
vn -0.845805 -0.160192 0.508873
vn -0.874590 -0.171363 0.453572
vn -0.914034 -0.184090 0.361459
vn -0.979301 -0.168376 0.112336
vn 0.578327 -0.619869 0.530377
vn 0.637062 -0.527896 0.561674
vn 0.747985 -0.593452 0.297209
vn 0.656320 -0.701113 0.278719
vn 0.668401 -0.460760 0.583901
vn 0.793448 -0.518397 0.318911
vn 0.692837 -0.394358 0.603704
vn 0.825155 -0.452961 0.337558
vn 0.778736 -0.627285 0.009134
vn 0.654790 -0.755802 -0.003533
vn 0.842643 -0.538063 0.021004
vn 0.880076 -0.473250 0.038735
vn 0.900454 -0.432013 0.050467
vn 0.842639 -0.413161 0.345338
vn 0.706670 -0.356357 0.611251
vn 0.723877 -0.338331 0.601277
vn 0.849337 -0.397995 0.346739
vn 0.757330 -0.303227 0.578363
vn 0.862041 -0.370217 0.346156
vn 0.802819 -0.232321 0.549098
vn 0.886469 -0.305243 0.347849
vn 0.840661 -0.165020 0.515808
vn 0.905924 -0.254092 0.338732
vn 0.910484 -0.409122 0.060322
vn 0.924553 -0.368373 0.097489
vn 0.937244 -0.314072 0.151435
vn 0.936119 -0.296021 0.189876
vn 0.924015 -0.235556 0.301180
vn 0.935345 -0.286733 0.207157
vn 0.872789 -0.133717 0.469424
vn 0.950618 -0.196892 0.239915
vn 0.950399 -0.235235 0.203488
vn 0.975325 -0.139323 0.171261
vn 0.967372 -0.165557 0.191786
vn 0.989104 -0.084266 0.120719
vn 0.978924 -0.095093 0.180733
vn 0.988889 -0.058442 0.136684
vn 0.986064 -0.058914 0.155584
vn 0.982741 -0.036302 0.181389
vn 0.992625 -0.069255 0.099495
vn 0.931767 -0.198509 0.303982
vn 0.942325 -0.249741 0.222829
vn 0.930629 -0.146244 0.335475
vn 0.942990 -0.101817 0.316865
vn 0.961861 -0.080735 0.261355
vn 0.975618 -0.114744 0.187094
vn 0.987723 -0.129427 0.087474
vn 0.998900 -0.046829 -0.002364
vn 0.984505 0.009798 0.175082
vn 0.916847 -0.021828 0.398643
vn 0.905184 0.033381 0.423706
vn 0.941783 -0.064368 0.330001
vn 0.956615 -0.060444 0.285017
vn 0.944514 -0.066559 0.321658
vn 0.910664 -0.104106 0.399815
vn 0.780174 -0.048858 0.623652
vn 0.762984 -0.000840 0.646417
vn 0.800329 -0.044063 0.597940
vn 0.808623 0.001999 0.588324
vn 0.785182 0.000843 0.619264
vn 0.751876 -0.027816 0.658717
vn 0.543375 -0.004035 0.839480
vn 0.548040 0.027032 0.836015
vn 0.530976 -0.014458 0.847264
vn 0.529015 0.039782 0.847680
vn 0.537298 0.074249 0.840118
vn 0.543010 0.053543 0.838017
vn 0.733291 0.043235 0.678539
vn 0.535200 0.044475 0.843554
vn 0.723874 -0.065282 0.686837
vn 0.685862 -0.121172 0.717573
vn 0.520289 -0.014384 0.853869
vn 0.542158 0.012410 0.840185
vn 0.626986 -0.189879 0.755536
vn 0.465893 -0.063745 0.882542
vn 0.569567 -0.238750 0.786506
vn 0.410500 -0.139399 0.901143
vn 0.533101 -0.273274 0.800703
vn 0.378977 -0.206850 0.901992
vn 0.519232 -0.321067 0.792032
vn 0.508185 -0.370241 0.777605
vn 0.380245 -0.313196 0.870242
vn 0.372155 -0.263679 0.889929
vn 0.479722 -0.447294 0.754848
vn 0.366958 -0.422987 0.828507
vn 0.444021 -0.567069 0.693742
vn 0.335236 -0.537174 0.773990
vn 0.718138 -0.364776 0.592635
vn 0.811921 -0.260150 0.522595
vn 0.868681 -0.376533 0.321895
vn 0.775258 -0.484221 0.405593
vn 0.823341 -0.522321 0.222017
vn 0.829037 -0.436471 0.349559
vn 0.934894 -0.169567 0.311801
vn 0.747567 -0.171720 0.641605
vn 0.901990 -0.122449 0.414029
vn 0.686700 -0.221366 0.692416
vn 0.869202 -0.259458 0.420915
vn 0.715513 -0.093193 0.692356
vn 0.870334 -0.115666 0.478685
vn 0.681644 -0.058700 0.729326
vn 0.860764 -0.003288 0.508993
vn 0.747052 -0.017835 0.664527
vn 0.867928 -0.106434 0.485152
vn 0.810748 0.028252 0.584713
vn 0.893626 -0.111400 0.434767
vn 0.703186 0.062882 0.708220
vn 0.742429 0.174258 0.646864
vn 0.879976 0.169114 0.443895
vn 0.894747 0.054979 0.443176
vn 0.935597 -0.134072 0.326624
vn 0.813357 0.281857 0.508927
vn 0.866140 0.338088 0.368100
vn 0.961402 -0.225932 0.157039
vn -0.129064 -0.348437 -0.928404
vn -0.227470 -0.349897 -0.908751
vn -0.227667 -0.255365 -0.939658
vn -0.106904 -0.237599 -0.965463
vn -0.223147 -0.325092 -0.918978
vn -0.236880 -0.273031 -0.932385
vn -0.182152 -0.284976 -0.941068
vn -0.194668 -0.284531 -0.938694
vn -0.207613 -0.129050 -0.969661
vn -0.079781 -0.132192 -0.988008
vn -0.225724 -0.195561 -0.954361
vn -0.182914 -0.277544 -0.943139
vn -0.180696 -0.005964 -0.983521
vn -0.067530 -0.017768 -0.997559
vn -0.184342 -0.097907 -0.977974
vn -0.138156 -0.218048 -0.966110
vn -0.138234 0.099939 -0.985344
vn -0.040897 0.161561 -0.986015
vn -0.126393 -0.028907 -0.991559
vn -0.078054 -0.150307 -0.985553
vn -0.071004 0.289163 -0.954643
vn 0.014081 0.324191 -0.945887
vn -0.017225 0.190913 -0.981456
vn 0.038907 0.067630 -0.996952
vn 0.072163 -0.041089 -0.996546
vn -0.075093 -0.228275 -0.970697
vn -0.159903 -0.279686 -0.946682
vn -0.204574 -0.304778 -0.930193
vn -0.206880 -0.276057 -0.938612
vn -0.183788 -0.240813 -0.953012
vn -0.247040 -0.211875 -0.945558
vn -0.274256 -0.222946 -0.935456
vn -0.134362 -0.245875 -0.959944
vn -0.574747 -0.308184 -0.758082
vn -0.547866 -0.360670 -0.754825
vn -0.390004 -0.303472 -0.869369
vn -0.427791 -0.257260 -0.866494
vn -0.811692 -0.317450 -0.490287
vn -0.800299 -0.383988 -0.460516
vn -0.692205 -0.385765 -0.609949
vn -0.694695 -0.326490 -0.640940
vn -0.907670 -0.302246 -0.291176
vn -0.879974 -0.388866 -0.272819
vn -0.538253 -0.390531 -0.746839
vn -0.372124 -0.341644 -0.863020
vn -0.853472 -0.442990 -0.274491
vn -0.785716 -0.432963 -0.441806
vn -0.372873 -0.381766 -0.845708
vn -0.273769 -0.362284 -0.890955
vn -0.261920 -0.323882 -0.909119
vn -0.540395 -0.416192 -0.731271
vn -0.777208 -0.456781 -0.432779
vn -0.688924 -0.443947 -0.572970
vn -0.689603 -0.426301 -0.585418
vn -0.836155 -0.471370 -0.280456
vn -0.386634 -0.418593 -0.821763
vn -0.281276 -0.396906 -0.873699
vn -0.552791 -0.447757 -0.702806
vn -0.684100 -0.469838 -0.557906
vn -0.758289 -0.493573 -0.425891
vn -0.870475 -0.488107 -0.063441
vn -0.890163 -0.452786 -0.050935
vn -0.920405 -0.387190 -0.054216
vn -0.955320 -0.287600 -0.068194
vn -0.921760 -0.233072 -0.309895
vn -0.973639 -0.218605 -0.065108
vn -0.937972 -0.263130 0.225767
vn -0.825914 -0.214373 0.521450
vn -0.792593 -0.269789 0.546819
vn -0.904360 -0.351166 0.242519
vn -0.653805 -0.141683 0.743280
vn -0.603306 -0.164668 0.780325
vn -0.419559 -0.041942 0.906759
vn -0.340944 -0.044511 0.939029
vn -0.748582 -0.331184 0.574406
vn -0.867644 -0.424393 0.259006
vn -0.551819 -0.193291 0.811255
vn -0.285150 -0.042275 0.957550
vn -0.707372 -0.389815 0.589634
vn -0.842071 -0.475097 0.255341
vn -0.494390 -0.243630 0.834400
vn -0.228181 -0.076662 0.970596
vn -0.507269 -0.050681 0.860296
vn -0.699203 -0.122943 0.704273
vn -0.844060 -0.171714 0.508013
vn -0.951040 -0.202765 0.233259
vn 0.565687 -0.015166 0.824480
vn 0.571369 -0.009406 0.820639
vn 0.640441 0.001710 0.768005
vn 0.641648 0.006589 0.766971
vn 0.724410 0.023040 0.688984
vn 0.728815 0.028585 0.684114
vn 0.804167 0.049836 0.592311
vn 0.810552 0.056280 0.582957
vn 0.783046 0.342706 0.519030
vn 0.806315 0.365846 0.464772
vn 0.816565 0.292726 0.497528
vn 0.835241 0.401566 0.375657
vn 0.863596 0.315315 0.393419
vn 0.887196 0.236233 0.396330
vn 0.893363 0.343658 0.289485
vn 0.918261 0.257400 0.300902
vn 0.837213 0.211345 0.504389
vn 0.858855 0.133656 0.494474
vn 0.781640 0.103956 0.615006
vn 0.761490 0.175694 0.623911
vn 0.922985 0.177160 0.341633
vn 0.874018 0.088114 0.477838
vn 0.793710 0.058331 0.605493
vn 0.939024 0.130441 0.318149
vn 0.882482 0.081235 0.463277
vn 0.888186 0.085589 0.451443
vn 0.798246 0.048513 0.600375
vn 0.946598 0.126505 0.296562
vn 0.952984 0.131356 0.273069
vn 0.748089 0.245897 0.616358
vn 0.668883 0.206448 0.714125
vn 0.678085 0.286339 0.676913
vn 0.741018 0.312429 0.594374
vn 0.894624 0.093856 0.436852
vn 0.960358 0.139096 0.241588
vn 0.962575 0.218869 0.159830
vn 0.974157 0.188410 0.124583
vn 0.940722 0.286712 0.181212
vn 0.910586 0.372071 0.179991
vn 0.914729 0.396950 0.075513
vn 0.941285 0.336559 0.026682
vn 0.890848 0.447248 -0.079744
vn 0.904052 0.397740 -0.156505
vn 0.804267 0.513254 -0.299541
vn 0.820604 0.445877 -0.357494
vn 0.954916 0.290554 -0.060950
vn 0.869254 0.372646 -0.324857
vn 0.955264 0.263552 -0.134202
vn 0.856524 0.329483 -0.397251
vn 0.949324 0.260143 -0.176380
vn 0.944139 0.254746 -0.209061
vn 0.980090 0.188959 0.060973
vn 0.977684 0.187826 0.094103
vn 0.841583 0.313975 -0.439497
vn 0.828132 0.305384 -0.470040
vn 0.818373 0.277720 -0.503128
vn 0.940033 0.237802 -0.244514
vn 0.471076 0.435662 -0.766998
vn 0.503845 0.376181 -0.777578
vn 0.702393 0.398870 -0.589530
vn 0.680979 0.463509 -0.566946
vn 0.257663 0.373148 -0.891275
vn 0.309783 0.322863 -0.894312
vn 0.132656 0.313127 -0.940401
vn 0.177762 0.268031 -0.946869
vn 0.262882 0.220182 -0.939368
vn 0.305898 0.223758 -0.925396
vn 0.473822 0.274089 -0.836880
vn 0.424389 0.276225 -0.862319
vn 0.569113 0.323144 -0.756101
vn 0.597682 0.305192 -0.741373
vn 0.699911 0.317427 -0.639817
vn 0.705992 0.336026 -0.623428
vn 0.351679 0.230307 -0.907348
vn 0.511959 0.264709 -0.817207
vn 0.663626 0.287166 -0.690750
vn 0.676793 0.251529 -0.691870
vn 0.540949 0.242228 -0.805419
vn 0.567146 0.210311 -0.796314
vn 0.688841 0.224273 -0.689347
vn 0.645210 -0.003169 0.763999
vn 0.689999 0.016459 0.723623
vn 0.006234 0.198351 -0.980111
vn 0.013468 0.197242 -0.980262
vn 0.009468 0.172454 -0.984972
vn -0.002752 0.172401 -0.985023
vn -0.072028 0.206072 -0.975882
vn -0.074955 0.186932 -0.979509
vn -0.254760 0.225655 -0.940307
vn -0.266837 0.211094 -0.940339
vn -0.444220 0.250040 -0.860319
vn -0.475628 0.233717 -0.848030
vn -0.580831 0.272693 -0.766990
vn -0.619492 0.252300 -0.743353
vn -0.703214 0.290264 -0.649028
vn -0.729290 0.262287 -0.631935
vn -0.874729 0.272172 -0.400964
vn -0.879104 0.231527 -0.416620
vn -0.095602 0.165619 -0.981545
vn -0.001803 0.148961 -0.988841
vn -0.291748 0.192382 -0.936949
vn -0.647315 0.224149 -0.728520
vn -0.502878 0.214072 -0.837428
vn -0.747013 0.222890 -0.626332
vn -0.140409 0.150951 -0.978519
vn -0.662585 0.198527 -0.722197
vn -0.539622 0.195977 -0.818781
vn -0.756054 0.188351 -0.626822
vn -0.882192 0.190475 -0.430647
vn -0.672523 0.179202 -0.718053
vn -0.579710 0.183384 -0.793918
vn -0.884192 0.156819 -0.440014
vn -0.482728 0.179112 -0.857259
vn -0.418238 0.175339 -0.891254
vn -0.676266 0.168975 -0.717016
vn -0.606095 0.178027 -0.775213
vn -0.762669 0.164463 -0.625530
vn -0.530345 0.172453 -0.830057
vn -0.765997 0.151633 -0.624705
vn -0.885827 0.132577 -0.444674
vn -0.674192 0.157759 -0.721511
vn -0.620828 0.166819 -0.765992
vn -0.013455 0.196923 -0.980327
vn -0.763981 0.137152 -0.630493
vn -0.886310 0.120577 -0.447120
vn -0.683901 0.296518 -0.666600
vn -0.816874 0.290338 -0.498418
vn 0.008041 0.225410 -0.974231
vn 0.008730 0.226847 -0.973891
vn -0.004666 0.219233 -0.975662
vn -0.982898 0.071871 -0.169549
vn -0.979115 0.072569 -0.189915
vn -0.996342 0.013707 0.084355
vn -0.997411 0.018585 0.069474
vn -0.971896 -0.013734 0.235010
vn -0.972887 -0.020151 0.230403
vn -0.978340 0.064056 -0.196844
vn -0.886259 0.105052 -0.451119
vn -0.974663 -0.020509 0.222735
vn -0.998785 0.017730 0.045988
vn -0.881745 0.074569 -0.465796
vn -0.756393 0.114807 -0.643964
vn -0.978041 0.031039 -0.206089
vn -0.999538 -0.005170 0.029966
vn -0.973734 -0.033989 0.225139
vn -0.655144 0.111602 -0.747215
vn -0.651271 0.141293 -0.745575
vn -0.749566 0.098297 -0.654590
vn -0.872794 0.064157 -0.483854
vn -0.974476 0.020186 -0.223581
vn -0.999788 -0.016754 0.011990
vn -0.973033 -0.047974 0.225621
vn -0.934884 -0.047355 0.351781
vn -0.931055 -0.061174 0.359715
vn -0.940758 -0.039787 0.336736
vn -0.945920 -0.029532 0.323053
vn -0.918649 -0.032074 0.393770
vn -0.909690 -0.040707 0.413289
vn -0.945543 -0.038246 0.323243
vn -0.843057 -0.038859 0.536418
vn -0.884948 -0.026689 0.464925
vn -0.822309 -0.025526 0.568469
vn -0.712348 -0.030379 0.701168
vn -0.720554 -0.045826 0.691883
vn -0.722047 -0.051861 0.689898
vn -0.831886 -0.050168 0.552675
vn -0.588335 -0.053368 0.806854
vn -0.599178 -0.058588 0.798469
vn -0.823271 -0.056373 0.564842
vn -0.902357 -0.051693 0.427878
vn -0.904601 -0.045277 0.423848
vn -0.714377 -0.055932 0.697522
vn -0.599576 -0.062204 0.797896
vn -0.485320 -0.063608 0.872020
vn -0.480574 -0.064412 0.874586
vn -0.467778 -0.076502 0.880529
vn -0.600011 -0.078033 0.796177
vn -0.944815 -0.009671 0.327463
vn -0.947503 0.028817 0.318447
vn -0.934375 0.039854 0.354056
vn -0.928476 -0.009887 0.371260
vn -0.946716 0.097053 0.307098
vn -0.930572 0.104744 0.350806
vn -0.941301 0.161533 0.296411
vn -0.922173 0.162930 0.350785
vn -0.906697 0.044740 0.419403
vn -0.899529 -0.004426 0.436839
vn -0.901773 0.103877 0.419541
vn -0.894666 0.160946 0.416736
vn -0.834505 0.042711 0.549343
vn -0.827571 -0.001715 0.561359
vn -0.834214 0.095356 0.543134
vn -0.833124 0.157902 0.530067
vn -0.807268 0.229695 0.543652
vn -0.859536 0.227028 0.457882
vn -0.914000 0.223707 0.338466
vn -0.890168 0.227628 0.394697
vn -0.985431 0.118646 -0.121852
vn -0.985196 0.094921 -0.142753
vn -0.982746 0.155900 -0.099522
vn -0.976245 0.203220 -0.075143
vn -0.992743 0.058447 0.105093
vn -0.994944 0.039875 0.092175
vn -0.987711 0.102852 0.117677
vn -0.979589 0.167608 0.110967
vn -0.971472 0.031415 0.235066
vn -0.972045 0.008173 0.234651
vn -0.968875 0.091515 0.230012
vn -0.962897 0.162580 0.215399
vn -0.954985 0.221673 0.197142
vn -0.970567 0.223884 0.088747
vn -0.970152 0.235823 -0.056501
vn -0.925051 0.263898 -0.273201
vn -0.572006 -0.038696 0.819337
vn -0.465862 -0.062179 0.882670
vn -0.314152 -0.063628 0.947238
vn -0.737438 0.135858 0.661610
vn -0.744246 0.084313 0.662563
vn -0.742781 0.035509 0.668592
vn -0.706056 -0.002130 0.708153
vn 0.277684 0.551081 -0.786893
vn 0.260174 0.588614 -0.765404
vn 0.221774 0.495467 -0.839839
vn 0.203032 0.475275 -0.856091
vn 0.179721 0.631908 -0.753918
vn 0.139261 0.527583 -0.838011
vn 0.035291 0.690881 -0.722106
vn -0.026599 0.581601 -0.813039
vn -0.142309 0.745861 -0.650722
vn -0.223157 0.642602 -0.732983
vn -0.246231 0.793482 -0.556558
vn -0.340619 0.701265 -0.626264
vn -0.326549 0.820522 -0.469159
vn -0.391669 0.755133 -0.525709
vn -0.443372 0.777121 -0.446659
vn -0.426453 0.794608 -0.432130
vn 0.181711 0.427321 -0.885651
vn 0.150110 0.400977 -0.903706
vn 0.100126 0.470902 -0.876485
vn -0.082294 0.522091 -0.848910
vn -0.281303 0.560589 -0.778851
vn -0.406829 0.594512 -0.693575
vn -0.467484 0.645716 -0.603747
vn -0.504604 0.716045 -0.482342
vn 0.123838 0.366897 -0.921982
vn 0.109658 0.334909 -0.935848
vn 0.048521 0.415211 -0.908430
vn -0.117288 0.463563 -0.878267
vn -0.310103 0.497531 -0.810123
vn -0.448042 0.527838 -0.721558
vn -0.532268 0.566262 -0.629315
vn -0.591815 0.616005 -0.519897
vn 0.065994 0.282543 -0.956982
vn 0.069278 0.309404 -0.948404
vn 0.013553 0.333681 -0.942589
vn -0.124678 0.366755 -0.921925
vn -0.329491 0.406523 -0.852159
vn -0.463647 0.464866 -0.754275
vn -0.566326 0.503016 -0.652878
vn -0.652663 0.542764 -0.528619
vn -0.638331 0.668288 -0.382002
vn -0.736081 0.585759 -0.339223
vn -0.542483 0.741334 -0.395141
vn -0.459725 0.801042 -0.383386
vn -0.404398 0.828803 -0.386714
vn -0.409258 0.800667 -0.437538
vn -0.478971 0.717579 -0.505635
vn -0.576451 0.660508 -0.481075
vn -0.480561 0.779643 -0.401520
vn -0.687709 0.611377 -0.391502
vn -0.284984 0.847019 -0.448712
vn -0.174990 0.847691 -0.500797
vn -0.082553 0.830545 -0.550799
vn 0.079566 0.806199 -0.586270
vn 0.223895 0.767770 -0.600333
vn 0.321152 0.713552 -0.622659
vn 0.378479 0.648180 -0.660769
vn -0.808740 0.316521 0.495736
vn -0.823064 0.365609 0.434622
vn -0.782000 0.390247 0.485987
vn -0.846100 0.351772 0.400463
vn -0.856021 0.305060 0.417332
vn -0.827668 0.358637 0.431677
vn -0.853779 0.332292 0.400803
vn -0.866671 0.253113 0.429902
vn -0.855167 0.300930 0.422056
vn -0.869214 0.198431 0.452872
vn -0.745238 0.404094 0.530405
vn -0.837471 0.291836 0.462033
vn -0.781851 0.362391 0.507329
vn -0.870397 0.214483 0.443178
vn -0.879531 0.149307 0.451811
vn -0.881979 0.075433 0.465213
vn -0.741580 0.400091 0.538504
vn -0.782784 0.279205 0.556143
vn -0.736030 0.351298 0.578661
vn -0.835011 0.198788 0.513070
vn -0.882528 0.090208 0.461526
vn -0.875208 0.026044 0.483046
vn -0.881739 -0.021570 0.471244
vn -0.870906 -0.054947 0.488369
vn -0.764307 0.167194 0.622801
vn -0.719344 0.255162 0.646093
vn -0.798259 0.076286 0.597464
vn -0.841540 -0.012551 0.540049
vn -0.858006 -0.058985 0.510242
vn -0.853778 -0.091803 0.512480
vn -0.853933 -0.132887 0.503129
vn -0.847774 -0.173741 0.501092
vn -0.690948 0.170736 0.702453
vn -0.738964 0.072253 0.669860
vn -0.770356 -0.022181 0.637228
vn -0.794278 -0.085535 0.601503
vn -0.824435 -0.113231 0.554515
vn -0.848268 -0.150081 0.507855
vn -0.849147 -0.196387 0.490287
vn -0.841305 -0.235616 0.486509
vn -0.828892 -0.214518 0.516643
vn -0.831261 -0.269189 0.486357
vn -0.847464 -0.080798 0.524668
vn -0.854931 0.050216 0.516306
vn -0.852224 0.164334 0.496698
vn -0.847169 0.266450 0.459684
vn -0.841896 0.362812 0.399473
vn -0.834938 0.327145 0.442555
vn -0.849384 0.366805 0.379474
vn -0.849636 0.352546 0.392211
vn -0.854920 0.300775 0.422666
vn -0.834526 0.237292 0.497251
vn -0.835178 0.133528 0.533524
vn -0.843050 0.200976 0.498874
vn -0.846755 0.091543 0.524048
vn -0.845215 0.024195 0.533879
vn -0.860271 -0.013608 0.509656
vn -0.848887 -0.086252 0.521489
vn -0.870177 -0.077104 0.486669
vn -0.838769 -0.188055 0.510982
vn -0.859139 -0.150321 0.489167
vn -0.822476 -0.256530 0.507667
vn -0.809798 -0.301641 0.503230
vn -0.836327 -0.220693 0.501849
vn -0.869953 -0.117305 0.478979
vn -0.857566 -0.173780 0.484129
vn -0.874111 -0.078599 0.479324
vn -0.872207 -0.037052 0.487732
vn -0.871393 0.070716 0.485462
vn -0.864461 0.183418 0.468044
vn -0.844220 0.270339 0.462827
vn -0.866608 0.210372 0.452476
vn -0.875262 0.100641 0.473062
vn -0.858868 0.246342 0.449067
vn -0.870184 0.144331 0.471115
vn -0.875633 0.190380 0.443872
vn -0.874345 -0.018996 0.484932
vn -0.890011 0.014239 0.455718
vn -0.912069 0.057410 0.405997
vn -0.875614 -0.091129 0.474337
vn -0.903001 -0.092872 0.419480
vn -0.932357 -0.073212 0.354049
vn -0.882557 -0.125718 0.453087
vn -0.914127 -0.131429 0.383533
vn -0.945131 -0.132293 0.298707
vn -0.870266 -0.172637 0.461339
vn -0.887331 -0.168439 0.429270
vn -0.926866 -0.163427 0.337951
vn -0.967474 -0.173469 0.184126
vn -0.841061 0.317852 0.437706
vn -0.829064 0.356277 0.430952
vn -0.848709 0.276735 0.450679
vn -0.847383 0.317776 0.425395
vn -0.886622 0.248547 0.390033
vn -0.879822 0.214961 0.423915
vn -0.844755 0.391626 0.364717
vn -0.886239 0.305338 0.348353
vn -0.825670 0.468509 0.314273
vn -0.864020 0.384441 0.325075
vn -0.908617 0.218089 0.356164
vn -0.921000 0.111392 0.373298
vn -0.914686 0.242610 0.323249
vn -0.906686 0.301406 0.295085
vn -0.944049 0.131051 0.302650
vn -0.947459 0.170307 0.270771
vn -0.949548 0.235506 0.207112
vn -0.975059 0.003430 0.221919
vn -0.955263 -0.043780 0.292499
vn -0.992761 0.070727 0.097076
vn -0.986454 0.164027 0.001885
vn -0.974095 0.122820 -0.189882
vn -0.990669 -0.096444 0.096295
vn -0.973102 -0.119305 0.197075
vn -0.999034 -0.014129 -0.041613
vn -0.958677 0.130453 -0.252826
vn -0.982003 -0.177233 0.065263
vn -0.985064 -0.166157 -0.045184
vn -0.983379 -0.092529 -0.156218
vn -0.953025 0.085556 -0.290557
vn -0.895332 0.208349 -0.393665
vn -0.902007 0.232885 -0.363521
vn -0.913989 0.181062 -0.363099
vn -0.948796 0.259703 -0.179836
vn -0.931859 0.360549 0.040533
vn -0.883110 0.430104 0.187423
vn -0.828336 0.493487 0.265197
vn -0.786634 0.562112 0.255418
vn -0.783522 0.537507 0.311737
vn -0.757330 0.617822 0.211536
vn -0.795802 0.472461 0.378787
vn -0.812445 0.393563 0.430165
vn -0.730226 0.666366 0.150753
vn -0.664317 0.747311 0.014471
vn -0.672436 0.740010 0.014620
vn -0.767956 0.623182 0.147947
vn -0.601218 0.786048 -0.143756
vn -0.586855 0.803813 -0.097396
vn -0.530316 0.820961 -0.211632
vn -0.634361 0.731970 -0.248608
vn -0.529907 0.791342 -0.304920
vn -0.730663 0.682393 -0.021695
vn -0.826376 0.559460 0.064091
vn -0.610681 0.786469 -0.092386
vn -0.488260 0.849691 -0.199068
vn -0.430261 0.847807 -0.309997
vn -0.815247 0.556859 -0.158994
vn -0.884004 0.459337 -0.086871
vn -0.694625 0.681278 -0.230990
vn -0.525375 0.791638 -0.311914
vn -0.398198 0.839865 -0.368871
vn -0.855866 0.378479 -0.352487
vn -0.905823 0.311126 -0.287550
vn -0.757655 0.493890 -0.426651
vn -0.605398 0.628789 -0.487973
vn -0.460016 0.739220 -0.491873
vn -0.851457 0.239665 -0.466457
vn -0.885106 0.190251 -0.424725
vn -0.779325 0.343858 -0.523846
vn -0.675254 0.478913 -0.560959
vn -0.565311 0.614623 -0.550147
vn -0.856091 0.230122 -0.462765
vn -0.881508 0.206153 -0.424788
vn -0.800228 0.302189 -0.517994
vn -0.732807 0.397904 -0.551966
vn -0.690002 0.509833 -0.513778
vn -0.885952 0.276974 -0.371987
vn -0.865950 0.299957 -0.400195
vn -0.821670 0.334359 -0.461586
vn -0.777630 0.387716 -0.494942
vn -0.760659 0.485839 -0.430534
vn -0.724792 0.651093 -0.225285
vn -0.662772 0.740213 -0.113220
vn -0.731454 0.672480 -0.112893
vn -0.708314 0.703516 0.057937
vn -0.749029 0.661931 0.028346
vn -0.797487 0.470477 0.377710
vn -0.778897 0.543438 0.313042
vn -0.765840 0.621227 0.166030
vn -0.811918 0.423793 0.401484
vn -0.823509 0.385723 0.415994
vn -0.849116 0.382451 0.364327
vn -0.832845 0.396822 0.385878
vn -0.865176 0.349694 0.359423
vn -0.880191 0.296765 0.370398
vn -0.897908 0.294000 0.327605
vn -0.875160 0.355185 0.328540
vn -0.850240 0.400068 0.342108
vn -0.825575 0.427844 0.367934
vn -0.933395 0.304670 0.189607
vn -0.915028 0.295460 0.274640
vn -0.934159 0.219566 0.281316
vn -0.949165 0.307794 -0.065940
vn -0.947011 0.312722 0.073318
vn -0.918505 0.305631 -0.250875
vn -0.886786 0.368099 0.279487
vn -0.901003 0.388260 0.193512
vn -0.910280 0.405879 -0.081564
vn -0.911422 0.405943 0.067234
vn -0.891091 0.391307 -0.229861
vn -0.861994 0.461808 0.209046
vn -0.854481 0.426672 0.296333
vn -0.867138 0.493713 0.065722
vn -0.863037 0.496755 -0.091662
vn -0.853271 0.478119 -0.208159
vn -0.816877 0.522845 0.243610
vn -0.820266 0.467566 0.329464
vn -0.805210 0.588104 0.075966
vn -0.800003 0.591381 -0.101308
vn -0.790587 0.575949 -0.207980
vn -0.798353 0.468179 -0.378737
vn -0.834508 0.350935 -0.424783
vn -0.554492 0.282875 -0.782637
vn -0.562198 0.335151 -0.756047
vn -0.688151 0.347616 -0.636876
vn -0.420353 0.265173 -0.867748
vn -0.435151 0.323304 -0.840308
vn -0.257042 0.246986 -0.934306
vn -0.284505 0.308772 -0.907589
vn -0.086412 0.233139 -0.968596
vn -0.110442 0.287646 -0.951348
vn 0.005199 0.270121 -0.962812
vn 0.029876 0.257361 -0.965853
vn 0.022258 0.239926 -0.970536
vn -0.574509 0.424241 -0.699971
vn -0.684346 0.449484 -0.574139
vn -0.458090 0.401116 -0.793259
vn 0.064405 0.346400 -0.935873
vn 0.196073 0.437174 -0.877744
vn 0.126077 0.501720 -0.855793
vn -0.036016 0.403734 -0.914167
vn 0.397675 0.533144 -0.746734
vn 0.226663 0.564467 -0.793726
vn 0.659191 0.549524 -0.513313
vn 0.644009 0.628201 -0.436597
vn 0.397118 0.621286 -0.675501
vn 0.051610 0.523169 -0.850665
vn 0.182002 0.583849 -0.791199
vn 0.607249 0.677122 -0.415638
vn 0.362024 0.642597 -0.675283
vn -0.013450 0.539295 -0.842009
vn -0.196616 0.415722 -0.887985
vn 0.155238 0.579000 -0.800412
vn 0.524143 0.711934 -0.467358
vn 0.313114 0.631599 -0.709255
vn -0.134520 0.490571 -0.860956
vn -0.286502 0.414185 -0.863926
vn 0.139486 0.604828 -0.784045
vn 0.390189 0.769114 -0.506178
vn 0.275474 0.648340 -0.709767
vn -0.309505 0.374773 -0.873929
vn 0.101084 0.562782 -0.820401
vn 0.690047 0.712234 -0.128680
vn 0.752345 0.641296 -0.150722
vn 0.788725 0.574050 -0.219952
vn 0.241167 0.642563 -0.727290
vn 0.158747 0.577109 -0.801089
vn 0.222572 0.702286 -0.676208
vn 0.124682 0.652698 -0.747288
vn 0.151010 0.776343 -0.611954
vn 0.066400 0.727733 -0.682639
vn -0.303281 0.378746 -0.874398
vn -0.339324 0.371420 -0.864237
vn -0.197607 0.412553 -0.889242
vn -0.039584 0.489246 -0.871247
vn 0.049669 0.575167 -0.816526
vn 0.022821 0.649494 -0.760024
vn -0.011779 0.792196 -0.610152
vn -0.053389 0.758467 -0.649522
vn -0.005321 0.709403 -0.704783
vn -0.266052 0.489091 -0.830666
vn -0.345506 0.461839 -0.816903
vn -0.198035 0.506517 -0.839180
vn -0.124120 0.551411 -0.824949
vn -0.065611 0.638827 -0.766547
vn -0.039618 0.684927 -0.727534
vn -0.069678 0.724560 -0.685681
vn -0.104737 0.780873 -0.615847
vn -0.110486 0.754661 -0.646745
vn -0.099473 0.700110 -0.707072
vn -0.122769 0.758853 -0.639586
vn -0.069205 0.745721 -0.662654
vn -0.086590 0.798413 -0.595851
vn -0.236959 0.650700 -0.721415
vn -0.357857 0.604509 -0.711694
vn -0.159252 0.668905 -0.726088
vn -0.135266 0.681244 -0.719451
vn -0.143378 0.725442 -0.673184
vn -0.129883 0.792317 -0.596124
vn -0.218480 0.800058 -0.558725
vn -0.371690 0.745771 -0.552875
vn -0.122337 0.835503 -0.535695
vn -0.084341 0.874209 -0.478168
vn -0.094964 0.900570 -0.424213
vn -0.089665 0.911011 -0.402517
vn -0.085080 0.868483 -0.488364
vn -0.410834 0.840173 -0.354013
vn -0.205962 0.920376 -0.332397
vn -0.111157 0.948660 -0.296122
vn -0.062438 0.964873 -0.255190
vn -0.023807 0.965755 -0.258360
vn 0.037604 0.934166 -0.354852
vn 0.019697 0.885091 -0.465002
vn 0.257358 0.730313 -0.632780
vn 0.294762 0.768311 -0.568167
vn 0.334871 0.772012 -0.540240
vn -0.072682 0.741453 -0.667057
vn 0.060418 0.849148 -0.524688
vn -0.053964 0.897226 -0.438262
vn -0.100607 0.829507 -0.549360
vn -0.000718 0.873737 -0.486398
vn -0.069793 0.792752 -0.605535
vn 0.302080 0.697600 -0.649693
vn 0.565547 0.507593 -0.650005
vn 0.391041 0.512888 -0.764220
vn 0.172415 0.646588 -0.743100
vn 0.263318 0.569370 -0.778769
vn 0.088946 0.642445 -0.761152
vn 0.500495 0.532449 -0.682644
vn 0.317245 0.629747 -0.709065
vn 0.053136 0.696007 -0.716066
vn 0.201038 0.667007 -0.717416
vn 0.180252 0.646494 -0.741319
vn 0.259791 0.694214 -0.671249
vn 0.456679 0.650425 -0.606953
vn 0.380356 0.678094 -0.628902
vn 0.173175 0.656444 -0.734228
vn 0.162122 0.681557 -0.713580
vn 0.232287 0.659834 -0.714606
vn 0.348481 0.637954 -0.686714
vn 0.163575 0.696872 -0.698293
vn 0.215679 0.688175 -0.692746
vn 0.245964 0.684711 -0.686056
vn 0.367539 0.658625 -0.656604
vn 0.191204 0.774121 -0.603471
vn 0.219967 0.760510 -0.610934
vn 0.282045 0.759181 -0.586595
vn 0.435814 0.700957 -0.564558
vn 0.195641 0.765040 -0.613546
vn 0.210192 0.764215 -0.609750
vn 0.311378 0.713953 -0.627149
vn 0.492887 0.545193 -0.678105
vn 0.589854 0.573504 -0.568477
vn 0.672664 0.357306 -0.647963
vn 0.482916 0.614276 -0.624066
vn 0.446444 0.614488 -0.650455
vn 0.466040 0.666293 -0.582117
vn 0.513656 0.719078 -0.468066
vn 0.116878 0.974158 -0.193275
vn 0.228065 0.944301 -0.237239
vn 0.869074 0.463245 0.173535
vn 0.873514 0.480569 0.077633
vn 0.807154 0.563462 0.176104
vn 0.810244 0.580320 0.082057
vn 0.741025 0.639592 0.204460
vn 0.730998 0.675980 0.093236
vn 0.701522 0.674742 0.229326
vn 0.675442 0.728438 0.114699
vn 0.678682 0.727186 0.102914
vn 0.859343 0.509733 -0.041264
vn 0.804367 0.594133 0.000806
vn 0.745286 0.664372 0.056200
vn 0.683233 0.717574 0.135206
vn 0.607961 0.791045 -0.068057
vn 0.519827 0.853247 0.041839
vn 0.315372 0.871645 -0.375201
vn 0.607506 0.756700 0.241542
vn 0.625334 0.754256 0.200139
vn 0.648423 0.742452 0.168262
vn 0.688237 0.683140 0.244234
vn 0.679213 0.686303 0.260109
vn 0.629975 0.736523 0.246302
vn 0.656957 0.686256 0.312187
vn 0.619542 0.718809 0.315407
vn 0.663926 0.670924 0.330248
vn 0.644780 0.695492 0.317096
vn 0.590745 0.745971 0.307485
vn 0.591485 0.708785 0.384407
vn 0.653072 0.660716 0.370070
vn 0.546171 0.762148 0.347602
vn 0.537248 0.733566 0.416227
vn 0.642505 0.679207 0.354774
vn 0.433268 0.891535 0.132076
vn 0.387903 0.897745 0.208770
vn 0.526768 0.837986 0.142460
vn 0.215372 0.933559 -0.286499
vn 0.740471 0.649821 -0.171568
vn 0.802766 0.590265 0.084579
vn 0.768504 0.603334 0.213052
vn 0.743843 0.631298 0.219455
vn 0.773255 0.589451 0.233719
vn 0.895045 0.436420 0.091825
vn 0.951285 0.308246 -0.006509
vn 0.917738 0.389757 -0.076459
vn 0.860131 0.507385 0.052296
vn 0.972526 0.219471 -0.077630
vn 0.945103 0.300502 -0.128371
vn 0.982558 0.103792 -0.154296
vn 0.964453 0.197064 -0.176057
vn 0.983470 -0.001453 -0.181064
vn 0.976049 0.103845 -0.191165
vn 0.964887 -0.169929 -0.200295
vn 0.975683 -0.008590 -0.219019
vn 0.929921 -0.252843 -0.267052
vn 0.938056 -0.155917 -0.309420
vn 0.916596 -0.241111 -0.318932
vn 0.903519 -0.230111 -0.361527
vn 0.855343 0.475415 -0.205837
vn 0.848448 0.527726 -0.040517
vn 0.888572 0.391098 -0.239754
vn 0.925331 0.283069 -0.252257
vn 0.949121 0.149994 -0.276897
vn 0.927899 -0.003124 -0.372819
vn 0.889521 -0.122471 -0.440174
vn 0.769224 0.519541 -0.371983
vn 0.829051 0.508764 -0.232020
vn 0.747324 0.550318 -0.372368
vn 0.771218 0.503264 -0.389804
vn 0.795570 0.404026 -0.451478
vn 0.827646 0.264675 -0.494924
vn 0.854035 0.073462 -0.515003
vn 0.670664 0.525192 -0.523816
vn 0.748177 0.487050 -0.450570
vn 0.615228 0.616204 -0.491718
vn 0.589503 0.627779 -0.508312
vn 0.578796 0.564622 -0.588385
vn 0.634871 0.506248 -0.583654
vn 0.745801 0.348179 -0.567937
vn 0.773541 0.110434 -0.624050
vn 0.826922 -0.056202 -0.559502
vn 0.875734 -0.156079 -0.456870
vn 0.910083 -0.210034 -0.357260
vn 0.920434 -0.172485 -0.350785
vn 0.938565 -0.204490 -0.277991
vn 0.926167 -0.132016 -0.353253
vn 0.928969 -0.298020 -0.219545
vn 0.717356 0.593249 0.365317
vn 0.737128 0.500907 0.453581
vn 0.750931 0.497675 0.434076
vn 0.723489 0.601218 0.339266
vn 0.761884 0.416661 0.495909
vn 0.775997 0.379286 0.503954
vn 0.788722 0.311007 0.530275
vn 0.803077 0.249742 0.541015
vn 0.777714 0.481700 0.403890
vn 0.718899 0.598655 0.353264
vn 0.814984 0.334632 0.473099
vn 0.831005 0.192157 0.522022
vn 0.805891 0.425697 0.411488
vn 0.731606 0.557302 0.392642
vn 0.854478 0.279359 0.437980
vn 0.865925 0.147010 0.478082
vn 0.828010 0.449721 0.334889
vn 0.865470 0.304249 0.397987
vn 0.891211 0.204292 0.404979
vn 0.891119 0.133407 0.433717
vn 0.795198 0.484748 0.364251
vn 0.803466 0.528238 0.274602
vn 0.857634 0.433362 0.276878
vn 0.777233 0.437736 0.451990
vn 0.755283 0.397092 0.521408
vn 0.773146 0.519034 0.364485
vn 0.766803 0.577263 0.280679
vn 0.765568 0.472016 0.437158
vn 0.766416 0.514527 0.384535
vn 0.750222 0.585648 0.306892
vn 0.772803 0.464494 0.432460
vn 0.744591 0.418903 0.519716
vn 0.764945 0.397751 0.506610
vn 0.749939 0.506599 0.425382
vn 0.729777 0.587710 0.349318
vn 0.768719 0.445694 0.458725
vn 0.781417 0.361339 0.508745
vn 0.786621 0.255972 0.561877
vn 0.807757 0.190330 0.557945
vn 0.755378 0.318869 0.572474
vn 0.730783 0.368996 0.574280
vn 0.929877 0.307938 0.201256
vn 0.924802 0.197462 0.325192
vn 0.955777 0.180707 0.232027
vn 0.967435 0.234835 0.094459
vn 0.910957 0.167007 0.377181
vn 0.931407 0.153012 0.330255
vn 0.900740 0.149355 0.407873
vn 0.917381 0.135419 0.374265
vn 0.988079 0.122520 0.093212
vn 0.984177 0.175957 -0.020859
vn 0.973833 0.095358 0.206291
vn 0.948686 0.079842 0.305975
vn 0.996911 -0.007520 -0.078184
vn 0.989777 0.038679 -0.137278
vn 0.999091 0.038889 -0.017462
vn 0.976486 -0.010572 0.215321
vn 0.962995 -0.152300 -0.222364
vn 0.975210 -0.150815 -0.161929
vn 0.957945 -0.075028 -0.276972
vn 0.979186 -0.059663 -0.193996
vn 0.990818 -0.125595 0.050065
vn 0.939097 -0.302570 -0.162937
vn 0.951609 -0.270408 -0.146009
vn 0.928151 -0.248337 -0.277244
vn 0.908887 -0.192407 -0.370005
vn 0.921662 -0.178702 -0.344391
vn 0.969221 -0.162713 -0.184755
vn 0.953681 -0.252544 -0.163442
vn 0.941124 -0.284995 -0.181834
vn 0.953620 -0.209396 -0.216248
vn 0.932931 -0.181984 -0.310679
vn 0.912451 -0.162726 -0.375437
vn 0.925940 -0.129642 -0.354722
vn 0.976806 -0.131842 -0.168726
vn 0.960666 -0.166129 -0.222537
vn 0.981579 -0.145886 -0.123369
vn 0.968862 -0.195599 -0.151817
vn 0.932901 -0.188207 -0.307041
vn 0.896175 -0.130519 -0.424070
vn 0.942513 -0.123964 -0.310327
vn 0.965533 -0.121188 -0.230348
vn 0.979686 -0.175678 -0.096712
vn 0.969750 -0.243753 -0.012999
vn 0.952155 -0.247166 -0.179752
vn 0.883843 -0.219617 -0.413025
vn 0.951857 -0.244174 -0.185332
vn 0.909900 -0.330360 -0.250887
vn 0.973737 -0.200607 -0.107672
vn 0.989140 -0.135040 0.058029
vn 0.964997 -0.103810 0.240843
vn 0.934205 -0.067059 0.350377
vn 0.918370 0.026692 0.394822
vn 0.897534 0.088430 0.431986
vn 0.880751 0.080663 0.466659
vn 0.874126 0.057357 0.482300
vn 0.620270 0.383334 0.684339
vn 0.683696 0.374764 0.626188
vn 0.677727 0.375510 0.632201
vn 0.717815 0.296911 0.629750
vn 0.597224 0.354353 0.719553
vn 0.559533 0.243084 0.792359
vn 0.691114 0.154956 0.705939
vn 0.527301 0.110426 0.842473
vn 0.650926 0.026899 0.758664
vn 0.736543 0.347611 0.580234
vn 0.715468 0.372904 0.590803
vn 0.778954 0.226984 0.584559
vn 0.762682 0.305113 0.570282
vn 0.702493 0.359527 0.614202
vn 0.755181 0.083904 0.650125
vn 0.719997 -0.029741 0.693339
vn 0.754248 0.308512 0.579595
vn 0.786061 0.244049 0.567933
vn 0.806362 0.165013 0.567936
vn 0.783251 0.030331 0.620965
vn 0.752864 -0.073391 0.654072
vn 0.769147 0.247171 0.589339
vn 0.796345 0.175060 0.578954
vn 0.816205 0.102741 0.568555
vn 0.799033 -0.018208 0.601012
vn 0.773147 -0.121456 0.622489
vn 0.820683 0.105121 0.561630
vn 0.800185 0.172254 0.574484
vn 0.836258 0.035435 0.547190
vn 0.825432 -0.077027 0.559222
vn 0.806624 -0.169003 0.566388
vn 0.845576 0.045932 0.531875
vn 0.825304 0.103846 0.555058
vn 0.861015 -0.043575 0.506710
vn 0.852612 -0.136523 0.504395
vn 0.840879 -0.201279 0.502404
vn 0.850640 -0.237191 0.469203
vn 0.862080 -0.260004 0.434990
vn 0.863380 -0.180349 0.471221
vn 0.855556 -0.165249 0.490629
vn 0.862094 -0.269555 0.429109
vn 0.856608 -0.230087 0.461825
vn 0.875024 -0.221115 0.430630
vn 0.886963 -0.274155 0.371667
vn 0.790953 -0.129656 0.597982
vn 0.826167 -0.161412 0.539810
vn 0.758986 -0.095139 0.644119
vn 0.720227 -0.059508 0.691181
vn 0.665310 -0.005480 0.746547
vn 0.535521 0.063360 0.842142
vn 0.418613 0.152983 0.895187
vn 0.459022 0.319347 0.829046
vn 0.509365 0.370396 0.776759
vn 0.604422 0.390113 0.694612
vn 0.845640 0.011486 0.533630
vn 0.838709 0.080321 0.538623
vn 0.822857 0.127915 0.553665
vn 0.838760 0.049111 0.542282
vn 0.857868 -0.041853 0.512163
vn 0.856743 -0.006975 0.515696
vn 0.854758 -0.025995 0.518376
vn 0.867473 -0.105394 0.486192
vn 0.861287 -0.049221 0.505729
vn 0.862773 -0.092900 0.496984
vn 0.860546 -0.079898 0.503067
vn 0.863305 -0.007523 0.504627
vn 0.861043 0.052614 0.505804
vn 0.863152 -0.003448 0.504933
vn 0.861178 -0.056521 0.505152
vn 0.863294 -0.118511 0.490591
vn 0.893222 -0.063720 0.445078
vn 0.881484 -0.008137 0.472143
vn 0.912927 -0.087492 0.398634
vn 0.866067 -0.217279 0.450242
vn 0.926800 -0.185844 0.326348
vn 0.921766 -0.320349 0.218457
vn 0.878625 -0.319222 0.355127
vn 0.918085 -0.373177 0.133634
vn 0.894558 -0.375682 0.242134
vn 0.918142 -0.332083 -0.216184
vn 0.947199 -0.320545 -0.008015
vn 0.976097 -0.189158 -0.107025
vn 0.940820 -0.170120 -0.293117
vn 0.912100 -0.380403 0.152862
vn 0.923357 -0.382557 0.032579
vn 0.902068 -0.386893 0.191279
vn 0.901977 -0.422884 0.087220
vn 0.992182 -0.107338 -0.063666
vn 0.993430 -0.091467 -0.068775
vn 0.923033 -0.376837 -0.077493
vn 0.904783 -0.423749 -0.042480
vn 0.979662 -0.157573 -0.124231
vn 0.991403 -0.130843 -0.001117
vn 0.904563 -0.370731 -0.210532
vn 0.911886 -0.374950 -0.166965
vn 0.874512 -0.337213 -0.348591
vn 0.936992 -0.212177 -0.277539
vn 0.924748 -0.282955 -0.254515
vn 0.887203 -0.283079 -0.364332
vn 0.897452 -0.219377 -0.382692
vn 0.950880 -0.215147 -0.222573
vn 0.935786 -0.163756 -0.312231
vn 0.890179 -0.201331 -0.408715
vn 0.905798 -0.163640 -0.390835
vn 0.911562 -0.206454 -0.355571
vn 0.957639 -0.137185 -0.253197
vn 0.923431 -0.382364 0.032750
vn 0.906397 -0.155741 -0.392668
vn 0.896766 -0.185613 -0.401696
vn 0.892076 -0.155423 -0.424316
vn 0.927795 -0.060430 -0.368164
vn 0.978519 -0.072305 -0.193060
vn 0.958586 0.006840 -0.284721
vn 0.983416 -0.128499 -0.127990
vn 0.977566 -0.168708 -0.126108
vn 0.959594 -0.269637 -0.080469
vn 0.935377 -0.353649 -0.001476
vn 0.922784 -0.375522 0.086328
vn 0.923104 -0.342736 0.174389
vn 0.898732 -0.368043 0.238381
vn 0.887046 -0.339400 0.312982
vn 0.874025 -0.305964 0.377446
vn 0.891624 -0.342411 0.296245
vn 0.909654 -0.307766 0.278943
vn 0.935361 -0.237236 0.262332
vn 0.955181 -0.256940 0.147008
vn 0.942639 -0.228928 0.242948
vn 0.952896 -0.270194 0.137783
vn 0.950209 -0.227531 0.212915
vn 0.953032 -0.277100 0.122255
vn 0.958036 -0.280096 0.060934
vn 0.959271 -0.279096 0.043648
vn 0.954694 -0.294855 0.040244
vn 0.958502 -0.284522 0.017946
vn 0.955356 -0.295406 0.005520
vn 0.955597 -0.294647 -0.004314
vn 0.968155 -0.246989 -0.040905
vn 0.953589 -0.296612 -0.051865
vn 0.959913 -0.276566 -0.045583
vn 0.975660 -0.192017 -0.105907
vn 0.956656 -0.259900 -0.131381
vn 0.963987 -0.238220 -0.118236
vn 0.973543 -0.162724 -0.160420
vn 0.949950 -0.217247 -0.224498
vn 0.958502 -0.178062 -0.222640
vn 0.961494 -0.107218 -0.253050
vn 0.929584 -0.162786 -0.330719
vn 0.944801 -0.127840 -0.301675
vn 0.941660 -0.026391 -0.335529
vn 0.924650 -0.080531 -0.372206
vn 0.942648 -0.080788 -0.323865
vn 0.882472 -0.236435 -0.406622
vn 0.858958 -0.189602 -0.475649
vn 0.897566 -0.308427 -0.315038
vn 0.888244 -0.411835 -0.203504
vn 0.877372 -0.470234 -0.095385
vn 0.872554 -0.487968 -0.023162
vn 0.874415 -0.483630 0.038744
vn 0.879303 -0.459055 0.126866
vn 0.875970 -0.417473 0.241645
vn 0.927595 -0.170373 0.332477
vn 0.853584 -0.362256 0.374387
vn 0.922646 -0.182503 0.339730
vn 0.912085 -0.216675 0.348069
vn 0.949939 0.033509 -0.310635
vn 0.945646 0.007846 -0.325105
vn 0.948968 0.051556 -0.311128
vn 0.938694 0.028583 -0.343565
vn 0.930467 -0.032972 -0.364888
vn 0.931781 0.014810 -0.362719
vn 0.943089 -0.030480 -0.331140
vn 0.952839 -0.012161 -0.303233
vn 0.925333 0.113959 -0.361625
vn 0.905286 0.058373 -0.420774
vn 0.925555 0.111607 -0.361790
vn 0.956248 0.077827 -0.282014
vn 0.879553 0.184323 -0.438647
vn 0.841079 0.141588 -0.522052
vn 0.902257 0.202673 -0.380600
vn 0.936463 0.203300 -0.285842
vn 0.788793 0.339425 -0.512442
vn 0.717165 0.286886 -0.635115
vn 0.848743 0.330329 -0.412937
vn 0.907171 0.305990 -0.288809
vn 0.678139 0.500829 -0.537864
vn 0.538825 0.458522 -0.706700
vn 0.788799 0.468170 -0.398262
vn 0.882958 0.400216 -0.245382
vn 0.585085 0.638753 -0.499670
vn 0.387181 0.621543 -0.681011
vn 0.742404 0.579782 -0.335693
vn 0.854189 0.492252 -0.167478
vn 0.520185 0.746039 -0.415733
vn 0.296073 0.735314 -0.609635
vn 0.679651 0.687978 -0.254480
vn 0.764869 0.632051 -0.124446
vn 0.510541 0.784707 -0.351543
vn 0.604481 0.767994 -0.211630
vn 0.632464 0.763601 -0.130012
vn 0.705959 0.654839 -0.269827
vn 0.562085 0.784634 -0.261552
vn 0.808815 0.503548 -0.303740
vn 0.845969 0.390013 -0.363629
vn 0.856129 0.297925 -0.422236
vn 0.874296 0.194891 -0.444549
vn 0.893746 0.047996 -0.445998
vn 0.886889 -0.047408 -0.459544
vn 0.862059 -0.097058 -0.497428
vn 0.916066 -0.163183 -0.366326
vn 0.891650 -0.181451 -0.414773
vn 0.870393 -0.163414 -0.464448
vn 0.908005 -0.177016 -0.379727
vn 0.856435 -0.164994 -0.489180
vn 0.823259 -0.146570 -0.548418
vn 0.898640 -0.062183 -0.434258
vn 0.860466 -0.074147 -0.504084
vn 0.827074 -0.111923 -0.550838
vn 0.863196 -0.141463 -0.484646
vn 0.775979 -0.073911 -0.626413
vn 0.818371 -0.017152 -0.574434
vn 0.752247 -0.035868 -0.657904
vn 0.789773 -0.072087 -0.609148
vn 0.690632 0.030056 -0.722581
vn 0.760166 0.068252 -0.646134
vn 0.667413 0.164830 -0.726217
vn 0.658576 0.039084 -0.751499
vn 0.725906 0.004249 -0.687780
vn 0.572367 0.154553 -0.805301
vn 0.507936 0.322315 -0.798821
vn 0.542318 0.243036 -0.804254
vn 0.633097 0.200239 -0.747725
vn 0.418063 0.371079 -0.829170
vn 0.321141 0.516659 -0.793683
vn 0.392772 0.522571 -0.756736
vn 0.276800 0.613947 -0.739223
vn 0.204741 0.678105 -0.705872
vn 0.252772 -0.309187 -0.916793
vn 0.067840 -0.314671 -0.946773
vn 0.079096 -0.146964 -0.985974
vn 0.272087 -0.143103 -0.951572
vn -0.085811 -0.308834 -0.947237
vn -0.069081 -0.147294 -0.986678
vn -0.209909 -0.312761 -0.926347
vn -0.192214 -0.136077 -0.971873
vn -0.411334 -0.302314 -0.859890
vn -0.390009 -0.113466 -0.913793
vn -0.587166 -0.272312 -0.762287
vn -0.563727 -0.105524 -0.819193
vn -0.663732 -0.251851 -0.704295
vn -0.650233 -0.106045 -0.752298
vn -0.773764 -0.213800 -0.596304
vn -0.764395 -0.080599 -0.639690
vn 0.094009 0.032766 -0.995032
vn 0.282043 0.026420 -0.959038
vn -0.054572 0.041828 -0.997633
vn -0.185832 0.063980 -0.980496
vn -0.362229 0.080991 -0.928564
vn -0.516161 0.068214 -0.853771
vn -0.620877 0.045042 -0.782613
vn -0.842671 -0.068049 -0.534112
vn -0.816771 0.019069 -0.576647
vn -0.741732 0.037335 -0.669656
vn 0.089953 0.195006 -0.976668
vn 0.267108 0.180047 -0.946698
vn -0.058938 0.209010 -0.976136
vn -0.193391 0.235036 -0.952553
vn -0.335112 0.249458 -0.908554
vn -0.454798 0.225924 -0.861462
vn -0.566294 0.177344 -0.804898
vn -0.788538 0.096621 -0.607349
vn -0.704805 0.132418 -0.696933
vn 0.059311 0.355872 -0.932651
vn 0.223499 0.318930 -0.921049
vn -0.066669 0.379075 -0.922961
vn -0.192144 0.382074 -0.903936
vn -0.309914 0.368381 -0.876498
vn -0.393470 0.333332 -0.856780
vn -0.504044 0.282664 -0.816114
vn -0.757739 0.208453 -0.618368
vn -0.655459 0.237356 -0.716963
vn 0.022065 0.470212 -0.882278
vn 0.186783 0.460713 -0.867673
vn -0.084548 0.484879 -0.870485
vn -0.178957 0.499260 -0.847770
vn -0.264852 0.481479 -0.835483
vn -0.328378 0.433436 -0.839227
vn -0.453457 0.384947 -0.803861
vn -0.720603 0.304025 -0.623138
vn -0.605240 0.345185 -0.717309
vn 0.028130 0.575425 -0.817371
vn 0.177896 0.583664 -0.792268
vn -0.087757 0.563248 -0.821614
vn -0.185203 0.570739 -0.799973
vn -0.224558 0.580230 -0.782883
vn -0.261761 0.553658 -0.790534
vn -0.414444 0.497695 -0.761929
vn -0.667987 0.384225 -0.637310
vn -0.561209 0.447496 -0.696270
vn 0.052441 0.674486 -0.736423
vn 0.032007 0.707513 -0.705975
vn 0.086037 0.679504 -0.728609
vn 0.143292 0.650197 -0.746131
vn -0.061824 0.672395 -0.737606
vn -0.185545 0.664233 -0.724133
vn -0.212747 0.670870 -0.710403
vn -0.211120 0.666493 -0.714994
vn -0.364240 0.614453 -0.699841
vn -0.514393 0.540327 -0.665918
vn -0.601207 0.475944 -0.641894
vn -0.553757 0.542224 -0.631939
vn -0.470267 0.609841 -0.637920
vn 0.576876 -0.215430 -0.787911
vn 0.375151 -0.278572 -0.884115
vn 0.413517 -0.127899 -0.901469
vn 0.614602 -0.095847 -0.782993
vn 0.428429 0.020383 -0.903345
vn 0.628796 0.026450 -0.777120
vn 0.416376 0.161633 -0.894710
vn 0.615308 0.169532 -0.769841
vn 0.386109 0.284470 -0.877495
vn 0.597839 0.282748 -0.750095
vn 0.347954 0.436894 -0.829489
vn 0.568627 0.418009 -0.708472
vn 0.299787 0.562411 -0.770598
vn 0.505262 0.549000 -0.665815
vn 0.231431 0.614915 -0.753869
vn 0.429181 0.645857 -0.631405
vn -0.065979 0.722022 -0.688717
vn -0.048381 0.802382 -0.594846
vn 0.073345 0.787357 -0.612119
vn -0.183360 0.718139 -0.671309
vn -0.167925 0.797872 -0.578966
vn -0.214454 0.716906 -0.663367
vn -0.210019 0.787076 -0.580003
vn -0.189534 0.719880 -0.667719
vn -0.194585 0.786631 -0.585959
vn -0.302693 0.690527 -0.656925
vn -0.278574 0.778181 -0.562877
vn -0.494476 0.708868 -0.502990
vn -0.678911 0.588505 -0.439023
vn -0.787176 0.453082 -0.418414
vn -0.850921 0.330736 -0.408101
vn -0.877389 0.291954 -0.380725
vn -0.901943 0.227843 -0.366861
vn -0.931271 0.092219 -0.352464
vn -0.947530 0.017714 -0.319177
vn -0.963104 -0.032918 -0.267108
vn -0.856548 -0.177081 -0.484735
vn -0.974317 -0.101242 -0.201137
vn -0.853990 -0.262966 -0.448943
vn -0.977097 -0.135241 -0.164292
vn -0.667216 -0.376311 -0.642817
vn -0.764889 -0.326491 -0.555291
vn -0.584205 -0.410862 -0.699926
vn -0.413278 -0.459083 -0.786412
vn -0.232622 -0.473677 -0.849422
vn -0.100271 -0.463216 -0.880555
vn 0.065093 -0.458775 -0.886165
vn 0.240346 -0.447120 -0.861579
vn 0.579224 -0.365657 -0.728557
vn 0.368791 -0.428474 -0.824866
vn 0.225491 -0.954053 0.197325
vn 0.119203 -0.977773 0.172482
vn 0.142261 -0.987759 0.063991
vn 0.245344 -0.966268 0.078308
vn -0.016869 -0.988533 0.150060
vn 0.003041 -0.999018 0.044195
vn -0.190595 -0.975031 0.113964
vn -0.178322 -0.983914 0.010691
vn -0.376130 -0.924739 0.058182
vn -0.385582 -0.921749 -0.041305
vn -0.516303 -0.856403 -0.002175
vn -0.541674 -0.835267 -0.094438
vn -0.610206 -0.789182 -0.069571
vn -0.649983 -0.747395 -0.137562
vn 0.151431 -0.987503 -0.043667
vn 0.242161 -0.969773 -0.029974
vn -0.012626 -0.997825 -0.064703
vn -0.209297 -0.972942 -0.097874
vn -0.425850 -0.895043 -0.132477
vn -0.576415 -0.800656 -0.163387
vn -0.698000 -0.695845 -0.169104
vn -0.712228 -0.678863 -0.178540
vn -0.674784 -0.716785 -0.175745
vn 0.197863 -0.968617 -0.150436
vn 0.224834 -0.967286 -0.117510
vn 0.118915 -0.974898 -0.188237
vn -0.066050 -0.973289 -0.219878
vn -0.268898 -0.935611 -0.228748
vn -0.487310 -0.849361 -0.202768
vn -0.620068 -0.761967 -0.186871
vn -0.713017 -0.685054 -0.149356
vn -0.681525 -0.710860 -0.173787
vn 0.147453 -0.945081 -0.291684
vn 0.218166 -0.941438 -0.257097
vn 0.045296 -0.942188 -0.332009
vn -0.126345 -0.926330 -0.354893
vn -0.312133 -0.886364 -0.341952
vn -0.526665 -0.803212 -0.278344
vn -0.645976 -0.730057 -0.223006
vn -0.716763 -0.674200 -0.178056
vn -0.681478 -0.703607 -0.201309
vn 0.089689 -0.892977 -0.441075
vn 0.213611 -0.885580 -0.412455
vn -0.021846 -0.881859 -0.471007
vn -0.169046 -0.859954 -0.481562
vn -0.339965 -0.820917 -0.458823
vn -0.540261 -0.749664 -0.382259
vn -0.661581 -0.682733 -0.310139
vn -0.755512 -0.594991 -0.274201
vn -0.708651 -0.645839 -0.284087
vn 0.049643 -0.799952 -0.598007
vn 0.220233 -0.783361 -0.581243
vn -0.073025 -0.787935 -0.611413
vn -0.206426 -0.761521 -0.614389
vn -0.366032 -0.720128 -0.589437
vn -0.553021 -0.654920 -0.515021
vn -0.677348 -0.591843 -0.436946
vn -0.803543 -0.488888 -0.339568
vn -0.738706 -0.552177 -0.386541
vn 0.047707 -0.644447 -0.763160
vn 0.231945 -0.614836 -0.753776
vn -0.103024 -0.647684 -0.754912
vn -0.234963 -0.628737 -0.741271
vn -0.395005 -0.591187 -0.703185
vn -0.570039 -0.527598 -0.629837
vn -0.674916 -0.480498 -0.560009
vn -0.838397 -0.370721 -0.399572
vn -0.751941 -0.442466 -0.488680
vn 0.613092 -0.740212 0.276052
vn 0.363812 -0.899726 0.241111
vn 0.327443 -0.939140 0.103913
vn 0.578722 -0.804262 0.135065
vn 0.301538 -0.953437 0.005725
vn 0.546072 -0.837284 0.027596
vn 0.288783 -0.952886 -0.092808
vn 0.525519 -0.848437 -0.063123
vn 0.299303 -0.924595 -0.235673
vn 0.535538 -0.821346 -0.196444
vn 0.344466 -0.850783 -0.396877
vn 0.581047 -0.733215 -0.353243
vn 0.393518 -0.732592 -0.555385
vn 0.627331 -0.603613 -0.492044
vn 0.400541 -0.575944 -0.712640
vn 0.623592 -0.475841 -0.620249
vn -0.968658 -0.190504 -0.159403
vn -0.940616 -0.302425 -0.154209
vn -0.895642 -0.427894 -0.121375
vn -0.839038 -0.542780 -0.037495
vn -0.808987 -0.585942 -0.047033
vn -0.803610 -0.575482 -0.151760
vn -0.786767 -0.579774 -0.211800
vn -0.662744 -0.735045 -0.143105
vn -0.732501 -0.633310 -0.249721
vn -0.601014 -0.790433 -0.118314
vn -0.634436 -0.732482 -0.246903
vn -0.468863 -0.881722 0.052293
vn -0.552705 -0.832680 -0.034063
vn -0.353699 -0.927076 0.124201
vn -0.184129 -0.963077 0.196414
vn -0.029363 -0.966680 0.254300
vn 0.094916 -0.951574 0.292401
vn 0.207518 -0.921073 0.329484
vn 0.626187 -0.664094 0.408496
vn 0.387144 -0.840299 0.379496
vn 0.580631 0.095142 0.808589
vn 0.702246 -0.012385 0.711827
vn 0.669006 0.116428 0.734082
vn 0.742322 -0.034381 0.669161
vn 0.770950 0.098051 0.629303
vn 0.776735 -0.082031 0.624463
vn 0.728364 -0.079462 0.680567
vn 0.739738 -0.105617 0.664555
vn 0.729202 -0.161047 0.665078
vn 0.754712 -0.115865 0.645744
vn 0.744321 -0.151259 0.650467
vn 0.732664 -0.180681 0.656169
vn 0.793369 -0.139587 0.592520
vn 0.769491 -0.183270 0.611797
vn 0.767840 -0.173528 0.616693
vn 0.831676 -0.155905 0.532924
vn 0.805472 -0.195824 0.559346
vn 0.811738 -0.159224 0.561898
vn 0.869632 -0.175595 0.461419
vn 0.857727 -0.189361 0.477962
vn 0.853470 -0.200789 0.480908
vn 0.864654 -0.144410 0.481164
vn 0.892404 -0.197214 0.405858
vn 0.891637 -0.185693 0.412919
vn 0.898937 -0.138820 0.415501
vn 0.842399 -0.282057 0.459138
vn 0.815977 -0.232293 0.529359
vn 0.766505 -0.230124 0.599594
vn 0.716665 -0.251868 0.650349
vn 0.652637 -0.284221 0.702342
vn 0.621561 -0.300486 0.723443
vn 0.674400 -0.236166 0.699579
vn 0.685772 -0.040672 0.726680
vn 0.645269 0.304156 0.700798
vn 0.562623 0.172424 0.808533
vn 0.547142 0.255178 0.797195
vn 0.457693 0.163589 0.873931
vn -0.087818 -0.320096 0.943306
vn 0.017384 -0.444011 0.895853
vn 0.069837 -0.495007 0.866078
vn -0.043579 -0.365875 0.929643
vn -0.157961 -0.279526 0.947055
vn -0.208064 -0.270110 0.940080
vn -0.181425 -0.281018 0.942398
vn -0.267301 -0.267233 0.925817
vn -0.261970 -0.270188 0.926483
vn -0.309814 -0.262308 0.913898
vn -0.307421 -0.269009 0.912758
vn -0.304255 -0.251860 0.918693
vn -0.306912 -0.274889 0.911175
vn -0.144116 -0.411625 0.899887
vn -0.079854 -0.564480 0.821575
vn 0.104514 -0.557608 0.823499
vn -0.260236 -0.387747 0.884268
vn -0.224183 -0.544282 0.808393
vn -0.329916 -0.375541 0.866097
vn -0.333930 -0.518008 0.787501
vn -0.347514 -0.379303 0.857534
vn -0.383794 -0.507137 0.771696
vn -0.008830 -0.628600 0.777679
vn 0.192610 -0.584783 0.787991
vn -0.177760 -0.640119 0.747429
vn -0.318246 -0.630690 0.707778
vn -0.388681 -0.613016 0.687850
vn 0.050167 -0.711076 0.701323
vn 0.275325 -0.632670 0.723827
vn -0.159545 -0.766585 0.622007
vn -0.309216 -0.754910 0.578357
vn -0.371778 -0.741567 0.558444
vn 0.099394 -0.825818 0.555108
vn 0.305606 -0.732087 0.608814
vn -0.061177 -0.855001 0.515006
vn -0.212755 -0.851774 0.478766
vn -0.306561 -0.839307 0.448981
vn -0.366383 -0.837522 0.405364
vn 0.114733 -0.889248 0.442804
vn 0.262198 -0.822297 0.505054
vn -0.014069 -0.908400 0.417865
vn -0.185099 -0.899919 0.394821
vn -0.310012 -0.876268 0.368845
vn -0.369285 -0.869042 0.329232
vn -0.427556 -0.860979 0.275521
vn 0.099435 -0.921135 0.376329
vn 0.214897 -0.878201 0.427298
vn -0.009764 -0.942399 0.334349
vn -0.164453 -0.943552 0.287515
vn -0.322133 -0.916670 0.236531
vn -0.415467 -0.893292 0.171511
vn -0.510761 -0.858504 0.045774
vn 0.141124 -0.145714 0.979210
vn -0.121471 -0.294805 0.947805
vn 0.249324 -0.287450 0.924776
vn 0.302517 -0.453052 0.838587
vn 0.173725 -0.569233 0.803613
vn 0.345132 -0.503528 0.792050
vn 0.295664 -0.574401 0.763313
vn 0.440852 -0.493920 0.749461
vn 0.407099 -0.578231 0.707049
vn 0.538414 -0.477667 0.694223
vn 0.449380 -0.617825 0.645252
vn 0.587716 -0.475057 0.654913
vn 0.426013 -0.700506 0.572541
vn 0.606984 -0.523882 0.597594
vn 0.399504 -0.776371 0.487487
vn 0.622139 -0.592636 0.511592
vn -0.279956 -0.128607 0.951360
vn -0.287207 -0.134031 0.948445
vn -0.230452 -0.140306 0.962916
vn -0.133281 -0.126207 0.983010
vn 0.007017 -0.108538 0.994068
vn 0.332640 0.197870 0.922062
vn 0.231850 0.212425 0.949274
vn 0.191726 0.193581 0.962168
vn 0.365399 0.186892 0.911896
vn 0.176060 0.190192 0.965831
vn 0.091153 0.151849 0.984192
vn 0.128245 0.156911 0.979251
vn 0.048215 0.099549 0.993864
vn 0.054332 0.117824 0.991547
vn -0.024650 0.070299 0.997221
vn 0.199811 0.291546 0.935455
vn 0.421868 0.297512 0.856454
vn 0.026720 0.220107 0.975110
vn -0.053384 0.098203 0.993734
vn -0.102463 0.004254 0.994728
vn 0.200166 0.402609 0.893219
vn 0.458681 0.404161 0.791369
vn -0.015346 0.347287 0.937633
vn -0.105938 0.274202 0.955819
vn -0.096245 0.186990 0.977636
vn 0.345879 0.270947 0.898307
vn 0.080241 0.255607 0.963445
vn -0.102358 0.221287 0.969822
vn -0.173571 0.222496 0.959359
vn -0.145648 0.194593 0.970010
vn 0.443468 0.166477 0.880694
vn 0.366197 0.214948 0.905371
vn 0.454337 0.271980 0.848295
vn 0.535851 0.217281 0.815875
vn 0.509368 0.118847 0.852302
vn 0.428843 0.071087 0.900578
vn 0.366875 0.112965 0.923386
vn 0.358744 0.303663 0.882662
vn 0.553041 0.317014 0.770485
vn 0.279253 0.240513 0.929608
vn 0.300266 0.157131 0.940824
vn 0.239279 0.103012 0.965471
vn 0.218217 0.182976 0.958593
vn 0.154424 0.116745 0.981083
vn 0.370244 0.305474 0.877271
vn -0.784279 -0.435470 -0.441896
vn -0.787266 -0.448850 -0.422784
vn -0.881556 -0.357956 -0.307777
vn -0.947556 -0.243390 -0.207118
vn -0.945389 -0.312972 -0.091039
vn -0.814324 -0.281729 -0.507449
vn -0.857038 -0.170194 -0.486333
vn -0.970666 -0.210282 0.116571
vn -0.999992 0.004084 -0.000330
vn -0.983724 -0.030978 0.176996
vn -0.924533 -0.081013 -0.372391
vn -0.961913 0.084972 0.259812
vn -0.991760 0.116720 0.052808
vn -0.938337 0.181081 0.294506
vn -0.967040 -0.034652 -0.252256
vn -0.985623 0.165481 0.034107
vn -0.908072 0.277571 0.313623
vn -0.809669 -0.434672 -0.394330
vn -0.897877 -0.352435 -0.263831
vn -0.931119 -0.355534 -0.081318
vn -0.928553 -0.349511 0.125027
vn -0.953104 -0.229969 0.196741
vn -0.975077 -0.078683 0.207448
vn -0.973815 0.038704 0.224024
vn -0.955664 0.136165 0.261087
vn -0.873467 0.180879 0.452038
vn -0.926169 0.113853 0.359510
vn -0.993539 0.032834 0.108635
vn -0.953448 -0.132929 -0.270677
vn -0.954248 -0.159746 -0.252770
vn -0.953281 -0.160704 -0.255791
vn -0.949002 -0.139880 -0.282539
vn -0.938170 -0.096585 -0.332427
vn -0.924461 0.012117 -0.381085
vn -0.893819 0.190608 -0.405901
vn -0.678407 0.495324 -0.542603
vn -0.877452 0.315403 -0.361385
vn -0.678778 0.566939 -0.466734
vn -0.872299 0.404502 -0.274723
vn -0.977735 -0.032318 0.207341
vn -0.979006 -0.070198 0.191360
vn -0.982091 0.038593 0.184412
vn -0.984948 0.053276 0.164439
vn -0.988875 0.057522 0.137176
vn -0.988181 0.137940 0.066861
vn -0.975547 0.219641 -0.008173
vn -0.962510 0.265839 -0.053894
vn -0.869663 0.034059 0.492471
vn -0.849987 0.037904 0.525438
vn -0.884904 0.082662 0.458380
vn -0.884193 0.109986 0.453988
vn -0.896700 0.137781 0.420649
vn -0.920641 0.174175 0.349403
vn -0.929775 0.250765 0.269509
vn -0.939785 0.291428 0.178531
vn -0.925181 0.047061 0.376598
vn -0.951661 0.045034 0.303831
vn -0.968380 0.057639 0.242730
vn -0.970276 0.108433 0.216348
vn -0.961289 0.216874 0.169970
vn -0.960693 0.257688 0.103271
vn -0.950813 0.302561 0.066421
vn -0.914783 0.401637 0.043119
vn -0.868857 0.495041 0.004702
vn -0.809347 0.583062 -0.070692
vn -0.864550 0.482470 -0.140627
vn -0.771342 0.591220 -0.235563
vn -0.243808 0.936811 -0.250884
vn -0.495692 0.831115 -0.252066
vn -0.138907 0.961390 -0.237557
vn -0.079842 0.967838 -0.238568
vn -0.003605 0.964749 -0.263145
vn 0.121174 0.944620 -0.304976
vn 0.238625 0.838508 -0.489859
vn 0.319818 0.883762 -0.341585
vn 0.472450 0.811920 -0.342895
vn -0.294738 0.904309 -0.308796
vn -0.557978 0.786805 -0.263815
vn -0.173635 0.933469 -0.313825
vn -0.109198 0.943997 -0.311361
vn -0.026600 0.952497 -0.303384
vn 0.118775 0.946245 -0.300853
vn 0.316061 0.904578 -0.286084
vn 0.497307 0.833929 -0.239267
vn -0.309664 0.903419 -0.296551
vn -0.565151 0.800109 -0.201070
vn -0.189162 0.927204 -0.323281
vn -0.138631 0.943656 -0.300490
vn -0.053987 0.963448 -0.262398
vn 0.113237 0.965226 -0.235620
vn 0.306162 0.929498 -0.205664
vn 0.487075 0.857664 -0.164834
vn -0.545839 0.800442 -0.247695
vn -0.294878 0.883654 -0.363597
vn -0.196609 0.897118 -0.395631
vn -0.174488 0.913380 -0.367820
vn -0.101464 0.935294 -0.339012
vn 0.056840 0.942693 -0.328785
vn 0.234243 0.919377 -0.316033
vn 0.403536 0.868115 -0.289023
vn 0.815685 -0.329922 -0.475194
vn 0.854596 -0.276226 -0.439732
vn 0.806359 -0.426584 -0.409648
vn 0.839528 -0.389782 -0.378502
vn 0.864641 -0.406922 -0.294637
vn 0.842402 -0.437661 -0.314343
vn 0.858788 -0.177960 -0.480430
vn 0.874169 -0.260375 -0.409919
vn 0.855920 -0.364228 -0.367069
vn 0.866603 -0.134369 -0.480567
vn 0.898641 -0.198433 -0.391241
vn 0.895103 -0.268281 -0.356113
vn 0.874482 -0.013992 -0.484855
vn 0.913922 -0.148549 -0.377730
vn 0.923815 -0.218896 -0.314086
vn 0.835895 0.237287 -0.494949
vn 0.632282 0.392676 -0.667851
vn 0.909972 0.038547 -0.412873
vn 0.943058 -0.099053 -0.317537
vn 0.698043 0.523318 -0.488748
vn 0.457980 0.576108 -0.677019
vn 0.841810 0.337628 -0.421146
vn 0.942061 0.131240 -0.308701
vn 0.603354 0.649384 -0.462887
vn 0.761797 0.546531 -0.347807
vn 0.900701 0.366722 -0.232924
vn 0.552224 0.699130 -0.454166
vn 0.664128 0.697425 -0.269319
vn 0.765798 0.628690 -0.135289
vn 0.906314 0.301517 -0.296113
vn 0.789554 0.572464 -0.221107
vn 0.931103 0.074324 -0.357104
vn 0.914846 -0.126800 -0.383378
vn 0.893026 -0.226009 -0.389134
vn 0.853126 -0.321286 -0.411038
vn 0.811596 -0.399239 -0.426521
vn 0.833059 -0.397559 -0.384656
vn 0.870332 -0.364559 -0.331088
vn 0.850749 -0.233267 -0.470970
vn 0.846641 -0.275268 -0.455440
vn 0.758176 -0.281531 -0.588141
vn 0.742699 -0.245563 -0.622974
vn 0.547165 0.833962 -0.071538
vn 0.348907 0.933100 -0.087113
vn 0.379094 0.905666 -0.189887
vn 0.522836 0.825701 -0.211803
vn 0.162358 0.974534 -0.154672
vn 0.206472 0.953937 -0.217656
vn 0.047584 0.975450 -0.215018
vn 0.071292 0.965241 -0.251451
vn -0.101653 0.964984 -0.241813
vn -0.085097 0.955851 -0.281262
vn -0.210699 0.945240 -0.249253
vn -0.186378 0.926832 -0.325954
vn -0.299270 0.916606 -0.265088
vn -0.283488 0.887192 -0.364040
vn -0.543581 0.796839 -0.263757
vn -0.502559 0.778446 -0.376106
vn 0.374901 0.840575 -0.391003
vn 0.472815 0.768957 -0.430293
vn 0.234832 0.894035 -0.381516
vn 0.086426 0.915637 -0.392606
vn -0.068086 0.914768 -0.398202
vn -0.160054 0.899579 -0.406375
vn -0.271847 0.869633 -0.412114
vn -0.486941 0.779972 -0.393106
vn -0.705515 0.612997 -0.355646
vn -0.712036 0.594943 -0.372890
vn -0.771742 0.579586 -0.261713
vn -0.552126 0.758474 -0.346229
vn -0.773128 0.550462 -0.315063
vn -0.315606 0.871704 -0.374867
vn -0.228480 0.894614 -0.384009
vn -0.123661 0.902603 -0.412330
vn 0.017361 0.914482 -0.404254
vn 0.152858 0.926321 -0.344332
vn 0.365388 0.897264 -0.247809
vn 0.576366 0.796651 -0.182070
vn 0.851754 -0.366423 -0.374499
vn 0.758695 -0.265856 -0.594729
vn 0.870968 -0.283053 -0.401617
vn 0.772699 -0.100475 -0.626771
vn 0.711099 -0.032481 -0.702342
vn 0.815977 -0.096733 -0.569934
vn 0.805719 -0.197797 -0.558295
vn 0.839267 -0.162534 -0.518858
vn 0.745892 -0.170400 -0.643902
vn 0.854432 -0.012454 -0.519414
vn 0.767643 0.158776 -0.620898
vn 0.759680 0.142089 -0.634585
vn 0.866681 0.032377 -0.497812
vn 0.846310 -0.019718 -0.532326
vn 0.770998 -0.031194 -0.636073
vn 0.764345 -0.078607 -0.639998
vn 0.769978 0.091356 -0.631496
vn 0.748399 0.178535 -0.638768
vn 0.805162 0.141707 -0.575876
vn 0.884208 0.064628 -0.462600
vn 0.894425 0.066609 -0.442229
vn 0.819850 0.020506 -0.572211
vn 0.735271 -0.207459 -0.645242
vn 0.689285 -0.193583 -0.698149
vn 0.720484 -0.153056 -0.676370
vn 0.756985 -0.147586 -0.636547
vn 0.816369 -0.157992 -0.555499
vn 0.879099 -0.171240 -0.444816
vn 0.867337 -0.182909 -0.462895
vn 0.806907 -0.237838 -0.540680
vn 0.469910 -0.859942 -0.199210
vn 0.395572 -0.915621 -0.071837
vn 0.372881 -0.908561 -0.188353
vn 0.488820 -0.827539 -0.276105
vn 0.355107 -0.933066 -0.057327
vn 0.305770 -0.941000 -0.144994
vn 0.277878 -0.960418 -0.019520
vn 0.274809 -0.956250 -0.100334
vn 0.230007 -0.972795 0.027676
vn 0.267402 -0.963166 -0.028425
vn 0.167485 -0.980280 0.104884
vn 0.191324 -0.979170 0.067979
vn 0.030095 -0.973799 0.225412
vn 0.040298 -0.984630 0.169939
vn 0.326483 -0.933871 -0.145923
vn 0.381308 -0.899520 -0.213231
vn 0.338954 -0.935862 -0.096301
vn 0.311339 -0.949456 -0.040011
vn 0.173794 -0.984131 0.035792
vn 0.005043 -0.993872 0.110418
vn -0.001365 -0.974974 0.222316
vn 0.004669 -0.993660 0.112330
vn 0.369788 -0.914580 -0.163710
vn 0.394756 -0.890809 -0.225006
vn 0.365735 -0.922443 -0.123842
vn 0.265612 -0.959958 -0.089056
vn 0.100434 -0.993965 -0.044126
vn -0.050368 -0.998409 0.025361
vn -0.043752 -0.998974 0.011664
vn 0.365319 -0.899210 -0.240757
vn 0.399918 -0.872785 -0.279843
vn 0.297947 -0.924759 -0.236745
vn 0.161303 -0.964332 -0.209870
vn 0.019698 -0.987305 -0.157609
vn -0.116494 -0.989101 -0.090048
vn -0.140547 -0.985521 -0.094842
vn 0.278303 -0.882490 -0.379156
vn 0.383083 -0.831789 -0.401715
vn 0.172207 -0.903020 -0.393573
vn 0.076353 -0.924022 -0.374639
vn -0.061110 -0.948725 -0.310139
vn -0.217808 -0.944672 -0.245265
vn -0.278173 -0.928066 -0.247614
vn 0.154597 -0.831024 -0.534321
vn 0.322966 -0.775573 -0.542384
vn 0.072310 -0.839570 -0.538418
vn 0.017496 -0.847303 -0.530821
vn -0.137390 -0.869498 -0.474445
vn -0.316214 -0.860355 -0.399746
vn -0.427177 -0.819975 -0.380999
vn 0.080721 -0.760728 -0.644032
vn 0.257029 -0.709049 -0.656647
vn 0.014073 -0.767975 -0.640325
vn -0.047786 -0.761450 -0.646460
vn -0.196504 -0.761197 -0.618033
vn -0.394049 -0.737543 -0.548411
vn -0.568871 -0.662259 -0.487646
vn 0.641141 -0.658971 -0.393314
vn 0.685122 -0.615234 -0.389995
vn 0.496401 -0.820039 -0.284821
vn 0.692628 -0.621435 -0.366175
vn 0.485091 -0.820342 -0.302863
vn 0.652948 -0.621052 -0.433535
vn 0.468770 -0.810457 -0.351302
vn 0.622990 -0.610006 -0.489669
vn 0.442834 -0.775505 -0.449988
vn 0.576129 -0.585741 -0.570073
vn 0.425250 -0.712935 -0.557571
vn 0.543762 -0.537090 -0.644870
vn 0.425460 -0.623353 -0.656060
vn 0.581348 -0.468022 -0.665575
vn 0.450650 -0.530934 -0.717651
vn 0.651024 -0.427152 -0.627462
vn 0.063447 -0.672629 -0.737255
vn 0.252721 -0.621944 -0.741160
vn -0.039384 -0.671789 -0.739695
vn -0.112659 -0.656716 -0.745676
vn -0.240934 -0.639837 -0.729767
vn -0.443457 -0.595848 -0.669561
vn -0.654215 -0.501933 -0.565744
vn -0.775232 -0.499709 -0.386403
vn -0.844830 -0.344334 -0.409507
vn -0.643308 -0.696587 -0.317680
vn -0.474708 -0.864304 -0.166226
vn -0.314206 -0.949351 -0.002736
vn -0.209128 -0.972346 0.103965
vn -0.149479 -0.958508 0.242731
vn -0.161426 -0.918687 0.360495
vn -0.033086 -0.953397 0.299898
vn -0.199211 -0.897725 0.392944
vn -0.039129 -0.933871 0.355464
vn -0.192990 -0.896003 0.399918
vn 0.174451 -0.958286 0.226394
vn 0.019912 -0.949609 0.312805
vn 0.274112 -0.945439 0.176092
vn 0.330043 -0.932639 0.145797
vn 0.380315 -0.920311 0.091583
vn 0.384967 -0.922005 0.041314
vn 0.378288 -0.925671 -0.005564
vn 0.257592 -0.878249 -0.402896
vn 0.344689 -0.932219 0.110261
vn 0.336611 -0.888797 0.311020
vn 0.369508 -0.862205 0.346507
vn 0.367957 -0.911732 0.182625
vn 0.388805 -0.800007 0.456967
vn 0.366841 -0.856004 0.364260
vn 0.359014 -0.902159 0.239202
vn 0.402644 -0.780348 0.478471
vn 0.462395 -0.661686 0.590223
vn 0.445354 -0.660274 0.604730
vn 0.521270 -0.509482 0.684621
vn 0.491615 -0.523679 0.695755
vn 0.577724 -0.380587 0.722072
vn 0.538476 -0.410277 0.736014
vn 0.631348 -0.228695 0.741012
vn 0.578306 -0.246497 0.777690
vn 0.647067 -0.126400 0.751883
vn 0.640933 -0.205711 0.739519
vn 0.593390 -0.217568 0.774954
vn 0.590141 -0.131909 0.796451
vn 0.325890 -0.864842 0.381897
vn 0.348742 -0.895299 0.277162
vn 0.335672 -0.790922 0.511631
vn 0.368489 -0.679139 0.634812
vn 0.409901 -0.554493 0.724237
vn 0.449837 -0.446522 0.773476
vn 0.483310 -0.283296 0.828345
vn 0.525151 -0.211477 0.824314
vn 0.505311 -0.159315 0.848104
vn 0.319924 -0.895911 0.308209
vn 0.179198 -0.866717 0.465499
vn 0.191323 -0.913000 0.360314
vn 0.159398 -0.801787 0.575959
vn 0.180145 -0.707700 0.683161
vn 0.249037 -0.591182 0.767128
vn 0.331813 -0.485774 0.808656
vn 0.404424 -0.328143 0.853676
vn 0.447943 -0.192088 0.873184
vn 0.434425 -0.185833 0.881329
vn 0.031534 -0.849070 0.527338
vn 0.029825 -0.908177 0.417522
vn 0.017944 -0.781628 0.623487
vn 0.032436 -0.713741 0.699659
vn 0.102303 -0.615023 0.781844
vn 0.190158 -0.517730 0.834143
vn 0.266679 -0.372199 0.889017
vn 0.376083 -0.177955 0.909337
vn 0.334711 -0.212970 0.917939
vn -0.009028 -0.897240 0.441451
vn -0.143761 -0.868625 0.474155
vn 0.020243 -0.832850 0.553129
vn -0.104752 -0.803535 0.585967
vn 0.036508 -0.771944 0.634641
vn -0.095938 -0.747956 0.656779
vn 0.058759 -0.721101 0.690334
vn -0.087866 -0.695487 0.713146
vn 0.094441 -0.629240 0.771452
vn -0.059194 -0.599514 0.798172
vn 0.141390 -0.536805 0.831775
vn -0.021275 -0.511995 0.858725
vn 0.206223 -0.415790 0.885771
vn 0.025355 -0.394318 0.918624
vn 0.299948 -0.251429 0.920225
vn 0.094409 -0.195176 0.976214
vn 0.282589 -0.083111 0.955634
vn 0.408624 -0.136899 0.902378
vn 0.497890 -0.162224 0.851932
vn 0.588925 -0.161702 0.791846
vn 0.654228 -0.156406 0.739948
vn -0.655245 -0.422831 -0.625994
vn -0.617115 -0.324300 -0.716937
vn -0.457225 -0.355798 -0.815079
vn -0.455021 -0.485279 -0.746633
vn -0.600613 -0.142616 -0.786718
vn -0.470362 -0.193587 -0.860978
vn -0.615676 0.035711 -0.787190
vn -0.488531 -0.021033 -0.872293
vn -0.639514 0.172042 -0.749282
vn -0.484158 0.142392 -0.863317
vn -0.650545 0.255120 -0.715336
vn -0.450071 0.263980 -0.853083
vn -0.635080 0.297199 -0.712984
vn -0.406625 0.365185 -0.837434
vn -0.586960 0.396209 -0.706043
vn -0.372997 0.490856 -0.787359
vn -0.288341 -0.400726 -0.869642
vn -0.264933 -0.532889 -0.803642
vn -0.310019 -0.246903 -0.918111
vn -0.317800 -0.060302 -0.946238
vn -0.305406 0.144120 -0.941253
vn -0.272650 0.301684 -0.913591
vn -0.226885 0.417817 -0.879746
vn -0.362188 0.585324 -0.725407
vn -0.209366 0.611420 -0.763106
vn -0.201728 0.535180 -0.820298
vn -0.138235 -0.435358 -0.889581
vn -0.134608 -0.548072 -0.825529
vn -0.146199 -0.282610 -0.948028
vn -0.124633 -0.076064 -0.989283
vn -0.099776 0.123785 -0.987280
vn -0.101884 0.304360 -0.947093
vn -0.096501 0.451300 -0.887139
vn -0.109151 0.592685 -0.798004
vn -0.089143 0.543034 -0.834966
vn -0.067550 -0.433226 -0.898750
vn -0.075091 -0.545276 -0.834887
vn -0.037723 -0.279979 -0.959265
vn -0.004713 -0.063944 -0.997942
vn 0.023437 0.114356 -0.993163
vn 0.037945 0.276853 -0.960163
vn 0.019793 0.429017 -0.903080
vn -0.019730 0.575993 -0.817216
vn -0.010079 0.527514 -0.849486
vn 0.090841 -0.426772 -0.899785
vn 0.064539 -0.549402 -0.833062
vn 0.138686 -0.276050 -0.951085
vn 0.162131 -0.089938 -0.982662
vn 0.158200 0.091581 -0.983151
vn 0.147896 0.242146 -0.958901
vn 0.124148 0.370779 -0.920386
vn 0.120097 0.584954 -0.802126
vn 0.104859 0.503262 -0.857748
vn 0.354734 -0.417746 -0.836452
vn 0.302365 -0.516924 -0.800853
vn 0.380180 -0.299481 -0.875085
vn 0.381631 -0.148411 -0.912322
vn 0.370057 0.015835 -0.928874
vn 0.338244 0.154133 -0.928350
vn 0.320201 0.305313 -0.896803
vn 0.325607 0.607309 -0.724677
vn 0.346395 0.511363 -0.786459
vn 0.496915 -0.448591 -0.742860
vn 0.685922 -0.399783 -0.608016
vn 0.545674 -0.388210 -0.742652
vn 0.691375 -0.369254 -0.621009
vn 0.568771 -0.337174 -0.750209
vn 0.697205 -0.372728 -0.612355
vn 0.570791 -0.216359 -0.792077
vn 0.720140 -0.288943 -0.630802
vn 0.573263 -0.073898 -0.816032
vn 0.741434 -0.151132 -0.653785
vn 0.579003 0.034482 -0.814596
vn 0.764803 -0.051058 -0.642238
vn 0.606555 0.220906 -0.763735
vn 0.798510 0.148601 -0.583353
vn 0.612757 0.437154 -0.658350
vn 0.784276 0.364690 -0.501908
vn 0.375868 0.728301 -0.572975
vn 0.151065 0.726305 -0.670568
vn -0.009043 0.703767 -0.710374
vn -0.133820 0.704004 -0.697475
vn -0.228519 0.714016 -0.661785
vn -0.313723 0.703060 -0.638188
vn -0.472953 0.641139 -0.604365
vn -0.649198 0.510318 -0.564019
vn -0.527876 0.501790 -0.685240
vn -0.764374 0.316266 -0.561879
vn -0.815782 0.275677 -0.508431
vn -0.808213 0.230324 -0.541980
vn -0.808327 0.249672 -0.533171
vn -0.791245 0.150081 -0.592796
vn -0.791691 -0.032910 -0.610035
vn -0.816509 -0.239808 -0.525172
vn -0.847246 -0.310153 -0.431252
vn -0.992874 0.093990 0.073263
vn -0.948914 0.182937 0.257091
vn -0.968633 0.183298 0.167788
vn -0.988286 0.150566 0.024906
vn -0.985842 0.000393 0.167678
vn -0.996318 -0.036837 0.077420
vn -0.951437 -0.286037 -0.113800
vn -0.948146 -0.288135 -0.134157
vn -0.972572 0.231612 0.021440
vn -0.960455 0.274578 -0.046184
vn -0.992472 0.014435 -0.121616
vn -0.948444 -0.172039 -0.266189
vn -0.967609 0.221252 -0.121577
vn -0.944309 0.320095 -0.076292
vn -0.957352 0.022973 -0.288011
vn -0.929237 -0.086472 -0.359223
vn -0.949732 0.167944 -0.264204
vn -0.948435 0.297644 -0.108994
vn -0.919382 0.024631 -0.392595
vn -0.920495 0.020084 -0.390237
vn -0.932576 0.081598 -0.351630
vn -0.967429 0.183273 -0.174621
vn -0.910276 0.079094 -0.406377
vn -0.909935 0.181263 -0.373045
vn -0.909219 0.160556 -0.384112
vn -0.959710 0.126434 -0.250941
vn -0.894096 0.255867 -0.367592
vn -0.873641 0.345687 -0.342421
vn -0.840786 0.386267 -0.379312
vn -0.908474 0.311212 -0.278965
vn -0.830528 0.442246 -0.338587
vn -0.814910 0.455940 -0.357827
vn -0.974453 -0.119519 -0.190147
vn -0.969055 -0.045928 -0.242534
vn -0.942254 0.149592 -0.299632
vn -0.920555 0.277749 -0.274653
vn -0.922365 0.313043 -0.226378
vn -0.935046 0.264757 -0.235782
vn -0.939532 0.166831 -0.299077
vn -0.900417 0.285155 -0.328536
vn -0.983296 0.151973 0.100170
vn -0.973118 -0.136030 -0.185840
vn -0.940674 0.243024 0.236795
vn -0.992767 0.089538 0.079981
vn -0.973380 -0.137196 -0.183601
vn -0.898535 -0.370757 -0.234892
vn -0.921464 -0.329171 -0.206280
vn -0.941156 -0.267118 -0.207059
vn -0.920401 -0.326564 -0.214983
vn -0.963925 -0.249974 -0.091441
vn -0.965716 -0.210582 -0.151815
vn -0.957735 -0.163844 -0.236428
vn -0.945524 -0.194224 -0.261268
vn -0.954693 -0.033187 -0.295735
vn -0.946865 -0.070320 -0.313851
vn -0.965989 -0.141213 -0.216620
vn -0.926517 0.133805 -0.351656
vn -0.931830 0.084633 -0.352889
vn -0.889421 0.265401 -0.372147
vn -0.889400 0.267317 -0.370823
vn -0.953547 0.012827 -0.300973
vn -0.916851 0.190159 -0.351033
vn -0.886755 0.288641 -0.361043
vn -0.824855 0.413459 -0.385571
vn -0.808941 0.407372 -0.423866
vn -0.967592 -0.250997 -0.027679
vn -0.932155 -0.312122 -0.183488
vn -0.916800 -0.296779 -0.267206
vn -0.947911 -0.281608 -0.148868
vn -0.942539 -0.327177 0.067642
vn -0.940424 -0.311230 0.136890
vn -0.952653 -0.299303 -0.053575
vn -0.899794 -0.352041 0.257754
vn -0.905166 -0.306224 0.294791
vn -0.851795 -0.349320 0.390411
vn -0.859543 -0.299243 0.414294
vn -0.819920 -0.335334 0.463986
vn -0.832316 -0.298578 0.467013
vn -0.810211 -0.334760 0.481139
vn -0.826190 -0.292781 0.481342
vn -0.808518 -0.327003 0.489252
vn -0.820385 -0.276114 0.500728
vn -0.944001 -0.234380 0.232222
vn -0.968270 -0.234200 0.087196
vn -0.914506 -0.224779 0.336381
vn -0.876449 -0.227090 0.424579
vn -0.850578 -0.249491 0.462894
vn -0.837079 -0.250797 0.486210
vn -0.828038 -0.305349 0.470229
vn -0.814193 -0.342060 0.469132
vn -0.817666 -0.353444 0.454422
vn -0.798012 -0.360063 0.483251
vn -0.864689 -0.345616 0.364504
vn -0.916787 -0.313834 0.247003
vn -0.972537 -0.221164 0.072517
vn -0.987105 -0.111952 -0.114418
vn -0.996728 0.036885 0.071925
vn -0.988878 -0.075606 0.128076
vn -0.965424 0.115504 0.233700
vn -0.956895 0.223924 0.184958
vn -0.920871 -0.247746 0.301028
vn -0.930753 -0.045202 0.362845
vn -0.836818 -0.355380 0.416461
vn -0.888329 -0.168086 0.427339
vn -0.773658 -0.410051 0.483023
vn -0.834282 -0.269005 0.481259
vn -0.706075 -0.445888 0.550129
vn -0.775290 -0.353666 0.523302
vn -0.675496 -0.487027 0.553633
vn -0.752954 -0.416428 0.509558
vn -0.696174 -0.532392 0.481561
vn -0.764024 -0.451069 0.461306
vn -0.983537 0.021889 0.179378
vn -0.983400 0.163017 0.079690
vn -0.941885 -0.139413 0.305640
vn -0.894589 -0.237271 0.378700
vn -0.842295 -0.290380 0.454112
vn -0.810002 -0.319885 0.491498
vn -0.819188 -0.330223 0.468918
vn -0.830705 -0.330618 0.447907
vn -0.836459 -0.302836 0.456757
vn -0.790629 -0.426601 0.439223
vn -0.712241 -0.554551 0.430332
vn -0.544469 -0.683580 0.486078
vn -0.526495 -0.727284 0.440297
vn -0.518786 -0.666006 0.536001
vn -0.529498 -0.698198 0.481821
vn -0.590093 -0.724142 0.356944
vn -0.663202 -0.703608 0.255144
vn -0.794176 -0.600990 0.089976
vn -0.909442 -0.404308 -0.097211
vn -0.957502 -0.236717 -0.164785
vn -0.693507 -0.539677 0.477280
vn -0.666902 -0.501482 0.551142
vn -0.810221 -0.327312 0.486218
vn -0.804604 -0.369255 0.465041
vn -0.656684 -0.456996 0.599933
vn -0.797045 -0.292768 0.528210
vn -0.659667 -0.384245 0.645907
vn -0.775638 -0.232001 0.586993
vn -0.652602 -0.297202 0.696980
vn -0.767025 -0.158005 0.621858
vn -0.636037 -0.212237 0.741898
vn -0.754150 -0.087322 0.650871
vn -0.601412 -0.079750 0.794949
vn -0.690780 0.000107 0.723065
vn -0.522527 0.099568 0.846789
vn -0.549687 0.103216 0.828970
vn -0.854335 -0.233707 0.464212
vn -0.840679 -0.268941 0.470031
vn -0.851328 -0.185764 0.490645
vn -0.829508 -0.127717 0.543695
vn -0.807146 -0.085525 0.584124
vn -0.779658 -0.045470 0.624553
vn -0.722158 0.026581 0.691217
vn -0.625910 0.120763 0.770489
vn -0.492196 0.210126 0.844743
vn -0.397372 0.165007 0.902700
vn -0.383402 0.203537 0.900875
vn -0.336356 -0.010265 0.941679
vn -0.205314 0.141001 0.968486
vn -0.369709 -0.238876 0.897916
vn -0.379314 -0.381990 0.842736
vn -0.408853 -0.467559 0.783727
vn -0.435101 -0.559770 0.705226
vn -0.420147 -0.627837 0.655207
vn -0.418323 -0.683518 0.598172
vn -0.466215 -0.731610 0.497385
vn -0.128867 0.211925 0.968752
vn 0.152209 0.192789 0.969363
vn 0.012501 0.203013 0.979096
vn -0.224145 0.203381 0.953098
vn 0.357113 0.198588 0.912707
vn 0.290645 0.152527 0.944596
vn 0.511680 0.221109 0.830237
vn 0.505037 0.108968 0.856191
vn 0.611925 0.203112 0.764391
vn 0.587183 0.061836 0.807089
vn -0.151558 0.268860 0.951181
vn -0.340623 0.264482 0.902234
vn 0.149377 0.238247 0.959648
vn 0.423975 0.170729 0.889436
vn 0.523072 0.073818 0.849086
vn 0.644871 0.148035 0.749818
vn 0.541752 0.158582 0.825443
vn 0.416600 0.101691 0.903385
vn 0.285474 0.073525 0.955562
vn 0.050467 0.126999 0.990618
vn -0.339410 -0.095892 -0.935738
vn -0.283880 0.012105 -0.958784
vn -0.189081 -0.066583 -0.979702
vn -0.260592 -0.161697 -0.951812
vn -0.222262 0.104499 -0.969371
vn -0.093712 -0.008966 -0.995559
vn -0.058825 0.222943 -0.973055
vn 0.088977 0.104237 -0.990564
vn 0.177406 0.331840 -0.926504
vn 0.272864 0.192848 -0.942526
vn 0.325748 0.377694 -0.866738
vn 0.398235 0.241160 -0.885014
vn 0.453496 0.395134 -0.798881
vn 0.520291 0.257233 -0.814327
vn 0.587532 0.400941 -0.702889
vn 0.622129 0.266353 -0.736215
vn -0.048362 -0.081468 -0.995502
vn -0.151037 -0.194828 -0.969139
vn 0.079797 -0.043109 -0.995879
vn 0.245791 0.041570 -0.968431
vn 0.364781 0.098752 -0.925842
vn 0.480635 0.142396 -0.865282
vn 0.589993 0.170201 -0.789266
vn 0.655553 0.166767 -0.736504
vn 0.198294 -0.154696 -0.967858
vn 0.086320 -0.271666 -0.958513
vn 0.318552 -0.079914 -0.944531
vn 0.412443 -0.044423 -0.909900
vn 0.471711 -0.021412 -0.881493
vn 0.574887 0.049988 -0.816704
vn 0.644697 0.096495 -0.758324
vn 0.679069 0.125110 -0.723335
vn 0.439481 -0.284587 -0.851978
vn 0.361967 -0.380276 -0.851099
vn 0.517505 -0.178219 -0.836915
vn 0.538572 -0.143941 -0.830194
vn 0.568460 -0.129239 -0.812497
vn 0.647198 -0.047196 -0.760859
vn 0.673542 0.004206 -0.739137
vn 0.708293 0.066868 -0.702745
vn 0.551426 -0.388171 -0.738412
vn 0.497932 -0.477047 -0.724217
vn 0.609043 -0.290390 -0.738066
vn 0.626516 -0.251388 -0.737755
vn 0.650911 -0.219289 -0.726792
vn 0.685376 -0.150108 -0.712550
vn 0.717866 -0.070977 -0.692554
vn 0.782141 0.010602 -0.623011
vn 0.599284 -0.499074 -0.625926
vn 0.547553 -0.588159 -0.595193
vn 0.682213 -0.378533 -0.625538
vn 0.696570 -0.348187 -0.627340
vn 0.720832 -0.303180 -0.623284
vn 0.758596 -0.249897 -0.601734
vn 0.812091 -0.161157 -0.560835
vn 0.859021 -0.040215 -0.510359
vn 0.644022 -0.624639 -0.441658
vn 0.590543 -0.692128 -0.414991
vn 0.751786 -0.479316 -0.452851
vn 0.765245 -0.441954 -0.468056
vn 0.809901 -0.372439 -0.453155
vn 0.850971 -0.303659 -0.428531
vn 0.881118 -0.234977 -0.410388
vn 0.910286 -0.122566 -0.395420
vn -0.400623 -0.230763 -0.886707
vn -0.322142 -0.343781 -0.882066
vn -0.231181 -0.405915 -0.884188
vn -0.052687 -0.464331 -0.884093
vn 0.197198 -0.566637 -0.800022
vn 0.332154 -0.656133 -0.677616
vn 0.395573 -0.731291 -0.555639
vn 0.469094 -0.787683 -0.399383
vn 0.626792 -0.743476 -0.233186
vn 0.498381 -0.836249 -0.228699
vn 0.670752 -0.698668 -0.248909
vn 0.760857 -0.586652 -0.277373
vn 0.818924 -0.489400 -0.299752
vn 0.873327 -0.393770 -0.286783
vn 0.900194 -0.329571 -0.284663
vn 0.928674 -0.243264 -0.279977
vn 0.946797 -0.170758 -0.272794
vn 0.898342 -0.094109 -0.429098
vn 0.913807 0.081184 -0.397952
vn 0.937386 -0.056110 -0.343743
vn 0.932993 -0.183454 -0.309628
vn 0.858191 -0.004846 -0.513308
vn 0.883943 0.148052 -0.443538
vn 0.830875 0.065851 -0.552550
vn 0.866458 0.152006 -0.475547
vn 0.769647 0.138159 -0.623342
vn 0.815451 0.162144 -0.555651
vn 0.728894 0.155537 -0.666725
vn 0.772137 0.155294 -0.616189
vn 0.709407 0.173430 -0.683128
vn 0.747094 0.178743 -0.640236
vn 0.682875 0.279692 -0.674873
vn 0.729850 0.282724 -0.622404
vn 0.664613 0.401709 -0.630015
vn 0.721340 0.414409 -0.554919
vn 0.672256 0.498103 -0.547691
vn 0.749263 0.502287 -0.431639
vn 0.423969 0.514963 -0.745026
vn 0.566602 0.509609 -0.647504
vn 0.273634 0.502522 -0.820120
vn 0.073661 0.475354 -0.876706
vn -0.173731 0.384551 -0.906608
vn -0.323940 0.273177 -0.905780
vn -0.392026 0.174739 -0.903207
vn -0.467777 0.051117 -0.882367
vn -0.538017 -0.068899 -0.840113
vn 0.772917 0.430541 -0.466085
vn 0.871962 0.409486 -0.268335
vn 0.902754 0.283165 -0.323810
vn 0.783747 0.289622 -0.549418
vn 0.950166 0.307658 0.050316
vn 0.973604 0.224533 0.040998
vn 0.945241 0.205629 0.253450
vn 0.950413 0.144621 0.275318
vn 0.929100 0.202383 -0.309539
vn 0.808735 0.187283 -0.557559
vn 0.977051 0.201696 0.068485
vn 0.935650 0.168404 0.310161
vn 0.956272 0.171053 -0.237246
vn 0.851494 0.159209 -0.499610
vn 0.978178 0.187492 0.089527
vn 0.926020 0.221245 0.305839
vn 0.948221 0.272953 -0.162399
vn 0.884661 0.211201 -0.415654
vn 0.953462 0.289812 0.083188
vn 0.912682 0.325855 0.246640
vn 0.909991 0.391564 -0.136359
vn 0.902990 0.271384 -0.333106
vn 0.891276 0.451674 0.040218
vn 0.873190 0.461439 0.156889
vn 0.879524 0.447740 -0.161139
vn 0.896065 0.322858 -0.304679
vn 0.837161 0.546938 0.004502
vn 0.825329 0.554560 0.106276
vn 0.850050 0.470035 -0.237661
vn 0.896339 0.303589 -0.323128
vn 0.783846 0.617564 -0.064810
vn 0.777127 0.626607 0.058638
vn 0.917555 0.185058 -0.351918
vn 0.838014 0.456809 -0.298427
vn 0.718687 0.680655 -0.142118
vn 0.712199 0.701472 -0.026627
vn 0.824837 0.559370 0.082158
vn 0.776939 0.629576 -0.000279
vn 0.863638 0.471587 0.178146
vn 0.894448 0.365598 0.257489
vn 0.929021 0.220086 0.297461
vn 0.943395 0.112480 0.312015
vn 0.942234 0.179785 0.282618
vn 0.919144 0.293053 0.263239
vn 0.908895 0.401463 0.112861
vn 0.860027 0.491406 -0.137380
vn 0.805273 0.506318 -0.308509
vn 0.968921 0.176835 0.172980
vn 0.987301 0.074631 0.140239
vn 0.986503 0.162608 -0.019269
vn 0.994189 0.072564 -0.079522
vn 0.963256 0.065084 -0.260579
vn 0.970123 0.090296 -0.225184
vn 0.981923 0.158471 0.103504
vn 0.985187 0.083334 -0.149871
vn 0.945492 0.078674 -0.316000
vn 0.913344 0.398710 0.082664
vn 0.934430 0.288213 -0.209221
vn 0.887164 0.188470 -0.421212
vn 0.843631 0.536687 -0.015934
vn 0.855273 0.466980 -0.224583
vn 0.827608 0.341420 -0.445530
vn 0.766377 0.638613 -0.069577
vn 0.757884 0.608642 -0.234877
vn 0.745749 0.501591 -0.438480
vn 0.918735 -0.066445 -0.389245
vn 0.936969 0.070730 -0.342180
vn 0.916053 -0.178229 -0.359279
vn 0.914931 0.029664 -0.402519
vn 0.903484 0.126029 -0.409675
vn 0.876357 0.160399 -0.454169
vn 0.849441 0.170182 -0.499487
vn 0.838565 0.205885 -0.504401
vn 0.801962 0.258428 -0.538583
vn 0.802799 0.249643 -0.541472
vn 0.745728 0.384839 -0.543864
vn 0.761254 0.332516 -0.556710
vn 0.910552 -0.263521 -0.318516
vn 0.913793 -0.218833 -0.342191
vn 0.894833 -0.200108 -0.399037
vn 0.918657 -0.068372 -0.389094
vn 0.951037 0.049853 -0.305030
vn 0.916508 -0.115043 -0.383116
vn 0.919416 0.343421 -0.191667
vn 0.955431 0.188621 -0.227100
vn 0.865593 -0.044725 -0.498747
vn 0.881651 0.140644 -0.450455
vn 0.853448 -0.095307 -0.512390
vn 0.949650 0.100413 -0.296787
vn 0.829122 0.109760 -0.548188
vn 0.845128 0.023622 -0.534041
vn 0.959473 0.093554 -0.265820
vn 0.818456 0.188918 -0.542623
vn 0.832217 0.246439 -0.496671
vn 0.851037 0.153416 -0.502195
vn 0.944187 0.217463 -0.247429
vn 0.811768 0.242037 -0.531461
vn 0.853592 0.235341 -0.464753
vn 0.940473 0.271927 -0.203878
vn 0.786078 0.314285 -0.532266
vn 0.787224 0.293932 -0.542109
vn 0.860227 0.310933 -0.404141
vn 0.949064 0.291981 -0.118425
vn 0.768086 0.340646 -0.542222
vn 0.865903 0.368074 -0.338724
vn 0.943045 0.332644 -0.003807
vn 0.751223 0.340179 -0.565635
vn 0.745562 0.369948 -0.554324
vn 0.876956 0.358140 -0.320443
vn 0.966131 0.250307 0.062744
vn 0.955332 0.252024 0.154356
vn 0.963551 0.175909 0.201559
vn 0.965652 0.246590 0.081909
vn 0.957251 0.287601 0.030922
vn 0.958918 0.283626 0.005645
vn 0.975452 0.219681 0.015279
vn 0.945491 0.323965 -0.033065
vn 0.908774 0.415576 -0.037777
vn 0.870588 0.485995 -0.076717
vn 0.826376 0.500105 -0.258840
vn 0.793728 0.578061 -0.189319
vn 0.903260 0.258613 -0.342404
vn 0.911741 -0.098595 -0.398758
vn 0.886344 -0.273584 -0.373560
vn 0.788634 0.599569 0.136287
vn 0.662235 0.685875 0.301696
vn 0.714883 0.589288 0.376406
vn 0.814349 0.547692 0.192014
vn 0.466222 0.733313 0.494863
vn 0.530307 0.633020 0.563968
vn 0.295564 0.746717 0.595865
vn 0.370837 0.656900 0.656478
vn 0.055090 0.734513 0.676355
vn 0.148336 0.615931 0.773709
vn -0.243514 0.612446 0.752071
vn -0.147225 0.498925 0.854048
vn -0.411404 0.471855 0.779807
vn -0.334001 0.384599 0.860539
vn -0.469959 0.368482 0.802097
vn -0.406731 0.266183 0.873909
vn 0.748343 0.509904 0.424242
vn 0.844112 0.479255 0.240395
vn 0.590880 0.554293 0.586192
vn 0.427404 0.571747 0.700308
vn 0.209071 0.517996 0.829439
vn -0.053673 0.414038 0.908676
vn -0.249032 0.289862 0.924101
vn -0.342793 0.154019 0.926699
vn 0.781011 0.441122 0.442078
vn 0.880405 0.372661 0.293277
vn 0.644010 0.482940 0.593313
vn 0.482209 0.483720 0.730404
vn 0.267753 0.414328 0.869851
vn 0.046979 0.297333 0.953617
vn -0.145684 0.178326 0.973127
vn -0.277711 0.050348 0.959344
vn 0.810015 0.377293 0.448916
vn 0.890213 0.355241 0.285174
vn 0.699370 0.373823 0.609211
vn 0.555044 0.346871 0.756047
vn 0.343861 0.268793 0.899728
vn 0.138920 0.192564 0.971401
vn -0.058037 0.095591 0.993727
vn -0.223248 -0.042962 0.973815
vn 0.847083 0.273844 0.455477
vn 0.916317 0.273836 0.292195
vn 0.746532 0.259649 0.612595
vn 0.611870 0.197920 0.765796
vn 0.431590 0.123503 0.893576
vn 0.256244 0.078030 0.963458
vn 0.051509 -0.024826 0.998364
vn -0.134449 -0.145970 0.980110
vn 0.876772 0.175794 0.447623
vn 0.936005 0.182154 0.301188
vn 0.785013 0.147688 0.601617
vn 0.649144 0.082193 0.756212
vn 0.501712 0.006611 0.865010
vn 0.371877 -0.052820 0.926778
vn 0.162698 -0.150785 0.975086
vn -0.034070 -0.257484 0.965682
vn 0.892820 0.116041 0.435210
vn 0.941131 0.154819 0.300505
vn 0.812975 0.057103 0.579492
vn 0.688638 -0.016871 0.724909
vn 0.547317 -0.108691 0.829838
vn 0.454902 -0.193757 0.869208
vn 0.296355 -0.316299 0.901182
vn 0.114483 -0.428824 0.896105
vn 0.840125 0.541766 0.026063
vn 0.859444 0.505505 0.076285
vn 0.895201 0.433495 0.103425
vn 0.938840 0.302754 0.164074
vn 0.936244 0.317898 0.149626
vn 0.947406 0.278559 0.157564
vn 0.962156 0.201352 0.183614
vn 0.959522 0.187773 0.209903
vn 0.964880 0.145838 0.218491
vn 0.911532 0.028474 0.410243
vn 0.950668 0.095757 0.295061
vn 0.846886 -0.034579 0.530648
vn 0.747161 -0.107443 0.655902
vn 0.600972 -0.217864 0.769005
vn 0.489502 -0.346100 0.800377
vn 0.391868 -0.468547 0.791772
vn 0.262796 -0.561102 0.784922
vn -0.043334 -0.523636 0.850839
vn 0.108075 -0.667003 0.737175
vn -0.183863 -0.366293 0.912153
vn -0.259004 -0.232129 0.937568
vn -0.301817 -0.158649 0.940073
vn -0.339193 -0.078630 0.937425
vn -0.386338 0.026081 0.921988
vn -0.435134 0.136126 0.890016
vn -0.512666 0.255982 0.819541
vn -0.576970 0.494594 0.649986
vn -0.624414 0.390194 0.676651
vn -0.515526 0.600182 0.611567
vn -0.340449 0.747361 0.570567
vn -0.068636 0.848728 0.524357
vn 0.190385 0.859179 0.474937
vn 0.409244 0.832536 0.373368
vn 0.611430 0.766483 0.196613
vn 0.737610 0.674917 0.020485
vn 0.780084 0.617713 -0.099500
vn 0.860336 -0.175487 -0.478568
vn 0.875746 -0.033726 -0.481593
vn 0.859691 -0.052214 -0.508139
vn 0.891628 -0.101252 -0.441303
vn 0.864054 -0.063953 -0.499321
vn 0.860817 0.299535 -0.411428
vn 0.849215 0.244620 -0.467969
vn 0.832866 0.194277 -0.518257
vn 0.796045 0.511766 -0.323122
vn 0.791261 0.465646 -0.396333
vn 0.760146 0.418892 -0.496697
vn 0.783554 0.567896 -0.252065
vn 0.777331 0.539699 -0.323235
vn 0.751069 0.495941 -0.435818
vn 0.787004 0.411325 -0.459823
vn 0.774859 0.471097 -0.421499
vn 0.873941 0.198936 -0.443453
vn 0.937976 0.006750 -0.346634
vn 0.968319 0.025627 -0.248398
vn 0.987297 0.158862 0.002794
vn 0.984814 0.134406 -0.109891
vn 0.974820 0.222070 -0.020282
vn 0.949860 0.258643 0.175701
vn 0.939500 0.335698 0.068164
vn 0.935550 0.255366 -0.243996
vn 0.933538 0.326515 -0.147967
vn 0.899950 0.425316 -0.095897
vn 0.865791 0.408003 -0.289722
vn 0.885077 0.408434 -0.223204
vn 0.858509 0.466126 -0.213749
vn 0.829677 0.470771 -0.300018
vn 0.829407 0.468287 -0.304617
vn 0.794025 0.501067 -0.344175
vn 0.668945 0.736802 -0.098158
vn 0.678514 0.719564 -0.147805
vn 0.655198 0.717553 -0.236292
vn 0.668564 0.706939 -0.230780
vn 0.643867 0.633759 -0.428702
vn 0.666402 0.640404 -0.381826
vn 0.843026 0.482244 -0.238219
vn 0.863042 0.458591 -0.211786
vn 0.895057 0.340983 -0.287409
vn 0.952344 0.145867 -0.267888
vn 0.985840 0.097340 -0.136543
vn 0.993086 -0.034210 -0.112291
vn 0.965921 -0.097871 -0.239622
vn 0.993743 -0.073362 -0.084223
vn 0.994134 -0.102036 -0.035868
vn 0.681963 0.504444 -0.529588
vn 0.690848 0.535223 -0.486072
vn 0.669173 0.597173 -0.442257
vn 0.715180 0.417683 -0.560410
vn 0.716143 0.440879 -0.541077
vn 0.895332 0.348080 -0.277888
vn 0.902868 0.332172 -0.272930
vn 0.889829 0.320674 -0.324612
vn 0.998464 0.050693 0.022376
vn 0.999294 -0.018111 -0.032921
vn 0.994820 0.094717 0.036900
vn 0.995939 -0.082295 0.036505
vn 0.993711 -0.026105 0.108891
vn 0.986692 0.031857 0.159448
vn 0.663094 0.691872 -0.285691
vn 0.492426 0.832526 -0.253806
vn 0.538744 0.835113 -0.111093
vn 0.693238 0.697646 -0.180862
vn 0.254833 0.945431 -0.203030
vn 0.296209 0.955119 -0.002842
vn -0.016219 0.991494 -0.129136
vn 0.024693 0.995008 0.096691
vn -0.291260 0.954477 -0.064347
vn -0.238657 0.959467 0.149888
vn -0.510246 0.859788 -0.020328
vn -0.469718 0.865436 0.174317
vn -0.669676 0.742353 0.021132
vn -0.642444 0.738780 0.203643
vn -0.776156 0.629083 0.042847
vn -0.733968 0.640488 0.225978
vn 0.576985 0.815269 0.049237
vn 0.718872 0.690149 -0.083170
vn 0.346572 0.916739 0.198689
vn 0.087925 0.952385 0.291947
vn -0.169648 0.925743 0.337965
vn -0.413607 0.832576 0.368439
vn -0.595261 0.697456 0.399023
vn -0.672940 0.598721 0.434379
vn 0.749074 0.565203 -0.345592
vn 0.766222 0.594984 -0.242689
vn 0.774232 0.609727 -0.169698
vn -0.741293 0.489994 0.458684
vn -0.828978 0.510199 0.229113
vn -0.885078 0.464546 0.028878
vn -0.803107 0.566964 -0.183225
vn -0.905936 0.377137 -0.192479
vn -0.677449 0.706900 -0.203360
vn -0.529640 0.813335 -0.240766
vn -0.314199 0.905266 -0.285958
vn -0.044683 0.943704 -0.327759
vn 0.229039 0.907801 -0.351339
vn 0.460936 0.807845 -0.367321
vn 0.639688 0.673215 -0.370919
vn 0.752767 0.537858 -0.379541
vn 0.418938 0.608051 -0.674363
vn 0.572756 0.569080 -0.589999
vn 0.241510 0.633374 -0.735194
vn 0.012459 0.619265 -0.785083
vn -0.241446 0.542981 -0.804286
vn -0.411401 0.446743 -0.794462
vn -0.510424 0.357970 -0.781873
vn -0.619599 0.237135 -0.748241
vn 0.422857 0.683536 -0.594954
vn 0.594525 0.606924 -0.527431
vn 0.214574 0.738583 -0.639103
vn -0.027598 0.754002 -0.656293
vn -0.287758 0.697389 -0.656387
vn -0.481073 0.600755 -0.638484
vn -0.600380 0.508829 -0.616958
vn -0.729316 0.378473 -0.569962
vn 0.441864 0.754533 -0.485218
vn 0.620651 0.648430 -0.440830
vn 0.213994 0.831337 -0.512918
vn -0.048582 0.859133 -0.509441
vn -0.308979 0.818113 -0.484997
vn -0.519691 0.722506 -0.455967
vn -0.652664 0.622686 -0.431614
vn -0.786772 0.472399 -0.397276
vn 0.692838 0.535659 -0.482748
vn 0.726845 0.534262 -0.431579
vn 0.759247 0.536781 -0.367982
vn -0.887928 0.299633 -0.349003
vn -0.836172 0.236361 -0.494924
vn -0.713994 0.110471 -0.691382
vn 0.989942 -0.130273 0.055173
vn 0.977245 -0.190620 0.093036
vn 0.972140 -0.228416 -0.052625
vn 0.981600 -0.172461 -0.081974
vn 0.947743 -0.292630 0.127086
vn 0.941256 -0.337150 -0.019142
vn 0.889166 -0.421302 0.178573
vn 0.902645 -0.429748 0.023422
vn 0.819739 -0.520613 0.238728
vn 0.852956 -0.516467 0.075684
vn 0.726674 -0.621233 0.293282
vn 0.761043 -0.638616 0.113946
vn 0.621561 -0.700281 0.351097
vn 0.681703 -0.717291 0.144137
vn 0.470752 -0.782886 0.406795
vn 0.571917 -0.802742 0.168869
vn 0.957909 -0.232408 -0.168512
vn 0.964875 -0.183354 -0.188145
vn 0.926932 -0.342995 -0.152154
vn 0.905983 -0.403174 -0.129018
vn 0.860794 -0.497304 -0.108270
vn 0.763716 -0.639335 -0.089377
vn 0.689692 -0.720979 -0.067188
vn 0.628979 -0.776348 -0.040856
vn 0.996442 -0.084257 0.002131
vn 0.987255 -0.133777 -0.086204
vn 0.957205 -0.199145 -0.210001
vn 0.460252 -0.887459 -0.024161
vn 0.365468 -0.917225 0.158528
vn 0.262582 -0.872567 0.411919
vn 0.932004 -0.050045 0.358977
vn 0.966262 0.010993 0.257327
vn 0.882202 -0.123924 0.454271
vn 0.814646 -0.205999 0.542141
vn 0.689605 -0.333211 0.642973
vn 0.520673 -0.489976 0.699159
vn 0.428636 -0.593952 0.680802
vn 0.371723 -0.687096 0.624277
vn 0.955513 -0.117829 0.270390
vn 0.981614 -0.065942 0.179125
vn 0.910939 -0.186578 0.367939
vn 0.850633 -0.284604 0.442068
vn 0.755544 -0.415673 0.506329
vn 0.590170 -0.565157 0.576451
vn 0.445353 -0.659182 0.605921
vn 0.368997 -0.738795 0.563935
vn 0.969919 -0.157243 0.185829
vn 0.986740 -0.105746 0.123137
vn 0.935212 -0.232630 0.266949
vn 0.869409 -0.353471 0.345233
vn 0.787008 -0.469591 0.400129
vn 0.667355 -0.586859 0.458513
vn 0.514636 -0.671200 0.533517
vn 0.363841 -0.730410 0.578033
vn 0.983265 0.043577 0.176891
vn 0.992170 -0.030912 0.121011
vn 0.995261 -0.069312 0.068203
vn 0.205926 -0.814309 0.542674
vn 0.249641 -0.856177 0.452372
vn 0.238758 -0.819430 0.521084
vn 0.934979 -0.231824 -0.268463
vn 0.900513 -0.174593 -0.398238
vn 0.802680 -0.272626 -0.530453
vn 0.839472 -0.361177 -0.406002
vn 0.852336 -0.142553 -0.503192
vn 0.743960 -0.209608 -0.634498
vn 0.815257 -0.091248 -0.571866
vn 0.692151 -0.133403 -0.709317
vn 0.789305 -0.060845 -0.610980
vn 0.649489 -0.092835 -0.754682
vn 0.578059 -0.324620 -0.748645
vn 0.563795 -0.394665 -0.725517
vn 0.557371 -0.254957 -0.790149
vn 0.511792 -0.173952 -0.841314
vn 0.463890 -0.122435 -0.877392
vn 0.293334 -0.304904 -0.906084
vn 0.259101 -0.361864 -0.895501
vn 0.325351 -0.251295 -0.911591
vn 0.299332 -0.192685 -0.934491
vn 0.300155 -0.141965 -0.943267
vn 0.102647 -0.267786 -0.957995
vn 0.054591 -0.323352 -0.944703
vn 0.179407 -0.218520 -0.959199
vn 0.004217 -0.234539 -0.972098
vn -0.043587 -0.287011 -0.956935
vn 0.080878 -0.183124 -0.979757
vn 0.153595 -0.174079 -0.972679
vn 0.175020 -0.154603 -0.972351
vn 0.033302 -0.210514 -0.977023
vn -0.017802 -0.258890 -0.965743
vn 0.052711 -0.165089 -0.984869
vn 0.057187 -0.158771 -0.985658
vn -0.092227 -0.179969 -0.979339
vn -0.038259 -0.221072 -0.974507
vn -0.021671 -0.233147 -0.972200
vn -0.114360 -0.199570 -0.973187
vn -0.159931 -0.178181 -0.970914
vn -0.224956 -0.238298 -0.944780
vn -0.214105 -0.230398 -0.949250
vn -0.300166 -0.258970 -0.918060
vn -0.426104 -0.243552 -0.871274
vn -0.432064 -0.194136 -0.880700
vn -0.428168 -0.191121 -0.883258
vn 0.960820 -0.078955 -0.265690
vn 0.933453 -0.074969 -0.350778
vn 0.978172 -0.122755 -0.167666
vn -0.538175 -0.189108 -0.821344
vn -0.537477 -0.189563 -0.821696
vn -0.666636 -0.202604 -0.717320
vn -0.659073 -0.192108 -0.727130
vn -0.853571 -0.213734 -0.475115
vn -0.841857 -0.201397 -0.500716
vn -0.965764 -0.208553 -0.154291
vn -0.948839 -0.200343 -0.244065
vn -0.558449 -0.226191 -0.798105
vn -0.666639 -0.206694 -0.716150
vn -0.831980 -0.198863 -0.517941
vn -0.943872 -0.197253 -0.264947
vn -0.594490 -0.263925 -0.759556
vn -0.501687 -0.274786 -0.820246
vn -0.689310 -0.234854 -0.685343
vn -0.826070 -0.210194 -0.522902
vn -0.934148 -0.200661 -0.295131
vn -0.619659 -0.260603 -0.740343
vn -0.491386 -0.255845 -0.832516
vn -0.709004 -0.246494 -0.660723
vn -0.808373 -0.250422 -0.532750
vn -0.472463 -0.236278 -0.849089
vn -0.620368 -0.252902 -0.742418
vn -0.696395 -0.270376 -0.664778
vn -0.980678 -0.191468 -0.040137
vn -0.981808 -0.188015 -0.026528
vn -0.980135 -0.194230 -0.040129
vn -0.970388 -0.185441 0.154790
vn -0.902873 -0.140583 0.406271
vn -0.882813 -0.137707 0.449086
vn -0.962963 -0.176337 0.203982
vn -0.814061 -0.095737 0.572835
vn -0.788542 -0.096763 0.607321
vn -0.718674 -0.053298 0.693301
vn -0.687488 -0.052016 0.724330
vn -0.867717 -0.124164 0.481301
vn -0.957089 -0.161005 0.240952
vn -0.760850 -0.086761 0.643102
vn -0.643800 -0.043862 0.763936
vn -0.856348 -0.135771 0.498232
vn -0.953963 -0.167957 0.248486
vn -0.733829 -0.099364 0.672028
vn -0.585404 -0.049540 0.809226
vn -0.383463 0.022409 0.923284
vn -0.471348 0.014037 0.881836
vn -0.527299 0.006265 0.849656
vn -0.563469 0.002983 0.826132
vn -0.301081 0.072791 0.950816
vn -0.272066 0.075992 0.959273
vn 0.012363 0.125688 0.991993
vn 0.016992 0.129109 0.991485
vn 0.304560 0.141811 0.941877
vn 0.272042 0.141164 0.951875
vn 0.502709 0.127890 0.854943
vn 0.425634 0.123122 0.896480
vn -0.221211 0.083952 0.971606
vn 0.037267 0.136689 0.989913
vn 0.235211 0.145510 0.960990
vn 0.362259 0.116627 0.924752
vn -0.143017 0.100835 0.984570
vn 0.059879 0.144043 0.987758
vn 0.191251 0.132720 0.972527
vn 0.291230 0.094295 0.951994
vn 0.389685 0.064432 0.918691
vn 0.438951 0.079997 0.894943
vn 0.497459 0.094862 0.862285
vn 0.596702 0.107856 0.795182
vn 0.570022 0.071975 0.818471
vn 0.699926 0.093805 0.708029
vn 0.699584 0.069474 0.711165
vn 0.894353 0.074911 0.441046
vn 0.889091 0.066411 0.452888
vn 0.537235 0.054532 0.841668
vn 0.710302 0.043186 0.702571
vn 0.894041 0.039276 0.446260
vn 0.520686 0.053890 0.852046
vn 0.713910 0.047547 0.698622
vn 0.901779 0.035439 0.430742
vn 0.997774 0.042016 0.051777
vn 0.969230 0.005248 -0.246102
vn 0.979196 -0.008007 -0.202756
vn 0.994737 0.036704 0.095666
vn 0.894138 -0.028968 -0.446854
vn 0.909979 -0.050205 -0.411604
vn 0.989944 -0.018118 -0.140298
vn 0.990069 0.022190 0.138817
vn 0.997208 -0.011659 -0.073764
vn 0.987728 0.020974 0.154770
vn 0.613462 0.192759 0.765839
vn 0.646662 0.180726 0.741058
vn 0.752613 0.170085 0.636118
vn 0.707349 0.177789 0.684141
vn 0.644289 0.167004 0.746325
vn 0.783171 0.164069 0.599770
vn 0.623485 0.136767 0.769780
vn 0.806175 0.138556 0.575225
vn 0.606765 0.103014 0.788178
vn 0.814567 0.118481 0.567840
vn 0.646692 0.081022 0.758436
vn 0.800019 0.102708 0.591119
vn 0.610056 0.038494 0.791423
vn 0.759969 0.073661 0.645772
vn 0.570521 0.004837 0.821269
vn 0.711498 0.038023 0.701659
vn 0.839029 0.152875 0.522169
vn 0.793213 0.160729 0.587350
vn 0.867800 0.150181 0.473675
vn 0.902050 0.128788 0.411971
vn 0.919905 0.118651 0.373759
vn 0.922224 0.117824 0.368266
vn 0.902976 0.115618 0.413843
vn 0.870399 0.087606 0.484491
vn 0.898577 0.136073 0.417186
vn 0.938919 0.115273 0.324258
vn 0.967821 0.109205 0.226708
vn 0.981734 0.119740 0.147856
vn 0.978539 0.149896 0.141393
vn 0.970124 0.140088 0.198076
vn 0.906028 0.134915 0.401137
vn 0.901683 0.145211 0.407286
vn 0.934136 0.118916 0.336525
vn 0.965890 0.097821 0.239767
vn 0.987775 0.092043 0.125810
vn 0.993932 0.109830 0.005986
vn 0.984364 0.163111 -0.066503
vn 0.980748 0.178110 -0.080069
vn 0.540500 0.160651 0.825864
vn 0.626910 0.139398 0.766519
vn 0.662396 0.169754 0.729668
vn 0.758069 0.150141 0.634657
vn 0.904902 0.131428 0.404820
vn 0.960024 0.109882 0.257448
vn 0.986857 0.156499 -0.040266
vn 0.846967 0.056277 0.528659
vn 0.690836 0.012640 0.722901
vn 0.560956 -0.008311 0.827804
vn 0.990053 0.118084 0.076497
vn 0.988117 0.104434 0.112778
vn 0.965500 0.059048 -0.253619
vn 0.955496 0.070124 -0.286550
vn 0.991762 0.088085 0.092998
vn 0.970845 0.048680 -0.234712
vn 0.995690 0.076203 0.052856
vn 0.973369 0.051250 -0.223443
vn 0.997312 0.073112 -0.004914
vn 0.973870 0.054413 -0.220492
vn 0.988901 0.094737 -0.114456
vn 0.957725 0.075428 -0.277623
vn 0.959417 0.158245 -0.233404
vn 0.912444 0.140575 -0.384299
vn 0.931592 0.191717 -0.308839
vn 0.861025 0.184249 -0.474013
vn 0.829690 0.010263 -0.558131
vn 0.835322 0.015370 -0.549546
vn 0.837827 0.008738 -0.545866
vn 0.854070 0.024303 -0.519590
vn 0.875469 0.037094 -0.481849
vn 0.880704 0.059088 -0.469966
vn 0.846141 0.117411 -0.519865
vn 0.783501 0.164541 -0.599210
vn 0.637730 -0.036401 -0.769399
vn 0.680018 -0.042732 -0.731949
vn 0.622961 -0.028914 -0.781718
vn 0.621699 -0.007767 -0.783218
vn 0.648405 0.018134 -0.761079
vn 0.689318 0.048287 -0.722847
vn 0.750176 0.094184 -0.654496
vn 0.695955 0.139836 -0.704338
vn 0.997210 0.065998 0.034880
vn 0.961409 0.029693 -0.273516
vn 0.954171 0.057741 -0.293639
vn 0.857360 0.004923 -0.514693
vn 0.732444 -0.050373 -0.678961
vn 0.740254 0.174235 -0.649358
vn 0.639019 0.156878 -0.753023
vn 0.836917 0.184888 -0.515157
vn 0.929612 0.183258 -0.319746
vn 0.993849 0.103524 0.039320
vn 0.379572 0.072246 -0.922337
vn 0.468067 0.100667 -0.877941
vn 0.275452 0.087613 -0.957314
vn 0.516159 -0.095476 -0.851154
vn 0.433546 -0.079702 -0.897600
vn 0.244114 -0.126127 -0.961509
vn 0.403052 -0.127094 -0.906309
vn 0.375619 -0.066549 -0.924382
vn 0.093656 -0.110483 -0.989456
vn 0.343476 -0.041305 -0.938253
vn -0.003274 -0.082092 -0.996619
vn 0.354713 -0.000614 -0.934975
vn -0.024194 -0.027775 -0.999321
vn 0.377497 0.030723 -0.925501
vn 0.019467 0.008264 -0.999776
vn 0.051840 0.048133 -0.997495
vn 0.045634 0.076316 -0.996039
vn 0.274039 -0.149797 -0.949981
vn -0.072466 -0.171743 -0.982473
vn 0.064239 -0.181315 -0.981325
vn -0.255939 -0.158971 -0.953532
vn -0.392454 -0.122889 -0.911525
vn -0.440767 -0.057755 -0.895762
vn -0.381203 -0.010427 -0.924433
vn -0.240227 0.034608 -0.970100
vn -0.147667 0.066861 -0.986775
vn -0.351375 -0.210451 -0.912275
vn -0.221732 -0.217233 -0.950602
vn -0.507362 -0.190140 -0.840494
vn -0.593048 -0.141260 -0.792679
vn -0.625294 -0.072056 -0.777055
vn -0.619048 -0.014750 -0.785215
vn -0.514883 0.027511 -0.856819
vn -0.401320 0.061575 -0.913866
vn -0.633384 0.026985 -0.773367
vn -0.583167 0.062153 -0.809971
vn 0.766594 -0.053927 -0.639864
vn 0.619766 -0.090916 -0.779503
vn 0.439159 -0.126078 -0.889519
vn 0.585992 -0.098769 -0.804275
vn 0.286131 -0.141673 -0.947659
vn 0.129531 -0.163421 -0.978016
vn -0.164254 -0.198790 -0.966180
vn -0.508299 -0.233916 -0.828803
vn -0.490333 -0.221393 -0.842947
vn -0.554294 -0.232292 -0.799249
vn -0.627587 -0.208709 -0.750050
vn -0.666939 -0.147113 -0.730445
vn -0.671793 -0.076856 -0.736741
vn -0.674843 -0.022725 -0.737611
vn -0.675974 0.030846 -0.736280
vn -0.648517 0.064432 -0.758469
vn -0.524297 0.078447 -0.847915
vn -0.621019 0.081824 -0.779513
vn -0.337418 0.077011 -0.938200
vn -0.130933 0.077805 -0.988333
vn 0.033113 0.081172 -0.996150
vn 0.223987 0.093214 -0.970124
vn 0.403666 0.115900 -0.907535
vn 0.533575 0.138243 -0.834378
vn 0.481932 0.154832 -0.862420
vn 0.321157 0.125824 -0.938630
vn 0.620414 0.080691 -0.780112
vn 0.585953 0.118724 -0.801601
vn -0.736945 -0.230208 -0.635544
vn -0.728332 -0.229787 -0.645546
vn -0.752660 -0.213705 -0.622763
vn -0.763608 -0.148360 -0.628405
vn -0.768395 -0.080709 -0.634867
vn -0.781496 -0.034152 -0.622975
vn -0.804825 0.009286 -0.593439
vn -0.689916 0.063828 -0.721070
vn -0.772053 0.055039 -0.633170
vn -0.862882 0.039113 -0.503889
vn -0.891318 -0.202757 -0.405515
vn -0.897087 -0.206547 -0.390606
vn -0.869627 -0.198798 -0.451917
vn -0.866637 -0.143230 -0.477940
vn -0.890553 -0.083167 -0.447213
vn -0.918869 -0.052398 -0.391067
vn -0.942136 -0.026390 -0.334191
vn -0.953891 0.012306 -0.299901
vn -0.975887 -0.158614 -0.149951
vn -0.976834 -0.172045 -0.127267
vn -0.959728 -0.163638 -0.228353
vn -0.953476 -0.128284 -0.272814
vn -0.972898 -0.083941 -0.215461
vn -0.993965 -0.077632 -0.077509
vn -0.996369 -0.056230 -0.063925
vn -0.998890 -0.020437 -0.042451
vn -0.982882 -0.080914 0.165516
vn -0.973907 -0.052453 0.220801
vn -0.478141 -0.196782 -0.855955
vn -0.711935 -0.233397 -0.662324
vn -0.883386 -0.230971 -0.407777
vn -0.967285 -0.212087 -0.139206
vn -0.985848 -0.134612 0.099921
vn -0.978619 -0.177391 0.104105
vn -0.989500 -0.110775 0.092840
vn -0.992900 -0.112650 0.038199
vn -0.995288 -0.096962 -0.000507
vn -0.994805 -0.077583 0.065903
vn -0.977247 -0.085804 0.193973
vn -0.944297 -0.099147 0.313805
vn -0.939847 -0.072491 0.333816
vn -0.972447 -0.048210 0.228086
vn -0.930720 -0.063271 0.360217
vn -0.999353 -0.011730 -0.034017
vn -0.959429 0.032016 -0.280126
vn -0.867680 0.066484 -0.492658
vn -0.762330 0.081694 -0.642012
vn -0.677891 0.084826 -0.730253
vn -0.939844 -0.058535 0.336552
vn -0.935611 -0.080580 0.343715
vn -0.946786 -0.056490 0.316868
vn -0.945902 -0.053966 0.319933
vn -0.924938 -0.060214 0.375320
vn -0.890096 -0.086405 0.447507
vn -0.853988 -0.105981 0.509385
vn -0.914264 -0.080972 0.396944
vn -0.829829 -0.089898 0.550728
vn -0.837078 -0.007093 0.547038
vn -0.830592 -0.021102 0.556482
vn -0.834318 -0.009000 0.551210
vn -0.811615 -0.016419 0.583963
vn -0.783012 -0.038578 0.620810
vn -0.766854 -0.077458 0.637131
vn -0.759512 -0.104741 0.642005
vn -0.746573 -0.094257 0.658592
vn -0.728679 0.030107 0.684193
vn -0.727381 0.020324 0.685933
vn -0.711332 0.022564 0.702493
vn -0.665002 0.008330 0.746795
vn -0.611704 -0.018169 0.790878
vn -0.576193 -0.061906 0.814966
vn -0.630025 -0.095721 0.770653
vn -0.618491 -0.091809 0.780410
vn -0.480215 -0.082432 0.873269
vn -0.450281 -0.081209 0.889187
vn -0.974708 -0.186780 0.122713
vn -0.917164 -0.133158 0.375606
vn -0.927179 -0.118693 0.355318
vn -0.826787 -0.057795 0.559537
vn -0.726975 -0.015994 0.686478
vn -0.590832 0.061055 0.804482
vn -0.585857 0.032113 0.809778
vn -0.588535 0.064540 0.805892
vn -0.555344 0.052693 0.829950
vn -0.485000 0.033154 0.873885
vn -0.412959 0.002510 0.910746
vn -0.362479 -0.034795 0.931342
vn -0.323791 -0.066420 0.943794
vn -0.301235 -0.070014 0.950976
vn -0.445543 -0.074310 0.892171
vn -0.289181 -0.065839 0.955008
vn -0.606673 -0.082977 0.790609
vn -0.727663 -0.081828 0.681036
vn -0.821548 -0.075517 0.565116
vn -0.902335 -0.067691 0.425686
vn -0.929843 -0.066437 0.361908
vn -0.901974 -0.071306 0.425862
vn -0.332279 0.111054 0.936620
vn -0.333342 0.119134 0.935249
vn -0.294151 0.091376 0.951381
vn -0.219395 0.064282 0.973516
vn -0.161333 0.029541 0.986458
vn -0.138992 -0.011528 0.990226
vn -0.118087 -0.044155 0.992021
vn -0.095059 -0.054684 0.993969
vn 0.037254 0.157126 0.986876
vn 0.034810 0.175512 0.983862
vn 0.057028 0.129443 0.989946
vn 0.093616 0.094547 0.991109
vn 0.119226 0.058721 0.991129
vn 0.125036 0.018341 0.991983
vn 0.145728 -0.015753 0.989199
vn 0.189539 -0.033767 0.981292
vn 0.417491 0.181825 0.890304
vn 0.398402 0.199837 0.895177
vn 0.411159 0.156527 0.898024
vn 0.394266 0.120813 0.911021
vn 0.377708 0.084898 0.922024
vn 0.359220 0.045753 0.932131
vn 0.367115 0.005681 0.930158
vn 0.404559 -0.017450 0.914346
vn 0.519972 0.064092 0.851775
vn 0.497525 0.018629 0.867250
vn 0.496000 -0.008916 0.868277
vn -0.579783 0.008770 0.814724
vn -0.315656 0.084658 0.945089
vn -0.324610 0.103310 0.940189
vn 0.029542 0.168900 0.985190
vn 0.365668 0.195789 0.909920
vn 0.574366 0.187647 0.796801
vn 0.493646 -0.017177 0.869493
vn 0.485036 -0.024095 0.874162
vn 0.568758 -0.010592 0.822437
vn 0.416383 -0.030207 0.908687
vn 0.225954 -0.047446 0.972982
vn -0.062370 -0.059758 0.996262
vn 0.728379 0.022578 0.684802
vn 0.813765 0.057645 0.578328
vn 0.815318 0.062828 0.575595
vn 0.879086 -0.272316 0.391218
vn 0.874527 -0.187453 0.447286
vn 0.920810 0.109874 0.374214
vn 0.931969 0.114741 0.343901
vn 0.814897 0.244397 -0.525560
vn 0.220634 0.236687 -0.946203
vn 0.709123 0.360270 -0.606094
vn 0.537724 0.345048 -0.769283
vn 0.366973 0.293474 -0.882725
vn 0.573169 -0.015049 0.819299
vn 0.641281 0.003160 0.767300
vn 0.906647 0.102810 0.409172
vn 0.968913 0.145955 0.199765
vn 0.984430 0.164452 0.062075
vn 0.985838 0.163804 0.035937
vn 0.813393 0.055539 0.579058
vn 0.982221 0.186465 0.021758
vn 0.983922 0.178424 -0.007896
vn 0.936598 0.218510 -0.273931
vn 0.815881 0.221103 -0.534276
vn 0.935906 0.204617 -0.286725
vn 0.703896 0.199616 -0.681677
vn 0.820485 0.203816 -0.534100
vn -0.572236 0.116346 -0.811794
vn -0.558476 0.147383 -0.816323
vn 0.562187 0.078615 0.823265
vn 0.484188 0.040181 0.874041
vn -0.282129 -0.067823 0.956976
vn -0.228502 -0.067144 0.971225
vn -0.424788 -0.050928 0.903859
vn -0.168842 -0.048787 0.984435
vn -0.375110 -0.029917 0.926497
vn -0.555107 -0.014004 0.831661
vn -0.115367 -0.007870 0.993292
vn -0.336998 0.006660 0.941482
vn -0.534720 0.021054 0.844767
vn -0.659768 0.029860 0.750876
vn -0.059055 0.016526 0.998118
vn -0.299249 0.039148 0.953372
vn -0.511286 0.061224 0.857227
vn -0.650029 0.075571 0.756143
vn 0.024311 0.046116 0.998640
vn -0.231340 0.092868 0.968430
vn -0.476565 0.122444 0.870571
vn -0.637054 0.128489 0.760035
vn -0.901833 -0.065019 0.427165
vn -0.818816 -0.072024 0.569520
vn 0.727754 0.027288 0.685295
vn 0.715091 0.025155 0.698579
vn 0.632772 0.003948 0.774328
vn 0.558261 -0.012473 0.829571
vn 0.495844 -0.024874 0.868056
vn 0.706508 0.036224 0.706777
vn 0.621047 0.015685 0.783616
vn 0.547904 -0.001641 0.836540
vn 0.484590 -0.016663 0.874582
vn 0.443728 -0.028869 0.895697
vn 0.692426 0.078372 0.717220
vn 0.599412 0.041784 0.799350
vn 0.524838 0.016381 0.851045
vn 0.698587 0.141321 0.701430
vn 0.643695 0.113765 0.756779
vn 0.938082 0.195432 -0.286024
vn 0.936390 0.189559 -0.295365
vn 0.986675 0.162281 0.011768
vn 0.685420 0.490708 -0.537964
vn 0.777934 0.618282 -0.112008
vn 0.734856 0.647617 -0.201443
vn 0.321422 0.838935 -0.439177
vn 0.126603 0.919320 0.372589
vn 0.115433 0.876492 0.467373
vn 0.088210 0.900453 -0.425916
vn 0.132258 0.947024 -0.292665
vn -0.015885 0.969428 -0.244861
vn 0.348890 0.880873 -0.319903
vn 0.668335 0.739310 -0.082157
vn 0.864674 0.500917 0.037702
vn 0.410881 0.817124 0.404333
vn 0.354079 0.780688 0.514931
vn 0.013021 0.864263 0.502871
vn 0.373120 0.896450 0.239081
vn -0.276059 -0.272768 -0.921623
vn -0.458128 -0.230811 -0.858397
vn -0.412327 -0.450106 -0.792081
vn -0.300757 -0.440184 -0.846040
vn -0.431124 -0.485985 -0.760230
vn -0.331929 -0.475066 -0.814945
vn -0.449030 -0.459987 -0.766018
vn -0.372233 -0.443997 -0.815052
vn -0.604715 -0.264100 -0.751379
vn -0.566771 -0.476093 -0.672389
vn -0.567525 -0.514494 -0.642815
vn -0.569090 -0.510611 -0.644525
vn -0.675070 -0.499330 -0.543093
vn -0.739206 -0.526299 -0.420220
vn -0.599044 0.435479 0.671941
vn 0.043679 -0.208103 -0.977131
vn 0.046932 -0.377568 -0.924792
vn -0.030778 -0.424314 -0.904992
vn -0.100093 -0.376480 -0.921002
vn -0.111033 -0.269252 -0.956648
vn -0.118469 -0.337479 -0.933849
vn -0.122489 -0.434766 -0.892174
vn -0.156428 -0.456859 -0.875677
vn -0.190518 -0.407335 -0.893186
vn -0.194006 -0.314015 -0.929385
vn -0.213099 -0.368007 -0.905075
vn -0.222623 -0.440762 -0.869579
vn -0.255610 -0.475112 -0.841981
vn -0.293494 -0.437546 -0.849950
vn -0.347667 -0.319545 -0.881487
vn -0.400455 -0.217569 -0.890112
vn -0.668200 -0.528263 -0.523876
vn -0.670301 -0.541032 -0.507918
vn -0.711080 -0.438941 -0.549268
vn -0.751696 -0.259962 -0.606113
vn -0.775675 -0.136142 -0.616275
vn -0.773923 -0.497344 -0.392036
vn -0.894967 -0.274854 -0.351411
vn -0.610092 0.403843 0.681688
vn -0.574814 0.340030 0.744291
vn -0.707814 -0.074719 0.702436
vn 0.402044 -0.038207 0.914823
vn 0.250626 -0.052079 0.966682
vn -0.019386 -0.063520 0.997792
vn -0.278086 -0.073183 0.957764
vn -0.456493 -0.082721 0.885873
vn -0.602980 -0.088073 0.792879
vn -0.712711 -0.086059 0.696159
vn -0.819290 -0.079799 0.567800
vn -0.972655 -0.051252 0.226529
vn -0.999800 -0.014685 -0.013587
vn -0.967355 0.032206 -0.251371
vn -0.868479 0.071396 -0.490558
vn -0.751304 0.090115 -0.653775
vn -0.662224 0.097018 -0.742998
vn -0.590593 0.096974 -0.801122
vn -0.479294 0.094868 -0.872512
vn -0.300621 0.092191 -0.949278
vn -0.124166 0.089335 -0.988232
vn 0.030279 0.089903 -0.995490
vn 0.173421 0.099399 -0.979819
vn 0.826877 0.058915 0.559289
vn 0.944275 0.116407 0.307888
vn 0.690396 0.014364 0.723289
vn 0.854688 -0.191115 0.482684
vn 0.860029 -0.128905 0.493694
vn 0.861864 -0.060236 0.503550
vn 0.915660 -0.370666 0.155480
vn 0.586055 0.187088 -0.788376
vn 0.719748 0.185862 -0.668893
vn 0.604662 0.172426 -0.777595
vn 0.827643 0.194355 -0.526530
vn 0.400731 0.210450 -0.891698
vn 0.593939 0.549467 -0.587641
vn 0.485692 0.600861 -0.634877
vn 0.557297 0.681902 -0.473740
vn 0.697418 0.548612 -0.461121
vn 0.159764 0.649222 -0.743631
vn 0.179284 0.773956 -0.607330
vn 0.317344 0.731069 -0.604012
vn 0.359235 -0.178938 0.915932
vn 0.178053 -0.070266 0.981509
vn -0.510574 -0.836368 -0.199508
vn -0.428828 -0.892298 -0.141107
vn -0.421470 -0.901800 -0.095501
vn -0.428340 -0.897043 -0.108807
vn -0.303261 -0.912445 -0.274732
vn 0.724193 0.118149 0.679400
vn 0.901685 0.094965 0.421835
vn 0.879399 -0.011445 -0.475948
vn 0.446338 -0.112322 -0.887787
vn 0.289516 -0.123418 -0.949183
vn 0.160468 -0.139046 -0.977198
vn -0.132586 -0.174615 -0.975669
vn -0.686184 -0.216440 -0.694482
vn -0.867392 -0.226384 -0.443149
vn -0.963591 -0.218066 -0.154726
vn -0.824930 -0.081923 0.559267
vn -0.728713 -0.043671 0.683425
vn 0.019041 0.148502 0.988729
vn 0.333870 0.172070 0.926781
vn -0.350286 0.832217 0.429784
vn -0.551932 0.747168 0.370284
vn 0.127876 -0.231147 0.964478
vn 0.144417 -0.010733 0.989459
vn -0.077538 -0.201401 0.976435
vn 0.024370 -0.317802 0.947844
vn 0.083091 -0.382749 0.920108
vn 0.092947 -0.420812 0.902373
vn 0.074889 -0.423976 0.902572
vn -0.276467 0.960983 -0.008808
vn -0.107404 0.992772 -0.053553
vn 0.222601 0.142402 0.964453
vn -0.384774 -0.257625 0.886329
vn -0.021491 -0.264808 0.964062
vn -0.846778 0.372808 -0.379449
vn -0.833593 0.364697 -0.414871
vn -0.861954 0.328071 -0.386528
vn -0.345504 0.177889 -0.921403
vn 0.002396 0.148490 -0.988911
vn -0.448593 0.569130 -0.689097
vn -0.440104 0.611945 -0.657139
vn 0.185676 0.772240 -0.607594
vn 0.030104 0.835590 -0.548527
vn 0.183433 0.718290 -0.671128
vn 0.038571 0.767561 -0.639815
vn 0.598138 0.163649 0.784506
vn 0.637920 0.340586 0.690695
vn 0.974908 -0.164237 -0.150270
vn 0.693707 0.356050 0.626098
vn 0.729182 0.367748 0.577109
vn 0.614060 0.255039 0.746917
vn 0.854075 0.002419 0.520145
s 1
g R_Femur Legs M_Skeleton
usemtl Skeleton_Legs_SG
f 1/1/1 2/2/2 3/3/3 4/4/4
f 2/2/2 5/5/5 6/6/6 3/3/3
f 5/5/5 7/7/7 6/6/6
f 7/7/7 8/8/8 9/9/9 6/6/6
f 8/8/8 10/10/10 11/11/11 9/9/9
f 4/4/4 3/3/3 12/12/12 13/13/13
f 3/3/3 6/6/6 14/14/14 12/12/12
f 6/6/6 9/9/9 15/15/15 14/14/14
f 9/9/9 11/11/11 16/16/16 15/15/15
f 13/13/13 12/12/12 17/17/17 18/18/18
f 12/12/12 14/14/14 19/19/19 17/17/17
f 14/14/14 15/15/15 20/20/20 19/19/19
f 15/15/15 16/16/16 21/21/21 20/20/20
f 18/18/18 17/17/17 22/22/22 23/23/23
f 17/17/17 19/19/19 24/24/24 22/22/22
f 19/19/19 20/20/20 25/25/25 24/24/24
f 20/20/20 21/21/21 26/26/26 25/25/25
f 27/27/27 1/1/1 4/4/4 28/28/28
f 28/28/28 4/4/4 13/13/13 29/29/29
f 29/29/29 13/13/13 18/18/18 30/30/30
f 30/30/30 18/18/18 23/23/23 31/31/31
f 10/10/10 8/8/8 32/32/32 33/33/33
f 8/8/8 7/7/7 34/34/34 32/32/32
f 7/7/7 5/5/5 35/35/35 34/34/34
f 5/5/5 2/2/2 36/36/36 35/35/35
f 2/2/2 1/1/1 37/37/37 36/36/36
f 38/38/38 37/37/37 1/1/1 27/27/27
f 39/39/39 40/40/40 41/41/41 42/42/42
f 40/40/40 43/43/43 44/44/44 41/41/41
f 43/43/43 45/45/45 46/46/46 44/44/44
f 45/45/45 47/47/47 48/48/48 46/46/46
f 47/47/47 49/49/49 50/50/50 48/48/48
f 49/49/49 51/51/51 52/52/52 50/50/50
f 51/51/51 53/53/53 54/54/54 52/52/52
f 42/42/42 41/41/41 55/55/55 56/56/56
f 41/41/41 44/44/44 57/57/57 55/55/55
f 44/44/44 46/46/46 58/58/58 57/57/57
f 46/46/46 48/48/48 59/59/59 58/58/58
f 48/48/48 50/50/50 60/60/60 59/59/59
f 50/50/50 52/52/52 61/61/61 60/60/60
f 52/52/52 54/54/54 62/62/62 61/61/61
f 56/56/56 55/55/55 63/63/63 64/64/64
f 55/55/55 57/57/57 65/65/65 63/63/63
f 57/57/57 58/58/58 66/66/66 65/65/65
f 58/58/58 59/59/59 67/67/67 66/66/66
f 60/60/60 61/61/61 68/68/68 69/69/69
f 61/61/61 62/62/62 70/70/70 68/68/68
f 71/71/71 72/72/72 64/64/64 63/63/63
f 63/63/63 65/65/65 73/73/73 71/71/71
f 65/65/65 66/66/66 74/74/74 73/73/73
f 66/66/66 67/67/67 75/75/75 74/74/74
f 68/68/68 70/70/70 76/76/76 77/77/77
f 78/78/78 39/39/39 42/42/42 79/79/79
f 79/79/79 42/42/42 56/56/56 80/80/80
f 80/80/80 56/56/56 64/64/64 81/81/81
f 81/81/81 64/64/64 72/72/72 82/82/82
f 82/82/82 72/72/72 83/83/83 84/84/84
f 71/71/71 73/73/73 85/85/85 86/86/86
f 73/73/73 74/74/74 87/87/87 85/85/85
f 77/77/77 76/76/76 88/88/88 89/89/89
f 76/76/76 90/90/90 91/91/91 88/88/88
f 90/90/90 76/76/76 70/70/70 92/92/92
f 92/92/92 70/70/70 62/62/62 93/93/93
f 93/93/93 62/62/62 54/54/54 94/94/94
f 94/94/94 54/54/54 53/53/53 95/95/95
f 95/95/95 53/53/53 96/96/96
f 78/78/78 97/97/97 39/39/39
f 95/95/95 98/98/98 99/99/99 94/94/94
f 98/98/98 100/100/100 101/101/101 99/99/99
f 100/100/100 102/102/102 103/103/103 101/101/101
f 102/102/102 104/104/104 105/105/105 103/103/103
f 94/94/94 99/99/99 106/106/106 93/93/93
f 99/99/99 101/101/101 107/107/107 106/106/106
f 101/101/101 103/103/103 108/108/108 107/107/107
f 103/103/103 105/105/105 109/109/109 108/108/108
f 93/93/93 106/106/106 110/110/110 92/92/92
f 106/106/106 107/107/107 111/111/111 110/110/110
f 107/107/107 108/108/108 112/112/112 111/111/111
f 108/108/108 109/109/109 113/113/113 112/112/112
f 92/92/92 110/110/110 114/114/114 90/90/90
f 110/110/110 111/111/111 115/115/115 114/114/114
f 111/111/111 112/112/112 116/116/116 115/115/115
f 112/112/112 113/113/113 117/117/117 116/116/116
f 90/90/90 114/114/114 118/118/118 91/91/91
f 114/114/114 115/115/115 119/119/119 118/118/118
f 115/115/115 116/116/116 120/120/120 119/119/119
f 116/116/116 117/117/117 121/121/121 120/120/120
f 104/104/104 102/102/102 122/122/122 123/123/123
f 102/102/102 100/100/100 124/124/124 122/122/122
f 100/100/100 98/98/98 125/125/125 124/124/124
f 98/98/98 95/95/95 96/96/96 125/125/125
f 104/104/104 126/126/126 127/127/127 105/105/105
f 126/126/126 128/128/128 129/129/129 127/127/127
f 128/128/128 130/130/130 131/131/131 129/129/129
f 105/105/105 127/127/127 132/132/132 109/109/109
f 127/127/127 129/129/129 133/133/133 132/132/132
f 129/129/129 131/131/131 134/134/134 133/133/133
f 109/109/109 132/132/132 135/135/135 113/113/113
f 132/132/132 133/133/133 136/136/136 135/135/135
f 133/133/133 134/134/134 137/137/137 136/136/136
f 113/113/113 135/135/135 138/138/138
f 135/135/135 136/136/136 139/139/139 138/138/138
f 136/136/136 137/137/137 140/140/140 139/139/139
f 113/113/113 138/138/138 141/141/141 117/117/117
f 138/138/138 139/139/139 142/142/142 141/141/141
f 139/139/139 140/140/140 143/143/143 142/142/142
f 117/117/117 141/141/141 144/144/144 121/121/121
f 141/141/141 142/142/142 145/145/145 144/144/144
f 142/142/142 143/143/143 146/146/146 145/145/145
f 143/143/143 147/147/147 148/148/148 146/146/146
f 147/147/147 143/143/143 140/140/140 149/149/149
f 149/149/149 140/140/140 137/137/137 150/150/150
f 150/150/150 137/137/137 134/134/134 151/151/151
f 151/151/151 134/134/134 131/131/131 152/152/152
f 152/152/152 131/131/131 130/130/130 153/153/153
f 153/153/153 130/130/130 154/154/154 155/155/155
f 130/130/130 128/128/128 156/156/156 154/154/154
f 128/128/128 126/126/126 157/157/157 156/156/156
f 126/126/126 104/104/104 123/123/123 157/157/157
f 158/158/158 159/159/159 160/160/160 161/161/161
f 162/162/162 163/163/163 164/164/164 165/165/165
f 163/163/163 166/166/166 167/167/167 164/164/164
f 166/166/166 168/168/168 169/169/169 167/167/167
f 168/168/168 170/170/170 171/171/171 169/169/169
f 170/170/170 172/172/172 173/173/173 171/171/171
f 172/172/172 174/174/174 175/175/175 173/173/173
f 161/161/161 160/160/160 176/176/176 177/177/177
f 165/165/165 164/164/164 178/178/178 179/179/179
f 164/164/164 167/167/167 180/180/180 178/178/178
f 167/167/167 169/169/169 181/181/181 180/180/180
f 169/169/169 171/171/171 182/182/182 181/181/181
f 171/171/171 173/173/173 183/183/183 182/182/182
f 173/173/173 175/175/175 184/184/184 183/183/183
f 177/177/177 176/176/176 185/185/185 186/186/186
f 179/179/179 178/178/178 187/187/187 188/188/188
f 178/178/178 180/180/180 189/189/189 187/187/187
f 180/180/180 181/181/181 190/190/190 189/189/189
f 181/181/181 182/182/182 191/191/191 190/190/190
f 182/182/182 183/183/183 192/192/192 191/191/191
f 183/183/183 184/184/184 193/193/193 192/192/192
f 186/186/186 185/185/185 194/194/194 195/195/195
f 195/195/195 194/194/194 196/196/196 197/197/197
f 188/188/188 187/187/187 198/198/198 199/199/199
f 187/187/187 189/189/189 200/200/200 198/198/198
f 189/189/189 190/190/190 201/201/201 200/200/200
f 190/190/190 191/191/191 202/202/202 201/201/201
f 191/191/191 192/192/192 203/203/203 202/202/202
f 192/192/192 193/193/193 204/204/204 203/203/203
f 205/205/205 158/158/158 161/161/161 206/206/206
f 206/206/206 161/161/161 177/177/177 207/207/207
f 207/207/207 177/177/177 186/186/186 208/208/208
f 208/208/208 186/186/186 195/195/195 209/209/209
f 209/209/209 195/195/195 197/197/197 210/210/210
f 210/210/210 197/197/197 211/211/211 212/212/212
f 197/197/197 196/196/196 211/211/211
f 213/213/213 204/204/204 193/193/193 214/214/214
f 214/214/214 193/193/193 184/184/184 215/215/215
f 215/215/215 184/184/184 175/175/175 216/216/216
f 216/216/216 175/175/175 174/174/174 217/217/217
f 217/217/217 174/174/174 218/218/218 219/219/219
f 174/174/174 172/172/172 220/220/220 218/218/218
f 172/172/172 170/170/170 221/221/221 220/220/220
f 170/170/170 168/168/168 222/222/222 221/221/221
f 168/168/168 166/166/166 223/223/223 222/222/222
f 166/166/166 163/163/163 224/224/224 223/223/223
f 163/163/163 162/162/162 225/225/225 224/224/224
f 159/159/159 158/158/158 226/226/226 227/227/227
f 158/158/158 205/205/205 228/228/228 226/226/226
f 229/229/229 230/230/230 231/231/231 232/232/232
f 230/230/230 233/233/233 234/234/234 231/231/231
f 233/233/233 235/235/235 236/236/236 234/234/234
f 232/232/232 231/231/231 237/237/237 238/238/238
f 231/231/231 234/234/234 239/239/239 237/237/237
f 234/234/234 236/236/236 240/240/240 239/239/239
f 238/238/238 237/237/237 241/241/241 242/242/242
f 237/237/237 239/239/239 243/243/243 241/241/241
f 239/239/239 240/240/240 244/244/244 243/243/243
f 242/242/242 241/241/241 245/245/245 246/246/246
f 241/241/241 243/243/243 247/247/247 245/245/245
f 243/243/243 244/244/244 248/248/248 247/247/247
f 249/249/249 229/229/229 232/232/232 250/250/250
f 250/250/250 232/232/232 238/238/238 251/251/251
f 251/251/251 238/238/238 242/242/242 252/252/252
f 252/252/252 242/242/242 246/246/246 253/253/253
f 253/253/253 246/246/246 254/254/254 255/255/255
f 246/246/246 245/245/245 256/256/256 254/254/254
f 245/245/245 247/247/247 257/257/257 256/256/256
f 247/247/247 248/248/248 258/258/258 257/257/257
f 235/235/235 233/233/233 259/259/259 260/260/260
f 233/233/233 230/230/230 261/261/261 259/259/259
f 230/230/230 229/229/229 262/262/262 261/261/261
f 229/229/229 249/249/249 263/263/263 262/262/262
f 264/264/264 265/265/265 266/266/266 267/267/267
f 265/265/265 268/268/268 269/269/269 266/266/266
f 268/268/268 270/270/270 271/271/271 269/269/269
f 270/270/270 272/272/272 271/271/271
f 267/267/267 266/266/266 273/273/273 274/274/274
f 266/266/266 269/269/269 275/275/275 273/273/273
f 269/269/269 271/271/271 276/276/276 275/275/275
f 274/274/274 273/273/273 277/277/277 278/278/278
f 273/273/273 275/275/275 279/279/279 277/277/277
f 275/275/275 276/276/276 280/280/280 279/279/279
f 278/278/278 277/277/277 281/281/281 282/282/282
f 277/277/277 279/279/279 283/283/283 281/281/281
f 279/279/279 280/280/280 284/284/284 283/283/283
f 267/267/267 236/236/236 235/235/235 264/264/264
f 236/236/236 267/267/267 274/274/274 240/240/240
f 240/240/240 274/274/274 278/278/278 244/244/244
f 244/244/244 278/278/278 282/282/282 248/248/248
f 248/248/248 282/282/282 285/285/285 258/258/258
f 282/282/282 281/281/281 286/286/286 285/285/285
f 281/281/281 283/283/283 287/287/287 286/286/286
f 283/283/283 284/284/284 288/288/288 287/287/287
f 284/284/284 289/289/289 290/290/290 288/288/288
f 289/289/289 284/284/284 280/280/280 291/291/291
f 291/291/291 280/280/280 276/276/276 292/292/292
f 292/292/292 276/276/276 271/271/271 293/293/293
f 293/293/293 271/271/271 272/272/272 294/294/294
f 294/294/294 272/272/272 295/295/295 296/296/296
f 272/272/272 270/270/270 297/297/297 295/295/295
f 270/270/270 268/268/268 298/298/298 297/297/297
f 268/268/268 299/299/299 298/298/298
f 268/268/268 265/265/265 300/300/300 299/299/299
f 265/265/265 301/301/301 300/300/300
f 265/265/265 264/264/264 302/302/302 301/301/301
f 264/264/264 235/235/235 260/260/260 302/302/302
f 303/303/303 304/304/304 305/305/305 306/306/306
f 304/304/304 307/307/307 308/308/308 305/305/305
f 307/307/307 309/309/309 310/310/310 308/308/308
f 309/309/309 311/311/311 312/312/312 310/310/310
f 306/306/306 305/305/305 313/313/313 314/314/314
f 305/305/305 308/308/308 315/315/315 313/313/313
f 308/308/308 310/310/310 316/316/316 315/315/315
f 310/310/310 312/312/312 317/317/317 316/316/316
f 314/314/314 313/313/313 318/318/318 319/319/319
f 313/313/313 315/315/315 320/320/320 318/318/318
f 315/315/315 316/316/316 321/321/321 320/320/320
f 316/316/316 317/317/317 322/322/322 321/321/321
f 319/319/319 318/318/318 323/323/323 324/324/324
f 318/318/318 320/320/320 325/325/325 323/323/323
f 320/320/320 321/321/321 326/326/326 325/325/325
f 321/321/321 322/322/322 327/327/327 326/326/326
f 96/96/96 303/303/303 306/306/306 125/125/125
f 125/125/125 306/306/306 314/314/314 124/124/124
f 124/124/124 314/314/314 319/319/319 122/122/122
f 122/122/122 319/319/319 324/324/324 123/123/123
f 328/328/328 327/329/327 322/330/322 329/331/329
f 329/331/329 322/330/322 317/332/317 330/333/330
f 330/333/330 317/332/317 312/334/312 331/335/331
f 331/335/331 312/334/312 311/336/311
f 332/337/332 333/338/333 334/339/334 293/293/293
f 333/338/333 335/340/335 334/339/334
f 335/340/335 336/341/336 337/342/337 334/339/334
f 336/341/336 338/343/338 339/344/339 337/342/337
f 340/345/340 341/346/341 342/347/342 343/348/343
f 341/346/341 344/349/344 345/350/345 342/347/342
f 293/293/293 334/339/334 346/351/346 292/292/292
f 334/339/334 337/342/337 347/352/347 346/351/346
f 337/342/337 339/344/339 348/353/348 347/352/347
f 339/344/339 343/348/343 349/354/349 348/353/348
f 343/348/343 342/347/342 350/355/350 349/354/349
f 292/292/292 346/351/346 351/356/351 291/291/291
f 346/351/346 347/352/347 352/357/352 351/356/351
f 347/352/347 348/353/348 353/358/353 352/357/352
f 348/353/348 349/354/349 354/359/354 353/358/353
f 349/354/349 350/355/350 355/360/355 354/359/354
f 291/291/291 351/356/351 356/361/356 289/289/289
f 351/356/351 352/357/352 357/362/357 356/361/356
f 352/357/352 353/358/353 358/363/358 357/362/357
f 353/358/353 354/359/354 359/364/359 358/363/358
f 294/294/294 332/337/332 293/293/293
f 289/289/289 356/361/356 360/365/360 290/290/290
f 356/361/356 357/362/357 361/366/361 360/365/360
f 357/362/357 358/363/358 362/367/362 361/366/361
f 358/363/358 359/364/359 363/368/363 362/367/362
f 364/369/364 355/360/355 350/355/350 365/370/365
f 365/370/365 350/355/350 342/347/342 345/350/345
f 366/371/366 367/372/367 345/350/345 344/349/344
f 366/371/366 344/349/344 368/373/368 369/374/369
f 338/343/338 336/341/336 370/375/370 371/376/371
f 336/341/336 335/340/335 372/377/372 370/375/370
f 335/340/335 333/338/333 373/378/373 372/377/372
f 333/338/333 332/337/332 374/379/374 373/378/373
f 332/337/332 294/294/294 296/296/296 374/379/374
f 366/380/366 375/381/375 376/382/376 367/383/367
f 375/381/375 377/384/377 378/385/378 376/382/376
f 377/384/377 379/386/379 380/387/380 378/385/378
f 379/386/379 381/388/381 382/389/382 380/387/380
f 367/383/367 376/382/376 383/390/383 384/391/384
f 376/382/376 378/385/378 385/392/385 383/390/383
f 380/387/380 386/393/386 385/392/385 378/385/378
f 380/387/380 382/389/382 387/394/387 386/393/386
f 384/391/384 383/390/383 388/395/388 389/396/389
f 383/390/383 385/392/385 390/397/390 388/395/388
f 385/392/385 386/393/386 391/398/391 390/397/390
f 386/393/386 387/394/387 392/399/392 391/398/391
f 389/396/389 388/395/388 393/400/393 394/401/394
f 388/395/388 390/397/390 395/402/395 393/400/393
f 390/397/390 391/398/391 396/403/396 395/402/395
f 391/398/391 392/399/392 397/404/397 396/403/396
f 345/350/345 367/372/367 384/405/384 365/370/365
f 365/370/365 384/405/384 389/406/389 364/369/364
f 394/401/394 398/407/398 399/408/399
f 394/401/394 393/400/393 400/409/400 398/407/398
f 393/400/393 395/402/395 401/410/401 400/409/400
f 395/402/395 396/403/396 402/411/402 401/410/401
f 396/403/396 397/404/397 403/412/403 402/411/402
f 397/404/397 404/413/404 403/412/403
f 404/413/404 397/404/397 392/399/392 405/414/405
f 405/414/405 392/399/392 387/394/387 406/415/406
f 406/415/406 387/394/387 382/389/382 407/416/407
f 407/416/407 382/389/382 381/388/381 408/417/408
f 379/386/379 377/384/377 409/418/409
f 377/384/377 375/381/375 410/419/410 409/418/409
f 366/380/366 369/420/369 410/419/410 375/381/375
f 408/417/408 411/421/411 412/422/412 407/416/407
f 411/421/411 413/423/413 414/424/414 412/422/412
f 407/416/407 412/422/412 415/425/415 406/415/406
f 412/422/412 414/424/414 416/426/416 415/425/415
f 406/415/406 415/425/415 417/427/417 405/414/405
f 415/425/415 416/426/416 418/428/418 417/427/417
f 405/414/405 417/427/417 419/429/419 404/413/404
f 417/427/417 418/428/418 420/430/420 419/429/419
f 421/431/421 422/432/422 423/433/423 424/434/424
f 422/432/422 425/435/425 426/436/426 423/433/423
f 425/435/425 427/437/427 428/438/428 426/436/426
f 427/437/427 429/439/429 430/440/430 428/438/428
f 429/439/429 431/441/431 432/442/432 430/440/430
f 431/443/431 433/444/433 434/445/434 432/446/432
f 433/444/433 435/447/435 436/448/436 437/449/437
f 424/434/424 423/433/423 438/450/438 439/451/439
f 423/433/423 426/436/426 440/452/440 438/450/438
f 426/436/426 428/438/428 441/453/441 440/452/440
f 428/438/428 430/440/430 442/454/442 441/453/441
f 430/440/430 432/442/432 443/455/443 442/454/442
f 432/446/432 434/445/434 444/456/444 443/457/443
f 434/445/434 445/458/445 446/459/446 444/456/444
f 439/451/439 438/450/438 447/460/447 448/461/448
f 438/450/438 440/452/440 449/462/449 447/460/447
f 440/452/440 441/453/441 450/463/450 449/462/449
f 441/453/441 442/454/442 451/464/451 450/463/450
f 442/454/442 443/455/443 452/465/452 451/464/451
f 443/457/443 444/456/444 453/466/453 452/467/452
f 444/456/444 446/459/446 454/468/454 453/466/453
f 448/461/448 447/460/447 455/469/455 456/470/456
f 447/460/447 449/462/449 457/471/457 455/469/455
f 449/462/449 450/463/450 458/472/458 457/471/457
f 451/464/451 452/465/452 459/473/459 460/474/460
f 453/466/453 454/468/454 461/475/461 462/476/462
f 413/423/413 421/431/421 424/434/424 414/424/414
f 414/424/414 424/434/424 439/451/439 416/426/416
f 416/426/416 439/451/439 448/461/448 418/428/418
f 418/428/418 448/461/448 456/470/456 420/430/420
f 463/477/463 464/478/464 461/475/461 465/479/465
f 465/479/465 461/475/461 454/468/454 466/480/466
f 466/480/466 454/468/454 446/459/446 467/481/467
f 467/481/467 446/459/446 445/458/445 468/482/468
f 436/448/436 469/483/469 470/484/470 471/485/471
f 436/448/436 435/447/435 472/486/472 469/483/469
f 473/487/473 474/488/474 472/486/472 435/447/435
f 475/489/475 476/490/476 474/491/474 473/492/473
f 427/437/427 477/493/477 475/489/475 429/439/429
f 478/494/478 479/495/479 480/496/480 481/497/481
f 479/495/479 482/498/482 483/499/483 480/496/480
f 482/498/482 484/500/484 485/501/485 483/499/483
f 481/497/481 480/496/480 486/502/486 487/503/487
f 480/496/480 483/499/483 488/504/488 486/502/486
f 487/503/487 486/502/486 489/505/489 490/506/490
f 486/502/486 488/504/488 491/507/491 489/505/489
f 488/504/488 492/508/492 493/509/493 491/507/491
f 490/506/490 489/505/489 494/510/494 495/511/495
f 489/505/489 491/507/491 496/512/496 494/510/494
f 491/507/491 493/509/493 496/512/496
f 495/511/495 494/510/494 497/513/497 498/514/498
f 494/510/494 496/512/496 499/515/499 497/513/497
f 496/512/496 493/509/493 500/516/500 499/515/499
f 498/514/498 497/513/497 501/517/501 502/518/502
f 497/513/497 499/515/499 503/519/503 501/517/501
f 500/516/500 504/520/504 503/519/503 499/515/499
f 505/521/505 478/522/478 506/523/506
f 506/523/506 478/522/478 481/524/481 507/525/507
f 507/525/507 481/524/481 487/526/487 508/527/508
f 508/527/508 487/526/487 490/528/490 509/529/509
f 509/529/509 490/528/490 495/530/495 510/531/510
f 510/531/510 495/530/495 498/532/498 511/533/511
f 511/533/511 498/532/498 502/534/502 512/535/512
f 513/536/513 514/537/514 515/538/515
f 500/516/500 516/539/516 517/540/517 504/520/504
f 516/539/516 500/516/500 493/509/493 518/541/518
f 518/541/518 493/509/493 492/508/492 519/542/519
f 484/500/484 520/543/520 521/544/521 485/501/485
f 520/545/520 484/546/484 522/547/522 523/548/523
f 484/546/484 482/549/482 524/550/524 522/547/522
f 482/549/482 479/551/479 525/552/525 524/550/524
f 478/553/478 526/554/526 525/552/525 479/551/479
f 527/555/527 528/556/528 529/557/529 530/558/530
f 528/556/528 531/559/531 532/560/532 529/557/529
f 531/559/531 533/561/533 534/562/534 532/560/532
f 533/561/533 535/563/535 536/564/536 534/562/534
f 530/558/530 529/557/529 537/565/537 538/566/538
f 529/557/529 532/560/532 539/567/539 537/565/537
f 532/560/532 534/562/534 540/568/540 539/567/539
f 534/562/534 536/564/536 541/569/541 540/568/540
f 538/566/538 537/565/537 542/570/542 543/571/543
f 537/565/537 539/567/539 544/572/544 542/570/542
f 539/567/539 540/568/540 545/573/545 544/572/544
f 540/568/540 541/569/541 546/574/546 545/573/545
f 543/571/543 542/570/542 547/575/547 548/576/548
f 542/570/542 544/572/544 549/577/549 547/575/547
f 544/572/544 545/573/545 550/578/550 549/577/549
f 545/573/545 546/574/546 551/579/551 550/578/550
f 520/543/520 527/555/527 530/558/530 521/544/521
f 521/544/521 530/558/530 538/566/538 519/542/519
f 519/542/519 538/566/538 543/571/543 518/541/518
f 518/541/518 543/571/543 548/576/548 516/539/516
f 516/539/516 548/576/548 552/580/552 517/540/517
f 548/576/548 547/575/547 553/581/553 552/580/552
f 547/575/547 549/577/549 554/582/554 553/581/553
f 549/577/549 550/578/550 555/583/555 554/582/554
f 550/578/550 551/579/551 556/584/556 555/583/555
f 551/579/551 557/585/557 558/586/558 556/584/556
f 557/585/557 551/579/551 546/574/546 559/587/559
f 559/587/559 546/574/546 541/569/541 560/588/560
f 560/588/560 541/569/541 536/564/536 561/589/561
f 561/589/561 536/564/536 535/563/535 562/590/562
f 562/591/562 535/592/535 563/593/563 564/594/564
f 535/592/535 533/595/533 565/596/565 563/593/563
f 533/595/533 531/597/531 566/598/566 565/596/565
f 531/597/531 528/599/528 567/600/567 566/598/566
f 528/599/528 527/601/527 568/602/568 567/600/567
f 527/601/527 520/545/520 523/548/523 568/602/568
f 569/603/569 570/604/570 571/605/571 572/606/572
f 570/604/570 573/607/573 574/608/574 571/605/571
f 573/607/573 575/609/575 576/610/576 574/608/574
f 571/605/571 577/611/577 578/612/578 572/606/572
f 571/605/571 574/608/574 579/613/579
f 574/608/574 576/610/576 580/614/580 579/613/579
f 571/605/571 579/613/579 581/615/581 577/611/577
f 579/613/579 580/614/580 582/616/582 581/615/581
f 578/612/578 577/611/577 583/617/583 584/618/584
f 577/611/577 581/615/581 585/619/585 583/617/583
f 581/615/581 582/616/582 586/620/586 585/619/585
f 584/618/584 583/617/583 587/621/587 588/622/588
f 583/617/583 585/619/585 589/623/589 587/621/587
f 585/619/585 586/620/586 590/624/590 589/623/589
f 588/622/588 587/621/587 591/625/591 592/626/592
f 587/621/587 589/623/589 593/627/593 591/625/591
f 589/623/589 590/624/590 594/628/594 593/627/593
f 562/590/562 569/603/569 572/606/572 561/589/561
f 561/589/561 572/606/572 578/612/578 560/588/560
f 560/588/560 578/612/578 584/618/584 559/587/559
f 559/587/559 584/618/584 588/622/588 557/585/557
f 557/585/557 588/622/588 592/626/592
f 557/585/557 592/626/592 595/629/595 558/586/558
f 592/626/592 591/625/591 596/630/596 595/629/595
f 591/625/591 593/627/593 597/631/597 596/630/596
f 593/627/593 594/628/594 598/632/598 597/631/597
f 594/628/594 599/633/599 600/634/600 598/632/598
f 599/633/599 594/628/594 590/624/590 601/635/601
f 601/635/601 590/624/590 586/620/586 602/636/602
f 602/636/602 586/620/586 603/637/603
f 603/637/603 586/620/586 582/616/582 604/638/604
f 604/638/604 582/616/582 580/614/580 605/639/605
f 605/639/605 580/614/580 576/610/576 606/640/606
f 606/640/606 576/610/576 575/609/575 607/641/607
f 607/642/607 575/643/575 608/644/608 609/645/609
f 575/643/575 573/646/573 610/647/610 608/644/608
f 573/646/573 570/648/570 611/649/611 610/647/610
f 570/648/570 569/650/569 612/651/612 611/649/611
f 569/650/569 562/591/562 564/594/564 612/651/612
f 613/652/613 614/653/614 605/654/605 606/655/606
f 613/652/613 615/656/615 616/657/616 614/653/614
f 617/658/617 618/659/618 619/660/619 620/661/620
f 618/659/618 621/662/621 622/663/622 619/660/619
f 623/664/623 624/665/624 603/666/603 604/667/604
f 623/664/623 620/661/620 625/668/625 624/665/624
f 620/661/620 619/660/619 626/669/626 625/668/625
f 619/660/619 622/663/622 627/670/627 626/669/626
f 603/666/603 624/665/624 628/671/628 602/672/602
f 624/665/624 625/668/625 629/673/629 628/671/628
f 625/668/625 626/669/626 630/674/630 629/673/629
f 626/669/626 627/670/627 631/675/631 630/674/630
f 602/672/602 628/671/628 632/676/632 601/677/601
f 628/671/628 629/673/629 633/678/633 632/676/632
f 629/673/629 630/674/630 634/679/634 633/678/633
f 630/674/630 631/675/631 635/680/635 634/679/634
f 601/677/601 632/676/632 636/681/636 599/682/599
f 632/676/632 633/678/633 637/683/637 636/681/636
f 633/678/633 634/679/634 638/684/638 637/683/637
f 634/679/634 635/680/635 639/685/639 638/684/638
f 599/682/599 636/681/636 640/686/640 600/687/600
f 636/681/636 637/683/637 641/688/641 640/686/640
f 637/683/637 638/684/638 642/689/642 641/688/641
f 638/684/638 639/685/639 643/690/643 642/689/642
f 644/691/644 645/692/645 621/662/621 646/693/646
f 621/662/621 618/659/618 647/694/647 646/693/646
f 618/659/618 617/658/617 648/695/648 647/694/647
f 617/658/617 616/657/616 615/656/615 648/695/648
f 649/696/649 650/697/650 651/698/651
f 645/692/645 652/699/652 653/700/653 654/701/654
f 652/699/652 649/696/649 655/702/655 653/700/653
f 649/696/649 651/698/651 656/703/656 655/702/655
f 655/702/655 656/703/656 657/704/657
f 654/701/654 653/700/653 658/705/658 659/706/659
f 653/700/653 655/702/655 660/707/660 658/705/658
f 655/702/655 657/704/657 661/708/661 660/707/660
f 659/706/659 658/705/658 662/709/662 663/710/663
f 658/705/658 660/707/660 664/711/664 662/709/662
f 660/707/660 661/708/661 665/712/665 664/711/664
f 663/710/663 662/709/662 666/713/666 667/714/667
f 662/709/662 664/711/664 668/715/668 666/713/666
f 664/711/664 665/712/665 669/716/669 668/715/668
f 667/714/667 666/713/666 670/717/670 671/718/671
f 666/713/666 668/715/668 672/719/672 670/717/670
f 668/715/668 669/716/669 673/720/673 672/719/672
f 621/662/621 645/692/645 654/701/654 622/663/622
f 622/663/622 654/701/654 659/706/659 627/670/627
f 627/670/627 659/706/659 663/710/663 631/675/631
f 631/675/631 663/710/663 667/714/667 635/680/635
f 635/680/635 667/714/667 671/718/671 639/685/639
f 639/685/639 671/718/671 674/721/674 643/690/643
f 671/718/671 670/717/670 675/722/675 674/721/674
f 670/717/670 672/719/672 676/723/676 675/722/675
f 672/719/672 673/720/673 677/724/677 676/723/676
f 673/720/673 678/725/678 679/726/679 677/724/677
f 678/725/678 673/720/673 669/716/669 680/727/680
f 680/727/680 669/716/669 665/712/665 681/728/681
f 681/728/681 665/712/665 661/708/661 682/729/682
f 682/729/682 661/708/661 657/704/657 683/730/683
f 683/730/683 657/704/657 656/703/656 684/731/684
f 684/731/684 656/703/656 651/698/651 685/732/685
f 685/732/685 651/698/651 650/697/650 686/733/686
f 686/733/686 650/697/650 687/734/687 688/735/688
f 650/697/650 649/696/649 689/736/689 687/734/687
f 649/696/649 652/699/652 690/737/690 689/736/689
f 652/699/652 645/692/645 644/691/644 690/737/690
f 686/733/686 691/738/691 692/739/692 685/732/685
f 691/738/691 693/740/693 694/741/694 692/739/692
f 693/740/693 695/742/695 696/743/696 694/741/694
f 685/732/685 692/739/692 697/744/697 684/731/684
f 692/739/692 694/741/694 698/745/698 697/744/697
f 694/741/694 696/743/696 699/746/699 698/745/698
f 684/731/684 697/744/697 700/747/700 683/730/683
f 697/744/697 698/745/698 701/748/701 700/747/700
f 698/745/698 699/746/699 702/749/702 701/748/701
f 683/730/683 700/747/700 703/750/703 682/729/682
f 700/747/700 701/748/701 704/751/704 703/750/703
f 701/748/701 702/749/702 705/752/705 704/751/704
f 682/729/682 703/750/703 706/753/706 681/728/681
f 703/750/703 704/751/704 707/754/707 706/753/706
f 704/751/704 705/752/705 708/755/708 707/754/707
f 681/728/681 706/753/706 709/756/709 680/727/680
f 706/753/706 707/754/707 710/757/710 709/756/709
f 707/754/707 708/755/708 711/758/711 710/757/710
f 680/727/680 709/756/709 712/759/712 678/725/678
f 709/756/709 710/757/710 713/760/713 712/759/712
f 710/757/710 711/758/711 714/761/714 713/760/713
f 678/725/678 712/759/712 715/762/715 679/726/679
f 712/759/712 713/760/713 716/763/716 715/762/715
f 713/760/713 714/761/714 717/764/717 716/763/716
f 714/761/714 718/765/718 719/766/719 717/764/717
f 718/765/718 714/761/714 711/758/711 720/767/720
f 720/767/720 711/758/711 708/755/708 721/768/721
f 721/768/721 708/755/708 705/752/705 722/769/722
f 722/769/722 705/752/705 702/749/702 723/770/723
f 723/770/723 702/749/702 699/746/699 724/771/724
f 724/771/724 699/746/699 696/743/696 725/772/725
f 725/772/725 696/743/696 695/742/695 726/773/726
f 726/773/726 695/742/695 727/774/727 728/775/728
f 695/742/695 693/740/693 729/776/729 727/774/727
f 693/740/693 691/738/691 730/777/730 729/776/729
f 691/738/691 686/733/686 688/735/688 730/777/730
f 731/778/731 732/779/732 733/780/733 734/781/734
f 732/779/732 735/782/735 736/783/736 733/780/733
f 735/782/735 737/784/737 738/785/738 736/783/736
f 737/784/737 739/786/739 740/787/740 738/785/738
f 738/785/738 740/787/740 741/788/741
f 734/781/734 733/780/733 742/789/742 743/790/743
f 733/780/733 736/783/736 744/791/744 742/789/742
f 736/783/736 738/785/738 745/792/745 744/791/744
f 738/785/738 741/788/741 746/793/746 745/792/745
f 744/791/744 745/792/745 747/794/747
f 745/792/745 746/793/746 748/795/748 747/794/747
f 743/790/743 742/789/742 749/796/749 750/797/750
f 742/789/742 751/798/751 749/796/749
f 742/789/742 744/791/744 752/799/752 751/798/751
f 744/791/744 747/794/747 753/800/753 752/799/752
f 747/794/747 748/795/748 754/801/754 753/800/753
f 750/797/750 749/796/749 755/802/755 756/803/756
f 749/796/749 751/798/751 757/804/757 755/802/755
f 751/798/751 752/799/752 758/805/758 757/804/757
f 752/799/752 753/800/753 759/806/759 758/805/758
f 753/800/753 754/801/754 760/807/760 759/806/759
f 10/10/10 731/778/731 734/781/734 11/11/11
f 11/11/11 734/781/734 743/790/743 16/16/16
f 16/16/16 743/790/743 750/797/750 21/21/21
f 21/21/21 750/797/750 756/803/756 26/26/26
f 739/786/739 737/784/737 761/808/761 762/809/762
f 737/784/737 735/782/735 763/810/763 761/808/761
f 735/782/735 732/779/732 764/811/764 763/810/763
f 732/779/732 731/778/731 765/812/765 764/811/764
f 731/778/731 10/10/10 33/33/33 765/812/765
f 766/813/766 767/814/767 768/815/768 769/816/769
f 767/814/767 770/817/770 771/818/771 768/815/768
f 771/818/771 770/817/770 772/819/772 773/820/773
f 769/816/769 768/815/768 774/821/774 775/822/775
f 768/815/768 771/818/771 776/823/776 774/821/774
f 771/818/771 773/820/773 777/824/777 776/823/776
f 775/822/775 774/821/774 778/825/778 779/826/779
f 774/821/774 776/823/776 780/827/780 778/825/778
f 776/823/776 777/824/777 781/828/781 780/827/780
f 779/826/779 778/825/778 782/829/782 783/830/783
f 780/827/780 781/828/781 784/831/784 785/832/785
f 786/833/786 787/834/787 788/835/788 789/836/789
f 788/835/788 787/834/787 790/837/790 791/838/791
f 792/839/792 793/840/793 783/830/783 782/829/782
f 784/831/784 794/841/794 795/842/795 785/832/785
f 789/836/789 788/835/788 796/843/796 797/844/797
f 788/835/788 791/838/791 798/845/798 796/843/796
f 799/846/799 800/847/800 793/840/793 792/839/792
f 794/841/794 801/848/801 802/849/802 795/842/795
f 797/844/797 796/843/796 803/850/803 804/851/804
f 796/843/796 798/845/798 805/852/805 803/850/803
f 806/853/806 807/854/807 800/847/800 799/846/799
f 801/848/801 808/855/808 809/856/809 810/857/810
f 808/855/808 804/851/804 811/858/811 809/856/809
f 804/851/804 803/850/803 812/859/812 811/858/811
f 805/852/805 813/860/813 812/859/812 803/850/803
f 739/786/739 766/813/766 769/816/769 740/787/740
f 740/787/740 769/816/769 775/822/775 741/788/741
f 741/788/741 775/822/775 779/826/779 746/793/746
f 746/793/746 779/826/779 783/830/783 748/795/748
f 748/795/748 783/830/783 793/840/793 754/801/754
f 754/801/754 793/840/793 800/847/800
f 754/801/754 800/847/800 807/854/807 760/807/760
f 814/861/814 815/862/815 806/863/806 816/864/816
f 810/865/810 809/866/809 817/867/817 818/868/818
f 809/866/809 811/869/811 819/870/819 817/867/817
f 811/869/811 812/871/812 820/872/820 819/870/819
f 812/871/812 813/873/813 821/874/821 820/872/820
f 813/873/813 822/875/822 823/876/823 821/874/821
f 822/877/822 813/860/813 805/852/805 824/878/824
f 824/878/824 805/852/805 798/845/798 825/879/825
f 825/879/825 798/845/798 791/838/791 826/880/826
f 826/880/826 791/838/791 790/837/790 827/881/827
f 828/882/828 772/819/772 829/883/829 830/884/830
f 770/817/770 831/885/831 829/883/829 772/819/772
f 770/817/770 767/814/767 832/886/832 831/885/831
f 767/814/767 766/813/766 833/887/833 832/886/832
f 766/813/766 739/786/739 762/809/762 833/887/833
f 834/888/834 835/889/835 836/890/836 837/891/837
f 838/892/838 839/893/839 840/894/840 841/895/841
f 839/893/839 842/896/842 843/897/843 840/894/840
f 844/898/844 845/899/845 834/888/834 846/900/846
f 841/895/841 840/894/840 847/901/847 848/902/848
f 840/894/840 843/897/843 849/903/849 847/901/847
f 850/904/850 848/902/848 851/905/851 852/906/852
f 848/902/848 847/901/847 853/907/853 851/905/851
f 847/901/847 849/903/849 854/908/854 853/907/853
f 852/906/852 851/905/851 855/909/855 856/910/856
f 851/905/851 853/907/853 857/911/857 855/909/855
f 853/907/853 854/908/854 858/912/858 857/911/857
f 856/910/856 855/909/855 859/913/859 860/914/860
f 855/909/855 857/911/857 861/915/861 859/913/859
f 857/911/857 858/912/858 862/916/862 861/915/861
f 860/914/860 859/913/859 863/917/863 864/918/864
f 859/913/859 861/915/861 865/919/865 863/917/863
f 861/915/861 862/916/862 866/920/866 865/919/865
f 864/918/864 863/917/863 867/921/867 868/922/868
f 863/917/863 865/919/865 869/923/869 867/921/867
f 865/919/865 866/920/866 870/924/870 869/923/869
f 827/881/827 852/906/852 856/910/856 826/880/826
f 826/880/826 856/910/856 860/914/860 825/879/825
f 825/879/825 860/914/860 864/918/864 824/878/824
f 824/878/824 864/918/864 868/922/868 822/877/822
f 822/875/822 868/925/868 871/926/871 823/876/823
f 868/925/868 867/927/867 871/926/871
f 867/927/867 869/928/869 872/929/872
f 869/928/869 870/930/870 873/931/873 874/932/874
f 870/930/870 875/933/875 876/934/876 873/931/873
f 875/935/875 870/924/870 866/920/866 877/936/877
f 877/936/877 866/920/866 862/916/862 878/937/878
f 878/937/878 862/916/862 858/912/858 879/938/879
f 879/938/879 858/912/858 854/908/854 880/939/880
f 880/939/880 854/908/854 849/903/849 881/940/881
f 881/940/881 849/903/849 843/897/843 882/941/882
f 882/941/882 843/897/843 842/896/842 883/942/883
f 883/942/883 842/896/842 884/943/884 885/944/885
f 842/896/842 839/893/839 886/945/886 884/943/884
f 839/893/839 838/892/838 887/946/887 886/945/886
f 837/891/837 836/890/836 888/947/888 887/946/887
f 836/890/836 828/882/828 830/884/830 888/947/888
f 873/931/873 889/948/889 890/949/890 874/932/874
f 889/948/889 891/950/891 892/951/892 890/949/890
f 891/952/891 893/953/893 894/954/894 892/955/892
f 874/932/874 890/949/890 895/956/895 896/957/896
f 890/949/890 892/951/892 897/958/897 895/956/895
f 892/955/892 894/954/894 898/959/898 897/960/897
f 896/957/896 895/956/895 899/961/899 900/962/900
f 895/956/895 897/958/897 901/963/901 899/961/899
f 897/960/897 898/959/898 902/964/902 901/965/901
f 900/962/900 899/961/899 903/966/903
f 904/967/904 902/964/902 898/959/898 905/968/905
f 905/968/905 898/959/898 894/954/894 906/969/906
f 906/969/906 894/954/894 893/953/893 907/970/907
f 907/970/907 893/953/893 908/971/908 909/972/909
f 893/953/893 891/952/891 910/973/910 908/971/908
f 891/950/891 889/948/889 911/974/911 910/975/910
f 889/948/889 873/931/873 876/934/876 911/974/911
f 907/970/907 912/976/912 913/977/913 906/969/906
f 912/976/912 914/978/914 915/979/915 913/977/913
f 914/978/914 916/980/916 917/981/917 915/979/915
f 916/980/916 727/982/727 729/983/729 917/981/917
f 906/969/906 913/977/913 918/984/918 905/968/905
f 913/977/913 915/979/915 919/985/919 918/984/918
f 915/979/915 917/981/917 920/986/920 919/985/919
f 917/981/917 729/983/729 730/987/730 920/986/920
f 905/968/905 918/984/918 921/988/921 904/967/904
f 918/984/918 919/985/919 922/989/922 921/988/921
f 919/985/919 920/986/920 923/990/923 922/989/922
f 920/986/920 730/987/730 688/991/688 923/990/923
f 727/982/727 916/980/916 924/992/924 728/993/728
f 916/980/916 914/978/914 925/994/925 924/992/924
f 914/978/914 912/976/912 926/995/926 925/994/925
f 912/976/912 907/970/907 909/972/909 926/995/926
f 687/996/687 689/997/689 927/998/927 928/999/928
f 689/997/689 690/1000/690 929/1001/929 927/998/927
f 690/1000/690 930/1002/930 931/1003/931 929/1001/929
f 928/999/928 927/998/927 932/1004/932 933/1005/933
f 927/998/927 929/1001/929 934/1006/934 932/1004/932
f 929/1001/929 931/1003/931 935/1007/935 934/1006/934
f 933/1005/933 932/1004/932 936/1008/936 937/1009/937
f 932/1004/932 934/1006/934 938/1010/938 936/1008/936
f 934/1006/934 935/1007/935 939/1011/939 938/1010/938
f 940/1012/940 941/1013/941 942/1014/942
f 940/1012/940 943/1015/943 944/1016/944 941/1013/941
f 943/1015/943 945/1017/945 946/1018/946 944/1016/944
f 688/991/688 687/996/687 928/999/928 923/990/923
f 923/990/923 928/999/928 933/1005/933 922/989/922
f 922/989/922 933/1005/933 937/1009/937 921/988/921
f 921/988/921 937/1009/937 942/1014/942 904/967/904
f 888/947/888 947/1019/947 948/1020/948 887/946/887
f 947/1019/947 949/1021/949 950/1022/950 948/1020/948
f 949/1021/949 951/1023/951 952/1024/952 950/1022/950
f 887/946/887 948/1020/948 953/1025/953 886/945/886
f 948/1020/948 950/1022/950 954/1026/954 953/1025/953
f 950/1022/950 952/1024/952 955/1027/955 954/1026/954
f 886/945/886 953/1025/953 956/1028/956 884/943/884
f 953/1025/953 954/1026/954 957/1029/957 956/1028/956
f 954/1026/954 955/1027/955 958/1030/958 957/1029/957
f 884/943/884 956/1028/956 959/1031/959 885/944/885
f 956/1028/956 957/1029/957 960/1032/960 959/1031/959
f 957/1029/957 958/1030/958 961/1033/961 960/1032/960
f 958/1030/958 962/1034/962 963/1035/963 961/1033/961
f 962/1034/962 958/1030/958 955/1027/955 964/1036/964
f 964/1036/964 955/1027/955 952/1024/952 965/1037/965
f 965/1037/965 952/1024/952 951/1023/951 966/1038/966
f 947/1019/947 888/947/888 830/884/830
f 966/1038/966 967/1039/967 968/1040/968 965/1037/965
f 967/1039/967 969/1041/969 970/1042/970 968/1040/968
f 969/1041/969 679/1043/679 715/1044/715 970/1042/970
f 965/1037/965 968/1040/968 971/1045/971 964/1036/964
f 968/1040/968 970/1042/970 972/1046/972 971/1045/971
f 970/1042/970 715/1044/715 716/1047/716 972/1046/972
f 964/1036/964 971/1045/971 973/1048/973 962/1034/962
f 971/1045/971 972/1046/972 974/1049/974 973/1048/973
f 972/1046/972 716/1047/716 717/1050/717 974/1049/974
f 962/1034/962 973/1048/973 975/1051/975 963/1035/963
f 973/1048/973 974/1049/974 976/1052/976 975/1051/975
f 974/1049/974 717/1050/717 719/1053/719 976/1052/976
f 977/1054/977 978/1055/978 979/1056/979 980/1057/980
f 981/1058/981 982/1059/982 983/1060/983 977/1061/977
f 984/1062/984 978/1063/978 977/1061/977 983/1060/983
f 982/1059/982 985/1064/985 986/1065/986 983/1060/983
f 987/1066/987 988/1067/988 985/1064/985 982/1059/982
f 984/1062/984 983/1060/983 986/1065/986 989/1068/989
f 985/1064/985 990/1069/990 991/1070/991 986/1065/986
f 992/1071/992 990/1069/990 985/1064/985 988/1067/988
f 991/1070/991 993/1072/993 986/1065/986
f 990/1069/990 994/1073/994 995/1074/995 991/1070/991
f 996/1075/996 997/1076/997 994/1073/994 990/1069/990
f 998/1077/998 993/1072/993 999/1078/999 1000/1079/1000
f 993/1072/993 991/1070/991 995/1074/995 999/1078/999
f 997/1076/997 1001/1080/1001 1002/1081/1002 994/1073/994
f 1000/1079/1000 999/1078/999 1003/1082/1003 1004/1083/1004
f 999/1078/999 995/1074/995 1005/1084/1005 1003/1082/1003
f 995/1074/995 994/1073/994 1002/1081/1002 1005/1084/1005
f 1001/1080/1001 815/862/815 814/861/814 1002/1081/1002
f 978/1063/978 984/1062/984 901/963/901
f 901/963/901 984/1062/984 989/1068/989 899/961/899
f 1006/1085/1006 1007/1086/1007 903/966/903
f 1004/1083/1004 1003/1082/1003 819/870/819 820/872/820
f 1003/1082/1003 1005/1084/1005 817/867/817 819/870/819
f 1005/1084/1005 1002/1081/1002 818/868/818 817/867/817
f 1008/1087/1008 1009/1088/1009 944/1016/944 946/1018/946
f 1009/1088/1009 980/1057/980 941/1013/941 944/1016/944
f 980/1057/980 979/1056/979 942/1014/942 941/1013/941
f 979/1056/979 902/964/902 904/967/904 942/1014/942
f 1010/1089/1010 1011/1090/1011 1012/1091/1012 1013/1092/1013
f 1012/1091/1012 1011/1090/1011 1014/1093/1014 1015/1094/1015
f 1016/1095/1016 1017/1096/1017 1015/1094/1015 1014/1093/1014
f 1018/1097/1018 1019/1098/1019 1020/1099/1020 1021/1100/1021
f 1022/1101/1022 1023/1102/1023 1024/1103/1024 1025/1104/1025
f 1026/1105/1026 1023/1102/1023 1022/1101/1022 1027/1106/1027
f 1026/1105/1026 1027/1106/1027 1028/1107/1028 1029/1108/1029
f 1028/1107/1028 1021/1100/1021 1030/1109/1030 1029/1108/1029
f 1030/1109/1030 1021/1100/1021 1020/1099/1020 1031/1110/1031
f 1032/1111/1032 1033/1112/1033 1034/1113/1034 1035/1114/1035
f 1023/1102/1023 1026/1105/1026 1036/1115/1036 1037/1116/1037
f 1026/1105/1026 1029/1108/1029 1038/1117/1038 1036/1115/1036
f 1029/1108/1029 1030/1109/1030 1039/1118/1039 1038/1117/1038
f 1030/1109/1030 1031/1110/1031 1040/1119/1040 1039/1118/1039
f 1032/1111/1032 1035/1114/1035 1041/1120/1041 1042/1121/1042
f 1043/1122/1043 1037/1116/1037 1044/1123/1044 1045/1124/1045
f 1037/1116/1037 1036/1115/1036 1046/1125/1046 1044/1123/1044
f 1036/1115/1036 1038/1117/1038 1047/1126/1047 1046/1125/1046
f 1038/1117/1038 1039/1118/1039 1048/1127/1048 1047/1126/1047
f 1039/1118/1039 1040/1119/1040 1049/1128/1049 1048/1127/1048
f 1040/1119/1040 1042/1129/1042 1050/1130/1050 1049/1128/1049
f 1045/1124/1045 1044/1123/1044 1051/1131/1051 1052/1132/1052
f 1044/1123/1044 1046/1125/1046 1053/1133/1053 1051/1131/1051
f 1046/1125/1046 1047/1126/1047 1054/1134/1054 1053/1133/1053
f 1047/1126/1047 1048/1127/1048 1055/1135/1055 1054/1134/1054
f 1048/1127/1048 1049/1128/1049 1056/1136/1056 1055/1135/1055
f 1049/1128/1049 1050/1130/1050 1057/1137/1057 1056/1136/1056
f 1052/1132/1052 1051/1131/1051 1058/1138/1058 1059/1139/1059
f 1051/1131/1051 1053/1133/1053 1060/1140/1060 1058/1138/1058
f 1053/1133/1053 1054/1134/1054 1061/1141/1061 1060/1140/1060
f 1054/1134/1054 1055/1135/1055 1062/1142/1062 1061/1141/1061
f 1055/1135/1055 1056/1136/1056 1063/1143/1063 1062/1142/1062
f 1056/1136/1056 1057/1137/1057 1064/1144/1064 1063/1143/1063
f 1059/1139/1059 1058/1138/1058 1065/1145/1065 1066/1146/1066
f 1058/1138/1058 1060/1140/1060 1067/1147/1067 1065/1145/1065
f 1060/1140/1060 1061/1141/1061 1068/1148/1068 1067/1147/1067
f 1061/1141/1061 1062/1142/1062 1069/1149/1069 1068/1148/1068
f 1062/1142/1062 1063/1143/1063 1070/1150/1070 1069/1149/1069
f 1063/1143/1063 1064/1144/1064 1071/1151/1071 1070/1150/1070
f 1072/1152/1072 987/1066/987 1073/1153/1073
f 1074/1154/1074 992/1071/992 988/1067/988 1075/1155/1075
f 992/1071/992 1074/1154/1074 1076/1156/1076 996/1075/996
f 1077/1157/1077 1052/1132/1052 1059/1139/1059 1078/1158/1078
f 1078/1158/1078 1059/1139/1059 1066/1146/1066 1079/1159/1079
f 1066/1146/1066 1065/1145/1065 1080/1160/1080 1081/1161/1081
f 1065/1145/1065 1067/1147/1067 1082/1162/1082 1080/1160/1080
f 1067/1147/1067 1068/1148/1068 1083/1163/1083 1082/1162/1082
f 1068/1148/1068 1069/1149/1069 1084/1164/1084 1083/1163/1083
f 1069/1149/1069 1070/1150/1070 1085/1165/1085 1084/1164/1084
f 1070/1150/1070 1071/1151/1071 1086/1166/1086 1085/1165/1085
f 1071/1167/1071 1087/1168/1087 1088/1169/1088 1086/1170/1086
f 1087/1168/1087 1071/1167/1071 1064/1171/1064 1089/1172/1089
f 1089/1172/1089 1064/1171/1064 1057/1173/1057 1090/1174/1090
f 1090/1174/1090 1057/1173/1057 1050/1175/1050 1091/1176/1091
f 1091/1176/1091 1050/1175/1050 1042/1121/1042 1041/1120/1041
f 1018/1097/1018 1092/1177/1092 1093/1178/1093
f 1094/1179/1094 1095/1180/1095 1092/1181/1092 1016/1182/1016
f 946/1018/946 1096/1183/1096 1097/1184/1097 1008/1087/1008
f 1098/1185/1098 1099/1186/1099 1100/1187/1100 1101/1188/1101
f 1099/1186/1099 1102/1189/1102 1103/1190/1103 1100/1187/1100
f 1102/1189/1102 1104/1191/1104 1105/1192/1105 1103/1190/1103
f 1104/1191/1104 1106/1193/1106 1107/1194/1107 1105/1192/1105
f 1106/1193/1106 1108/1195/1108 1109/1196/1109 1107/1194/1107
f 1108/1195/1108 1110/1197/1110 1111/1198/1111 1109/1196/1109
f 1110/1197/1110 1112/1199/1112 1113/1200/1113 1111/1198/1111
f 1101/1188/1101 1100/1187/1100 1114/1201/1114 1115/1202/1115
f 1100/1187/1100 1103/1190/1103 1116/1203/1116 1114/1201/1114
f 1103/1190/1103 1105/1192/1105 1117/1204/1117 1116/1203/1116
f 1105/1192/1105 1107/1194/1107 1118/1205/1118 1117/1204/1117
f 1107/1194/1107 1109/1196/1109 1119/1206/1119 1118/1205/1118
f 1109/1196/1109 1111/1198/1111 1120/1207/1120 1119/1206/1119
f 1111/1198/1111 1113/1200/1113 1121/1208/1121 1120/1207/1120
f 1115/1202/1115 1114/1201/1114 1122/1209/1122 1123/1210/1123
f 1114/1201/1114 1116/1203/1116 1124/1211/1124 1122/1209/1122
f 1116/1203/1116 1117/1204/1117 1125/1212/1125 1124/1211/1124
f 1117/1204/1117 1118/1205/1118 1126/1213/1126 1125/1212/1125
f 1118/1205/1118 1119/1206/1119 1127/1214/1127 1126/1213/1126
f 1119/1206/1119 1120/1207/1120 1128/1215/1128 1127/1214/1127
f 1120/1207/1120 1121/1208/1121 1129/1216/1129 1128/1215/1128
f 1123/1210/1123 1122/1209/1122 1130/1217/1130
f 1130/1217/1130 1122/1209/1122 1131/1218/1131 1132/1219/1132
f 1122/1209/1122 1124/1211/1124 1133/1220/1133 1131/1218/1131
f 1124/1211/1124 1125/1212/1125 1134/1221/1134 1133/1220/1133
f 1125/1212/1125 1126/1213/1126 1135/1222/1135 1134/1221/1134
f 1126/1213/1126 1127/1214/1127 1136/1223/1136 1135/1222/1135
f 1127/1214/1127 1128/1215/1128 1137/1224/1137 1136/1223/1136
f 1128/1215/1128 1129/1216/1129 1138/1225/1138 1137/1224/1137
f 1132/1219/1132 1131/1218/1131 1139/1226/1139 1140/1227/1140
f 1131/1218/1131 1133/1220/1133 1141/1228/1141 1139/1226/1139
f 1133/1220/1133 1134/1221/1134 1141/1228/1141
f 1142/1229/1142 1098/1185/1098 1101/1188/1101 1143/1230/1143
f 1143/1230/1143 1101/1188/1101 1115/1202/1115 1144/1231/1144
f 1144/1231/1144 1115/1202/1115 1123/1210/1123 1145/1232/1145
f 1145/1232/1145 1123/1210/1123 1130/1217/1130 1146/1233/1146
f 1146/1233/1146 1130/1217/1130 1132/1219/1132 1147/1234/1147
f 1147/1234/1147 1132/1219/1132 1140/1227/1140 1148/1235/1148
f 1140/1227/1140 1139/1226/1139 759/806/759 760/807/760
f 1139/1226/1139 1141/1228/1141 759/806/759
f 1141/1228/1141 1134/1221/1134 758/805/758 759/806/759
f 1134/1221/1134 1135/1222/1135 758/805/758
f 1135/1222/1135 1136/1223/1136 757/804/757 758/805/758
f 1136/1223/1136 1137/1224/1137 755/802/755 757/804/757
f 1137/1224/1137 1138/1225/1138 756/803/756 755/802/755
f 1138/1225/1138 1149/1236/1149 26/26/26 756/803/756
f 1149/1236/1149 1138/1225/1138 1129/1216/1129 1150/1237/1150
f 1150/1237/1150 1129/1216/1129 1121/1208/1121 1151/1238/1151
f 1113/1200/1113 1152/1239/1152 1151/1238/1151 1121/1208/1121
f 1112/1240/1112 1110/1241/1110 1153/1242/1153 1154/1243/1154
f 1110/1241/1110 1108/1244/1108 1155/1245/1155 1153/1242/1153
f 1108/1244/1108 1106/1246/1106 1156/1247/1156 1155/1245/1155
f 1106/1246/1106 1104/1248/1104 1157/1249/1157 1156/1247/1156
f 1104/1248/1104 1102/1250/1102 1158/1251/1158 1157/1249/1157
f 1102/1250/1102 1099/1252/1099 1159/1253/1159 1158/1251/1158
f 1099/1252/1099 1098/1254/1098 1160/1255/1160 1159/1253/1159
f 1098/1254/1098 1142/1256/1142 1161/1257/1161 1160/1255/1160
f 1162/1258/1162 1163/1259/1163 1164/1260/1164 1165/1261/1165
f 1163/1259/1163 1166/1262/1166 1167/1263/1167 1164/1260/1164
f 1166/1262/1166 1168/1264/1168 1169/1265/1169 1167/1263/1167
f 1168/1264/1168 1170/1266/1170 1171/1267/1171 1169/1265/1169
f 1170/1266/1170 1172/1268/1172 1173/1269/1173 1171/1267/1171
f 1172/1268/1172 1174/1270/1174 1175/1271/1175 1173/1269/1173
f 1174/1270/1174 1176/1272/1176 1175/1271/1175
f 1165/1261/1165 1164/1260/1164 1177/1273/1177 1178/1274/1178
f 1164/1260/1164 1167/1263/1167 1179/1275/1179 1177/1273/1177
f 1167/1263/1167 1169/1265/1169 1179/1275/1179
f 1169/1265/1169 1171/1267/1171 1180/1276/1180 1179/1275/1179
f 1171/1267/1171 1173/1269/1173 1180/1276/1180
f 1173/1269/1173 1175/1271/1175 1181/1277/1181 1180/1276/1180
f 1178/1274/1178 1177/1273/1177 1182/1278/1182 1183/1279/1183
f 1179/1275/1179 1184/1280/1184 1182/1278/1182 1177/1273/1177
f 1180/1276/1180 1185/1281/1185 1184/1280/1184 1179/1275/1179
f 1180/1276/1180 1181/1277/1181 1186/1282/1186 1185/1281/1185
f 1187/1283/1187 1162/1284/1162 1165/1285/1165 1188/1286/1188
f 1188/1286/1188 1165/1285/1165 1178/1287/1178 1189/1288/1189
f 1189/1288/1189 1178/1287/1178 1183/1289/1183 1190/1290/1190
f 1182/1278/1182 1191/1291/1191 1192/1292/1192 1183/1279/1183
f 1184/1280/1184 1193/1293/1193 1191/1291/1191 1182/1278/1182
f 1185/1281/1185 1186/1282/1186 1194/1294/1194
f 1186/1282/1186 1195/1295/1195 1196/1296/1196 1194/1294/1194
f 1195/1295/1195 1186/1282/1186 1181/1277/1181 1197/1297/1197
f 1197/1297/1197 1181/1277/1181 1175/1271/1175 1198/1298/1198
f 1198/1298/1198 1175/1271/1175 1176/1272/1176 1199/1299/1199
f 1199/1299/1199 1176/1272/1176 1200/1300/1200 1201/1301/1201
f 1176/1272/1176 1174/1270/1174 1202/1302/1202 1200/1300/1200
f 1174/1270/1174 1172/1268/1172 1203/1303/1203 1202/1302/1202
f 1172/1268/1172 1170/1266/1170 1204/1304/1204 1203/1303/1203
f 1170/1266/1170 1168/1264/1168 1205/1305/1205 1204/1304/1204
f 1168/1264/1168 1166/1262/1166 1206/1306/1206 1205/1305/1205
f 1166/1262/1166 1163/1259/1163 1207/1307/1207 1206/1306/1206
f 1163/1259/1163 1162/1258/1162 1208/1308/1208 1207/1307/1207
f 1162/1284/1162 1187/1283/1187 1209/1309/1209 1208/1310/1208
f 1210/1311/1210 1211/1312/1211 1212/1313/1212 1213/1314/1213
f 1213/1314/1213 1212/1313/1212 1214/1315/1214
f 1215/1316/1215 1216/1317/1216 1217/1318/1217 1218/1319/1218
f 1218/1319/1218 1217/1318/1217 1219/1320/1219 1220/1321/1220
f 1220/1321/1220 1219/1320/1219 1221/1322/1221 1196/1296/1196
f 1222/1323/1222 1223/1324/1223 1224/1325/1224 1225/1326/1225
f 1226/1327/1226 1227/1328/1227 1228/1329/1228 1229/1330/1229
f 1230/1331/1230 1226/1327/1226 1229/1330/1229 1231/1332/1231
f 1211/1312/1211 1210/1311/1210 1232/1333/1232 1233/1334/1233
f 1234/1335/1234 1199/1299/1199 1201/1301/1201 1235/1336/1235
f 1236/1337/1236 1237/1338/1237 1238/1339/1238 1239/1340/1239
f 1237/1338/1237 1240/1341/1240 1241/1342/1241 1238/1339/1238
f 1240/1341/1240 1242/1343/1242 1243/1344/1243 1241/1342/1241
f 1242/1343/1242 1244/1345/1244 1245/1346/1245 1243/1344/1243
f 1244/1345/1244 1246/1347/1246 1247/1348/1247 1245/1346/1245
f 1239/1340/1239 1238/1339/1238 1248/1349/1248 1249/1350/1249
f 1238/1339/1238 1241/1342/1241 1250/1351/1250 1248/1349/1248
f 1241/1342/1241 1243/1344/1243 1251/1352/1251 1250/1351/1250
f 1243/1344/1243 1245/1346/1245 1252/1353/1252 1251/1352/1251
f 1245/1346/1245 1247/1348/1247 1253/1354/1253 1252/1353/1252
f 1249/1350/1249 1248/1349/1248 1254/1355/1254 1255/1356/1255
f 1248/1349/1248 1250/1351/1250 1256/1357/1256 1254/1355/1254
f 1250/1351/1250 1251/1352/1251 1257/1358/1257 1256/1357/1256
f 1251/1352/1251 1252/1353/1252 1258/1359/1258 1257/1358/1257
f 1252/1353/1252 1253/1354/1253 1259/1360/1259 1258/1359/1258
f 646/693/646 647/694/647 1258/1361/1258 1259/1362/1259
f 1255/1363/1255 1254/1364/1254 613/652/613 1260/1365/1260
f 1254/1364/1254 1256/1366/1256 615/656/615 613/652/613
f 1256/1366/1256 1257/1367/1257 648/695/648 615/656/615
f 1257/1367/1257 1258/1361/1258 647/694/647 648/695/648
f 1261/1368/1261 1236/1369/1236 1239/1370/1239 1262/1371/1262
f 1262/1371/1262 1239/1370/1239 1249/1372/1249 1263/1373/1263
f 1263/1373/1263 1249/1372/1249 1255/1374/1255 1264/1375/1264
f 1264/1375/1264 1255/1374/1255 1260/1376/1260 1265/1377/1265
f 646/693/646 1259/1362/1259 1266/1378/1266 644/691/644
f 1266/1379/1266 1259/1360/1259 1253/1354/1253 1267/1380/1267
f 1267/1380/1267 1253/1354/1253 1247/1348/1247 1268/1381/1268
f 1268/1381/1268 1247/1348/1247 1246/1347/1246 1269/1382/1269
f 1269/1382/1269 1246/1347/1246 1270/1383/1270 1271/1384/1271
f 1246/1347/1246 1244/1345/1244 1272/1385/1272 1270/1383/1270
f 1244/1345/1244 1242/1343/1242 1273/1386/1273 1272/1385/1272
f 1242/1343/1242 1240/1341/1240 1274/1387/1274 1273/1386/1273
f 1240/1341/1240 1237/1338/1237 1275/1388/1275 1274/1387/1274
f 1237/1338/1237 1236/1337/1236 1276/1389/1276 1275/1388/1275
f 1236/1369/1236 1261/1368/1261 1277/1390/1277 1276/1391/1276
f 1278/1392/1278 1279/1393/1279 1280/1394/1280 1281/1395/1281
f 1279/1393/1279 1282/1396/1282 1283/1397/1283 1280/1394/1280
f 1282/1396/1282 1284/1398/1284 1283/1397/1283
f 1284/1398/1284 1285/1399/1285 1286/1400/1286 1283/1397/1283
f 1287/1401/1287 1288/1402/1288 1286/1400/1286 1285/1399/1285
f 1281/1395/1281 1280/1394/1280 1289/1403/1289 1290/1404/1290
f 1280/1394/1280 1283/1397/1283 1291/1405/1291 1289/1403/1289
f 1283/1397/1283 1286/1400/1286 1292/1406/1292 1291/1405/1291
f 1286/1400/1286 1288/1402/1288 1293/1407/1293 1292/1406/1292
f 1290/1404/1290 1289/1403/1289 1294/1408/1294 1295/1409/1295
f 1289/1403/1289 1291/1405/1291 1296/1410/1296 1294/1408/1294
f 1291/1405/1291 1292/1406/1292 1297/1411/1297 1296/1410/1296
f 1292/1406/1292 1293/1407/1293 1298/1412/1298 1297/1411/1297
f 1269/1382/1269 1278/1392/1278 1281/1395/1281 1268/1381/1268
f 1268/1381/1268 1281/1395/1281 1290/1404/1290 1267/1380/1267
f 1267/1380/1267 1290/1404/1290 1295/1409/1295 1266/1379/1266
f 1295/1409/1295 930/1002/930 644/1413/644 1266/1379/1266
f 1295/1409/1295 1294/1408/1294 931/1003/931 930/1002/930
f 1294/1408/1294 1296/1410/1296 935/1007/935 931/1003/931
f 1296/1410/1296 1297/1411/1297 939/1011/939 935/1007/935
f 1298/1412/1298 945/1017/945 939/1011/939 1297/1411/1297
f 1299/1414/1299 1298/1412/1298 1293/1407/1293 1300/1415/1300
f 1288/1402/1288 1301/1416/1301 1300/1415/1300 1293/1407/1293
f 1288/1402/1288 1302/1417/1302 1303/1418/1303 1301/1416/1301
f 1271/1384/1271 1304/1419/1304 1278/1392/1278 1269/1382/1269
f 1305/1420/1305 1306/1421/1306 1307/1422/1307 1308/1423/1308
f 1309/1424/1309 1306/1421/1306 1310/1425/1310 1311/1426/1311
f 1310/1425/1310 1312/1427/1312 1311/1426/1311
f 1313/1428/1313 1314/1429/1314 1315/1430/1315 1316/1431/1316
f 1317/1432/1317 1307/1422/1307 1306/1421/1306 1309/1424/1309
f 1096/1183/1096 1299/1414/1299 1317/1432/1317 1318/1433/1318
f 1094/1179/1094 1319/1434/1319 1320/1435/1320 1095/1180/1095
f 1321/1436/1321 1313/1428/1313 1316/1431/1316 1322/1437/1322
f 1308/1423/1308 1307/1422/1307 1300/1415/1300 1301/1416/1301
f 1300/1415/1300 1307/1422/1307 1317/1432/1317 1299/1414/1299
f 1299/1414/1299 1096/1183/1096 946/1018/946
f 1323/1438/1323 1324/1439/1324 1325/1440/1325 1326/1441/1326
f 1326/1441/1326 1308/1423/1308 1301/1416/1301 1303/1418/1303
f 1327/1442/1327 1328/1443/1328 1329/1444/1329
f 1328/1443/1328 1330/1445/1330 1331/1446/1331 1329/1444/1329
f 1330/1445/1330 1332/1447/1332 1333/1448/1333 1331/1446/1331
f 1332/1447/1332 1334/1449/1334 1333/1448/1333
f 1332/1447/1332 1335/1450/1335 1336/1451/1336 1334/1449/1334
f 1335/1450/1335 1337/1452/1337 1338/1453/1338 1336/1451/1336
f 1337/1452/1337 1339/1454/1339 1340/1455/1340 1338/1453/1338
f 1329/1444/1329 1331/1446/1331 1341/1456/1341 1342/1457/1342
f 1331/1446/1331 1333/1448/1333 1343/1458/1343 1341/1456/1341
f 1333/1448/1333 1334/1449/1334 1344/1459/1344 1343/1458/1343
f 1334/1449/1334 1336/1451/1336 1345/1460/1345 1344/1459/1344
f 1336/1451/1336 1338/1453/1338 1346/1461/1346 1345/1460/1345
f 1338/1453/1338 1340/1455/1340 1347/1462/1347 1346/1461/1346
f 1348/1463/1348 1342/1457/1342 1349/1464/1349 1350/1465/1350
f 1342/1457/1342 1341/1456/1341 1351/1466/1351 1349/1464/1349
f 1341/1456/1341 1343/1458/1343 1352/1467/1352 1351/1466/1351
f 1343/1458/1343 1344/1459/1344 1353/1468/1353 1352/1467/1352
f 1344/1459/1344 1345/1460/1345 1354/1469/1354 1353/1468/1353
f 1345/1460/1345 1346/1461/1346 1355/1470/1355 1354/1469/1354
f 1346/1461/1346 1347/1462/1347 1356/1471/1356 1355/1470/1355
f 1350/1465/1350 1349/1464/1349 1357/1472/1357 1358/1473/1358
f 1349/1464/1349 1351/1466/1351 1359/1474/1359 1357/1472/1357
f 1351/1466/1351 1352/1467/1352 1360/1475/1360 1359/1474/1359
f 1352/1467/1352 1353/1468/1353 1361/1476/1361 1360/1475/1360
f 1353/1468/1353 1354/1469/1354 1362/1477/1362 1361/1476/1361
f 1354/1469/1354 1355/1470/1355 1363/1478/1363 1362/1477/1362
f 1355/1470/1355 1356/1471/1356 1364/1479/1364 1363/1478/1363
f 1358/1473/1358 1357/1472/1357 1365/1480/1365 1366/1481/1366
f 1357/1472/1357 1359/1474/1359 1367/1482/1367 1365/1480/1365
f 1359/1474/1359 1360/1475/1360 1368/1483/1368 1367/1482/1367
f 1360/1475/1360 1361/1476/1361 1369/1484/1369 1368/1483/1368
f 1361/1476/1361 1362/1477/1362 1370/1485/1370 1369/1484/1369
f 1362/1477/1362 1363/1478/1363 1371/1486/1371 1370/1485/1370
f 1363/1478/1363 1364/1479/1364 1372/1487/1372 1371/1486/1371
f 1373/1488/1373 1328/1443/1328 1327/1442/1327 1315/1430/1315
f 1366/1489/1366 1365/1490/1365 1374/1491/1374 1375/1492/1375
f 1365/1490/1365 1367/1493/1367 1376/1494/1376 1374/1491/1374
f 1367/1493/1367 1368/1495/1368 1377/1496/1377 1376/1494/1376
f 1368/1495/1368 1369/1497/1369 1378/1498/1378 1377/1496/1377
f 1369/1497/1369 1370/1499/1370 1379/1500/1379 1378/1498/1378
f 1370/1499/1370 1371/1501/1371 1380/1502/1380 1379/1500/1379
f 1371/1501/1371 1372/1503/1372 1381/1504/1381 1380/1502/1380
f 1372/1503/1372 1382/1505/1382 1383/1506/1383 1381/1504/1381
f 1382/1507/1382 1372/1487/1372 1364/1479/1364 1384/1508/1384
f 1384/1508/1384 1364/1479/1364 1356/1471/1356 1385/1509/1385
f 1385/1509/1385 1356/1471/1356 1347/1462/1347 1386/1510/1386
f 1386/1510/1386 1347/1462/1347 1340/1455/1340 1387/1511/1387
f 1387/1511/1387 1340/1455/1340 1339/1454/1339 1388/1512/1388
f 1388/1512/1388 1339/1454/1339 1389/1513/1389 1390/1514/1390
f 1339/1454/1339 1337/1452/1337 1391/1515/1391 1389/1513/1389
f 1337/1452/1337 1335/1450/1335 1391/1515/1391
f 1335/1450/1335 1332/1447/1332 1392/1516/1392 1391/1515/1391
f 1332/1447/1332 1330/1445/1330 1393/1517/1393 1392/1516/1392
f 1330/1445/1330 1328/1443/1328 1394/1518/1394 1393/1517/1393
f 1394/1518/1394 1328/1443/1328 1373/1488/1373 1395/1519/1395
f 1396/1520/1396 1397/1521/1397 1398/1522/1398 1399/1523/1399
f 1397/1521/1397 1400/1524/1400 1401/1525/1401 1398/1522/1398
f 1400/1524/1400 1402/1526/1402 1403/1527/1403 1401/1525/1401
f 1402/1526/1402 1404/1528/1404 1405/1529/1405 1403/1527/1403
f 1404/1528/1404 1406/1530/1406 1407/1531/1407 1405/1529/1405
f 1406/1530/1406 1408/1532/1408 1409/1533/1409 1407/1531/1407
f 1408/1532/1408 1410/1534/1410 1411/1535/1411 1409/1533/1409
f 1412/1536/1412 1399/1523/1399 1398/1522/1398 1413/1537/1413
f 1398/1522/1398 1401/1525/1401 1414/1538/1414 1413/1537/1413
f 1401/1525/1401 1403/1527/1403 1415/1539/1415 1414/1538/1414
f 1403/1527/1403 1405/1529/1405 1416/1540/1416 1415/1539/1415
f 1405/1529/1405 1407/1531/1407 1417/1541/1417 1416/1540/1416
f 1407/1531/1407 1409/1533/1409 1418/1542/1418 1417/1541/1417
f 1409/1533/1409 1411/1535/1411 1419/1543/1419 1418/1542/1418
f 1412/1536/1412 1413/1537/1413 1420/1544/1420 1421/1545/1421
f 1413/1537/1413 1414/1538/1414 1422/1546/1422 1420/1544/1420
f 1414/1538/1414 1415/1539/1415 1423/1547/1423 1422/1546/1422
f 1415/1539/1415 1416/1540/1416 1424/1548/1424 1423/1547/1423
f 1416/1540/1416 1417/1541/1417 1425/1549/1425 1424/1548/1424
f 1417/1541/1417 1418/1542/1418 1426/1550/1426 1425/1549/1425
f 1418/1542/1418 1419/1543/1419 1427/1551/1427 1426/1550/1426
f 1421/1545/1421 1420/1544/1420 1428/1552/1428 1429/1553/1429
f 1420/1544/1420 1422/1546/1422 1430/1554/1430 1428/1552/1428
f 1422/1546/1422 1423/1547/1423 1431/1555/1431 1430/1554/1430
f 1423/1547/1423 1424/1548/1424 1432/1556/1432 1431/1555/1431
f 1424/1548/1424 1425/1549/1425 1433/1557/1433 1432/1556/1432
f 1425/1549/1425 1426/1550/1426 1434/1558/1434 1433/1557/1433
f 1426/1550/1426 1427/1551/1427 1435/1559/1435 1434/1558/1434
f 1429/1553/1429 1428/1552/1428 1436/1560/1436 1437/1561/1437
f 1428/1552/1428 1430/1554/1430 1438/1562/1438 1436/1560/1436
f 1430/1554/1430 1431/1555/1431 1439/1563/1439 1438/1562/1438
f 1431/1555/1431 1432/1556/1432 1440/1564/1440 1439/1563/1439
f 1432/1556/1432 1433/1557/1433 1441/1565/1441 1440/1564/1440
f 1433/1557/1433 1434/1558/1434 1442/1566/1442 1441/1565/1441
f 1434/1558/1434 1435/1559/1435 1443/1567/1443 1442/1566/1442
f 1388/1512/1388 1396/1520/1396 1399/1523/1399 1387/1511/1387
f 1387/1511/1387 1399/1523/1399 1444/1568/1444 1386/1510/1386
f 1386/1510/1386 1444/1568/1444 1445/1569/1445 1385/1509/1385
f 1385/1509/1385 1445/1569/1445 1446/1570/1446 1384/1508/1384
f 1384/1508/1384 1446/1570/1446 1447/1571/1447 1382/1507/1382
f 1382/1505/1382 1447/1572/1447 1448/1573/1448 1383/1506/1383
f 1437/1574/1437 1436/1575/1436 1449/1576/1449 1450/1577/1450
f 1436/1575/1436 1438/1578/1438 1451/1579/1451 1449/1576/1449
f 1438/1578/1438 1439/1580/1439 1452/1581/1452 1451/1579/1451
f 1439/1580/1439 1440/1582/1440 1453/1583/1453 1452/1581/1452
f 1440/1582/1440 1441/1584/1441 1454/1585/1454 1453/1583/1453
f 1441/1584/1441 1442/1586/1442 1455/1587/1455 1454/1585/1454
f 1442/1586/1442 1443/1588/1443 1456/1589/1456 1455/1587/1455
f 1443/1588/1443 1276/1391/1276 1277/1390/1277 1456/1589/1456
f 1276/1389/1276 1443/1567/1443 1435/1559/1435 1275/1388/1275
f 1275/1388/1275 1435/1559/1435 1427/1551/1427 1274/1387/1274
f 1274/1387/1274 1427/1551/1427 1419/1543/1419 1273/1386/1273
f 1273/1386/1273 1419/1543/1419 1411/1535/1411 1272/1385/1272
f 1272/1385/1272 1411/1535/1411 1410/1534/1410 1270/1383/1270
f 1270/1383/1270 1410/1534/1410 1457/1590/1457 1271/1384/1271
f 1410/1534/1410 1408/1532/1408 1458/1591/1458 1457/1590/1457
f 1408/1532/1408 1406/1530/1406 1459/1592/1459 1458/1591/1458
f 1406/1530/1406 1404/1528/1404 1460/1593/1460 1459/1592/1459
f 1404/1528/1404 1402/1526/1402 1461/1594/1461 1460/1593/1460
f 1402/1526/1402 1400/1524/1400 1462/1595/1462 1461/1594/1461
f 1400/1524/1400 1397/1521/1397 1463/1596/1463 1462/1595/1462
f 1397/1521/1397 1396/1520/1396 1464/1597/1464 1463/1596/1463
f 1396/1520/1396 1388/1512/1388 1390/1514/1390 1464/1597/1464
f 1464/1597/1464 1465/1598/1465 1463/1596/1463
f 1463/1596/1463 1465/1598/1465 1466/1599/1466 1462/1595/1462
f 1465/1598/1465 1467/1600/1467 1468/1601/1468 1466/1599/1466
f 1467/1600/1467 1469/1602/1469 1470/1603/1470 1468/1601/1468
f 1462/1595/1462 1466/1599/1466 1471/1604/1471 1461/1594/1461
f 1466/1599/1466 1468/1601/1468 1472/1605/1472 1471/1604/1471
f 1468/1601/1468 1470/1603/1470 1473/1606/1473 1472/1605/1472
f 1461/1594/1461 1471/1604/1471 1474/1607/1474 1460/1593/1460
f 1471/1604/1471 1472/1605/1472 1475/1608/1475 1474/1607/1474
f 1472/1605/1472 1473/1606/1473 1476/1609/1476 1475/1608/1475
f 1460/1593/1460 1474/1607/1474 1477/1610/1477 1459/1592/1459
f 1474/1607/1474 1475/1608/1475 1478/1611/1478 1477/1610/1477
f 1475/1608/1475 1476/1609/1476 1479/1612/1479 1478/1611/1478
f 1459/1592/1459 1477/1610/1477 1480/1613/1480 1458/1591/1458
f 1477/1610/1477 1478/1611/1478 1481/1614/1481 1480/1613/1480
f 1478/1611/1478 1479/1612/1479 1482/1615/1482 1481/1614/1481
f 1483/1616/1483 1482/1615/1482 1479/1612/1479 1484/1617/1484
f 1484/1617/1484 1479/1612/1479 1476/1609/1476 1485/1618/1485
f 1485/1618/1485 1476/1609/1476 1473/1606/1473 1486/1619/1486
f 1486/1619/1486 1473/1606/1473 1470/1603/1470 1487/1620/1487
f 1487/1620/1487 1470/1603/1470 1469/1602/1469 1488/1621/1488
f 1488/1621/1488 1469/1602/1469 1489/1622/1489 1490/1623/1490
f 1469/1602/1469 1467/1600/1467 1491/1624/1491 1489/1622/1489
f 1467/1600/1467 1465/1598/1465 1492/1625/1492 1491/1624/1491
f 1464/1597/1464 1390/1514/1390 1493/1626/1493
f 1494/1627/1494 1495/1628/1495 1496/1629/1496 1497/1630/1497
f 1495/1628/1495 1498/1631/1498 1499/1632/1499 1496/1629/1496
f 1498/1631/1498 1500/1633/1500 1501/1634/1501 1499/1632/1499
f 1500/1633/1500 1502/1635/1502 1503/1636/1503 1501/1634/1501
f 1497/1630/1497 1496/1629/1496 1504/1637/1504 1505/1638/1505
f 1496/1629/1496 1499/1632/1499 1506/1639/1506 1504/1637/1504
f 1499/1632/1499 1507/1640/1507 1506/1639/1506
f 1499/1632/1499 1501/1634/1501 1508/1641/1508 1507/1640/1507
f 1501/1634/1501 1503/1636/1503 1509/1642/1509 1508/1641/1508
f 1503/1636/1503 1510/1643/1510 1509/1642/1509
f 1511/1644/1511 1512/1645/1512 1513/1646/1513 1514/1647/1514
f 1506/1639/1506 1507/1640/1507 1515/1648/1515 1511/1644/1511
f 1507/1640/1507 1508/1641/1508 1516/1649/1516 1515/1648/1515
f 1508/1641/1508 1509/1642/1509 1517/1650/1517 1516/1649/1516
f 1509/1642/1509 1510/1643/1510 1518/1651/1518 1517/1650/1517
f 1514/1647/1514 1513/1646/1513 1519/1652/1519 1505/1638/1505
f 1511/1644/1511 1515/1648/1515 1520/1653/1520 1512/1645/1512
f 1515/1648/1515 1516/1649/1516 1521/1654/1521 1520/1653/1520
f 1516/1649/1516 1517/1650/1517 1522/1655/1522 1521/1654/1521
f 1517/1650/1517 1518/1651/1518 1523/1656/1523 1522/1655/1522
f 1512/1645/1512 1520/1653/1520 1524/1657/1524 1525/1658/1525
f 1520/1653/1520 1521/1654/1521 1526/1659/1526 1524/1657/1524
f 1521/1654/1521 1522/1655/1522 1527/1660/1527 1526/1659/1526
f 1522/1655/1522 1523/1656/1523 1528/1661/1528 1527/1660/1527
f 1482/1615/1482 1494/1627/1494 1497/1630/1497 1481/1614/1481
f 1481/1614/1481 1497/1630/1497 1505/1638/1505 1480/1613/1480
f 1480/1613/1480 1505/1638/1505 1519/1652/1519 1529/1662/1529
f 1304/1419/1304 1530/1663/1530 1279/1393/1279 1278/1392/1278
f 1530/1663/1530 1525/1658/1525 1282/1396/1282 1279/1393/1279
f 1525/1658/1525 1524/1657/1524 1284/1398/1284 1282/1396/1282
f 1524/1657/1524 1526/1659/1526 1285/1399/1285 1284/1398/1284
f 1526/1659/1526 1527/1660/1527 1287/1401/1287 1285/1399/1285
f 1527/1660/1527 1528/1661/1528 1302/1417/1302 1287/1401/1287
f 1528/1661/1528 1531/1664/1531 1303/1418/1303 1302/1417/1302
f 1532/1665/1532 1523/1656/1523 1518/1651/1518 1533/1666/1533
f 1533/1666/1533 1518/1651/1518 1510/1643/1510
f 1533/1666/1533 1510/1643/1510 1503/1636/1503 1534/1667/1534
f 1534/1667/1534 1503/1636/1503 1502/1635/1502 1535/1668/1535
f 1535/1668/1535 1502/1635/1502 1536/1669/1536 1537/1670/1537
f 1502/1635/1502 1500/1633/1500 1538/1671/1538 1536/1669/1536
f 1500/1633/1500 1498/1631/1498 1539/1672/1539 1538/1671/1538
f 1498/1631/1498 1495/1628/1495 1540/1673/1540 1539/1672/1539
f 1494/1627/1494 1541/1674/1541 1540/1673/1540 1495/1628/1495
f 1494/1627/1494 1482/1615/1482 1483/1616/1483 1541/1674/1541
f 1542/1675/1542 1543/1676/1543 1544/1677/1544 1545/1678/1545
f 1543/1676/1543 1546/1679/1546 1547/1680/1547 1544/1677/1544
f 1546/1679/1546 1548/1681/1548 1549/1682/1549 1547/1680/1547
f 1549/1682/1549 1550/1683/1550 1547/1680/1547
f 1551/1684/1551 1552/1685/1552 1550/1683/1550 1549/1682/1549
f 1549/1682/1549 1553/1686/1553 1554/1687/1554 1551/1684/1551
f 1554/1687/1554 1555/1688/1555 1556/1689/1556 1551/1684/1551
f 1557/1690/1557 1558/1691/1558 1559/1692/1559 1560/1693/1560
f 1561/1694/1561 1325/1440/1325 1324/1439/1324 1552/1685/1552
f 1552/1685/1552 1551/1684/1551 1556/1689/1556 1561/1694/1561
f 1562/1695/1562 1563/1696/1563 1556/1689/1556 1555/1688/1555
f 1535/1668/1535 1542/1675/1542 1545/1678/1545 1534/1667/1534
f 1534/1667/1534 1545/1678/1545 1559/1692/1559 1533/1666/1533
f 1558/1691/1558 1532/1665/1532 1533/1666/1533 1559/1692/1559
f 1531/1664/1531 1532/1665/1532 1558/1691/1558 1323/1438/1323
f 1564/1697/1564 1548/1681/1548 1565/1698/1565 1566/1699/1566
f 1548/1681/1548 1546/1679/1546 1567/1700/1567 1565/1698/1565
f 1546/1679/1546 1543/1676/1543 1568/1701/1568 1567/1700/1567
f 1543/1676/1543 1542/1675/1542 1569/1702/1569 1568/1701/1568
f 1542/1675/1542 1535/1668/1535 1537/1670/1537 1569/1702/1569
f 1570/1703/1570 1571/1704/1571 1572/1705/1572 1573/1706/1573
f 1571/1704/1571 1574/1707/1574 1575/1708/1575 1572/1705/1572
f 1573/1706/1573 1572/1705/1572 1576/1709/1576 1577/1710/1577
f 1572/1705/1572 1575/1708/1575 1578/1711/1578 1576/1709/1576
f 1575/1708/1575 1579/1712/1579 1578/1711/1578
f 1577/1710/1577 1580/1713/1580 1581/1714/1581
f 1577/1710/1577 1576/1709/1576 1582/1715/1582 1580/1713/1580
f 1576/1709/1576 1578/1711/1578 1583/1716/1583 1582/1715/1582
f 1578/1711/1578 1579/1712/1579 1584/1717/1584 1583/1716/1583
f 1554/1687/1554 1553/1686/1553 1570/1703/1570 1573/1706/1573
f 1554/1687/1554 1573/1706/1573 1577/1710/1577 1555/1688/1555
f 1555/1688/1555 1577/1710/1577 1581/1714/1581 1562/1695/1562
f 1582/1715/1582 1583/1716/1583 1391/1515/1391 1392/1516/1392
f 1583/1716/1583 1584/1717/1584 1389/1513/1389 1391/1515/1391
f 1584/1717/1584 1493/1626/1493 1390/1514/1390 1389/1513/1389
f 1492/1625/1492 1579/1712/1579 1575/1708/1575 1491/1624/1491
f 1491/1624/1491 1575/1708/1575 1574/1707/1574 1489/1622/1489
f 1489/1622/1489 1574/1707/1574 1585/1718/1585 1490/1623/1490
f 1574/1707/1574 1571/1704/1571 1586/1719/1586 1585/1718/1585
f 1571/1704/1571 1570/1703/1570 1587/1720/1587 1586/1719/1586
f 1570/1703/1570 1553/1686/1553 1564/1697/1564 1587/1720/1587
f 1588/1721/1588 1589/1722/1589 1590/1723/1590 1591/1724/1591
f 1589/1722/1589 1592/1725/1592 1593/1726/1593 1590/1723/1590
f 1592/1725/1592 1594/1727/1594 1595/1728/1595 1593/1726/1593
f 1594/1727/1594 1596/1729/1596 1597/1730/1597 1595/1728/1595
f 1591/1724/1591 1590/1723/1590 1598/1731/1598 1599/1732/1599
f 1590/1723/1590 1593/1726/1593 1600/1733/1600 1598/1731/1598
f 1593/1726/1593 1595/1728/1595 1601/1734/1601 1600/1733/1600
f 1597/1730/1597 1602/1735/1602 1601/1734/1601 1595/1728/1595
f 1599/1732/1599 1598/1731/1598 1603/1736/1603 1604/1737/1604
f 1598/1731/1598 1600/1733/1600 1605/1738/1605 1603/1736/1603
f 1600/1733/1600 1601/1734/1601 1606/1739/1606 1605/1738/1605
f 1601/1734/1601 1602/1735/1602 1607/1740/1607 1606/1739/1606
f 1604/1737/1604 1603/1736/1603 1608/1741/1608 1609/1742/1609
f 1603/1736/1603 1605/1738/1605 1610/1743/1610 1608/1741/1608
f 1605/1738/1605 1606/1739/1606 1611/1744/1611 1610/1743/1610
f 1606/1739/1606 1607/1740/1607 1612/1745/1612 1611/1744/1611
f 1613/1746/1613 1614/1747/1614 1608/1741/1608 1610/1743/1610
f 1611/1744/1611 1612/1745/1612 1615/1748/1615 1616/1749/1616
f 1614/1747/1614 1566/1699/1566 1609/1742/1609 1608/1741/1608
f 1569/1702/1569 1537/1670/1537 1588/1721/1588 1591/1724/1591
f 1569/1702/1569 1591/1724/1591 1599/1732/1599 1568/1701/1568
f 1568/1701/1568 1599/1732/1599 1604/1737/1604 1567/1700/1567
f 1567/1700/1567 1604/1737/1604 1609/1742/1609 1565/1698/1565
f 1614/1747/1614 1613/1746/1613 1586/1719/1586 1587/1720/1587
f 1615/1748/1615 1490/1623/1490 1585/1718/1585 1616/1749/1616
f 1615/1748/1615 1488/1621/1488 1490/1623/1490
f 1488/1621/1488 1615/1748/1615 1612/1745/1612 1487/1620/1487
f 1487/1620/1487 1612/1745/1612 1607/1740/1607 1486/1619/1486
f 1486/1619/1486 1607/1740/1607 1602/1735/1602 1485/1618/1485
f 1485/1618/1485 1602/1735/1602 1597/1730/1597 1484/1617/1484
f 1484/1617/1484 1597/1730/1597 1596/1729/1596 1483/1616/1483
f 1483/1616/1483 1596/1729/1596 1541/1674/1541
f 1596/1729/1596 1594/1727/1594 1540/1673/1540 1541/1674/1541
f 1594/1727/1594 1592/1725/1592 1539/1672/1539 1540/1673/1540
f 1592/1725/1592 1589/1722/1589 1538/1671/1538 1539/1672/1539
f 1589/1722/1589 1588/1721/1588 1536/1669/1536 1538/1671/1538
f 1617/1750/1617 1618/1751/1618 1619/1752/1619 1620/1753/1620
f 1618/1751/1618 1621/1754/1621 1622/1755/1622 1619/1752/1619
f 1623/1756/1623 1624/1757/1624 1625/1758/1625 1626/1759/1626
f 1624/1757/1624 1627/1760/1627 1628/1761/1628 1625/1758/1625
f 1627/1760/1627 1629/1762/1629 1630/1763/1630 1628/1761/1628
f 1629/1762/1629 1631/1764/1631 1632/1765/1632 1630/1763/1630
f 1620/1753/1620 1619/1752/1619 1633/1766/1633 1634/1767/1634
f 1619/1752/1619 1622/1755/1622 1635/1768/1635 1633/1766/1633
f 1622/1755/1622 1626/1759/1626 1636/1769/1636 1635/1768/1635
f 1626/1759/1626 1625/1758/1625 1637/1770/1637 1636/1769/1636
f 1625/1758/1625 1628/1761/1628 1638/1771/1638 1637/1770/1637
f 1639/1772/1639 1640/1773/1640 1638/1771/1638
f 1639/1772/1639 1641/1774/1641 1642/1775/1642 1640/1773/1640
f 1634/1767/1634 1633/1766/1633 1643/1776/1643 1644/1777/1644
f 1633/1766/1633 1635/1768/1635 1645/1778/1645 1643/1776/1643
f 1635/1768/1635 1636/1769/1636 1646/1779/1646 1645/1778/1645
f 1636/1769/1636 1637/1770/1637 1647/1780/1647 1646/1779/1646
f 1637/1770/1637 1638/1771/1638 1648/1781/1648 1647/1780/1647
f 1638/1771/1638 1640/1773/1640 1649/1782/1649 1648/1781/1648
f 1640/1773/1640 1642/1775/1642 1650/1783/1650 1649/1782/1649
f 1644/1777/1644 1643/1776/1643 1651/1784/1651 1652/1785/1652
f 1643/1776/1643 1645/1778/1645 1653/1786/1653 1651/1784/1651
f 1645/1778/1645 1646/1779/1646 1654/1787/1654 1653/1786/1653
f 1646/1779/1646 1647/1780/1647 1655/1788/1655 1654/1787/1654
f 1647/1780/1647 1648/1781/1648 1656/1789/1656 1655/1788/1655
f 1648/1781/1648 1649/1782/1649 1657/1790/1657 1656/1789/1656
f 1652/1785/1652 1651/1784/1651 1658/1791/1658 1659/1792/1659
f 1651/1784/1651 1653/1786/1653 1660/1793/1660 1658/1791/1658
f 1653/1786/1653 1654/1787/1654 1661/1794/1661 1660/1793/1660
f 1654/1787/1654 1655/1788/1655 1662/1795/1662 1661/1794/1661
f 1655/1788/1655 1656/1789/1656 1663/1796/1663 1662/1795/1662
f 1657/1790/1657 1664/1797/1664 1663/1796/1663 1656/1789/1656
f 1659/1792/1659 1658/1791/1658 1665/1798/1665 1666/1799/1666
f 1658/1791/1658 1660/1793/1660 1667/1800/1667 1665/1798/1665
f 1660/1793/1660 1661/1794/1661 1668/1801/1668 1667/1800/1667
f 1661/1794/1661 1662/1795/1662 1669/1802/1669 1668/1801/1668
f 1662/1795/1662 1663/1796/1663 1670/1803/1670 1669/1802/1669
f 1663/1796/1663 1664/1797/1664 1671/1804/1671 1670/1803/1670
f 1664/1797/1664 1672/1805/1672 1673/1806/1673 1671/1804/1671
f 1666/1799/1666 1665/1798/1665 1674/1807/1674 1675/1808/1675
f 1665/1798/1665 1667/1800/1667 1676/1809/1676 1674/1807/1674
f 1667/1800/1667 1668/1801/1668 1677/1810/1677 1676/1809/1676
f 1668/1801/1668 1669/1802/1669 1678/1811/1678 1677/1810/1677
f 1381/1504/1381 1679/1812/1679 1680/1813/1680 1380/1502/1380
f 1380/1502/1380 1680/1813/1680 1681/1814/1681 1379/1500/1379
f 1379/1500/1379 1681/1814/1681 1682/1815/1682 1378/1498/1378
f 1378/1498/1378 1682/1815/1682 1683/1816/1683 1377/1496/1377
f 1377/1496/1377 1683/1816/1683 1684/1817/1684 1376/1494/1376
f 1376/1494/1376 1684/1817/1684 1685/1818/1685 1374/1491/1374
f 1374/1491/1374 1685/1818/1685 1686/1819/1686 1375/1492/1375
f 1675/1808/1675 1674/1807/1674 1687/1820/1687 1688/1821/1688
f 1674/1807/1674 1676/1809/1676 1689/1822/1689 1687/1820/1687
f 1676/1809/1676 1677/1810/1677 1690/1823/1690 1689/1822/1689
f 1677/1810/1677 1678/1811/1678 1691/1824/1691 1690/1823/1690
f 1678/1811/1678 1692/1825/1692 1693/1826/1693 1691/1824/1691
f 1692/1825/1692 1694/1827/1694 1695/1828/1695 1693/1826/1693
f 1694/1827/1694 1696/1829/1696 1697/1830/1697 1695/1828/1695
f 1697/1830/1697 1698/1831/1698 1699/1832/1699 1700/1833/1700
f 1232/1834/1232 1673/1806/1673 1672/1805/1672 1233/1835/1233
f 1631/1764/1631 1629/1762/1629 1701/1836/1701 1702/1837/1702
f 1629/1762/1629 1627/1760/1627 1703/1838/1703 1701/1836/1701
f 1627/1760/1627 1624/1757/1624 1704/1839/1704 1703/1838/1703
f 1624/1757/1624 1623/1756/1623 1705/1840/1705 1704/1839/1704
f 1623/1756/1623 1621/1754/1621 1706/1841/1706 1705/1840/1705
f 1707/1842/1707 1449/1576/1449 1451/1579/1451 1706/1841/1706
f 1450/1577/1450 1449/1576/1449 1707/1842/1707 1617/1750/1617
f 1679/1812/1679 1381/1504/1381 1383/1506/1383 1448/1573/1448
f 1708/1843/1708 1709/1844/1709 1710/1845/1710 1711/1846/1711
f 1709/1844/1709 1712/1847/1712 1713/1848/1713 1710/1845/1710
f 1712/1847/1712 1714/1849/1714 1715/1850/1715 1713/1848/1713
f 1714/1849/1714 1716/1851/1716 1717/1852/1717 1715/1850/1715
f 1716/1851/1716 1718/1853/1718 1719/1854/1719 1717/1852/1717
f 1718/1853/1718 1720/1855/1720 1721/1856/1721 1719/1854/1719
f 1720/1855/1720 1722/1857/1722 1723/1858/1723 1721/1856/1721
f 1711/1846/1711 1710/1845/1710 1724/1859/1724 1725/1860/1725
f 1710/1845/1710 1713/1848/1713 1726/1861/1726 1724/1859/1724
f 1713/1848/1713 1715/1850/1715 1727/1862/1727 1726/1861/1726
f 1715/1850/1715 1717/1852/1717 1728/1863/1728 1727/1862/1727
f 1717/1852/1717 1719/1854/1719 1729/1864/1729 1728/1863/1728
f 1719/1854/1719 1721/1856/1721 1730/1865/1730 1729/1864/1729
f 1721/1856/1721 1723/1858/1723 1731/1866/1731 1730/1865/1730
f 1725/1860/1725 1724/1859/1724 1732/1867/1732 1733/1868/1733
f 1724/1859/1724 1726/1861/1726 1734/1869/1734 1732/1867/1732
f 1726/1861/1726 1727/1862/1727 1735/1870/1735 1734/1869/1734
f 1727/1862/1727 1728/1863/1728 1736/1871/1736 1735/1870/1735
f 1728/1863/1728 1729/1864/1729 1737/1872/1737 1736/1871/1736
f 1729/1864/1729 1730/1865/1730 1738/1873/1738 1737/1872/1737
f 1730/1865/1730 1731/1866/1731 1739/1874/1739 1738/1873/1738
f 1733/1868/1733 1732/1867/1732 1740/1875/1740 1741/1876/1741
f 1732/1867/1732 1734/1869/1734 1742/1877/1742 1740/1875/1740
f 1734/1869/1734 1735/1870/1735 1743/1878/1743 1742/1877/1742
f 1735/1870/1735 1736/1871/1736 1744/1879/1744 1743/1878/1743
f 1736/1871/1736 1737/1872/1737 1745/1880/1745 1744/1879/1744
f 1737/1872/1737 1738/1873/1738 1746/1881/1746 1745/1880/1745
f 1738/1873/1738 1739/1874/1739 1747/1882/1747 1746/1881/1746
f 1741/1876/1741 1740/1875/1740 1748/1883/1748 1749/1884/1749
f 1740/1875/1740 1742/1877/1742 1750/1885/1750 1748/1883/1748
f 1742/1877/1742 1743/1878/1743 1751/1886/1751 1750/1885/1750
f 1743/1878/1743 1744/1879/1744 1752/1887/1752 1751/1886/1751
f 1744/1879/1744 1745/1880/1745 1753/1888/1753 1752/1887/1752
f 1745/1880/1745 1746/1881/1746 1754/1889/1754 1753/1888/1753
f 1746/1881/1746 1747/1882/1747 1755/1890/1755 1754/1889/1754
f 1749/1884/1749 1748/1883/1748 1756/1891/1756 1757/1892/1757
f 1748/1883/1748 1750/1885/1750 1758/1893/1758 1756/1891/1756
f 1750/1885/1750 1751/1886/1751 1759/1894/1759 1758/1893/1758
f 1751/1886/1751 1752/1887/1752 1760/1895/1760 1759/1894/1759
f 1752/1887/1752 1753/1888/1753 1761/1896/1761 1760/1895/1760
f 1753/1888/1753 1754/1889/1754 1762/1897/1762 1761/1896/1761
f 1754/1889/1754 1755/1890/1755 1763/1898/1763 1762/1897/1762
f 1757/1892/1757 1756/1891/1756 1764/1899/1764 1765/1900/1765
f 1756/1891/1756 1758/1893/1758 1766/1901/1766 1764/1899/1764
f 1758/1893/1758 1759/1894/1759 1767/1902/1767 1766/1901/1766
f 1759/1894/1759 1760/1895/1760 1768/1903/1768 1767/1902/1767
f 1760/1895/1760 1761/1896/1761 1769/1904/1769 1768/1903/1768
f 1761/1896/1761 1762/1897/1762 1770/1905/1770 1769/1904/1769
f 1762/1897/1762 1763/1898/1763 1771/1906/1771 1770/1905/1770
f 1700/1833/1700 1708/1843/1708 1711/1846/1711 1772/1907/1772
f 1772/1907/1772 1711/1846/1711 1725/1860/1725 1773/1908/1773
f 1773/1908/1773 1725/1860/1725 1733/1868/1733 1774/1909/1774
f 1774/1909/1774 1733/1868/1733 1741/1876/1741 1775/1910/1775
f 1775/1910/1775 1741/1876/1741 1749/1884/1749 1776/1911/1776
f 1776/1911/1776 1749/1884/1749 1757/1892/1757 1777/1912/1777
f 1777/1912/1777 1757/1892/1757 1765/1900/1765 1778/1913/1778
f 1779/1914/1779 1780/1915/1780 1781/1916/1781 1782/1917/1782
f 1783/1918/1783 1034/1113/1034 1780/1915/1780 1779/1914/1779
f 1784/1919/1784 1035/1114/1035 1034/1113/1034 1783/1918/1783
f 1785/1920/1785 1041/1120/1041 1035/1114/1035 1784/1919/1784
f 1786/1921/1786 1091/1176/1091 1041/1120/1041 1785/1920/1785
f 1787/1922/1787 1090/1174/1090 1091/1176/1091 1786/1921/1786
f 1788/1923/1788 1089/1172/1089 1090/1174/1090 1787/1922/1787
f 1789/1924/1789 1087/1168/1087 1089/1172/1089 1788/1923/1788
f 1160/1255/1160 1771/1906/1771 1763/1898/1763 1159/1253/1159
f 1159/1253/1159 1763/1898/1763 1755/1890/1755 1158/1251/1158
f 1158/1251/1158 1755/1890/1755 1747/1882/1747 1157/1249/1157
f 1157/1249/1157 1747/1882/1747 1739/1874/1739 1156/1247/1156
f 1156/1247/1156 1739/1874/1739 1731/1866/1731 1155/1245/1155
f 1155/1245/1155 1731/1866/1731 1723/1858/1723 1153/1242/1153
f 1153/1242/1153 1723/1858/1723 1722/1857/1722 1154/1243/1154
f 1154/1243/1154 1722/1857/1722 1790/1925/1790
f 1722/1857/1722 1720/1855/1720 1791/1926/1791 1792/1927/1792
f 1720/1855/1720 1718/1853/1718 1793/1928/1793 1791/1926/1791
f 1718/1853/1718 1716/1851/1716 1794/1929/1794 1793/1928/1793
f 1716/1851/1716 1714/1849/1714 1795/1930/1795 1794/1929/1794
f 1714/1849/1714 1712/1847/1712 1796/1931/1796 1795/1930/1795
f 1712/1847/1712 1709/1844/1709 1797/1932/1797 1796/1931/1796
f 1709/1844/1709 1708/1843/1708 1798/1933/1798 1797/1932/1797
f 1708/1843/1708 1700/1833/1700 1699/1832/1699 1798/1933/1798
f 1799/1934/1799 1800/1935/1800 1801/1936/1801 1802/1937/1802
f 1800/1935/1800 1803/1938/1803 1804/1939/1804 1801/1936/1801
f 1803/1938/1803 1805/1940/1805 1806/1941/1806 1804/1939/1804
f 1802/1937/1802 1801/1936/1801 1807/1942/1807 1808/1943/1808
f 1801/1936/1801 1804/1939/1804 1809/1944/1809 1807/1942/1807
f 1804/1939/1804 1806/1941/1806 1810/1945/1810 1809/1944/1809
f 1808/1943/1808 1807/1942/1807 676/1946/676 677/1947/677
f 1807/1942/1807 1809/1944/1809 675/1948/675 676/1946/676
f 1809/1944/1809 1810/1945/1810 674/1949/674 675/1948/675
f 966/1038/966 1799/1934/1799 1802/1937/1802 967/1039/967
f 967/1039/967 1802/1937/1802 1808/1943/1808 969/1041/969
f 969/1041/969 1808/1943/1808 677/1947/677 679/1043/679
f 643/1950/643 674/1949/674 1810/1945/1810 1811/1951/1811
f 1811/1951/1811 1810/1945/1810 1806/1941/1806 1812/1952/1812
f 1812/1952/1812 1806/1941/1806 1805/1940/1805 1813/1953/1813
f 1813/1953/1813 1814/1954/1814 1815/1955/1815 1812/1952/1812
f 1814/1954/1814 1816/1956/1816 1817/1957/1817 1815/1955/1815
f 1816/1956/1816 1818/1958/1818 1819/1959/1819 1817/1957/1817
f 1818/1958/1818 1820/1960/1820 1821/1961/1821 1819/1959/1819
f 1812/1952/1812 1815/1955/1815 1822/1962/1822 1811/1951/1811
f 1815/1955/1815 1817/1957/1817 1823/1963/1823 1822/1962/1822
f 1817/1957/1817 1819/1959/1819 1824/1964/1824 1823/1963/1823
f 1819/1959/1819 1821/1961/1821 1825/1965/1825 1824/1964/1824
f 1811/1951/1811 1822/1962/1822 642/1966/642 643/1950/643
f 1822/1962/1822 1823/1963/1823 641/1967/641 642/1966/642
f 1823/1963/1823 1824/1964/1824 640/1968/640 641/1967/641
f 1824/1964/1824 1825/1965/1825 600/1969/600 640/1968/640
f 1826/1970/1826 1827/1971/1827 1825/1965/1825 1821/1961/1821
f 1826/1970/1826 1821/1961/1821 1820/1960/1820 1828/1972/1828
f 1826/1970/1826 1829/1973/1829 1830/1974/1830 1827/1971/1827
f 1829/1973/1829 1831/1975/1831 1832/1976/1832 1830/1974/1830
f 1831/1975/1831 1833/1977/1833 1834/1978/1834 1832/1976/1832
f 1833/1977/1833 1835/1979/1835 1836/1980/1836 1834/1978/1834
f 1835/1979/1835 1837/1981/1837 1838/1982/1838 1836/1980/1836
f 1827/1971/1827 1830/1974/1830 1839/1983/1839 1840/1984/1840
f 1830/1974/1830 1832/1976/1832 1841/1985/1841 1839/1983/1839
f 1832/1976/1832 1834/1978/1834 1842/1986/1842 1841/1985/1841
f 1834/1978/1834 1836/1980/1836 1843/1987/1843 1842/1986/1842
f 1836/1980/1836 1838/1982/1838 1844/1988/1844 1843/1987/1843
f 600/1969/600 1825/1965/1825 1827/1971/1827 1840/1984/1840
f 515/1989/515 1845/1990/1845 1838/1982/1838 1846/1991/1846
f 1846/1991/1846 1838/1982/1838 1837/1981/1837 1847/1992/1847
f 1847/1992/1847 1837/1981/1837 1848/1993/1848 1849/1994/1849
f 1837/1981/1837 1835/1979/1835 1850/1995/1850 1848/1993/1848
f 1835/1979/1835 1833/1977/1833 1851/1996/1851 1850/1995/1850
f 1833/1977/1833 1831/1975/1831 1852/1997/1852 1851/1996/1851
f 1831/1975/1831 1829/1973/1829 1853/1998/1853 1852/1997/1852
f 1829/1973/1829 1826/1970/1826 1828/1972/1828 1853/1998/1853
f 1848/1993/1848 1850/1995/1850 1854/1999/1854 1855/2000/1855
f 1850/1995/1850 1851/1996/1851 1856/2001/1856 1854/1999/1854
f 1851/1996/1851 1852/1997/1852 1857/2002/1857 1856/2001/1856
f 1852/1997/1852 1853/1998/1853 1858/2003/1858 1857/2002/1857
f 1853/1998/1853 1828/1972/1828 1859/2004/1859 1858/2003/1858
f 1855/2000/1855 1854/1999/1854 1860/2005/1860 1861/2006/1861
f 1854/1999/1854 1856/2001/1856 1862/2007/1862 1860/2005/1860
f 1856/2001/1856 1857/2002/1857 1863/2008/1863 1862/2007/1862
f 1857/2002/1857 1858/2003/1858 1864/2009/1864 1863/2008/1863
f 1858/2003/1858 1859/2004/1859 1865/2010/1865 1864/2009/1864
f 1861/2006/1861 1860/2005/1860 36/36/36 37/37/37
f 1860/2005/1860 1862/2007/1862 35/35/35 36/36/36
f 1862/2007/1862 1863/2008/1863 34/34/34 35/35/35
f 1863/2008/1863 1864/2009/1864 32/32/32 34/34/34
f 1864/2009/1864 1865/2010/1865 33/33/33 32/32/32
f 1849/1994/1849 1848/1993/1848 1855/2000/1855 1866/2011/1866
f 1866/2011/1866 1855/2000/1855 1861/2006/1861 1867/2012/1867
f 1867/2012/1867 1861/2006/1861 37/37/37 38/38/38
f 1868/2013/1868 1869/2014/1869 1870/2015/1870 1871/2016/1871
f 1869/2014/1869 1872/2017/1872 1873/2018/1873 1870/2015/1870
f 1872/2017/1872 1874/2019/1874 1875/2020/1875 1873/2018/1873
f 1874/2019/1874 1876/2021/1876 1877/2022/1877 1875/2020/1875
f 1871/2016/1871 1870/2015/1870 764/811/764 765/812/765
f 1870/2015/1870 1873/2018/1873 763/810/763 764/811/764
f 1873/2018/1873 1875/2020/1875 761/808/761 763/810/763
f 1875/2020/1875 1877/2022/1877 762/809/762 761/808/761
f 1859/2004/1859 1868/2013/1868 1871/2016/1871 1865/2010/1865
f 1865/2010/1865 1871/2016/1871 765/812/765 33/33/33
f 1876/2021/1876 1874/2019/1874 1814/1954/1814 1813/1953/1813
f 1874/2019/1874 1872/2017/1872 1816/1956/1816 1814/1954/1814
f 1872/2017/1872 1869/2014/1869 1818/1958/1818 1816/1956/1816
f 1869/2014/1869 1868/2013/1868 1820/1960/1820 1818/1958/1818
f 1868/2013/1868 1859/2004/1859 1828/1972/1828 1820/1960/1820
f 1878/2023/1878 1879/2024/1879 1880/2025/1880 1881/2026/1881
f 1879/2024/1879 1882/2027/1882 1883/2028/1883 1880/2025/1880
f 1882/2027/1882 1884/2029/1884 1885/2030/1885 1883/2028/1883
f 1881/2026/1881 1880/2025/1880 832/886/832 833/887/833
f 1880/2025/1880 1883/2028/1883 831/885/831 832/886/832
f 1883/2028/1883 1885/2030/1885 829/883/829 831/885/831
f 1876/2021/1876 1878/2023/1878 1881/2026/1881 1877/2022/1877
f 1877/2022/1877 1881/2026/1881 833/887/833 762/809/762
f 830/884/830 829/883/829 1885/2030/1885 947/1019/947
f 947/1019/947 1885/2030/1885 1884/2029/1884 949/1021/949
f 949/1021/949 1884/2029/1884 951/1023/951
f 951/1023/951 1884/2029/1884 1799/1934/1799 966/1038/966
f 1884/2029/1884 1882/2027/1882 1800/1935/1800 1799/1934/1799
f 1882/2027/1882 1879/2024/1879 1803/1938/1803 1800/1935/1800
f 1879/2024/1879 1878/2023/1878 1805/1940/1805 1803/1938/1803
f 1878/2023/1878 1876/2021/1876 1813/1953/1813 1805/1940/1805
f 1886/2031/1886 1887/2032/1887 1888/2033/1888 1889/2034/1889
f 1889/2034/1889 1890/2035/1890 1891/2036/1891 1886/2031/1886
f 1892/2037/1892 1887/2032/1887 1893/2038/1893 1894/2039/1894
f 1887/2032/1887 1886/2031/1886 1895/2040/1895 1893/2038/1893
f 1886/2031/1886 1891/2036/1891 1896/2041/1896 1895/2040/1895
f 1894/2039/1894 1893/2038/1893 1897/2042/1897 1898/2043/1898
f 1895/2040/1895 1899/2044/1899 1897/2042/1897 1893/2038/1893
f 1896/2041/1896 1900/2045/1900 1899/2044/1899 1895/2040/1895
f 1898/2043/1898 1897/2042/1897 1901/2046/1901 1902/2047/1902
f 1902/2047/1902 1901/2046/1901 1903/2048/1903 1904/2049/1904
f 1901/2046/1901 1905/2050/1905 1906/2051/1906 1903/2048/1903
f 1905/2050/1905 1900/2045/1900 1907/2052/1907 1906/2051/1906
f 1904/2049/1904 1903/2048/1903 1908/2053/1908 1909/2054/1909
f 1903/2048/1903 1906/2051/1906 1910/2055/1910 1908/2053/1908
f 1906/2051/1906 1907/2052/1907 1911/2056/1911 1910/2055/1910
f 1844/2057/1844 1892/2037/1892 1894/2039/1894 1843/2058/1843
f 1843/2058/1843 1894/2039/1894 1898/2043/1898 1842/2059/1842
f 1842/2059/1842 1898/2043/1898 1902/2047/1902 1841/2060/1841
f 1841/2060/1841 1902/2047/1902 1904/2049/1904 1839/2061/1839
f 1839/2061/1839 1904/2049/1904 1909/2054/1909 1840/2062/1840
f 1840/2062/1840 1909/2054/1909 598/632/598 600/634/600
f 1909/2054/1909 1908/2053/1908 597/631/597 598/632/598
f 1908/2053/1908 1910/2055/1910 596/630/596 597/631/597
f 1910/2055/1910 1911/2056/1911 595/629/595 596/630/596
f 1911/2056/1911 556/584/556 558/586/558 595/629/595
f 556/584/556 1911/2056/1911 1907/2052/1907 555/583/555
f 555/583/555 1907/2052/1907 1900/2045/1900
f 1896/2041/1896 554/582/554 555/583/555 1900/2045/1900
f 554/582/554 1896/2041/1896 1891/2036/1891 553/581/553
f 553/581/553 1891/2036/1891 1890/2035/1890 552/580/552
f 552/580/552 1890/2035/1890 504/520/504 517/540/517
f 1890/2035/1890 1889/2034/1889 503/519/503 504/520/504
f 1889/2034/1889 1888/2033/1888 501/517/501 503/519/503
f 1888/2033/1888 502/518/502 501/517/501
f 1912/2063/1912 514/2064/514 502/518/502 1888/2033/1888
f 1912/2063/1912 1845/2065/1845 515/2066/515 514/2064/514
f 1913/2067/1913 1914/2068/1914 1915/2069/1915 1916/2070/1916
f 1914/2068/1914 1917/2071/1917 1918/2072/1918 1915/2069/1915
f 1917/2071/1917 1919/2073/1919 1920/2074/1920 1918/2072/1918
f 1916/2070/1916 1915/2069/1915 1921/2075/1921 1922/2076/1922
f 1915/2069/1915 1918/2072/1918 1923/2077/1923 1921/2075/1921
f 1918/2072/1918 1920/2074/1920 1924/2078/1924 1923/2077/1923
f 1921/2075/1921 1925/2079/1925 1926/2080/1926 1922/2076/1922
f 1921/2075/1921 1923/2077/1923 1927/2081/1927 1925/2079/1925
f 1923/2077/1923 1924/2078/1924 1928/2082/1928 1927/2081/1927
f 1926/2080/1926 1925/2079/1925 1929/2083/1929 1930/2084/1930
f 1925/2079/1925 1927/2081/1927 1931/2085/1931 1929/2083/1929
f 1927/2081/1927 1928/2082/1928 1932/2086/1932 1931/2085/1931
f 1930/2084/1930 1929/2083/1929 1933/2087/1933 1934/2088/1934
f 1929/2083/1929 1931/2085/1931 1935/2089/1935 1933/2087/1933
f 1931/2085/1931 1932/2086/1932 1936/2090/1936 1935/2089/1935
f 1916/2070/1916 1922/2076/1922 567/600/567 568/602/568
f 567/600/567 1922/2076/1922 1926/2080/1926 566/598/566
f 566/598/566 1926/2080/1926 1930/2084/1930 565/596/565
f 565/596/565 1930/2084/1930 1934/2088/1934 563/593/563
f 563/593/563 1934/2088/1934 612/651/612 564/594/564
f 1934/2088/1934 1933/2087/1933 611/649/611 612/651/612
f 1933/2087/1933 1935/2089/1935 610/647/610 611/649/611
f 1935/2089/1935 1936/2090/1936 608/644/608 610/647/610
f 1936/2090/1936 1937/2091/1937 609/645/609 608/644/608
f 1937/2091/1937 1936/2090/1936 1932/2086/1932 1938/2092/1938
f 1938/2092/1938 1932/2086/1932 1928/2082/1928 1939/2093/1939
f 1939/2093/1939 1928/2082/1928 1924/2078/1924 1940/2094/1940
f 1940/2094/1940 1924/2078/1924 1920/2074/1920 1941/2095/1941
f 1942/2096/1942 1941/2095/1941 1920/2074/1920 1919/2073/1919
f 1943/2097/1943 1944/2098/1944 1942/2096/1942 1945/2099/1945
f 1919/2073/1919 1917/2071/1917 525/552/525 526/554/526
f 1917/2071/1917 1914/2068/1914 524/550/524 525/552/525
f 1914/2068/1914 1913/2067/1913 522/547/522 524/550/524
f 1946/2100/1946 1947/2101/1947 1948/2102/1948 1949/2103/1949
f 1950/2104/1950 1951/2105/1951 1952/2106/1952 1953/2107/1953
f 1954/2108/1954 1955/2109/1955 1951/2105/1951 1950/2104/1950
f 1947/2101/1947 1956/2110/1956 1957/2111/1957 1948/2102/1948
f 1955/2109/1955 1958/2112/1958 1959/2113/1959 1951/2105/1951
f 1960/2114/1960 1961/2115/1961 1962/2116/1962 1957/2111/1957
f 1963/2117/1963 1960/2114/1960 1957/2111/1957 1956/2110/1956
f 1959/2113/1959 1964/2118/1964 1965/2119/1965 1966/2120/1966
f 1958/2112/1958 1967/2121/1967 1964/2118/1964 1959/2113/1959
f 1968/2122/1968 1969/2123/1969 1961/2115/1961 1960/2114/1960
f 1968/2122/1968 1960/2114/1960 1963/2117/1963 1970/2124/1970
f 1965/2119/1965 1971/2125/1971 1970/2124/1970 1963/2117/1963
f 1964/2118/1964 1972/2126/1972 1971/2125/1971 1965/2119/1965
f 1967/2121/1967 1221/1322/1221 1972/2126/1972 1964/2118/1964
f 1196/1296/1196 1221/1322/1221 1967/2121/1967 1973/2127/1973
f 1973/2127/1973 1967/2121/1967 1958/2112/1958 1974/2128/1974
f 1974/2128/1974 1958/2112/1958 1955/2109/1955 1975/2129/1975
f 1975/2129/1975 1955/2109/1955 1954/2108/1954 1976/2130/1976
f 1976/2130/1976 1954/2108/1954 1977/2131/1977 1978/2132/1978
f 1979/2133/1979 1980/2134/1980 1981/2135/1981 1982/2136/1982
f 1980/2134/1980 1983/2137/1983 1984/2138/1984 1981/2135/1981
f 1983/2137/1983 1985/2139/1985 1986/2140/1986 1984/2138/1984
f 1982/2136/1982 1981/2135/1981 1987/2141/1987 1988/2142/1988
f 1981/2135/1981 1984/2138/1984 1989/2143/1989 1987/2141/1987
f 1984/2138/1984 1986/2140/1986 1990/2144/1990 1989/2143/1989
f 1988/2142/1988 1987/2141/1987 1991/2145/1991 1992/2146/1992
f 1987/2141/1987 1989/2143/1989 1993/2147/1993 1991/2145/1991
f 1989/2143/1989 1990/2144/1990 1994/2148/1994 1993/2147/1993
f 1992/2146/1992 1991/2145/1991 1193/1293/1193 1194/1294/1194
f 1991/2145/1991 1993/2147/1993 1191/1291/1191 1193/1293/1193
f 1993/2147/1993 1994/2148/1994 1192/1292/1192 1191/1291/1191
f 1976/2130/1976 1979/2133/1979 1982/2136/1982 1975/2129/1975
f 1975/2129/1975 1982/2136/1982 1988/2142/1988 1974/2128/1974
f 1974/2128/1974 1988/2142/1988 1992/2146/1992 1973/2127/1973
f 1973/2127/1973 1992/2146/1992 1194/1294/1194 1196/1296/1196
f 26/26/26 1192/2149/1192 1994/2150/1994 25/25/25
f 25/25/25 1994/2150/1994 1990/2151/1990 24/24/24
f 24/24/24 1990/2151/1990 1986/2152/1986 22/22/22
f 22/22/22 1986/2152/1986 1985/2153/1985 23/23/23
f 23/23/23 1985/2153/1985 1995/2154/1995 31/31/31
f 1985/2139/1985 1983/2137/1983 1996/2155/1996 1995/2156/1995
f 1983/2137/1983 1980/2134/1980 1997/2157/1997 1996/2155/1996
f 1980/2134/1980 1979/2133/1979 1998/2158/1998 1997/2157/1997
f 1979/2133/1979 1976/2130/1976 1978/2132/1978 1998/2158/1998
f 85/85/85 87/87/87 1999/2159/1999 2000/2160/2000
f 1999/2159/1999 2001/2161/2001 2002/2162/2002 2000/2160/2000
f 2001/2161/2001 2003/2163/2003 2004/2164/2004 2002/2162/2002
f 2003/2165/2003 2005/2166/2005 2006/2167/2006 2004/2168/2004
f 2007/2169/2007 2008/2170/2008 2009/2171/2009
f 2009/2171/2009 2008/2170/2008 2010/2172/2010 2011/2173/2011
f 2012/2174/2012 2011/2173/2011 2013/2175/2013 2014/2176/2014
f 2015/2177/2015 2016/2178/2016 2017/2179/2017 2018/2180/2018
f 2012/2174/2012 2019/2181/2019 2016/2178/2016 2015/2177/2015
f 2014/2176/2014 2019/2181/2019 2012/2174/2012
f 2016/2178/2016 2020/2182/2020 2021/2183/2021 2017/2179/2017
f 2019/2181/2019 2022/2184/2022 2020/2182/2020 2016/2178/2016
f 2023/2185/2023 2024/2186/2024 2005/2166/2005 2025/2187/2025
f 2026/2188/2026 2027/2189/2027 2024/2186/2024 2023/2185/2023
f 2028/2190/2028 2029/2191/2029 2030/2192/2030 2031/2193/2031
f 2024/2186/2024 2032/2194/2032 2006/2167/2006 2005/2166/2005
f 2027/2189/2027 2033/2195/2033 2032/2194/2032 2024/2186/2024
f 2019/2181/2019 2034/2196/2034 2035/2197/2035 2022/2184/2022
f 2014/2176/2014 2036/2198/2036 2034/2196/2034 2019/2181/2019
f 2014/2176/2014 2013/2175/2013 2037/2199/2037 2036/2198/2036
f 2036/2198/2036 2037/2199/2037 2038/2200/2038 2039/2201/2039
f 2039/2201/2039 2038/2200/2038 2040/2202/2040 2041/2203/2041
f 2041/2203/2041 2040/2202/2040 2042/2204/2042 2043/2205/2043
f 2039/2201/2039 2044/2206/2044 2034/2196/2034 2036/2198/2036
f 2041/2203/2041 2045/2207/2045 2044/2206/2044 2039/2201/2039
f 2043/2205/2043 2045/2207/2045 2041/2203/2041
f 2044/2206/2044 2046/2208/2046 2035/2197/2035 2034/2196/2034
f 2045/2207/2045 2047/2209/2047 2046/2208/2046 2044/2206/2044
f 2048/2210/2048 2049/2211/2049 2050/2212/2050 2051/2213/2051
f 2052/2214/2052 2053/2215/2053 2049/2211/2049 2048/2210/2048
f 2053/2215/2053 2054/2216/2054 2055/2217/2055 2049/2211/2049
f 2056/2218/2056 2057/2219/2057 2058/2220/2058 2059/2221/2059
f 2060/2222/2060 2061/2223/2061 2057/2219/2057 2056/2218/2056
f 2062/2224/2062 2063/2225/2063 2061/2223/2061 2060/2222/2060
f 2064/2226/2064 2065/2227/2065 2066/2228/2066 2067/2229/2067
f 2068/2230/2068 2069/2231/2069 2070/2232/2070 2071/2233/2071
f 2067/2229/2067 2066/2228/2066 2069/2231/2069 2068/2230/2068
f 2066/2228/2066 2065/2227/2065 2072/2234/2072 2073/2235/2073
f 2069/2231/2069 2066/2228/2066 2073/2235/2073 2074/2236/2074
f 2074/2236/2074 2070/2232/2070 2069/2231/2069
f 2075/2237/2075 2074/2238/2074 2073/2239/2073 2076/2240/2076
f 2077/2241/2077 2078/2242/2078 2075/2237/2075 2076/2240/2076
f 2059/2243/2059 2058/2244/2058 2045/2207/2045 2043/2205/2043
f 2070/2245/2070 2074/2246/2074 2054/2216/2054 2053/2215/2053
f 458/472/458 460/474/460 2065/2227/2065 2064/2226/2064
f 2062/2224/2062 456/470/456 455/469/455 2063/2225/2063
f 83/83/83 2079/2247/2079 2080/2248/2080 84/84/84
f 2081/2249/2081 2082/2250/2082 2083/2251/2083 2084/2252/2084
f 2082/2250/2082 2085/2253/2085 2086/2254/2086 2083/2251/2083
f 2085/2253/2085 2087/2255/2087 2088/2256/2088 2086/2254/2086
f 2087/2255/2087 2089/2257/2089 2090/2258/2090 2088/2256/2088
f 2089/2257/2089 2091/2259/2091 2092/2260/2092 2090/2258/2090
f 2091/2259/2091 2093/2261/2093 2094/2262/2094 2092/2260/2092
f 2095/2263/2095 2096/2264/2096 2094/2265/2094 2093/2266/2093
f 2083/2251/2083 2086/2254/2086 2097/2267/2097 2098/2268/2098
f 2086/2254/2086 2088/2256/2088 2099/2269/2099 2097/2267/2097
f 2090/2258/2090 2092/2260/2092 2100/2270/2100 2101/2271/2101
f 2092/2260/2092 2094/2262/2094 2102/2272/2102 2100/2270/2100
f 2103/2273/2103 477/493/477 2098/2268/2098 2097/2267/2097
f 2101/2271/2101 2100/2270/2100 2104/2274/2104 2105/2275/2105
f 2104/2274/2104 2100/2270/2100 2102/2272/2102 2106/2276/2106
f 2107/2277/2107 2102/2278/2102 2094/2265/2094 2096/2264/2096
f 476/490/476 475/489/475 477/493/477 2103/2273/2103
f 2108/2279/2108 2109/2280/2109 2105/2275/2105 2104/2274/2104
f 2110/2281/2110 2106/2282/2106 2102/2278/2102 2107/2277/2107
f 2111/2283/2111 474/491/474 476/490/476 2112/2284/2112
f 2108/2279/2108 2113/2285/2113 2114/2286/2114 2109/2280/2109
f 2115/2287/2115 2108/2279/2108 2104/2274/2104 2106/2276/2106
f 2116/2288/2116 472/486/472 474/488/474 2111/2289/2111
f 2115/2287/2115 2117/2290/2117 2113/2285/2113 2108/2279/2108
f 2110/2281/2110 2118/2291/2118 2115/2292/2115 2106/2282/2106
f 2113/2293/2113 2119/2294/2119 2120/2295/2120 2114/2296/2114
f 2084/2252/2084 422/432/422 421/431/421 2121/2297/2121
f 2117/2298/2117 2122/2299/2122 2119/2294/2119 2113/2293/2113
f 2118/2291/2118 2123/2300/2123 2117/2301/2117 2115/2292/2115
f 2095/2263/2095 2093/2266/2093 2124/2302/2124 2125/2303/2125
f 2082/2250/2082 2081/2249/2081 2126/2304/2126 2127/2305/2127
f 2081/2249/2081 2121/2297/2121 2128/2306/2128 2126/2304/2126
f 2121/2297/2121 421/431/421 413/423/413 2128/2306/2128
f 2129/2307/2129 2130/2308/2130 2123/2300/2123 2118/2291/2118
f 2129/2307/2129 2131/2309/2131 2132/2310/2132 2130/2308/2130
f 2131/2309/2131 2133/2311/2133 2134/2312/2134 2132/2310/2132
f 2135/2313/2135 2136/2314/2136 2123/2315/2123 2130/2316/2130
f 2134/2317/2134 2137/2318/2137 2138/2319/2138 2132/2320/2132
f 2136/2314/2136 2139/2321/2139 2140/2322/2140 2122/2299/2122
f 2141/2323/2141 2139/2321/2139 2136/2314/2136 2135/2313/2135
f 2142/2324/2142 2141/2323/2141 2135/2313/2135 2138/2319/2138
f 2137/2318/2137 2143/2325/2143 2142/2324/2142 2138/2319/2138
f 2144/2326/2144 2145/2327/2145 2140/2322/2140 2146/2328/2146
f 2146/2328/2146 2140/2322/2140 2139/2321/2139 2147/2329/2147
f 2147/2329/2147 2139/2321/2139 2141/2323/2141 2148/2330/2148
f 2149/2331/2149 2142/2324/2142 2143/2325/2143 2150/2332/2150
f 2150/2332/2150 2143/2325/2143 2151/2333/2151 2152/2334/2152
f 2143/2325/2143 2137/2318/2137 2153/2335/2153 2151/2333/2151
f 2154/2336/2154 2155/2337/2155 2156/2338/2156 2157/2339/2157
f 2158/2340/2158 2156/2338/2156 2155/2337/2155 2159/2341/2159
f 2160/2342/2160 2158/2340/2158 2159/2341/2159
f 2160/2342/2160 2161/2343/2161 2162/2344/2162 2158/2340/2158
f 2162/2345/2162 2163/2346/2163 2164/2347/2164 2158/2348/2158
f 2162/2349/2162 2165/2350/2165 2166/2351/2166 2163/2352/2163
f 2167/2353/2167 2168/2354/2168 2169/2355/2169 2164/2347/2164
f 2163/2346/2163 2170/2356/2170 2167/2353/2167 2164/2347/2164
f 2166/2351/2166 2171/2357/2171 2170/2358/2170 2163/2352/2163
f 2166/2351/2166 2172/2359/2172 2173/2360/2173 2171/2357/2171
f 2173/2360/2173 2174/2361/2174 2175/2362/2175 2171/2357/2171
f 2176/2363/2176 2177/2364/2177 2178/2365/2178 2179/2366/2179
f 2177/2364/2177 2180/2367/2180 2181/2368/2181 2178/2365/2178
f 2182/2369/2182 2183/2370/2183 2181/2368/2181 2180/2367/2180
f 2179/2366/2179 2178/2365/2178 2184/2371/2184 2185/2372/2185
f 2178/2365/2178 2181/2368/2181 2186/2373/2186 2184/2371/2184
f 2183/2370/2183 2187/2374/2187 2186/2373/2186 2181/2368/2181
f 2185/2372/2185 2184/2371/2184 2188/2375/2188 2189/2376/2189
f 2184/2371/2184 2186/2373/2186 2190/2377/2190 2188/2375/2188
f 2187/2374/2187 2191/2378/2191 2190/2377/2190 2186/2373/2186
f 2154/2336/2154 2176/2363/2176 2179/2366/2179 2155/2337/2155
f 2155/2337/2155 2179/2366/2179 2185/2372/2185 2159/2341/2159
f 2159/2341/2159 2185/2372/2185 2189/2376/2189 2160/2342/2160
f 2192/2379/2192 2191/2378/2191 2193/2380/2193
f 2183/2370/2183 2194/2381/2194 2195/2382/2195 2187/2374/2187
f 2110/2281/2110 2107/2277/2107 2196/2383/2196 2197/2384/2197
f 2107/2277/2107 2096/2264/2096 2198/2385/2198 2196/2383/2196
f 2096/2264/2096 2095/2263/2095 2199/2386/2199 2198/2385/2198
f 2197/2384/2197 2196/2383/2196 2200/2387/2200 2201/2388/2201
f 2196/2383/2196 2198/2385/2198 2202/2389/2202 2200/2387/2200
f 2199/2386/2199 2203/2390/2203 2202/2389/2202 2198/2385/2198
f 2201/2388/2201 2200/2387/2200 2204/2391/2204 2205/2392/2205
f 2200/2387/2200 2202/2389/2202 2206/2393/2206 2204/2391/2204
f 2203/2390/2203 2207/2394/2207 2206/2393/2206 2202/2389/2202
f 2118/2291/2118 2110/2281/2110 2197/2384/2197 2129/2307/2129
f 2129/2307/2129 2197/2384/2197 2201/2388/2201 2131/2309/2131
f 2131/2309/2131 2201/2388/2201 2205/2392/2205 2133/2311/2133
f 2133/2311/2133 2205/2392/2205 2176/2363/2176 2154/2336/2154
f 2205/2392/2205 2204/2391/2204 2177/2364/2177 2176/2363/2176
f 2204/2391/2204 2206/2393/2206 2180/2367/2180 2177/2364/2177
f 2207/2394/2207 2182/2369/2182 2180/2367/2180 2206/2393/2206
f 2208/2395/2208 2207/2394/2207 2203/2390/2203 2209/2396/2209
f 2209/2396/2209 2203/2390/2203 2199/2386/2199 2210/2397/2210
f 2210/2397/2210 2199/2386/2199 2095/2263/2095 2211/2398/2211
f 2211/2398/2211 2095/2263/2095 2125/2303/2125
f 2212/2399/2212 2165/2350/2165 2162/2349/2162 2161/2400/2161
f 2213/2401/2213 2172/2359/2172 2166/2351/2166 2165/2350/2165
f 2214/2402/2214 40/40/40 39/39/39 97/97/97
f 2215/2403/2215 2191/2378/2191 2192/2379/2192 311/336/311
f 2216/2404/2216 2190/2377/2190 2191/2378/2191 2215/2403/2215
f 2217/2405/2217 2188/2375/2188 2190/2377/2190 2216/2404/2216
f 2218/2406/2218 2189/2376/2189 2188/2375/2188 2217/2405/2217
f 2161/2343/2161 2160/2342/2160 2189/2376/2189 2218/2406/2218
f 2219/2407/2219 2220/2408/2220 2221/2409/2221 2222/2410/2222
f 2220/2408/2220 2223/2411/2223 2224/2412/2224 2221/2409/2221
f 2223/2411/2223 2225/2413/2225 2226/2414/2226 2224/2412/2224
f 2225/2413/2225 2227/2415/2227 2228/2416/2228 2226/2414/2226
f 2227/2415/2227 2229/2417/2229 2230/2418/2230 2228/2416/2228
f 2229/2417/2229 2231/2419/2231 2232/2420/2232 2230/2418/2230
f 2231/2419/2231 2233/2421/2233 2234/2422/2234 2232/2420/2232
f 2222/2410/2222 2221/2409/2221 2235/2423/2235 2236/2424/2236
f 2221/2409/2221 2224/2412/2224 2237/2425/2237 2235/2423/2235
f 2224/2412/2224 2226/2414/2226 2238/2426/2238 2237/2425/2237
f 2226/2414/2226 2228/2416/2228 2239/2427/2239 2238/2426/2238
f 2228/2416/2228 2230/2418/2230 2240/2428/2240 2239/2427/2239
f 2230/2418/2230 2232/2420/2232 2241/2429/2241 2240/2428/2240
f 2232/2420/2232 2234/2422/2234 2242/2430/2242 2241/2429/2241
f 2236/2424/2236 2235/2423/2235 2243/2431/2243 2244/2432/2244
f 2235/2423/2235 2237/2425/2237 2245/2433/2245 2243/2431/2243
f 2237/2425/2237 2238/2426/2238 2246/2434/2246 2245/2433/2245
f 2238/2426/2238 2239/2427/2239 2247/2435/2247 2246/2434/2246
f 2239/2427/2239 2240/2428/2240 2248/2436/2248 2247/2435/2247
f 2240/2428/2240 2241/2429/2241 2249/2437/2249 2248/2436/2248
f 2241/2429/2241 2242/2430/2242 2250/2438/2250 2249/2437/2249
f 410/419/410 2219/2407/2219 2222/2410/2222 409/418/409
f 409/418/409 2222/2410/2222 2236/2424/2236 379/386/379
f 379/386/379 2236/2424/2236 2244/2432/2244 381/388/381
f 381/388/381 2244/2432/2244 2251/2439/2251 408/417/408
f 2244/2432/2244 2243/2431/2243 2252/2440/2252 2251/2439/2251
f 2243/2431/2243 2245/2433/2245 2253/2441/2253 2252/2440/2252
f 2245/2433/2245 2246/2434/2246 2254/2442/2254 2253/2441/2253
f 2246/2434/2246 2247/2435/2247 2255/2443/2255 2254/2442/2254
f 2247/2435/2247 2248/2436/2248 2256/2444/2256 2255/2443/2255
f 2248/2436/2248 2249/2437/2249 2257/2445/2257 2256/2444/2256
f 2249/2437/2249 2250/2438/2250 2258/2446/2258 2257/2445/2257
f 2250/2447/2250 2259/2448/2259 2260/2449/2260 2258/2450/2258
f 2259/2448/2259 2250/2447/2250 2242/2451/2242 2261/2452/2261
f 2261/2452/2261 2242/2451/2242 2262/2453/2262
f 2262/2453/2262 2242/2451/2242 2234/2454/2234 2263/2455/2263
f 2263/2455/2263 2234/2454/2234 2264/2456/2264
f 2264/2456/2264 2234/2454/2234 2233/2457/2233 2265/2458/2265
f 2265/2458/2265 2233/2457/2233 2266/2459/2266
f 2266/2459/2266 2233/2457/2233 2267/2460/2267 2268/2461/2268
f 2233/2421/2233 2231/2419/2231 2269/2462/2269 2267/2463/2267
f 2231/2419/2231 2229/2417/2229 2270/2464/2270 2269/2462/2269
f 2229/2417/2229 2227/2415/2227 2271/2465/2271 2270/2464/2270
f 2227/2415/2227 2225/2413/2225 2272/2466/2272 2271/2465/2271
f 2225/2413/2225 2223/2411/2223 2273/2467/2273 2272/2466/2272
f 2223/2411/2223 2220/2408/2220 2274/2468/2274 2273/2467/2273
f 2220/2408/2220 2219/2407/2219 2275/2469/2275 2274/2468/2274
f 2219/2407/2219 410/419/410 369/420/369 2275/2469/2275
f 331/335/331 2276/2470/2276 2277/2471/2277 2278/2472/2278
f 2277/2471/2277 2279/2473/2279 2280/2474/2280 2281/2475/2281
f 2279/2473/2279 2282/2476/2282 2283/2477/2283 2280/2474/2280
f 2282/2476/2282 2284/2478/2284 2285/2479/2285 2283/2477/2283
f 2286/2480/2286 330/333/330 331/335/331
f 2278/2472/2278 2281/2475/2281 2287/2481/2287 2288/2482/2288
f 2281/2475/2281 2280/2474/2280 2289/2483/2289 2287/2481/2287
f 2280/2474/2280 2283/2477/2283 2290/2484/2290 2289/2483/2289
f 2285/2479/2285 2291/2485/2291 2290/2484/2290 2283/2477/2283
f 2292/2486/2292 2288/2482/2288 2293/2487/2293 2294/2488/2294
f 2288/2482/2288 2287/2481/2287 2295/2489/2295 2293/2487/2293
f 2287/2481/2287 2289/2483/2289 2296/2490/2296 2295/2489/2295
f 2289/2483/2289 2290/2484/2290 2297/2491/2297 2296/2490/2296
f 2290/2484/2290 2291/2485/2291 2298/2492/2298 2297/2491/2297
f 2291/2485/2291 2299/2493/2299 2298/2492/2298
f 2294/2488/2294 2293/2487/2293 2300/2494/2300 2301/2495/2301
f 2293/2487/2293 2295/2489/2295 2302/2496/2302 2300/2494/2300
f 2295/2489/2295 2296/2490/2296 2303/2497/2303 2302/2496/2302
f 2296/2490/2296 2304/2498/2304 2303/2497/2303
f 2296/2490/2296 2297/2491/2297 2305/2499/2305 2304/2498/2304
f 2297/2491/2297 2298/2492/2298 2306/2500/2306 2305/2499/2305
f 2298/2492/2298 2299/2493/2299 2307/2501/2307 2306/2500/2306
f 330/333/330 2292/2486/2292 2294/2488/2294 329/331/329
f 329/331/329 2294/2488/2294 2301/2495/2301 328/328/328
f 328/328/328 2301/2495/2301 2308/2502/2308
f 2301/2495/2301 2300/2494/2300 2309/2503/2309 2308/2502/2308
f 2300/2494/2300 2302/2496/2302 2310/2504/2310 2309/2503/2309
f 2302/2496/2302 2303/2497/2303 2311/2505/2311 2310/2504/2310
f 2303/2497/2303 2304/2498/2304 2312/2506/2312 2311/2505/2311
f 2304/2498/2304 2305/2499/2305 2313/2507/2313 2312/2506/2312
f 2305/2499/2305 2306/2500/2306 2314/2508/2314 2313/2507/2313
f 2306/2500/2306 2307/2501/2307 2315/2509/2315 2314/2508/2314
f 2307/2501/2307 2316/2510/2316 2317/2511/2317 2315/2509/2315
f 2316/2510/2316 2307/2501/2307 2299/2493/2299 2318/2512/2318
f 2318/2512/2318 2299/2493/2299 2291/2485/2291 2319/2513/2319
f 2319/2513/2319 2291/2485/2291 2285/2479/2285 2320/2514/2320
f 2285/2479/2285 2284/2478/2284 2321/2515/2321 2320/2514/2320
f 2321/2515/2321 2284/2478/2284 2322/2516/2322 2323/2517/2323
f 2282/2476/2282 2324/2518/2324 2322/2516/2322 2284/2478/2284
f 2282/2476/2282 2279/2473/2279 2325/2519/2325 2324/2518/2324
f 2277/2471/2277 2276/2470/2276 2326/2520/2326 2325/2519/2325
f 2192/2379/2192 2193/2380/2193 2326/2520/2326 2276/2470/2276
f 2321/2515/2321 2327/2521/2327 2328/2522/2328 2320/2514/2320
f 2329/2523/2329 2330/2524/2330 2328/2522/2328 2327/2521/2327
f 2320/2514/2320 2328/2522/2328 2331/2525/2331 2319/2513/2319
f 2328/2522/2328 2330/2524/2330 2332/2526/2332 2331/2525/2331
f 2319/2513/2319 2331/2525/2331 2333/2527/2333 2318/2512/2318
f 2331/2525/2331 2332/2526/2332 2334/2528/2334 2333/2527/2333
f 2318/2512/2318 2333/2527/2333 2335/2529/2335 2316/2510/2316
f 2333/2527/2333 2334/2528/2334 2336/2530/2336 2335/2529/2335
f 2337/2531/2337 2338/2532/2338 2317/2511/2317 2316/2510/2316
f 2335/2529/2335 2336/2530/2336 2339/2533/2339 2337/2531/2337
f 2336/2530/2336 2340/2534/2340 2341/2535/2341 2339/2533/2339
f 2340/2534/2340 2336/2530/2336 2334/2528/2334 2342/2536/2342
f 2342/2536/2342 2334/2528/2334 2332/2526/2332 2343/2537/2343
f 2343/2537/2343 2332/2526/2332 2330/2524/2330 2344/2538/2344
f 2344/2538/2344 2330/2524/2330 2329/2523/2329 2345/2539/2345
f 2345/2539/2345 2329/2523/2329 2346/2540/2346
f 2329/2523/2329 2327/2521/2327 2323/2517/2323 2346/2540/2346
f 2327/2521/2327 2321/2515/2321 2323/2517/2323
f 2345/2539/2345 2347/2541/2347 2348/2542/2348 2344/2538/2344
f 2347/2541/2347 2349/2543/2349 2350/2544/2350 2348/2542/2348
f 2349/2543/2349 2351/2545/2351 2350/2544/2350
f 2344/2538/2344 2348/2542/2348 2352/2546/2352 2343/2537/2343
f 2348/2542/2348 2350/2544/2350 2353/2547/2353 2352/2546/2352
f 2350/2544/2350 2351/2545/2351 2354/2548/2354 2353/2547/2353
f 2343/2537/2343 2352/2546/2352 2355/2549/2355 2342/2536/2342
f 2352/2546/2352 2353/2547/2353 2356/2550/2356 2355/2549/2355
f 2353/2547/2353 2354/2548/2354 2357/2551/2357 2356/2550/2356
f 2342/2536/2342 2355/2549/2355 2358/2552/2358 2340/2534/2340
f 2355/2549/2355 2356/2550/2356 2359/2553/2359 2358/2552/2358
f 2356/2550/2356 2357/2551/2357 2360/2554/2360 2359/2553/2359
f 2340/2534/2340 2358/2552/2358 2361/2555/2361 2341/2535/2341
f 2358/2552/2358 2362/2556/2362 2361/2555/2361
f 2358/2552/2358 2359/2553/2359 2363/2557/2363 2362/2556/2362
f 2359/2553/2359 2360/2554/2360 2364/2558/2364 2363/2557/2363
f 2349/2543/2349 2347/2541/2347 2365/2559/2365 2366/2560/2366
f 2347/2541/2347 2345/2539/2345 2346/2540/2346 2365/2559/2365
f 2367/2561/2367 2368/2562/2368 2369/2563/2369 2370/2564/2370
f 2368/2562/2368 2371/2565/2371 2372/2566/2372 2369/2563/2369
f 2371/2565/2371 2373/2567/2373 2374/2568/2374 2372/2566/2372
f 2370/2564/2370 2369/2563/2369 2375/2569/2375 2376/2570/2376
f 2369/2563/2369 2372/2566/2372 2377/2571/2377 2375/2569/2375
f 2372/2566/2372 2374/2568/2374 2378/2572/2378 2377/2571/2377
f 2376/2570/2376 2375/2569/2375 2379/2573/2379
f 2375/2569/2375 2377/2571/2377 2380/2574/2380 2379/2573/2379
f 2377/2571/2377 2378/2572/2378 2381/2575/2381 2380/2574/2380
f 2376/2570/2376 2379/2573/2379 2382/2576/2382 2383/2577/2383
f 2379/2573/2379 2380/2574/2380 2384/2578/2384 2382/2576/2382
f 2380/2574/2380 2381/2575/2381 2385/2579/2385 2384/2578/2384
f 2384/2578/2384 2385/2579/2385 2386/2580/2386
f 2383/2577/2383 2382/2576/2382 2387/2581/2387 2388/2582/2388
f 2382/2576/2382 2384/2578/2384 2389/2583/2389 2387/2581/2387
f 2384/2578/2384 2386/2580/2386 2390/2584/2390 2389/2583/2389
f 2349/2543/2349 2367/2561/2367 2370/2564/2370 2351/2545/2351
f 2351/2545/2351 2370/2564/2370 2376/2570/2376 2354/2548/2354
f 2354/2548/2354 2376/2570/2376 2383/2577/2383 2357/2551/2357
f 2357/2551/2357 2383/2577/2383 2388/2582/2388 2360/2554/2360
f 2360/2554/2360 2388/2582/2388 2391/2585/2391 2364/2558/2364
f 2388/2582/2388 2387/2581/2387 2392/2586/2392 2391/2585/2391
f 2387/2581/2387 2389/2583/2389 2393/2587/2393 2392/2586/2392
f 2389/2583/2389 2390/2584/2390 2394/2588/2394 2393/2587/2393
f 2390/2584/2390 2395/2589/2395 2396/2590/2396 2394/2588/2394
f 2395/2589/2395 2390/2584/2390 2386/2580/2386 2397/2591/2397
f 2397/2591/2397 2386/2580/2386 2385/2579/2385 2398/2592/2398
f 2398/2592/2398 2385/2579/2385 2381/2575/2381 2399/2593/2399
f 2399/2593/2399 2381/2575/2381 2378/2572/2378 2400/2594/2400
f 2400/2594/2400 2378/2572/2378 2374/2568/2374 2401/2595/2401
f 2401/2595/2401 2374/2568/2374 2373/2567/2373 2402/2596/2402
f 2402/2596/2402 2373/2567/2373 2403/2597/2403 2404/2598/2404
f 2373/2567/2373 2371/2565/2371 2405/2599/2405 2403/2597/2403
f 2368/2562/2368 2406/2600/2406 2405/2599/2405 2371/2565/2371
f 2368/2562/2368 2367/2561/2367 2406/2600/2406
f 2367/2561/2367 2349/2543/2349 2366/2560/2366 2406/2600/2406
f 2407/2601/2407 2408/2602/2408 2409/2603/2409 2410/2604/2410
f 2408/2602/2408 2411/2605/2411 2412/2606/2412 2409/2603/2409
f 2411/2605/2411 2413/2607/2413 2412/2606/2412
f 2411/2605/2411 2414/2608/2414 2415/2609/2415 2413/2607/2413
f 2410/2604/2410 2409/2603/2409 2416/2610/2416 2417/2611/2417
f 2409/2603/2409 2412/2606/2412 2418/2612/2418 2416/2610/2416
f 2412/2606/2412 2413/2607/2413 2419/2613/2419 2418/2612/2418
f 2413/2607/2413 2415/2609/2415 2420/2614/2420 2419/2613/2419
f 2417/2611/2417 2416/2610/2416 2421/2615/2421 2422/2616/2422
f 2416/2610/2416 2418/2612/2418 2423/2617/2423 2421/2615/2421
f 2418/2612/2418 2419/2613/2419 2424/2618/2424 2423/2617/2423
f 2419/2613/2419 2420/2614/2420 2425/2619/2425 2424/2618/2424
f 2422/2616/2422 2421/2615/2421 2426/2620/2426 2427/2621/2427
f 2421/2615/2421 2423/2617/2423 2428/2622/2428 2426/2620/2426
f 2423/2617/2423 2424/2618/2424 2429/2623/2429 2428/2622/2428
f 2424/2618/2424 2425/2619/2425 2430/2624/2430 2429/2623/2429
f 2427/2621/2427 2426/2620/2426 2431/2625/2431 2432/2626/2432
f 2426/2620/2426 2428/2622/2428 2433/2627/2433 2431/2625/2431
f 2428/2622/2428 2429/2623/2429 2434/2628/2434 2433/2627/2433
f 2429/2623/2429 2430/2624/2430 2435/2629/2435 2434/2628/2434
f 2432/2626/2432 2431/2625/2431 2436/2630/2436 2437/2631/2437
f 2431/2625/2431 2433/2627/2433 2438/2632/2438 2436/2630/2436
f 2433/2627/2433 2434/2628/2434 2439/2633/2439 2438/2632/2438
f 2434/2628/2434 2435/2629/2435 2440/2634/2440 2439/2633/2439
f 2402/2596/2402 2407/2601/2407 2410/2604/2410 2401/2595/2401
f 2401/2595/2401 2410/2604/2410 2417/2611/2417 2400/2594/2400
f 2400/2594/2400 2417/2611/2417 2422/2616/2422 2399/2593/2399
f 2399/2593/2399 2422/2616/2422 2427/2621/2427 2398/2592/2398
f 2398/2592/2398 2427/2621/2427 2432/2626/2432 2397/2591/2397
f 2397/2591/2397 2432/2626/2432 2437/2631/2437 2395/2589/2395
f 2395/2589/2395 2437/2631/2437 2441/2635/2441 2396/2590/2396
f 2437/2631/2437 2436/2630/2436 2442/2636/2442 2441/2635/2441
f 2436/2630/2436 2438/2632/2438 2443/2637/2443 2442/2636/2442
f 2438/2632/2438 2439/2633/2439 2444/2638/2444 2443/2637/2443
f 2439/2633/2439 2440/2634/2440 2444/2638/2444
f 2440/2634/2440 2266/2459/2266 2268/2461/2268 2445/2639/2445
f 2266/2459/2266 2440/2634/2440 2435/2629/2435 2265/2458/2265
f 2265/2458/2265 2435/2629/2435 2430/2624/2430 2264/2456/2264
f 2264/2456/2264 2430/2624/2430 2425/2619/2425 2263/2455/2263
f 2263/2455/2263 2425/2619/2425 2420/2614/2420 2262/2453/2262
f 2262/2453/2262 2420/2614/2420 2415/2609/2415 2261/2452/2261
f 2261/2452/2261 2415/2609/2415 2414/2608/2414 2259/2448/2259
f 2259/2448/2259 2414/2608/2414 2446/2640/2446 2260/2449/2260
f 2414/2608/2414 2447/2641/2447 2448/2642/2448 2446/2640/2446
f 2449/2643/2449 2450/2644/2450 2448/2642/2448 2447/2641/2447
f 2408/2602/2408 2407/2601/2407 2449/2643/2449
f 2407/2601/2407 2402/2596/2402 2404/2598/2404 2449/2643/2449
f 2406/2600/2406 2451/2645/2451 2452/2646/2452 2405/2599/2405
f 2404/2598/2404 2453/2647/2453 2450/2644/2450 2449/2643/2449
f 2454/2648/2454 2451/2645/2451 2406/2600/2406 2366/2560/2366
f 2366/2560/2366 2365/2559/2365 2455/2649/2455 2454/2648/2454
f 2365/2559/2365 2346/2540/2346 2323/2517/2323 2455/2649/2455
f 2322/2516/2322 2324/2518/2324 2456/2650/2456 2457/2651/2457
f 2325/2519/2325 2458/2652/2458 2456/2650/2456 2324/2518/2324
f 2325/2519/2325 2326/2520/2326 2459/2653/2459 2458/2652/2458
f 2459/2653/2459 2460/2654/2460 2461/2655/2461 2458/2652/2458
f 2194/2381/2194 2460/2654/2460 2459/2653/2459 2195/2382/2195
f 2457/2651/2457 2456/2650/2456 2462/2656/2462 2463/2657/2463
f 2458/2652/2458 2461/2655/2461 2462/2656/2462 2456/2650/2456
f 2323/2517/2323 2322/2516/2322 2457/2651/2457 2455/2649/2455
f 2455/2649/2455 2457/2651/2457 2463/2657/2463 2454/2648/2454
f 2464/2658/2464 2465/2659/2465 2466/2660/2466 2208/2395/2208
f 2209/2396/2209 2210/2397/2210 2467/2661/2467 2468/2662/2468
f 2210/2397/2210 2211/2398/2211 2469/2663/2469 2467/2661/2467
f 2470/2664/2470 2465/2659/2465 2464/2658/2464 2471/2665/2471
f 2468/2662/2468 2467/2661/2467 2472/2666/2472 2473/2667/2473
f 2467/2661/2467 2469/2663/2469 2474/2668/2474 2472/2666/2472
f 2470/2664/2470 2471/2665/2471 2475/2669/2475 2476/2670/2476
f 2471/2665/2471 2473/2667/2473 2477/2671/2477 2475/2669/2475
f 2473/2667/2473 2472/2666/2472 2478/2672/2478 2477/2671/2477
f 2472/2666/2472 2474/2668/2474 2479/2673/2479 2478/2672/2478
f 2476/2670/2476 2475/2669/2475 2480/2674/2480 2481/2675/2481
f 2475/2669/2475 2477/2671/2477 2482/2676/2482 2480/2674/2480
f 2477/2671/2477 2478/2672/2478 2483/2677/2483 2482/2676/2482
f 2479/2673/2479 2484/2678/2484 2483/2677/2483 2478/2672/2478
f 2461/2655/2461 2470/2664/2470 2476/2670/2476 2462/2656/2462
f 2462/2656/2462 2476/2670/2476 2481/2675/2481 2463/2657/2463
f 2463/2657/2463 2481/2675/2481 2451/2645/2451 2454/2648/2454
f 2480/2674/2480 2482/2676/2482 2453/2647/2453 2452/2646/2452
f 2482/2676/2482 2450/2644/2450 2453/2647/2453
f 2482/2676/2482 2483/2677/2483 2448/2642/2448 2450/2644/2450
f 2483/2677/2483 2484/2678/2484 2446/2640/2446 2448/2642/2448
f 2484/2678/2484 2260/2449/2260 2446/2640/2446
f 2260/2449/2260 2484/2678/2484 2479/2673/2479 2485/2679/2485
f 2485/2679/2485 2479/2673/2479 2474/2668/2474 2486/2680/2486
f 2486/2680/2486 2474/2668/2474 2469/2663/2469
f 2486/2680/2486 2469/2663/2469 2211/2398/2211 2125/2303/2125
f 2124/2681/2124 2487/2682/2487 2488/2683/2488 2489/2684/2489
f 2487/2682/2487 2490/2685/2490 2491/2686/2491 2488/2683/2488
f 2490/2685/2490 2492/2687/2492 2493/2688/2493 2491/2686/2491
f 2492/2687/2492 2494/2689/2494 2495/2690/2495 2493/2688/2493
f 2494/2689/2494 2127/2305/2127 2496/2691/2496 2495/2690/2495
f 2127/2305/2127 2126/2304/2126 2497/2692/2497 2496/2691/2496
f 2126/2304/2126 2128/2306/2128 2498/2693/2498 2497/2692/2497
f 2489/2684/2489 2488/2683/2488 2499/2694/2499 2500/2695/2500
f 2488/2683/2488 2491/2686/2491 2501/2696/2501 2499/2694/2499
f 2491/2686/2491 2493/2688/2493 2255/2443/2255 2501/2696/2501
f 2493/2688/2493 2495/2690/2495 2254/2442/2254 2255/2443/2255
f 2495/2690/2495 2496/2691/2496 2253/2441/2253 2254/2442/2254
f 2496/2691/2496 2497/2692/2497 2252/2440/2252 2253/2441/2253
f 2497/2692/2497 2498/2693/2498 2251/2439/2251 2252/2440/2252
f 2500/2695/2500 2499/2694/2499 2257/2445/2257 2258/2446/2258
f 2499/2694/2499 2501/2696/2501 2256/2444/2256 2257/2445/2257
f 2501/2696/2501 2255/2443/2255 2256/2444/2256
f 2125/2303/2125 2124/2302/2124 2489/2697/2489 2486/2680/2486
f 2486/2680/2486 2489/2697/2489 2500/2698/2500 2485/2679/2485
f 2485/2679/2485 2500/2698/2500 2258/2450/2258 2260/2449/2260
f 408/417/408 2251/2439/2251 2498/2693/2498 411/421/411
f 411/421/411 2498/2693/2498 2128/2306/2128 413/423/413
f 2502/2699/2502 2503/2700/2503 2504/2701/2504 2505/2702/2505
f 2503/2700/2503 2506/2703/2506 2507/2704/2507 2504/2701/2504
f 2506/2703/2506 2508/2705/2508 2509/2706/2509 2510/2707/2510
f 2505/2702/2505 2504/2701/2504 2511/2708/2511
f 2504/2701/2504 2507/2704/2507 2512/2709/2512 2511/2708/2511
f 2510/2707/2510 2509/2706/2509 2513/2710/2513 2514/2711/2514
f 2505/2702/2505 2511/2708/2511 2515/2712/2515 2516/2713/2516
f 2511/2708/2511 2512/2709/2512 2517/2714/2517 2515/2712/2515
f 2514/2711/2514 2513/2710/2513 2518/2715/2518 2519/2716/2519
f 2515/2712/2515 2520/2717/2520 2521/2718/2521 2516/2713/2516
f 2515/2712/2515 2517/2714/2517 2522/2719/2522
f 2519/2716/2519 2518/2715/2518 2523/2720/2523 2524/2721/2524
f 420/430/420 2502/2699/2502 2505/2702/2505 419/429/419
f 419/429/419 2505/2702/2505 2516/2713/2516 404/413/404
f 2516/2713/2516 2525/2722/2525 403/412/403 404/413/404
f 2526/2723/2526 2520/2717/2520 2515/2712/2515 2522/2719/2522
f 2527/2724/2527 2518/2725/2518 2513/2726/2513 2528/2727/2528
f 2528/2727/2528 2513/2726/2513 2509/2728/2509 2529/2729/2529
f 2529/2729/2529 2509/2728/2509 2508/2730/2508 2042/2204/2042
f 2526/2723/2526 2530/2731/2530 2531/2732/2531
f 2530/2731/2530 2532/2733/2532 2533/2734/2533 2531/2732/2531
f 2533/2734/2533 2532/2733/2532 2534/2735/2534 2535/2736/2535
f 2525/2722/2525 2521/2718/2521 2536/2737/2536 2537/2738/2537
f 2521/2718/2521 2520/2717/2520 2538/2739/2538 2536/2737/2536
f 2520/2717/2520 2526/2723/2526 2539/2740/2539 2538/2739/2538
f 2526/2723/2526 2531/2732/2531 2540/2741/2540 2539/2740/2539
f 2531/2732/2531 2533/2734/2533 2541/2742/2541 2540/2741/2540
f 2535/2736/2535 2542/2743/2542 2543/2744/2543 2544/2745/2544
f 2537/2738/2537 2536/2737/2536 2545/2746/2545 2546/2747/2546
f 2536/2737/2536 2538/2739/2538 2547/2748/2547 2545/2746/2545
f 2538/2739/2538 2539/2740/2539 2548/2749/2548 2547/2748/2547
f 2539/2740/2539 2540/2741/2540 2549/2750/2549 2548/2749/2548
f 2540/2741/2540 2541/2742/2541 2550/2751/2550 2549/2750/2549
f 2541/2742/2541 2544/2745/2544 2551/2752/2551 2550/2751/2550
f 2543/2744/2543 2552/2753/2552 2553/2754/2553 2551/2752/2551
f 2549/2750/2549 2550/2751/2550 2554/2755/2554
f 2551/2752/2551 2553/2754/2553 2555/2756/2555 2554/2755/2554
f 2553/2754/2553 2556/2757/2556 2557/2758/2557 2555/2756/2555
f 2546/2747/2546 2545/2746/2545 2558/2759/2558 2559/2760/2559
f 2545/2746/2545 2547/2748/2547 2560/2761/2560 2558/2759/2558
f 2547/2748/2547 2548/2749/2548 2561/2762/2561 2560/2761/2560
f 2548/2749/2548 2549/2750/2549 2562/2763/2562 2561/2762/2561
f 2554/2755/2554 2555/2756/2555 2563/2764/2563
f 2559/2760/2559 2558/2759/2558 2564/2765/2564 2565/2766/2565
f 2558/2759/2558 2560/2761/2560 2566/2767/2566 2564/2765/2564
f 2560/2761/2560 2561/2762/2561 2567/2768/2567 2566/2767/2566
f 2567/2768/2567 2561/2762/2561 2562/2763/2562 2568/2769/2568
f 2568/2769/2568 2562/2763/2562 2563/2764/2563 2569/2770/2569
f 2563/2764/2563 2570/2771/2570 2569/2770/2569
f 403/412/403 2525/2722/2525 2537/2738/2537 402/411/402
f 402/411/402 2537/2738/2537 2546/2747/2546 401/410/401
f 401/410/401 2546/2747/2546 2559/2760/2559 400/409/400
f 400/409/400 2559/2760/2559 2565/2766/2565 398/407/398
f 398/407/398 2565/2766/2565 2571/2772/2571 399/408/399
f 2565/2766/2565 2564/2765/2564 2572/2773/2572 2571/2772/2571
f 2564/2765/2564 2566/2767/2566 2573/2774/2573 2572/2773/2572
f 2566/2767/2566 2567/2768/2567 2574/2775/2574 2573/2774/2573
f 2567/2768/2567 2568/2769/2568 2575/2776/2575 2574/2775/2574
f 2568/2769/2568 2569/2770/2569 2576/2777/2576 2575/2776/2575
f 2569/2770/2569 2577/2778/2577 2576/2777/2576
f 2578/2779/2578 2579/2780/2579 2580/2781/2580
f 2552/2753/2552 2581/2782/2581 2556/2757/2556 2553/2754/2553
f 2534/2735/2534 2582/2783/2582 2542/2743/2542 2535/2736/2535
f 2532/2733/2532 2530/2731/2530 2524/2721/2524 2523/2720/2523
f 2521/2718/2521 2525/2722/2525 2516/2713/2516
f 2582/2783/2582 2583/2784/2583 2584/2785/2584 2542/2743/2542
f 2583/2784/2583 2585/2786/2585 2586/2787/2586 2584/2785/2584
f 2587/2788/2587 2588/2789/2588 2589/2790/2589 2590/2791/2590
f 2584/2785/2584 2586/2787/2586 2581/2782/2581 2552/2753/2552
f 2590/2791/2590 2589/2790/2589 2591/2792/2591 2592/2793/2592
f 2589/2790/2589 2593/2794/2593 2594/2795/2594 2591/2792/2591
f 2595/2796/2595 2556/2757/2556 2581/2782/2581 2592/2793/2592
f 2591/2792/2591 2594/2795/2594 2596/2797/2596 2597/2798/2597
f 2594/2795/2594 2598/2799/2598 2596/2797/2596
f 2594/2795/2594 2599/2800/2599 2600/2801/2600 2598/2799/2598
f 2597/2798/2597 2596/2797/2596 2601/2802/2601 2602/2803/2602
f 2596/2797/2596 2598/2799/2598 2603/2804/2603 2601/2802/2601
f 2598/2799/2598 2600/2801/2600 2604/2805/2604 2603/2804/2603
f 2601/2802/2601 2605/2806/2605 2606/2807/2606
f 2601/2802/2601 2603/2804/2603 2607/2808/2607 2605/2806/2605
f 2603/2804/2603 2604/2805/2604 2608/2809/2608 2607/2808/2607
f 2606/2807/2606 2605/2806/2605 2609/2810/2609 2610/2811/2610
f 2605/2806/2605 2607/2808/2607 2611/2812/2611 2609/2810/2609
f 2607/2808/2607 2608/2809/2608 2612/2813/2612 2611/2812/2611
f 2606/2807/2606 2610/2811/2610 2578/2779/2578
f 2578/2779/2578 2610/2811/2610 2613/2814/2613 2579/2780/2579
f 2610/2811/2610 2609/2810/2609 2614/2815/2614 2613/2814/2613
f 2609/2810/2609 2611/2812/2611 2615/2816/2615 2614/2815/2614
f 2611/2812/2611 2612/2813/2612 2616/2817/2616 2615/2816/2615
f 2612/2813/2612 2617/2818/2617 2618/2819/2618 2616/2817/2616
f 2617/2818/2617 2612/2813/2612 2608/2809/2608 2619/2820/2619
f 2619/2820/2619 2608/2809/2608 2604/2805/2604 2620/2821/2620
f 2620/2821/2620 2604/2805/2604 2600/2801/2600 2621/2822/2621
f 2599/2800/2599 2594/2795/2594 2593/2794/2593
f 2588/2789/2588 2587/2788/2587 2622/2823/2622
f 2585/2786/2585 2583/2784/2583 2623/2824/2623 2624/2825/2624
f 2037/2199/2037 2625/2826/2625 2626/2827/2626 2038/2200/2038
f 2625/2826/2625 2627/2828/2627 2628/2829/2628 2626/2827/2626
f 2627/2828/2627 2629/2830/2629 2630/2831/2630 2628/2829/2628
f 2629/2830/2629 2631/2832/2631 2632/2833/2632 2630/2831/2630
f 2630/2831/2630 2632/2833/2632 2633/2834/2633
f 2038/2200/2038 2626/2827/2626 2634/2835/2634 2040/2202/2040
f 2626/2827/2626 2628/2829/2628 2635/2836/2635 2634/2835/2634
f 2628/2829/2628 2630/2831/2630 2636/2837/2636 2635/2836/2635
f 2630/2831/2630 2633/2834/2633 2637/2838/2637 2636/2837/2636
f 2040/2202/2040 2634/2835/2634 2529/2729/2529 2042/2204/2042
f 2634/2835/2634 2635/2836/2635 2528/2727/2528 2529/2729/2529
f 2635/2836/2635 2636/2837/2636 2527/2724/2527 2528/2727/2528
f 2636/2837/2636 2637/2838/2637 2638/2839/2638 2527/2724/2527
f 2638/2839/2638 2639/2840/2639 2640/2841/2640 2523/2842/2523
f 2639/2840/2639 2638/2839/2638 2637/2838/2637 2641/2843/2641
f 2641/2843/2641 2637/2838/2637 2633/2834/2633 2642/2844/2642
f 2642/2844/2642 2633/2834/2633 2632/2833/2632 2643/2845/2643
f 2643/2845/2643 2632/2833/2632 2631/2832/2631 2644/2846/2644
f 2644/2846/2644 2645/2847/2645 2646/2848/2646 2643/2845/2643
f 2645/2847/2645 2647/2849/2647 2648/2850/2648 2646/2848/2646
f 2647/2849/2647 2649/2851/2649 2650/2852/2650 2648/2850/2648
f 2643/2845/2643 2646/2848/2646 2651/2853/2651 2642/2844/2642
f 2646/2848/2646 2648/2850/2648 2652/2854/2652 2651/2853/2651
f 2648/2850/2648 2650/2852/2650 2653/2855/2653 2652/2854/2652
f 2642/2844/2642 2651/2853/2651 2654/2856/2654 2641/2843/2641
f 2651/2853/2651 2652/2854/2652 2655/2857/2655 2654/2856/2654
f 2652/2854/2652 2653/2855/2653 2656/2858/2656 2655/2857/2655
f 2641/2843/2641 2654/2856/2654 2657/2859/2657 2639/2840/2639
f 2654/2856/2654 2655/2857/2655 2658/2860/2658 2657/2859/2657
f 2655/2857/2655 2656/2858/2656 2659/2861/2659 2658/2860/2658
f 2639/2840/2639 2657/2859/2657 2660/2862/2660 2640/2841/2640
f 2657/2859/2657 2658/2860/2658 2623/2863/2623 2660/2862/2660
f 2658/2860/2658 2659/2861/2659 2624/2864/2624 2623/2863/2623
f 2659/2861/2659 2661/2865/2661 2622/2866/2622 2624/2864/2624
f 2661/2865/2661 2659/2861/2659 2656/2858/2656 2662/2867/2662
f 2662/2867/2662 2656/2858/2656 2653/2855/2653 2663/2868/2663
f 2663/2868/2663 2653/2855/2653 2650/2852/2650 2664/2869/2664
f 2664/2869/2664 2650/2852/2650 2649/2851/2649 2665/2870/2665
f 2666/2871/2666 2667/2872/2667 2668/2873/2668 2669/2874/2669
f 2667/2872/2667 2670/2875/2670 2671/2876/2671 2668/2873/2668
f 2670/2875/2670 2672/2877/2672 2673/2878/2673 2671/2876/2671
f 2672/2877/2672 2674/2879/2674 2675/2880/2675 2673/2878/2673
f 2674/2879/2674 2676/2881/2676 2677/2882/2677 2675/2880/2675
f 2676/2881/2676 2678/2883/2678 2679/2884/2679 2677/2882/2677
f 2678/2883/2678 2680/2885/2680 2681/2886/2681 2679/2884/2679
f 2669/2874/2669 2668/2873/2668 2682/2887/2682 2683/2888/2683
f 2668/2873/2668 2671/2876/2671 2684/2889/2684 2682/2887/2682
f 2671/2876/2671 2673/2878/2673 2684/2889/2684
f 2673/2878/2673 2675/2880/2675 2685/2890/2685 2684/2889/2684
f 2675/2880/2675 2677/2882/2677 2686/2891/2686 2685/2890/2685
f 2677/2882/2677 2679/2884/2679 2687/2892/2687 2686/2891/2686
f 2679/2884/2679 2681/2886/2681 2688/2893/2688 2687/2892/2687
f 2683/2888/2683 2682/2887/2682 2689/2894/2689 2690/2895/2690
f 2682/2887/2682 2684/2889/2684 2691/2896/2691 2689/2894/2689
f 2684/2889/2684 2685/2890/2685 2692/2897/2692 2691/2896/2691
f 2685/2890/2685 2686/2891/2686 2693/2898/2693 2692/2897/2692
f 2686/2891/2686 2687/2892/2687 2694/2899/2694 2693/2898/2693
f 2687/2892/2687 2688/2893/2688 2695/2900/2695 2694/2899/2694
f 2690/2895/2690 2689/2894/2689 2696/2901/2696 2697/2902/2697
f 2689/2894/2689 2691/2896/2691 2698/2903/2698 2696/2901/2696
f 2691/2896/2691 2692/2897/2692 2699/2904/2699 2698/2903/2698
f 2692/2897/2692 2693/2898/2693 2700/2905/2700 2699/2904/2699
f 2693/2898/2693 2694/2899/2694 2701/2906/2701 2700/2905/2700
f 2694/2899/2694 2695/2900/2695 2702/2907/2702 2701/2906/2701
f 2665/2870/2665 2666/2871/2666 2669/2874/2669 2664/2869/2664
f 2664/2869/2664 2669/2874/2669 2683/2888/2683 2663/2868/2663
f 2663/2868/2663 2683/2888/2683 2690/2895/2690 2662/2867/2662
f 2662/2867/2662 2690/2895/2690 2697/2902/2697 2661/2865/2661
f 2661/2865/2661 2697/2902/2697 2588/2908/2588 2622/2866/2622
f 2697/2902/2697 2696/2901/2696 2593/2909/2593 2588/2908/2588
f 2696/2901/2696 2698/2903/2698 2599/2910/2599 2593/2909/2593
f 2698/2903/2698 2699/2904/2699 2621/2911/2621 2599/2910/2599
f 2699/2904/2699 2700/2905/2700 2620/2912/2620 2621/2911/2621
f 2700/2905/2700 2701/2906/2701 2619/2913/2619 2620/2912/2620
f 2701/2906/2701 2702/2907/2702 2617/2914/2617 2619/2913/2619
f 2702/2907/2702 2703/2915/2703 2618/2916/2618 2617/2914/2617
f 2703/2915/2703 2702/2907/2702 2695/2900/2695 2704/2917/2704
f 2704/2917/2704 2695/2900/2695 2688/2893/2688 2705/2918/2705
f 2705/2918/2705 2688/2893/2688 2681/2886/2681 2706/2919/2706
f 2706/2919/2706 2681/2886/2681 2680/2885/2680 2707/2920/2707
f 2707/2920/2707 2680/2885/2680 2708/2921/2708 2709/2922/2709
f 2680/2885/2680 2678/2883/2678 2710/2923/2710 2708/2921/2708
f 2678/2883/2678 2676/2881/2676 2710/2923/2710
f 2711/2924/2711 2712/2925/2712 2713/2926/2713 2714/2927/2714
f 2712/2925/2712 2715/2928/2715 2716/2929/2716 2713/2926/2713
f 2715/2928/2715 2717/2930/2717 2718/2931/2718 2716/2929/2716
f 2714/2927/2714 2713/2926/2713 2719/2932/2719 2720/2933/2720
f 2713/2926/2713 2716/2929/2716 2721/2934/2721 2719/2932/2719
f 2716/2929/2716 2718/2931/2718 2722/2935/2722 2721/2934/2721
f 2720/2933/2720 2719/2932/2719 2723/2936/2723 2724/2937/2724
f 2719/2932/2719 2721/2934/2721 2725/2938/2725 2723/2936/2723
f 2721/2934/2721 2722/2935/2722 2726/2939/2726 2725/2938/2725
f 2644/2846/2644 2711/2924/2711 2714/2927/2714 2645/2847/2645
f 2645/2847/2645 2714/2927/2714 2720/2933/2720 2647/2849/2647
f 2647/2849/2647 2720/2933/2720 2724/2937/2724 2649/2851/2649
f 2649/2851/2649 2724/2937/2724 2727/2940/2727 2665/2870/2665
f 2724/2937/2724 2723/2936/2723 2728/2941/2728 2727/2940/2727
f 2723/2936/2723 2725/2938/2725 2729/2942/2729 2728/2941/2728
f 2725/2938/2725 2726/2939/2726 2730/2943/2730 2729/2942/2729
f 2010/2172/2010 2731/2944/2731 2732/2945/2732 2733/2946/2733
f 2008/2170/2008 2734/2947/2734 2731/2944/2731 2010/2172/2010
f 2735/2948/2735 2734/2947/2734 2008/2170/2008 2007/2169/2007
f 2731/2944/2731 2736/2949/2736 2737/2950/2737 2732/2945/2732
f 2734/2947/2734 2738/2951/2738 2736/2949/2736 2731/2944/2731
f 2737/2950/2737 2736/2949/2736 2739/2952/2739 2740/2953/2740
f 2736/2949/2736 2738/2951/2738 2741/2954/2741 2739/2952/2739
f 2738/2951/2738 2742/2955/2742 2743/2956/2743 2741/2954/2741
f 2740/2953/2740 2739/2952/2739 2744/2957/2744 2745/2958/2745
f 2739/2952/2739 2741/2954/2741 2746/2959/2746 2744/2957/2744
f 2741/2954/2741 2743/2956/2743 2747/2960/2747 2746/2959/2746
f 2037/2199/2037 2013/2175/2013 2733/2946/2733 2625/2826/2625
f 2737/2950/2737 2629/2830/2629 2627/2828/2627 2732/2945/2732
f 2737/2950/2737 2740/2953/2740 2629/2830/2629
f 2629/2830/2629 2740/2953/2740 2745/2958/2745 2631/2832/2631
f 2631/2832/2631 2745/2958/2745 2711/2924/2711 2644/2846/2644
f 2745/2958/2745 2744/2957/2744 2712/2925/2712 2711/2924/2711
f 2744/2957/2744 2746/2959/2746 2715/2928/2715 2712/2925/2712
f 2746/2959/2746 2747/2960/2747 2717/2930/2717 2715/2928/2715
f 2747/2960/2747 2748/2961/2748 2749/2962/2749 2717/2930/2717
f 2748/2961/2748 2747/2960/2747 2743/2956/2743 2750/2963/2750
f 2750/2963/2750 2743/2956/2743 2742/2955/2742 2751/2964/2751
f 2752/2965/2752 2753/2966/2753 2754/2967/2754 2755/2968/2755
f 2753/2966/2753 2756/2969/2756 2757/2970/2757 2754/2967/2754
f 2756/2969/2756 2758/2971/2758 2759/2972/2759 2757/2970/2757
f 2755/2968/2755 2754/2967/2754 2760/2973/2760 2761/2974/2761
f 2754/2967/2754 2757/2970/2757 2762/2975/2762 2760/2973/2760
f 2757/2970/2757 2759/2972/2759 2763/2976/2763 2762/2975/2762
f 2761/2974/2761 2760/2973/2760 2764/2977/2764 2765/2978/2765
f 2760/2973/2760 2762/2975/2762 2766/2979/2766 2764/2977/2764
f 2762/2975/2762 2763/2976/2763 2767/2980/2767 2766/2979/2766
f 2765/2978/2765 2764/2977/2764 2768/2981/2768 2769/2982/2769
f 2764/2977/2764 2766/2979/2766 2770/2983/2770 2768/2981/2768
f 2766/2979/2766 2771/2984/2771 2770/2983/2770
f 2766/2979/2766 2767/2980/2767 2772/2985/2772 2771/2984/2771
f 2769/2982/2769 2773/2986/2773 2774/2987/2774
f 2768/2981/2768 2775/2988/2775 2773/2986/2773 2769/2982/2769
f 2768/2981/2768 2770/2983/2770 2776/2989/2776 2775/2988/2775
f 2770/2983/2770 2771/2984/2771 2777/2990/2777 2776/2989/2776
f 2771/2984/2771 2772/2985/2772 2778/2991/2778 2777/2990/2777
f 2774/2987/2774 2773/2986/2773 2779/2992/2779 2780/2993/2780
f 2773/2986/2773 2775/2988/2775 2781/2994/2781 2779/2992/2779
f 2775/2988/2775 2776/2989/2776 2782/2995/2782 2781/2994/2781
f 2776/2989/2776 2777/2990/2777 2783/2996/2783 2782/2995/2782
f 2777/2990/2777 2778/2991/2778 2784/2997/2784 2783/2996/2783
f 2780/2993/2780 2779/2992/2779 2785/2998/2785 2786/2999/2786
f 2779/2992/2779 2781/2994/2781 2787/3000/2787 2785/2998/2785
f 2781/2994/2781 2782/2995/2782 2788/3001/2788 2787/3000/2787
f 2782/2995/2782 2783/2996/2783 2789/3002/2789 2788/3001/2788
f 2783/2996/2783 2784/2997/2784 2790/3003/2790 2789/3002/2789
f 2666/2871/2666 2752/2965/2752 2755/2968/2755 2667/2872/2667
f 2667/2872/2667 2755/2968/2755 2761/2974/2761 2670/2875/2670
f 2670/2875/2670 2761/2974/2761 2765/2978/2765 2672/2877/2672
f 2672/2877/2672 2765/2978/2765 2769/2982/2769 2674/2879/2674
f 2674/2879/2674 2769/2982/2769 2774/2987/2774 2676/2881/2676
f 2676/2881/2676 2774/2987/2774 2780/2993/2780 2710/2923/2710
f 2710/2923/2710 2780/2993/2780 2786/2999/2786 2708/2921/2708
f 2708/2921/2708 2786/2999/2786 2791/3004/2791 2709/2922/2709
f 2786/2999/2786 2785/2998/2785 2792/3005/2792 2791/3004/2791
f 2785/2998/2785 2787/3000/2787 2793/3006/2793 2792/3005/2792
f 2787/3000/2787 2788/3001/2788 2794/3007/2794 2793/3006/2793
f 2788/3001/2788 2789/3002/2789 2795/3008/2795 2794/3007/2794
f 2789/3002/2789 2790/3003/2790 2796/3009/2796 2795/3008/2795
f 2790/3003/2790 2797/3010/2797 2798/3011/2798 2796/3009/2796
f 2797/3010/2797 2790/3003/2790 2784/2997/2784 2799/3012/2799
f 2799/3012/2799 2784/2997/2784 2778/2991/2778 2800/3013/2800
f 2800/3013/2800 2778/2991/2778 2772/2985/2772 2801/3014/2801
f 2801/3014/2801 2772/2985/2772 2767/2980/2767 2802/3015/2802
f 2802/3015/2802 2767/2980/2767 2763/2976/2763 2803/3016/2803
f 2803/3016/2803 2763/2976/2763 2759/2972/2759 2804/3017/2804
f 2804/3017/2804 2759/2972/2759 2758/2971/2758 2805/3018/2805
f 2730/2943/2730 2806/3019/2806 2805/3018/2805 2758/2971/2758
f 2758/2971/2758 2756/2969/2756 2729/2942/2729 2730/2943/2730
f 2756/2969/2756 2753/2966/2753 2728/2941/2728 2729/2942/2729
f 2753/2966/2753 2752/2965/2752 2727/2940/2727 2728/2941/2728
f 2752/2965/2752 2666/2871/2666 2665/2870/2665 2727/2940/2727
f 2807/3020/2807 2808/3021/2808 2809/3022/2809
f 2810/3023/2810 2811/3024/2811 2812/3025/2812 2813/3026/2813
f 2813/3026/2813 2812/3025/2812 2814/3027/2814 2815/3028/2815
f 2809/3029/2809 2808/3030/2808 2816/3031/2816 2817/3032/2817
f 2818/3033/2818 2819/3034/2819 2820/3035/2820 2810/3036/2810
f 2818/3033/2818 2810/3036/2810 2813/3037/2813 2821/3038/2821
f 2821/3038/2821 2813/3037/2813 2815/3039/2815 2822/3040/2822
f 2751/2964/2751 2817/3032/2817 2816/3031/2816 2823/3041/2823
f 2824/3042/2824 2823/3041/2823 2816/3031/2816 2819/3034/2819
f 2825/3043/2825 2824/3042/2824 2819/3034/2819 2818/3033/2818
f 2825/3043/2825 2818/3033/2818 2821/3038/2821 2826/3044/2826
f 2826/3044/2826 2821/3038/2821 2822/3040/2822 2827/3045/2827
f 2828/3046/2828 2750/2963/2750 2751/2964/2751 2823/3041/2823
f 2829/3047/2829 2828/3046/2828 2823/3041/2823 2824/3042/2824
f 2829/3047/2829 2824/3042/2824 2825/3043/2825 2830/3048/2830
f 2830/3048/2830 2825/3043/2825 2826/3044/2826 2831/3049/2831
f 2831/3049/2831 2826/3044/2826 2827/3045/2827 2832/3050/2832
f 2829/3047/2829 2833/3051/2833 2834/3052/2834 2828/3046/2828
f 2835/3053/2835 2833/3051/2833 2829/3047/2829 2830/3048/2830
f 2835/3053/2835 2830/3048/2830 2831/3049/2831 2836/3054/2836
f 2836/3054/2836 2831/3049/2831 2832/3050/2832 2837/3055/2837
f 2834/3052/2834 2748/2961/2748 2750/2963/2750 2828/3046/2828
f 2838/3056/2838 2839/3057/2839 2834/3052/2834 2833/3051/2833
f 2840/3058/2840 2835/3053/2835 2836/3054/2836 2841/3059/2841
f 2836/3054/2836 2837/3055/2837 2842/3060/2842 2841/3059/2841
f 2843/3061/2843 2844/3062/2844 2845/3063/2845 2846/3064/2846
f 2847/3065/2847 2848/3066/2848 2849/3067/2849 2850/3068/2850
f 2837/3055/2837 2832/3050/2832 2851/3069/2851 2852/3070/2852
f 2832/3050/2832 2827/3045/2827 2853/3071/2853 2851/3069/2851
f 2827/3045/2827 2822/3040/2822 2854/3072/2854 2853/3071/2853
f 2822/3040/2822 2815/3039/2815 2855/3073/2855 2854/3072/2854
f 2815/3028/2815 2814/3027/2814 2856/3074/2856 2855/3075/2855
f 2856/3074/2856 2814/3027/2814 2857/3076/2857
f 2814/3027/2814 2812/3025/2812 2858/3077/2858 2857/3076/2857
f 2812/3025/2812 2811/3024/2811 2858/3077/2858
f 2807/3020/2807 2859/3078/2859 2860/3079/2860
f 2861/3080/2861 2862/3081/2862 2863/3082/2863 2864/3083/2864
f 2865/3084/2865 2866/3085/2866 2861/3080/2861 2867/3086/2867
f 2868/3087/2868 2869/3088/2869 2865/3084/2865 2870/3089/2870
f 2871/3090/2871 2846/3064/2846 2845/3063/2845 2870/3089/2870
f 2872/3091/2872 2806/3019/2806 2873/3092/2873 2866/3085/2866
f 2874/3093/2874 2872/3091/2872 2869/3088/2869 2875/3094/2875
f 2869/3088/2869 2868/3087/2868 2876/3095/2876 2875/3094/2875
f 2874/3093/2874 2805/3018/2805 2806/3019/2806 2872/3091/2872
f 2874/3093/2874 2875/3094/2875 2877/3096/2877 2878/3097/2878
f 2877/3096/2877 2875/3094/2875 2876/3095/2876 2879/3098/2879
f 2876/3095/2876 2880/3099/2880 2881/3100/2881 2879/3098/2879
f 2882/3101/2882 2881/3100/2881 2880/3099/2880 2883/3102/2883
f 2862/3081/2862 2722/2935/2722 2718/2931/2718 2863/3082/2863
f 2873/3092/2873 2726/2939/2726 2722/2935/2722 2862/3081/2862
f 2806/3019/2806 2730/2943/2730 2726/2939/2726 2873/3092/2873
f 2874/3093/2874 2878/3097/2878 2804/3017/2804 2805/3018/2805
f 2803/3016/2803 2878/3097/2878 2877/3096/2877 2802/3015/2802
f 2877/3096/2877 2879/3098/2879 2801/3014/2801 2802/3015/2802
f 2801/3014/2801 2879/3098/2879 2881/3100/2881 2800/3013/2800
f 2800/3013/2800 2881/3100/2881 2882/3101/2882 2799/3012/2799
f 2882/3101/2882 2884/3103/2884 2797/3010/2797 2799/3012/2799
f 2882/3101/2882 2883/3102/2883 2885/3104/2885 2884/3103/2884
f 2886/3105/2886 2887/3106/2887 2888/3107/2888 2889/3108/2889
f 2887/3106/2887 2890/3109/2890 2891/3110/2891 2888/3107/2888
f 2891/3110/2891 2890/3109/2890 2892/3111/2892 2893/3112/2893
f 2889/3108/2889 2888/3107/2888 2894/3113/2894 2895/3114/2895
f 2888/3107/2888 2891/3110/2891 2896/3115/2896 2894/3113/2894
f 2891/3110/2891 2893/3112/2893 2897/3116/2897 2896/3115/2896
f 2895/3114/2895 2894/3113/2894 2898/3117/2898 2899/3118/2899
f 2894/3113/2894 2896/3115/2896 2900/3119/2900 2898/3117/2898
f 2896/3115/2896 2897/3116/2897 2901/3120/2901 2900/3119/2900
f 2898/3117/2898 2900/3119/2900 2902/3121/2902 2903/3122/2903
f 2900/3119/2900 2901/3120/2901 2904/3123/2904 2902/3121/2902
f 2903/3122/2903 2902/3121/2902 2905/3124/2905 2906/3125/2906
f 2902/3121/2902 2904/3123/2904 2907/3126/2907 2905/3124/2905
f 2908/3127/2908 2906/3125/2906 2909/3128/2909 2910/3129/2910
f 2906/3125/2906 2905/3124/2905 2911/3130/2911 2909/3128/2909
f 2905/3124/2905 2907/3126/2907 2912/3131/2912 2911/3130/2911
f 2798/3011/2798 2913/3132/2913 2886/3105/2886
f 2792/3005/2792 2908/3127/2908 2910/3129/2910 2791/3004/2791
f 2791/3004/2791 2910/3129/2910 2914/3133/2914 2709/2922/2709
f 2910/3129/2910 2909/3128/2909 2915/3134/2915 2914/3133/2914
f 2909/3128/2909 2911/3130/2911 2916/3135/2916 2915/3134/2915
f 2911/3130/2911 2912/3131/2912 2917/3136/2917 2916/3135/2916
f 2912/3131/2912 2918/3137/2918 2919/3138/2919 2917/3136/2917
f 2918/3137/2918 2912/3131/2912 2907/3126/2907 2920/3139/2920
f 2920/3139/2920 2907/3126/2907 2904/3123/2904 2921/3140/2921
f 2921/3140/2921 2904/3123/2904 2901/3120/2901 2922/3141/2922
f 2922/3141/2922 2901/3120/2901 2897/3116/2897 2923/3142/2923
f 2923/3142/2923 2897/3116/2897 2893/3112/2893 2924/3143/2924
f 2893/3112/2893 2892/3111/2892 2925/3144/2925 2924/3143/2924
f 2926/3145/2926 2927/3146/2927 2928/3147/2928 2929/3148/2929
f 2930/3149/2930 2931/3150/2931 2932/3151/2932 2925/3144/2925
f 2931/3150/2931 2933/3152/2933 2934/3153/2934 2932/3151/2932
f 2933/3152/2933 2935/3154/2935 2936/3155/2936 2934/3153/2934
f 2925/3144/2925 2932/3151/2932 2937/3156/2937 2924/3143/2924
f 2932/3151/2932 2934/3153/2934 2938/3157/2938 2937/3156/2937
f 2934/3153/2934 2936/3155/2936 2939/3158/2939 2938/3157/2938
f 2924/3143/2924 2937/3156/2937 2940/3159/2940 2923/3142/2923
f 2937/3156/2937 2938/3157/2938 2941/3160/2941 2940/3159/2940
f 2938/3157/2938 2939/3158/2939 2942/3161/2942 2941/3160/2941
f 2923/3142/2923 2940/3159/2940 2943/3162/2943 2922/3141/2922
f 2940/3159/2940 2941/3160/2941 2944/3163/2944 2943/3162/2943
f 2941/3160/2941 2942/3161/2942 2945/3164/2945 2944/3163/2944
f 2922/3141/2922 2943/3162/2943 2946/3165/2946 2921/3140/2921
f 2943/3162/2943 2944/3163/2944 2947/3166/2947 2946/3165/2946
f 2944/3163/2944 2945/3164/2945 2948/3167/2948 2947/3166/2947
f 2921/3140/2921 2946/3165/2946 2949/3168/2949 2920/3139/2920
f 2946/3165/2946 2947/3166/2947 2950/3169/2950 2949/3168/2949
f 2947/3166/2947 2948/3167/2948 2951/3170/2951 2950/3169/2950
f 2920/3139/2920 2949/3168/2949 2952/3171/2952 2918/3137/2918
f 2949/3168/2949 2950/3169/2950 2953/3172/2953 2952/3171/2952
f 2950/3169/2950 2951/3170/2951 2954/3173/2954 2953/3172/2953
f 2918/3137/2918 2952/3171/2952 2955/3174/2955 2919/3138/2919
f 2952/3171/2952 2953/3172/2953 2956/3175/2956 2955/3174/2955
f 2953/3172/2953 2954/3173/2954 2957/3176/2957 2956/3175/2956
f 2954/3173/2954 2958/3177/2958 2959/3178/2959 2957/3176/2957
f 2958/3177/2958 2954/3173/2954 2951/3170/2951 2960/3179/2960
f 2960/3179/2960 2951/3170/2951 2948/3167/2948 2961/3180/2961
f 2961/3180/2961 2948/3167/2948 2945/3164/2945 2962/3181/2962
f 2962/3181/2962 2945/3164/2945 2942/3161/2942 2963/3182/2963
f 2963/3182/2963 2942/3161/2942 2939/3158/2939 2964/3183/2964
f 2964/3183/2964 2939/3158/2939 2936/3155/2936 2965/3184/2965
f 2965/3184/2965 2936/3155/2936 2935/3154/2935 2966/3185/2966
f 2966/3185/2966 2935/3154/2935 2967/3186/2967 2968/3187/2968
f 2935/3154/2935 2933/3152/2933 2969/3188/2969 2967/3186/2967
f 2933/3152/2933 2931/3150/2931 2970/3189/2970 2969/3188/2969
f 2931/3150/2931 2930/3149/2930 2850/3068/2850 2970/3189/2970
f 2971/3190/2971 2972/3191/2972 2973/3192/2973 2974/3193/2974
f 2972/3191/2972 2975/3194/2975 2976/3195/2976 2973/3192/2973
f 2975/3194/2975 2977/3196/2977 2978/3197/2978 2976/3195/2976
f 2974/3193/2974 2973/3192/2973 2979/3198/2979 2980/3199/2980
f 2973/3192/2973 2976/3195/2976 2981/3200/2981 2979/3198/2979
f 2976/3195/2976 2978/3197/2978 2982/3201/2982 2981/3200/2981
f 2980/3199/2980 2979/3198/2979 2983/3202/2983 2984/3203/2984
f 2979/3198/2979 2981/3200/2981 2985/3204/2985 2983/3202/2983
f 2981/3200/2981 2982/3201/2982 2986/3205/2986 2985/3204/2985
f 2984/3203/2984 2983/3202/2983 2987/3206/2987 2988/3207/2988
f 2983/3202/2983 2985/3204/2985 2989/3208/2989 2987/3206/2987
f 2985/3204/2985 2986/3205/2986 2990/3209/2990 2989/3208/2989
f 2988/3207/2988 2987/3206/2987 2991/3210/2991 2992/3211/2992
f 2987/3206/2987 2989/3208/2989 2993/3212/2993 2991/3210/2991
f 2989/3208/2989 2990/3209/2990 2994/3213/2994 2993/3212/2993
f 2992/3211/2992 2991/3210/2991 2995/3214/2995 2996/3215/2996
f 2991/3210/2991 2993/3212/2993 2997/3216/2997 2995/3214/2995
f 2993/3212/2993 2994/3213/2994 2998/3217/2998 2997/3216/2997
f 2996/3218/2996 2995/3219/2995 2999/3220/2999 3000/3221/3000
f 2995/3219/2995 2997/3222/2997 3001/3223/3001 2999/3220/2999
f 2997/3222/2997 2998/3224/2998 3002/3225/3002 3001/3223/3001
f 3000/3221/3000 2999/3220/2999 3003/3226/3003 2579/2780/2579
f 2999/3220/2999 3001/3223/3001 3004/3227/3004 3003/3226/3003
f 3001/3223/3001 3002/3225/3002 3005/3228/3005 3004/3227/3004
f 3002/3225/3002 3006/3229/3006 3007/3230/3007 3005/3228/3005
f 3006/3229/3006 3002/3225/3002 2998/3224/2998 3008/3231/3008
f 3008/3232/3008 2998/3217/2998 2994/3213/2994 3009/3233/3009
f 3009/3233/3009 2994/3213/2994 2990/3209/2990 3010/3234/3010
f 3010/3234/3010 2990/3209/2990 2986/3205/2986 3011/3235/3011
f 3011/3235/3011 2986/3205/2986 2982/3201/2982 3012/3236/3012
f 3012/3236/3012 2982/3201/2982 2978/3197/2978 3013/3237/3013
f 3013/3237/3013 2978/3197/2978 2977/3196/2977 3014/3238/3014
f 3014/3238/3014 2977/3196/2977 2957/3176/2957 2959/3178/2959
f 2977/3196/2977 2975/3194/2975 2956/3175/2956 2957/3176/2957
f 2975/3194/2975 2972/3191/2972 2955/3174/2955 2956/3175/2956
f 2972/3191/2972 2971/3190/2971 2919/3138/2919 2955/3174/2955
f 3015/3239/3015 3016/3240/3016 3017/3241/3017 3018/3242/3018
f 3016/3240/3016 3019/3243/3019 3020/3244/3020 3017/3241/3017
f 3019/3243/3019 3021/3245/3021 3022/3246/3022 3020/3244/3020
f 3023/3247/3023 3024/3248/3024 3018/3242/3018 3017/3241/3017
f 3017/3241/3017 3020/3244/3020 3025/3249/3025 3023/3247/3023
f 3020/3244/3020 3022/3246/3022 3026/3250/3026 3025/3249/3025
f 3023/3247/3023 3027/3251/3027 3028/3252/3028 3024/3248/3024
f 3029/3253/3029 3027/3251/3027 3023/3247/3023 3025/3249/3025
f 3025/3249/3025 3026/3250/3026 3030/3254/3030 3029/3253/3029
f 3029/3253/3029 3030/3254/3030 3031/3255/3031
f 3032/3256/3032 3033/3257/3033 3028/3252/3028 3027/3251/3027
f 3027/3251/3027 3029/3253/3029 3034/3258/3034 3032/3256/3032
f 3029/3253/3029 3031/3255/3031 3035/3259/3035 3034/3258/3034
f 3036/3260/3036 3037/3261/3037 3033/3257/3033 3032/3256/3032
f 3032/3256/3032 3034/3258/3034 3038/3262/3038 3036/3260/3036
f 3034/3258/3034 3035/3259/3035 3039/3263/3039 3038/3262/3038
f 3040/3264/3040 2616/2817/2616 3037/3265/3037 3036/3266/3036
f 3036/3266/3036 3038/3267/3038 3041/3268/3041 3040/3264/3040
f 3038/3267/3038 3039/3269/3039 3042/3270/3042 3041/3268/3041
f 2707/2920/2707 3015/3239/3015 3018/3242/3018 2706/2919/2706
f 3024/3248/3024 2705/2918/2705 2706/2919/2706 3018/3242/3018
f 3028/3252/3028 2704/2917/2704 2705/2918/2705 3024/3248/3024
f 3033/3257/3033 2703/2915/2703 2704/2917/2704 3028/3252/3028
f 3037/3261/3037 2618/2916/2618 2703/2915/2703 3033/3257/3033
f 3037/3265/3037 2616/2817/2616 2618/2819/2618
f 3040/3264/3040 2615/2816/2615 2616/2817/2616
f 3040/3264/3040 3041/3268/3041 2614/2815/2614 2615/2816/2615
f 3041/3268/3041 3042/3270/3042 2613/2814/2613 2614/2815/2614
f 3042/3270/3042 3000/3221/3000 2579/2780/2579 2613/2814/2613
f 3000/3221/3000 3042/3270/3042 3039/3269/3039 2996/3218/2996
f 2996/3215/2996 3039/3263/3039 3035/3259/3035 2992/3211/2992
f 2992/3211/2992 3035/3259/3035 3031/3255/3031 2988/3207/2988
f 2988/3207/2988 3031/3255/3031 3030/3254/3030 2984/3203/2984
f 2984/3203/2984 3030/3254/3030 3026/3250/3026 2980/3199/2980
f 2980/3199/2980 3026/3250/3026 3022/3246/3022 2974/3193/2974
f 2974/3193/2974 3022/3246/3022 3021/3245/3021 2971/3190/2971
f 2971/3190/2971 3021/3245/3021 2917/3136/2917 2919/3138/2919
f 3021/3245/3021 3019/3243/3019 2916/3135/2916 2917/3136/2917
f 3019/3243/3019 3016/3240/3016 2915/3134/2915 2916/3135/2916
f 3016/3240/3016 3015/3239/3015 2914/3133/2914 2915/3134/2915
f 3015/3239/3015 2707/2920/2707 2709/2922/2709 2914/3133/2914
f 3043/3271/3043 3044/3272/3044 3045/3273/3045 3046/3274/3046
f 3044/3272/3044 3047/3275/3047 3048/3276/3048 3045/3273/3045
f 3047/3275/3047 3049/3277/3049 3050/3278/3050 3048/3276/3048
f 3049/3277/3049 3051/3279/3051 3052/3280/3052 3050/3278/3050
f 3051/3279/3051 3053/3281/3053 3054/3282/3054 3052/3280/3052
f 3053/3281/3053 3055/3283/3055 3056/3284/3056 3054/3282/3054
f 3055/3283/3055 3057/3285/3057 3058/3286/3058 3056/3284/3056
f 3046/3274/3046 3045/3273/3045 3059/3287/3059 3060/3288/3060
f 3045/3273/3045 3048/3276/3048 3061/3289/3061 3059/3287/3059
f 3048/3276/3048 3050/3278/3050 3062/3290/3062 3061/3289/3061
f 3050/3278/3050 3052/3280/3052 3063/3291/3063 3062/3290/3062
f 3052/3280/3052 3054/3282/3054 3064/3292/3064 3063/3291/3063
f 3054/3282/3054 3056/3284/3056 3065/3293/3065 3064/3292/3064
f 3058/3286/3058 3066/3294/3066 3067/3295/3067 3068/3296/3068
f 3060/3288/3060 3059/3287/3059 3069/3297/3069 3070/3298/3070
f 3059/3287/3059 3061/3289/3061 3071/3299/3071 3069/3297/3069
f 3061/3289/3061 3062/3290/3062 3072/3300/3072 3071/3299/3071
f 3062/3290/3062 3063/3291/3063 3073/3301/3073 3072/3300/3072
f 3063/3291/3063 3064/3292/3064 3074/3302/3074 3073/3301/3073
f 3064/3292/3064 3065/3293/3065 3075/3303/3075 3074/3302/3074
f 3068/3296/3068 3067/3295/3067 3076/3304/3076 3077/3305/3077
f 3070/3298/3070 3069/3297/3069 3078/3306/3078 3079/3307/3079
f 3069/3297/3069 3071/3299/3071 3080/3308/3080 3078/3306/3078
f 3071/3299/3071 3072/3300/3072 3081/3309/3081 3080/3308/3080
f 3072/3300/3072 3073/3301/3073 3082/3310/3082 3081/3309/3081
f 3073/3301/3073 3074/3302/3074 3083/3311/3083 3082/3310/3082
f 3074/3302/3074 3075/3303/3075 3084/3312/3084 3083/3311/3083
f 3077/3305/3077 3076/3304/3076 3085/3313/3085 3086/3314/3086
f 3079/3307/3079 3078/3306/3078 3087/3315/3087 3088/3316/3088
f 3078/3306/3078 3080/3308/3080 3089/3317/3089 3087/3315/3087
f 3080/3308/3080 3081/3309/3081 3090/3318/3090 3089/3317/3089
f 3081/3309/3081 3082/3310/3082 3091/3319/3091 3090/3318/3090
f 3082/3310/3082 3083/3311/3083 3092/3320/3092 3091/3319/3091
f 3083/3311/3083 3084/3312/3084 3093/3321/3093 3092/3320/3092
f 3086/3314/3086 3085/3313/3085 3094/3322/3094 3095/3323/3095
f 3088/3316/3088 3087/3315/3087 3096/3324/3096 3097/3325/3097
f 3087/3315/3087 3089/3317/3089 3098/3326/3098 3096/3324/3096
f 3089/3317/3089 3090/3318/3090 3099/3327/3099 3098/3326/3098
f 3090/3318/3090 3091/3319/3091 3100/3328/3100 3099/3327/3099
f 3091/3319/3091 3092/3320/3092 3101/3329/3101 3100/3328/3100
f 3092/3320/3092 3093/3321/3093 3102/3330/3102 3101/3329/3101
f 3095/3323/3095 3094/3322/3094 3103/3331/3103 3104/3332/3104
f 3105/3333/3105 3106/3334/3106 3107/3335/3107 3108/3336/3108
f 3096/3324/3096 3098/3326/3098 3109/3337/3109 3105/3333/3105
f 3098/3326/3098 3099/3327/3099 3110/3338/3110 3109/3337/3109
f 3099/3327/3099 3100/3328/3100 3111/3339/3111 3110/3338/3110
f 3100/3328/3100 3101/3329/3101 3112/3340/3112 3111/3339/3111
f 3101/3329/3101 3102/3330/3102 3113/3341/3113 3112/3340/3112
f 3114/3342/3114 3115/3343/3115 3116/3344/3116 3117/3345/3117
f 3118/3346/3118 3119/3347/3119 3120/3348/3120 3121/3349/3121
f 3121/3349/3121 3120/3348/3120 3122/3350/3122 3123/3351/3123
f 3123/3351/3123 3122/3350/3122 3124/3352/3124 3125/3353/3125
f 3125/3353/3125 3124/3352/3124 3126/3354/3126 3127/3355/3127
f 3127/3355/3127 3126/3354/3126 3128/3356/3128 3129/3357/3129
f 3129/3357/3129 3128/3356/3128 3130/3358/3130 3131/3359/3131
f 3131/3359/3131 3130/3358/3130 3132/3360/3132 3133/3361/3133
f 3106/3334/3106 3134/3362/3134 3135/3363/3135 3136/3364/3136
f 3134/3362/3134 3137/3365/3137 3138/3366/3138 3135/3363/3135
f 3137/3365/3137 3139/3367/3139 3140/3368/3140 3138/3366/3138
f 3139/3367/3139 3141/3369/3141 3142/3370/3142 3140/3368/3140
f 3141/3369/3141 3143/3371/3143 3144/3372/3144 3142/3370/3142
f 3117/3345/3117 3145/3373/3145 3144/3372/3144 3143/3371/3143
f 3146/3374/3146 3116/3344/3116 3115/3343/3115 3147/3375/3147
f 3148/3376/3148 3103/3331/3103 3094/3322/3094 3149/3377/3149
f 3149/3377/3149 3094/3322/3094 3085/3313/3085 3150/3378/3150
f 3150/3378/3150 3085/3313/3085 3076/3304/3076 3151/3379/3151
f 3151/3379/3151 3076/3304/3076 3067/3295/3067 3152/3380/3152
f 3152/3380/3152 3067/3295/3067 3066/3294/3066 3153/3381/3153
f 3153/3381/3153 3066/3294/3066 3154/3382/3154 3155/3383/3155
f 3155/3383/3155 3154/3382/3154 3156/3384/3156 3157/3385/3157
f 3057/3285/3057 3055/3283/3055 3158/3386/3158 3159/3387/3159
f 3055/3283/3055 3053/3281/3053 3160/3388/3160 3158/3386/3158
f 3053/3281/3053 3051/3279/3051 3161/3389/3161 3160/3388/3160
f 3051/3279/3051 3049/3277/3049 3162/3390/3162 3161/3389/3161
f 3049/3277/3049 3047/3275/3047 3163/3391/3163 3162/3390/3162
f 3047/3275/3047 3044/3272/3044 3164/3392/3164 3163/3391/3163
f 3044/3272/3044 3043/3271/3043 3165/3393/3165 3164/3392/3164
f 3119/3347/3119 3118/3346/3118 3166/3394/3166 3167/3395/3167
f 3168/3396/3168 3169/3397/3169 3170/3398/3170 3171/3399/3171
f 3169/3397/3169 3172/3400/3172 3173/3401/3173 3170/3398/3170
f 3172/3400/3172 3174/3402/3174 3175/3403/3175 3173/3401/3173
f 3174/3402/3174 3176/3404/3176 3177/3405/3177 3175/3403/3175
f 3176/3404/3176 3178/3406/3178 3179/3407/3179 3177/3405/3177
f 3178/3406/3178 3180/3408/3180 3181/3409/3181 3179/3407/3179
f 3171/3399/3171 3170/3398/3170 3182/3410/3182 3183/3411/3183
f 3170/3398/3170 3173/3401/3173 3184/3412/3184 3182/3410/3182
f 3173/3401/3173 3175/3403/3175 3185/3413/3185 3184/3412/3184
f 3175/3403/3175 3177/3405/3177 3186/3414/3186 3185/3413/3185
f 3177/3405/3177 3179/3407/3179 3187/3415/3187 3186/3414/3186
f 3181/3409/3181 3188/3416/3188 3189/3417/3189 3190/3418/3190
f 3183/3411/3183 3191/3419/3191 3192/3420/3192
f 3183/3411/3183 3182/3410/3182 3193/3421/3193 3191/3419/3191
f 3182/3410/3182 3184/3412/3184 3194/3422/3194 3193/3421/3193
f 3184/3412/3184 3185/3413/3185 3195/3423/3195 3194/3422/3194
f 3185/3413/3185 3186/3414/3186 3196/3424/3196 3195/3423/3195
f 3186/3414/3186 3187/3415/3187 3197/3425/3197 3196/3424/3196
f 3190/3418/3190 3189/3417/3189 3198/3426/3198 3199/3427/3199
f 3192/3420/3192 3191/3419/3191 3200/3428/3200 3201/3429/3201
f 3191/3419/3191 3193/3421/3193 3202/3430/3202 3200/3428/3200
f 3193/3421/3193 3194/3422/3194 3203/3431/3203 3202/3430/3202
f 3194/3422/3194 3195/3423/3195 3204/3432/3204 3203/3431/3203
f 3195/3423/3195 3196/3424/3196 3205/3433/3205 3204/3432/3204
f 3196/3424/3196 3197/3425/3197 3206/3434/3206 3205/3433/3205
f 3199/3427/3199 3198/3426/3198 3207/3435/3207 3208/3436/3208
f 3201/3429/3201 3200/3428/3200 3209/3437/3209 3210/3438/3210
f 3200/3428/3200 3202/3430/3202 3211/3439/3211 3209/3437/3209
f 3202/3430/3202 3203/3431/3203 3212/3440/3212 3211/3439/3211
f 3203/3431/3203 3204/3432/3204 3213/3441/3213 3212/3440/3212
f 3204/3432/3204 3205/3433/3205 3214/3442/3214 3213/3441/3213
f 3205/3433/3205 3206/3434/3206 3215/3443/3215 3214/3442/3214
f 3208/3436/3208 3207/3435/3207 3216/3444/3216 3217/3445/3217
f 3210/3438/3210 3209/3437/3209 3218/3446/3218 3219/3447/3219
f 3209/3437/3209 3211/3439/3211 3220/3448/3220 3218/3446/3218
f 3211/3439/3211 3212/3440/3212 3221/3449/3221 3220/3448/3220
f 3212/3440/3212 3213/3441/3213 3222/3450/3222 3221/3449/3221
f 3213/3441/3213 3214/3442/3214 3223/3451/3223 3222/3450/3222
f 3214/3442/3214 3215/3443/3215 3224/3452/3224 3223/3451/3223
f 3217/3445/3217 3216/3444/3216 3225/3453/3225 3226/3454/3226
f 3219/3447/3219 3218/3446/3218 3227/3455/3227 3228/3456/3228
f 3218/3446/3218 3220/3448/3220 3229/3457/3229 3227/3455/3227
f 3220/3448/3220 3221/3449/3221 3230/3458/3230 3229/3457/3229
f 3221/3449/3221 3222/3450/3222 3231/3459/3231 3230/3458/3230
f 3222/3450/3222 3223/3451/3223 3232/3460/3232 3231/3459/3231
f 3223/3451/3223 3224/3452/3224 3233/3461/3233 3232/3460/3232
f 3226/3454/3226 3225/3453/3225 3234/3462/3234 3235/3463/3235
f 3236/3464/3236 3237/3465/3237 3238/3466/3238 3239/3467/3239
f 3239/3467/3239 3238/3466/3238 3240/3468/3240 3241/3469/3241
f 3241/3469/3241 3240/3468/3240 3242/3470/3242 3243/3471/3243
f 3243/3471/3243 3242/3470/3242 3244/3472/3244 3245/3473/3245
f 3245/3473/3245 3244/3472/3244 3246/3474/3246 3247/3475/3247
f 3247/3475/3247 3246/3474/3246 3248/3476/3248 3249/3477/3249
f 3249/3477/3249 3248/3476/3248 3250/3478/3250 3251/3479/3251
f 3251/3479/3251 3250/3478/3250 3167/3395/3167 3166/3394/3166
f 3228/3456/3228 3227/3455/3227 3164/3392/3164 3165/3393/3165
f 3227/3455/3227 3229/3457/3229 3163/3391/3163 3164/3392/3164
f 3229/3457/3229 3230/3458/3230 3162/3390/3162 3163/3391/3163
f 3230/3458/3230 3231/3459/3231 3161/3389/3161 3162/3390/3162
f 3231/3459/3231 3232/3460/3232 3160/3388/3160 3161/3389/3161
f 3232/3460/3232 3233/3461/3233 3158/3386/3158 3160/3388/3160
f 3233/3461/3233 3235/3463/3235 3159/3387/3159 3158/3386/3158
f 3234/3462/3234 3252/3480/3252 3157/3385/3157 3156/3384/3156
f 3252/3480/3252 3234/3462/3234 3225/3453/3225 3253/3481/3253
f 3253/3481/3253 3225/3453/3225 3216/3444/3216 3254/3482/3254
f 3254/3482/3254 3216/3444/3216 3207/3435/3207 3255/3483/3255
f 3255/3483/3255 3207/3435/3207 3198/3426/3198 3256/3484/3256
f 3256/3484/3256 3198/3426/3198 3189/3417/3189 3257/3485/3257
f 3257/3485/3257 3189/3417/3189 3188/3416/3188 3258/3486/3258
f 3258/3486/3258 3188/3416/3188 3259/3487/3259 3260/3488/3260
f 3260/3488/3260 3259/3487/3259 3261/3489/3261 3262/3490/3262
f 3180/3408/3180 3178/3406/3178 3263/3491/3263 3264/3492/3264
f 3178/3406/3178 3176/3404/3176 3265/3493/3265 3263/3491/3263
f 3176/3404/3176 3174/3402/3174 3266/3494/3266 3265/3493/3265
f 3174/3402/3174 3172/3400/3172 3267/3495/3267 3266/3494/3266
f 3172/3400/3172 3169/3397/3169 3268/3496/3268 3267/3495/3267
f 3169/3397/3169 3168/3396/3168 3269/3497/3269 3268/3496/3268
f 3237/3465/3237 3236/3464/3236 3270/3498/3270 3271/3499/3271
f 2856/3074/2856 3272/3500/3272 3273/3501/3273 2855/3075/2855
f 3272/3500/3272 3274/3502/3274 3275/3503/3275 3273/3501/3273
f 3274/3502/3274 3276/3504/3276 3277/3505/3277 3275/3503/3275
f 2855/3073/2855 3273/3506/3273 3278/3507/3278 2854/3072/2854
f 3273/3506/3273 3275/3508/3275 3279/3509/3279 3278/3507/3278
f 3275/3508/3275 3277/3510/3277 3280/3511/3280 3279/3509/3279
f 2854/3072/2854 3278/3507/3278 3281/3512/3281 2853/3071/2853
f 3278/3507/3278 3279/3509/3279 3282/3513/3282 3281/3512/3281
f 3279/3509/3279 3280/3511/3280 3283/3514/3283 3282/3513/3282
f 2853/3071/2853 3281/3512/3281 3284/3515/3284 2851/3069/2851
f 3281/3512/3281 3282/3513/3282 3285/3516/3285 3284/3515/3284
f 3282/3513/3282 3283/3514/3283 3286/3517/3286 3285/3516/3285
f 2851/3069/2851 3284/3515/3284 3287/3518/3287 2852/3070/2852
f 3284/3515/3284 3285/3516/3285 3288/3519/3288 3287/3518/3287
f 3285/3516/3285 3286/3517/3286 3289/3520/3289 3288/3519/3288
f 2852/3070/2852 3287/3518/3287 3290/3521/3290 3291/3522/3291
f 3287/3518/3287 3288/3519/3288 3292/3523/3292 3290/3521/3290
f 3288/3519/3288 3289/3520/3289 3293/3524/3293 3292/3523/3292
f 3291/3522/3291 3290/3521/3290 3294/3525/3294 2849/3067/2849
f 3290/3521/3290 3292/3523/3292 3295/3526/3295 3294/3525/3294
f 3292/3523/3292 3293/3524/3293 3296/3527/3296 3295/3526/3295
f 2849/3067/2849 3294/3525/3294 2970/3189/2970 2850/3068/2850
f 3294/3525/3294 3295/3526/3295 2969/3188/2969 2970/3189/2970
f 3295/3526/3295 3296/3527/3296 2967/3186/2967 2969/3188/2969
f 3296/3527/3296 3297/3528/3297 2968/3187/2968 2967/3186/2967
f 3297/3528/3297 3296/3527/3296 3293/3524/3293 3298/3529/3298
f 3298/3529/3298 3293/3524/3293 3289/3520/3289 3299/3530/3299
f 3299/3530/3299 3289/3520/3289 3286/3517/3286 3300/3531/3300
f 3300/3531/3300 3286/3517/3286 3283/3514/3283 3301/3532/3301
f 3301/3532/3301 3283/3514/3283 3280/3511/3280 3302/3533/3302
f 3302/3533/3302 3280/3511/3280 3277/3510/3277 3303/3534/3303
f 3303/3535/3303 3277/3505/3277 3276/3504/3276 3304/3536/3304
f 3304/3536/3304 3276/3504/3276 3305/3537/3305 3306/3538/3306
f 3276/3504/3276 3274/3502/3274 3307/3539/3307 3305/3537/3305
f 3274/3502/3274 3272/3500/3272 3308/3540/3308 3307/3539/3307
f 3272/3500/3272 2856/3074/2856 2857/3076/2857 3308/3540/3308
f 3309/3541/3309 3310/3542/3310 3311/3543/3311 3312/3544/3312
f 3313/3545/3313 3314/3546/3314 3315/3547/3315 3309/3541/3309
f 3314/3546/3314 3316/3548/3316 3317/3549/3317 3315/3547/3315
f 3316/3548/3316 3318/3550/3318 3319/3551/3319 3317/3549/3317
f 3318/3550/3318 3320/3552/3320 3321/3553/3321 3319/3551/3319
f 3310/3542/3310 3322/3554/3322 3323/3555/3323 3324/3556/3324
f 3322/3554/3322 3325/3557/3325 3326/3558/3326 3323/3555/3323
f 3325/3557/3325 3327/3559/3327 3328/3560/3328 3326/3558/3326
f 3327/3559/3327 3329/3561/3329 3330/3562/3330 3328/3560/3328
f 3324/3556/3324 3323/3555/3323 3331/3563/3331 3332/3564/3332
f 3323/3555/3323 3326/3558/3326 3333/3565/3333 3331/3563/3331
f 3326/3558/3326 3328/3560/3328 3334/3566/3334 3333/3565/3333
f 3328/3560/3328 3330/3562/3330 3335/3567/3335 3334/3566/3334
f 3332/3564/3332 3331/3563/3331 3336/3568/3336 3337/3569/3337
f 3331/3563/3331 3333/3565/3333 3338/3570/3338 3336/3568/3336
f 3333/3565/3333 3334/3566/3334 3339/3571/3339 3338/3570/3338
f 3334/3566/3334 3335/3567/3335 3340/3572/3340 3339/3571/3339
f 3337/3569/3337 3336/3568/3336 3341/3573/3341 3342/3574/3342
f 3336/3568/3336 3338/3570/3338 3343/3575/3343 3341/3573/3341
f 3338/3570/3338 3344/3576/3344 3343/3575/3343
f 3338/3570/3338 3339/3571/3339 3345/3577/3345 3344/3576/3344
f 3339/3571/3339 3340/3572/3340 3346/3578/3346 3345/3577/3345
f 3342/3574/3342 3341/3573/3341 3347/3579/3347 3348/3580/3348
f 3341/3573/3341 3343/3575/3343 3349/3581/3349 3347/3579/3347
f 3343/3575/3343 3344/3576/3344 3350/3582/3350 3349/3581/3349
f 3344/3576/3344 3345/3577/3345 3351/3583/3351 3350/3582/3350
f 3345/3577/3345 3346/3578/3346 3352/3584/3352 3351/3583/3351
f 3346/3578/3346 3353/3585/3353 3352/3584/3352
f 3348/3580/3348 3347/3579/3347 3354/3586/3354 3355/3587/3355
f 3347/3579/3347 3349/3581/3349 3356/3588/3356 3354/3586/3354
f 3349/3581/3349 3350/3582/3350 3357/3589/3357 3356/3588/3356
f 3350/3582/3350 3351/3583/3351 3358/3590/3358 3357/3589/3357
f 3351/3583/3351 3352/3584/3352 3359/3591/3359 3358/3590/3358
f 3352/3584/3352 3353/3585/3353 3360/3592/3360 3359/3591/3359
f 3361/3593/3361 3362/3594/3362 3312/3544/3312 3363/3595/3363
f 3364/3596/3364 3311/3543/3311 3365/3597/3365 3366/3598/3366
f 3366/3598/3366 3365/3597/3365 3367/3599/3367 3368/3600/3368
f 3368/3600/3368 3367/3599/3367 3369/3601/3369 3370/3602/3370
f 3370/3602/3370 3369/3601/3369 3371/3603/3371 3372/3604/3372
f 3372/3604/3372 3371/3603/3371 3373/3605/3373 3374/3606/3374
f 3374/3606/3374 3373/3605/3373 3375/3607/3375 3376/3608/3376
f 3376/3608/3376 3375/3607/3375 3271/3499/3271 3270/3498/3270
f 3355/3587/3355 3354/3586/3354 3268/3496/3268 3269/3497/3269
f 3354/3586/3354 3356/3588/3356 3267/3495/3267 3268/3496/3268
f 3356/3588/3356 3357/3589/3357 3266/3494/3266 3267/3495/3267
f 3357/3589/3357 3358/3590/3358 3265/3493/3265 3266/3494/3266
f 3358/3590/3358 3359/3591/3359 3263/3491/3263 3265/3493/3265
f 3359/3591/3359 3360/3592/3360 3264/3492/3264 3263/3491/3263
f 204/204/204 3360/3592/3360 3353/3585/3353 203/203/203
f 203/203/203 3353/3585/3353 3346/3578/3346 202/202/202
f 202/202/202 3346/3578/3346 3340/3572/3340 201/201/201
f 201/201/201 3340/3572/3340 3335/3567/3335 200/200/200
f 200/200/200 3335/3567/3335 3330/3562/3330 198/198/198
f 198/198/198 3330/3562/3330 3329/3561/3329 199/199/199
f 196/196/196 3321/3553/3321 3320/3552/3320 211/211/211
f 211/211/211 3320/3552/3320 3377/3609/3377 212/212/212
f 3320/3552/3320 3318/3550/3318 3378/3610/3378 3377/3609/3377
f 3318/3550/3318 3316/3548/3316 3379/3611/3379 3378/3610/3378
f 3316/3548/3316 3314/3546/3314 3380/3612/3380 3379/3611/3379
f 3313/3545/3313 3381/3613/3381 3380/3612/3380 3314/3546/3314
f 3382/3614/3382 3383/3615/3383 3384/3616/3384 3385/3617/3385
f 3383/3615/3383 3386/3618/3386 3387/3619/3387 3384/3616/3384
f 3386/3618/3386 3388/3620/3388 3389/3621/3389 3387/3619/3387
f 3388/3620/3388 3390/3622/3390 3391/3623/3391 3389/3621/3389
f 3385/3617/3385 3384/3616/3384 3392/3624/3392 3393/3625/3393
f 3384/3616/3384 3387/3619/3387 3394/3626/3394 3392/3624/3392
f 3387/3619/3387 3389/3621/3389 3395/3627/3395 3394/3626/3394
f 3389/3621/3389 3391/3623/3391 3396/3628/3396 3395/3627/3395
f 3393/3625/3393 3392/3624/3392 3397/3629/3397 3398/3630/3398
f 3392/3624/3392 3394/3626/3394 3399/3631/3399 3397/3629/3397
f 3394/3626/3394 3395/3627/3395 3400/3632/3400 3399/3631/3399
f 3395/3627/3395 3396/3628/3396 3401/3633/3401 3400/3632/3400
f 2857/3076/2857 3382/3614/3382 3385/3617/3385 3308/3540/3308
f 3308/3540/3308 3385/3617/3385 3393/3625/3393 3307/3539/3307
f 3307/3539/3307 3393/3625/3393 3398/3630/3398 3305/3537/3305
f 3305/3537/3305 3398/3630/3398 3402/3634/3402 3306/3538/3306
f 3398/3630/3398 3397/3629/3397 3403/3635/3403 3402/3634/3402
f 3397/3629/3397 3399/3631/3399 3404/3636/3404 3403/3635/3403
f 3399/3631/3399 3400/3632/3400 3405/3637/3405 3404/3636/3404
f 3400/3632/3400 3401/3633/3401 3406/3638/3406 3405/3637/3405
f 3401/3633/3401 146/146/146 148/148/148 3406/3638/3406
f 146/146/146 3401/3633/3401 3396/3628/3396 145/145/145
f 145/145/145 3396/3628/3396 3391/3623/3391 144/144/144
f 144/144/144 3391/3623/3391 3390/3622/3390 121/121/121
f 3407/3639/3407 3408/3640/3408 3409/3641/3409 3410/3642/3410
f 3411/3643/3411 3412/3644/3412 3413/3645/3413 3407/3639/3407
f 3412/3644/3412 91/91/91 118/118/118 3413/3645/3413
f 3409/3641/3409 3414/3646/3414 2859/3078/2859 3415/3647/3415
f 3408/3640/3408 3416/3648/3416 3414/3646/3414 3409/3641/3409
f 3407/3639/3407 3413/3645/3413 3417/3649/3417 3408/3640/3408
f 3413/3645/3413 118/118/118 3418/3650/3418 3417/3649/3417
f 3417/3649/3417 3419/3651/3419 3416/3648/3416 3408/3640/3408
f 3417/3649/3417 3418/3650/3418 3420/3652/3420 3419/3651/3419
f 3416/3648/3416 3419/3651/3419 3388/3620/3388 3386/3618/3386
f 3419/3651/3419 3420/3652/3420 3390/3622/3390 3388/3620/3388
f 2858/3077/2858 3421/3653/3421 3382/3614/3382 2857/3076/2857
f 121/121/121 3390/3622/3390 3420/3652/3420 120/120/120
f 120/120/120 3420/3652/3420 3418/3650/3418 119/119/119
f 119/119/119 3418/3650/3418 118/118/118
f 3422/3654/3422 3423/3655/3423 3424/3656/3424
f 3424/3656/3424 3423/3655/3423 3425/3657/3425 3426/3658/3426
f 3423/3655/3423 3427/3659/3427 3428/3660/3428 3425/3657/3425
f 3427/3659/3427 285/285/285 286/286/286 3428/3660/3428
f 3426/3658/3426 3425/3657/3425 3429/3661/3429
f 3429/3661/3429 3425/3657/3425 3430/3662/3430 3431/3663/3431
f 3425/3657/3425 3428/3660/3428 3432/3664/3432 3430/3662/3430
f 3428/3660/3428 286/286/286 287/287/287 3432/3664/3432
f 3431/3663/3431 3430/3662/3430 3433/3665/3433
f 3433/3665/3433 3430/3662/3430 3434/3666/3434 3435/3667/3435
f 3430/3662/3430 3432/3664/3432 3436/3668/3436 3434/3666/3434
f 3432/3664/3432 287/287/287 288/288/288 3436/3668/3436
f 3435/3667/3435 3434/3666/3434 3437/3669/3437 3438/3670/3438
f 3434/3666/3434 3436/3668/3436 3437/3669/3437
f 3439/3671/3439 3422/3654/3422 3424/3656/3424 3440/3672/3440
f 3440/3672/3440 3424/3656/3424 3426/3658/3426 3441/3673/3441
f 3441/3673/3441 3426/3658/3426 3429/3661/3429 3442/3674/3442
f 3442/3674/3442 3429/3661/3429 3431/3663/3431 3443/3675/3443
f 3443/3675/3443 3431/3663/3431 3433/3665/3433 3444/3676/3444
f 3444/3676/3444 3433/3665/3433 3435/3667/3435 3445/3677/3445
f 3445/3677/3445 3435/3667/3435 3438/3670/3438 3446/3678/3446
f 3446/3678/3446 3438/3670/3438 3447/3679/3447 3448/3680/3448
f 3438/3670/3438 3437/3669/3437 3449/3681/3449 3447/3679/3447
f 3437/3669/3437 3436/3668/3436 3450/3682/3450 3449/3681/3449
f 3436/3668/3436 288/288/288 290/290/290 3450/3682/3450
f 285/285/285 3427/3659/3427 257/257/257 258/258/258
f 3427/3659/3427 3423/3655/3423 256/256/256 257/257/257
f 3423/3655/3423 3422/3654/3422 254/254/254 256/256/256
f 3422/3654/3422 3439/3671/3439 255/255/255 254/254/254
f 290/290/290 360/365/360 3451/3683/3451 3452/3684/3452
f 360/365/360 3453/3685/3453 3451/3683/3451
f 360/365/360 361/366/361 3454/3686/3454 3453/3685/3453
f 361/366/361 362/367/362 3455/3687/3455 3454/3686/3454
f 362/367/362 363/368/363 3456/3688/3456 3455/3687/3455
f 363/368/363 3457/3689/3457 3458/3690/3458 3456/3688/3456
f 3457/3689/3457 3459/3691/3459 3460/3692/3460 3458/3690/3458
f 3452/3684/3452 3451/3683/3451 3461/3693/3461 3462/3694/3462
f 3451/3683/3451 3453/3685/3453 3463/3695/3463 3461/3693/3461
f 3453/3685/3453 3454/3686/3454 3464/3696/3464 3463/3695/3463
f 3454/3686/3454 3455/3687/3455 3465/3697/3465 3464/3696/3464
f 3455/3687/3455 3456/3688/3456 3466/3698/3466 3465/3697/3465
f 3456/3688/3456 3458/3690/3458 3467/3699/3467 3466/3698/3466
f 3458/3690/3458 3460/3692/3460 3468/3700/3468 3467/3699/3467
f 3462/3694/3462 3461/3693/3461 3469/3701/3469 3470/3702/3470
f 3461/3693/3461 3463/3695/3463 3471/3703/3471 3469/3701/3469
f 3463/3695/3463 3464/3696/3464 3472/3704/3472 3471/3703/3471
f 3464/3696/3464 3465/3697/3465 3473/3705/3473 3472/3704/3472
f 3465/3697/3465 3466/3698/3466 3474/3706/3474 3473/3705/3473
f 3466/3698/3466 3467/3699/3467 3475/3707/3475 3474/3706/3474
f 3467/3699/3467 3468/3700/3468 3476/3708/3476 3475/3707/3475
f 290/290/290 3452/3684/3452 3450/3682/3450
f 3450/3682/3450 3452/3684/3452 3462/3694/3462 3449/3681/3449
f 3449/3681/3449 3462/3694/3462 3470/3702/3470 3447/3679/3447
f 3447/3679/3447 3470/3702/3470 3477/3709/3477 3448/3680/3448
f 3470/3702/3470 3469/3701/3469 3478/3710/3478 3477/3709/3477
f 3469/3701/3469 3471/3703/3471 3479/3711/3479 3478/3710/3478
f 3471/3703/3471 3472/3704/3472 3480/3712/3480 3479/3711/3479
f 3472/3704/3472 3473/3705/3473 3481/3713/3481 3480/3712/3480
f 3473/3705/3473 3474/3706/3474 3482/3714/3482 3481/3713/3481
f 3474/3706/3474 3475/3707/3475 3483/3715/3483 3482/3714/3482
f 3475/3707/3475 3476/3708/3476 3484/3716/3484 3483/3715/3483
f 3476/3708/3476 3485/3717/3485 3486/3718/3486 3484/3716/3484
f 3485/3717/3485 3476/3708/3476 3468/3700/3468 3487/3719/3487
f 3487/3719/3487 3468/3700/3468 3460/3692/3460 3488/3720/3488
f 3488/3720/3488 3460/3692/3460 3459/3691/3459 399/3721/399
f 2571/2772/2571 2572/2773/2572 3489/3722/3489 3490/3723/3490
f 2572/2773/2572 2573/2774/2573 3491/3724/3491 3489/3722/3489
f 2573/2774/2573 2574/2775/2574 3492/3725/3492 3491/3724/3491
f 2574/2775/2574 2575/2776/2575 3493/3726/3493 3492/3725/3492
f 2575/2776/2575 2576/2777/2576 3494/3727/3494 3493/3726/3493
f 2576/2777/2576 3495/3728/3495 3496/3729/3496 3494/3727/3494
f 3495/3728/3495 2580/2781/2580 3497/3730/3497 3496/3729/3496
f 3490/3723/3490 3489/3722/3489 3498/3731/3498 3499/3732/3499
f 3489/3722/3489 3491/3724/3491 3500/3733/3500 3498/3731/3498
f 3491/3724/3491 3492/3725/3492 3501/3734/3501 3500/3733/3500
f 3492/3725/3492 3493/3726/3493 3502/3735/3502 3501/3734/3501
f 3493/3726/3493 3494/3727/3494 3503/3736/3503 3502/3735/3502
f 3494/3727/3494 3496/3729/3496 3504/3737/3504 3503/3736/3503
f 3496/3729/3496 3497/3730/3497 3505/3738/3505 3504/3737/3504
f 3499/3732/3499 3498/3731/3498 3506/3739/3506 3507/3740/3507
f 3498/3731/3498 3500/3733/3500 3508/3741/3508 3506/3739/3506
f 3500/3733/3500 3501/3734/3501 3509/3742/3509 3508/3741/3508
f 3501/3734/3501 3502/3735/3502 3510/3743/3510 3509/3742/3509
f 3502/3735/3502 3503/3736/3503 3511/3744/3511 3510/3743/3510
f 3503/3736/3503 3504/3737/3504 3512/3745/3512 3511/3744/3511
f 3504/3737/3504 3505/3738/3505 3513/3746/3513 3512/3745/3512
f 399/408/399 2571/2772/2571 3490/3723/3490 3488/3747/3488
f 3488/3747/3488 3490/3723/3490 3499/3732/3499 3487/3748/3487
f 3487/3748/3487 3499/3732/3499 3507/3740/3507 3485/3749/3485
f 3485/3749/3485 3507/3740/3507 3514/3750/3514 3486/3751/3486
f 3507/3740/3507 3506/3739/3506 3515/3752/3515 3514/3750/3514
f 3506/3739/3506 3508/3741/3508 3516/3753/3516 3515/3752/3515
f 3508/3741/3508 3509/3742/3509 3517/3754/3517 3516/3753/3516
f 3509/3742/3509 3510/3743/3510 3518/3755/3518 3517/3754/3517
f 3510/3743/3510 3511/3744/3511 3519/3756/3519 3518/3755/3518
f 3511/3744/3511 3512/3745/3512 3520/3757/3520 3519/3756/3519
f 3512/3745/3512 3513/3746/3513 3521/3758/3521 3520/3757/3520
f 3513/3746/3513 3005/3228/3005 3007/3230/3007 3521/3758/3521
f 3005/3228/3005 3513/3746/3513 3505/3738/3505 3004/3227/3004
f 3004/3227/3004 3505/3738/3505 3497/3730/3497 3003/3226/3003
f 3003/3226/3003 3497/3730/3497 2580/2781/2580 2579/2780/2579
f 374/379/374 3522/3759/3522 3523/3760/3523 373/378/373
f 3522/3759/3522 3524/3761/3524 3525/3762/3525 3523/3760/3523
f 3524/3761/3524 3526/3763/3526 3527/3764/3527 3525/3762/3525
f 373/378/373 3523/3760/3523 3528/3765/3528 372/377/372
f 3523/3760/3523 3525/3762/3525 3529/3766/3529 3528/3765/3528
f 3525/3762/3525 3527/3764/3527 3530/3767/3530 3529/3766/3529
f 372/377/372 3528/3765/3528 3531/3768/3531 370/375/370
f 3528/3765/3528 3529/3766/3529 3532/3769/3532 3531/3768/3531
f 3529/3766/3529 3530/3767/3530 3533/3770/3533 3532/3769/3532
f 370/375/370 3531/3768/3531 3534/3771/3534 371/376/371
f 3531/3768/3531 3532/3769/3532 3535/3772/3535 3534/3771/3534
f 3532/3769/3532 3533/3770/3533 3536/3773/3536 3535/3772/3535
f 371/376/371 3534/3771/3534 3537/3774/3537 3538/3775/3538
f 3534/3771/3534 3535/3772/3535 3539/3776/3539 3537/3774/3537
f 3535/3772/3535 3536/3773/3536 3540/3777/3540 3539/3776/3539
f 3538/3775/3538 3537/3774/3537 3541/3778/3541 3542/3779/3542
f 3537/3774/3537 3539/3776/3539 3543/3780/3543 3541/3778/3541
f 3539/3776/3539 3540/3777/3540 3544/3781/3544 3543/3780/3543
f 3542/3779/3542 3541/3778/3541 3545/3782/3545 368/373/368
f 3541/3778/3541 3543/3780/3543 3546/3783/3546 3545/3782/3545
f 3543/3780/3543 3544/3781/3544 3547/3784/3547 3546/3783/3546
f 368/373/368 3545/3782/3545 3548/3785/3548 369/374/369
f 3545/3782/3545 3546/3783/3546 3549/3786/3549 3548/3785/3548
f 3546/3783/3546 3547/3784/3547 3550/3787/3550 3549/3786/3549
f 3547/3784/3547 3551/3788/3551 3552/3789/3552 3550/3787/3550
f 3551/3788/3551 3547/3784/3547 3544/3781/3544 3553/3790/3553
f 3553/3790/3553 3544/3781/3544 3540/3777/3540 3554/3791/3554
f 3554/3791/3554 3540/3777/3540 3536/3773/3536 3555/3792/3555
f 3555/3792/3555 3536/3773/3536 3533/3770/3533 3556/3793/3556
f 3556/3793/3556 3533/3770/3533 3530/3767/3530 3557/3794/3557
f 3557/3794/3557 3530/3767/3530 3527/3764/3527 3558/3795/3558
f 3558/3795/3558 3527/3764/3527 3526/3763/3526 3559/3796/3559
f 3559/3796/3559 3526/3763/3526 3560/3797/3560 3561/3798/3561
f 3526/3763/3526 3524/3761/3524 3562/3799/3562 3560/3797/3560
f 3524/3761/3524 3522/3759/3522 3563/3800/3563 3562/3799/3562
f 3522/3759/3522 374/379/374 296/296/296 3563/3800/3563
f 3564/3801/3564 3565/3802/3565 3566/3803/3566 3567/3804/3567
f 3565/3802/3565 3568/3805/3568 3569/3806/3569 3566/3803/3566
f 3568/3805/3568 3570/3807/3570 3571/3808/3571 3569/3806/3569
f 3570/3807/3570 3572/3809/3572 3573/3810/3573 3571/3808/3571
f 3572/3809/3572 3574/3811/3574 3575/3812/3575 3573/3810/3573
f 3574/3811/3574 3576/3813/3576 3577/3814/3577 3575/3812/3575
f 3576/3813/3576 3578/3815/3578 3579/3816/3579 3577/3814/3577
f 3567/3804/3567 3566/3803/3566 3580/3817/3580 3581/3818/3581
f 3566/3803/3566 3569/3806/3569 3582/3819/3582 3580/3817/3580
f 3569/3806/3569 3571/3808/3571 3583/3820/3583 3582/3819/3582
f 3571/3808/3571 3573/3810/3573 3584/3821/3584 3583/3820/3583
f 3573/3810/3573 3575/3812/3575 3585/3822/3585 3584/3821/3584
f 3575/3812/3575 3577/3814/3577 3586/3823/3586 3585/3822/3585
f 3577/3814/3577 3579/3816/3579 3587/3824/3587 3586/3823/3586
f 3581/3818/3581 3580/3817/3580 2274/2468/2274 2275/2469/2275
f 3580/3817/3580 3582/3819/3582 2273/2467/2273 2274/2468/2274
f 3582/3819/3582 3583/3820/3583 2272/2466/2272 2273/2467/2273
f 3583/3820/3583 3584/3821/3584 2271/2465/2271 2272/2466/2272
f 3584/3821/3584 3585/3822/3585 2270/2464/2270 2271/2465/2271
f 3585/3822/3585 3586/3823/3586 2269/2462/2269 2270/2464/2270
f 3586/3823/3586 3587/3824/3587 2267/2463/2267 2269/2462/2269
f 3550/3825/3550 3564/3801/3564 3567/3804/3567 3549/3826/3549
f 3549/3826/3549 3567/3804/3567 3581/3818/3581 3548/3827/3548
f 3548/3827/3548 3581/3818/3581 2275/2469/2275 369/420/369
f 2268/2461/2268 2267/2460/2267 3587/3828/3587 3588/3829/3588
f 3588/3829/3588 3587/3828/3587 3579/3830/3579 3589/3831/3589
f 3589/3831/3589 3579/3830/3579 3578/3832/3578 3590/3833/3590
f 3590/3833/3590 3578/3832/3578 3591/3834/3591 3592/3835/3592
f 3578/3815/3578 3576/3813/3576 3593/3836/3593 3591/3837/3591
f 3576/3813/3576 3574/3811/3574 3594/3838/3594 3593/3836/3593
f 3574/3811/3574 3572/3809/3572 3595/3839/3595 3594/3838/3594
f 3572/3809/3572 3570/3807/3570 3596/3840/3596 3595/3839/3595
f 3570/3807/3570 3568/3805/3568 3597/3841/3597 3596/3840/3596
f 3568/3805/3568 3565/3802/3565 3598/3842/3598 3597/3841/3597
f 3565/3802/3565 3564/3801/3564 3599/3843/3599 3598/3842/3598
f 3564/3801/3564 3550/3825/3550 3552/3844/3552 3599/3843/3599
f 295/295/295 297/297/297 3600/3845/3600 3601/3846/3601
f 297/297/297 298/298/298 3602/3847/3602 3600/3845/3600
f 298/298/298 299/299/299 3603/3848/3603 3602/3847/3602
f 299/299/299 300/300/300 3604/3849/3604 3603/3848/3603
f 300/300/300 301/301/301 3605/3850/3605 3604/3849/3604
f 301/301/301 302/302/302 3606/3851/3606 3605/3850/3605
f 3601/3846/3601 3600/3845/3600 3607/3852/3607 3608/3853/3608
f 3600/3845/3600 3602/3847/3602 3609/3854/3609 3607/3852/3607
f 3602/3847/3602 3603/3848/3603 3610/3855/3610 3609/3854/3609
f 3603/3848/3603 3604/3849/3604 3611/3856/3611 3610/3855/3610
f 3604/3849/3604 3605/3850/3605 3612/3857/3612 3611/3856/3611
f 3605/3850/3605 3606/3851/3606 3613/3858/3613 3612/3857/3612
f 3608/3853/3608 3607/3852/3607 3614/3859/3614 3615/3860/3615
f 3607/3852/3607 3609/3854/3609 3616/3861/3616 3614/3859/3614
f 3609/3854/3609 3610/3855/3610 3617/3862/3617 3616/3861/3616
f 3610/3855/3610 3611/3856/3611 3618/3863/3618 3617/3862/3617
f 3611/3856/3611 3612/3857/3612 3619/3864/3619 3618/3863/3618
f 3612/3857/3612 3613/3858/3613 3620/3865/3620 3619/3864/3619
f 3613/3858/3613 3621/3866/3621 3620/3865/3620
f 296/296/296 295/295/295 3601/3846/3601 3563/3800/3563
f 3563/3800/3563 3601/3846/3601 3608/3853/3608 3562/3799/3562
f 3562/3799/3562 3608/3853/3608 3615/3860/3615 3560/3797/3560
f 3560/3797/3560 3615/3860/3615 3622/3867/3622 3561/3798/3561
f 3615/3860/3615 3614/3859/3614 3623/3868/3623 3622/3867/3622
f 3614/3859/3614 3616/3861/3616 3624/3869/3624 3623/3868/3623
f 3616/3861/3616 3617/3862/3617 3625/3870/3625 3624/3869/3624
f 3617/3862/3617 3618/3863/3618 3626/3871/3626 3625/3870/3625
f 3618/3863/3618 3619/3864/3619 3627/3872/3627 3626/3871/3626
f 3619/3864/3619 3620/3865/3620 3628/3873/3628 3627/3872/3627
f 3620/3865/3620 3621/3866/3621 3629/3874/3629 3628/3873/3628
f 3621/3866/3621 262/262/262 263/263/263 3629/3874/3629
f 262/262/262 3621/3866/3621 3613/3858/3613 261/261/261
f 261/261/261 3613/3858/3613 3606/3851/3606 259/259/259
f 259/259/259 3606/3851/3606 302/302/302 260/260/260
f 3630/3875/3630 3631/3876/3631 3632/3877/3632 3633/3878/3633
f 3631/3876/3631 3634/3879/3634 3635/3880/3635 3632/3877/3632
f 3634/3879/3634 3636/3881/3636 3637/3882/3637 3635/3880/3635
f 3636/3881/3636 3638/3883/3638 3639/3884/3639 3637/3882/3637
f 3638/3883/3638 3640/3885/3640 3641/3886/3641 3639/3884/3639
f 3640/3885/3640 3642/3887/3642 3643/3888/3643 3641/3886/3641
f 3632/3877/3632 3635/3880/3635 3644/3889/3644 3645/3890/3645
f 3635/3880/3635 3637/3882/3637 3646/3891/3646 3644/3889/3644
f 3637/3882/3637 3639/3884/3639 3647/3892/3647 3646/3891/3646
f 3639/3884/3639 3641/3886/3641 3648/3893/3648 3647/3892/3647
f 3641/3886/3641 3643/3888/3643 3649/3894/3649 3648/3893/3648
f 3643/3888/3643 3650/3895/3650 3651/3896/3651 3649/3894/3649
f 3645/3890/3645 3644/3889/3644 3652/3897/3652 3653/3898/3653
f 3644/3889/3644 3646/3891/3646 3654/3899/3654 3652/3897/3652
f 3646/3891/3646 3647/3892/3647 3655/3900/3655 3654/3899/3654
f 3647/3892/3647 3648/3893/3648 3656/3901/3656 3655/3900/3655
f 3648/3893/3648 3649/3894/3649 3657/3902/3657 3656/3901/3656
f 3649/3894/3649 3651/3896/3651 3658/3903/3658 3657/3902/3657
f 3653/3898/3653 3652/3897/3652 3659/3904/3659 3660/3905/3660
f 3652/3897/3652 3654/3899/3654 3661/3906/3661 3659/3904/3659
f 3654/3899/3654 3655/3900/3655 3662/3907/3662 3661/3906/3661
f 3655/3900/3655 3656/3901/3656 3663/3908/3663 3662/3907/3662
f 3656/3901/3656 3657/3902/3657 3664/3909/3664 3663/3908/3663
f 3657/3902/3657 3658/3903/3658 3665/3910/3665 3664/3909/3664
f 3660/3905/3660 3659/3904/3659 3666/3911/3666 3667/3912/3667
f 3659/3904/3659 3661/3906/3661 3668/3913/3668 3666/3911/3666
f 3661/3906/3661 3662/3907/3662 3669/3914/3669 3668/3913/3668
f 3662/3907/3662 3663/3908/3663 3670/3915/3670 3669/3914/3669
f 3663/3908/3663 3664/3909/3664 3671/3916/3671 3670/3915/3670
f 3664/3909/3664 3665/3910/3665 3672/3917/3672 3671/3916/3671
f 3667/3912/3667 3666/3911/3666 3673/3918/3673 3674/3919/3674
f 3666/3911/3666 3668/3913/3668 3675/3920/3675 3673/3918/3673
f 3668/3913/3668 3669/3914/3669 3676/3921/3676 3675/3920/3675
f 3669/3914/3669 3670/3915/3670 3677/3922/3677 3676/3921/3676
f 3670/3915/3670 3671/3916/3671 3678/3923/3678 3677/3922/3677
f 3671/3916/3671 3672/3917/3672 3679/3924/3679 3678/3923/3678
f 3674/3919/3674 3673/3918/3673 3680/3925/3680 3681/3926/3681
f 3673/3918/3673 3675/3920/3675 3682/3927/3682 3680/3925/3680
f 3675/3920/3675 3676/3921/3676 3683/3928/3683 3682/3927/3682
f 3676/3921/3676 3677/3922/3677 3684/3929/3684 3683/3928/3683
f 3677/3922/3677 3678/3923/3678 3685/3930/3685 3684/3929/3684
f 3678/3923/3678 3679/3924/3679 3686/3931/3686 3685/3930/3685
f 3687/3932/3687 3630/3875/3630 3633/3878/3633 3688/3933/3688
f 3688/3933/3688 3633/3878/3633 3689/3934/3689 3690/3935/3690
f 3690/3935/3690 3689/3934/3689 3691/3936/3691 3692/3937/3692
f 3692/3937/3692 3691/3936/3691 3693/3938/3693 3694/3939/3694
f 3694/3939/3694 3693/3938/3693 3695/3940/3695 3696/3941/3696
f 3696/3941/3696 3695/3940/3695 3697/3942/3697 3698/3943/3698
f 3698/3943/3698 3697/3942/3697 3699/3944/3699 3700/3945/3700
f 3700/3945/3700 3699/3944/3699 3701/3946/3701 3702/3947/3702
f 3681/3926/3681 3680/3925/3680 3703/3948/3703 3704/3949/3704
f 3680/3925/3680 3682/3927/3682 3705/3950/3705 3703/3948/3703
f 3682/3927/3682 3683/3928/3683 3706/3951/3706 3705/3950/3705
f 3683/3928/3683 3684/3929/3684 3707/3952/3707 3706/3951/3706
f 3684/3929/3684 3685/3930/3685 3708/3953/3708 3707/3952/3707
f 3685/3930/3685 3686/3931/3686 3709/3954/3709 3708/3953/3708
f 3686/3931/3686 3710/3955/3710 3711/3956/3711 3709/3954/3709
f 3710/3955/3710 3686/3931/3686 3679/3924/3679 3712/3957/3712
f 3712/3957/3712 3679/3924/3679 3672/3917/3672 3713/3958/3713
f 3713/3958/3713 3672/3917/3672 3665/3910/3665 3714/3959/3714
f 3714/3959/3714 3665/3910/3665 3658/3903/3658 3715/3960/3715
f 3715/3960/3715 3658/3903/3658 3651/3896/3651 3716/3961/3716
f 3716/3961/3716 3651/3896/3651 3650/3895/3650 3717/3962/3717
f 3717/3962/3717 3650/3895/3650 3718/3963/3718 3719/3964/3719
f 3719/3964/3719 3718/3963/3718 3720/3965/3720 3721/3966/3721
f 3642/3887/3642 3640/3885/3640 3722/3967/3722 3723/3968/3723
f 3640/3885/3640 3638/3883/3638 3724/3969/3724 3722/3967/3722
f 3638/3883/3638 3636/3881/3636 3725/3970/3725 3724/3969/3724
f 3636/3881/3636 3634/3879/3634 3726/3971/3726 3725/3970/3725
f 3634/3879/3634 3631/3876/3631 3727/3972/3727 3726/3971/3726
f 3631/3876/3631 3630/3875/3630 219/219/219 3728/3973/3728
f 3630/3875/3630 3687/3932/3687 3729/3974/3729 219/219/219
f 3730/3975/3730 3731/3976/3731 3732/3977/3732 3733/3978/3733
f 3731/3976/3731 3734/3979/3734 3732/3977/3732
f 3733/3978/3733 3732/3977/3732 3735/3980/3735 3736/3981/3736
f 3732/3977/3732 3734/3979/3734 3737/3982/3737 3735/3980/3735
f 3734/3979/3734 3738/3983/3738 3739/3984/3739 3737/3982/3737
f 3738/3983/3738 3740/3985/3740 3741/3986/3741 3739/3984/3739
f 3740/3985/3740 3742/3987/3742 3743/3988/3743 3741/3986/3741
f 3742/3987/3742 3744/3989/3744 3745/3990/3745 3743/3988/3743
f 3746/3991/3746 3747/3992/3747 3748/3993/3748 3749/3994/3749
f 3736/3981/3736 3735/3980/3735 3750/3995/3750 3751/3996/3751
f 3735/3980/3735 3737/3982/3737 3752/3997/3752 3750/3995/3750
f 3737/3982/3737 3739/3984/3739 3753/3998/3753 3752/3997/3752
f 3739/3984/3739 3741/3986/3741 3754/3999/3754 3753/3998/3753
f 3741/3986/3741 3743/3988/3743 3755/4000/3755 3754/3999/3754
f 3743/3988/3743 3745/3990/3745 3756/4001/3756 3755/4000/3755
f 3749/3994/3749 3748/3993/3748 3757/4002/3757 3758/4003/3758
f 3751/3996/3751 3750/3995/3750 3759/4004/3759
f 3759/4004/3759 3750/3995/3750 3760/4005/3760 3761/4006/3761
f 3750/3995/3750 3752/3997/3752 3762/4007/3762 3760/4005/3760
f 3752/3997/3752 3753/3998/3753 3763/4008/3763 3762/4007/3762
f 3753/3998/3753 3754/3999/3754 3764/4009/3764 3763/4008/3763
f 3754/3999/3754 3755/4000/3755 3765/4010/3765 3764/4009/3764
f 3755/4000/3755 3756/4001/3756 3766/4011/3766 3765/4010/3765
f 3758/4003/3758 3757/4002/3757 3767/4012/3767 3768/4013/3768
f 3761/4006/3761 3760/4005/3760 3769/4014/3769 3770/4015/3770
f 3760/4005/3760 3762/4007/3762 3771/4016/3771 3769/4014/3769
f 3762/4007/3762 3763/4008/3763 3772/4017/3772 3771/4016/3771
f 3763/4008/3763 3764/4009/3764 3773/4018/3773 3772/4017/3772
f 3764/4009/3764 3765/4010/3765 3774/4019/3774 3773/4018/3773
f 3765/4010/3765 3766/4011/3766 3775/4020/3775 3774/4019/3774
f 3768/4013/3768 3767/4012/3767 3776/4021/3776 3777/4022/3777
f 219/219/219 218/218/218 3730/3975/3730 3728/3973/3728
f 3727/3972/3727 3733/3978/3733 3736/3981/3736 3726/3971/3726
f 3726/3971/3726 3736/3981/3736 3751/3996/3751 3725/3970/3725
f 3725/3970/3725 3751/3996/3751 3759/4004/3759 3724/3969/3724
f 3724/3969/3724 3759/4004/3759 3761/4006/3761 3722/3967/3722
f 3722/3967/3722 3761/4006/3761 3770/4015/3770 3723/3968/3723
f 3720/3965/3720 3778/4023/3778 3779/4024/3779 3721/3966/3721
f 3778/4023/3778 3780/4025/3780 3781/4026/3781 3779/4024/3779
f 3780/4025/3780 3782/4027/3782 3783/4028/3783 3781/4026/3781
f 3782/4027/3782 3784/4029/3784 3785/4030/3785 3783/4028/3783
f 3784/4029/3784 3786/4031/3786 3787/4032/3787 3785/4030/3785
f 3786/4031/3786 3788/4033/3788 3789/4034/3789 3787/4032/3787
f 3788/4033/3788 3790/4035/3790 3791/4036/3791 3789/4034/3789
f 3792/4037/3792 3793/4038/3793 3791/4036/3791 3790/4035/3790
f 3794/4039/3794 3776/4021/3776 3767/4012/3767 3795/4040/3795
f 3795/4040/3795 3767/4012/3767 3757/4002/3757 3796/4041/3796
f 3796/4041/3796 3757/4002/3757 3748/3993/3748 3797/4042/3797
f 3797/4042/3797 3748/3993/3748 3747/3992/3747 3798/4043/3798
f 3798/4043/3798 3747/3992/3747 226/226/226 228/228/228
f 3747/3992/3747 3746/3991/3746 227/227/227 226/226/226
f 3744/3989/3744 3742/3987/3742 224/224/224 225/225/225
f 3742/3987/3742 3740/3985/3740 223/223/223 224/224/224
f 3740/3985/3740 3738/3983/3738 222/222/222 223/223/223
f 3738/3983/3738 3734/3979/3734 221/221/221 222/222/222
f 3734/3979/3734 3731/3976/3731 220/220/220 221/221/221
f 3731/3976/3731 3730/3975/3730 218/218/218 220/220/220
f 3799/4044/3799 3800/4045/3800 3801/4046/3801 3802/4047/3802
f 3800/4045/3800 3803/4048/3803 3804/4049/3804 3801/4046/3801
f 3803/4048/3803 3805/4050/3805 3806/4051/3806 3804/4049/3804
f 3805/4050/3805 3807/4052/3807 3808/4053/3808 3806/4051/3806
f 3807/4052/3807 3809/4054/3809 3810/4055/3810 3808/4053/3808
f 3809/4054/3809 3811/4056/3811 3812/4057/3812 3810/4055/3810
f 3811/4056/3811 3813/4058/3813 3814/4059/3814 3812/4057/3812
f 3802/4047/3802 3801/4046/3801 3815/4060/3815 3816/4061/3816
f 3801/4046/3801 3804/4049/3804 3817/4062/3817 3815/4060/3815
f 3804/4049/3804 3806/4051/3806 3818/4063/3818 3817/4062/3817
f 3806/4051/3806 3808/4053/3808 3819/4064/3819 3818/4063/3818
f 3808/4053/3808 3810/4055/3810 3820/4065/3820 3819/4064/3819
f 3810/4055/3810 3812/4057/3812 3821/4066/3821 3820/4065/3820
f 3814/4059/3814 3822/4067/3822 3823/4068/3823 3824/4069/3824
f 3816/4061/3816 3815/4060/3815 3825/4070/3825 3826/4071/3826
f 3815/4060/3815 3817/4062/3817 3827/4072/3827 3825/4070/3825
f 3817/4062/3817 3818/4063/3818 3828/4073/3828 3827/4072/3827
f 3818/4063/3818 3819/4064/3819 3829/4074/3829 3828/4073/3828
f 3819/4064/3819 3820/4065/3820 3830/4075/3830 3829/4074/3829
f 3820/4065/3820 3821/4066/3821 3831/4076/3831 3830/4075/3830
f 3824/4069/3824 3823/4068/3823 3832/4077/3832 3833/4078/3833
f 3826/4071/3826 3825/4070/3825 3834/4079/3834 3835/4080/3835
f 3825/4070/3825 3827/4072/3827 3836/4081/3836 3834/4079/3834
f 3827/4072/3827 3828/4073/3828 3837/4082/3837 3836/4081/3836
f 3828/4073/3828 3829/4074/3829 3838/4083/3838 3837/4082/3837
f 3829/4074/3829 3830/4075/3830 3839/4084/3839 3838/4083/3838
f 3830/4075/3830 3831/4076/3831 3840/4085/3840 3839/4084/3839
f 3833/4078/3833 3832/4077/3832 3841/4086/3841 3842/4087/3842
f 3835/4080/3835 3834/4079/3834 3843/4088/3843 3844/4089/3844
f 3834/4079/3834 3836/4081/3836 3845/4090/3845 3843/4088/3843
f 3836/4081/3836 3837/4082/3837 3846/4091/3846 3845/4090/3845
f 3837/4082/3837 3838/4083/3838 3847/4092/3847 3846/4091/3846
f 3838/4083/3838 3839/4084/3839 3848/4093/3848 3847/4092/3847
f 3839/4084/3839 3840/4085/3840 3849/4094/3849 3848/4093/3848
f 3842/4087/3842 3841/4086/3841 3850/4095/3850 3851/4096/3851
f 3844/4089/3844 3843/4088/3843 3852/4097/3852 3853/4098/3853
f 3843/4088/3843 3845/4090/3845 3854/4099/3854 3852/4097/3852
f 3845/4090/3845 3846/4091/3846 3855/4100/3855 3854/4099/3854
f 3846/4091/3846 3847/4092/3847 3856/4101/3856 3855/4100/3855
f 3847/4092/3847 3848/4093/3848 3857/4102/3857 3856/4101/3856
f 3848/4093/3848 3849/4094/3849 3858/4103/3858 3857/4102/3857
f 3851/4096/3851 3850/4095/3850 3859/4104/3859 3860/4105/3860
f 3709/3954/3709 3799/4044/3799 3802/4047/3802 3708/3953/3708
f 3708/3953/3708 3802/4047/3802 3816/4061/3816 3707/3952/3707
f 3707/3952/3707 3816/4061/3816 3826/4071/3826 3706/3951/3706
f 3706/3951/3706 3826/4071/3826 3835/4080/3835 3705/3950/3705
f 3705/3950/3705 3835/4080/3835 3844/4089/3844 3703/3948/3703
f 3703/3948/3703 3844/4089/3844 3853/4098/3853 3704/3949/3704
f 3701/3946/3701 3861/4106/3861 3862/4107/3862 3702/3947/3702
f 3861/4106/3861 3863/4108/3863 3864/4109/3864 3862/4107/3862
f 3863/4108/3863 3865/4110/3865 3866/4111/3866 3864/4109/3864
f 3865/4110/3865 3867/4112/3867 3868/4113/3868 3866/4111/3866
f 3867/4112/3867 3869/4114/3869 3870/4115/3870 3868/4113/3868
f 3869/4114/3869 3871/4116/3871 3872/4117/3872 3870/4115/3870
f 3871/4116/3871 3873/4118/3873 3874/4119/3874 3872/4117/3872
f 3874/4119/3874 3873/4118/3873 3875/4120/3875 3876/4121/3876
f 3877/4122/3877 3859/4104/3859 3850/4095/3850 3878/4123/3878
f 3878/4123/3878 3850/4095/3850 3841/4086/3841 3879/4124/3879
f 3879/4124/3879 3841/4086/3841 3832/4077/3832 3880/4125/3880
f 3880/4125/3880 3832/4077/3832 3823/4068/3823 3881/4126/3881
f 3881/4126/3881 3823/4068/3823 3822/4067/3822 3882/4127/3882
f 3882/4127/3882 3822/4067/3822 3883/4128/3883
f 3884/4129/3884 3885/4130/3885 3813/4058/3813 3886/4131/3886
f 3811/4056/3811 3809/4054/3809 3887/4132/3887 3888/4133/3888
f 3809/4054/3809 3807/4052/3807 3889/4134/3889 3887/4132/3887
f 3807/4052/3807 3805/4050/3805 3890/4135/3890 3889/4134/3889
f 3805/4050/3805 3803/4048/3803 3891/4136/3891 3890/4135/3890
f 3803/4048/3803 3800/4045/3800 3892/4137/3892 3891/4136/3891
f 3800/4045/3800 3799/4044/3799 3893/4138/3893 3892/4137/3892
f 3799/4044/3799 3709/3954/3709 3711/3956/3711 3893/4138/3893
f 3894/4139/3894 3895/4140/3895 3896/4141/3896 3897/4142/3897
f 3895/4140/3895 3898/4143/3898 3899/4144/3899 3896/4141/3896
f 3898/4143/3898 3900/4145/3900 3901/4146/3901 3899/4144/3899
f 3897/4142/3897 3896/4141/3896 3902/4147/3902 3903/4148/3903
f 3896/4141/3896 3899/4144/3899 3904/4149/3904 3902/4147/3902
f 3901/4146/3901 3905/4150/3905 3904/4149/3904 3899/4144/3899
f 3903/4148/3903 3902/4147/3902 3906/4151/3906 3907/4152/3907
f 3902/4147/3902 3904/4149/3904 3908/4153/3908 3906/4151/3906
f 3904/4149/3904 3905/4150/3905 3909/4154/3909 3908/4153/3908
f 3907/4152/3907 3906/4151/3906 3910/4155/3910 3911/4156/3911
f 3906/4151/3906 3908/4153/3908 3912/4157/3912 3910/4155/3910
f 3908/4153/3908 3909/4154/3909 3913/4158/3913 3912/4157/3912
f 3911/4156/3911 3910/4155/3910 3914/4159/3914 3915/4160/3915
f 3910/4155/3910 3912/4157/3912 3916/4161/3916 3914/4159/3914
f 3912/4157/3912 3913/4158/3913 3917/4162/3917 3916/4161/3916
f 3915/4160/3915 3914/4159/3914 3918/4163/3918 3919/4164/3919
f 3914/4159/3914 3916/4161/3916 3920/4165/3920 3918/4163/3918
f 3916/4161/3916 3917/4162/3917 3921/4166/3921 3920/4165/3920
f 3919/4164/3919 3918/4163/3918 3922/4167/3922 3923/4168/3923
f 3918/4163/3918 3920/4165/3920 3924/4169/3924 3922/4167/3922
f 3920/4165/3920 3921/4166/3921 3925/4170/3925 3924/4169/3924
f 3926/4171/3926 3894/4139/3894 3897/4142/3897 3927/4172/3927
f 3927/4172/3927 3897/4142/3897 3903/4148/3903 3928/4173/3928
f 3928/4173/3928 3903/4148/3903 3907/4152/3907 3929/4174/3929
f 3929/4174/3929 3907/4152/3907 3911/4156/3911 3930/4175/3930
f 3930/4175/3930 3911/4156/3911 3915/4160/3915 3931/4176/3931
f 3931/4176/3931 3915/4160/3915 3919/4164/3919 3932/4177/3932
f 3932/4177/3932 3919/4164/3919 3923/4168/3923 3933/4178/3933
f 3933/4178/3933 3923/4168/3923 3590/3833/3590 3592/3835/3592
f 3923/4168/3923 3922/4167/3922 3589/3831/3589 3590/3833/3590
f 3922/4167/3922 3924/4169/3924 3588/3829/3588 3589/3831/3589
f 3924/4169/3924 3925/4170/3925 2268/2461/2268 3588/3829/3588
f 3900/4145/3900 3898/4143/3898 3934/4179/3934 3935/4180/3935
f 3898/4143/3898 3895/4140/3895 3936/4181/3936 3934/4179/3934
f 3895/4140/3895 3894/4139/3894 3937/4182/3937 3936/4181/3936
f 3894/4139/3894 3926/4171/3926 3938/4183/3938 3937/4182/3937
f 3939/4184/3939 3940/4185/3940 3941/4186/3941 3942/4187/3942
f 3940/4185/3940 3943/4188/3943 3944/4189/3944 3941/4186/3941
f 3943/4188/3943 2391/2585/2391 2392/2586/2392 3944/4189/3944
f 3941/4186/3941 3945/4190/3945 3946/4191/3946 3942/4187/3942
f 3945/4190/3945 3947/4192/3947 3948/4193/3948 3946/4191/3946
f 3944/4189/3944 3949/4194/3949 3945/4190/3945 3941/4186/3941
f 2392/2586/2392 2393/2587/2393 3949/4194/3949 3944/4189/3944
f 3947/4192/3947 3950/4195/3950 3951/4196/3951 3948/4193/3948
f 3950/4195/3950 3952/4197/3952 3953/4198/3953 3951/4196/3951
f 3954/4199/3954 3955/4200/3955 3950/4195/3950 3947/4192/3947
f 2394/2588/2394 2396/2590/2396 3955/4200/3955 3954/4199/3954
f 3955/4200/3955 3956/4201/3956 3952/4197/3952 3950/4195/3950
f 2396/2590/2396 2441/2635/2441 3956/4201/3956 3955/4200/3955
f 3900/4145/3900 3939/4184/3939 3942/4187/3942 3901/4146/3901
f 3946/4191/3946 3905/4150/3905 3901/4146/3901 3942/4187/3942
f 3948/4193/3948 3909/4154/3909 3905/4150/3905 3946/4191/3946
f 3951/4196/3951 3913/4158/3913 3909/4154/3909 3948/4193/3948
f 3953/4198/3953 3917/4162/3917 3913/4158/3913 3951/4196/3951
f 3957/4202/3957 3958/4203/3958 2445/2639/2445 3925/4170/3925
f 2391/2585/2391 3943/4188/3943 3959/4204/3959 2364/2558/2364
f 3943/4188/3943 3940/4185/3940 3960/4205/3960 3959/4204/3959
f 3940/4185/3940 3939/4184/3939 3961/4206/3961 3960/4205/3960
f 3939/4184/3939 3900/4145/3900 3935/4180/3935 3961/4206/3961
f 3962/4207/3962 3963/4208/3963 3964/4209/3964 3965/4210/3965
f 3963/4208/3963 3966/4211/3966 3967/4212/3967 3964/4209/3964
f 3966/4211/3966 3968/4213/3968 3969/4214/3969 3967/4212/3967
f 3970/4215/3970 3971/4216/3971 3969/4214/3969 3968/4213/3968
f 3972/4217/3972 3973/4218/3973 3971/4216/3971 3970/4215/3970
f 3972/4217/3972 3974/4219/3974 3975/4220/3975 3973/4218/3973
f 2338/2532/2338 2337/2531/2337 3975/4220/3975 3974/4219/3974
f 3965/4210/3965 3964/4209/3964 3976/4221/3976 3977/4222/3977
f 3964/4209/3964 3967/4212/3967 3978/4223/3978 3976/4221/3976
f 3967/4212/3967 3969/4214/3969 3979/4224/3979 3978/4223/3978
f 3971/4216/3971 3980/4225/3980 3979/4224/3979 3969/4214/3969
f 3973/4218/3973 3981/4226/3981 3980/4225/3980 3971/4216/3971
f 3975/4220/3975 2339/2533/2339 3981/4226/3981 3973/4218/3973
f 3977/4222/3977 3976/4221/3976 2363/2557/2363 2364/2558/2364
f 3976/4221/3976 3978/4223/3978 2363/2557/2363
f 3978/4223/3978 3979/4224/3979 2362/2556/2362 2363/2557/2363
f 3979/4224/3979 3980/4225/3980 2361/2555/2361 2362/2556/2362
f 3981/4226/3981 2341/2535/2341 2361/2555/2361 3980/4225/3980
f 3981/4226/3981 2339/2533/2339 2341/2535/2341
f 3961/4206/3961 3962/4207/3962 3965/4210/3965 3960/4205/3960
f 3960/4205/3960 3965/4210/3965 3977/4222/3977 3959/4204/3959
f 3959/4204/3959 3977/4222/3977 2364/2558/2364
f 2339/2533/2339 3975/4220/3975 2337/2531/2337
f 2317/2511/2317 2338/2532/2338 3982/4227/3982
f 2338/2532/2338 3974/4219/3974 3983/4228/3983 3982/4227/3982
f 3972/4217/3972 3970/4215/3970 3984/4229/3984 3985/4230/3985
f 3970/4215/3970 3968/4213/3968 3986/4231/3986 3984/4229/3984
f 3968/4213/3968 3966/4211/3966 3987/4232/3987 3986/4231/3986
f 3966/4211/3966 3963/4208/3963 3988/4233/3988 3987/4232/3987
f 3963/4208/3963 3962/4207/3962 3989/4234/3989 3988/4233/3988
f 3962/4207/3962 3961/4206/3961 3935/4180/3935 3989/4234/3989
f 3990/4235/3990 3991/4236/3991 3992/4237/3992 3993/4238/3993
f 3991/4236/3991 3994/4239/3994 3995/4240/3995 3992/4237/3992
f 3994/4239/3994 3996/4241/3996 3997/4242/3997 3995/4240/3995
f 3996/4241/3996 3998/4243/3998 3999/4244/3999 3997/4242/3997
f 3998/4243/3998 4000/4245/4000 4001/4246/4001 3999/4244/3999
f 4000/4245/4000 4002/4247/4002 4003/4248/4003 4001/4246/4001
f 4002/4247/4002 4004/4249/4004 4005/4250/4005 4003/4248/4003
f 3993/4238/3993 3992/4237/3992 4006/4251/4006 4007/4252/4007
f 3992/4237/3992 3995/4240/3995 4008/4253/4008 4006/4251/4006
f 3995/4240/3995 3997/4242/3997 4009/4254/4009 4008/4253/4008
f 3997/4242/3997 3999/4244/3999 4010/4255/4010 4009/4254/4009
f 3999/4244/3999 4001/4246/4001 4011/4256/4011 4010/4255/4010
f 4001/4246/4001 4003/4248/4003 4012/4257/4012 4011/4256/4011
f 4003/4248/4003 4005/4250/4005 4013/4258/4013 4012/4257/4012
f 4007/4252/4007 4006/4251/4006 3988/4233/3988 3989/4234/3989
f 4006/4251/4006 4008/4253/4008 3987/4232/3987 3988/4233/3988
f 4008/4253/4008 4009/4254/4009 3986/4231/3986 3987/4232/3987
f 4009/4254/4009 4010/4255/4010 3984/4229/3984 3986/4231/3986
f 4010/4255/4010 4011/4256/4011 3985/4230/3985 3984/4229/3984
f 4011/4256/4011 4012/4257/4012 3983/4228/3983 3985/4230/3985
f 4012/4257/4012 4013/4258/4013 3982/4227/3982 3983/4228/3983
f 3937/4182/3937 3990/4235/3990 3993/4238/3993 3936/4181/3936
f 3936/4181/3936 3993/4238/3993 4007/4252/4007 3934/4179/3934
f 3934/4179/3934 4007/4252/4007 3989/4234/3989 3935/4180/3935
f 2317/2511/2317 3982/4227/3982 4013/4258/4013 4014/4259/4014
f 4014/4259/4014 4013/4258/4013 4005/4250/4005 4015/4260/4015
f 4015/4260/4015 4005/4250/4005 4004/4249/4004 4016/4261/4016
f 4016/4261/4016 4004/4249/4004 4017/4262/4017 4018/4263/4018
f 4004/4249/4004 4002/4247/4002 4019/4264/4019 4017/4262/4017
f 4002/4247/4002 4000/4245/4000 4020/4265/4020 4019/4264/4019
f 4000/4245/4000 3998/4243/3998 4021/4266/4021 4020/4265/4020
f 3998/4243/3998 3996/4241/3996 4022/4267/4022 4021/4266/4021
f 3996/4241/3996 3994/4239/3994 4023/4268/4023 4022/4267/4022
f 3994/4239/3994 3991/4236/3991 4024/4269/4024 4023/4268/4023
f 3991/4236/3991 3990/4235/3990 4025/4270/4025 4024/4269/4024
f 3990/4235/3990 3937/4182/3937 3938/4183/3938 4025/4270/4025
f 4026/4271/4026 4027/4272/4027 4028/4273/4028 4029/4274/4029
f 4027/4272/4027 4030/4275/4030 4031/4276/4031 4028/4273/4028
f 4030/4275/4030 4032/4277/4032 4033/4278/4033 4031/4276/4031
f 4032/4277/4032 4034/4279/4034 4035/4280/4035 4033/4278/4033
f 4034/4279/4034 4036/4281/4036 4037/4282/4037 4035/4280/4035
f 4036/4281/4036 4038/4283/4038 4039/4284/4039 4037/4282/4037
f 4038/4283/4038 4040/4285/4040 4041/4286/4041 4039/4284/4039
f 4029/4274/4029 4028/4273/4028 4042/4287/4042 4043/4288/4043
f 4028/4273/4028 4031/4276/4031 4044/4289/4044 4042/4287/4042
f 4031/4276/4031 4033/4278/4033 4045/4290/4045 4044/4289/4044
f 4033/4278/4033 4035/4280/4035 4046/4291/4046 4045/4290/4045
f 4035/4280/4035 4037/4282/4037 4047/4292/4047 4046/4291/4046
f 4037/4282/4037 4039/4284/4039 4048/4293/4048 4047/4292/4047
f 4039/4284/4039 4041/4286/4041 4049/4294/4049 4048/4293/4048
f 4043/4288/4043 4042/4287/4042 2314/2508/2314 2315/2509/2315
f 4042/4287/4042 4044/4289/4044 2313/2507/2313 2314/2508/2314
f 4044/4289/4044 4045/4290/4045 2312/2506/2312 2313/2507/2313
f 4045/4290/4045 4046/4291/4046 2311/2505/2311 2312/2506/2312
f 4046/4291/4046 4047/4292/4047 2310/2504/2310 2311/2505/2311
f 4047/4292/4047 4048/4293/4048 2309/2503/2309 2310/2504/2310
f 4048/4293/4048 4049/4294/4049 2308/2502/2308 2309/2503/2309
f 4016/4261/4016 4026/4271/4026 4029/4274/4029 4015/4260/4015
f 4015/4260/4015 4029/4274/4029 4043/4288/4043 4014/4259/4014
f 4014/4259/4014 4043/4288/4043 2315/2509/2315 2317/2511/2317
f 328/328/328 2308/2502/2308 4049/4294/4049 4050/4295/4050
f 4050/4295/4050 4049/4294/4049 4041/4286/4041 4051/4296/4051
f 4051/4296/4051 4041/4286/4041 4040/4285/4040 4052/4297/4052
f 4052/4297/4052 4040/4285/4040 4053/4298/4053 4054/4299/4054
f 4040/4285/4040 4038/4283/4038 4055/4300/4055 4053/4298/4053
f 4038/4283/4038 4036/4281/4036 4056/4301/4056 4055/4300/4055
f 4036/4281/4036 4034/4279/4034 4057/4302/4057 4056/4301/4056
f 4034/4279/4034 4032/4277/4032 4058/4303/4058 4057/4302/4057
f 4032/4277/4032 4030/4275/4030 4059/4304/4059 4058/4303/4058
f 4030/4275/4030 4027/4272/4027 4060/4305/4060 4059/4304/4059
f 4027/4272/4027 4026/4271/4026 4061/4306/4061 4060/4305/4060
f 4026/4271/4026 4016/4261/4016 4018/4263/4018 4061/4306/4061
f 4062/4307/4062 4063/4308/4063 4064/4309/4064 4065/4310/4065
f 4063/4308/4063 4066/4311/4066 4067/4312/4067 4064/4309/4064
f 4066/4311/4066 4068/4313/4068 4069/4314/4069 4067/4312/4067
f 4068/4313/4068 4070/4315/4070 4071/4316/4071 4069/4314/4069
f 4064/4309/4064 4072/4317/4072 4073/4318/4073 4065/4310/4065
f 4064/4309/4064 4067/4312/4067 4074/4319/4074 4072/4317/4072
f 4067/4312/4067 4069/4314/4069 4075/4320/4075 4074/4319/4074
f 4071/4316/4071 4076/4321/4076 4075/4320/4075 4069/4314/4069
f 4072/4317/4072 326/326/326 327/327/327 4073/4318/4073
f 4074/4319/4074 325/325/325 326/326/326 4072/4317/4072
f 4074/4319/4074 4075/4320/4075 323/323/323 325/325/325
f 4075/4320/4075 4076/4321/4076 324/324/324 323/323/323
f 4052/4297/4052 4062/4322/4062 4065/4323/4065 4051/4296/4051
f 4051/4296/4051 4065/4323/4065 4073/4324/4073 4050/4295/4050
f 4050/4295/4050 4073/4324/4073 327/329/327 328/328/328
f 123/123/123 324/324/324 4076/4321/4076 157/157/157
f 157/157/157 4076/4321/4076 4071/4316/4071 156/156/156
f 156/156/156 4071/4316/4071 4070/4315/4070 154/154/154
f 154/154/154 4070/4315/4070 4077/4325/4077 155/155/155
f 4070/4315/4070 4068/4313/4068 4078/4326/4078 4077/4325/4077
f 4068/4313/4068 4066/4311/4066 4079/4327/4079 4078/4326/4078
f 4066/4311/4066 4063/4308/4063 4080/4328/4080 4079/4327/4079
f 4063/4308/4063 4062/4307/4062 4081/4329/4081 4080/4328/4080
f 4062/4322/4062 4052/4297/4052 4054/4299/4054 4081/4330/4081
f 4082/4331/4082 4083/4332/4083 4084/4333/4084 4085/4334/4085
f 4083/4332/4083 4086/4335/4086 4087/4336/4087 4084/4333/4084
f 4086/4335/4086 4088/4337/4088 4089/4338/4089 4087/4336/4087
f 4088/4337/4088 4090/4339/4090 4091/4340/4091 4089/4338/4089
f 4090/4339/4090 4092/4341/4092 4093/4342/4093 4091/4340/4091
f 4092/4343/4092 4094/4344/4094 4095/4345/4095 4093/4346/4093
f 4094/4344/4094 4096/4347/4096 4097/4348/4097 4095/4345/4095
f 4085/4334/4085 4084/4333/4084 4098/4349/4098 4099/4350/4099
f 4084/4333/4084 4087/4336/4087 4100/4351/4100 4098/4349/4098
f 4087/4336/4087 4089/4338/4089 4101/4352/4101 4100/4351/4100
f 4089/4338/4089 4091/4340/4091 4102/4353/4102 4101/4352/4101
f 4091/4340/4091 4093/4342/4093 4103/4354/4103 4102/4353/4102
f 4093/4346/4093 4095/4345/4095 4104/4355/4104 4103/4356/4103
f 4095/4345/4095 4097/4348/4097 4105/4357/4105 4104/4355/4104
f 4099/4350/4099 4098/4349/4098 4106/4358/4106 4107/4359/4107
f 4098/4349/4098 4100/4351/4100 4108/4360/4108 4106/4358/4106
f 4100/4351/4100 4101/4352/4101 4109/4361/4109 4108/4360/4108
f 4101/4352/4101 4102/4353/4102 4110/4362/4110 4109/4361/4109
f 4102/4353/4102 4103/4354/4103 4111/4363/4111 4110/4362/4110
f 4103/4356/4103 4104/4355/4104 4112/4364/4112 4111/4365/4111
f 4104/4355/4104 4105/4357/4105 4113/4366/4113 4112/4364/4112
f 4107/4359/4107 4106/4358/4106 4114/4367/4114 4115/4368/4115
f 4106/4358/4106 4108/4360/4108 4116/4369/4116 4114/4367/4114
f 4108/4360/4108 4109/4361/4109 4117/4370/4117 4116/4369/4116
f 4109/4361/4109 4110/4362/4110 4118/4371/4118 4117/4370/4117
f 4110/4362/4110 4111/4363/4111 4119/4372/4119 4118/4371/4118
f 4111/4365/4111 4112/4364/4112 4120/4373/4120 4119/4374/4119
f 4112/4364/4112 4113/4366/4113 4121/4375/4121 4120/4373/4120
f 4115/4368/4115 4114/4367/4114 4122/4376/4122 4123/4377/4123
f 4114/4367/4114 4116/4369/4116 4124/4378/4124 4122/4376/4122
f 4116/4369/4116 4117/4370/4117 4125/4379/4125 4124/4378/4124
f 4117/4370/4117 4118/4371/4118 4126/4380/4126 4125/4379/4125
f 4118/4371/4118 4119/4372/4119 4127/4381/4127 4126/4380/4126
f 4119/4374/4119 4120/4373/4120 4128/4382/4128 4127/4383/4127
f 4120/4373/4120 4121/4375/4121 4129/4384/4129 4128/4382/4128
f 4123/4377/4123 4122/4376/4122 4130/4385/4130 4131/4386/4131
f 4122/4376/4122 4124/4378/4124 4132/4387/4132 4130/4385/4130
f 4124/4378/4124 4125/4379/4125 4133/4388/4133 4132/4387/4132
f 4125/4379/4125 4126/4380/4126 4134/4389/4134 4133/4388/4133
f 4126/4380/4126 4127/4381/4127 4135/4390/4135 4134/4389/4134
f 4127/4383/4127 4128/4382/4128 4136/4391/4136 4135/4392/4135
f 4128/4382/4128 4129/4384/4129 4137/4393/4137 4136/4391/4136
f 4131/4386/4131 4130/4385/4130 4138/4394/4138 4139/4395/4139
f 4130/4385/4130 4132/4387/4132 4140/4396/4140 4138/4394/4138
f 4132/4387/4132 4133/4388/4133 4141/4397/4141 4140/4396/4140
f 4133/4388/4133 4134/4389/4134 4142/4398/4142 4141/4397/4141
f 4134/4389/4134 4135/4390/4135 4143/4399/4143 4142/4398/4142
f 4135/4392/4135 4136/4391/4136 4144/4400/4144 4143/4401/4143
f 4136/4391/4136 4137/4393/4137 4145/4402/4145 4144/4400/4144
f 4146/4403/4146 4082/4331/4082 4085/4334/4085 4147/4404/4147
f 4147/4404/4147 4085/4334/4085 4099/4350/4099 4148/4405/4148
f 4148/4405/4148 4099/4350/4099 4107/4359/4107 4149/4406/4149
f 4149/4406/4149 4107/4359/4107 4115/4368/4115 4150/4407/4150
f 4150/4407/4150 4115/4368/4115 4123/4377/4123 4151/4408/4151
f 4151/4408/4151 4123/4377/4123 4131/4386/4131 4152/4409/4152
f 4152/4409/4152 4131/4386/4131 4139/4395/4139 4153/4410/4153
f 4153/4410/4153 4139/4395/4139 4154/4411/4154 4155/4412/4155
f 4139/4395/4139 4138/4394/4138 4156/4413/4156 4154/4411/4154
f 4138/4394/4138 4140/4396/4140 4157/4414/4157 4156/4413/4156
f 4140/4396/4140 4141/4397/4141 4158/4415/4158 4157/4414/4157
f 4141/4397/4141 4142/4398/4142 4159/4416/4159 4158/4415/4158
f 4142/4398/4142 4143/4399/4143 4160/4417/4160 4159/4416/4159
f 4143/4401/4143 4144/4400/4144 4161/4418/4161 4160/4419/4160
f 4144/4400/4144 4145/4402/4145 4162/4420/4162 4161/4418/4161
f 4163/4421/4163 4164/4422/4164 4165/4423/4165 4166/4424/4166
f 4164/4422/4164 4163/4421/4163 4167/4425/4167 4168/4426/4168
f 4168/4426/4168 4167/4425/4167 4169/4427/4169 4170/4428/4170
f 4170/4428/4170 4169/4427/4169 4171/4429/4171 4172/4430/4172
f 4172/4430/4172 4171/4429/4171 4173/4431/4173 4174/4432/4174
f 4174/4432/4174 4173/4431/4173 4175/4433/4175 4176/4434/4176
f 4176/4434/4176 4175/4433/4175 4177/4435/4177 4178/4436/4178
f 4178/4436/4178 4177/4435/4177 4179/4437/4179 4180/4438/4180
f 4180/4438/4180 4179/4437/4179 4181/4439/4181 4182/4440/4182
f 4096/4347/4096 4094/4344/4094 4183/4441/4183 4184/4442/4184
f 4094/4344/4094 4092/4343/4092 4185/4443/4185 4183/4441/4183
f 4092/4341/4092 4090/4339/4090 4186/4444/4186 4185/4445/4185
f 4090/4339/4090 4088/4337/4088 4187/4446/4187 4186/4444/4186
f 4088/4337/4088 4086/4335/4086 4188/4447/4188 4187/4446/4187
f 4086/4335/4086 4083/4332/4083 4189/4448/4189 4188/4447/4188
f 4083/4332/4083 4082/4331/4082 4190/4449/4190 4189/4448/4189
f 4082/4331/4082 4146/4403/4146 4191/4450/4191 4190/4449/4190
f 4192/4451/4192 4193/4452/4193 4194/4453/4194 4195/4454/4195
f 4193/4452/4193 4196/4455/4196 4197/4456/4197 4194/4453/4194
f 4196/4455/4196 4198/4457/4198 4199/4458/4199 4197/4456/4197
f 4195/4454/4195 4194/4453/4194 4200/4459/4200 4201/4460/4201
f 4194/4453/4194 4197/4456/4197 4202/4461/4202 4200/4459/4200
f 4197/4456/4197 4199/4458/4199 4203/4462/4203 4202/4461/4202
f 4201/4460/4201 4200/4459/4200 4204/4463/4204 4205/4464/4205
f 4200/4459/4200 4202/4461/4202 4206/4465/4206 4204/4463/4204
f 4202/4461/4202 4203/4462/4203 4207/4466/4207 4206/4465/4206
f 4205/4464/4205 4204/4463/4204 4208/4467/4208 4209/4468/4209
f 4204/4463/4204 4206/4465/4206 4210/4469/4210 4208/4467/4208
f 4206/4465/4206 4207/4466/4207 4211/4470/4211 4210/4469/4210
f 4209/4468/4209 4208/4467/4208 4212/4471/4212 4213/4472/4213
f 4208/4467/4208 4210/4469/4210 4214/4473/4214 4212/4471/4212
f 4210/4469/4210 4211/4470/4211 4215/4474/4215 4214/4473/4214
f 4213/4472/4213 4212/4471/4212 4216/4475/4216 4217/4476/4217
f 4212/4471/4212 4214/4473/4214 4218/4477/4218 4216/4475/4216
f 4214/4473/4214 4215/4474/4215 4219/4478/4219 4218/4477/4218
f 4217/4476/4217 4216/4475/4216 4220/4479/4220 4221/4480/4221
f 4216/4475/4216 4218/4477/4218 4222/4481/4222 4220/4479/4220
f 4218/4477/4218 4219/4478/4219 4223/4482/4223 4222/4481/4222
f 4180/4438/4180 4192/4451/4192 4195/4454/4195 4178/4436/4178
f 4178/4436/4178 4195/4454/4195 4201/4460/4201 4176/4434/4176
f 4176/4434/4176 4201/4460/4201 4205/4464/4205 4174/4432/4174
f 4174/4432/4174 4205/4464/4205 4209/4468/4209 4172/4430/4172
f 4172/4430/4172 4209/4468/4209 4213/4472/4213 4170/4428/4170
f 4170/4428/4170 4213/4472/4213 4217/4476/4217 4168/4426/4168
f 4168/4426/4168 4217/4476/4217 4221/4480/4221 4164/4422/4164
f 4164/4422/4164 4221/4480/4221 4224/4483/4224 4165/4423/4165
f 4221/4480/4221 4220/4479/4220 4225/4484/4225 4224/4483/4224
f 4220/4479/4220 4222/4481/4222 4226/4485/4226 4225/4484/4225
f 4222/4481/4222 4223/4482/4223 4227/4486/4227 4226/4485/4226
f 4223/4482/4223 4228/4487/4228 4229/4488/4229 4227/4486/4227
f 4228/4487/4228 4223/4482/4223 4219/4478/4219
f 4228/4487/4228 4219/4478/4219 4215/4474/4215 4230/4489/4230
f 4230/4489/4230 4215/4474/4215 4211/4470/4211 4231/4490/4231
f 4231/4490/4231 4211/4470/4211 4207/4466/4207 4232/4491/4232
f 4203/4462/4203 4233/4492/4233 4232/4491/4232 4207/4466/4207
f 4203/4462/4203 4199/4458/4199 4233/4492/4233
f 4233/4492/4233 4199/4458/4199 4198/4457/4198 4234/4493/4234
f 4234/4493/4234 4198/4457/4198 4235/4494/4235
f 4198/4457/4198 4196/4455/4196 4236/4495/4236 4235/4494/4235
f 4196/4455/4196 4193/4452/4193 4237/4496/4237 4236/4495/4236
f 4193/4452/4193 4192/4451/4192 4238/4497/4238 4237/4496/4237
f 4192/4451/4192 4180/4438/4180 4182/4440/4182 4238/4497/4238
f 4234/4493/4234 4239/4498/4239 4240/4499/4240 4233/4492/4233
f 4239/4498/4239 4241/4500/4241 4242/4501/4242 4240/4499/4240
f 4241/4500/4241 4243/4502/4243 4244/4503/4244 4242/4501/4242
f 4233/4492/4233 4240/4499/4240 4245/4504/4245 4232/4491/4232
f 4240/4499/4240 4242/4501/4242 4246/4505/4246 4245/4504/4245
f 4242/4501/4242 4244/4503/4244 4247/4506/4247 4246/4505/4246
f 4232/4491/4232 4245/4504/4245 4248/4507/4248 4231/4490/4231
f 4245/4504/4245 4246/4505/4246 4249/4508/4249 4248/4507/4248
f 4246/4505/4246 4247/4506/4247 4250/4509/4250 4249/4508/4249
f 4231/4490/4231 4248/4507/4248 4230/4489/4230
f 4230/4489/4230 4248/4507/4248 4251/4510/4251 4228/4487/4228
f 4248/4507/4248 4249/4508/4249 4252/4511/4252 4251/4510/4251
f 4249/4508/4249 4250/4509/4250 4253/4512/4253 4252/4511/4252
f 4228/4487/4228 4251/4510/4251 4254/4513/4254 4229/4488/4229
f 4251/4510/4251 4252/4511/4252 4255/4514/4255 4254/4513/4254
f 4252/4511/4252 4253/4512/4253 4256/4515/4256 4255/4514/4255
f 4243/4502/4243 4257/4516/4257 4258/4517/4258 4244/4503/4244
f 4257/4516/4257 4259/4518/4259 4260/4519/4260 4258/4517/4258
f 4244/4503/4244 4258/4517/4258 4261/4520/4261 4247/4506/4247
f 4258/4517/4258 4260/4519/4260 4262/4521/4262 4261/4520/4261
f 4247/4506/4247 4261/4520/4261 4263/4522/4263 4250/4509/4250
f 4261/4520/4261 4262/4521/4262 4264/4523/4264 4263/4522/4263
f 4250/4509/4250 4263/4522/4263 4265/4524/4265 4253/4512/4253
f 4263/4522/4263 4264/4523/4264 4266/4525/4266 4265/4524/4265
f 4253/4512/4253 4265/4524/4265 4267/4526/4267 4256/4515/4256
f 4265/4524/4265 4266/4525/4266 4268/4527/4268 4267/4526/4267
f 4269/4528/4269 4270/4529/4270 4271/4530/4271 4272/4531/4272
f 4270/4529/4270 4273/4532/4273 4274/4533/4274 4271/4530/4271
f 4273/4532/4273 4275/4534/4275 4276/4535/4276 4274/4533/4274
f 4271/4530/4271 4277/4536/4277 4278/4537/4278 4272/4531/4272
f 4274/4533/4274 4279/4538/4279 4277/4536/4277 4271/4530/4271
f 4276/4535/4276 4280/4539/4280 4279/4538/4279 4274/4533/4274
f 4278/4537/4278 4277/4536/4277 4281/4540/4281
f 4277/4536/4277 4279/4538/4279 4282/4541/4282 4281/4540/4281
f 4279/4538/4279 4280/4539/4280 4283/4542/4283 4282/4541/4282
f 4278/4537/4278 4281/4540/4281 4284/4543/4284 4285/4544/4285
f 4281/4540/4281 4282/4541/4282 4286/4545/4286 4284/4543/4284
f 4282/4541/4282 4283/4542/4283 4287/4546/4287 4286/4545/4286
f 4285/4544/4285 4284/4543/4284 4288/4547/4288
f 4284/4543/4284 4286/4545/4286 4289/4548/4289 4288/4547/4288
f 4286/4545/4286 4287/4546/4287 4290/4549/4290 4289/4548/4289
f 4285/4544/4285 4288/4547/4288 4291/4550/4291 4292/4551/4292
f 4288/4547/4288 4289/4548/4289 4293/4552/4293 4291/4550/4291
f 4289/4548/4289 4290/4549/4290 4294/4553/4294 4293/4552/4293
f 4292/4551/4292 4291/4550/4291 4295/4554/4295
f 4291/4550/4291 4293/4552/4293 4296/4555/4296 4295/4554/4295
f 4293/4552/4293 4294/4553/4294 4297/4556/4297 4296/4555/4296
f 4259/4518/4259 4269/4528/4269 4272/4531/4272 4260/4519/4260
f 4272/4531/4272 4278/4537/4278 4262/4521/4262 4260/4519/4260
f 4262/4521/4262 4278/4537/4278 4285/4544/4285 4264/4523/4264
f 4264/4523/4264 4285/4544/4285 4292/4551/4292 4266/4525/4266
f 4266/4525/4266 4292/4551/4292 4298/4557/4298 4268/4527/4268
f 4292/4551/4292 4295/4554/4295 4299/4558/4299 4298/4557/4298
f 4295/4554/4295 4296/4555/4296 4300/4559/4300 4299/4558/4299
f 4296/4555/4296 4297/4556/4297 4301/4560/4301 4300/4559/4300
f 4297/4556/4297 4302/4561/4302 4303/4562/4303 4301/4560/4301
f 4302/4561/4302 4297/4556/4297 4294/4553/4294 4304/4563/4304
f 4304/4563/4304 4294/4553/4294 4290/4549/4290 4305/4564/4305
f 4305/4564/4305 4290/4549/4290 4287/4546/4287 4306/4565/4306
f 4306/4565/4306 4287/4546/4287 4283/4542/4283 4307/4566/4307
f 4307/4566/4307 4283/4542/4283 4280/4539/4280 4308/4567/4308
f 4308/4567/4308 4280/4539/4280 4276/4535/4276 4309/4568/4309
f 4276/4535/4276 4275/4534/4275 4310/4569/4310 4309/4568/4309
f 4310/4569/4310 4275/4534/4275 4311/4570/4311 4312/4571/4312
f 4275/4534/4275 4273/4532/4273 4313/4572/4313 4311/4570/4311
f 4273/4532/4273 4270/4529/4270 4314/4573/4314 4313/4572/4313
f 4270/4529/4270 4269/4528/4269 4315/4574/4315 4314/4573/4314
f 4269/4528/4269 4259/4518/4259 4315/4574/4315
f 4316/4575/4316 4317/4576/4317 4318/4577/4318 4319/4578/4319
f 4317/4576/4317 4320/4579/4320 4321/4580/4321 4318/4577/4318
f 4320/4581/4320 4322/4582/4322 4323/4583/4323 4321/4584/4321
f 4322/4582/4322 4324/4585/4324 4325/4586/4325 4323/4583/4323
f 4324/4585/4324 4326/4587/4326 4327/4588/4327 4325/4586/4325
f 4326/4587/4326 4328/4589/4328 4329/4590/4329 4327/4588/4327
f 4328/4589/4328 4330/4591/4330 4331/4592/4331 4329/4590/4329
f 4319/4578/4319 4318/4577/4318 4332/4593/4332 4333/4594/4333
f 4318/4577/4318 4321/4580/4321 4334/4595/4334 4332/4593/4332
f 4321/4584/4321 4323/4583/4323 4335/4596/4335 4334/4597/4334
f 4323/4583/4323 4325/4586/4325 4336/4598/4336 4335/4596/4335
f 4325/4586/4325 4327/4588/4327 4337/4599/4337 4336/4598/4336
f 4327/4588/4327 4329/4590/4329 4338/4600/4338 4337/4599/4337
f 4329/4590/4329 4331/4592/4331 4339/4601/4339 4338/4600/4338
f 4333/4594/4333 4332/4593/4332 4340/4602/4340 4341/4603/4341
f 4332/4593/4332 4334/4595/4334 4342/4604/4342 4340/4602/4340
f 4334/4597/4334 4335/4596/4335 4343/4605/4343 4342/4606/4342
f 4335/4596/4335 4336/4598/4336 4344/4607/4344 4343/4605/4343
f 4336/4598/4336 4337/4599/4337 4345/4608/4345 4344/4607/4344
f 4337/4599/4337 4338/4600/4338 4346/4609/4346 4345/4608/4345
f 4338/4600/4338 4339/4601/4339 4347/4610/4347 4346/4609/4346
f 4341/4603/4341 4340/4602/4340 4348/4611/4348 4349/4612/4349
f 4340/4602/4340 4342/4604/4342 4350/4613/4350 4348/4611/4348
f 4342/4606/4342 4343/4605/4343 4351/4614/4351 4350/4615/4350
f 4343/4605/4343 4344/4607/4344 4352/4616/4352 4351/4614/4351
f 4344/4607/4344 4345/4608/4345 4353/4617/4353 4352/4616/4352
f 4345/4608/4345 4346/4609/4346 4354/4618/4354 4353/4617/4353
f 4346/4609/4346 4347/4610/4347 4355/4619/4355 4354/4618/4354
f 4349/4612/4349 4348/4611/4348 4356/4620/4356 4357/4621/4357
f 4348/4611/4348 4350/4613/4350 4358/4622/4358 4356/4620/4356
f 4350/4615/4350 4351/4614/4351 4359/4623/4359 4358/4624/4358
f 4351/4614/4351 4352/4616/4352 4360/4625/4360 4359/4623/4359
f 4352/4616/4352 4353/4617/4353 4361/4626/4361 4360/4625/4360
f 4353/4617/4353 4354/4618/4354 4362/4627/4362 4361/4626/4361
f 4354/4618/4354 4355/4619/4355 4363/4628/4363 4362/4627/4362
f 4357/4621/4357 4356/4620/4356 4364/4629/4364 4365/4630/4365
f 4356/4620/4356 4358/4622/4358 4366/4631/4366 4364/4629/4364
f 4358/4624/4358 4359/4623/4359 4367/4632/4367 4366/4633/4366
f 4359/4623/4359 4360/4625/4360 4368/4634/4368 4367/4632/4367
f 4360/4625/4360 4361/4626/4361 4369/4635/4369 4368/4634/4368
f 4361/4626/4361 4362/4627/4362 4370/4636/4370 4369/4635/4369
f 4362/4627/4362 4363/4628/4363 4371/4637/4371 4370/4636/4370
f 4365/4630/4365 4364/4629/4364 4372/4638/4372 4373/4639/4373
f 4364/4629/4364 4366/4631/4366 4374/4640/4374 4372/4638/4372
f 4366/4633/4366 4367/4632/4367 4375/4641/4375 4374/4642/4374
f 4367/4632/4367 4368/4634/4368 4376/4643/4376 4375/4641/4375
f 4368/4634/4368 4369/4635/4369 4377/4644/4377 4376/4643/4376
f 4369/4635/4369 4370/4636/4370 4378/4645/4378 4377/4644/4377
f 4370/4636/4370 4371/4637/4371 4379/4646/4379 4378/4645/4378
f 4310/4569/4310 4380/4647/4380 4381/4648/4381 4309/4568/4309
f 4381/4648/4381 4382/4649/4382 4308/4567/4308 4309/4568/4309
f 4308/4567/4308 4382/4649/4382 4383/4650/4383 4307/4566/4307
f 4307/4566/4307 4383/4650/4383 4384/4651/4384 4306/4565/4306
f 4306/4565/4306 4384/4651/4384 4385/4652/4385 4305/4564/4305
f 4305/4564/4305 4385/4652/4385 4386/4653/4386 4304/4563/4304
f 4304/4563/4304 4386/4653/4386 4387/4654/4387 4302/4561/4302
f 4302/4561/4302 4387/4654/4387 4388/4655/4388 4303/4562/4303
f 4373/4639/4373 4372/4638/4372 4389/4656/4389 4390/4657/4390
f 4372/4638/4372 4374/4640/4374 4391/4658/4391 4389/4656/4389
f 4374/4642/4374 4375/4641/4375 4392/4659/4392 4391/4660/4391
f 4375/4641/4375 4376/4643/4376 4393/4661/4393 4392/4659/4392
f 4376/4643/4376 4377/4644/4377 4394/4662/4394 4393/4661/4393
f 4377/4644/4377 4378/4645/4378 4395/4663/4395 4394/4662/4394
f 4378/4645/4378 4379/4646/4379 4396/4664/4396 4395/4663/4395
f 4379/4646/4379 4397/4665/4397 4398/4666/4398 4396/4664/4396
f 4397/4665/4397 4379/4646/4379 4371/4637/4371 4399/4667/4399
f 4399/4667/4399 4371/4637/4371 4363/4628/4363 4400/4668/4400
f 4400/4668/4400 4363/4628/4363 4355/4619/4355 4401/4669/4401
f 4401/4669/4401 4355/4619/4355 4347/4610/4347 4402/4670/4402
f 4402/4670/4402 4347/4610/4347 4339/4601/4339 4403/4671/4403
f 4403/4671/4403 4339/4601/4339 4331/4592/4331 4404/4672/4404
f 4404/4672/4404 4331/4592/4331 4330/4591/4330 4405/4673/4405
f 4405/4673/4405 4330/4591/4330 4406/4674/4406 4407/4675/4407
f 4330/4591/4330 4328/4589/4328 4408/4676/4408 4406/4674/4406
f 4328/4589/4328 4326/4587/4326 4409/4677/4409 4408/4676/4408
f 4326/4587/4326 4324/4585/4324 4410/4678/4410 4409/4677/4409
f 4324/4585/4324 4322/4582/4322 4411/4679/4411 4410/4678/4410
f 4322/4582/4322 4320/4581/4320 4412/4680/4412 4411/4679/4411
f 4320/4579/4320 4317/4576/4317 4413/4681/4413 4412/4682/4412
f 4317/4576/4317 4316/4575/4316 4414/4683/4414 4413/4681/4413
f 4380/4647/4380 4310/4569/4310 4312/4571/4312 4415/4684/4415
f 4315/4574/4315 4416/4685/4416 4417/4686/4417 4314/4573/4314
f 4416/4685/4416 4418/4687/4418 4417/4686/4417
f 4416/4685/4416 4419/4688/4419 4420/4689/4420 4418/4687/4418
f 4314/4573/4314 4417/4686/4417 4421/4690/4421 4313/4572/4313
f 4417/4686/4417 4418/4687/4418 4422/4691/4422 4421/4690/4421
f 4418/4687/4418 4420/4689/4420 4423/4692/4423 4422/4691/4422
f 4313/4572/4313 4421/4690/4421 4424/4693/4424 4311/4570/4311
f 4421/4690/4421 4422/4691/4422 4425/4694/4425 4424/4693/4424
f 4422/4691/4422 4423/4692/4423 4426/4695/4426 4425/4694/4425
f 4311/4570/4311 4424/4693/4424 4427/4696/4427 4312/4571/4312
f 4424/4693/4424 4425/4694/4425 4428/4697/4428 4427/4696/4427
f 4425/4694/4425 4426/4695/4426 4429/4698/4429 4428/4697/4428
f 4426/4695/4426 4430/4699/4430 4431/4700/4431 4429/4698/4429
f 4430/4699/4430 4426/4695/4426 4423/4692/4423 4432/4701/4432
f 4432/4701/4432 4423/4692/4423 4420/4689/4420 4433/4702/4433
f 4433/4702/4433 4420/4689/4420 4419/4688/4419 4434/4703/4434
f 4434/4703/4434 4419/4688/4419 4243/4502/4243
f 4419/4688/4419 4416/4685/4416 4257/4516/4257 4243/4502/4243
f 4416/4685/4416 4315/4574/4315 4259/4518/4259 4257/4516/4257
f 4434/4703/4434 4435/4704/4435 4436/4705/4436 4433/4702/4433
f 4435/4704/4435 4437/4706/4437 4436/4705/4436
f 4435/4704/4435 4438/4707/4438 4439/4708/4439 4437/4706/4437
f 4438/4707/4438 4235/4494/4235 4236/4495/4236 4439/4708/4439
f 4433/4702/4433 4436/4705/4436 4440/4709/4440 4432/4701/4432
f 4436/4705/4436 4437/4706/4437 4441/4710/4441 4440/4709/4440
f 4437/4706/4437 4439/4708/4439 4442/4711/4442 4441/4710/4441
f 4439/4708/4439 4236/4495/4236 4237/4496/4237 4442/4711/4442
f 4432/4701/4432 4440/4709/4440 4443/4712/4443 4430/4699/4430
f 4440/4709/4440 4441/4710/4441 4444/4713/4444 4443/4712/4443
f 4441/4710/4441 4442/4711/4442 4445/4714/4445 4444/4713/4444
f 4442/4711/4442 4237/4496/4237 4238/4497/4238 4445/4714/4445
f 4430/4699/4430 4443/4712/4443 4446/4715/4446 4431/4700/4431
f 4443/4712/4443 4444/4713/4444 4447/4716/4447 4446/4715/4446
f 4444/4713/4444 4445/4714/4445 4448/4717/4448 4447/4716/4447
f 4445/4714/4445 4238/4497/4238 4182/4440/4182 4448/4717/4448
f 4235/4494/4235 4438/4707/4438 4239/4498/4239 4234/4493/4234
f 4438/4707/4438 4435/4704/4435 4241/4500/4241 4239/4498/4239
f 4435/4704/4435 4434/4703/4434 4243/4502/4243 4241/4500/4241
f 4227/4486/4227 4449/4718/4449 4450/4719/4450 4226/4485/4226
f 4449/4718/4449 4451/4720/4451 4452/4721/4452 4450/4719/4450
f 4451/4720/4451 4453/4722/4453 4454/4723/4454 4452/4721/4452
f 4226/4485/4226 4450/4719/4450 4455/4724/4455 4225/4484/4225
f 4450/4719/4450 4452/4721/4452 4456/4725/4456 4455/4724/4455
f 4452/4721/4452 4454/4723/4454 4457/4726/4457 4456/4725/4456
f 4225/4484/4225 4455/4724/4455 4458/4727/4458 4224/4483/4224
f 4455/4724/4455 4456/4725/4456 4459/4728/4459 4458/4727/4458
f 4456/4725/4456 4457/4726/4457 4460/4729/4460 4459/4728/4459
f 4224/4483/4224 4458/4727/4458 4461/4730/4461 4165/4423/4165
f 4458/4727/4458 4459/4728/4459 4462/4731/4462 4461/4730/4461
f 4459/4728/4459 4460/4729/4460 4463/4732/4463 4462/4731/4462
f 4453/4722/4453 4451/4720/4451 4255/4514/4255 4256/4515/4256
f 4451/4720/4451 4449/4718/4449 4254/4513/4254 4255/4514/4255
f 4449/4718/4449 4227/4486/4227 4229/4488/4229 4254/4513/4254
f 4453/4722/4453 4464/4733/4464 4465/4734/4465 4466/4735/4466
f 4464/4733/4464 4467/4736/4467 4468/4737/4468 4465/4734/4465
f 4467/4736/4467 4298/4557/4298 4299/4558/4299 4468/4737/4468
f 4466/4735/4466 4465/4734/4465 4469/4738/4469 4470/4739/4470
f 4465/4734/4465 4468/4737/4468 4471/4740/4471 4469/4738/4469
f 4468/4737/4468 4299/4558/4299 4300/4559/4300 4471/4740/4471
f 4470/4739/4470 4469/4738/4469 4472/4741/4472 4473/4742/4473
f 4469/4738/4469 4471/4740/4471 4474/4743/4474 4472/4741/4472
f 4471/4740/4471 4300/4559/4300 4301/4560/4301 4474/4743/4474
f 4453/4722/4453 4466/4735/4466 4454/4723/4454
f 4454/4723/4454 4466/4735/4466 4470/4739/4470 4457/4726/4457
f 4457/4726/4457 4470/4739/4470 4473/4742/4473 4460/4729/4460
f 4460/4729/4460 4473/4742/4473 4475/4744/4475 4463/4732/4463
f 4473/4742/4473 4472/4741/4472 4476/4745/4476 4475/4744/4475
f 4472/4741/4472 4474/4743/4474 4477/4746/4477 4476/4745/4476
f 4474/4743/4474 4301/4560/4301 4303/4562/4303 4477/4746/4477
f 4298/4557/4298 4467/4736/4467 4268/4527/4268
f 4467/4736/4467 4464/4733/4464 4267/4526/4267 4268/4527/4268
f 4464/4733/4464 4453/4722/4453 4256/4515/4256 4267/4526/4267
f 4478/4747/4478 4479/4748/4479 4480/4749/4480 4481/4750/4481
f 4479/4748/4479 4482/4751/4482 4483/4752/4483 4480/4749/4480
f 4482/4753/4482 4484/4754/4484 4485/4755/4485 4483/4756/4483
f 4484/4754/4484 4486/4757/4486 4487/4758/4487 4485/4755/4485
f 4486/4757/4486 4488/4759/4488 4489/4760/4489 4487/4758/4487
f 4488/4759/4488 4490/4761/4490 4491/4762/4491 4489/4760/4489
f 4490/4761/4490 4492/4763/4492 4493/4764/4493 4491/4762/4491
f 4481/4750/4481 4480/4749/4480 4494/4765/4494 4495/4766/4495
f 4480/4749/4480 4483/4752/4483 4496/4767/4496 4494/4765/4494
f 4483/4756/4483 4485/4755/4485 4497/4768/4497 4496/4769/4496
f 4485/4755/4485 4487/4758/4487 4498/4770/4498 4497/4768/4497
f 4487/4758/4487 4489/4760/4489 4499/4771/4499 4498/4770/4498
f 4489/4760/4489 4491/4762/4491 4500/4772/4500 4499/4771/4499
f 4491/4762/4491 4493/4764/4493 4501/4773/4501 4500/4772/4500
f 4495/4766/4495 4494/4765/4494 4413/4681/4413 4414/4683/4414
f 4494/4765/4494 4496/4767/4496 4412/4682/4412 4413/4681/4413
f 4496/4769/4496 4497/4768/4497 4411/4679/4411 4412/4680/4412
f 4497/4768/4497 4498/4770/4498 4410/4678/4410 4411/4679/4411
f 4498/4770/4498 4499/4771/4499 4409/4677/4409 4410/4678/4410
f 4499/4771/4499 4500/4772/4500 4408/4676/4408 4409/4677/4409
f 4500/4772/4500 4501/4773/4501 4406/4674/4406 4408/4676/4408
f 4429/4698/4429 4502/4774/4502 4503/4775/4503 4428/4697/4428
f 4428/4697/4428 4503/4775/4503 4504/4776/4504 4427/4696/4427
f 4427/4696/4427 4504/4776/4504 4415/4684/4415 4312/4571/4312
f 4407/4675/4407 4406/4674/4406 4501/4773/4501 4505/4777/4505
f 4505/4777/4505 4501/4773/4501 4493/4764/4493 4506/4778/4506
f 4506/4778/4506 4493/4764/4493 4492/4763/4492 4507/4779/4507
f 4507/4779/4507 4492/4763/4492 4508/4780/4508 4509/4781/4509
f 4492/4763/4492 4490/4761/4490 4510/4782/4510 4508/4780/4508
f 4490/4761/4490 4488/4759/4488 4511/4783/4511 4510/4782/4510
f 4488/4759/4488 4486/4757/4486 4512/4784/4512 4511/4783/4511
f 4486/4757/4486 4484/4754/4484 4513/4785/4513 4512/4784/4512
f 4484/4754/4484 4482/4753/4482 4514/4786/4514 4513/4785/4513
f 4482/4751/4482 4479/4748/4479 4515/4787/4515 4514/4788/4514
f 4479/4748/4479 4478/4747/4478 4516/4789/4516 4515/4787/4515
f 4502/4774/4502 4429/4698/4429 4431/4700/4431 4517/4790/4517
f 4184/4442/4184 4183/4441/4183 4518/4791/4518 4519/4792/4519
f 4183/4441/4183 4185/4443/4185 4520/4793/4520 4518/4791/4518
f 4185/4445/4185 4186/4444/4186 4521/4794/4521 4520/4795/4520
f 4186/4444/4186 4187/4446/4187 4522/4796/4522 4521/4794/4521
f 4187/4446/4187 4188/4447/4188 4523/4797/4523 4522/4796/4522
f 4188/4447/4188 4189/4448/4189 4524/4798/4524 4523/4797/4523
f 4189/4448/4189 4190/4449/4190 4525/4799/4525 4524/4798/4524
f 4519/4792/4519 4518/4791/4518 4526/4800/4526 4527/4801/4527
f 4518/4791/4518 4520/4793/4520 4528/4802/4528 4526/4800/4526
f 4520/4795/4520 4521/4794/4521 4529/4803/4529 4528/4804/4528
f 4521/4794/4521 4522/4796/4522 4530/4805/4530 4529/4803/4529
f 4522/4796/4522 4523/4797/4523 4531/4806/4531 4530/4805/4530
f 4523/4797/4523 4524/4798/4524 4532/4807/4532 4531/4806/4531
f 4524/4798/4524 4525/4799/4525 4533/4808/4533 4532/4807/4532
f 4527/4801/4527 4526/4800/4526 4534/4809/4534 4535/4810/4535
f 4526/4800/4526 4528/4802/4528 4536/4811/4536 4534/4809/4534
f 4528/4804/4528 4529/4803/4529 4537/4812/4537 4536/4813/4536
f 4529/4803/4529 4530/4805/4530 4538/4814/4538 4537/4812/4537
f 4530/4805/4530 4531/4806/4531 4539/4815/4539 4538/4814/4538
f 4531/4806/4531 4532/4807/4532 4540/4816/4540 4539/4815/4539
f 4532/4807/4532 4533/4808/4533 4541/4817/4541 4540/4816/4540
f 4535/4810/4535 4534/4809/4534 4515/4787/4515 4516/4789/4516
f 4534/4809/4534 4536/4811/4536 4514/4788/4514 4515/4787/4515
f 4536/4813/4536 4537/4812/4537 4513/4785/4513 4514/4786/4514
f 4537/4812/4537 4538/4814/4538 4512/4784/4512 4513/4785/4513
f 4538/4814/4538 4539/4815/4539 4511/4783/4511 4512/4784/4512
f 4539/4815/4539 4540/4816/4540 4510/4782/4510 4511/4783/4511
f 4540/4816/4540 4541/4817/4541 4508/4780/4508 4510/4782/4510
f 4182/4440/4182 4181/4439/4181 4542/4818/4542 4448/4717/4448
f 4448/4717/4448 4542/4818/4542 4543/4819/4543 4447/4716/4447
f 4447/4716/4447 4543/4819/4543 4544/4820/4544 4446/4715/4446
f 4446/4715/4446 4544/4820/4544 4517/4790/4517 4431/4700/4431
f 4509/4781/4509 4508/4780/4508 4541/4817/4541 4545/4821/4545
f 4545/4821/4545 4541/4817/4541 4533/4808/4533 4546/4822/4546
f 4546/4822/4546 4533/4808/4533 4525/4799/4525 4547/4823/4547
f 4547/4823/4547 4525/4799/4525 4190/4449/4190 4191/4450/4191
f 4548/4824/4548 4549/4825/4549 4550/4826/4550 4551/4827/4551
f 4549/4825/4549 4552/4828/4552 4553/4829/4553 4550/4826/4550
f 4552/4830/4552 4554/4831/4554 4555/4832/4555 4553/4833/4553
f 4554/4831/4554 4556/4834/4556 4557/4835/4557 4555/4832/4555
f 4556/4834/4556 4558/4836/4558 4559/4837/4559 4557/4835/4557
f 4558/4836/4558 4560/4838/4560 4561/4839/4561 4559/4837/4559
f 4560/4838/4560 4562/4840/4562 4563/4841/4563 4561/4839/4561
f 4551/4827/4551 4550/4826/4550 4564/4842/4564 4565/4843/4565
f 4550/4826/4550 4553/4829/4553 4566/4844/4566 4564/4842/4564
f 4553/4833/4553 4555/4832/4555 4567/4845/4567 4566/4846/4566
f 4555/4832/4555 4557/4835/4557 4568/4847/4568 4567/4845/4567
f 4557/4835/4557 4559/4837/4559 4569/4848/4569 4568/4847/4568
f 4559/4837/4559 4561/4839/4561 4570/4849/4570 4569/4848/4569
f 4561/4839/4561 4563/4841/4563 4571/4850/4571 4570/4849/4570
f 4565/4843/4565 4564/4842/4564 4161/4418/4161 4162/4420/4162
f 4564/4842/4564 4566/4844/4566 4160/4419/4160 4161/4418/4161
f 4566/4846/4566 4567/4845/4567 4159/4851/4159 4160/4852/4160
f 4567/4845/4567 4568/4847/4568 4158/4853/4158 4159/4851/4159
f 4568/4847/4568 4569/4848/4569 4157/4854/4157 4158/4853/4158
f 4569/4848/4569 4570/4849/4570 4156/4855/4156 4157/4854/4157
f 4570/4849/4570 4571/4850/4571 4154/4856/4154 4156/4855/4156
f 4463/4732/4463 4572/4857/4572 4573/4858/4573 4462/4731/4462
f 4462/4731/4462 4573/4858/4573 4574/4859/4574 4461/4730/4461
f 4461/4730/4461 4574/4859/4574 4166/4424/4166 4165/4423/4165
f 4155/4860/4155 4154/4856/4154 4571/4850/4571 4575/4861/4575
f 4575/4861/4575 4571/4850/4571 4563/4841/4563 4576/4862/4576
f 4576/4862/4576 4563/4841/4563 4562/4840/4562 4577/4863/4577
f 4390/4657/4390 4389/4656/4389 4578/4864/4578 4579/4865/4579
f 4389/4656/4389 4391/4658/4391 4580/4866/4580 4578/4864/4578
f 4391/4660/4391 4392/4659/4392 4581/4867/4581 4580/4868/4580
f 4392/4659/4392 4393/4661/4393 4582/4869/4582 4581/4867/4581
f 4393/4661/4393 4394/4662/4394 4583/4870/4583 4582/4869/4582
f 4394/4662/4394 4395/4663/4395 4584/4871/4584 4583/4870/4583
f 4395/4663/4395 4396/4664/4396 4585/4872/4585 4584/4871/4584
f 4579/4865/4579 4578/4864/4578 4586/4873/4586 4587/4874/4587
f 4578/4864/4578 4580/4866/4580 4588/4875/4588 4586/4873/4586
f 4580/4868/4580 4581/4867/4581 4589/4876/4589 4588/4877/4588
f 4581/4867/4581 4582/4869/4582 4590/4878/4590 4589/4876/4589
f 4582/4869/4582 4583/4870/4583 4591/4879/4591 4590/4878/4590
f 4583/4870/4583 4584/4871/4584 4592/4880/4592 4591/4879/4591
f 4584/4871/4584 4585/4872/4585 4593/4881/4593 4592/4880/4592
f 4587/4874/4587 4586/4873/4586 4594/4882/4594 4595/4883/4595
f 4586/4873/4586 4588/4875/4588 4596/4884/4596 4594/4882/4594
f 4588/4877/4588 4589/4876/4589 4597/4885/4597 4596/4886/4596
f 4589/4876/4589 4590/4878/4590 4598/4887/4598 4597/4885/4597
f 4590/4878/4590 4591/4879/4591 4599/4888/4599 4598/4887/4598
f 4591/4879/4591 4592/4880/4592 4600/4889/4600 4599/4888/4599
f 4592/4880/4592 4593/4881/4593 4601/4890/4601 4600/4889/4600
f 4303/4562/4303 4388/4655/4388 4602/4891/4602 4477/4746/4477
f 4477/4746/4477 4602/4891/4602 4603/4892/4603 4476/4745/4476
f 4476/4745/4476 4603/4892/4603 4604/4893/4604 4475/4744/4475
f 4475/4744/4475 4604/4893/4604 4572/4857/4572 4463/4732/4463
f 4595/4883/4595 4594/4882/4594 4549/4825/4549 4548/4824/4548
f 4594/4882/4594 4596/4884/4596 4552/4828/4552 4549/4825/4549
f 4596/4886/4596 4597/4885/4597 4554/4831/4554 4552/4830/4552
f 4597/4885/4597 4598/4887/4598 4556/4834/4556 4554/4831/4554
f 4598/4887/4598 4599/4888/4599 4558/4836/4558 4556/4834/4556
f 4599/4888/4599 4600/4889/4600 4560/4838/4560 4558/4836/4558
f 4600/4889/4600 4601/4890/4601 4562/4840/4562 4560/4838/4560
f 4601/4890/4601 4605/4894/4605 4577/4863/4577 4562/4840/4562
f 4605/4894/4605 4601/4890/4601 4593/4881/4593 4606/4895/4606
f 4606/4895/4606 4593/4881/4593 4585/4872/4585 4607/4896/4607
f 4607/4896/4607 4585/4872/4585 4396/4664/4396 4398/4666/4398
f 4608/4897/4608 4609/4898/4609 4610/4899/4610 4611/4900/4611
f 4609/4898/4609 4612/4901/4612 4613/4902/4613 4610/4899/4610
f 4612/4901/4612 4614/4903/4614 4615/4904/4615 4613/4902/4613
f 4614/4903/4614 4616/4905/4616 4617/4906/4617 4615/4904/4615
f 4611/4900/4611 4610/4899/4610 4618/4907/4618 4619/4908/4619
f 4610/4899/4610 4613/4902/4613 4620/4909/4620 4618/4907/4618
f 4613/4902/4613 4615/4904/4615 4621/4910/4621 4620/4909/4620
f 4615/4904/4615 4617/4906/4617 4622/4911/4622 4621/4910/4621
f 4619/4908/4619 4618/4907/4618 4623/4912/4623 4624/4913/4624
f 4618/4907/4618 4620/4909/4620 4625/4914/4625 4623/4912/4623
f 4620/4909/4620 4621/4910/4621 4626/4915/4626 4625/4914/4625
f 4621/4910/4621 4622/4911/4622 4627/4916/4627 4626/4915/4626
f 4624/4913/4624 4623/4912/4623 4628/4917/4628 4629/4918/4629
f 4623/4912/4623 4625/4914/4625 4630/4919/4630 4628/4917/4628
f 4625/4914/4625 4626/4915/4626 4630/4919/4630
f 4629/4918/4629 4628/4917/4628 4631/4920/4631 4632/4921/4632
f 4628/4917/4628 4630/4919/4630 4633/4922/4633 4631/4920/4631
f 4630/4919/4630 4626/4915/4626 4634/4923/4634 4633/4922/4633
f 4626/4915/4626 4627/4916/4627 4635/4924/4635 4634/4923/4634
f 4632/4921/4632 4631/4920/4631 4636/4925/4636 4637/4926/4637
f 4631/4920/4631 4633/4922/4633 4638/4927/4638 4636/4925/4636
f 4633/4922/4633 4634/4923/4634 4639/4928/4639 4638/4927/4638
f 4634/4923/4634 4635/4924/4635 4640/4929/4640 4639/4928/4639
f 4637/4926/4637 4636/4925/4636 4641/4930/4641 4642/4931/4642
f 4636/4925/4636 4638/4927/4638 4643/4932/4643 4641/4930/4641
f 4638/4927/4638 4639/4928/4639 4644/4933/4644 4643/4932/4643
f 4639/4928/4639 4640/4929/4640 4644/4933/4644
f 512/535/512 4611/4900/4611 511/533/511
f 511/533/511 4611/4900/4611 4619/4908/4619 510/531/510
f 510/531/510 4619/4908/4619 4624/4913/4624 509/529/509
f 509/529/509 4624/4913/4624 4629/4918/4629 508/527/508
f 508/527/508 4629/4918/4629 4632/4921/4632 507/525/507
f 507/525/507 4632/4921/4632 4637/4926/4637 506/523/506
f 506/523/506 4637/4926/4637 4642/4931/4642 505/521/505
f 4645/4934/4645 4646/4935/4646 505/521/505 4642/4931/4642
f 4642/4931/4642 4641/4930/4641 4647/4936/4647 4645/4934/4645
f 4641/4930/4641 4643/4932/4643 4648/4937/4648 4647/4936/4647
f 4643/4932/4643 4644/4933/4644 4649/4938/4649 4648/4937/4648
f 4644/4933/4644 4640/4929/4640 4650/4939/4650 4649/4938/4649
f 4651/4940/4651 4652/4941/4652 4612/4901/4612 4609/4898/4609
f 4609/4898/4609 4608/4897/4608 4653/4942/4653 4651/4940/4651
f 4608/4897/4608 513/536/513 515/538/515 4653/4942/4653
f 4650/4939/4650 4654/4943/4654 4655/4944/4655 4649/4938/4649
f 4654/4943/4654 4656/4945/4656 4657/4946/4657 4655/4944/4655
f 4656/4945/4656 4658/4947/4658 4659/4948/4659 4657/4946/4657
f 4658/4947/4658 4660/4949/4660 4661/4950/4661 4659/4948/4659
f 4649/4938/4649 4655/4944/4655 4662/4951/4662 4648/4937/4648
f 4655/4944/4655 4657/4946/4657 4663/4952/4663 4662/4951/4662
f 4657/4946/4657 4659/4948/4659 4664/4953/4664 4663/4952/4663
f 4659/4948/4659 4661/4950/4661 4665/4954/4665 4664/4953/4664
f 4648/4937/4648 4662/4951/4662 4666/4955/4666 4667/4956/4667
f 4662/4951/4662 4663/4952/4663 4668/4957/4668 4666/4955/4666
f 4663/4952/4663 4664/4953/4664 4669/4958/4669 4668/4957/4668
f 4664/4953/4664 4665/4954/4665 4670/4959/4670 4669/4958/4669
f 4667/4956/4667 4666/4955/4666 4671/4960/4671 4672/4961/4672
f 4666/4955/4666 4668/4957/4668 4673/4962/4673 4671/4960/4671
f 4668/4957/4668 4669/4958/4669 4674/4963/4674 4673/4962/4673
f 4669/4958/4669 4670/4959/4670 1977/4964/1977 4674/4963/4674
f 4648/4937/4648 4667/4956/4667 4647/4936/4647
f 4647/4936/4647 4667/4956/4667 4672/4961/4672 4645/4934/4645
f 4645/4934/4645 4672/4961/4672 4675/4965/4675 4646/4935/4646
f 4672/4961/4672 4671/4960/4671 4676/4966/4676 4675/4965/4675
f 4671/4960/4671 4673/4962/4673 4677/4967/4677 4676/4966/4676
f 4673/4962/4673 4674/4963/4674 4677/4967/4677
f 4678/4968/4678 4670/4959/4670 4665/4954/4665 4679/4969/4679
f 4679/4969/4679 4665/4954/4665 4661/4950/4661 4680/4970/4680
f 4681/4971/4681 4682/4972/4682 4683/4973/4683 4684/4974/4684
f 4682/4972/4682 4685/4975/4685 4686/4976/4686 4683/4973/4683
f 4685/4977/4685 4687/4978/4687 4688/4979/4688 4686/4980/4686
f 4684/4974/4684 4683/4973/4683 4689/4981/4689 4690/4982/4690
f 4683/4973/4683 4686/4976/4686 4691/4983/4691 4689/4981/4689
f 4686/4980/4686 4688/4979/4688 4692/4984/4692 4691/4985/4691
f 4690/4982/4690 4689/4981/4689 4693/4986/4693 4694/4987/4694
f 4689/4981/4689 4691/4983/4691 4695/4988/4695 4693/4986/4693
f 4691/4985/4691 4692/4984/4692 4696/4989/4696 4695/4990/4695
f 4694/4987/4694 4693/4986/4693 1997/4991/1997 1998/4992/1998
f 4693/4986/4693 4695/4988/4695 1996/4993/1996 1997/4991/1997
f 4695/4990/4695 4696/4989/4696 1995/4994/1995 1996/4995/1996
f 4680/4970/4680 4684/4974/4684 4690/4982/4690 4679/4969/4679
f 4679/4969/4679 4690/4982/4690 4694/4987/4694 4678/4968/4678
f 4678/4968/4678 4694/4987/4694 1998/4992/1998 1978/4996/1978
f 31/4997/31 1995/4994/1995 4696/4989/4696 4697/4998/4697
f 4697/4998/4697 4696/4989/4696 4692/4984/4692 4698/4999/4698
f 4698/4999/4698 4692/4984/4692 4688/4979/4688 4699/5000/4699
f 4699/5000/4699 4688/4979/4688 4687/4978/4687 4700/5001/4700
f 4700/5001/4700 4701/5002/4701 4702/5003/4702 4699/5000/4699
f 4701/5002/4701 4703/5004/4703 4704/5005/4704 4702/5003/4702
f 4703/5004/4703 4705/5006/4705 4706/5007/4706 4704/5005/4704
f 4705/5006/4705 4707/5008/4707 4708/5009/4708 4706/5007/4706
f 4699/5000/4699 4702/5003/4702 4709/5010/4709 4698/4999/4698
f 4702/5003/4702 4704/5005/4704 4710/5011/4710 4709/5010/4709
f 4704/5005/4704 4706/5007/4706 4711/5012/4711 4710/5011/4710
f 4706/5007/4706 4708/5009/4708 4712/5013/4712 4711/5012/4711
f 4698/4999/4698 4709/5010/4709 4713/5014/4713 4697/4998/4697
f 4709/5010/4709 4710/5011/4710 4714/5015/4714 4713/5014/4713
f 4710/5011/4710 4711/5012/4711 4715/5016/4715 4714/5015/4714
f 4711/5012/4711 4712/5013/4712 4716/5017/4716 4715/5016/4715
f 4697/4998/4697 4713/5014/4713 30/5018/30 31/4997/31
f 4713/5014/4713 4714/5015/4714 29/5019/29 30/5018/30
f 4714/5015/4714 4715/5016/4715 28/5020/28 29/5019/29
f 4715/5016/4715 4716/5017/4716 27/5021/27 28/5020/28
f 38/5022/38 27/5021/27 4716/5017/4716 4717/5023/4717
f 4717/5023/4717 4716/5017/4716 4712/5013/4712 4718/5024/4718
f 4718/5024/4718 4712/5013/4712 4708/5009/4708 4719/5025/4719
f 4719/5025/4719 4708/5009/4708 4707/5008/4707
f 4707/5008/4707 4720/5026/4720 4721/5027/4721 4719/5025/4719
f 4720/5026/4720 4722/5028/4722 4723/5029/4723 4721/5027/4721
f 4722/5028/4722 4724/5030/4724 4725/5031/4725 4723/5029/4723
f 4719/5025/4719 4721/5027/4721 4726/5032/4726 4718/5024/4718
f 4721/5027/4721 4723/5029/4723 4727/5033/4727 4726/5032/4726
f 4723/5029/4723 4725/5031/4725 4728/5034/4728 4727/5033/4727
f 4718/5024/4718 4726/5032/4726 4729/5035/4729 4717/5023/4717
f 4726/5032/4726 4727/5033/4727 4730/5036/4730 4729/5035/4729
f 4727/5033/4727 4728/5034/4728 4731/5037/4731 4730/5036/4730
f 4717/5023/4717 4729/5035/4729 1867/5038/1867 38/5022/38
f 4729/5035/4729 4730/5036/4730 1866/5039/1866 1867/5038/1867
f 4730/5036/4730 4731/5037/4731 1849/5040/1849 1866/5039/1866
f 4732/5041/4732 4733/5042/4733 4734/5043/4734 4735/5044/4735
f 4736/5045/4736 4616/4905/4616 4614/4903/4614 4737/5046/4737
f 4735/5044/4735 4734/5043/4734 4738/5047/4738 4739/5048/4739
f 4737/5046/4737 4614/4903/4614 4612/4901/4612 4652/4941/4652
f 4739/5048/4739 4738/5047/4738 4740/5049/4740 4741/5050/4741
f 4741/5050/4741 4740/5049/4740 1846/5051/1846 1847/5052/1847
f 4740/5049/4740 4651/4940/4651 4653/4942/4653 1846/5051/1846
f 4724/5030/4724 4732/5041/4732 4735/5044/4735 4725/5031/4725
f 4725/5031/4725 4735/5044/4735 4739/5048/4739 4728/5034/4728
f 4728/5034/4728 4739/5048/4739 4741/5050/4741 4731/5037/4731
f 4731/5037/4731 4741/5050/4741 1847/5052/1847 1849/5040/1849
f 1846/5051/1846 4653/4942/4653 515/538/515
f 4742/5053/4742 4743/5054/4743 4744/5055/4744 4745/5056/4745
f 4743/5054/4743 4746/5057/4746 4747/5058/4747 4744/5055/4744
f 4746/5057/4746 4748/5059/4748 4749/5060/4749 4747/5058/4747
f 4748/5059/4748 4750/5061/4750 4751/5062/4751 4749/5060/4749
f 4750/5061/4750 4752/5063/4752 4753/5064/4753 4751/5062/4751
f 4752/5063/4752 4754/5065/4754 4755/5066/4755 4753/5064/4753
f 4754/5065/4754 4756/5067/4756 4757/5068/4757 4755/5066/4755
f 4745/5056/4745 4744/5055/4744 4758/5069/4758 4759/5070/4759
f 4744/5055/4744 4747/5058/4747 4760/5071/4760 4758/5069/4758
f 4747/5058/4747 4749/5060/4749 4761/5072/4761 4760/5071/4760
f 4749/5060/4749 4751/5062/4751 4762/5073/4762 4761/5072/4761
f 4751/5062/4751 4753/5064/4753 4763/5074/4763 4762/5073/4762
f 4753/5064/4753 4755/5066/4755 4764/5075/4764 4763/5074/4763
f 4755/5066/4755 4757/5068/4757 4765/5076/4765 4764/5075/4764
f 4758/5069/4758 4760/5071/4760 4766/5077/4766
f 4760/5071/4760 4761/5072/4761 4767/5078/4767 4766/5077/4766
f 4761/5072/4761 4762/5073/4762 4768/5079/4768 4767/5078/4767
f 4762/5073/4762 4763/5074/4763 4769/5080/4769 4768/5079/4768
f 4763/5074/4763 4764/5075/4764 4770/5081/4770 4769/5080/4769
f 4764/5075/4764 4765/5076/4765 4771/5082/4771 4770/5081/4770
f 4759/5070/4759 4758/5069/4758 4772/5083/4772 4773/5084/4773
f 4758/5069/4758 4766/5077/4766 4774/5085/4774 4772/5083/4772
f 4766/5077/4766 4767/5078/4767 4775/5086/4775 4774/5085/4774
f 4767/5078/4767 4768/5079/4768 4776/5087/4776 4775/5086/4775
f 4768/5079/4768 4769/5080/4769 4777/5088/4777 4776/5087/4776
f 4769/5080/4769 4770/5081/4770 4778/5089/4778 4777/5088/4777
f 4770/5081/4770 4771/5082/4771 4779/5090/4779 4778/5089/4778
f 4707/5008/4707 4780/5091/4780 4781/5092/4781 4720/5026/4720
f 4782/5093/4782 4745/5056/4745 4759/5070/4759 4783/5094/4783
f 4783/5094/4783 4759/5070/4759 4773/5084/4773 4784/5095/4784
f 4771/5082/4771 4785/5096/4785 4786/5097/4786 4779/5090/4779
f 4765/5076/4765 4787/5098/4787 4785/5096/4785 4771/5082/4771
f 4757/5068/4757 4788/5099/4788 4787/5098/4787 4765/5076/4765
f 4756/5067/4756 4789/5100/4789 4788/5099/4788 4757/5068/4757
f 4790/5101/4790 4791/5102/4791 4792/5103/4792 4793/5104/4793
f 4791/5102/4791 4794/5105/4794 4795/5106/4795 4792/5103/4792
f 4794/5105/4794 4796/5107/4796 4797/5108/4797 4795/5106/4795
f 4796/5107/4796 4798/5109/4798 4799/5110/4799 4797/5108/4797
f 4798/5109/4798 4800/5111/4800 4801/5112/4801 4799/5110/4799
f 4800/5111/4800 4802/5113/4802 4803/5114/4803 4801/5112/4801
f 4802/5113/4802 4804/5115/4804 4805/5116/4805 4803/5114/4803
f 4793/5104/4793 4792/5103/4792 4806/5117/4806 4807/5118/4807
f 4792/5103/4792 4795/5106/4795 4808/5119/4808 4806/5117/4806
f 4795/5106/4795 4797/5108/4797 4809/5120/4809 4808/5119/4808
f 4797/5108/4797 4799/5110/4799 4810/5121/4810 4809/5120/4809
f 4799/5110/4799 4801/5112/4801 4811/5122/4811 4810/5121/4810
f 4801/5112/4801 4803/5114/4803 4812/5123/4812 4811/5122/4811
f 4803/5114/4803 4805/5116/4805 4813/5124/4813 4812/5123/4812
f 4807/5118/4807 4806/5117/4806 4814/5125/4814 4815/5126/4815
f 4806/5117/4806 4808/5119/4808 4816/5127/4816 4814/5125/4814
f 4808/5119/4808 4809/5120/4809 4817/5128/4817 4816/5127/4816
f 4809/5120/4809 4810/5121/4810 4818/5129/4818 4817/5128/4817
f 4810/5121/4810 4811/5122/4811 4819/5130/4819 4818/5129/4818
f 4811/5122/4811 4812/5123/4812 4820/5131/4820 4819/5130/4819
f 4812/5123/4812 4813/5124/4813 4821/5132/4821 4820/5131/4820
f 4732/5041/4732 4822/5133/4822 4823/5134/4823 4733/5042/4733
f 4824/5135/4824 4793/5104/4793 4807/5118/4807 4825/5136/4825
f 4825/5136/4825 4807/5118/4807 4815/5126/4815 4826/5137/4826
f 4813/5124/4813 4827/5138/4827 4828/5139/4828 4821/5132/4821
f 4805/5116/4805 4829/5140/4829 4827/5138/4827 4813/5124/4813
f 4804/5115/4804 4830/5141/4830 4829/5140/4829 4805/5116/4805
f 4790/5101/4790 4831/5142/4831 4784/5095/4784 4773/5084/4773
f 4832/5143/4832 4833/5144/4833 4834/5145/4834
f 4835/5146/4835 4836/5147/4836 4837/5148/4837 4838/5149/4838
f 4836/5147/4836 4839/5150/4839 4840/5151/4840 4837/5148/4837
f 4839/5150/4839 4841/5152/4841 4842/5153/4842 4840/5151/4840
f 4841/5152/4841 4843/5154/4843 4844/5155/4844 4842/5153/4842
f 4843/5154/4843 4845/5156/4845 4846/5157/4846 4844/5155/4844
f 4845/5156/4845 4832/5143/4832 4847/5158/4847 4846/5157/4846
f 4832/5143/4832 4834/5145/4834 4848/5159/4848 4847/5158/4847
f 4849/5160/4849 4837/5148/4837 4850/5161/4850 4851/5162/4851
f 4837/5148/4837 4840/5151/4840 4852/5163/4852 4850/5161/4850
f 4840/5151/4840 4842/5153/4842 4853/5164/4853 4852/5163/4852
f 4842/5153/4842 4844/5155/4844 4854/5165/4854 4853/5164/4853
f 4844/5155/4844 4846/5157/4846 4855/5166/4855 4854/5165/4854
f 4846/5157/4846 4847/5158/4847 4856/5167/4856 4855/5166/4855
f 4847/5158/4847 4848/5159/4848 4857/5168/4857 4856/5167/4856
f 4851/5162/4851 4850/5161/4850 4858/5169/4858 4859/5170/4859
f 4850/5161/4850 4852/5163/4852 4860/5171/4860 4858/5169/4858
f 4852/5163/4852 4853/5164/4853 4861/5172/4861 4860/5171/4860
f 4853/5164/4853 4854/5165/4854 4862/5173/4862 4861/5172/4861
f 4854/5165/4854 4855/5166/4855 4863/5174/4863 4862/5173/4862
f 4855/5166/4855 4856/5167/4856 4864/5175/4864 4863/5174/4863
f 4856/5167/4856 4857/5168/4857 4865/5176/4865 4864/5175/4864
f 4863/5174/4863 4864/5175/4864 4866/5177/4866
f 4864/5175/4864 4865/5176/4865 4867/5178/4867 4866/5177/4866
f 4616/4905/4616 4868/5179/4868 4869/5180/4869 4617/4906/4617
f 4835/5146/4835 4838/5149/4838 4870/5181/4870 4871/5182/4871
f 4872/5183/4872 4849/5160/4849 4851/5162/4851 4873/5184/4873
f 4873/5184/4873 4851/5162/4851 4859/5170/4859 4874/5185/4874
f 4874/5185/4874 4859/5170/4859 4875/5186/4875 4876/5187/4876
f 4859/5170/4859 4858/5169/4858 4877/5188/4877 4875/5186/4875
f 4858/5169/4858 4860/5171/4860 4878/5189/4878 4877/5188/4877
f 4860/5171/4860 4861/5172/4861 4879/5190/4879 4878/5189/4878
f 4861/5172/4861 4862/5173/4862 4880/5191/4880 4879/5190/4879
f 4862/5173/4862 4863/5174/4863 4881/5192/4881 4880/5191/4880
f 4863/5174/4863 4866/5177/4866 4882/5193/4882 4881/5192/4881
f 4866/5177/4866 4867/5178/4867 4883/5194/4883 4882/5193/4882
f 4867/5178/4867 4884/5195/4884 4885/5196/4885 4883/5194/4883
f 4865/5176/4865 4886/5197/4886 4884/5195/4884 4867/5178/4867
f 4857/5168/4857 4887/5198/4887 4886/5197/4886 4865/5176/4865
f 4848/5159/4848 4888/5199/4888 4887/5198/4887 4857/5168/4857
f 4834/5145/4834 4889/5200/4889 4888/5199/4888 4848/5159/4848
f 4833/5144/4833 4890/5201/4890 4889/5200/4889 4834/5145/4834
f 4890/5201/4890 4891/5202/4891 4892/5203/4892 4893/5204/4893
f 4833/5144/4833 4832/5143/4832 4894/5205/4894 4895/5206/4895
f 4832/5143/4832 4845/5156/4845 4819/5130/4819 4894/5205/4894
f 4845/5156/4845 4843/5154/4843 4818/5129/4818 4819/5130/4819
f 4843/5154/4843 4841/5152/4841 4817/5128/4817 4818/5129/4818
f 4841/5152/4841 4839/5150/4839 4816/5127/4816 4817/5128/4817
f 4839/5150/4839 4836/5147/4836 4814/5125/4814 4816/5127/4816
f 4835/5146/4835 4815/5126/4815 4814/5125/4814 4836/5147/4836
f 4835/5146/4835 4871/5182/4871 4826/5137/4826 4815/5126/4815
f 4875/5186/4875 4877/5188/4877 4896/5207/4896 4897/5208/4897
f 4877/5188/4877 4878/5189/4878 4898/5209/4898 4896/5207/4896
f 4878/5189/4878 4879/5190/4879 4899/5210/4899 4898/5209/4898
f 4879/5190/4879 4880/5191/4880 4900/5211/4900 4899/5210/4899
f 4880/5191/4880 4881/5192/4881 4901/5212/4901 4900/5211/4900
f 4881/5192/4881 4882/5193/4882 4902/5213/4902 4901/5212/4901
f 4882/5193/4882 4903/5214/4903 4904/5215/4904 4902/5213/4902
f 4902/5213/4902 4904/5215/4904 4905/5216/4905
f 4897/5208/4897 4896/5207/4896 4906/5217/4906 4907/5218/4907
f 4896/5207/4896 4898/5209/4898 4908/5219/4908 4906/5217/4906
f 4898/5209/4898 4899/5210/4899 4909/5220/4909 4908/5219/4908
f 4899/5210/4899 4900/5211/4900 4910/5221/4910 4909/5220/4909
f 4900/5211/4900 4901/5212/4901 4911/5222/4911 4910/5221/4910
f 4901/5212/4901 4902/5213/4902 4912/5223/4912 4911/5222/4911
f 4902/5213/4902 4905/5216/4905 4913/5224/4913 4912/5223/4912
f 4907/5218/4907 4906/5217/4906 4914/5225/4914 4915/5226/4915
f 4906/5217/4906 4908/5219/4908 4916/5227/4916 4914/5225/4914
f 4908/5219/4908 4909/5220/4909 4917/5228/4917 4916/5227/4916
f 4909/5220/4909 4910/5221/4910 4918/5229/4918 4917/5228/4917
f 4910/5221/4910 4911/5222/4911 4919/5230/4919 4918/5229/4918
f 4911/5222/4911 4912/5223/4912 4920/5231/4920 4919/5230/4919
f 4912/5223/4912 4913/5224/4913 4921/5232/4921 4920/5231/4920
f 4919/5230/4919 4920/5231/4920 4922/5233/4922
f 4920/5231/4920 4921/5232/4921 4923/5234/4923 4922/5233/4922
f 4650/4939/4650 4924/5235/4924 4654/4943/4654
f 4876/5187/4876 4875/5186/4875 4897/5208/4897 4925/5236/4925
f 4925/5236/4925 4897/5208/4897 4907/5218/4907 4926/5237/4926
f 4926/5237/4926 4907/5218/4907 4915/5226/4915 4927/5238/4927
f 4927/5238/4927 4915/5226/4915 4928/5239/4928 4929/5240/4929
f 4915/5226/4915 4914/5225/4914 4930/5241/4930 4928/5239/4928
f 4914/5225/4914 4916/5227/4916 4931/5242/4931 4930/5241/4930
f 4916/5227/4916 4917/5228/4917 4932/5243/4932 4931/5242/4931
f 4917/5228/4917 4918/5229/4918 4933/5244/4933 4932/5243/4932
f 4918/5229/4918 4919/5230/4919 4934/5245/4934 4933/5244/4933
f 4922/5233/4922 4935/5246/4935 4934/5245/4934 4919/5230/4919
f 4922/5233/4922 4923/5234/4923 4936/5247/4936
f 4923/5234/4923 4937/5248/4937 4938/5249/4938 4936/5247/4936
f 4921/5232/4921 4939/5250/4939 4937/5248/4937 4923/5234/4923
f 4913/5224/4913 4940/5251/4940 4939/5250/4939 4921/5232/4921
f 4905/5216/4905 4941/5252/4941 4940/5251/4940 4913/5224/4913
f 4904/5215/4904 4942/5253/4942 4941/5252/4941 4905/5216/4905
f 4903/5214/4903 4943/5254/4943 4942/5253/4942 4904/5215/4904
f 4885/5196/4885 4943/5254/4943 4903/5214/4903 4883/5194/4883
f 4903/5214/4903 4882/5193/4882 4883/5194/4883
f 4928/5239/4928 4930/5241/4930 4944/5255/4944 4945/5256/4945
f 4930/5241/4930 4931/5242/4931 4946/5257/4946 4944/5255/4944
f 4931/5242/4931 4932/5243/4932 4947/5258/4947 4946/5257/4946
f 4932/5243/4932 4933/5244/4933 4948/5259/4948 4947/5258/4947
f 4933/5244/4933 4934/5245/4934 4949/5260/4949 4948/5259/4948
f 4934/5245/4934 4935/5246/4935 4950/5261/4950 4949/5260/4949
f 4935/5246/4935 4951/5262/4951 4952/5263/4952 4950/5261/4950
f 4945/5256/4945 4944/5255/4944 4953/5264/4953 4954/5265/4954
f 4944/5255/4944 4946/5257/4946 4955/5266/4955 4953/5264/4953
f 4946/5257/4946 4947/5258/4947 4956/5267/4956 4955/5266/4955
f 4947/5258/4947 4948/5259/4948 4957/5268/4957 4956/5267/4956
f 4948/5259/4948 4949/5260/4949 4958/5269/4958 4957/5268/4957
f 4949/5260/4949 4950/5261/4950 4959/5270/4959 4958/5269/4958
f 4950/5261/4950 4952/5263/4952 4960/5271/4960 4959/5270/4959
f 4954/5272/4954 4953/5273/4953 4961/5274/4961 4962/5275/4962
f 4953/5273/4953 4955/5276/4955 4963/5277/4963 4961/5274/4961
f 4955/5276/4955 4956/5278/4956 4964/5279/4964 4963/5277/4963
f 4956/5278/4956 4957/5280/4957 4965/5281/4965 4964/5279/4964
f 4957/5280/4957 4958/5282/4958 4966/5283/4966 4965/5281/4965
f 4958/5282/4958 4959/5284/4959 4967/5285/4967 4966/5283/4966
f 4959/5284/4959 4960/5286/4960 4968/5287/4968 4967/5285/4967
f 4966/5283/4966 4967/5285/4967 4969/5288/4969
f 4967/5285/4967 4968/5287/4968 4970/5289/4970 4969/5288/4969
f 4681/4971/4681 4971/5290/4971 4972/5291/4972 4682/4972/4682
f 4973/5292/4973 4945/5256/4945 4954/5265/4954 4974/5293/4974
f 4974/5294/4974 4954/5272/4954 4962/5275/4962 4975/5295/4975
f 4975/5295/4975 4962/5275/4962 4976/5296/4976 4977/5297/4977
f 4962/5275/4962 4961/5274/4961 4978/5298/4978 4976/5296/4976
f 4961/5274/4961 4963/5277/4963 4979/5299/4979 4978/5298/4978
f 4963/5277/4963 4964/5279/4964 4980/5300/4980 4979/5299/4979
f 4964/5279/4964 4965/5281/4965 4981/5301/4981 4980/5300/4980
f 4965/5281/4965 4966/5283/4966 4982/5302/4982 4981/5301/4981
f 4966/5283/4966 4969/5288/4969 4983/5303/4983 4982/5302/4982
f 4969/5288/4969 4970/5289/4970 4984/5304/4984 4983/5303/4983
f 4970/5289/4970 4985/5305/4985 4986/5306/4986 4984/5304/4984
f 4968/5287/4968 4987/5307/4987 4985/5305/4985 4970/5289/4970
f 4960/5286/4960 4988/5308/4988 4987/5307/4987 4968/5287/4968
f 4952/5263/4952 4989/5309/4989 4988/5310/4988 4960/5271/4960
f 4951/5262/4951 4990/5311/4990 4989/5309/4989 4952/5263/4952
f 4990/5311/4990 4938/5249/4938 4991/5312/4991 4992/5313/4992
f 4951/5262/4951 4935/5246/4935 4922/5233/4922 4936/5247/4936
f 4976/5296/4976 4978/5298/4978 4993/5314/4993 4994/5315/4994
f 4978/5298/4978 4979/5299/4979 4995/5316/4995 4993/5314/4993
f 4979/5299/4979 4980/5300/4980 4996/5317/4996 4995/5316/4995
f 4980/5300/4980 4981/5301/4981 4997/5318/4997 4996/5317/4996
f 4981/5301/4981 4982/5302/4982 4998/5319/4998 4997/5318/4997
f 4982/5302/4982 4983/5303/4983 4999/5320/4999 4998/5319/4998
f 4983/5303/4983 4984/5304/4984 5000/5321/5000 4999/5320/4999
f 4994/5315/4994 4993/5314/4993 5001/5322/5001 5002/5323/5002
f 4993/5314/4993 4995/5316/4995 5003/5324/5003 5001/5322/5001
f 4995/5316/4995 4996/5317/4996 5004/5325/5004 5003/5324/5003
f 4996/5317/4996 4997/5318/4997 5005/5326/5005 5004/5325/5004
f 4997/5318/4997 4998/5319/4998 5006/5327/5006 5005/5326/5005
f 4998/5319/4998 4999/5320/4999 5007/5328/5007 5006/5327/5006
f 4999/5320/4999 5000/5321/5000 5008/5329/5008 5007/5328/5007
f 5002/5323/5002 5001/5322/5001 5009/5330/5009 5010/5331/5010
f 5001/5322/5001 5003/5324/5003 5011/5332/5011 5009/5330/5009
f 5003/5324/5003 5004/5325/5004 5012/5333/5012 5011/5332/5011
f 5004/5325/5004 5005/5326/5005 5013/5334/5013 5012/5333/5012
f 5005/5326/5005 5006/5327/5006 5014/5335/5014 5013/5334/5013
f 5006/5327/5006 5007/5328/5007 5015/5336/5015 5014/5335/5014
f 5007/5328/5007 5008/5329/5008 5016/5337/5016 5015/5336/5015
f 5010/5331/5010 5009/5330/5009 4743/5054/4743 4742/5053/4742
f 5009/5330/5009 5011/5332/5011 4746/5057/4746 4743/5054/4743
f 5011/5332/5011 5012/5333/5012 4748/5059/4748 4746/5057/4746
f 5012/5333/5012 5013/5334/5013 4750/5061/4750 4748/5059/4748
f 5013/5334/5013 5014/5335/5014 5017/5338/5017 4750/5061/4750
f 5014/5335/5014 5015/5336/5015 5018/5339/5018 5017/5338/5017
f 5015/5336/5015 5016/5337/5016 5019/5340/5019 5018/5339/5018
f 4700/5001/4700 5020/5341/5020 5021/5342/5021 4701/5002/4701
f 5022/5343/5022 4994/5315/4994 5002/5323/5002 5023/5344/5023
f 5023/5344/5023 5002/5323/5002 5010/5331/5010 5024/5345/5024
f 5024/5345/5024 5010/5331/5010 4742/5053/4742 5025/5346/5025
f 4750/5061/4750 5017/5338/5017 4752/5063/4752
f 5017/5338/5017 5018/5339/5018 4754/5065/4754 4752/5063/4752
f 5018/5339/5018 5019/5340/5019 4756/5067/4756 4754/5065/4754
f 4789/5100/4789 5026/5347/5026 5027/5348/5027 5028/5349/5028
f 5016/5337/5016 5029/5350/5029 5026/5347/5026 5019/5340/5019
f 5008/5329/5008 5030/5351/5030 5029/5350/5029 5016/5337/5016
f 5000/5321/5000 5031/5352/5031 5030/5351/5030 5008/5329/5008
f 4984/5304/4984 4986/5306/4986 5031/5352/5031 5000/5321/5000
f 5032/5353/5032 5033/5354/5033 5034/5355/5034 2080/2248/2080
f 2847/3065/2847 2928/3147/2928 2844/3062/2844 2843/3061/2843
f 2833/3051/2833 2835/3053/2835 2840/3058/2840 2838/3056/2838
f 2844/3062/2844 5035/5356/5035 5036/5357/5036 2845/3063/2845
f 5034/5355/5034 5033/5354/5033 5037/5358/5037 5038/5359/5038
f 5039/5360/5039 2054/5361/2054 2074/2238/2074 2075/2237/2075
f 2063/2225/2063 455/469/455 457/471/457 5040/5362/5040
f 2058/2244/2058 5041/5363/5041 2047/2209/2047 2045/2207/2045
f 5042/5364/5042 5041/5365/5041 2058/2220/2058 2057/2219/2057
f 2061/2223/2061 5043/5366/5043 5042/5364/5042 2057/2219/2057
f 2063/2225/2063 5040/5362/5040 5043/5366/5043 2061/2223/2061
f 2502/2699/2502 420/430/420 456/470/456 2062/2224/2062
f 2503/2700/2503 2502/2699/2502 2062/2224/2062 2060/2222/2060
f 2506/2703/2506 2503/2700/2503 2060/2222/2060 2056/2218/2056
f 2508/2705/2508 2506/2703/2506 2056/2218/2056 2059/2221/2059
f 2042/2204/2042 2508/2730/2508 2059/2243/2059 2043/2205/2043
f 5044/5367/5044 5045/5368/5045 2079/2247/2079 83/83/83
f 71/71/71 86/86/86 83/83/83 72/72/72
f 5046/5369/5046 2032/5370/2032 2033/5371/2033 5047/5372/5047
f 5047/5372/5047 5048/5373/5048 5037/5358/5037 5046/5369/5046
f 5037/5358/5037 5048/5373/5048 5049/5374/5049 5038/5359/5038
f 5050/5375/5050 2006/5376/2006 2032/5370/2032 5046/5369/5046
f 5037/5358/5037 5033/5354/5033 5050/5375/5050 5046/5369/5046
f 2033/5371/2033 5051/5377/5051 5052/5378/5052 5047/5372/5047
f 5048/5373/5048 5047/5372/5047 5052/5378/5052
f 2055/5379/2055 2054/5361/2054 5039/5360/5039 5053/5380/5053
f 5054/5381/5054 5055/5382/5055 5053/5380/5053 5039/5360/5039
f 5056/5383/5056 5057/5384/5057 5054/5381/5054 2078/2242/2078
f 5039/5360/5039 2075/2237/2075 2078/2242/2078 5054/5381/5054
f 5058/5385/5058 5059/5386/5059 2145/2327/2145 2144/2326/2144
f 2120/2295/2120 2145/2327/2145 5059/5386/5059 2116/2288/2116
f 3412/3644/3412 3411/3643/3411 5060/5387/5060 5061/5388/5061
f 88/88/88 91/91/91 3412/3644/3412 5061/5388/5061
f 5062/5389/5062 43/43/43 40/40/40 2214/2402/2214
f 5063/5390/5063 45/45/45 43/43/43 5062/5389/5062
f 5064/5391/5064 5063/5390/5063 5062/5389/5062 2213/2401/2213
f 2212/2399/2212 5064/5391/5064 2213/2401/2213 2165/2350/2165
f 5065/5392/5065 47/47/47 45/45/45 5063/5390/5063
f 5066/5393/5066 5065/5392/5065 5063/5390/5063 5064/5391/5064
f 5066/5393/5066 5064/5391/5064 2212/2399/2212 5067/5394/5067
f 2218/5395/2218 5067/5394/5067 2212/2399/2212 2161/2400/2161
f 5068/5396/5068 49/49/49 47/47/47 5065/5392/5065
f 5069/5397/5069 5068/5396/5068 5065/5392/5065 5066/5393/5066
f 5070/5398/5070 5069/5397/5069 5066/5393/5066 5067/5394/5067
f 5071/5399/5071 5070/5398/5070 5067/5394/5067 2218/5395/2218
f 2217/5400/2217 5071/5399/5071 2218/5395/2218
f 5072/5401/5072 51/51/51 49/49/49 5068/5396/5068
f 5073/5402/5073 5072/5401/5072 5068/5396/5068 5069/5397/5069
f 5074/5403/5074 5073/5402/5073 5069/5397/5069 5070/5398/5070
f 5074/5403/5074 5070/5398/5070 5071/5399/5071 5075/5404/5075
f 2216/5405/2216 5075/5404/5075 5071/5399/5071 2217/5400/2217
f 5076/5406/5076 53/53/53 51/51/51 5072/5401/5072
f 5077/5407/5077 5076/5406/5076 5072/5401/5072 5073/5402/5073
f 5078/5408/5078 5077/5407/5077 5073/5402/5073 5074/5403/5074
f 5079/5409/5079 5078/5408/5078 5074/5403/5074 5075/5404/5075
f 2215/5410/2215 5079/5409/5079 5075/5404/5075 2216/5405/2216
f 303/303/303 96/96/96 53/53/53 5076/5406/5076
f 304/304/304 303/303/303 5076/5406/5076 5077/5407/5077
f 307/307/307 304/304/304 5077/5407/5077 5078/5408/5078
f 5078/5408/5078 5079/5409/5079 309/309/309 307/307/307
f 311/311/311 309/309/309 5079/5409/5079 2215/5410/2215
f 2214/2402/2214 97/97/97 2173/2360/2173 2172/2359/2172
f 2213/2401/2213 5062/5389/5062 2214/2402/2214 2172/2359/2172
f 2169/2355/2169 2153/2335/2153 2157/5411/2157 2156/5412/2156
f 2168/2354/2168 2151/2333/2151 2153/2335/2153 2169/2355/2169
f 2152/2334/2152 2151/2333/2151 2168/2354/2168 5080/5413/5080
f 2164/2347/2164 2169/2355/2169 2156/5412/2156 2158/2348/2158
f 5080/5413/5080 2168/2354/2168 2167/2353/2167 5081/5414/5081
f 2157/2339/2157 2134/2312/2134 2133/2311/2133 2154/2336/2154
f 2137/2318/2137 2134/2317/2134 2157/5411/2157 2153/2335/2153
f 2145/2327/2145 2119/2294/2119 2122/2299/2122 2140/2322/2140
f 2145/2327/2145 2120/2295/2120 2119/2294/2119
f 2138/2319/2138 2135/2313/2135 2130/2316/2130 2132/2320/2132
f 2148/2330/2148 2141/2323/2141 2142/2324/2142 2149/2331/2149
f 2123/2315/2123 2136/2314/2136 2122/2299/2122 2117/2298/2117
f 2000/2160/2000 5044/5367/5044 86/86/86 85/85/85
f 5045/5368/5045 5044/5367/5044 2000/2160/2000 2002/2162/2002
f 2002/2162/2002 2004/2164/2004 5082/5415/5082 5045/5368/5045
f 2004/2164/2004 2006/5376/2006 5050/5375/5050 5082/5415/5082
f 453/466/453 462/476/462 459/5416/459 452/467/452
f 450/463/450 451/464/451 460/474/460 458/472/458
f 2070/2245/2070 2053/2215/2053 2052/2214/2052 2071/5417/2071
f 2026/2188/2026 2051/2213/2051 2050/2212/2050 2027/2189/2027
f 5083/5418/5083 2025/2187/2025 2005/2166/2005 2003/2165/2003
f 5084/5419/5084 5083/5420/5083 2003/2163/2003 2001/2161/2001
f 5085/5421/5085 5084/5419/5084 2001/2161/2001 1999/2159/1999
f 87/87/87 5086/5422/5086 5085/5421/5085 1999/2159/1999
f 74/74/74 75/75/75 5086/5422/5086 87/87/87
f 5040/5362/5040 457/471/457 458/472/458 2064/2226/2064
f 5040/5362/5040 2064/2226/2064 2067/2229/2067 5043/5366/5043
f 5043/5366/5043 2067/2229/2067 2068/2230/2068 5042/5364/5042
f 2071/2233/2071 5041/5365/5041 5042/5364/5042 2068/2230/2068
f 2052/2214/2052 2047/2209/2047 5041/5363/5041 2071/5417/2071
f 2047/2209/2047 2052/2214/2052 2048/2210/2048 2046/2208/2046
f 2046/2208/2046 2048/2210/2048 2051/2213/2051 2035/2197/2035
f 2022/2184/2022 2035/2197/2035 2051/2213/2051 2026/2188/2026
f 2022/2184/2022 2026/2188/2026 2023/2185/2023 2020/2182/2020
f 2020/2182/2020 2023/2185/2023 2025/2187/2025 2021/2183/2021
f 5087/5423/5087 2021/2183/2021 2025/2187/2025 5083/5418/5083
f 5088/5424/5088 5087/5425/5087 5083/5420/5083 5084/5419/5084
f 5089/5426/5089 5088/5424/5088 5084/5419/5084 5085/5421/5085
f 5086/5422/5086 5090/5427/5090 5089/5426/5089 5085/5421/5085
f 5091/5428/5091 5090/5427/5090 5086/5422/5086 75/75/75
f 69/69/69 5091/5428/5091 75/75/75 67/67/67
f 59/59/59 60/60/60 69/69/69 67/67/67
f 5092/5429/5092 2017/2179/2017 2021/2183/2021 5087/5423/5087
f 5093/5430/5093 5092/5431/5092 5087/5425/5087 5088/5424/5088
f 5094/5432/5094 5093/5430/5093 5088/5424/5088 5089/5426/5089
f 5090/5427/5090 89/89/89 5094/5432/5094 5089/5426/5089
f 77/77/77 89/89/89 5090/5427/5090 5091/5428/5091
f 69/69/69 68/68/68 77/77/77 5091/5428/5091
f 5095/5433/5095 2018/2180/2018 2017/2179/2017 5092/5429/5092
f 5060/5387/5060 5096/5434/5096 5092/5431/5092 5093/5430/5093
f 5061/5388/5061 5060/5387/5060 5093/5430/5093 5094/5432/5094
f 89/89/89 88/88/88 5061/5388/5061 5094/5432/5094
f 5049/5374/5049 5097/5435/5097 5098/5436/5098 5099/5437/5099
f 4895/5206/4895 4891/5202/4891 4890/5201/4890 4833/5144/4833
f 4936/5247/4936 4938/5249/4938 4990/5311/4990 4951/5262/4951
f 5019/5340/5019 5026/5347/5026 4789/5100/4789 4756/5067/4756
f 5100/5438/5100 1561/1694/1561 1556/1689/1556 1563/1696/1563
f 1325/1440/1325 1561/1694/1561 5100/5438/5100 1305/1420/1305
f 1326/1441/1326 1325/1440/1325 1305/1420/1305 1308/1423/1308
f 1310/1425/1310 1306/1421/1306 1305/1420/1305 5100/5438/5100
f 1563/1696/1563 5101/5439/5101 1310/1425/1310 5100/5438/5100
f 1581/1714/1581 1394/1518/1394 1395/1519/1395 1562/1695/1562
f 1580/1713/1580 1393/1517/1393 1394/1518/1394 1581/1714/1581
f 1582/1715/1582 1392/1516/1392 1393/1517/1393 1580/1713/1580
f 5101/5439/5101 5102/5440/5102 1312/1427/1312 1310/1425/1310
f 1544/1677/1544 1547/1680/1547 1550/1683/1550 1560/1693/1560
f 1545/1678/1545 1544/1677/1544 1560/1693/1560 1559/1692/1559
f 1548/1681/1548 1564/1697/1564 1553/1686/1553 1549/1682/1549
f 1528/1661/1528 1523/1656/1523 1532/1665/1532 1531/1664/1531
f 1563/1696/1563 1562/1695/1562 1395/1519/1395 5101/5439/5101
f 1320/1435/1320 1319/1434/1319 1312/1427/1312 5102/5440/5102
f 1312/1427/1312 1319/1434/1319 5103/5441/5103 1311/1426/1311
f 1780/1915/1780 5104/5442/5104 5105/5443/5105 1781/1916/1781
f 1309/1424/1309 1311/1426/1311 5103/5441/5103 5106/5444/5106
f 1309/1424/1309 5106/5444/5106 1318/1433/1318 1317/1432/1317
f 5106/5444/5106 5107/5445/5107 5108/5446/5108 1318/1433/1318
f 5109/5447/5109 5107/5445/5107 5106/5444/5106 5103/5441/5103
f 1094/1179/1094 5109/5447/5109 5103/5441/5103 1319/1434/1319
f 1348/1463/1348 1316/1431/1316 1315/1430/1315 1327/1442/1327
f 1329/1444/1329 1342/1457/1342 1348/1463/1348 1327/1442/1327
f 1034/1113/1034 1033/1112/1033 5104/5442/5104 1780/1915/1780
f 1016/1095/1016 1092/1177/1092 1018/1097/1018 1017/1096/1017
f 1095/1180/1095 5110/5448/5110 1093/5449/1093 1092/1181/1092
f 1320/1435/1320 5110/5448/5110 1095/1180/1095
f 5110/5448/5110 1313/1428/1313 1321/1436/1321 1093/5449/1093
f 1320/1435/1320 1314/1429/1314 1313/1428/1313 5110/5448/5110
f 5102/5440/5102 5111/5450/5111 1314/1429/1314 1320/1435/1320
f 5101/5439/5101 1395/1519/1395 5111/5450/5111 5102/5440/5102
f 1373/1488/1373 1315/1430/1315 1314/1429/1314 5111/5450/5111
f 1395/1519/1395 1373/1488/1373 5111/5450/5111
f 1348/1463/1348 1350/1465/1350 1322/1437/1322 1316/1431/1316
f 1017/1096/1017 1028/1107/1028 1027/1106/1027 1015/1094/1015
f 1012/1091/1012 1022/1101/1022 1025/1104/1025 1013/1092/1013
f 1027/1106/1027 1022/1101/1022 1012/1091/1012 1015/1094/1015
f 1017/1096/1017 1018/1097/1018 1021/1100/1021 1028/1107/1028
f 5105/5451/5105 5112/5452/5112 5113/5453/5113 5114/5454/5114
f 5104/5455/5104 5115/5456/5115 5112/5452/5112 5105/5451/5105
f 1020/1099/1020 1033/5457/1033 1032/5458/1032 1031/1110/1031
f 1040/1119/1040 1031/1110/1031 1032/5458/1032 1042/1129/1042
f 1020/1099/1020 1019/1098/1019 1033/5457/1033
f 1944/2098/1944 5116/5459/5116 1941/2095/1941 1942/2096/1942
f 5116/5459/5116 1962/2116/1962 1940/2094/1940 1941/2095/1941
f 1631/1764/1631 1702/1837/1702 1224/1325/1224 1223/1324/1223
f 1944/2098/1944 1943/2097/1943 5117/5460/5117 1949/2103/1949
f 1948/2102/1948 5116/5459/5116 1944/2098/1944 1949/2103/1949
f 1957/2111/1957 1962/2116/1962 5116/5459/5116 1948/2102/1948
f 5118/5461/5118 5119/5462/5119 1969/2123/1969 1968/2122/1968
f 5118/5461/5118 5120/5463/5120 5121/5464/5121 5119/5462/5119
f 5122/5465/5122 5123/5466/5123 5121/5464/5121 5120/5463/5120
f 1229/1330/1229 1228/1329/1228 5123/5466/5123 5122/5465/5122
f 1642/1775/1642 1641/1774/1641 1227/1328/1227 1226/1327/1226
f 1949/2103/1949 5117/5460/5117 5124/5467/5124 1946/2100/1946
f 1970/2124/1970 5125/5468/5125 5118/5461/5118 1968/2122/1968
f 5126/5469/5126 5120/5463/5120 5118/5461/5118 5125/5468/5125
f 5127/5470/5127 5122/5465/5122 5120/5463/5120 5126/5469/5126
f 1231/1332/1231 1229/1330/1229 5122/5465/5122 5127/5470/5127
f 1650/1783/1650 1642/1775/1642 1226/1327/1226 1230/1331/1230
f 1953/2107/1953 1946/2100/1946 5124/5467/5124 4677/5471/4677
f 1952/2106/1952 1947/2101/1947 1946/2100/1946 1953/2107/1953
f 1966/2120/1966 1956/2110/1956 1947/2101/1947 1952/2106/1952
f 1966/2120/1966 1965/2119/1965 1963/2117/1963 1956/2110/1956
f 5128/5472/5128 5125/5468/5125 1970/2124/1970 1971/2125/1971
f 1950/2104/1950 1953/2107/1953 4677/5471/4677 4674/5473/4674
f 1952/2106/1952 1951/2105/1951 1959/2113/1959 1966/2120/1966
f 1950/2104/1950 4674/5473/4674 1977/2131/1977 1954/2108/1954
f 1219/1320/1219 5129/5474/5129 1972/2126/1972 1221/1322/1221
f 1217/1318/1217 1214/1315/1214 5129/5474/5129 1219/1320/1219
f 1216/1317/1216 1213/1314/1213 1214/1315/1214 1217/1318/1217
f 1004/1083/1004 5130/5475/5130 1007/1086/1007 1000/1079/1000
f 1265/1377/1265 5131/5476/5131 5132/5477/5132 1264/1375/1264
f 1264/1375/1264 5132/5477/5132 5133/5478/5133 1263/1373/1263
f 1263/1373/1263 5133/5478/5133 5134/5479/5134 1262/1371/1262
f 1262/1371/1262 5134/5479/5134 1225/1326/1225 1261/1368/1261
f 1261/1368/1261 1225/1326/1225 1224/1325/1224 1277/1390/1277
f 1702/1837/1702 1456/1589/1456 1277/1390/1277 1224/1325/1224
f 1701/1836/1701 1455/1587/1455 1456/1589/1456 1702/1837/1702
f 1703/1838/1703 1454/1585/1454 1455/1587/1455 1701/1836/1701
f 1704/1839/1704 1453/1583/1453 1454/1585/1454 1703/1838/1703
f 1705/1840/1705 1452/1581/1452 1453/1583/1453 1704/1839/1704
f 1706/1841/1706 1451/1579/1451 1452/1581/1452 1705/1840/1705
f 5131/5476/5131 5135/5480/5135 5136/5481/5136
f 5131/5476/5131 5136/5481/5136 5137/5482/5137 5132/5477/5132
f 5137/5482/5137 5138/5483/5138 5133/5478/5133 5132/5477/5132
f 5138/5483/5138 5139/5484/5139 5134/5479/5134 5133/5478/5133
f 1222/1323/1222 1225/1326/1225 5134/5479/5134 5139/5484/5139
f 606/655/606 607/5485/607 1260/1365/1260 613/652/613
f 609/645/609 1265/1377/1265 1260/1376/1260 607/642/607
f 1937/2091/1937 5131/5476/5131 1265/1377/1265 609/645/609
f 1938/2092/1938 5135/5480/5135 5131/5476/5131 1937/2091/1937
f 5140/5486/5140 5135/5480/5135 1938/2092/1938 1939/2093/1939
f 5141/5487/5141 5142/5488/5142 5137/5482/5137 5136/5481/5136
f 5142/5488/5142 5143/5489/5143 5138/5483/5138 5137/5482/5137
f 5143/5489/5143 5144/5490/5144 5139/5484/5139 5138/5483/5138
f 5139/5484/5139 5144/5490/5144 5145/5491/5145 1222/1323/1222
f 1222/1323/1222 5145/5491/5145 5146/5492/5146 1223/1324/1223
f 1223/1324/1223 5146/5492/5146 1632/1765/1632 1631/1764/1631
f 1962/2116/1962 5140/5486/5140 1939/2093/1939 1940/2094/1940
f 5142/5488/5142 5141/5487/5141 1969/2123/1969 5119/5462/5119
f 5119/5462/5119 5121/5464/5121 5143/5489/5143 5142/5488/5142
f 5121/5464/5121 5123/5466/5123 5144/5490/5144 5143/5489/5143
f 5145/5491/5145 5144/5490/5144 5123/5466/5123 1228/1329/1228
f 1227/1328/1227 5146/5492/5146 5145/5491/5145 1228/1329/1228
f 5141/5487/5141 5136/5481/5136 5135/5480/5135 5140/5486/5140
f 1961/2115/1961 5141/5487/5141 5140/5486/5140 1962/2116/1962
f 1969/2123/1969 5141/5487/5141 1961/2115/1961
f 1618/1751/1618 1617/1750/1617 1707/1842/1707
f 1621/1754/1621 1618/1751/1618 1707/1842/1707 1706/1841/1706
f 1621/1754/1621 1623/1756/1623 1626/1759/1626 1622/1755/1622
f 1641/1774/1641 1632/1765/1632 5146/5492/5146 1227/1328/1227
f 1630/1763/1630 1632/1765/1632 1641/1774/1641 1639/1772/1639
f 1628/1761/1628 1630/1763/1630 1639/1772/1639 1638/1771/1638
f 5147/5493/5147 5126/5469/5126 5125/5468/5125 5128/5472/5128
f 5148/5494/5148 5127/5470/5127 5126/5469/5126 5147/5493/5147
f 5149/5495/5149 1231/1332/1231 5127/5470/5127 5148/5494/5148
f 1231/1332/1231 5149/5495/5149 5150/5496/5150 1230/1331/1230
f 5151/5497/5151 1650/1783/1650 1230/1331/1230 5150/5496/5150
f 1649/1782/1649 1650/1783/1650 5151/5497/5151 1657/1790/1657
f 5152/5498/5152 1210/1311/1210 1213/1314/1213 1216/1317/1216
f 1210/1311/1210 5152/5498/5152 5153/5499/5153 1232/1333/1232
f 1696/1829/1696 1673/1806/1673 1232/1834/1232 5153/5500/5153
f 1671/1804/1671 1673/1806/1673 1696/1829/1696 1694/1827/1694
f 1670/1803/1670 1671/1804/1671 1694/1827/1694 1692/1825/1692
f 1669/1802/1669 1670/1803/1670 1692/1825/1692 1678/1811/1678
f 5151/5497/5151 1672/1805/1672 1664/1797/1664 1657/1790/1657
f 1211/1312/1211 1233/1334/1233 5150/5496/5150 5149/5495/5149
f 5128/5472/5128 1971/2125/1971 1972/2126/1972 5129/5474/5129
f 5147/5493/5147 5128/5472/5128 5129/5474/5129 1214/1315/1214
f 5148/5494/5148 5147/5493/5147 1214/1315/1214 1212/1313/1212
f 1211/1312/1211 5149/5495/5149 5148/5494/5148 1212/1313/1212
f 5151/5497/5151 5150/5496/5150 1233/1835/1233 1672/1805/1672
f 4660/4949/4660 4681/4971/4681 4684/4974/4684 4680/4970/4680
f 4660/4949/4660 4680/4970/4680 4661/4950/4661
f 998/1077/998 1000/1079/1000 1007/1086/1007 1006/1085/1006
f 821/874/821 5130/5475/5130 1004/1083/1004 820/872/820
f 823/876/823 5154/5501/5154 5130/5475/5130 821/874/821
f 871/926/871 5155/5502/5155 5154/5501/5154 823/876/823
f 867/927/867 872/929/872 5155/5502/5155 871/926/871
f 97/97/97 78/78/78 2174/2361/2174 2173/2360/2173
f 5156/5503/5156 2170/2358/2170 2171/2357/2171 2175/2362/2175
f 5081/5414/5081 2167/2353/2167 2170/2356/2170 5156/5504/5156
f 5027/5348/5027 82/82/82 84/84/84 5028/5349/5028
f 82/82/82 5027/5348/5027 5157/5505/5157 81/81/81
f 81/81/81 5157/5505/5157 5158/5506/5158 80/80/80
f 80/80/80 5158/5506/5158 5159/5507/5159 79/79/79
f 79/79/79 5159/5507/5159 5160/5508/5160 78/78/78
f 5161/5509/5161 2174/2361/2174 78/78/78 5160/5508/5160
f 2174/2361/2174 5161/5509/5161 5162/5510/5162 2175/2362/2175
f 2175/2362/2175 5162/5510/5162 5163/5511/5163 5156/5503/5156
f 5156/5504/5156 5163/5512/5163 5164/5513/5164 5081/5414/5081
f 5081/5414/5081 5164/5513/5164 4992/5313/4992 5080/5413/5080
f 5080/5413/5080 4992/5313/4992 4991/5312/4991 2152/2334/2152
f 5165/5514/5165 2150/2332/2150 2152/2334/2152 4991/5312/4991
f 2150/2332/2150 5165/5514/5165 5166/5515/5166 2149/2331/2149
f 2149/2331/2149 5166/5515/5166 5167/5516/5167 2148/2330/2148
f 2148/2330/2148 5167/5516/5167 5168/5517/5168 2147/2329/2147
f 2147/2329/2147 5168/5517/5168 5169/5518/5169 2146/2328/2146
f 2146/2328/2146 5169/5518/5169 5170/5519/5170 2144/2326/2144
f 2144/2326/2144 5170/5519/5170 5171/5520/5171 5058/5385/5058
f 5172/5521/5172 470/484/470 5058/5385/5058 5171/5520/5171
f 470/484/470 5172/5521/5172 5173/5522/5173 471/485/471
f 468/482/468 5174/5523/5174 5175/5524/5175 467/481/467
f 467/481/467 5175/5524/5175 5176/5525/5176 466/480/466
f 466/480/466 5176/5525/5176 4893/5204/4893 465/479/465
f 465/479/465 4893/5204/4893 4892/5203/4892 463/477/463
f 4830/5141/4830 4786/5097/4786 5099/5437/5099 5098/5436/5098
f 5177/5526/5177 5034/5355/5034 5038/5359/5038 5178/5527/5178
f 5178/5527/5178 5038/5359/5038 5049/5374/5049 5099/5437/5099
f 5179/5528/5179 2080/2248/2080 5034/5355/5034 5177/5526/5177
f 5032/5353/5032 5082/5415/5082 5050/5375/5050 5033/5354/5033
f 2079/2247/2079 5032/5353/5032 2080/2248/2080
f 5045/5368/5045 5082/5415/5082 5032/5353/5032 2079/2247/2079
f 5028/5349/5028 84/84/84 2080/2248/2080 5179/5528/5179
f 83/83/83 86/86/86 5044/5367/5044
f 4884/5195/4884 5172/5521/5172 5171/5520/5171 4885/5196/4885
f 4886/5197/4886 5173/5522/5173 5172/5521/5172 4884/5195/4884
f 4888/5199/4888 5175/5524/5175 5174/5523/5174 4887/5198/4887
f 4889/5200/4889 5176/5525/5176 5175/5524/5175 4888/5199/4888
f 4890/5201/4890 4893/5204/4893 5176/5525/5176 4889/5200/4889
f 4785/5096/4785 5178/5527/5178 5099/5437/5099 4786/5097/4786
f 4787/5098/4787 5177/5526/5177 5178/5527/5178 4785/5096/4785
f 4788/5099/4788 5179/5528/5179 5177/5526/5177 4787/5098/4787
f 4789/5100/4789 5028/5349/5028 5179/5528/5179 4788/5099/4788
f 5029/5350/5029 5157/5505/5157 5027/5348/5027 5026/5347/5026
f 5030/5351/5030 5158/5506/5158 5157/5505/5157 5029/5350/5029
f 5031/5352/5031 5159/5507/5159 5158/5506/5158 5030/5351/5030
f 4986/5306/4986 5160/5508/5160 5159/5507/5159 5031/5352/5031
f 4985/5305/4985 5161/5509/5161 5160/5508/5160 4986/5306/4986
f 4987/5307/4987 5162/5510/5162 5161/5509/5161 4985/5305/4985
f 4988/5308/4988 5163/5511/5163 5162/5510/5162 4987/5307/4987
f 4989/5309/4989 5164/5513/5164 5163/5512/5163 4988/5310/4988
f 4990/5311/4990 4992/5313/4992 5164/5513/5164 4989/5309/4989
f 4937/5248/4937 5165/5514/5165 4991/5312/4991 4938/5249/4938
f 4939/5250/4939 5166/5515/5166 5165/5514/5165 4937/5248/4937
f 4940/5251/4940 5167/5516/5167 5166/5515/5166 4939/5250/4939
f 4941/5252/4941 5168/5517/5168 5167/5516/5167 4940/5251/4940
f 4942/5253/4942 5169/5518/5169 5168/5517/5168 4941/5252/4941
f 4943/5254/4943 5170/5519/5170 5169/5518/5169 4942/5253/4942
f 5171/5520/5171 5170/5519/5170 4943/5254/4943 4885/5196/4885
f 5180/5529/5180 2848/3066/2848 2847/3065/2847 2843/3061/2843
f 5181/5530/5181 2846/3064/2846 2871/3090/2871 5182/5531/5182
f 2798/3011/2798 2797/3010/2797 2884/3103/2884 2913/3132/2913
f 5183/5532/5183 2913/3132/2913 2884/3103/2884 2885/3104/2885
f 2847/3065/2847 2850/3068/2850 2929/3148/2929 2928/3147/2928
f 2845/3063/2845 5036/5357/5036 2868/3087/2868 2870/3089/2870
f 2928/3147/2928 2927/3146/2927 5035/5356/5035 2844/3062/2844
f 2876/3095/2876 2868/3087/2868 5036/5357/5036 2880/3099/2880
f 2883/3102/2883 2880/3099/2880 5036/5357/5036 5035/5356/5035
f 2927/3146/2927 2885/3104/2885 2883/3102/2883 5035/5356/5035
f 2926/3145/2926 5183/5532/5183 2885/3104/2885 2927/3146/2927
f 2837/3055/2837 2852/3070/2852 3291/3522/3291 2842/3060/2842
f 2913/3132/2913 5183/5532/5183 2887/3106/2887 2886/3105/2886
f 2926/3145/2926 2890/3109/2890 2887/3106/2887 5183/5532/5183
f 2929/3148/2929 2892/3111/2892 2890/3109/2890 2926/3145/2926
f 2925/3144/2925 2892/3111/2892 2929/3148/2929 2930/3149/2930
f 2930/3149/2930 2929/3148/2929 2850/3068/2850
f 2842/3060/2842 3291/3522/3291 2849/3067/2849 2848/3066/2848
f 2841/3059/2841 2842/3060/2842 2848/3066/2848 5180/5529/5180
f 5180/5529/5180 5181/5530/5181 2840/3058/2840 2841/3059/2841
f 2846/3064/2846 5181/5530/5181 5180/5529/5180 2843/3061/2843
f 4804/5115/4804 4802/5113/4802 4778/5089/4778 4779/5090/4779
f 4802/5113/4802 4800/5111/4800 4777/5088/4777 4778/5089/4778
f 4800/5111/4800 4798/5109/4798 4776/5087/4776 4777/5088/4777
f 4798/5109/4798 4796/5107/4796 4775/5086/4775 4776/5087/4776
f 4796/5107/4796 4794/5105/4794 4774/5085/4774 4775/5086/4775
f 4794/5105/4794 4791/5102/4791 4772/5083/4772 4774/5085/4774
f 4791/5102/4791 4790/5101/4790 4773/5084/4773 4772/5083/4772
f 5097/5435/5097 5049/5374/5049 5048/5373/5048 5055/5382/5055
f 5055/5382/5055 5054/5381/5054 5057/5384/5057 5097/5435/5097
f 5184/5533/5184 5056/5383/5056 2078/2242/2078 2077/2241/2077
f 5185/5534/5185 5056/5383/5056 5184/5533/5184 5186/5535/5186
f 4786/5097/4786 4830/5141/4830 4804/5115/4804 4779/5090/4779
f 5187/5536/5187 5057/5384/5057 5056/5383/5056 5185/5534/5185
f 5098/5436/5098 5097/5435/5097 5057/5384/5057 5187/5536/5187
f 4827/5138/4827 5185/5534/5185 5186/5535/5186 4828/5139/4828
f 4829/5140/4829 5187/5536/5187 5185/5534/5185 4827/5138/4827
f 4830/5141/4830 5098/5436/5098 5187/5536/5187 4829/5140/4829
f 463/477/463 5184/5533/5184 2077/2241/2077 464/478/464
f 4819/5130/4819 4820/5131/4820 4894/5205/4894
f 4820/5131/4820 4821/5132/4821 4895/5206/4895 4894/5205/4894
f 4821/5132/4821 4828/5139/4828 4891/5202/4891 4895/5206/4895
f 5186/5535/5186 5184/5533/5184 463/477/463 4892/5203/4892
f 4828/5139/4828 5186/5535/5186 4892/5203/4892 4891/5202/4891
f 5188/5537/5188 464/478/464 2077/2241/2077 2076/2240/2076
f 2073/2239/2073 2072/5538/2072 5188/5537/5188 2076/2240/2076
f 5188/5537/5188 462/476/462 461/475/461 464/478/464
f 459/5416/459 462/476/462 5188/5537/5188 2072/5538/2072
f 2065/2227/2065 460/474/460 459/473/459 2072/2234/2072
f 5052/5378/5052 5053/5380/5053 5055/5382/5055 5048/5373/5048
f 5053/5380/5053 5052/5378/5052 5051/5377/5051 2055/5379/2055
f 2049/2211/2049 2055/2217/2055 5051/5539/5051 2050/2212/2050
f 2033/2195/2033 2027/2189/2027 2050/2212/2050 5051/5539/5051
f 5189/5540/5189 5190/5541/5190 5191/5542/5191 5192/5543/5192
f 5191/5542/5191 5190/5541/5190 3859/4104/3859 3877/4122/3877
f 3876/4121/3876 3875/4120/3875 5189/5540/5189 5192/5543/5192
f 3886/4131/3886 3813/4058/3813 3811/4056/3811 3888/4133/3888
f 3885/4130/3885 3884/4129/3884 3883/4128/3883 3822/4067/3822
f 3812/4057/3812 3814/4059/3814 3824/4069/3824 3821/4066/3821
f 3821/4066/3821 3824/4069/3824 3833/4078/3833 3831/4076/3831
f 3831/4076/3831 3833/4078/3833 3842/4087/3842 3840/4085/3840
f 3840/4085/3840 3842/4087/3842 3851/4096/3851 3849/4094/3849
f 3849/4094/3849 3851/4096/3851 3860/4105/3860 3858/4103/3858
f 5193/5544/5193 3107/3335/3107 5194/5545/5194 5195/5546/5195
f 5194/5545/5194 3107/3335/3107 3106/3334/3106 3136/3364/3136
f 3133/3361/3133 3132/3360/3132 5193/5544/5193 5195/5546/5195
f 3116/3344/3116 3146/3374/3146 3145/3373/3145 3117/3345/3117
f 3147/3375/3147 3115/3343/3115 3103/3331/3103 3148/3376/3148
f 3105/3333/3105 3109/3337/3109 3134/3362/3134 3106/3334/3106
f 3110/3338/3110 3137/3365/3137 3134/3362/3134 3109/3337/3109
f 3111/3339/3111 3139/3367/3139 3137/3365/3137 3110/3338/3110
f 3112/3340/3112 3141/3369/3141 3139/3367/3139 3111/3339/3111
f 3113/3341/3113 3143/3371/3143 3141/3369/3141 3112/3340/3112
f 3114/3342/3114 3104/3332/3104 3103/3331/3103 3115/3343/3115
f 3097/3325/3097 3096/3324/3096 3105/3333/3105 3108/3336/3108
f 3860/4105/3860 3859/4104/3859 5190/5541/5190
f 3813/4058/3813 3885/4130/3885 3822/4067/3822 3814/4059/3814
f 3362/3594/3362 3361/3593/3361 3381/3613/3381 3313/3545/3313
f 3363/3595/3363 3312/3544/3312 3311/3543/3311 3364/3596/3364
f 5196/5547/5196 3776/4021/3776 3794/4039/3794 5197/5548/5197
f 5196/5547/5196 5197/5548/5197 3793/4038/3793 3792/4037/3792
f 3642/3887/3642 3718/3963/3718 3650/3895/3650 3643/3888/3643
f 3718/3963/3718 3642/3887/3642 3723/3968/3723 3720/3965/3720
f 3769/4014/3769 3780/4025/3780 3778/4023/3778 3770/4015/3770
f 3771/4016/3771 3782/4027/3782 3780/4025/3780 3769/4014/3769
f 3772/4017/3772 3784/4029/3784 3782/4027/3782 3771/4016/3771
f 3773/4018/3773 3786/4031/3786 3784/4029/3784 3772/4017/3772
f 3774/4019/3774 3788/4033/3788 3786/4031/3786 3773/4018/3773
f 3775/4020/3775 3790/4035/3790 3788/4033/3788 3774/4019/3774
f 3770/4015/3770 3778/4023/3778 3720/3965/3720 3723/3968/3723
f 3776/4021/3776 5196/5547/5196 3792/4037/3792 3777/4022/3777
f 3311/3543/3311 3310/3542/3310 3324/3556/3324 3365/3597/3365
f 3365/3597/3365 3324/3556/3324 3332/3564/3332 3367/3599/3367
f 3367/3599/3367 3332/3564/3332 3337/3569/3337 3369/3601/3369
f 3369/3601/3369 3337/3569/3337 3342/3574/3342 3371/3603/3371
f 3371/3603/3371 3342/3574/3342 3348/3580/3348 3373/3605/3373
f 3373/3605/3373 3348/3580/3348 3355/3587/3355 3375/3607/3375
f 3375/3607/3375 3355/3587/3355 3269/3497/3269 3271/3499/3271
f 3168/3396/3168 3237/3465/3237 3271/3499/3271 3269/3497/3269
f 3237/3465/3237 3168/3396/3168 3171/3399/3171 3238/3466/3238
f 3238/3466/3238 3171/3399/3171 3183/3411/3183 3240/3468/3240
f 3240/3468/3240 3183/3411/3183 3192/3420/3192 3242/3470/3242
f 3242/3470/3242 3192/3420/3192 3201/3429/3201 3244/3472/3244
f 3244/3472/3244 3201/3429/3201 3210/3438/3210 3246/3474/3246
f 3246/3474/3246 3210/3438/3210 3219/3447/3219 3248/3476/3248
f 3248/3476/3248 3219/3447/3219 3228/3456/3228 3250/3478/3250
f 3250/3478/3250 3228/3456/3228 3165/3393/3165 3167/3395/3167
f 3043/3271/3043 3119/3347/3119 3167/3395/3167 3165/3393/3165
f 3119/3347/3119 3043/3271/3043 3046/3274/3046 3120/3348/3120
f 3120/3348/3120 3046/3274/3046 3060/3288/3060 3122/3350/3122
f 3122/3350/3122 3060/3288/3060 3070/3298/3070 3124/3352/3124
f 3124/3352/3124 3070/3298/3070 3079/3307/3079 3126/3354/3126
f 3126/3354/3126 3079/3307/3079 3088/3316/3088 3128/3356/3128
f 3128/3356/3128 3088/3316/3088 3097/3325/3097 3130/3358/3130
f 3130/3358/3130 3097/3325/3097 3108/3336/3108 3132/3360/3132
f 3315/3547/3315 3322/3554/3322 3310/3542/3310 3309/3541/3309
f 3317/3549/3317 3325/3557/3325 3322/3554/3322 3315/3547/3315
f 3319/3551/3319 3327/3559/3327 3325/3557/3325 3317/3549/3317
f 3321/3553/3321 3329/3561/3329 3327/3559/3327 3319/3551/3319
f 199/199/199 3329/3561/3329 3321/3553/3321 196/196/196
f 194/194/194 188/188/188 199/199/199 196/196/196
f 185/185/185 188/188/188 194/194/194
f 176/176/176 179/179/179 188/188/188 185/185/185
f 160/160/160 165/165/165 179/179/179 176/176/176
f 159/159/159 162/162/162 165/165/165 160/160/160
f 162/162/162 159/159/159 227/227/227 225/225/225
f 3746/3991/3746 3744/3989/3744 225/225/225 227/227/227
f 3744/3989/3744 3746/3991/3746 3749/3994/3749 3745/3990/3745
f 3745/3990/3745 3749/3994/3749 3758/4003/3758 3756/4001/3756
f 3756/4001/3756 3758/4003/3758 3768/4013/3768 3766/4011/3766
f 3766/4011/3766 3768/4013/3768 3777/4022/3777 3775/4020/3775
f 3362/3594/3362 3313/3545/3313 3309/3541/3309 3312/3544/3312
f 3792/4037/3792 3790/4035/3790 3775/4020/3775 3777/4022/3777
f 3107/3335/3107 5193/5544/5193 3132/3360/3132 3108/3336/3108
f 3057/3285/3057 3154/3382/3154 3066/3294/3066 3058/3286/3058
f 3056/3284/3056 3058/3286/3058 3068/3296/3068 3065/3293/3065
f 3065/3293/3065 3068/3296/3068 3077/3305/3077 3075/3303/3075
f 3075/3303/3075 3077/3305/3077 3086/3314/3086 3084/3312/3084
f 3084/3312/3084 3086/3314/3086 3095/3323/3095 3093/3321/3093
f 3093/3321/3093 3095/3323/3095 3104/3332/3104 3102/3330/3102
f 3154/3382/3154 3057/3285/3057 3159/3387/3159 3156/3384/3156
f 3180/3408/3180 3259/3487/3259 3188/3416/3188 3181/3409/3181
f 3179/3407/3179 3181/3409/3181 3190/3418/3190 3187/3415/3187
f 3187/3415/3187 3190/3418/3190 3199/3427/3199 3197/3425/3197
f 3197/3425/3197 3199/3427/3199 3208/3436/3208 3206/3434/3206
f 3206/3434/3206 3208/3436/3208 3217/3445/3217 3215/3443/3215
f 3215/3443/3215 3217/3445/3217 3226/3454/3226 3224/3452/3224
f 3224/3452/3224 3226/3454/3226 3235/3463/3235 3233/3461/3233
f 3235/3463/3235 3234/3462/3234 3156/3384/3156 3159/3387/3159
f 3259/3487/3259 3180/3408/3180 3264/3492/3264 3261/3489/3261
f 3113/3341/3113 3102/3330/3102 3104/3332/3104 3114/3342/3114
f 3143/3371/3143 3113/3341/3113 3114/3342/3114 3117/3345/3117
f 3633/3878/3633 3632/3877/3632 3645/3890/3645 3689/3934/3689
f 3689/3934/3689 3645/3890/3645 3653/3898/3653 3691/3936/3691
f 3691/3936/3691 3653/3898/3653 3660/3905/3660 3693/3938/3693
f 3693/3938/3693 3660/3905/3660 3667/3912/3667 3695/3940/3695
f 3695/3940/3695 3667/3912/3667 3674/3919/3674 3697/3942/3697
f 3697/3942/3697 3674/3919/3674 3681/3926/3681 3699/3944/3699
f 3699/3944/3699 3681/3926/3681 3704/3949/3704 3701/3946/3701
f 3631/3876/3631 3728/3973/3728 3727/3972/3727
f 3852/4097/3852 3863/4108/3863 3861/4106/3861 3853/4098/3853
f 3854/4099/3854 3865/4110/3865 3863/4108/3863 3852/4097/3852
f 3855/4100/3855 3867/4112/3867 3865/4110/3865 3854/4099/3854
f 3856/4101/3856 3869/4114/3869 3867/4112/3867 3855/4100/3855
f 3857/4102/3857 3871/4116/3871 3869/4114/3869 3856/4101/3856
f 3858/4103/3858 3873/4118/3873 3871/4116/3871 3857/4102/3857
f 3860/4105/3860 3875/4120/3875 3873/4118/3873 3858/4103/3858
f 3853/4098/3853 3861/4106/3861 3701/3946/3701 3704/3949/3704
f 5190/5541/5190 5189/5540/5189 3875/4120/3875 3860/4105/3860
f 3730/3975/3730 3733/3978/3733 3727/3972/3727 3728/3973/3728
f 3360/3592/3360 3261/3489/3261 3264/3492/3264
f 213/213/213 5198/5549/5198 3262/3490/3262 3261/3489/3261
f 5198/5549/5198 213/213/213 214/214/214 5199/5550/5199
f 5199/5550/5199 214/214/214 215/215/215 5200/5551/5200
f 5200/5551/5200 215/215/215 216/216/216 5201/5552/5201
f 5201/5552/5201 216/216/216 217/217/217 5202/5553/5202
f 5202/5553/5202 217/217/217 219/219/219 3729/3974/3729
f 212/212/212 3377/3609/3377 3406/5554/3406 148/5555/148
f 148/5555/148 147/5556/147 210/210/210 212/212/212
f 147/5556/147 149/5557/149 209/209/209 210/210/210
f 149/5557/149 150/5558/150 208/208/208 209/209/209
f 150/5558/150 151/5559/151 207/207/207 208/208/208
f 151/5559/151 152/5560/152 206/206/206 207/207/207
f 152/5560/152 153/5561/153 205/205/205 206/206/206
f 153/5561/153 155/5562/155 228/228/228 205/205/205
f 155/5562/155 4077/5563/4077 3798/4043/3798 228/228/228
f 255/5564/255 3439/5565/3439 3260/3488/3260 3262/3490/3262
f 3262/3490/3262 5198/5549/5198 253/5566/253 255/5564/255
f 5198/5549/5198 5199/5550/5199 252/5567/252 253/5566/253
f 5199/5550/5199 5200/5551/5200 251/5568/251 252/5567/252
f 5200/5551/5200 5201/5552/5201 250/5569/250 251/5568/251
f 5201/5552/5201 5202/5553/5202 249/5570/249 250/5569/250
f 5202/5553/5202 3729/3974/3729 263/5571/263 249/5570/249
f 3729/3974/3729 3687/3932/3687 3629/5572/3629 263/5571/263
f 2959/5573/2959 2958/5574/2958 3251/3479/3251 3166/3394/3166
f 3166/3394/3166 3118/3346/3118 3014/5575/3014 2959/5573/2959
f 2958/5574/2958 2960/5576/2960 3249/3477/3249 3251/3479/3251
f 2960/5576/2960 2961/5577/2961 3247/3475/3247 3249/3477/3249
f 2961/5577/2961 2962/5578/2962 3245/3473/3245 3247/3475/3247
f 2962/5578/2962 2963/5579/2963 3243/3471/3243 3245/3473/3245
f 2963/5579/2963 2964/5580/2964 3241/3469/3241 3243/3471/3243
f 2964/5580/2964 2965/5581/2965 3239/3467/3239 3241/3469/3241
f 2965/5581/2965 2966/5582/2966 3236/3464/3236 3239/3467/3239
f 2966/5582/2966 2968/5583/2968 3270/3498/3270 3236/3464/3236
f 2968/5583/2968 3297/5584/3297 3376/3608/3376 3270/3498/3270
f 3007/5585/3007 3006/5586/3006 3133/3361/3133 5195/5546/5195
f 5195/5546/5195 5194/5545/5194 3521/5587/3521 3007/5585/3007
f 3006/5586/3006 3008/5588/3008 3131/3359/3131 3133/3361/3133
f 3008/5588/3008 3009/5589/3009 3129/3357/3129 3131/3359/3131
f 3009/5589/3009 3010/5590/3010 3127/3355/3127 3129/3357/3129
f 3010/5590/3010 3011/5591/3011 3125/3353/3125 3127/3355/3127
f 3011/5591/3011 3012/5592/3012 3123/3351/3123 3125/3353/3125
f 3012/5592/3012 3013/5593/3013 3121/3349/3121 3123/3351/3123
f 3013/5593/3013 3014/5575/3014 3118/3346/3118 3121/3349/3121
f 3520/5594/3520 3521/5587/3521 5194/5545/5194 3136/3364/3136
f 3136/3364/3136 3135/3363/3135 3519/5595/3519 3520/5594/3520
f 3135/3363/3135 3138/3366/3138 3518/5596/3518 3519/5595/3519
f 3138/3366/3138 3140/3368/3140 3517/5597/3517 3518/5596/3518
f 3140/3368/3140 3142/3370/3142 3516/5598/3516 3517/5597/3517
f 3142/3370/3142 3144/3372/3144 3515/5599/3515 3516/5598/3516
f 3144/3372/3144 3145/3373/3145 3514/5600/3514 3515/5599/3515
f 3145/3373/3145 3146/3374/3146 3486/5601/3486 3514/5600/3514
f 3146/3374/3146 3147/3375/3147 3484/5602/3484 3486/5601/3486
f 3147/3375/3147 3148/3376/3148 3483/5603/3483 3484/5602/3484
f 3148/3376/3148 3149/3377/3149 3482/5604/3482 3483/5603/3483
f 3149/3377/3149 3150/3378/3150 3481/5605/3481 3482/5604/3482
f 3150/3378/3150 3151/3379/3151 3480/5606/3480 3481/5605/3481
f 3151/3379/3151 3152/3380/3152 3479/5607/3479 3480/5606/3480
f 3152/3380/3152 3153/3381/3153 3478/5608/3478 3479/5607/3479
f 3153/3381/3153 3155/3383/3155 3477/5609/3477 3478/5608/3478
f 3155/3383/3155 3157/3385/3157 3448/5610/3448 3477/5609/3477
f 3157/3385/3157 3252/3480/3252 3446/5611/3446 3448/5610/3448
f 3252/3480/3252 3253/3481/3253 3445/5612/3445 3446/5611/3446
f 3253/3481/3253 3254/3482/3254 3444/5613/3444 3445/5612/3445
f 3254/3482/3254 3255/3483/3255 3443/5614/3443 3444/5613/3444
f 3255/3483/3255 3256/3484/3256 3442/5615/3442 3443/5614/3443
f 3256/3484/3256 3257/3485/3257 3441/5616/3441 3442/5615/3442
f 3257/3485/3257 3258/3486/3258 3440/5617/3440 3441/5616/3441
f 3258/3486/3258 3260/3488/3260 3439/5565/3439 3440/5617/3440
f 3297/5584/3297 3298/5618/3298 3374/3606/3374 3376/3608/3376
f 3298/5618/3298 3299/5619/3299 3372/3604/3372 3374/3606/3374
f 3299/5619/3299 3300/5620/3300 3370/3602/3370 3372/3604/3372
f 3300/5620/3300 3301/5621/3301 3368/3600/3368 3370/3602/3370
f 3301/5621/3301 3302/5622/3302 3366/3598/3366 3368/3600/3368
f 3302/5622/3302 3303/5623/3303 3364/3596/3364 3366/3598/3366
f 3303/5623/3303 3304/5624/3304 3363/3595/3363 3364/3596/3364
f 3304/5624/3304 3306/5625/3306 3361/3593/3361 3363/3595/3363
f 3306/5625/3306 3402/5626/3402 3381/3613/3381 3361/3593/3361
f 3377/3609/3377 3378/3610/3378 3405/5627/3405 3406/5554/3406
f 3378/3610/3378 3379/3611/3379 3404/5628/3404 3405/5627/3405
f 3379/3611/3379 3380/3612/3380 3403/5629/3403 3404/5628/3404
f 3380/3612/3380 3381/3613/3381 3402/5626/3402 3403/5629/3403
f 3552/5630/3552 3551/5631/3551 3876/4121/3876 5192/5543/5192
f 5192/5543/5192 5191/5542/5191 3599/5632/3599 3552/5630/3552
f 3551/5631/3551 3553/5633/3553 3874/4119/3874 3876/4121/3876
f 3553/5633/3553 3554/5634/3554 3872/4117/3872 3874/4119/3874
f 3554/5634/3554 3555/5635/3555 3870/4115/3870 3872/4117/3872
f 3555/5635/3555 3556/5636/3556 3868/4113/3868 3870/4115/3870
f 3556/5636/3556 3557/5637/3557 3866/4111/3866 3868/4113/3868
f 3557/5637/3557 3558/5638/3558 3864/4109/3864 3866/4111/3866
f 3558/5638/3558 3559/5639/3559 3862/4107/3862 3864/4109/3864
f 3559/5639/3559 3561/5640/3561 3702/3947/3702 3862/4107/3862
f 3561/5640/3561 3622/5641/3622 3700/3945/3700 3702/3947/3702
f 3884/4129/3884 3886/4131/3886 3933/5642/3933 3592/5643/3592
f 3592/5643/3592 3591/5644/3591 3883/4128/3883 3884/4129/3884
f 3591/5644/3591 3593/5645/3593 3882/4127/3882 3883/4128/3883
f 3593/5645/3593 3594/5646/3594 3881/4126/3881 3882/4127/3882
f 3594/5646/3594 3595/5647/3595 3880/4125/3880 3881/4126/3881
f 3595/5647/3595 3596/5648/3596 3879/4124/3879 3880/4125/3880
f 3596/5648/3596 3597/5649/3597 3878/4123/3878 3879/4124/3879
f 3597/5649/3597 3598/5650/3598 3877/4122/3877 3878/4123/3878
f 3598/5650/3598 3599/5632/3599 5191/5542/5191 3877/4122/3877
f 3622/5641/3622 3623/5651/3623 3698/3943/3698 3700/3945/3700
f 3623/5651/3623 3624/5652/3624 3696/3941/3696 3698/3943/3698
f 3624/5652/3624 3625/5653/3625 3694/3939/3694 3696/3941/3696
f 3625/5653/3625 3626/5654/3626 3692/3937/3692 3694/3939/3694
f 3626/5654/3626 3627/5655/3627 3690/3935/3690 3692/3937/3692
f 3627/5655/3627 3628/5656/3628 3688/3933/3688 3690/3935/3690
f 3628/5656/3628 3629/5572/3629 3687/3932/3687 3688/3933/3688
f 3711/3956/3711 3710/3955/3710 4025/5657/4025 3938/5658/3938
f 3938/5658/3938 3926/5659/3926 3893/4138/3893 3711/3956/3711
f 3710/3955/3710 3712/3957/3712 4024/5660/4024 4025/5657/4025
f 3712/3957/3712 3713/3958/3713 4023/5661/4023 4024/5660/4024
f 3713/3958/3713 3714/3959/3714 4022/5662/4022 4023/5661/4023
f 3714/3959/3714 3715/3960/3715 4021/5663/4021 4022/5662/4022
f 3715/3960/3715 3716/3961/3716 4020/5664/4020 4021/5663/4021
f 3716/3961/3716 3717/3962/3717 4019/5665/4019 4020/5664/4020
f 3717/3962/3717 3719/3964/3719 4017/5666/4017 4019/5665/4019
f 3719/3964/3719 3721/3966/3721 4018/5667/4018 4017/5666/4017
f 3721/3966/3721 3779/4024/3779 4061/5668/4061 4018/5667/4018
f 3779/4024/3779 3781/4026/3781 4060/5669/4060 4061/5668/4061
f 3781/4026/3781 3783/4028/3783 4059/5670/4059 4060/5669/4060
f 3783/4028/3783 3785/4030/3785 4058/5671/4058 4059/5670/4059
f 3785/4030/3785 3787/4032/3787 4057/5672/4057 4058/5671/4058
f 3787/4032/3787 3789/4034/3789 4056/5673/4056 4057/5672/4057
f 3789/4034/3789 3791/4036/3791 4055/5674/4055 4056/5673/4056
f 3791/4036/3791 3793/4038/3793 4053/5675/4053 4055/5674/4055
f 3793/4038/3793 5197/5548/5197 4054/5676/4054 4053/5675/4053
f 3794/4039/3794 3795/4040/3795 4080/5677/4080 4081/5678/4081
f 3795/4040/3795 3796/4041/3796 4079/5679/4079 4080/5677/4080
f 3796/4041/3796 3797/4042/3797 4078/5680/4078 4079/5679/4079
f 3797/4042/3797 3798/4043/3798 4077/5563/4077 4078/5680/4078
f 3886/4131/3886 3888/4133/3888 3932/5681/3932 3933/5642/3933
f 3888/4133/3888 3887/4132/3887 3931/5682/3931 3932/5681/3932
f 3887/4132/3887 3889/4134/3889 3930/5683/3930 3931/5682/3931
f 3889/4134/3889 3890/4135/3890 3929/5684/3929 3930/5683/3930
f 3890/4135/3890 3891/4136/3891 3928/5685/3928 3929/5684/3929
f 3891/4136/3891 3892/4137/3892 3927/5686/3927 3928/5685/3928
f 3892/4137/3892 3893/4138/3893 3926/5659/3926 3927/5686/3927
f 5197/5548/5197 3794/4039/3794 4081/5678/4081 4054/5676/4054
f 526/554/526 478/553/478 505/5687/505 1945/2099/1945
f 1942/2096/1942 1919/2073/1919 526/554/526 1945/2099/1945
f 1943/2097/1943 1945/2099/1945 505/5687/505 4646/5688/4646
f 4675/5689/4675 5117/5460/5117 1943/2097/1943 4646/5688/4646
f 4676/5690/4676 5124/5467/5124 5117/5460/5117 4675/5689/4675
f 4677/5471/4677 5124/5467/5124 4676/5690/4676
f 5025/5346/5025 4742/5053/4742 4745/5056/4745 4782/5093/4782
f 4720/5026/4720 4781/5092/4781 5203/5691/5203 4722/5028/4722
f 4722/5028/4722 5203/5691/5203 5204/5692/5204 4724/5030/4724
f 4831/5142/4831 4790/5101/4790 4793/5104/4793 4824/5135/4824
f 4736/5045/4736 5205/5693/5205 4868/5179/4868 4616/4905/4616
f 4822/5133/4822 4732/5041/4732 4724/5030/4724 5204/5692/5204
f 4617/4906/4617 4869/5180/4869 5206/5694/5206 4622/4911/4622
f 4622/4911/4622 5206/5694/5206 5207/5695/5207 4627/4916/4627
f 4627/4916/4627 5207/5695/5207 5208/5696/5208 4635/4924/4635
f 4635/4924/4635 5208/5696/5208 5209/5697/5209 4640/4929/4640
f 4640/4929/4640 5209/5697/5209 4924/5235/4924 4650/4939/4650
f 4654/4943/4654 4924/5235/4924 5210/5698/5210 4656/4945/4656
f 4656/4945/4656 5210/5698/5210 5211/5699/5211 4658/4947/4658
f 4658/4947/4658 5211/5699/5211 5212/5700/5212 4660/4949/4660
f 4660/4949/4660 5212/5700/5212 4971/5290/4971 4681/4971/4681
f 4929/5240/4929 4928/5239/4928 4945/5256/4945 4973/5292/4973
f 4682/4972/4682 4972/5291/4972 5213/5701/5213 4685/4975/4685
f 4685/4977/4685 5213/5702/5213 5214/5703/5214 4687/4978/4687
f 4687/4978/4687 5214/5703/5214 5020/5341/5020 4700/5001/4700
f 4977/5297/4977 4976/5296/4976 4994/5315/4994 5022/5343/5022
f 4701/5002/4701 5021/5342/5021 5215/5704/5215 4703/5004/4703
f 4703/5004/4703 5215/5704/5215 5216/5705/5216 4705/5006/4705
f 4705/5006/4705 5216/5705/5216 4780/5091/4780 4707/5008/4707
f 5205/5693/5205 4825/5136/4825 4826/5137/4826 4868/5179/4868
f 4822/5133/4822 4831/5142/4831 4824/5135/4824 4823/5134/4823
f 4831/5142/4831 4822/5133/4822 5204/5692/5204 4784/5095/4784
f 5203/5691/5203 4783/5094/4783 4784/5095/4784 5204/5692/5204
f 4781/5092/4781 4782/5093/4782 4783/5094/4783 5203/5691/5203
f 4780/5091/4780 5025/5346/5025 4782/5093/4782 4781/5092/4781
f 5216/5705/5216 5024/5345/5024 5025/5346/5025 4780/5091/4780
f 5215/5704/5215 5023/5344/5023 5024/5345/5024 5216/5705/5216
f 5021/5342/5021 5022/5343/5022 5023/5344/5023 5215/5704/5215
f 5020/5341/5020 4977/5297/4977 5022/5343/5022 5021/5342/5021
f 5214/5703/5214 4975/5295/4975 4977/5297/4977 5020/5341/5020
f 5213/5702/5213 4974/5294/4974 4975/5295/4975 5214/5703/5214
f 4972/5291/4972 4973/5292/4973 4974/5293/4974 5213/5701/5213
f 4971/5290/4971 4929/5240/4929 4973/5292/4973 4972/5291/4972
f 5212/5700/5212 4927/5238/4927 4929/5240/4929 4971/5290/4971
f 5211/5699/5211 4926/5237/4926 4927/5238/4927 5212/5700/5212
f 5210/5698/5210 4925/5236/4925 4926/5237/4926 5211/5699/5211
f 4924/5235/4924 4876/5187/4876 4925/5236/4925 5210/5698/5210
f 5209/5697/5209 4874/5185/4874 4876/5187/4876 4924/5235/4924
f 5208/5696/5208 4873/5184/4873 4874/5185/4874 5209/5697/5209
f 5207/5695/5207 4872/5183/4872 4873/5184/4873 5208/5696/5208
f 5206/5694/5206 4870/5181/4870 4872/5183/4872 5207/5695/5207
f 4869/5180/4869 4871/5182/4871 4870/5181/4870 5206/5694/5206
f 4868/5179/4868 4826/5137/4826 4871/5182/4871 4869/5180/4869
f 1234/1335/1234 5152/5498/5152 1216/1317/1216 1215/1316/1215
f 1199/1299/1199 1234/1335/1234 1215/1316/1215 1198/1298/1198
f 1198/1298/1198 1215/1316/1215 1218/1319/1218 1197/1297/1197
f 5152/5498/5152 1234/1335/1234 1235/1336/1235 5153/5499/5153
f 1782/1917/1782 1781/1916/1781 5217/5706/5217 5218/5707/5218
f 1375/1492/1375 1686/1819/1686 5218/5707/5218 5217/5706/5217
f 1687/1820/1687 1777/1912/1777 1778/1913/1778 1688/1821/1688
f 1689/1822/1689 1776/1911/1776 1777/1912/1777 1687/1820/1687
f 1690/1823/1690 1775/1910/1775 1776/1911/1776 1689/1822/1689
f 1691/1824/1691 1774/1909/1774 1775/1910/1775 1690/1823/1690
f 1693/1826/1693 1773/1908/1773 1774/1909/1774 1691/1824/1691
f 1695/1828/1695 1772/1907/1772 1773/1908/1773 1693/1826/1693
f 1697/1830/1697 1700/1833/1700 1772/1907/1772 1695/1828/1695
f 1698/1831/1698 1697/1830/1697 1696/1829/1696 5153/5500/5153
f 1366/1489/1366 1375/1492/1375 5217/5706/5217 5114/5708/5114
f 1358/1473/1358 1366/1481/1366 5114/5454/5114 5113/5453/5113
f 1350/1465/1350 1358/1473/1358 5113/5453/5113 1322/1437/1322
f 1978/4996/1978 1977/4964/1977 4670/4959/4670 4678/4968/4678
f 1197/1297/1197 1218/1319/1218 1220/1321/1220 1195/1295/1195
f 1195/1295/1195 1220/1321/1220 1196/1296/1196
f 4097/4348/4097 4096/4347/4096 4179/4437/4179 4177/4435/4177
f 4177/4435/4177 4175/4433/4175 4105/4357/4105 4097/4348/4097
f 4096/4347/4096 4184/4442/4184 4181/4439/4181 4179/4437/4179
f 4175/4433/4175 4173/4431/4173 4113/4366/4113 4105/4357/4105
f 4173/4431/4173 4171/4429/4171 4121/4375/4121 4113/4366/4113
f 4171/4429/4171 4169/4427/4169 4129/4384/4129 4121/4375/4121
f 4169/4427/4169 4167/4425/4167 4137/4393/4137 4129/4384/4129
f 4167/4425/4167 4163/4421/4163 4145/4402/4145 4137/4393/4137
f 4163/4421/4163 4166/4424/4166 4162/4420/4162 4145/4402/4145
f 4166/4424/4166 4574/4859/4574 4565/4843/4565 4162/4420/4162
f 4184/4442/4184 4519/4792/4519 4542/4818/4542 4181/4439/4181
f 4380/4647/4380 4415/4684/4415 4414/4683/4414 4316/4575/4316
f 4319/4578/4319 4381/4648/4381 4380/4647/4380 4316/4575/4316
f 4319/4578/4319 4333/4594/4333 4382/4649/4382 4381/4648/4381
f 4333/4594/4333 4341/4603/4341 4383/4650/4383 4382/4649/4382
f 4341/4603/4341 4349/4612/4349 4384/4651/4384 4383/4650/4383
f 4349/4612/4349 4357/4621/4357 4385/4652/4385 4384/4651/4384
f 4357/4621/4357 4365/4630/4365 4386/4653/4386 4385/4652/4385
f 4365/4630/4365 4373/4639/4373 4387/4654/4387 4386/4653/4386
f 4373/4639/4373 4390/4657/4390 4388/4655/4388 4387/4654/4387
f 4390/4657/4390 4579/4865/4579 4602/4891/4602 4388/4655/4388
f 4415/4684/4415 4504/4776/4504 4495/4766/4495 4414/4683/4414
f 4502/4774/4502 4517/4790/4517 4516/4789/4516 4478/4747/4478
f 4478/4747/4478 4481/4750/4481 4503/4775/4503 4502/4774/4502
f 4481/4750/4481 4495/4766/4495 4504/4776/4504 4503/4775/4503
f 4517/4790/4517 4544/4820/4544 4535/4810/4535 4516/4789/4516
f 4519/4792/4519 4527/4801/4527 4543/4819/4543 4542/4818/4542
f 4527/4801/4527 4535/4810/4535 4544/4820/4544 4543/4819/4543
f 4572/4857/4572 4604/4893/4604 4595/4883/4595 4548/4824/4548
f 4548/4824/4548 4551/4827/4551 4573/4858/4573 4572/4857/4572
f 4551/4827/4551 4565/4843/4565 4574/4859/4574 4573/4858/4573
f 4579/4865/4579 4587/4874/4587 4603/4892/4603 4602/4891/4602
f 4587/4874/4587 4595/4883/4595 4604/4893/4604 4603/4892/4603
f 719/5709/719 718/5710/718 4153/4410/4153 4155/4412/4155
f 4155/4860/4155 4575/4861/4575 976/5711/976 719/5712/719
f 718/5710/718 720/5713/720 4152/4409/4152 4153/4410/4153
f 720/5713/720 721/5714/721 4151/4408/4151 4152/4409/4152
f 721/5714/721 722/5715/722 4150/4407/4150 4151/4408/4151
f 722/5715/722 723/5716/723 4149/4406/4149 4150/4407/4150
f 723/5716/723 724/5717/724 4148/4405/4148 4149/4406/4149
f 724/5717/724 725/5718/725 4147/4404/4147 4148/4405/4148
f 725/5718/725 726/5719/726 4146/4403/4146 4147/4404/4147
f 726/5719/726 728/5720/728 4191/4450/4191 4146/4403/4146
f 728/5720/728 924/5721/924 4547/4823/4547 4191/4450/4191
f 876/5722/876 875/5723/875 4405/4673/4405 4407/4675/4407
f 4407/4675/4407 4505/4777/4505 911/5724/911 876/5722/876
f 875/5723/875 877/5725/877 4404/4672/4404 4405/4673/4405
f 877/5725/877 878/5726/878 4403/4671/4403 4404/4672/4404
f 878/5726/878 879/5727/879 4402/4670/4402 4403/4671/4403
f 879/5727/879 880/5728/880 4401/4669/4401 4402/4670/4402
f 880/5728/880 881/5729/881 4400/4668/4400 4401/4669/4401
f 881/5729/881 882/5730/882 4399/4667/4399 4400/4668/4400
f 882/5730/882 883/5731/883 4397/4665/4397 4399/4667/4399
f 883/5731/883 885/5732/885 4398/4666/4398 4397/4665/4397
f 885/5732/885 959/5733/959 4607/4896/4607 4398/4666/4398
f 909/5734/909 908/5735/908 4507/4779/4507 4509/4781/4509
f 4509/4781/4509 4545/4821/4545 926/5736/926 909/5734/909
f 908/5735/908 910/5737/910 4506/4778/4506 4507/4779/4507
f 910/5737/910 911/5724/911 4505/4777/4505 4506/4778/4506
f 924/5721/924 925/5738/925 4546/4822/4546 4547/4823/4547
f 925/5738/925 926/5736/926 4545/4821/4545 4546/4822/4546
f 959/5733/959 960/5739/960 4606/4895/4606 4607/4896/4607
f 960/5739/960 961/5740/961 4605/4894/4605 4606/4895/4606
f 961/5740/961 963/5741/963 4577/4863/4577 4605/4894/4605
f 963/5741/963 975/5742/975 4576/4862/4576 4577/4863/4577
f 975/5742/975 976/5711/976 4575/4861/4575 4576/4862/4576
f 845/899/845 844/898/844 827/881/827 790/837/790
f 5219/5743/5219 5220/5744/5220 787/834/787 786/833/786
f 835/889/835 834/888/834 5220/5744/5220 5219/5743/5219
f 5221/5745/5221 797/844/797 804/851/804 808/855/808
f 5222/5746/5222 789/836/789 797/844/797 5221/5745/5221
f 5223/5747/5223 786/833/786 789/836/789 5222/5746/5222
f 5224/5748/5224 5219/5743/5219 786/833/786 5223/5747/5223
f 5225/5749/5225 835/889/835 5219/5743/5219 5224/5748/5224
f 828/882/828 836/890/836 835/889/835 5225/5749/5225
f 784/831/784 5222/5746/5222 5221/5745/5221 794/841/794
f 794/841/794 5221/5745/5221 808/855/808 801/848/801
f 781/828/781 5223/5747/5223 5222/5746/5222 784/831/784
f 777/824/777 5224/5748/5224 5223/5747/5223 781/828/781
f 773/820/773 5225/5749/5225 5224/5748/5224 777/824/777
f 772/819/772 828/882/828 5225/5749/5225 773/820/773
f 5220/5744/5220 845/899/845 790/837/790 787/834/787
f 834/888/834 845/899/845 5220/5744/5220
f 802/849/802 801/848/801 810/857/810 816/5750/816
f 816/864/816 810/865/810 818/868/818 814/861/814
f 1002/1081/1002 814/861/814 818/868/818
f 846/900/846 841/895/841 848/902/848 850/904/850
f 837/891/837 838/892/838 841/895/841 846/900/846
f 838/892/838 837/891/837 887/946/887
f 850/904/850 852/906/852 827/881/827 844/898/844
f 850/904/850 844/898/844 846/900/846
f 837/891/837 846/900/846 834/888/834
f 5154/5501/5154 903/966/903 1007/1086/1007 5130/5475/5130
f 5155/5502/5155 900/962/900 903/966/903 5154/5501/5154
f 872/929/872 896/957/896 900/962/900 5155/5502/5155
f 869/928/869 874/932/874 896/957/896 872/929/872
f 996/1075/996 1076/1156/1076 1077/1157/1077 997/1076/997
f 990/1069/990 992/1071/992 996/1075/996
f 987/1066/987 1072/1152/1072 1075/1155/1075 988/1067/988
f 5105/5443/5105 5114/5708/5114 5217/5706/5217 1781/1916/1781
f 1322/1437/1322 5113/5453/5113 5112/5452/5112 1321/1436/1321
f 1321/1436/1321 5112/5452/5112 5115/5456/5115 1093/5449/1093
f 1009/1088/1009 1008/1087/1008 5226/5751/5226 981/5752/981
f 980/1057/980 1009/1088/1009 981/5752/981 977/1054/977
f 5226/5751/5226 1008/1087/1008 1097/1184/1097 5227/5753/5227
f 5226/5754/5226 5227/5755/5227 1073/1153/1073 987/1066/987
f 5226/5754/5226 987/1066/987 982/1059/982 981/1058/981
f 1024/1103/1024 1023/1102/1023 1037/1116/1037 1043/1122/1043
f 1019/1098/1019 5115/5756/5115 5104/5757/5104 1033/5457/1033
f 1018/1097/1018 1093/1178/1093 5115/5756/5115 1019/1098/1019
f 5109/5447/5109 1094/1179/1094 1016/1182/1016 1014/5758/1014
f 1011/5759/1011 5107/5445/5107 5109/5447/5109 1014/5758/1014
f 1010/5760/1010 5108/5446/5108 5107/5445/5107 1011/5759/1011
f 989/1068/989 986/1065/986 993/1072/993 998/1077/998
f 989/1068/989 998/1077/998 1006/1085/1006
f 899/961/899 989/1068/989 1006/1085/1006 903/966/903
f 902/964/902 979/1056/979 978/1055/978 901/965/901
f 1557/1690/1557 1560/1693/1560 1550/1683/1550
f 1324/1439/1324 1323/1438/1323 1558/1691/1558 1557/1690/1557
f 1324/1439/1324 1557/1690/1557 1550/1683/1550 1552/1685/1552
f 1298/1412/1298 1299/1414/1299 946/1018/946 945/1017/945
f 1287/1401/1287 1302/1417/1302 1288/1402/1288
f 938/1010/938 939/1011/939 945/1017/945 943/1015/943
f 936/1008/936 938/1010/938 943/1015/943 940/1012/940
f 937/1009/937 936/1008/936 940/1012/940 942/1014/942
f 1079/1159/1079 1066/1146/1066 1081/1161/1081 5228/5761/5228
f 690/1000/690 644/1413/644 930/1002/930
f 1480/1613/1480 1529/1662/1529 1457/1590/1457 1458/1591/1458
f 1323/1438/1323 1326/1441/1326 1303/1418/1303 1531/1664/1531
f 1148/1235/1148 1140/1227/1140 760/807/760 807/854/807
f 1081/5762/1081 1080/5763/1080 1147/1234/1147 1148/1235/1148
f 1080/5763/1080 1082/5764/1082 1146/1233/1146 1147/1234/1147
f 1082/5764/1082 1083/5765/1083 1145/1232/1145 1146/1233/1146
f 1083/5765/1083 1084/5766/1084 1144/1231/1144 1145/1232/1145
f 1084/5766/1084 1085/5767/1085 1143/1230/1143 1144/1231/1144
f 1085/5767/1085 1086/5768/1086 1142/1229/1142 1143/1230/1143
f 1086/1170/1086 1088/1169/1088 1161/1257/1161 1142/1256/1142
f 1148/1235/1148 807/854/807 5228/5769/5228 1081/5762/1081
f 5228/5769/5228 807/854/807 806/853/806
f 799/846/799 802/849/802 816/5750/816 806/853/806
f 792/839/792 795/842/795 802/849/802 799/846/799
f 785/832/785 795/842/795 792/839/792 782/829/782
f 778/825/778 780/827/780 785/832/785 782/829/782
f 815/862/815 1079/1159/1079 5228/5761/5228 806/863/806
f 997/1076/997 1077/1157/1077 1078/1158/1078 1001/1080/1001
f 1001/1080/1001 1078/1158/1078 1079/1159/1079 815/862/815
f 1076/1156/1076 1045/1124/1045 1052/1132/1052 1077/1157/1077
f 1074/1154/1074 1043/1122/1043 1045/1124/1045 1076/1156/1076
f 1043/1122/1043 1074/1154/1074 1075/1155/1075 1024/1103/1024
f 1072/1152/1072 1025/1104/1025 1024/1103/1024 1075/1155/1075
f 1025/1104/1025 1072/1152/1072 1073/1153/1073 1013/1092/1013
f 5227/5755/5227 1010/1089/1010 1013/1092/1013 1073/1153/1073
f 1097/1184/1097 5108/5446/5108 1010/5760/1010 5227/5753/5227
f 1096/1183/1096 1318/1433/1318 5108/5446/5108 1097/1184/1097
f 1201/5770/1201 1200/5771/1200 1798/1933/1798 1699/1832/1699
f 1699/1832/1699 1698/1831/1698 1235/5772/1235 1201/5770/1201
f 1200/5771/1200 1202/5773/1202 1797/1932/1797 1798/1933/1798
f 1202/5773/1202 1203/5774/1203 1796/1931/1796 1797/1932/1797
f 1203/5774/1203 1204/5775/1204 1795/1930/1795 1796/1931/1796
f 1204/5775/1204 1205/5776/1205 1794/1929/1794 1795/1930/1795
f 1205/5776/1205 1206/5777/1206 1793/1928/1793 1794/1929/1794
f 1206/5777/1206 1207/5778/1207 1791/1926/1791 1793/1928/1793
f 1207/5778/1207 1208/5779/1208 1792/1927/1792 1791/1926/1791
f 1208/5779/1208 1209/5780/1209 5229/5781/5229 1792/1927/1792
f 1235/5772/1235 1698/1831/1698 5153/5500/5153
f 1112/1240/1112 1154/1243/1154 1790/1925/1790 5230/5782/5230
f 1112/1199/1112 5230/5783/5230 1152/1239/1152 1113/1200/1113
f 1529/1662/1529 1271/1384/1271 1457/1590/1457
f 1519/1652/1519 1304/1419/1304 1271/1384/1271 1529/1662/1529
f 1513/1646/1513 1530/1663/1530 1304/1419/1304 1519/1652/1519
f 1512/1645/1512 1525/1658/1525 1530/1663/1530 1513/1646/1513
f 1465/1598/1465 1464/1597/1464 1493/1626/1493 1492/1625/1492
f 1584/1717/1584 1579/1712/1579 1492/1625/1492 1493/1626/1493
f 1610/1743/1610 1611/1744/1611 1616/1749/1616 1613/1746/1613
f 1613/1746/1613 1616/1749/1616 1585/1718/1585 1586/1719/1586
f 1566/1699/1566 1614/1747/1614 1587/1720/1587 1564/1697/1564
f 1511/1644/1511 1514/1647/1514 1504/1637/1504 1506/1639/1506
f 1505/1638/1505 1504/1637/1504 1514/1647/1514
f 1588/1721/1588 1537/1670/1537 1536/1669/1536
f 1565/1698/1565 1609/1742/1609 1566/1699/1566
f 1412/1536/1412 1421/1545/1421 1445/1569/1445 1444/1568/1444
f 1421/1545/1421 1429/1553/1429 1446/1570/1446 1445/1569/1445
f 1429/1553/1429 1437/1561/1437 1447/1571/1447 1446/1570/1446
f 1437/1574/1437 1450/1577/1450 1448/1573/1448 1447/1572/1447
f 1450/1577/1450 1617/1750/1617 1679/1812/1679 1448/1573/1448
f 1617/1750/1617 1620/1753/1620 1680/1813/1680 1679/1812/1679
f 1620/1753/1620 1634/1767/1634 1681/1814/1681 1680/1813/1680
f 1634/1767/1634 1644/1777/1644 1682/1815/1682 1681/1814/1681
f 1644/1777/1644 1652/1785/1652 1683/1816/1683 1682/1815/1682
f 1652/1785/1652 1659/1792/1659 1684/1817/1684 1683/1816/1683
f 1659/1792/1659 1666/1799/1666 1685/1818/1685 1684/1817/1684
f 1666/1799/1666 1675/1808/1675 1686/1819/1686 1685/1818/1685
f 1675/1808/1675 1688/1821/1688 5218/5707/5218 1686/1819/1686
f 1688/1821/1688 1778/1913/1778 1782/1917/1782 5218/5707/5218
f 1765/1900/1765 1764/1899/1764 1783/1918/1783 1779/1914/1779
f 1779/1914/1779 1782/1917/1782 1778/1913/1778 1765/1900/1765
f 1764/1899/1764 1766/1901/1766 1784/1919/1784 1783/1918/1783
f 1766/1901/1766 1767/1902/1767 1785/1920/1785 1784/1919/1784
f 1767/1902/1767 1768/1903/1768 1786/1921/1786 1785/1920/1785
f 1768/1903/1768 1769/1904/1769 1787/1922/1787 1786/1921/1786
f 1769/1904/1769 1770/1905/1770 1788/1923/1788 1787/1922/1787
f 1770/1905/1770 1771/1906/1771 1789/1924/1789 1788/1923/1788
f 1160/1255/1160 1161/1257/1161 1789/1924/1789 1771/1906/1771
f 1412/1536/1412 1444/1568/1444 1399/1523/1399
f 1161/1257/1161 1088/1169/1088 1087/1168/1087 1789/1924/1789
f 492/508/492 488/504/488 483/499/483 485/501/485
f 519/542/519 492/508/492 485/501/485 521/544/521
f 513/536/513 4608/4897/4608 4611/4900/4611 512/535/512
f 502/534/502 514/537/514 513/536/513 512/535/512
f 1897/2042/1897 1899/2044/1899 1905/2050/1905 1901/2046/1901
f 1900/2045/1900 1905/2050/1905 1899/2044/1899
f 623/664/623 604/667/604 605/654/605 614/653/614
f 616/657/616 623/664/623 614/653/614
f 617/658/617 620/661/620 623/664/623 616/657/616
f 568/602/568 523/548/523 1913/2067/1913 1916/2070/1916
f 1913/2067/1913 523/548/523 522/547/522
f 1149/1236/1149 1150/1237/1150 1189/1288/1189 1190/1290/1190
f 1150/1237/1150 1151/1238/1151 1188/1286/1188 1189/1288/1189
f 1151/1238/1151 1152/1239/1152 1187/1283/1187 1188/1286/1188
f 1152/1239/1152 5230/5783/5230 1209/1309/1209 1187/1283/1187
f 5230/5782/5230 1790/1925/1790 5229/5781/5229 1209/5780/1209
f 1190/1290/1190 1183/1289/1183 1192/2149/1192 26/26/26
f 1722/1857/1722 1792/1927/1792 5229/5781/5229 1790/1925/1790
f 1190/1290/1190 26/26/26 1149/1236/1149
f 1184/1280/1184 1185/1281/1185 1194/1294/1194 1193/1293/1193
f 3925/4170/3925 2445/2639/2445 2268/2461/2268
f 3957/4202/3957 3925/4170/3925 3921/4166/3921 5231/5784/5231
f 5232/5785/5232 3958/4203/3958 3957/4202/3957 5231/5784/5231
f 5231/5784/5231 3921/4166/3921 3917/4162/3917 3953/4198/3953
f 5233/5786/5233 5232/5785/5232 5231/5784/5231 3953/4198/3953
f 3949/4194/3949 3954/4199/3954 3947/4192/3947 3945/4190/3945
f 2393/2587/2393 2394/2588/2394 3954/4199/3954 3949/4194/3949
f 2403/2597/2403 2452/2646/2452 2453/2647/2453 2404/2598/2404
f 2481/2675/2481 2480/2674/2480 2452/2646/2452 2451/2645/2451
f 2403/2597/2403 2405/2599/2405 2452/2646/2452
f 2085/2253/2085 2082/2250/2082 2127/2305/2127 2494/2689/2494
f 2114/2296/2114 2120/2295/2120 2116/2288/2116 2111/2289/2111
f 2112/2284/2112 2109/2280/2109 2114/2286/2114 2111/2283/2111
f 470/484/470 469/483/469 5059/5386/5059 5058/5385/5058
f 472/486/472 2116/2288/2116 5059/5386/5059 469/483/469
f 5234/5787/5234 2112/2284/2112 476/490/476 2103/2273/2103
f 2097/2267/2097 2099/2269/2099 5234/5787/5234 2103/2273/2103
f 2085/2253/2085 2494/2689/2494 2492/2687/2492 2087/2255/2087
f 2105/2275/2105 2109/2280/2109 2112/2284/2112 5234/5787/5234
f 2099/2269/2099 2101/2271/2101 2105/2275/2105 5234/5787/5234
f 2088/2256/2088 2090/2258/2090 2101/2271/2101 2099/2269/2099
f 2098/2268/2098 5235/5788/5235 2084/2252/2084 2083/2251/2083
f 477/493/477 427/437/427 5235/5788/5235 2098/2268/2098
f 468/482/468 437/449/437 436/448/436 471/485/471
f 5173/5522/5173 5174/5523/5174 468/482/468 471/485/471
f 4886/5197/4886 4887/5198/4887 5174/5523/5174 5173/5522/5173
f 431/441/431 429/439/429 475/489/475 473/492/473
f 433/444/433 431/443/431 473/487/473 435/447/435
f 2087/2255/2087 2492/2687/2492 2490/2685/2490 2089/2257/2089
f 2089/2257/2089 2490/2685/2490 2487/2682/2487 2091/2259/2091
f 2091/2259/2091 2487/2682/2487 2124/2681/2124 2093/2261/2093
f 4870/5181/4870 4838/5149/4838 4849/5160/4849 4872/5183/4872
f 4837/5148/4837 4849/5160/4849 4838/5149/4838
f 204/204/204 213/213/213 3261/3489/3261 3360/3592/3360
f 5236/5789/5236 3457/3689/3457 363/368/363 359/364/359
f 354/359/354 355/360/355 5236/5789/5236 359/364/359
f 338/343/338 371/376/371 3538/3775/3538 340/345/340
f 338/343/338 340/345/340 343/348/343 339/344/339
f 5236/5789/5236 5237/5790/5237 3459/3691/3459 3457/3689/3457
f 355/360/355 364/369/364 5237/5790/5237 5236/5789/5236
f 340/345/340 3538/3775/3538 3542/3779/3542 341/346/341
f 5237/5790/5237 394/5791/394 399/3721/399 3459/3691/3459
f 364/369/364 389/406/389 394/5791/394 5237/5790/5237
f 341/346/341 3542/3779/3542 368/373/368 344/349/344
f 2587/2788/2587 2585/2786/2585 2624/2825/2624 2622/2823/2622
f 2592/2793/2592 2591/2792/2591 2597/2798/2597 2595/2796/2595
f 2586/2787/2586 2590/2791/2590 2592/2793/2592 2581/2782/2581
f 2585/2786/2585 2587/2788/2587 2590/2791/2590 2586/2787/2586
f 2583/2784/2583 2582/2783/2582 2660/5792/2660 2623/2824/2623
f 2552/2753/2552 2543/2744/2543 2542/2743/2542 2584/2785/2584
f 5238/5793/5238 2578/2779/2578 2580/2781/2580 3495/3728/3495
f 2577/2778/2577 5238/5793/5238 3495/3728/3495 2576/2777/2576
f 5239/5794/5239 5240/5795/5240 5238/5793/5238 2577/2778/2577
f 2570/2771/2570 5239/5794/5239 2577/2778/2577 2569/2770/2569
f 2557/2758/2557 5241/5796/5241 5239/5794/5239 2570/2771/2570
f 2556/2757/2556 2595/2796/2595 5241/5796/5241 2557/2758/2557
f 2555/2756/2555 2557/2758/2557 2570/2771/2570 2563/2764/2563
f 5241/5796/5241 2602/2803/2602 5240/5795/5240 5239/5794/5239
f 2602/2803/2602 5241/5796/5241 2595/2796/2595 2597/2798/2597
f 5240/5795/5240 2606/2807/2606 2578/2779/2578 5238/5793/5238
f 2606/2807/2606 5240/5795/5240 2602/2803/2602 2601/2802/2601
f 2593/2794/2593 2589/2790/2589 2588/2789/2588
f 2544/2745/2544 2543/2744/2543 2551/2752/2551
f 2550/2751/2550 2551/2752/2551 2554/2755/2554
f 2582/2783/2582 2534/2735/2534 2640/5797/2640 2660/5792/2660
f 2562/2763/2562 2549/2750/2549 2554/2755/2554 2563/2764/2563
f 2326/2520/2326 2193/2380/2193 2195/2382/2195 2459/2653/2459
f 2191/2378/2191 2187/2374/2187 2195/2382/2195 2193/2380/2193
f 2316/2510/2316 2335/2529/2335 2337/2531/2337
f 3972/4217/3972 3985/4230/3985 3983/4228/3983 3974/4219/3974
f 2524/2721/2524 2530/2731/2530 2526/2723/2526 2522/2719/2522
f 2517/2714/2517 2519/2716/2519 2524/2721/2524 2522/2719/2522
f 2512/2709/2512 2514/2711/2514 2519/2716/2519 2517/2714/2517
f 2507/2704/2507 2510/2707/2510 2514/2711/2514 2512/2709/2512
f 2506/2703/2506 2510/2707/2510 2507/2704/2507
f 2276/2470/2276 331/335/331 311/336/311 2192/2379/2192
f 2286/2480/2286 2292/2486/2292 330/333/330
f 2278/2472/2278 2288/2482/2288 2292/2486/2292 2286/2480/2286
f 2277/2471/2277 2281/2475/2281 2278/2472/2278
f 2279/2473/2279 2277/2471/2277 2325/2519/2325
f 2286/2480/2286 331/335/331 2278/2472/2278
f 2081/2249/2081 2084/2252/2084 2121/2297/2121
f 5235/5788/5235 425/435/425 422/432/422 2084/2252/2084
f 427/437/427 425/435/425 5235/5788/5235
f 433/444/433 437/449/437 445/458/445 434/445/434
f 468/482/468 445/458/445 437/449/437
f 2411/2605/2411 2408/2602/2408 2449/2643/2449 2447/2641/2447
f 2414/2608/2414 2411/2605/2411 2447/2641/2447
f 3411/3643/3411 5242/5798/5242 5096/5434/5096 5060/5387/5060
f 2018/2180/2018 5095/5433/5095 2029/2191/2029 2028/2190/2028
f 2018/2180/2018 2028/2190/2028 2009/2171/2009 2015/2177/2015
f 2015/2177/2015 2009/2171/2009 2011/2173/2011 2012/2174/2012
f 5242/5798/5242 3411/3643/3411 3407/3639/3407 3410/3642/3410
f 2013/2175/2013 2011/2173/2011 2010/2172/2010 2733/2946/2733
f 2807/3020/2807 5243/5799/5243 3415/3647/3415 2859/3078/2859
f 2625/2826/2625 2733/2946/2733 2732/2945/2732 2627/2828/2627
f 2468/2662/2468 2473/2667/2473 2471/2665/2471 2464/2658/2464
f 2208/2395/2208 2209/2396/2209 2468/2662/2468 2464/2658/2464
f 2207/2394/2207 2208/2395/2208 2466/2660/2466 2182/2369/2182
f 2460/2654/2460 2465/2659/2465 2470/2664/2470 2461/2655/2461
f 2466/2660/2466 2465/2659/2465 2460/2654/2460 2194/2381/2194
f 2182/2369/2182 2466/2660/2466 2194/2381/2194 2183/2370/2183
f 2533/2734/2533 2535/2736/2535 2544/2745/2544 2541/2742/2541
f 2527/2724/2527 2638/2839/2638 2523/2842/2523 2518/2725/2518
f 2534/2735/2534 2532/2733/2532 2523/2720/2523 2640/5797/2640
f 2886/3105/2886 2889/3108/2889 2796/3009/2796 2798/3011/2798
f 2889/3108/2889 2895/3114/2895 2795/3008/2795 2796/3009/2796
f 2895/3114/2895 2899/3118/2899 2794/3007/2794 2795/3008/2795
f 5244/5800/5244 2793/3006/2793 2794/3007/2794 2899/3118/2899
f 2898/3117/2898 2903/3122/2903 5244/5800/5244 2899/3118/2899
f 2908/3127/2908 2792/3005/2792 2793/3006/2793 5244/5800/5244
f 2903/3122/2903 2906/3125/2906 2908/3127/2908 5244/5800/5244
f 5232/5785/5232 5233/5786/5233 2442/2636/2442 2443/2637/2443
f 2444/2638/2444 3958/4203/3958 5232/5785/5232 2443/2637/2443
f 2440/2634/2440 2445/2639/2445 3958/4203/3958 2444/2638/2444
f 3956/4201/3956 2442/2636/2442 5233/5786/5233 3952/4197/3952
f 2621/2822/2621 2600/2801/2600 2599/2800/2599
f 2031/2193/2031 2030/2192/2030 5245/5801/5245 5246/5802/5246
f 5246/5802/5246 5245/5801/5245 2817/3032/2817 2751/2964/2751
f 3410/3642/3410 3409/3641/3409 3415/3647/3415 5247/5803/5247
f 2029/5804/2029 5242/5798/5242 3410/3642/3410 5247/5803/5247
f 5247/5803/5247 3415/3647/3415 5243/5799/5243 2030/5805/2030
f 3421/3653/3421 2858/3077/2858 2859/3078/2859 3414/3646/3414
f 2749/2962/2749 2748/2961/2748 2834/3052/2834 2839/3057/2839
f 2840/3058/2840 5181/5530/5181 5182/5531/5182
f 2839/3057/2839 2838/3056/2838 5248/5806/5248 2864/3083/2864
f 2863/3082/2863 2749/2962/2749 2839/3057/2839 2864/3083/2864
f 2749/2962/2749 2863/3082/2863 2718/2931/2718 2717/2930/2717
f 5243/5799/5243 2807/3020/2807 2809/3022/2809 5245/5807/5245
f 2838/3056/2838 2840/3058/2840 5182/5531/5182 5248/5806/5248
f 2871/3090/2871 2867/3086/2867 5248/5806/5248 5182/5531/5182
f 2864/3083/2864 5248/5806/5248 2867/3086/2867 2861/3080/2861
f 2873/3092/2873 2862/3081/2862 2861/3080/2861 2866/3085/2866
f 2867/3086/2867 2871/3090/2871 2870/3089/2870 2865/3084/2865
f 2865/3084/2865 2869/3088/2869 2872/3091/2872 2866/3085/2866
f 2878/3097/2878 2803/3016/2803 2804/3017/2804
f 2031/2193/2031 5246/5802/5246 2735/2948/2735 2007/2169/2007
f 2031/2193/2031 2007/2169/2007 2009/2171/2009 2028/2190/2028
f 2817/3032/2817 5245/5801/5245 2809/3029/2809
f 2030/5805/2030 5243/5799/5243 5245/5807/5245
f 2029/5804/2029 5247/5803/5247 2030/5805/2030
f 2029/5804/2029 5095/5808/5095 5096/5434/5096 5242/5798/5242
f 5096/5434/5096 5095/5808/5095 5092/5431/5092
f 3421/3653/3421 3414/3646/3414 3383/3615/3383 3382/3614/3382
f 3416/3648/3416 3386/3618/3386 3383/3615/3383 3414/3646/3414
f 2810/3023/2810 2820/5809/2820 2860/3079/2860 2811/3024/2811
f 2859/3078/2859 2858/3077/2858 2811/3024/2811 2860/3079/2860
f 2816/3031/2816 2808/3030/2808 2820/3035/2820 2819/3034/2819
f 2807/3020/2807 2860/3079/2860 2820/5809/2820 2808/3021/2808
f 2735/2948/2735 5246/5802/5246 2751/2964/2751 2742/2955/2742
f 2734/2947/2734 2735/2948/2735 2742/2955/2742 2738/2951/2738
f 4823/5134/4823 4824/5135/4824 4825/5136/4825 5205/5693/5205
f 4733/5042/4733 4823/5134/4823 5205/5693/5205 4736/5045/4736
f 4733/5042/4733 4736/5045/4736 4737/5046/4737 4734/5043/4734
f 4734/5043/4734 4737/5046/4737 4652/4941/4652 4738/5047/4738
f 4738/5047/4738 4652/4941/4652 4651/4940/4651 4740/5049/4740
f 1912/2063/1912 1888/2033/1888 1887/2032/1887 1892/2037/1892
f 1845/2065/1845 1912/2063/1912 1892/2037/1892 1844/2057/1844
f 1838/1982/1838 1845/1990/1845 1844/1988/1844
f 3956/4201/3956 2441/2635/2441 2442/2636/2442
f 3952/4197/3952 5233/5786/5233 3953/4198/3953
