mtllib material.mtl
v -13.328298 4.798693 -9.881525
v -13.353699 4.773849 -8.968195
v -13.816418 6.296467 -9.441721
v -13.350919 4.748386 -8.019066
v -13.861634 6.271320 -8.517055
v -9.254536 4.990158 -14.690856
v -9.930427 4.976414 -14.573390
v -9.417916 6.488213 -14.256989
v -8.564903 5.000937 -14.687872
v -8.680164 6.498962 -14.255545
v -10.149723 6.474361 -14.138004
v -13.884390 6.246002 -7.573883
v -5.978169 5.010437 -13.507965
v -6.578975 5.013262 -13.972154
v -5.905165 6.508427 -13.079456
v -12.349249 4.895563 -12.956781
v -12.764179 4.871655 -12.300119
v -13.213375 6.368999 -11.849482
v -12.765737 6.393036 -12.510412
v -13.057284 4.847477 -11.560728
v -13.526076 6.344975 -11.114341
v -11.828334 4.918653 -13.519575
v -12.195120 6.416504 -13.081886
v -5.428634 5.004107 -12.941550
v -5.338898 6.501953 -12.521832
v -6.546956 6.511181 -13.538305
v -13.238053 4.823179 -10.750271
v -13.717402 6.320969 -10.312773
v -11.234451 4.940121 -13.977640
v -11.549612 6.438278 -13.548110
v -13.119753 4.730066 -7.200660
v -13.337357 4.722748 -7.054587
v -13.153082 4.874922 -7.950170
v -4.962996 4.993984 -12.281704
v -4.878646 6.491375 -11.867587
v -10.593208 4.959560 -14.330773
v -10.864043 6.457630 -13.900463
v -4.615021 4.979834 -11.539522
v -4.538726 6.476803 -11.129087
v -10.673080 5.241501 -13.902490
v -10.847103 6.192825 -13.633318
v -4.390316 4.961885 -10.727242
v -4.317247 6.458611 -10.319049
v -12.095501 4.864714 -12.875975
v -12.300200 5.141457 -12.547146
v -12.509005 4.860914 -12.255624
v -12.949062 4.672035 -5.431393
v -13.205317 4.673973 -5.139184
v -13.257890 4.658998 -6.103036
v -13.026395 4.645239 -6.059373
v -12.677631 5.137684 -11.902479
v -12.807959 4.837528 -11.552782
v -11.589795 4.892319 -13.404618
v -11.814456 5.150154 -13.104858
v -4.273750 4.940716 -9.857787
v -4.190921 6.437462 -9.449965
v -12.945361 5.127827 -11.169468
v -13.002940 4.827423 -10.768935
v -11.215521 4.906075 -13.696577
v -4.237725 4.917130 -8.944532
v -4.127509 6.414200 -8.535728
v -13.890703 6.220673 -6.620738
v -13.360972 6.364128 -10.831187
v -13.480211 6.348885 -10.321712
v -13.104006 5.104019 -10.364806
v -13.096945 4.789917 -9.931177
v -4.254668 4.892015 -8.001365
v -4.097855 6.389500 -7.585450
v -13.846579 6.195919 -5.661261
v -4.293626 4.866323 -7.048402
v -4.088058 6.363964 -6.614685
v -13.144647 4.978634 -6.207517
v -13.178780 5.007854 -6.809654
v -13.524458 5.958916 -6.534194
v -13.491517 5.929695 -5.932058
v -4.359448 4.838863 -6.047154
v -4.126841 6.338020 -5.655408
v -13.165929 5.047754 -9.527628
v -13.119946 4.747076 -9.064432
v -7.880752 5.008524 -14.567536
v -7.948102 6.506443 -14.133690
v -13.731186 6.172775 -4.722867
v -9.769675 4.947132 -14.372662
v -10.027962 5.225779 -14.168226
v -10.410963 4.944580 -14.146191
v -13.189456 5.043535 -8.664046
v -7.216621 5.012619 -14.327194
v -7.233274 6.510540 -13.893345
v -13.025588 4.652466 -4.219416
v -13.539118 6.151554 -3.814737
v -9.345385 4.955896 -14.445587
v -13.665268 6.268044 -7.372211
v -13.670437 6.251762 -6.759925
v -12.055617 6.100925 -12.821184
v -12.401598 6.099827 -12.459526
v -7.438361 5.276541 -14.022060
v -7.460816 6.227600 -13.746601
v -11.072527 5.215652 -13.680899
v -11.470938 6.160378 -13.281270
v -12.763431 4.633837 -3.359041
v -13.283416 6.131756 -2.925192
v -6.821752 5.277840 -13.703044
v -6.814003 6.228901 -13.427586
v -13.608563 6.206524 -5.535858
v -13.536922 6.191624 -4.932731
v -13.471266 5.998550 -9.241579
v -13.498819 6.002396 -8.677097
v -11.331018 6.467335 -13.384583
v -7.825916 4.990252 -14.305944
v -8.078328 5.271929 -14.229942
v -8.478122 4.983326 -14.439406
v -9.168406 5.262533 -14.316082
v -9.494001 6.209839 -14.025198
v -13.078057 6.373890 -11.561178
v -12.842238 6.095978 -11.837444
v -12.669310 6.397327 -12.217751
v -12.949132 4.783873 -5.104909
v -12.792006 4.650724 -4.530801
v -13.160104 6.086170 -11.127539
v -13.644551 6.298534 -8.304320
v -13.528826 6.010559 -7.757725
v -13.581027 6.311352 -9.479853
v -13.401442 6.055080 -10.089346
v -12.771330 4.763363 -4.222714
v -12.517219 4.532089 -3.522245
v -8.735881 5.282993 -14.315207
v -8.814410 6.234241 -14.042450
v -9.286397 6.514381 -14.015574
v -10.672982 6.466537 -13.711744
v -10.177216 6.176838 -13.892767
v -9.979971 6.468880 -13.929192
v -12.493979 4.533045 -3.544257
v -6.025399 5.004042 -13.219444
v -6.232112 5.289328 -13.268303
v -6.596115 4.993793 -13.694651
v -11.948647 6.413887 -12.957056
v -4.905691 4.857847 -4.161491
v -4.546189 4.872116 -4.271314
v -4.864017 4.761747 -3.432671
v -5.008181 4.742786 -3.748478
v -4.513192 5.108267 -7.146056
v -4.390821 6.059444 -6.881215
v -8.585890 6.505207 -14.001373
v -5.393155 4.628513 -2.764854
v -5.166084 4.733458 -2.545725
v -4.386364 4.896189 -5.088078
v -4.241001 6.311543 -4.717852
v -8.132082 6.222992 -13.954485
v -7.889729 6.511948 -13.865210
v -4.432155 6.284447 -3.799281
v -4.693298 6.257481 -2.924580
v -5.007330 6.231380 -2.111876
v -13.362184 6.170486 -4.035833
v -13.344963 5.899704 -4.715561
v -4.435795 6.358326 -4.914630
v -4.361761 6.375343 -5.516271
v -7.197653 4.993696 -14.055475
v -5.476819 6.232174 -12.274770
v -5.689564 5.283697 -12.731668
v -5.513633 4.983576 -12.652876
v -13.099321 6.243999 -3.026418
v -13.150283 5.879139 -3.827680
v -5.596881 6.521824 -12.434961
v -13.074003 6.244957 -3.048430
v -5.048202 6.207939 -11.631498
v -5.234446 5.260784 -12.110634
v -5.093017 4.972942 -11.995869
v -6.562491 6.515491 -13.253914
v -6.195732 6.240387 -12.992844
v -5.954127 6.525894 -12.788568
v -5.134950 6.498737 -11.819963
v -4.739747 6.193512 -10.910139
v -4.891957 5.247620 -11.408133
v -4.787553 4.958408 -11.261397
v -4.784430 6.485443 -11.120537
v -4.542951 6.175602 -10.120857
v -4.665015 5.230801 -10.636627
v -4.596431 4.940355 -10.463096
v -4.549510 6.468506 -10.348361
v -4.436792 6.154854 -9.276047
v -4.539321 5.210901 -9.809166
v -4.501067 4.919422 -9.614052
v -4.576944 4.814756 -6.207258
v -4.526278 4.833984 -6.905064
v -7.211698 6.515392 -13.614740
v -4.412741 6.448479 -9.514526
v -4.391516 6.132099 -8.390080
v -4.488550 5.188677 -8.938591
v -4.474539 4.896399 -8.726357
v -4.345633 6.426151 -8.632957
v -4.383556 6.089127 -7.483612
v -4.489137 5.146200 -8.053304
v -4.493428 4.853323 -7.827734
v -4.805097 5.032526 -4.454367
v -4.759113 4.865168 -4.814508
v -4.319344 6.402107 -7.709366
v -4.591920 5.122938 -5.817127
v -4.417363 6.084732 -5.923717
v -4.659254 5.100554 -5.217435
v -4.680202 5.983200 -4.164214
v -4.560311 6.045509 -4.728983
v -5.104979 5.035828 -3.313753
v -5.372046 4.842501 -2.702876
v -5.245397 6.126434 -2.331005
v -4.938487 6.284779 -2.899233
v -4.906538 5.995140 -3.298459
v -4.683090 6.278275 -3.749646
v -5.224288 6.340424 -2.269027
v -4.321175 6.355495 -6.464562
v -12.905651 4.574362 -5.356408
v -13.060022 4.565872 -5.129522
v -13.113938 4.583260 -5.819560
v -12.997676 4.586006 -5.852526
v -12.904059 4.546772 -4.312758
v -12.860645 4.567217 -5.058960
v -12.767511 4.555813 -4.571223
v -12.709475 4.533731 -3.701406
v -12.701199 4.549326 -4.285693
v -12.604279 4.537832 -3.792314
v -4.743662 5.484531 -2.301227
v -4.409241 5.511086 -3.126718
v -4.135942 5.538067 -4.001777
v -3.938002 5.565178 -4.921545
v -3.817627 5.591995 -5.871515
v -3.764590 5.618244 -6.836708
v -3.748778 5.643955 -7.801902
v -3.757016 5.668941 -8.751873
v -3.811646 5.692516 -9.671642
v -3.943982 5.713818 -10.546701
v -4.186856 5.732010 -11.363252
v -4.561378 5.746464 -12.108418
v -5.068032 5.756866 -12.770443
v -5.680236 5.763329 -13.338890
v -6.359695 5.766144 -13.804795
v -7.081995 5.765453 -14.160810
v -7.834143 5.761292 -14.401318
v -8.604276 5.753719 -14.522527
v -9.380249 5.742859 -14.522527
v -10.149823 5.728882 -14.401318
v -10.900864 5.712006 -14.160809
v -11.621523 5.692501 -13.804794
v -12.296919 5.670719 -13.338889
v -12.890280 5.647377 -12.770442
v -13.358440 5.623306 -12.108416
v -13.688690 5.598969 -11.363250
v -13.892269 5.574509 -10.546700
v -13.996449 5.549860 -9.671640
v -14.034659 5.524847 -8.751872
v -14.043812 5.499384 -7.801900
v -14.041186 5.473715 -6.836707
v -13.990171 5.448814 -5.871514
v -13.866044 5.425407 -4.921543
v -13.663868 5.403900 -4.001774
v -13.395110 5.384315 -3.119388
v -5.370214 5.098307 -12.380476
v -5.148435 5.733986 -11.860086
v -5.093326 6.377041 -11.719470
v -5.306170 6.382530 -12.045861
v -13.175272 6.241127 -2.960382
v -13.142748 6.039135 -3.498581
v -13.260131 6.048508 -3.919764
v -11.457248 6.542652 -13.395838
v -5.546881 6.417694 -12.349197
v -5.796079 6.421322 -12.625614
v -6.070080 6.423676 -12.867601
v -6.149463 5.780846 -13.051214
v -5.858979 5.137041 -12.975300
v -5.164854 5.092859 -12.051905
v -4.989435 5.086372 -11.699896
v -4.823645 5.720219 -11.149931
v -4.763520 6.363220 -11.010241
v -4.915976 6.370636 -11.375772
v -6.887487 5.013252 -14.155186
v -6.712525 5.111948 -13.705454
v -6.607379 6.613342 -13.356613
v -6.381375 6.394871 -13.119766
v -5.994611 6.610825 -12.918924
v -4.842386 5.078999 -11.333296
v -4.725567 5.070637 -10.946125
v -4.612783 5.702888 -10.371616
v -4.547219 6.345837 -10.230600
v -4.643522 6.354977 -10.629860
v -5.465989 6.604748 -12.393775
v -4.634531 5.061560 -10.548565
v -4.570306 5.051590 -10.132633
v -4.497991 5.682594 -9.537619
v -4.425280 6.325481 -9.392163
v -4.477410 6.336002 -9.818911
v -4.524755 5.041149 -9.710776
v -4.500398 5.029949 -9.272531
v -4.451159 5.660141 -8.661296
v -4.368602 6.302971 -8.509071
v -4.392414 6.314449 -8.956217
v -12.813882 4.767138 -4.390692
v -12.876747 4.774834 -4.719915
v -13.183830 5.427292 -4.976547
v -12.999022 5.406036 -4.065548
v -4.316468 4.853449 -6.573663
v -4.564927 4.726254 -5.952277
v -4.545278 4.927696 -6.585302
v -4.474223 4.756990 -7.061696
v -5.690521 5.007523 -13.226545
v -5.543999 4.892153 -12.833084
v -4.486121 5.018538 -8.832286
v -4.489234 5.006531 -8.378228
v -4.351468 6.278484 -7.573751
v -4.357699 6.291183 -8.057186
v -13.551588 6.092079 -5.730253
v -13.605000 6.145927 -6.624418
v -12.493979 4.533045 -3.544257
v -12.672863 4.755463 -3.865103
v -13.074003 6.244957 -3.048430
v -12.783991 5.389000 -3.296343
v -5.179807 4.999296 -12.611509
v -5.101769 4.881990 -12.179771
v -6.695851 6.395878 -13.333583
v -4.618175 4.909212 -5.929921
v -4.501534 5.628048 -5.922744
v -4.371336 6.210892 -6.190972
v -4.361259 6.223953 -6.679002
v -4.528857 4.939625 -7.027886
v -7.271512 6.612835 -13.708733
v -4.718081 4.871637 -5.033990
v -4.759113 4.865170 -4.814508
v -4.784005 5.463211 -4.195046
v -4.587572 6.148232 -4.409576
v -4.603648 5.590473 -5.026814
v -4.772248 4.987122 -11.908578
v -4.773910 4.867870 -11.446541
v -4.488396 4.970982 -11.129457
v -4.564147 4.850098 -10.647074
v -5.201883 4.898357 -3.083378
v -5.308722 5.484468 -2.516941
v -5.067286 6.181622 -2.688765
v -4.916520 6.194416 -3.088067
v -5.006367 5.523083 -3.334185
v -4.321998 4.951305 -10.286732
v -4.456532 4.829271 -9.794436
v -4.587013 6.390610 -3.809571
v -4.799704 6.133690 -3.515392
v -4.843343 6.363705 -2.935942
v -5.224288 6.340424 -2.269027
v -5.130384 6.338970 -2.161600
v -4.250082 4.928802 -9.393578
v -4.424463 4.806170 -8.900723
v -4.244761 4.904341 -8.463672
v -4.441751 4.781607 -7.977965
v -5.028711 6.594521 -11.762877
v -4.276269 4.878780 -7.511250
v -4.693220 6.580471 -11.044373
v -4.472396 6.562820 -10.253867
v -5.023114 4.746717 -2.960529
v -5.306581 4.627060 -2.657427
v -5.393155 4.628513 -2.764854
v -5.076399 4.837500 -3.496742
v -4.991146 4.660553 -3.728741
v -4.345493 6.542175 -9.402710
v -4.282376 6.519356 -8.505070
v -12.982174 4.788746 -5.308804
v -13.020575 4.797123 -5.648838
v -4.256680 6.494568 -7.553873
v -4.647584 4.997944 -5.428761
v -4.497069 6.274612 -4.797140
v -4.385633 6.299786 -5.686181
v -4.248979 6.468555 -6.566395
v -4.681094 6.147350 -3.965372
v -4.848968 4.864286 -4.370304
v -4.905691 4.857849 -4.161491
v -13.269078 4.685461 -5.611325
v -13.165270 4.587341 -6.005127
v -13.079095 4.573484 -5.428853
v -13.089001 4.566484 -5.170316
v -13.007806 4.590939 -6.045123
v -13.040356 4.584007 -5.802975
v -12.904653 4.574757 -5.370782
v -12.922903 4.577356 -5.480121
v -13.124034 4.662960 -4.674609
v -12.972792 4.556608 -4.726315
v -12.913369 4.544975 -4.250548
v -12.870898 4.569399 -5.147696
v -12.884502 4.568977 -5.140087
v -12.745168 4.554003 -4.489251
v -12.821637 4.561279 -4.810864
v -12.910332 4.642532 -3.775423
v -12.816168 4.541286 -4.051926
v -12.686869 4.528761 -3.499772
v -12.695433 4.549139 -4.275104
v -12.758772 4.553583 -4.481642
v -12.545999 4.534388 -3.626652
v -12.672435 4.546686 -4.168422
v -12.586939 4.529219 -3.456209
v -12.655816 4.536919 -3.789166
v -4.437222 4.821280 -5.428998
v -4.543932 4.801023 -4.726461
v -4.702644 4.780701 -4.052072
v -4.601271 5.082117 -3.250962
v -4.917738 5.055563 -2.425470
v -4.341866 5.109100 -4.126020
v -4.153871 5.136209 -5.045788
v -4.038923 5.163033 -5.995759
v -3.982578 5.189354 -6.960952
v -3.951495 5.215269 -7.926145
v -3.944893 5.240442 -8.876116
v -3.989873 5.264122 -9.795885
v -4.116164 5.285412 -10.670944
v -4.354071 5.303493 -11.487495
v -4.721229 5.317772 -12.232660
v -5.214121 5.327997 -12.894687
v -5.801301 5.334372 -13.463135
v -6.447317 5.337177 -13.929039
v -7.133332 5.336489 -14.285053
v -7.847693 5.332323 -14.525561
v -8.579137 5.324753 -14.646770
v -9.316128 5.313892 -14.646770
v -10.047042 5.299913 -14.525561
v -10.760351 5.283039 -14.285051
v -11.444810 5.263533 -13.929038
v -12.086274 5.241755 -13.463133
v -12.649829 5.218409 -12.894686
v -13.094468 5.194338 -12.232658
v -13.408128 5.170000 -11.487494
v -13.601358 5.145542 -10.670943
v -13.698931 5.120892 -9.795883
v -13.730296 5.095881 -8.876116
v -13.731985 5.070417 -7.926144
v -13.723560 5.044746 -6.960951
v -13.672464 5.019848 -5.995758
v -13.554263 4.996441 -5.045786
v -13.362243 4.974934 -4.126018
v -13.106986 4.955349 -3.243631
v -13.979677 5.976845 -9.547970
v -14.021427 5.537405 -9.216448
v -14.022207 5.951836 -8.628202
v -13.838439 6.283958 -8.981451
v -14.041097 5.512167 -8.279731
v -14.038015 5.926373 -7.678230
v -13.871900 6.258286 -8.030601
v -9.414724 6.169846 -14.398857
v -9.766597 5.736248 -14.476984
v -10.175514 6.155872 -14.277649
v -9.776106 6.481716 -14.209379
v -8.647609 6.180706 -14.398858
v -8.992296 5.748692 -14.537708
v -9.040237 6.493996 -14.266780
v -5.757616 6.190304 -13.215220
v -6.013326 5.765179 -13.585147
v -6.428651 6.193130 -13.681127
v -6.211825 6.510040 -13.309870
v -13.141285 5.635399 -12.450495
v -13.347504 6.050293 -11.984745
v -13.010625 6.380672 -12.178600
v -12.884689 6.074364 -12.646772
v -13.540410 5.611156 -11.745509
v -13.673984 6.025955 -11.239580
v -13.386694 6.356602 -11.476640
v -12.606772 5.659187 -13.066948
v -12.489408 6.404781 -12.801551
v -12.298100 6.097710 -13.215220
v -5.157935 6.183758 -12.646773
v -5.363373 5.760571 -13.066948
v -5.610122 6.505722 -12.814056
v -13.804773 5.586754 -10.963108
v -13.875357 6.001495 -10.423029
v -13.635948 6.333000 -10.722467
v -11.966881 5.681854 -13.585146
v -11.868818 6.427895 -13.332104
v -11.630415 6.119488 -13.681125
v -13.131658 4.616667 -7.086435
v -13.348326 4.735435 -7.535035
v -13.148992 4.642210 -8.048773
v -13.156000 4.874174 -7.461703
v -4.668359 6.173176 -11.984747
v -4.799505 5.752171 -12.450497
v -5.103699 6.497166 -12.210947
v -13.954779 5.562218 -10.115633
v -13.771522 6.309174 -9.897009
v -11.265710 5.702564 -13.996916
v -11.201638 6.448402 -13.738327
v -10.917980 6.138996 -14.037138
v -4.309173 6.158550 -11.239582
v -4.357235 5.739731 -11.745512
v -4.699376 6.484634 -11.513794
v -10.682470 5.742832 -13.784257
v -11.090628 6.377682 -13.494173
v -11.415485 6.368050 -13.311825
v -11.282440 5.693977 -13.455585
v -10.853209 5.093159 -13.851895
v -10.528405 5.720791 -14.295768
v -10.500381 6.466434 -14.032297
v -4.076059 6.140247 -10.423031
v -4.050024 5.723347 -10.963112
v -4.419175 6.468239 -10.739279
v -12.564600 4.883900 -12.644044
v -12.174462 4.786940 -12.894005
v -12.186534 4.955275 -12.717369
v -12.396919 4.987219 -12.413746
v -12.576160 4.763519 -12.253441
v -12.919859 4.859838 -11.946052
v -12.581182 4.975594 -12.086515
v -12.735676 4.964020 -11.740801
v -12.861149 4.739824 -11.531375
v -12.090046 4.907507 -13.253883
v -11.685270 4.809265 -13.439840
v -11.687184 4.990026 -13.261657
v -11.947025 4.966625 -13.000517
v -3.945817 6.118938 -9.547972
v -3.865976 5.703506 -10.115635
v -4.247783 6.448521 -9.899262
v -13.155901 4.835613 -11.170914
v -12.862136 4.952295 -11.374648
v -12.973444 4.970816 -10.970691
v -13.037788 4.716009 -10.739195
v -11.540689 4.929615 -13.762825
v -11.124627 4.829794 -13.874390
v -11.426965 5.000343 -13.493128
v -3.885139 6.095463 -8.628203
v -3.776635 5.680958 -9.216448
v -4.156327 6.426247 -9.006939
v -14.045877 5.486519 -7.320257
v -14.041155 5.900703 -6.713037
v -13.893138 6.233356 -7.101186
v -13.407038 6.450039 -10.985387
v -13.585186 6.427383 -10.228769
v -13.376925 6.254211 -10.584221
v -13.289454 4.811253 -10.330856
v -13.048211 4.959036 -10.571388
v -13.091276 4.916197 -10.148712
v -13.125740 4.692015 -9.889393
v -3.863060 6.070663 -7.678231
v -3.748865 5.656574 -8.279732
v -4.112229 6.402283 -8.076738
v -14.023631 5.461117 -6.353158
v -13.993277 5.875801 -5.747844
v -13.869650 6.208275 -6.140768
v -3.863173 6.045155 -6.713037
v -3.753349 5.631172 -7.320258
v -4.094137 6.376720 -7.100388
v -13.111732 4.819864 -6.560950
v -13.353180 5.504295 -6.812262
v -13.579820 6.103794 -6.189080
v -13.298429 5.450445 -5.918097
v -3.909834 6.018974 -5.747846
v -3.784511 5.605190 -6.353158
v -4.103273 6.350586 -6.117355
v -13.344128 4.786627 -9.439126
v -13.124598 4.904314 -9.722558
v -13.125423 4.850037 -9.314178
v -13.149450 4.667675 -8.995373
v -8.217717 5.757927 -14.476984
v -8.304379 6.503086 -14.203596
v -7.886267 6.188278 -14.277649
v -13.937771 5.436897 -5.393684
v -13.870866 5.852394 -4.797873
v -13.799647 6.184029 -5.186021
v -10.252112 4.968515 -14.466146
v -9.863237 4.865820 -14.467822
v -9.882666 5.045702 -14.277626
v -10.221701 5.068130 -14.160721
v -10.496197 4.849033 -14.218875
v -13.350915 4.761580 -8.509788
v -13.130754 4.837965 -8.867895
v -13.160027 4.912682 -8.437946
v -7.455073 5.763805 -14.295769
v -7.580138 6.508842 -14.020819
v -7.142706 6.192440 -14.037140
v -13.774611 5.414396 -4.456967
v -13.670998 5.830891 -3.878105
v -13.643512 6.162327 -4.279618
v -9.596029 4.983685 -14.649384
v -9.227643 4.878870 -14.574055
v -9.578829 5.052614 -14.353875
v -13.752724 6.352905 -7.507607
v -13.757070 6.328579 -6.590608
v -13.614062 6.158108 -7.089833
v -11.843241 5.587540 -13.031473
v -12.283648 6.249908 -12.610161
v -12.351455 5.596241 -12.489042
v -7.382401 5.751892 -13.838439
v -7.675224 6.393444 -13.796505
v -8.019973 6.391106 -13.900761
v -8.034383 5.747650 -14.058215
v -7.953786 5.107172 -14.272631
v -7.637321 5.109512 -14.168377
v -6.716394 5.766235 -13.996918
v -6.878934 6.511169 -13.721336
v -11.133540 5.010298 -13.690679
v -11.699741 6.284634 -13.124384
v -12.012722 6.273308 -12.871302
v -13.534218 5.393969 -3.557781
v -13.405308 5.811302 -2.995718
v -13.416800 6.141994 -3.385754
v -6.755384 5.752823 -13.508254
v -7.012408 6.395828 -13.512234
v -7.344641 6.395153 -13.672535
v -7.320674 5.111223 -14.044403
v -7.015699 5.111895 -13.884105
v -13.714876 6.304268 -5.648277
v -13.609461 6.281918 -4.744618
v -13.514055 6.080414 -5.268423
v -13.295594 5.502331 -9.493850
v -13.540493 6.133381 -8.918482
v -13.337888 5.522886 -8.662728
v -8.211854 5.005165 -14.637444
v -7.887151 4.897038 -14.444405
v -8.278913 5.103828 -14.339968
v -8.554281 4.889402 -14.562115
v -9.255004 5.058586 -14.382421
v -9.346201 5.742294 -14.153689
v -9.728955 6.336655 -13.975849
v -10.078272 6.329636 -13.905756
v -10.016936 5.685764 -14.041052
v -13.107765 6.473122 -11.690456
v -12.966330 6.258488 -11.684406
v -12.774035 6.270004 -12.010281
v -12.666103 6.497055 -12.348099
v -13.273024 6.265335 -10.946445
v -13.128994 6.246792 -11.333369
v -13.581961 6.208214 -8.495740
v -13.598461 6.195400 -8.020738
v -13.369534 5.572153 -7.742005
v -13.674475 6.403336 -9.369740
v -13.495424 6.200130 -9.776842
v -13.448931 6.242970 -10.199518
v -8.940077 5.137487 -14.377698
v -8.694732 5.783142 -14.151723
v -9.047738 6.421841 -14.011909
v -9.401097 6.416302 -14.000051
v -10.791392 6.561535 -13.737200
v -10.431223 6.352062 -13.788853
v -10.098059 6.577839 -13.965839
v -12.532020 6.282013 -12.328870
v -12.754136 5.616673 -11.859546
v -13.600833 6.169949 -7.529963
v -13.721640 6.377781 -8.430381
v -6.267678 5.012121 -13.743717
v -6.068202 4.898533 -13.393393
v -6.125173 5.139742 -13.239471
v -6.423850 5.110941 -13.491638
v -6.642127 4.901432 -13.852440
v -13.052660 5.623638 -11.126907
v -8.911566 4.995655 -14.694547
v -8.617912 5.099440 -14.380453
v -4.469663 5.539549 -6.898120
v -4.356719 6.224159 -7.149587
v -4.450560 5.594166 -7.791943
v -4.499401 4.952343 -7.960703
v -4.514969 4.939917 -7.497565
v -9.388186 6.591309 -14.078153
v -8.711195 6.383789 -14.014664
v -8.672966 6.601730 -14.072369
v -13.312243 4.710352 -6.574616
v -13.138251 4.861996 -6.996288
v -13.082162 4.808144 -6.102123
v -13.096493 4.595221 -6.260266
v -13.232542 5.599361 -10.314237
v -13.533643 6.187656 -9.326861
v -3.868452 5.578644 -5.393685
v -4.172545 6.324936 -5.186022
v -4.028238 5.992165 -4.797874
v -10.916961 4.949890 -14.158024
v -10.546922 5.059149 -14.019348
v -8.359367 6.387760 -13.968098
v -7.963680 6.608948 -13.948577
v -10.770989 6.343670 -13.661627
v -4.027296 5.551634 -4.456969
v -4.332822 6.298073 -4.259551
v -4.223917 5.965057 -3.878107
v -4.263548 5.524534 -3.557784
v -4.559816 6.270531 -3.343994
v -4.494257 5.938072 -3.003048
v -4.572148 5.497774 -2.710308
v -4.855751 6.243969 -2.503937
v -4.825974 5.911518 -2.177557
v -13.423714 6.261559 -3.871400
v -13.359341 6.058655 -4.358720
v -13.447558 6.070004 -4.837867
v -4.392716 6.417694 -4.724551
v -4.279942 6.443184 -5.624864
v -4.424310 6.287609 -5.247765
v -7.538970 5.010920 -14.454668
v -7.251772 4.900928 -14.204557
v -12.093283 6.520885 -12.928656
v -5.595064 5.774578 -12.491478
v -5.599432 5.102835 -12.691153
v -14.006357 5.964394 -9.092777
v -14.031886 5.939156 -8.156061
v -9.796662 6.163235 -14.353313
v -9.031201 6.175678 -14.414039
v -6.086236 6.192165 -13.461476
v -13.132826 6.062386 -12.326824
v -13.527396 6.038143 -11.621840
v -12.604416 6.086178 -12.943277
v -5.446372 6.187515 -12.943279
v -13.788743 6.013741 -10.839439
v -11.971829 6.108845 -13.461475
v -13.149552 4.629000 -7.557577
v -4.897737 6.178978 -12.326827
v -13.937506 5.989204 -9.991963
v -11.278662 6.129551 -13.873247
v -4.472386 6.166351 -11.621841
v -11.044729 5.861504 -13.575020
v -10.549775 6.147778 -14.172098
v -4.178073 6.149818 -10.839441
v -12.361376 4.776226 -12.602900
v -12.709890 4.752699 -11.925886
v -11.899484 4.799280 -13.192898
v -4.000102 6.129917 -9.991965
v -12.943673 4.728998 -11.172539
v -11.421551 4.819710 -13.674076
v -3.908821 6.107418 -9.092779
v -14.043224 5.913506 -7.196587
v -13.512059 6.438774 -10.618319
v -13.077250 4.705175 -10.354735
v -3.870794 6.083183 -8.156062
v -14.025454 5.888103 -6.229487
v -3.859208 6.057991 -7.196588
v -13.327330 5.462164 -6.376924
v -3.878890 6.032150 -6.229488
v -13.132294 4.681105 -9.485374
v -8.265463 6.184914 -14.353313
v -13.941773 5.863884 -5.270014
v -10.132660 4.858505 -14.355488
v -13.138298 4.656630 -8.578165
v -7.511526 6.190792 -14.172098
v -13.780476 5.841381 -4.333297
v -9.555435 4.872814 -14.544790
v -13.766043 6.340912 -7.061750
v -12.111725 5.477427 -12.767995
v -7.760312 5.749851 -13.981541
v -6.781278 6.193222 -13.873248
v -11.568495 5.548679 -13.269972
v -13.542828 5.820957 -3.434111
v -7.117390 5.752720 -13.715223
v -13.676651 6.292461 -5.180810
v -13.272400 5.361267 -9.066364
v -8.180833 4.893698 -14.497028
v -9.683754 5.601028 -14.143063
v -12.922455 6.483540 -11.980690
v -13.276740 6.459969 -11.287807
v -13.398870 5.684414 -8.253325
v -13.619802 6.417088 -9.858909
v -9.067473 5.906269 -14.124176
v -10.409889 6.570415 -13.859661
v -12.564734 5.628189 -12.185421
v -13.727693 6.363686 -7.900987
v -6.327690 4.899755 -13.597639
v -12.910660 5.605099 -11.513832
v -8.898252 4.883364 -14.543276
v -4.469637 5.455458 -7.439198
v -8.995267 6.596951 -14.071770
v -13.086999 4.604872 -6.617202
v -13.284414 5.554565 -9.821957
v -3.959481 6.005630 -5.270015
v -10.810799 4.838694 -14.019563
v -8.283611 6.605606 -14.001202
v -10.417144 5.706852 -13.905017
v -4.116512 5.978622 -4.333300
v -4.350067 5.951523 -3.434114
v -4.655782 5.924763 -2.586638
v -13.522211 6.273170 -4.365346
v -4.319288 6.430851 -5.180811
v -7.538646 4.899084 -14.309576
v -12.377662 6.508595 -12.623137
v -5.354697 5.739418 -12.186672
v -13.308002 6.253113 -3.487450
v -11.739002 6.533062 -13.190752
v -5.873634 5.870144 -12.776485
v -11.090544 6.552959 -13.580330
v -4.971613 5.727566 -11.514743
v -6.917667 4.901114 -14.008194
v -6.264839 6.611668 -13.101811
v -13.680727 6.390659 -8.894239
v -8.422237 5.743706 -14.135195
v -4.704859 5.711956 -10.768583
v -5.717466 6.608418 -12.673153
v -4.544696 5.693050 -9.960295
v -13.190398 5.702465 -10.677406
v -9.707772 6.585159 -14.024340
v -4.467089 5.671574 -9.103098
v -13.082892 5.414234 -4.424239
v -4.491337 4.744902 -6.613386
v -5.779502 4.894985 -13.083544
v -4.443157 5.648361 -8.210861
v -13.715227 6.316780 -6.121375
v -12.864165 5.395132 -3.574761
v -5.297689 4.886587 -12.472753
v -6.503613 5.752270 -13.340441
v -4.493346 5.478918 -6.478148
v -7.584026 6.610992 -13.813749
v -4.695424 5.379789 -4.707937
v -4.917780 4.874269 -11.775986
v -13.389320 5.606884 -7.196988
v -6.907546 6.613026 -13.512368
v -4.656837 4.858120 -11.006706
v -5.110806 5.670799 -2.935001
v -4.506529 4.838619 -10.178230
v -4.729991 6.375553 -3.320402
v -5.021406 6.349606 -2.502599
v -4.443519 4.816488 -9.303175
v -4.441748 4.792540 -8.393702
v -5.272762 6.600098 -12.110072
v -4.472247 4.767565 -7.462435
v -4.870828 6.588215 -11.436417
v -4.588562 6.572525 -10.685558
v -5.192268 4.640369 -3.089398
v -4.413544 6.553478 -9.867920
v -4.319831 6.531796 -8.996184
v -13.253137 5.439093 -5.462903
v -4.275952 6.508350 -8.085533
v -4.512212 5.859440 -5.380266
v -4.272181 6.453957 -6.027720
v -4.502722 6.404438 -4.285071
v -4.890716 5.402140 -3.809049
v -4.270194 6.481262 -7.058552
v -13.151309 4.577972 -5.642457
v -13.099656 4.592003 -6.141288
v -12.943054 4.583136 -5.710816
v -13.009571 4.555471 -4.705741
v -12.891852 4.571964 -5.257438
v -12.808033 4.561701 -4.818474
v -12.800740 4.535044 -3.806555
v -12.724212 4.551437 -4.379510
v -12.609095 4.542242 -3.961883
v -12.586939 4.529219 -3.456209
v -4.736331 4.696007 -4.913144
v -12.862446 4.560019 -4.788037
v -4.755500 5.068806 -2.834552
v -4.463061 5.095568 -3.682027
v -4.238678 5.122665 -4.581213
v -4.087813 5.149675 -5.517929
v -4.005615 5.176250 -6.477402
v -3.964503 5.202375 -7.444501
v -3.943661 5.227991 -8.403975
v -3.959088 5.252523 -9.340693
v -4.040877 5.275118 -10.239880
v -4.219795 5.294895 -11.087355
v -4.521294 5.311131 -11.869755
v -4.953637 5.323383 -12.574740
v -5.498284 5.331644 -13.191193
v -6.118349 5.336212 -13.709391
v -6.786096 5.337267 -14.121161
v -7.487668 5.334837 -14.420012
v -8.211998 5.328959 -14.601227
v -8.947666 5.319725 -14.661951
v -9.683067 5.307280 -14.601227
v -10.406606 5.291822 -14.420011
v -11.106871 5.273596 -14.121160
v -11.772817 5.252888 -13.709389
v -12.380562 5.230223 -13.191191
v -12.888222 5.206430 -12.574738
v -13.267298 5.182190 -11.869753
v -13.518381 5.157787 -11.087353
v -13.660364 5.133251 -10.239877
v -13.720594 5.108440 -9.340691
v -13.732978 5.083199 -8.403975
v -13.730672 5.057552 -7.444500
v -13.705173 5.032150 -6.477401
v -13.622384 5.007929 -5.517928
v -13.467422 4.985428 -4.581211
v -13.239104 4.965000 -3.682025
vt 0.354722 0.098731
vt 0.480000 0.312500
vt 0.348659 0.117392
vt 0.485000 0.312500
vt 0.480000 0.688440
vt 0.354722 0.901270
vt 0.344982 0.136667
vt 0.490000 0.312500
vt 0.485000 0.688440
vt 0.348659 0.882608
vt 0.490189 0.000308
vt 0.435000 0.312500
vt 0.470722 0.002768
vt 0.440000 0.312500
vt 0.435000 0.688440
vt 0.490189 0.999692
vt 0.509811 0.000308
vt 0.430000 0.312500
vt 0.430000 0.688440
vt 0.509811 0.999692
vt 0.440000 0.688440
vt 0.470722 0.997232
vt 0.490000 0.688440
vt 0.344982 0.863333
vt 0.583723 0.024324
vt 0.410000 0.312500
vt 0.566528 0.014871
vt 0.415000 0.312500
vt 0.410000 0.688440
vt 0.583723 0.975676
vt 0.400402 0.035857
vt 0.460000 0.312500
vt 0.386099 0.049289
vt 0.465000 0.312500
vt 0.465000 0.688440
vt 0.386099 0.950711
vt 0.460000 0.688440
vt 0.400402 0.964143
vt 0.373591 0.064409
vt 0.470000 0.312500
vt 0.470000 0.688440
vt 0.373591 0.935592
vt 0.416277 0.024324
vt 0.455000 0.312500
vt 0.455000 0.688440
vt 0.416277 0.975676
vt 0.599598 0.035857
vt 0.405000 0.312500
vt 0.405000 0.688440
vt 0.599598 0.964143
vt 0.415000 0.688440
vt 0.566528 0.985129
vt 0.363077 0.080976
vt 0.475000 0.312500
vt 0.475000 0.688440
vt 0.363077 0.919024
vt 0.433472 0.014871
vt 0.450000 0.312500
vt 0.450000 0.688440
vt 0.433472 0.985129
vt 0.351152 0.155954
vt 0.495000 0.407804
vt 0.343750 0.156250
vt 0.495000 0.312500
vt 0.352325 0.137298
vt 0.490000 0.407804
vt 0.613901 0.049289
vt 0.400000 0.312500
vt 0.400000 0.688440
vt 0.613901 0.950710
vt 0.451716 0.007647
vt 0.445000 0.312500
vt 0.445000 0.688440
vt 0.451716 0.992353
vt 0.626409 0.064408
vt 0.395000 0.312500
vt 0.395000 0.688440
vt 0.626409 0.935591
vt 0.445000 0.407804
vt 0.454003 0.014391
vt 0.445000 0.593136
vt 0.454003 0.985017
vt 0.636923 0.080976
vt 0.390000 0.312500
vt 0.390000 0.688440
vt 0.636923 0.919024
vt 0.405121 0.041264
vt 0.460000 0.407804
vt 0.405120 0.041264
vt 0.460000 0.407804
vt 0.391494 0.054060
vt 0.465000 0.407804
vt 0.505000 0.407804
vt 0.355828 0.192971
vt 0.348659 0.195108
vt 0.505000 0.312500
vt 0.344982 0.175833
vt 0.500000 0.312500
vt 0.352325 0.174610
vt 0.500000 0.407804
vt 0.391494 0.054060
vt 0.465000 0.407804
vt 0.379579 0.068463
vt 0.470000 0.407804
vt 0.420243 0.030277
vt 0.455000 0.407804
vt 0.420243 0.030277
vt 0.455000 0.407804
vt 0.645278 0.098730
vt 0.385000 0.312500
vt 0.385000 0.688440
vt 0.645278 0.901269
vt 0.379579 0.068463
vt 0.470000 0.407804
vt 0.369563 0.084246
vt 0.475000 0.407804
vt 0.436623 0.021272
vt 0.450000 0.407804
vt 0.651341 0.117392
vt 0.380000 0.312500
vt 0.380000 0.688440
vt 0.651341 0.882608
vt 0.495000 0.688440
vt 0.343750 0.843750
vt 0.379579 0.930945
vt 0.470000 0.593136
vt 0.369563 0.915162
vt 0.475000 0.593136
vt 0.369563 0.084246
vt 0.475000 0.407804
vt 0.361604 0.101159
vt 0.480000 0.407804
vt 0.655018 0.136667
vt 0.375000 0.312500
vt 0.625000 0.312500
vt 0.375000 0.688440
vt 0.655018 0.863333
vt 0.625000 0.688440
vt 0.500000 0.688440
vt 0.344982 0.824167
vt 0.656250 0.156250
vt 0.620000 0.312500
vt 0.620000 0.688440
vt 0.656250 0.843750
vt 0.500000 0.407804
vt 0.352325 0.174610
vt 0.495000 0.407804
vt 0.351152 0.155954
vt 0.495000 0.593136
vt 0.351152 0.843454
vt 0.500000 0.593136
vt 0.352325 0.824798
vt 0.655018 0.175833
vt 0.615000 0.312500
vt 0.615000 0.688440
vt 0.655018 0.824167
vt 0.361604 0.101159
vt 0.480000 0.407804
vt 0.355828 0.118937
vt 0.485000 0.407804
vt 0.529278 0.002767
vt 0.425000 0.312500
vt 0.425000 0.688440
vt 0.529278 0.997232
vt 0.505000 0.688440
vt 0.348659 0.804892
vt 0.472109 0.009742
vt 0.440000 0.407804
vt 0.472109 0.009742
vt 0.440000 0.407804
vt 0.454003 0.014391
vt 0.445000 0.407804
vt 0.355828 0.118937
vt 0.485000 0.407804
vt 0.548284 0.007647
vt 0.420000 0.312500
vt 0.420000 0.688440
vt 0.548284 0.992353
vt 0.354722 0.213770
vt 0.510000 0.312500
vt 0.510000 0.688440
vt 0.354722 0.786231
vt 0.490654 0.007399
vt 0.435000 0.407804
vt 0.352325 0.862110
vt 0.490000 0.593136
vt 0.351152 0.843454
vt 0.495000 0.593136
vt 0.455000 0.593136
vt 0.420243 0.969131
vt 0.460000 0.593136
vt 0.405121 0.958143
vt 0.420000 0.407804
vt 0.545997 0.014391
vt 0.420000 0.593136
vt 0.545997 0.985017
vt 0.450000 0.407804
vt 0.436623 0.021272
vt 0.450000 0.593136
vt 0.436624 0.978136
vt 0.515000 0.312500
vt 0.363077 0.231524
vt 0.363077 0.768476
vt 0.515000 0.688440
vt 0.415000 0.407804
vt 0.563376 0.021272
vt 0.415000 0.593136
vt 0.563376 0.978136
vt 0.352325 0.824798
vt 0.500000 0.593136
vt 0.355828 0.806437
vt 0.505000 0.593136
vt 0.480000 0.593136
vt 0.361604 0.898249
vt 0.485000 0.593136
vt 0.355828 0.880471
vt 0.450000 0.593136
vt 0.436624 0.978136
vt 0.425000 0.407804
vt 0.527891 0.009742
vt 0.425000 0.407804
vt 0.527891 0.009742
vt 0.509346 0.007399
vt 0.430000 0.407804
vt 0.435000 0.407804
vt 0.490654 0.007399
vt 0.435000 0.593136
vt 0.490654 0.992008
vt 0.391494 0.945348
vt 0.465000 0.593136
vt 0.391494 0.945348
vt 0.465000 0.593136
vt 0.405121 0.958143
vt 0.460000 0.593136
vt 0.505000 0.407804
vt 0.355828 0.192971
vt 0.510000 0.407804
vt 0.361604 0.210749
vt 0.379579 0.930945
vt 0.470000 0.593136
vt 0.485000 0.593136
vt 0.355828 0.880471
vt 0.490000 0.593136
vt 0.352325 0.862110
vt 0.361604 0.898249
vt 0.480000 0.593136
vt 0.369563 0.915162
vt 0.475000 0.593136
vt 0.510000 0.407804
vt 0.361604 0.210749
vt 0.369563 0.227662
vt 0.515000 0.407804
vt 0.430000 0.407804
vt 0.509346 0.007399
vt 0.430000 0.593136
vt 0.509346 0.992008
vt 0.435000 0.593136
vt 0.490654 0.992008
vt 0.454003 0.985017
vt 0.445000 0.593136
vt 0.440000 0.593136
vt 0.472109 0.989666
vt 0.440000 0.593136
vt 0.472109 0.989666
vt 0.515000 0.407804
vt 0.579757 0.030277
vt 0.410000 0.407804
vt 0.579757 0.030277
vt 0.410000 0.407804
vt 0.563376 0.021272
vt 0.415000 0.407804
vt 0.455000 0.593136
vt 0.420243 0.969131
vt 0.605591 0.411857
vt 0.605000 0.312500
vt 0.636923 0.231524
vt 0.600000 0.312500
vt 0.630437 0.227662
vt 0.600000 0.407804
vt 0.620000 0.407804
vt 0.648733 0.155949
vt 0.620000 0.593136
vt 0.648963 0.843459
vt 0.509346 0.992008
vt 0.430000 0.593136
vt 0.620421 0.243445
vt 0.626409 0.248091
vt 0.595000 0.312500
vt 0.610501 0.358030
vt 0.610000 0.688440
vt 0.651341 0.804892
vt 0.425000 0.593136
vt 0.527891 0.989666
vt 0.425000 0.593136
vt 0.527891 0.989666
vt 0.605000 0.688440
vt 0.645278 0.786230
vt 0.600000 0.688440
vt 0.636923 0.768476
vt 0.595000 0.688440
vt 0.626409 0.751908
vt 0.361604 0.788659
vt 0.510000 0.593136
vt 0.355828 0.806437
vt 0.505000 0.593136
vt 0.644172 0.806437
vt 0.610000 0.593136
vt 0.647675 0.824798
vt 0.615000 0.593136
vt 0.420000 0.407804
vt 0.545997 0.014391
vt 0.405000 0.593136
vt 0.595041 0.958148
vt 0.405000 0.407804
vt 0.594732 0.041261
vt 0.404967 0.407804
vt 0.594809 0.041345
vt 0.515000 0.593136
vt 0.369563 0.771746
vt 0.361604 0.788659
vt 0.510000 0.593136
vt 0.405030 0.593136
vt 0.594935 0.958214
vt 0.515000 0.593136
vt 0.400000 0.593136
vt 0.609073 0.945365
vt 0.400000 0.407804
vt 0.608006 0.054046
vt 0.399897 0.407804
vt 0.608190 0.054339
vt 0.563377 0.978136
vt 0.415000 0.593136
vt 0.410000 0.593136
vt 0.579757 0.969131
vt 0.410000 0.593136
vt 0.579757 0.969131
vt 0.400092 0.593136
vt 0.608758 0.945598
vt 0.395000 0.593136
vt 0.621403 0.930978
vt 0.395000 0.407804
vt 0.619540 0.068436
vt 0.394848 0.407804
vt 0.619763 0.068909
vt 0.395141 0.593136
vt 0.620981 0.931379
vt 0.390000 0.593136
vt 0.631686 0.915207
vt 0.390000 0.407804
vt 0.629269 0.084206
vt 0.389843 0.407804
vt 0.629473 0.084731
vt 0.390155 0.593136
vt 0.631326 0.915691
vt 0.385000 0.593136
vt 0.639654 0.898297
vt 0.385000 0.407804
vt 0.637164 0.101114
vt 0.384880 0.407804
vt 0.637315 0.101540
vt 0.647674 0.174610
vt 0.615000 0.407804
vt 0.648733 0.155949
vt 0.620000 0.407804
vt 0.420000 0.593136
vt 0.545997 0.985017
vt 0.385125 0.593136
vt 0.639466 0.898718
vt 0.380000 0.593136
vt 0.645186 0.880511
vt 0.380000 0.407804
vt 0.643152 0.118898
vt 0.379934 0.407804
vt 0.643230 0.119140
vt 0.380070 0.593136
vt 0.645139 0.880759
vt 0.625000 0.593136
vt 0.648269 0.862133
vt 0.375000 0.593136
vt 0.625000 0.407804
vt 0.375000 0.407804
vt 0.647075 0.137275
vt 0.624980 0.407804
vt 0.647094 0.137348
vt 0.606707 0.438435
vt 0.609377 0.410533
vt 0.375020 0.593136
vt 0.648269 0.862209
vt 0.615000 0.407804
vt 0.615000 0.593136
vt 0.647675 0.824798
vt 0.611112 0.443338
vt 0.605000 0.593136
vt 0.638396 0.788659
vt 0.610000 0.593136
vt 0.644172 0.806437
vt 0.600000 0.407804
vt 0.630437 0.227662
vt 0.595000 0.407804
vt 0.620421 0.243445
vt 0.620421 0.755963
vt 0.595000 0.593136
vt 0.600000 0.593136
vt 0.630437 0.771746
vt 0.600000 0.593136
vt 0.630437 0.771746
vt 0.638396 0.788659
vt 0.605000 0.593136
vt 0.620421 0.755963
vt 0.620000 0.593136
vt 0.648963 0.843459
vt 0.355355 0.190980
vt 0.349963 0.195838
vt 0.348134 0.181815
vt 0.352185 0.180983
vt 0.355337 0.212377
vt 0.356901 0.197003
vt 0.360110 0.206880
vt 0.362070 0.224707
vt 0.362399 0.212662
vt 0.365740 0.222702
vt 0.595000 0.501339
vt 0.600000 0.501122
vt 0.605000 0.501122
vt 0.610000 0.501122
vt 0.615000 0.501122
vt 0.620000 0.501122
vt 0.375000 0.501339
vt 0.625000 0.501339
vt 0.380000 0.501122
vt 0.385000 0.501122
vt 0.390000 0.501122
vt 0.395000 0.501122
vt 0.400000 0.501122
vt 0.405000 0.501122
vt 0.410000 0.501122
vt 0.415000 0.501122
vt 0.420000 0.501122
vt 0.425000 0.501122
vt 0.430000 0.501122
vt 0.435000 0.501122
vt 0.440000 0.501122
vt 0.445000 0.501122
vt 0.450000 0.501122
vt 0.455000 0.501122
vt 0.460000 0.501122
vt 0.465000 0.501122
vt 0.470000 0.501122
vt 0.475000 0.501122
vt 0.480000 0.501122
vt 0.485000 0.501122
vt 0.490000 0.501122
vt 0.495000 0.501122
vt 0.500000 0.501122
vt 0.505000 0.501122
vt 0.510000 0.501122
vt 0.515000 0.501339
vt 0.482500 0.594890
vt 0.487500 0.594890
vt 0.437500 0.594890
vt 0.432500 0.594890
vt 0.412500 0.594890
vt 0.462500 0.594890
vt 0.467500 0.594890
vt 0.457500 0.594890
vt 0.407500 0.594890
vt 0.472500 0.594890
vt 0.452500 0.594890
vt 0.348052 0.146542
vt 0.402500 0.594890
vt 0.477500 0.594890
vt 0.447500 0.594890
vt 0.397500 0.594890
vt 0.448000 0.519003
vt 0.442500 0.594890
vt 0.392500 0.594890
vt 0.397647 0.044347
vt 0.384451 0.058056
vt 0.412457 0.032400
vt 0.387500 0.594890
vt 0.373078 0.073311
vt 0.426654 0.022686
vt 0.382500 0.594890
vt 0.492500 0.594890
vt 0.371453 0.925181
vt 0.363706 0.089871
vt 0.377500 0.594890
vt 0.497500 0.594890
vt 0.622500 0.594890
vt 0.497500 0.500470
vt 0.617500 0.594890
vt 0.356484 0.107476
vt 0.427500 0.594890
vt 0.502500 0.594890
vt 0.464132 0.008858
vt 0.351525 0.125846
vt 0.422500 0.594890
vt 0.507500 0.594890
vt 0.480918 0.005054
vt 0.348052 0.853162
vt 0.458000 0.481937
vt 0.423333 0.500470
vt 0.417500 0.594890
vt 0.452857 0.487232
vt 0.512500 0.594890
vt 0.418333 0.500470
vt 0.350449 0.815074
vt 0.483000 0.481937
vt 0.520844 0.005992
vt 0.437857 0.487232
vt 0.394922 0.952738
vt 0.382069 0.938708
vt 0.487000 0.519003
vt 0.363706 0.909773
vt 0.433000 0.519003
vt 0.464132 0.990787
vt 0.462500 0.500470
vt 0.350824 0.870126
vt 0.574628 0.024204
vt 0.467500 0.500470
vt 0.500000 0.005036
vt 0.622996 0.481937
vt 0.501869 0.995082
vt 0.349281 0.165535
vt 0.478333 0.500470
vt 0.612500 0.594890
vt 0.444407 0.015641
vt 0.520844 0.993653
vt 0.443333 0.500470
vt 0.607500 0.594890
vt 0.602500 0.594890
vt 0.597500 0.594890
vt 0.355328 0.798531
vt 0.649551 0.815073
vt 0.539489 0.009788
vt 0.411234 0.965728
vt 0.402510 0.500470
vt 0.362114 0.780754
vt 0.428648 0.977242
vt 0.407861 0.513708
vt 0.445964 0.985130
vt 0.397506 0.500470
vt 0.557512 0.015890
vt 0.574628 0.975441
vt 0.356374 0.890220
vt 0.428333 0.500470
vt 0.392501 0.500470
vt 0.589503 0.966791
vt 0.387495 0.500470
vt 0.472857 0.513708
vt 0.482865 0.994121
vt 0.382492 0.500470
vt 0.508333 0.500470
vt 0.651919 0.165661
vt 0.590524 0.034613
vt 0.377492 0.500470
vt 0.349281 0.834070
vt 0.513333 0.500470
vt 0.604901 0.046975
vt 0.413333 0.500470
vt 0.617857 0.487232
vt 0.539489 0.989857
vt 0.608000 0.481937
vt 0.617561 0.061076
vt 0.492857 0.513708
vt 0.557512 0.983754
vt 0.628367 0.076646
vt 0.598000 0.519003
vt 0.637231 0.093418
vt 0.636294 0.777371
vt 0.626922 0.760811
vt 0.644063 0.111140
vt 0.648752 0.129564
vt 0.602446 0.955363
vt 0.651166 0.148433
vt 0.615824 0.941729
vt 0.627408 0.926533
vt 0.627508 0.236971
vt 0.636935 0.909982
vt 0.644175 0.892330
vt 0.502500 0.500470
vt 0.648991 0.873884
vt 0.612500 0.531359
vt 0.651116 0.832194
vt 0.643626 0.796886
vt 0.602857 0.487232
vt 0.650955 0.853057
vt 0.346820 0.185471
vt 0.348654 0.175221
vt 0.354077 0.183790
vt 0.351691 0.204439
vt 0.355828 0.192971
vt 0.358716 0.201860
vt 0.358900 0.222647
vt 0.361604 0.210749
vt 0.365584 0.219205
vt 0.366320 0.229593
vt 0.614509 0.344587
vt 0.356819 0.202595
vt 0.597500 0.406920
vt 0.602500 0.406920
vt 0.607500 0.406920
vt 0.612500 0.406920
vt 0.617500 0.406920
vt 0.622500 0.406920
vt 0.377500 0.406920
vt 0.382500 0.406920
vt 0.387500 0.406920
vt 0.392500 0.406920
vt 0.397500 0.406920
vt 0.402500 0.406920
vt 0.407500 0.406920
vt 0.412500 0.406920
vt 0.417500 0.406920
vt 0.422500 0.406920
vt 0.427500 0.406920
vt 0.432500 0.406920
vt 0.437500 0.406920
vt 0.442500 0.406920
vt 0.447500 0.406920
vt 0.452500 0.406920
vt 0.457500 0.406920
vt 0.462500 0.406920
vt 0.467500 0.406920
vt 0.472500 0.406920
vt 0.477500 0.406920
vt 0.482500 0.406920
vt 0.487500 0.406920
vt 0.492500 0.406920
vt 0.497500 0.406920
vt 0.502500 0.406920
vt 0.507500 0.406920
vt 0.512500 0.406920
vt 0.480000 0.594890
vt 0.482500 0.501122
vt 0.485000 0.594890
vt 0.482500 0.688440
vt 0.351691 0.891939
vt 0.487500 0.501122
vt 0.490000 0.594890
vt 0.487500 0.688440
vt 0.346820 0.872971
vt 0.435000 0.594890
vt 0.437500 0.501122
vt 0.440000 0.594890
vt 0.437500 0.688440
vt 0.480455 0.998462
vt 0.430000 0.594890
vt 0.432500 0.501122
vt 0.432500 0.688440
vt 0.500000 0.999692
vt 0.410000 0.594890
vt 0.412500 0.501122
vt 0.415000 0.594890
vt 0.412500 0.688440
vt 0.575126 0.980403
vt 0.462500 0.501122
vt 0.465000 0.594890
vt 0.462500 0.688440
vt 0.393251 0.957427
vt 0.460000 0.594890
vt 0.467500 0.501122
vt 0.470000 0.594890
vt 0.467500 0.688440
vt 0.379845 0.943151
vt 0.457500 0.501122
vt 0.457500 0.688440
vt 0.408340 0.969910
vt 0.455000 0.594890
vt 0.405000 0.594890
vt 0.407500 0.501122
vt 0.407500 0.688440
vt 0.591660 0.969909
vt 0.472500 0.501122
vt 0.475000 0.594890
vt 0.472500 0.688440
vt 0.368334 0.927308
vt 0.452500 0.501122
vt 0.452500 0.688440
vt 0.424875 0.980403
vt 0.450000 0.594890
vt 0.348059 0.156070
vt 0.344366 0.146458
vt 0.492500 0.312500
vt 0.349221 0.136588
vt 0.351739 0.146626
vt 0.492500 0.407804
vt 0.400000 0.594890
vt 0.402500 0.501122
vt 0.402500 0.688440
vt 0.606749 0.957427
vt 0.477500 0.501122
vt 0.477500 0.688440
vt 0.358900 0.910147
vt 0.447500 0.501122
vt 0.447500 0.688440
vt 0.442594 0.988741
vt 0.445000 0.594890
vt 0.395000 0.594890
vt 0.397500 0.501122
vt 0.397500 0.688440
vt 0.620155 0.943151
vt 0.445333 0.505103
vt 0.447500 0.593136
vt 0.445314 0.981576
vt 0.450000 0.593136
vt 0.436624 0.978136
vt 0.450214 0.501794
vt 0.447500 0.407804
vt 0.445313 0.017831
vt 0.442500 0.501122
vt 0.442500 0.688440
vt 0.461219 0.994793
vt 0.390000 0.594890
vt 0.392500 0.501122
vt 0.392500 0.688440
vt 0.631666 0.927308
vt 0.393250 0.042573
vt 0.462500 0.312500
vt 0.403907 0.038467
vt 0.405120 0.041264
vt 0.460000 0.407804
vt 0.398307 0.047662
vt 0.462500 0.407804
vt 0.389923 0.051438
vt 0.379845 0.056849
vt 0.467500 0.312500
vt 0.391494 0.054060
vt 0.465000 0.407804
vt 0.385537 0.061262
vt 0.467500 0.407804
vt 0.377675 0.066060
vt 0.408340 0.030091
vt 0.457500 0.312500
vt 0.418908 0.027422
vt 0.420243 0.030277
vt 0.455000 0.407804
vt 0.412682 0.035771
vt 0.457500 0.407804
vt 0.385000 0.594890
vt 0.387500 0.501122
vt 0.387500 0.688440
vt 0.641100 0.910147
vt 0.368334 0.072692
vt 0.472500 0.312500
vt 0.379579 0.068463
vt 0.470000 0.407804
vt 0.374571 0.076354
vt 0.472500 0.407804
vt 0.367356 0.082101
vt 0.424874 0.019597
vt 0.452500 0.312500
vt 0.435289 0.018617
vt 0.428433 0.025775
vt 0.452500 0.407804
vt 0.380000 0.594890
vt 0.382500 0.501122
vt 0.382500 0.688440
vt 0.648309 0.891939
vt 0.492500 0.501122
vt 0.495000 0.594890
vt 0.492500 0.688440
vt 0.344366 0.853542
vt 0.376673 0.932606
vt 0.366950 0.917285
vt 0.374571 0.923054
vt 0.472500 0.593136
vt 0.358900 0.089853
vt 0.477500 0.312500
vt 0.369563 0.084246
vt 0.475000 0.407804
vt 0.365584 0.092703
vt 0.477500 0.407804
vt 0.359129 0.099309
vt 0.375000 0.594890
vt 0.625000 0.594890
vt 0.377500 0.501122
vt 0.377500 0.688440
vt 0.653180 0.872971
vt 0.497500 0.501122
vt 0.500000 0.594890
vt 0.497500 0.688440
vt 0.344366 0.833958
vt 0.620000 0.594890
vt 0.622500 0.501122
vt 0.622500 0.688440
vt 0.655634 0.853542
vt 0.497500 0.407804
vt 0.351739 0.165282
vt 0.495089 0.503779
vt 0.497500 0.593136
vt 0.351739 0.834126
vt 0.500000 0.500470
vt 0.615000 0.594890
vt 0.617500 0.501122
vt 0.617500 0.688440
vt 0.655634 0.833958
vt 0.351691 0.108061
vt 0.482500 0.312500
vt 0.361604 0.101159
vt 0.480000 0.407804
vt 0.358716 0.110048
vt 0.482500 0.407804
vt 0.353124 0.117413
vt 0.427500 0.501122
vt 0.427500 0.688440
vt 0.519545 0.998462
vt 0.425000 0.594890
vt 0.502500 0.501122
vt 0.505000 0.594890
vt 0.502500 0.688440
vt 0.346820 0.814530
vt 0.461219 0.005207
vt 0.442500 0.312500
vt 0.471970 0.006606
vt 0.472109 0.009742
vt 0.440000 0.407804
vt 0.463056 0.012067
vt 0.442500 0.407804
vt 0.453564 0.011634
vt 0.346820 0.127029
vt 0.487500 0.312500
vt 0.355828 0.118937
vt 0.485000 0.407804
vt 0.354077 0.128118
vt 0.487500 0.407804
vt 0.422500 0.501122
vt 0.422500 0.688440
vt 0.538781 0.994793
vt 0.420000 0.594890
vt 0.507500 0.501122
vt 0.510000 0.594890
vt 0.507500 0.688440
vt 0.351691 0.795561
vt 0.480455 0.001538
vt 0.437500 0.312500
vt 0.490440 0.004449
vt 0.481381 0.008571
vt 0.437500 0.407804
vt 0.349046 0.862183
vt 0.348059 0.843609
vt 0.351739 0.852782
vt 0.492500 0.593136
vt 0.455214 0.492527
vt 0.457500 0.593136
vt 0.412682 0.963637
vt 0.460125 0.495837
vt 0.420417 0.500470
vt 0.422500 0.593136
vt 0.536944 0.987341
vt 0.425000 0.593136
vt 0.527891 0.989666
vt 0.425417 0.500470
vt 0.425000 0.407804
vt 0.527891 0.009742
vt 0.422500 0.407804
vt 0.536944 0.012066
vt 0.417500 0.501122
vt 0.417500 0.688440
vt 0.557406 0.988741
vt 0.450000 0.407804
vt 0.436623 0.021272
vt 0.452500 0.593136
vt 0.428433 0.973633
vt 0.455000 0.593136
vt 0.420243 0.969131
vt 0.512500 0.501122
vt 0.515000 0.594890
vt 0.512500 0.688440
vt 0.358900 0.777353
vt 0.415417 0.500470
vt 0.417500 0.593136
vt 0.554687 0.981576
vt 0.420000 0.593136
vt 0.545997 0.985017
vt 0.420000 0.407804
vt 0.545997 0.014391
vt 0.417500 0.407804
vt 0.554687 0.017831
vt 0.349259 0.824527
vt 0.352566 0.806234
vt 0.354077 0.815618
vt 0.502500 0.593136
vt 0.480333 0.495837
vt 0.482500 0.593136
vt 0.358716 0.889360
vt 0.485000 0.500470
vt 0.519545 0.001538
vt 0.427500 0.312500
vt 0.529376 0.007072
vt 0.518619 0.008571
vt 0.427500 0.407804
vt 0.510000 0.004684
vt 0.435000 0.407804
vt 0.490654 0.007399
vt 0.435214 0.501794
vt 0.437500 0.593136
vt 0.481381 0.990837
vt 0.440000 0.593136
vt 0.472109 0.989666
vt 0.440298 0.497160
vt 0.388646 0.946876
vt 0.391494 0.945348
vt 0.465000 0.593136
vt 0.398307 0.951746
vt 0.462500 0.593136
vt 0.402920 0.960188
vt 0.379579 0.930945
vt 0.470000 0.593136
vt 0.385537 0.938146
vt 0.467500 0.593136
vt 0.485000 0.593136
vt 0.355828 0.880471
vt 0.487500 0.593136
vt 0.354077 0.871290
vt 0.489964 0.508413
vt 0.359102 0.899878
vt 0.365584 0.906705
vt 0.477500 0.593136
vt 0.369563 0.915162
vt 0.475000 0.593136
vt 0.432500 0.407804
vt 0.500000 0.007399
vt 0.430333 0.505103
vt 0.432500 0.593136
vt 0.500000 0.992008
vt 0.435000 0.593136
vt 0.490654 0.992008
vt 0.453954 0.988322
vt 0.463056 0.987341
vt 0.442500 0.593136
vt 0.472457 0.992952
vt 0.460000 0.593136
vt 0.405121 0.958143
vt 0.465000 0.500470
vt 0.352325 0.862110
vt 0.490000 0.593136
vt 0.352921 0.880856
vt 0.575125 0.019597
vt 0.412500 0.312500
vt 0.582158 0.028354
vt 0.579757 0.030277
vt 0.410000 0.407804
vt 0.571567 0.025775
vt 0.412500 0.407804
vt 0.565511 0.019059
vt 0.470089 0.503779
vt 0.500000 0.000308
vt 0.432500 0.312500
vt 0.509346 0.007399
vt 0.430000 0.407804
vt 0.620213 0.492527
vt 0.622500 0.593136
vt 0.648616 0.852796
vt 0.625000 0.500470
vt 0.375000 0.500470
vt 0.624990 0.407804
vt 0.647084 0.137311
vt 0.622490 0.407804
vt 0.647914 0.146649
vt 0.491394 0.995226
vt 0.509346 0.992008
vt 0.430000 0.593136
vt 0.510468 0.995109
vt 0.344366 0.166042
vt 0.497500 0.312500
vt 0.351152 0.155954
vt 0.495000 0.407804
vt 0.352325 0.174610
vt 0.500000 0.407804
vt 0.348811 0.172800
vt 0.475298 0.503779
vt 0.480000 0.593136
vt 0.361604 0.898249
vt 0.612500 0.501122
vt 0.612500 0.688440
vt 0.653180 0.814529
vt 0.610000 0.594890
vt 0.442594 0.011259
vt 0.447500 0.312500
vt 0.454003 0.014391
vt 0.445000 0.407804
vt 0.518619 0.990837
vt 0.427500 0.593136
vt 0.529376 0.992602
vt 0.445000 0.593136
vt 0.454003 0.985017
vt 0.607500 0.501122
vt 0.607500 0.688440
vt 0.648309 0.795561
vt 0.605000 0.594890
vt 0.602500 0.501122
vt 0.602500 0.688440
vt 0.641100 0.777353
vt 0.600000 0.594890
vt 0.597500 0.501122
vt 0.597500 0.688440
vt 0.631666 0.760192
vt 0.595000 0.594890
vt 0.358442 0.788544
vt 0.358716 0.797548
vt 0.507500 0.593136
vt 0.355828 0.806437
vt 0.505000 0.593136
vt 0.647173 0.805822
vt 0.650840 0.824058
vt 0.645923 0.815617
vt 0.612500 0.593136
vt 0.538781 0.005207
vt 0.422500 0.312500
vt 0.547821 0.011929
vt 0.419101 0.971944
vt 0.405093 0.503779
vt 0.404983 0.407804
vt 0.594771 0.041303
vt 0.402483 0.407804
vt 0.601408 0.047696
vt 0.400004 0.500470
vt 0.400046 0.593136
vt 0.608915 0.945481
vt 0.402546 0.593136
vt 0.601899 0.951873
vt 0.366320 0.770111
vt 0.365584 0.780203
vt 0.512500 0.593136
vt 0.361604 0.788659
vt 0.510000 0.593136
vt 0.436177 0.981409
vt 0.405015 0.593136
vt 0.594988 0.958181
vt 0.407515 0.593136
vt 0.587346 0.963672
vt 0.410000 0.593136
vt 0.579757 0.969131
vt 0.410299 0.503779
vt 0.407500 0.407804
vt 0.587245 0.035769
vt 0.399949 0.407804
vt 0.608098 0.054193
vt 0.397449 0.407804
vt 0.613865 0.061388
vt 0.395002 0.500470
vt 0.395071 0.593136
vt 0.621192 0.931179
vt 0.397571 0.593136
vt 0.615027 0.938372
vt 0.557406 0.011259
vt 0.417500 0.312500
vt 0.563376 0.021272
vt 0.415000 0.407804
vt 0.565511 0.980615
vt 0.571567 0.973633
vt 0.412500 0.593136
vt 0.581903 0.971760
vt 0.394924 0.407804
vt 0.619652 0.068672
vt 0.392424 0.407804
vt 0.624516 0.076557
vt 0.389999 0.500470
vt 0.390077 0.593136
vt 0.631506 0.915449
vt 0.392577 0.593136
vt 0.626364 0.923335
vt 0.596620 0.961127
vt 0.389922 0.407804
vt 0.629371 0.084469
vt 0.387422 0.407804
vt 0.633319 0.092923
vt 0.384997 0.500470
vt 0.385063 0.593136
vt 0.639560 0.898507
vt 0.387563 0.593136
vt 0.635576 0.906963
vt 0.384940 0.407804
vt 0.637239 0.101327
vt 0.382440 0.407804
vt 0.640233 0.110219
vt 0.379996 0.500470
vt 0.380035 0.593136
vt 0.645162 0.880635
vt 0.382535 0.593136
vt 0.642396 0.889528
vt 0.510000 0.407804
vt 0.361604 0.210749
vt 0.507500 0.407804
vt 0.358716 0.201860
vt 0.505208 0.500470
vt 0.510417 0.500470
vt 0.655634 0.166042
vt 0.617500 0.312500
vt 0.651346 0.175221
vt 0.631337 0.243555
vt 0.648204 0.165279
vt 0.617500 0.407804
vt 0.652017 0.156573
vt 0.591660 0.030090
vt 0.407500 0.312500
vt 0.597458 0.039697
vt 0.379967 0.407804
vt 0.643191 0.119019
vt 0.377467 0.407804
vt 0.645152 0.128207
vt 0.375010 0.593136
vt 0.648269 0.862171
vt 0.377510 0.593136
vt 0.646728 0.871360
vt 0.352325 0.824798
vt 0.500000 0.593136
vt 0.351152 0.843454
vt 0.495000 0.593136
vt 0.515000 0.407804
vt 0.512500 0.407804
vt 0.365584 0.219205
vt 0.515000 0.593136
vt 0.515000 0.500470
vt 0.606749 0.042573
vt 0.402500 0.312500
vt 0.611138 0.052920
vt 0.415000 0.593136
vt 0.563377 0.978136
vt 0.615000 0.407804
vt 0.631337 0.291207
vt 0.615089 0.504883
vt 0.617500 0.593136
vt 0.648319 0.834128
vt 0.620000 0.593136
vt 0.648963 0.843459
vt 0.620000 0.407804
vt 0.648733 0.155949
vt 0.547821 0.987745
vt 0.610627 0.410533
vt 0.609377 0.410533
vt 0.605214 0.492527
vt 0.607500 0.593136
vt 0.641284 0.797548
vt 0.610125 0.503559
vt 0.620155 0.056849
vt 0.397500 0.312500
vt 0.623025 0.067760
vt 0.631666 0.072692
vt 0.392500 0.312500
vt 0.632999 0.083943
vt 0.597500 0.407804
vt 0.625429 0.235553
vt 0.595000 0.500470
vt 0.597500 0.593136
vt 0.625429 0.763854
vt 0.600000 0.593136
vt 0.630437 0.771746
vt 0.600214 0.501794
vt 0.641100 0.089853
vt 0.387500 0.312500
vt 0.640972 0.101207
vt 0.640898 0.787287
vt 0.634416 0.780202
vt 0.602500 0.593136
vt 0.632644 0.769601
vt 0.620421 0.755963
vt 0.623415 0.753936
vt 0.648309 0.108061
vt 0.382500 0.312500
vt 0.646847 0.119309
vt 0.653180 0.127029
vt 0.377500 0.312500
vt 0.650507 0.138003
vt 0.610232 0.948350
vt 0.655634 0.146458
vt 0.622500 0.312500
vt 0.622656 0.933808
vt 0.633148 0.917808
vt 0.631666 0.239808
vt 0.597500 0.312500
vt 0.623415 0.245768
vt 0.620421 0.243445
vt 0.630437 0.227662
vt 0.600000 0.407804
vt 0.633680 0.229593
vt 0.618461 0.319664
vt 0.641464 0.900575
vt 0.647411 0.882395
vt 0.505000 0.407804
vt 0.355828 0.192971
vt 0.502500 0.407804
vt 0.354077 0.183790
vt 0.650808 0.863121
vt 0.613002 0.422888
vt 0.610000 0.593136
vt 0.644172 0.806437
vt 0.615000 0.593136
vt 0.647675 0.824798
vt 0.651821 0.843115
vt 0.638396 0.788659
vt 0.605000 0.593136
vt 0.606841 0.411857
vt 0.605591 0.411857
vt 0.346820 0.185471
vt 0.502500 0.312500
vt 0.346360 0.178090
vt 0.349320 0.189752
vt 0.348957 0.195031
vt 0.351845 0.177058
vt 0.350695 0.182065
vt 0.355390 0.190676
vt 0.354762 0.188491
vt 0.351691 0.204439
vt 0.507500 0.312500
vt 0.352973 0.203978
vt 0.355009 0.213656
vt 0.356550 0.195193
vt 0.356076 0.195377
vt 0.360882 0.208526
vt 0.358242 0.202044
vt 0.358900 0.222647
vt 0.512500 0.312500
vt 0.358380 0.217634
vt 0.362844 0.228822
vt 0.362599 0.212863
vt 0.360408 0.208710
vt 0.367758 0.226031
vt 0.363393 0.215053
vt 0.366320 0.229593
vt 0.363945 0.222843
vt 0.613002 0.344127
vt 0.609252 0.344127
vt 0.620961 0.272012
vt 0.602500 0.312500
vt 0.600000 0.406920
vt 0.595000 0.406920
vt 0.605000 0.406920
vt 0.610000 0.406920
vt 0.615000 0.406920
vt 0.620000 0.406920
vt 0.625000 0.406920
vt 0.375000 0.406920
vt 0.380000 0.406920
vt 0.385000 0.406920
vt 0.390000 0.406920
vt 0.395000 0.406920
vt 0.400000 0.406920
vt 0.405000 0.406920
vt 0.410000 0.406920
vt 0.415000 0.406920
vt 0.420000 0.406920
vt 0.425000 0.406920
vt 0.430000 0.406920
vt 0.435000 0.406920
vt 0.440000 0.406920
vt 0.445000 0.406920
vt 0.450000 0.406920
vt 0.455000 0.406920
vt 0.460000 0.406920
vt 0.465000 0.406920
vt 0.470000 0.406920
vt 0.475000 0.406920
vt 0.480000 0.406920
vt 0.485000 0.406920
vt 0.490000 0.406920
vt 0.495000 0.406920
vt 0.500000 0.406920
vt 0.505000 0.406920
vt 0.510000 0.406920
vt 0.515000 0.406920
vn -0.804919 0.591986 -0.040719
vn -0.965176 0.253352 -0.065177
vn -0.794326 0.607244 -0.017328
vn -0.967885 0.248615 -0.037283
vn -0.953417 -0.291353 -0.078158
vn -0.951031 -0.305422 -0.047520
vn -0.971843 0.234645 -0.021535
vn -0.947956 -0.317146 -0.028245
vn -0.811165 0.584608 -0.015646
vn -0.974108 0.225886 -0.009410
vn -0.811754 0.583999 0.000186
vn -0.944877 -0.326946 -0.017695
vn -0.977231 0.212064 -0.006905
vn -0.942139 -0.334952 -0.013470
vn -0.832917 0.553375 -0.005004
vn -0.076952 0.601222 -0.795368
vn -0.081792 0.330969 -0.940090
vn -0.132380 0.619265 -0.773942
vn -0.154637 0.330137 -0.931180
vn -0.080980 0.267935 -0.960028
vn -0.157498 0.254048 -0.954282
vn -0.230071 0.324535 -0.917466
vn -0.232986 0.236103 -0.943384
vn -0.205230 0.599891 -0.773312
vn 0.057211 0.607331 -0.792386
vn 0.071002 0.344268 -0.936183
vn -0.003432 0.623693 -0.781662
vn -0.004225 0.339269 -0.940680
vn 0.072608 0.282342 -0.956562
vn -0.004099 0.277457 -0.960729
vn 0.574968 0.417633 -0.703559
vn 0.520680 0.412185 -0.747660
vn 0.475173 0.661973 -0.579657
vn 0.426188 0.680747 -0.595775
vn 0.619472 0.185408 -0.762809
vn 0.559903 0.207191 -0.802234
vn 0.498227 0.227531 -0.836660
vn 0.470059 0.401309 -0.786126
vn 0.394214 0.653161 -0.646510
vn -0.817657 -0.073150 -0.571039
vn -0.780745 0.328067 -0.531798
vn -0.760448 -0.026237 -0.648869
vn -0.725180 0.332140 -0.603156
vn -0.865722 -0.119072 -0.486157
vn -0.833524 0.319155 -0.450975
vn -0.694995 0.626010 -0.353685
vn -0.637943 0.651697 -0.410268
vn -0.600681 0.640286 -0.478766
vn -0.902526 -0.161584 -0.399171
vn -0.874544 0.310575 -0.372446
vn -0.927909 -0.198821 -0.315366
vn -0.909856 0.293687 -0.293104
vn -0.758252 0.608772 -0.233347
vn -0.714175 0.640417 -0.282525
vn -0.698197 0.018886 -0.715657
vn -0.662550 0.338940 -0.667943
vn -0.635787 0.059814 -0.769544
vn -0.608546 0.333539 -0.720016
vn -0.535567 0.665928 -0.519334
vn -0.516051 0.636660 -0.573023
vn 0.675124 0.442545 -0.590222
vn 0.625990 0.428271 -0.651706
vn 0.563250 0.680950 -0.468036
vn 0.524219 0.666547 -0.530010
vn 0.737121 0.140731 -0.660945
vn 0.678232 0.163075 -0.716525
vn -0.943344 -0.229960 -0.239206
vn -0.934206 0.280662 -0.220202
vn -0.951174 -0.254953 -0.173973
vn -0.949884 0.270384 -0.156884
vn -0.800674 0.588225 -0.113632
vn -0.786922 0.593071 -0.170353
vn -0.573523 0.096841 -0.813445
vn -0.549237 0.331655 -0.767036
vn -0.510937 0.130368 -0.849675
vn -0.493066 0.325757 -0.806702
vn -0.460215 0.638781 -0.616571
vn -0.425315 0.613478 -0.665396
vn 0.002512 -0.999200 -0.039903
vn 0.447851 -0.893255 -0.039060
vn 0.997577 0.050613 -0.047732
vn 0.966597 0.256022 -0.011977
vn -0.586502 -0.809948 -0.000238
vn -0.594593 -0.803897 -0.014477
vn 0.564325 -0.825497 -0.009604
vn -0.594040 -0.804186 -0.020069
vn 0.974053 0.226196 0.007506
vn 0.761666 0.467359 -0.448821
vn 0.718707 0.458654 -0.522587
vn 0.619588 0.703211 -0.348720
vn 0.577662 0.708708 -0.405017
vn 0.847919 0.097452 -0.521091
vn 0.794321 0.119138 -0.595701
vn -0.953916 -0.274904 -0.120299
vn -0.958381 0.264999 -0.106212
vn -0.795780 0.601136 -0.073281
vn -0.446340 0.161032 -0.880255
vn -0.430940 0.326967 -0.841061
vn -0.378077 0.189198 -0.906235
vn -0.368835 0.323092 -0.871534
vn -0.364498 0.626710 -0.688749
vn -0.323093 0.604403 -0.728222
vn 0.824561 0.480558 -0.298602
vn 0.795295 0.477743 -0.373185
vn 0.669559 0.706971 -0.227777
vn 0.637257 0.715811 -0.285514
vn 0.931787 0.054309 -0.358919
vn 0.894473 0.075713 -0.440666
vn 0.419917 -0.179710 0.889592
vn 0.491833 -0.139532 0.859437
vn 0.430787 -0.222110 0.874694
vn 0.479971 -0.285698 0.829460
vn 0.486824 0.046079 0.872284
vn 0.452991 -0.097572 0.886160
vn 0.392970 0.453281 0.800069
vn 0.515951 0.091287 0.851740
vn 0.551839 -0.122608 0.824888
vn 0.546024 -0.059295 0.835669
vn 0.553390 -0.167129 0.815982
vn -0.306733 0.214373 -0.927340
vn -0.298910 0.326223 -0.896789
vn -0.254926 0.620527 -0.741592
vn 0.860771 0.480274 -0.168555
vn 0.844322 0.484020 -0.229880
vn 0.700572 0.702472 -0.125431
vn 0.678628 0.713741 -0.173317
vn 0.977801 0.013372 -0.209107
vn 0.959304 0.033503 -0.280380
vn -0.614102 -0.709061 -0.346570
vn -0.595554 -0.686476 -0.417213
vn -0.058647 -0.995795 -0.070380
vn 0.154216 -0.984011 0.089103
vn -0.108172 -0.985531 -0.130490
vn -0.590472 -0.634800 -0.498369
vn 0.773506 -0.138756 0.618413
vn 0.681169 -0.494775 0.539635
vn 0.801177 -0.013885 0.598266
vn 0.849985 -0.055447 0.523881
vn 0.840541 -0.309212 0.444835
vn -0.618317 -0.755338 -0.217138
vn -0.609463 -0.743130 -0.276247
vn -0.061702 -0.996607 -0.054474
vn 0.237798 -0.968180 0.077967
vn 0.885054 -0.013598 0.465290
vn 0.896458 0.078658 0.436092
vn 0.932250 0.040227 0.359572
vn 0.931933 -0.199977 0.302508
vn -0.560196 -0.604772 -0.566066
vn 0.113054 -0.991276 0.067761
vn -0.078081 -0.987244 -0.138755
vn -0.555185 -0.529213 -0.641640
vn 0.665874 -0.221342 0.712474
vn 0.580858 -0.562404 0.588478
vn 0.693353 -0.104490 0.712982
vn 0.733425 -0.187387 0.653432
vn 0.879823 0.469068 -0.076721
vn 0.870543 0.477777 -0.117830
vn 0.717684 0.694268 -0.054054
vn 0.702564 0.706288 -0.086961
vn 0.994843 -0.025362 -0.098210
vn 0.988999 -0.006239 -0.147788
vn -0.613373 -0.780267 -0.122296
vn -0.609027 -0.775718 -0.165372
vn -0.004522 -0.999466 -0.032356
vn 0.341980 -0.936979 0.071552
vn 0.948790 0.077272 0.306311
vn 0.947165 0.159948 0.278018
vn 0.966863 0.134501 0.216991
vn 0.983106 -0.060677 0.172689
vn -0.520284 -0.463628 -0.717184
vn -0.019223 -0.999114 -0.037448
vn -0.464329 -0.426019 -0.776471
vn 0.033796 -0.998170 0.050151
vn 0.463257 -0.624994 0.628311
vn 0.595607 -0.249114 0.763672
vn 0.892762 0.449909 -0.023605
vn 0.885326 0.462637 -0.046528
vn 0.727556 0.685909 -0.013817
vn 0.715253 0.698089 -0.032946
vn 0.997414 -0.065048 -0.030570
vn 0.997227 -0.044714 -0.059494
vn -0.940036 -0.341012 -0.006607
vn -0.979887 0.199528 0.003024
vn -0.937093 -0.348878 0.011853
vn -0.981624 0.189287 0.024187
vn -0.841493 0.540200 0.008502
vn -0.838127 0.544354 0.034967
vn -0.161378 0.986877 -0.005518
vn -0.018249 0.999427 0.028490
vn 0.764781 0.591066 0.256420
vn 0.913454 0.342574 0.219648
vn -0.153134 0.988201 -0.002920
vn 0.790502 0.593363 0.151745
vn -0.605669 -0.793487 -0.059528
vn -0.602970 -0.792806 -0.088810
vn -0.061098 -0.997556 -0.033897
vn 0.355253 -0.934722 0.009485
vn 0.973433 0.160560 0.163246
vn 0.967041 0.218057 0.131461
vn 0.979904 0.174303 0.096991
vn 0.996246 -0.046937 0.072746
vn 0.907205 0.420680 0.002960
vn 0.899231 0.437424 -0.006590
vn 0.732567 0.680664 0.006514
vn 0.722463 0.691394 -0.004640
vn 0.995094 -0.098925 0.001368
vn 0.996577 -0.081960 -0.010818
vn -0.932724 -0.358443 0.039288
vn -0.981440 0.183419 0.055978
vn -0.927404 -0.366944 0.072616
vn -0.982223 0.165822 0.087978
vn -0.822851 0.565390 0.057006
vn -0.847314 0.525283 0.078336
vn 0.741645 0.670378 0.023588
vn 0.919630 0.391771 0.028220
vn 0.723392 0.690224 0.017174
vn 0.911963 0.410048 0.013596
vn 0.989550 -0.141603 0.027186
vn 0.992604 -0.120783 0.012207
vn 0.967434 0.249429 -0.043084
vn 0.935803 0.350698 -0.035823
vn 0.942594 0.328615 -0.059400
vn 0.930297 0.360170 -0.069461
vn 0.947722 0.318325 -0.022181
vn 0.939355 0.342846 -0.008273
vn 0.927764 0.372996 -0.011296
vn 0.895264 0.444674 -0.027692
vn 0.921266 0.384835 -0.056315
vn 0.765342 0.639174 0.075559
vn 0.929159 0.359219 0.087320
vn 0.742522 0.667774 0.052328
vn 0.924283 0.377641 0.055567
vn 0.982229 -0.169727 0.080122
vn 0.986298 -0.157522 0.049025
vn -0.597431 -0.801513 -0.025563
vn -0.595174 -0.802548 -0.041048
vn -0.140417 -0.989634 -0.030147
vn 0.206970 -0.977763 -0.033805
vn 0.978467 0.195507 0.066173
vn 0.966582 0.252985 0.041459
vn 0.982683 0.184297 0.019184
vn 0.994805 -0.101068 0.012183
vn 0.223142 0.279060 -0.933988
vn 0.148529 0.282768 -0.947619
vn 0.217481 0.360653 -0.906990
vn 0.142457 0.353704 -0.924446
vn 0.119959 0.633372 -0.764493
vn 0.184186 0.618356 -0.764010
vn -0.920889 -0.374093 0.109624
vn -0.980812 0.145805 0.129415
vn -0.913216 -0.379639 0.148024
vn -0.976579 0.129439 0.171867
vn -0.857392 0.500243 0.120978
vn -0.854211 0.493727 0.162966
vn -0.378446 -0.357678 -0.853724
vn -0.304645 -0.315925 -0.898545
vn -0.014146 -0.994103 -0.107513
vn 0.065534 -0.984499 0.162684
vn -0.018396 -0.983524 -0.179837
vn -0.251215 -0.214722 -0.943814
vn 0.241936 -0.406560 0.881009
vn 0.217756 -0.686872 0.693390
vn 0.273054 -0.291646 0.916725
vn 0.336352 -0.352191 0.873401
vn 0.355126 -0.582640 0.731037
vn -0.587578 -0.808848 -0.022742
vn 0.474418 -0.880295 0.002838
vn 0.980077 0.196989 0.025387
vn 0.959679 0.279549 0.029462
vn 0.972911 0.230685 0.015140
vn 0.366301 0.260044 -0.893421
vn 0.295893 0.271403 -0.915853
vn 0.351821 0.380348 -0.855311
vn 0.283346 0.371923 -0.883962
vn 0.238228 0.646720 -0.724570
vn 0.297667 0.634629 -0.713190
vn -0.904091 -0.384075 0.187367
vn -0.969658 0.115975 0.215206
vn -0.893467 -0.387421 0.227204
vn -0.961858 0.098869 0.255057
vn -0.837894 0.511143 0.191482
vn -0.848792 0.475213 0.231786
vn -0.161757 -0.161854 -0.973467
vn -0.004077 -0.997962 -0.063675
vn -0.061516 -0.166619 -0.984101
vn -0.004189 -0.999812 0.018959
vn 0.091372 -0.719407 0.688552
vn 0.154868 -0.410963 0.898402
vn -0.155686 0.987427 0.027383
vn 0.003052 0.999727 0.023172
vn 0.777158 0.627779 0.043810
vn 0.904165 0.426919 0.015058
vn 0.063985 0.997826 0.015766
vn 0.768396 0.639908 0.009260
vn 0.735262 -0.018050 0.677543
vn 0.793233 0.029709 0.608193
vn 0.677979 -0.044970 0.733704
vn 0.719610 0.130709 0.681966
vn 0.687905 0.011345 0.725712
vn 0.774438 0.061813 0.629623
vn -0.371174 -0.265990 0.889651
vn -0.303069 -0.274537 0.912567
vn -0.349030 -0.329013 0.877456
vn -0.301745 -0.413964 0.858827
vn -0.313416 -0.115075 0.942618
vn -0.356595 -0.203177 0.911899
vn -0.278772 0.240743 0.929693
vn -0.256421 -0.125815 0.958342
vn -0.217882 -0.282930 0.934065
vn -0.201024 -0.217287 0.955184
vn -0.245437 -0.417755 0.874781
vn -0.195704 -0.345094 0.917938
vn -0.231615 -0.635780 0.736300
vn 0.433877 0.245301 -0.866936
vn 0.410224 0.392289 -0.823302
vn 0.341620 0.663005 -0.666124
vn 0.612451 -0.095198 0.784756
vn 0.533210 -0.308395 0.787769
vn 0.598539 0.033502 0.800393
vn 0.595997 0.328093 0.732900
vn 0.654427 0.064635 0.753357
vn -0.884318 -0.389032 0.258139
vn -0.953695 0.081627 0.289486
vn -0.890032 -0.366971 0.270508
vn -0.949936 0.108370 0.293049
vn -0.836951 0.485861 0.251898
vn -0.851858 0.456469 0.256855
vn -0.509663 -0.234691 0.827746
vn -0.448640 -0.249898 0.858064
vn -0.488730 -0.298194 0.819892
vn -0.444437 -0.386028 0.808367
vn -0.458480 -0.091833 0.883947
vn -0.497279 -0.174595 0.849841
vn -0.417619 0.251978 0.872984
vn -0.406530 -0.108920 0.907122
vn -0.392625 -0.395743 0.830201
vn -0.362718 -0.613897 0.701117
vn -0.075571 0.996126 0.044976
vn 0.070238 0.997464 0.011485
vn 0.789558 0.612673 -0.035088
vn 0.891248 0.443591 -0.094361
vn -0.100979 0.994360 0.032431
vn 0.772866 0.624377 -0.113273
vn 0.954959 0.294521 0.036196
vn 0.951375 0.306935 0.026011
vn 0.955248 0.289457 0.060964
vn 0.923573 0.380924 0.043691
vn 0.945443 0.319957 0.061368
vn 0.942991 0.332060 0.022468
vn 0.085619 -0.179740 -0.979981
vn 0.168904 -0.211413 -0.962692
vn 0.043048 -0.991961 -0.119000
vn -0.012662 -0.987400 0.157738
vn 0.052570 -0.990755 -0.125062
vn 0.250946 -0.182248 -0.950690
vn -0.134964 -0.424501 0.895312
vn -0.066152 -0.643349 0.762710
vn 0.177122 -0.259525 0.949355
vn 0.081503 -0.451646 0.888467
vn 0.100082 -0.265790 0.958822
vn 0.100003 -0.310467 0.945309
vn 0.159882 -0.119890 0.979829
vn 0.095712 -0.204271 0.974224
vn 0.191791 0.209435 0.958829
vn 0.241416 -0.095220 0.965739
vn 0.267441 -0.229540 0.935835
vn 0.296381 -0.155762 0.942283
vn -0.085895 0.996286 -0.006062
vn 0.164333 0.977048 0.135544
vn -0.103286 0.994646 -0.003264
vn 0.861913 0.252197 0.439889
vn 0.777896 0.495567 0.386382
vn 0.862339 0.163582 0.479179
vn 0.803479 0.212495 0.556119
vn 0.692394 0.453467 0.561212
vn 0.203980 0.973986 0.098709
vn 0.899919 0.332882 0.281665
vn 0.923581 0.237904 0.300666
vn 0.883872 0.285940 0.370146
vn 0.950203 0.311363 0.012956
vn 0.949179 0.314130 0.019539
vn 0.903617 0.426381 0.040946
vn 0.785354 0.618376 0.028836
vn 0.904635 0.424755 0.034929
vn 0.933339 0.358442 0.019954
vn 0.214125 0.974957 0.060074
vn -0.064207 0.997848 0.013293
vn 0.925865 0.362669 0.106044
vn 0.836281 0.542022 0.082742
vn 0.942954 0.300367 0.143589
vn 0.915381 0.367210 0.165031
vn 0.017252 -0.408216 0.912722
vn 0.023878 -0.264143 0.964188
vn -0.058960 -0.283568 0.957138
vn -0.046937 -0.329513 0.942984
vn 0.027935 -0.067452 0.997331
vn -0.021653 -0.207568 0.977981
vn -0.015693 0.384266 0.923089
vn 0.066473 -0.039015 0.997025
vn 0.090480 0.957795 0.272842
vn -0.012298 0.999855 -0.011755
vn -0.039149 0.997718 -0.055013
vn 0.339435 -0.045164 0.939545
vn 0.330018 0.304093 0.893653
vn 0.838145 0.075327 0.540221
vn 0.881042 0.120413 0.457456
vn 0.771545 0.159906 0.615750
vn -0.029527 0.999286 0.023563
vn 0.162680 0.986112 0.033455
vn 0.904870 0.424688 0.029179
vn 0.505662 -0.349070 -0.788959
vn 0.544823 -0.417410 -0.727280
vn 0.088769 -0.989319 -0.115619
vn -0.124825 -0.976278 0.176916
vn 0.583648 -0.456190 -0.671749
vn 0.077217 -0.994953 -0.064083
vn -0.643154 -0.300504 0.704309
vn -0.611123 -0.500470 0.613237
vn -0.610979 -0.256305 0.749008
vn -0.567093 -0.350122 0.745534
vn -0.483911 -0.581198 0.654247
vn 0.914664 0.161697 0.370465
vn 0.936789 0.196605 0.289435
vn 0.011416 -0.237337 -0.971360
vn 0.011577 -0.945987 0.323998
vn -0.079376 -0.409470 0.908864
vn -0.990027 0.137806 -0.029275
vn -0.992924 0.117636 -0.016252
vn -0.995143 0.094921 -0.026074
vn -0.999566 0.003310 -0.029264
vn -0.976586 0.215123 -0.001544
vn -0.986336 0.163748 -0.018106
vn -0.993179 0.116473 -0.005417
vn -0.989200 0.146449 0.005980
vn -0.999355 -0.025982 -0.024807
vn -0.997229 0.072737 -0.015623
vn -0.951003 -0.303243 -0.060301
vn 0.009719 0.986617 0.162766
vn 0.003765 0.997928 -0.064228
vn -0.019729 0.999803 0.002316
vn -0.088962 -0.129118 0.987631
vn -0.126257 0.240204 0.962477
vn -0.626143 -0.779705 -0.002029
vn -0.583884 -0.811828 0.003797
vn -0.134623 -0.990128 -0.039036
vn 0.532307 -0.844359 -0.060885
vn 0.962559 0.269499 -0.029167
vn 0.943901 0.316791 -0.093245
vn 0.954072 0.259996 -0.148825
vn 0.956414 0.273806 0.101500
vn 0.955498 0.252766 0.152097
vn 0.926189 0.368960 0.077732
vn 0.976750 -0.179488 0.117229
vn 0.930679 0.343556 0.125720
vn 0.969663 -0.187291 0.157084
vn 0.929104 0.330317 0.166304
vn 0.771983 0.625510 0.113048
vn 0.764971 0.625835 0.152150
vn -0.406563 -0.433101 -0.804444
vn 0.193030 -0.934912 0.297789
vn 0.400995 -0.313599 0.860731
vn -0.050727 0.962639 0.265994
vn 0.018491 0.997973 -0.060899
vn -0.154586 -0.123613 0.980216
vn 0.343385 -0.203220 0.916945
vn 0.393095 -0.032957 0.918907
vn 0.960659 -0.194195 0.198552
vn 0.924189 0.320018 0.208477
vn 0.949770 -0.200227 0.240511
vn 0.921200 0.301032 0.246518
vn 0.743894 0.643102 0.181772
vn 0.759444 0.616657 0.207313
vn 0.936933 -0.205421 0.282772
vn 0.914600 0.280430 0.291316
vn 0.922158 -0.209542 0.325142
vn 0.907240 0.255468 0.334142
vn 0.753653 0.608013 0.249655
vn 0.764767 0.575383 0.289941
vn 0.909537 -0.210883 0.358148
vn 0.898113 0.239359 0.368918
vn 0.911180 -0.179012 0.371086
vn 0.890578 0.262087 0.371728
vn 0.751724 0.578243 0.317090
vn 0.768972 0.561295 0.305991
vn 0.230640 0.972659 -0.027188
vn -0.099537 0.994237 0.039827
vn 0.871171 0.460381 -0.170618
vn 0.775738 0.610062 -0.161416
vn 0.901162 0.407553 -0.147675
vn 0.877610 0.460404 -0.133525
vn 0.020756 0.999513 0.023306
vn 0.087278 0.995705 0.030896
vn -0.777411 0.620794 -0.101228
vn -0.942979 0.314068 -0.110237
vn 0.101481 0.994411 0.029144
vn -0.793968 0.604882 -0.061095
vn 0.324924 -0.250076 -0.912078
vn -0.043646 -0.986449 0.158159
vn 0.067820 -0.990955 -0.115795
vn 0.393060 -0.250535 -0.884724
vn 0.268059 0.926612 0.263696
vn -0.017750 0.999833 0.004325
vn -0.758243 -0.138196 0.637157
vn -0.815528 -0.108718 0.568414
vn -0.771334 -0.071471 0.632405
vn -0.819037 0.028722 0.573021
vn -0.758318 -0.262271 0.596798
vn -0.745417 -0.195685 0.637229
vn -0.701548 -0.494375 0.513248
vn -0.797301 -0.243688 0.552202
vn -0.866774 -0.078569 0.492473
vn -0.849621 -0.142404 0.507805
vn -0.858280 0.044133 0.511281
vn -0.880021 -0.017239 0.474622
vn -0.798476 0.311114 0.515407
vn 0.263939 0.958886 -0.104282
vn -0.491088 0.856849 0.156979
vn 0.840017 0.462881 -0.283042
vn 0.298926 0.939579 -0.166838
vn 0.880525 0.415538 -0.228042
vn 0.863277 0.462965 -0.201037
vn 0.144700 0.958495 0.245660
vn -0.022383 0.999599 0.017347
vn -0.702307 -0.154017 0.695014
vn -0.697701 -0.277336 0.660529
vn -0.756936 0.030657 0.652770
vn -0.685814 0.417852 0.595869
vn -0.708382 0.000370 0.705829
vn -0.587186 0.408570 0.698773
vn -0.653867 -0.007952 0.756568
vn -0.637038 -0.191556 0.746652
vn -0.634558 -0.131792 0.761556
vn 0.070106 0.988737 0.132232
vn -0.908947 -0.051804 0.413681
vn -0.909931 0.073015 0.408282
vn -0.860063 -0.205919 0.466786
vn -0.803097 -0.444482 0.396827
vn -0.892776 -0.186892 0.409906
vn -0.941591 -0.025168 0.335817
vn -0.931429 -0.085413 0.353757
vn -0.932457 0.083805 0.351426
vn -0.947973 0.029761 0.316956
vn -0.876618 0.315503 0.363315
vn 0.451360 -0.321677 -0.832345
vn -0.086246 -0.982124 0.167314
vn -0.525635 -0.360048 0.770761
vn -0.176089 0.959812 0.218527
vn 0.076226 0.994610 -0.070288
vn 0.042396 0.998023 -0.046404
vn -0.592434 -0.057684 0.803551
vn -0.537627 0.271882 0.798146
vn 0.342326 0.938804 0.038195
vn -0.144288 -0.283246 0.948131
vn -0.965427 -0.001156 0.260673
vn -0.960716 0.107950 0.255678
vn -0.937138 -0.148492 0.315788
vn -0.882561 -0.391092 0.261023
vn -0.956560 -0.131229 0.260332
vn -0.980666 0.020509 0.194614
vn -0.977204 -0.034772 0.209436
vn -0.970926 0.117898 0.208334
vn -0.981221 0.069117 0.180076
vn -0.920471 0.319598 0.224924
vn 0.084873 0.994152 -0.066769
vn -0.014532 0.999651 0.022061
vn -0.989812 0.040043 0.136631
vn -0.981091 0.136769 0.136947
vn -0.979246 -0.097009 0.177949
vn -0.930547 -0.340224 0.135386
vn -0.987592 -0.082543 0.133598
vn -0.994222 0.056396 0.091335
vn -0.995002 0.005872 0.099685
vn -0.983600 0.146930 0.104610
vn -0.991402 0.100582 0.083697
vn -0.935681 0.330713 0.123003
vn 0.947242 0.235543 0.217373
vn 0.026978 0.946114 0.322709
vn -0.995889 0.072095 0.054840
vn -0.984789 0.162115 0.062531
vn -0.995649 -0.054378 0.075671
vn -0.954698 -0.294659 0.041560
vn -0.998070 -0.041880 0.045859
vn -0.995911 0.085587 0.028908
vn -0.998789 0.038386 0.030768
vn -0.983875 0.173308 0.044206
vn -0.991397 0.127813 0.028225
vn -0.933854 0.351973 0.063501
vn 0.897504 0.374535 -0.232832
vn 0.909698 0.370412 -0.187737
vn 0.897044 0.382014 -0.222212
vn 0.906877 0.382556 -0.176708
vn 0.913630 0.371210 -0.165780
vn 0.914152 0.370547 -0.164379
vn 0.917090 0.372917 -0.140989
vn 0.917608 0.365958 -0.155144
vn 0.660243 -0.751026 0.006262
vn 0.659363 -0.751553 0.020197
vn 0.149109 -0.988667 -0.017449
vn -0.035590 -0.998905 -0.030371
vn 0.634046 -0.772074 0.043448
vn -0.209680 -0.975813 -0.061826
vn -0.957073 -0.267233 -0.112240
vn -0.995986 0.045376 -0.077163
vn -0.962401 -0.268451 -0.041466
vn 0.601625 -0.514155 -0.611304
vn -0.203889 -0.963286 0.174667
vn 0.633116 -0.548301 -0.546380
vn 0.118074 -0.989402 -0.084517
vn -0.994761 0.101919 0.007908
vn -0.981864 0.188477 0.020491
vn -0.999814 -0.016108 0.010635
vn -0.968336 -0.248867 -0.019745
vn -0.999893 0.002824 -0.014370
vn -0.980183 0.197668 0.013015
vn -0.923748 0.382131 0.025803
vn 0.300851 0.953652 0.005978
vn 0.897507 0.437434 -0.055977
vn 0.889249 0.457274 -0.011720
vn 0.905451 0.310016 -0.289911
vn 0.889528 0.384292 -0.247101
vn 0.893105 0.374697 -0.248930
vn 0.893105 0.374698 -0.248929
vn 0.897851 0.373331 -0.233427
vn 0.201504 -0.924068 -0.324800
vn 0.782026 0.512971 -0.353972
vn 0.893105 0.374698 -0.248929
vn 0.642693 -0.597513 -0.479504
vn -0.168149 -0.980559 0.101144
vn 0.667821 -0.620054 -0.411762
vn 0.112284 -0.991431 -0.066762
vn -0.579619 -0.213236 0.786493
vn -0.539967 -0.078910 0.837979
vn -0.999007 0.024157 -0.037449
vn -0.987395 0.148478 -0.054816
vn -0.993938 -0.001880 -0.109929
vn -0.982194 0.171604 -0.076470
vn -0.984301 0.159545 -0.075474
vn -0.976861 0.197347 -0.082442
vn -0.971943 0.232126 -0.038019
vn -0.913957 0.405788 -0.004368
vn -0.975853 0.218139 -0.011223
vn -0.091655 0.962073 0.256932
vn 0.031598 0.998004 -0.054686
vn -0.982319 0.091691 -0.163222
vn -0.967677 0.181241 -0.175364
vn -0.977782 0.154049 -0.142166
vn -0.974644 0.174933 -0.139524
vn -0.976680 0.081263 -0.198726
vn -0.975733 0.126556 -0.178684
vn -0.956953 0.194122 -0.215771
vn -0.965793 0.160106 -0.203984
vn -0.947804 0.269693 -0.170100
vn -0.953904 0.218627 -0.205595
vn -0.969937 0.200558 -0.137835
vn 0.669713 -0.663194 -0.334153
vn -0.157591 -0.985600 0.061309
vn 0.106288 -0.993363 -0.043969
vn 0.686659 -0.673573 -0.273494
vn 0.942372 0.334515 0.005933
vn -0.128041 0.962108 0.240736
vn 0.678169 -0.705008 -0.207485
vn -0.178779 -0.983243 0.035650
vn 0.106951 -0.993795 -0.030554
vn 0.688741 -0.707489 -0.158413
vn -0.942194 0.163401 -0.292524
vn -0.929881 0.123117 -0.346647
vn -0.935499 0.194100 -0.295242
vn -0.919227 0.199375 -0.339517
vn -0.899709 0.179884 -0.397700
vn -0.915910 0.186087 -0.355641
vn -0.875714 0.314714 -0.366170
vn -0.898095 0.219751 -0.380966
vn -0.779837 0.563011 -0.273631
vn -0.893806 0.320639 -0.313530
vn -0.924199 0.238709 -0.298117
vn 0.675791 -0.728756 -0.110553
vn -0.199442 -0.979817 0.013445
vn 0.104769 -0.994245 -0.022372
vn 0.681491 -0.727546 -0.079041
vn -0.256507 0.964375 -0.064686
vn 0.139721 0.986491 0.085519
vn -0.008071 0.999310 0.036265
vn -0.923935 0.280807 -0.259792
vn -0.867731 0.451831 -0.207102
vn 0.006777 0.997522 -0.070028
vn 0.426114 0.889693 0.163928
vn -0.824624 0.353020 -0.442010
vn -0.014787 0.999541 0.026448
vn 0.667661 -0.743114 -0.044848
vn -0.218360 -0.975863 -0.003143
vn 0.101564 -0.994664 -0.018137
vn 0.672072 -0.739964 -0.027811
vn 0.658401 -0.752630 -0.007510
vn -0.225333 -0.974063 -0.020631
vn 0.000915 -0.999560 -0.029640
vn 0.662190 -0.749333 -0.001982
vn 0.055959 0.998139 -0.024239
vn -0.192399 0.967838 0.162085
vn 0.650439 -0.759522 0.007417
vn -0.145418 -0.989204 -0.018145
vn 0.062998 0.997974 -0.008876
vn -0.219453 0.968097 0.120952
vn 0.065874 0.997817 0.004574
vn -0.242016 0.966174 0.089084
vn 0.636864 -0.746308 0.193465
vn -0.398141 -0.890910 -0.218546
vn 0.609257 -0.775777 0.164247
vn 0.074305 -0.997169 -0.011502
vn 0.675683 -0.706559 0.210301
vn 0.411530 -0.905504 0.103472
vn -0.831478 0.228669 -0.506316
vn 0.016136 -0.999518 -0.026526
vn -0.956812 0.088149 -0.277021
vn -0.960416 -0.118562 -0.252079
vn 0.066101 0.997715 0.013958
vn -0.260674 0.963639 0.058736
vn 0.065579 0.997662 0.019254
vn -0.269972 0.962243 0.034695
vn 0.925404 0.360894 -0.115683
vn 0.921968 0.373356 -0.102860
vn 0.926693 0.363431 -0.095700
vn 0.924433 0.364727 -0.111343
vn 0.045203 0.998879 0.014068
vn -0.261033 0.965112 0.020500
vn -0.983525 0.152831 -0.096545
vn -0.977387 0.183145 -0.105697
vn -0.933620 0.331766 -0.135221
vn -0.943504 0.323521 -0.071653
vn -0.321280 0.946899 -0.012686
vn -0.006271 0.999374 0.034822
vn -0.414949 0.908871 -0.042070
vn -0.937729 0.266821 -0.222420
vn -0.961523 0.156276 -0.225946
vn -0.948147 0.194363 -0.251478
vn -0.972986 0.049750 -0.225438
vn -0.949114 0.188891 -0.251998
vn -0.419945 0.907272 0.022438
vn -0.661136 -0.748460 0.052039
vn -0.540593 -0.840842 0.027270
vn -0.664593 -0.742237 0.086022
vn -0.610183 -0.788818 0.073780
vn -0.437652 -0.898877 -0.021909
vn 0.016112 -0.999520 -0.026444
vn 0.016099 -0.999521 -0.026446
vn 0.016096 -0.999521 -0.026446
vn -0.052708 -0.994569 -0.089747
vn 0.627008 -0.750414 -0.209138
vn 0.016109 -0.999520 -0.026446
vn 0.016095 -0.999521 -0.026443
vn 0.960291 0.239814 -0.142585
vn 0.933522 0.345171 -0.096923
vn 0.016092 -0.999521 -0.026447
vn 0.016240 -0.999518 -0.026449
vn -0.664597 -0.738463 0.113945
vn -0.567800 -0.818226 0.090053
vn -0.664972 -0.733020 0.143160
vn -0.608671 -0.783543 0.124821
vn 0.016098 -0.999521 -0.026448
vn 0.016108 -0.999520 -0.026449
vn 0.932956 0.333698 -0.135053
vn 0.924410 0.342854 -0.167086
vn 0.016054 -0.999521 -0.026439
vn 0.016135 -0.999520 -0.026443
vn 0.931090 0.322624 -0.170249
vn 0.936990 0.304189 -0.171810
vn 0.016081 -0.999521 -0.026447
vn 0.016108 -0.999520 -0.026446
vn -0.623074 -0.751901 0.215463
vn -0.657161 -0.732432 0.177998
vn -0.468885 -0.854882 0.222090
vn -0.528524 -0.836959 0.141993
vn 0.016110 -0.999520 -0.026446
vn 0.016106 -0.999521 -0.026445
vn 0.916719 0.341661 -0.207108
vn 0.898086 0.369033 -0.239282
vn 0.016157 -0.999520 -0.026449
vn 0.016159 -0.999519 -0.026456
vn 0.942633 0.251147 -0.219928
vn 0.935504 -0.272914 -0.224387
vn 0.016107 -0.999520 -0.026449
vn 0.016117 -0.999520 -0.026450
vn 0.016105 -0.999521 -0.026447
vn -0.174697 -0.895127 0.410157
vn 0.016110 -0.999520 -0.026448
vn 0.552710 -0.825676 0.113008
vn -0.002501 -0.999682 -0.025083
vn 0.576748 -0.815028 0.055603
vn 0.683355 -0.725049 0.085622
vn 0.567986 -0.818188 0.089223
vn 0.675437 -0.723831 0.140901
vn 0.016098 -0.999521 -0.026446
vn 0.789126 -0.543131 0.286859
vn 0.777901 -0.563194 0.278715
vn 0.779669 -0.572670 0.253308
vn 0.780797 -0.588727 0.209181
vn 0.803106 -0.566344 0.185134
vn 0.802392 -0.578696 0.145871
vn 0.813076 -0.570788 0.114494
vn 0.798916 -0.596214 0.079127
vn 0.805154 -0.590664 0.053321
vn 0.815537 -0.578416 0.018280
vn 0.812093 -0.582691 0.031255
vn 0.829326 -0.558762 0.001562
vn 0.819994 -0.572268 0.010906
vn 0.837337 -0.546572 -0.011208
vn 0.847245 -0.530372 -0.029706
vn 0.852670 -0.519461 -0.055800
vn 0.859431 -0.502756 -0.092814
vn 0.861988 -0.487662 -0.138426
vn 0.863184 -0.466494 -0.193121
vn 0.859252 -0.439074 -0.262488
vn 0.849929 -0.406203 -0.335590
vn 0.831521 -0.364389 -0.419277
vn 0.806381 -0.317393 -0.499011
vn 0.770726 -0.262240 -0.580699
vn 0.732694 -0.205872 -0.648673
vn 0.685816 -0.144012 -0.713384
vn 0.639800 -0.084283 -0.763906
vn 0.583041 -0.023501 -0.812102
vn 0.526442 0.032743 -0.849580
vn 0.457394 0.084239 -0.885265
vn 0.390302 0.129196 -0.911577
vn 0.312359 0.164571 -0.935600
vn 0.238656 0.193279 -0.951676
vn 0.156292 0.208688 -0.965413
vn 0.078953 0.216601 -0.973062
vn -0.082547 0.205754 -0.975116
vn -0.001686 0.210434 -0.977607
vn -0.245048 0.145172 -0.958580
vn -0.164558 0.184024 -0.969049
vn -0.319455 0.096413 -0.942684
vn -0.395844 0.040737 -0.917414
vn -0.457180 -0.016634 -0.889219
vn -0.521425 -0.071874 -0.850265
vn -0.578520 -0.139072 -0.803725
vn -0.629168 -0.215069 -0.746923
vn -0.671692 -0.290459 -0.681515
vn -0.711529 -0.362665 -0.601831
vn -0.739735 -0.431704 -0.516163
vn -0.759772 -0.489904 -0.427482
vn -0.768542 -0.539360 -0.344143
vn -0.772257 -0.576268 -0.267459
vn -0.769551 -0.605647 -0.202443
vn -0.766240 -0.625416 -0.147416
vn -0.760110 -0.641378 -0.104245
vn -0.755438 -0.651585 -0.068922
vn -0.744742 -0.666770 -0.027871
vn -0.748970 -0.661106 -0.044526
vn -0.737848 -0.674750 -0.017111
vn -0.739538 -0.672803 -0.020464
vn -0.735008 -0.677938 -0.012763
vn -0.730233 -0.683197 0.001470
vn -0.724072 -0.689393 0.021368
vn -0.729467 -0.682909 0.038901
vn -0.735025 -0.673863 0.075145
vn -0.732243 -0.672938 0.104760
vn -0.729660 -0.670059 0.136446
vn -0.727004 -0.665447 0.169250
vn -0.726200 -0.659156 0.195313
vn -0.721648 -0.659536 0.210324
s 1
g R_FootFrame
usemtl initialShadingGroup
f 3/5/1 431/634/2 434/637/3
f 434/637/3 431/634/2 685/458/4
f 431/634/2 247/450/5 685/458/4
f 685/458/4 247/450/5 432/635/6
f 685/458/4 432/635/6 433/636/7
f 433/636/7 432/635/6 248/451/8
f 685/458/4 433/636/7 434/637/3
f 434/637/3 433/636/7 5/9/9
f 433/636/7 686/459/10 5/9/9
f 5/9/9 686/459/10 437/641/11
f 433/636/7 248/451/8 686/459/10
f 686/459/10 248/451/8 435/639/12
f 686/459/10 435/639/12 436/640/13
f 436/640/13 435/639/12 249/452/14
f 686/459/10 436/640/13 437/641/11
f 437/641/11 436/640/13 12/23/15
f 8/15/16 438/643/17 441/646/18
f 441/646/18 438/643/17 687/460/19
f 438/643/17 238/441/20 687/460/19
f 687/460/19 238/441/20 439/644/21
f 687/460/19 439/644/21 440/645/22
f 440/645/22 439/644/21 239/442/23
f 441/646/18 687/460/19 11/21/24
f 11/21/24 687/460/19 440/645/22
f 10/19/25 442/648/26 444/650/27
f 444/650/27 442/648/26 688/461/28
f 237/440/29 443/649/30 442/648/26
f 442/648/26 443/649/30 688/461/28
f 688/461/28 443/649/30 438/643/17
f 438/643/17 443/649/30 238/441/20
f 444/650/27 688/461/28 8/15/16
f 8/15/16 688/461/28 438/643/17
f 445/652/31 689/462/32 15/29/33
f 15/29/33 689/462/32 448/655/34
f 233/436/35 446/653/36 445/652/31
f 445/652/31 446/653/36 689/462/32
f 446/653/36 234/437/37 689/462/32
f 689/462/32 234/437/37 447/654/38
f 689/462/32 447/654/38 448/655/34
f 448/655/34 447/654/38 26/51/39
f 449/657/40 690/463/41 243/446/42
f 243/446/42 690/463/41 452/661/43
f 244/447/44 450/658/45 449/657/40
f 449/657/40 450/658/45 690/463/41
f 450/658/45 18/35/46 690/463/41
f 690/463/41 18/35/46 451/659/47
f 690/463/41 451/659/47 452/661/43
f 452/661/43 451/659/47 19/37/48
f 453/662/49 691/464/50 244/447/44
f 244/447/44 691/464/50 450/658/45
f 245/448/51 454/663/52 453/662/49
f 453/662/49 454/663/52 691/464/50
f 454/663/52 21/41/53 691/464/50
f 691/464/50 21/41/53 455/664/54
f 691/464/50 455/664/54 450/658/45
f 450/658/45 455/664/54 18/35/46
f 456/666/55 692/465/56 242/445/57
f 242/445/57 692/465/56 458/669/58
f 243/446/42 452/661/43 456/666/55
f 456/666/55 452/661/43 692/465/56
f 452/661/43 19/37/48 692/465/56
f 692/465/56 19/37/48 457/667/59
f 692/465/56 457/667/59 458/669/58
f 458/669/58 457/667/59 23/45/60
f 459/670/61 693/466/62 25/49/63
f 25/49/63 693/466/62 461/672/64
f 232/435/65 460/671/66 459/670/61
f 459/670/61 460/671/66 693/466/62
f 460/671/66 233/436/35 693/466/62
f 693/466/62 233/436/35 445/652/31
f 693/466/62 445/652/31 461/672/64
f 461/672/64 445/652/31 15/29/33
f 462/674/67 694/467/68 245/448/51
f 245/448/51 694/467/68 454/663/52
f 246/449/69 463/675/70 462/674/67
f 462/674/67 463/675/70 694/467/68
f 463/675/70 28/55/71 694/467/68
f 694/467/68 28/55/71 464/676/72
f 694/467/68 464/676/72 454/663/52
f 454/663/52 464/676/72 21/41/53
f 465/678/73 695/468/74 241/444/75
f 241/444/75 695/468/74 467/681/76
f 242/445/57 458/669/58 465/678/73
f 465/678/73 458/669/58 695/468/74
f 458/669/58 23/45/60 695/468/74
f 695/468/74 23/45/60 466/679/77
f 695/468/74 466/679/77 467/681/76
f 467/681/76 466/679/77 30/59/78
f 468/682/79 696/469/80 31/61/81
f 31/61/81 696/469/80 471/686/82
f 468/682/79 32/63/83 696/469/80
f 696/469/80 32/63/83 469/683/84
f 696/469/80 469/683/84 470/685/85
f 470/685/85 469/683/84 4/7/86
f 471/686/82 696/469/80 33/65/87
f 33/65/87 696/469/80 470/685/85
f 472/688/88 697/470/89 35/69/90
f 35/69/90 697/470/89 474/690/91
f 231/434/92 473/689/93 472/688/88
f 472/688/88 473/689/93 697/470/89
f 473/689/93 232/435/65 697/470/89
f 697/470/89 232/435/65 459/670/61
f 697/470/89 459/670/61 474/690/91
f 474/690/91 459/670/61 25/49/63
f 475/692/94 698/471/95 246/449/69
f 246/449/69 698/471/95 463/675/70
f 247/450/5 431/634/2 475/692/94
f 475/692/94 431/634/2 698/471/95
f 431/634/2 3/5/1 698/471/95
f 698/471/95 3/5/1 476/693/96
f 698/471/95 476/693/96 463/675/70
f 463/675/70 476/693/96 28/55/71
f 477/695/97 699/472/98 240/443/99
f 240/443/99 699/472/98 479/698/100
f 241/444/75 467/681/76 477/695/97
f 477/695/97 467/681/76 699/472/98
f 467/681/76 30/59/78 699/472/98
f 699/472/98 30/59/78 478/696/101
f 699/472/98 478/696/101 479/698/100
f 479/698/100 478/696/101 37/73/102
f 480/699/103 700/473/104 39/77/105
f 39/77/105 700/473/104 482/701/106
f 230/433/107 481/700/108 480/699/103
f 480/699/103 481/700/108 700/473/104
f 481/700/108 231/434/92 700/473/104
f 700/473/104 231/434/92 472/688/88
f 700/473/104 472/688/88 482/701/106
f 482/701/106 472/688/88 35/69/90
f 483/703/109 701/474/110 40/79/111
f 40/79/111 701/474/110 487/709/112
f 484/704/113 701/474/110 41/81/114
f 41/81/114 701/474/110 483/703/109
f 108/217/115 485/706/116 484/704/113
f 484/704/113 485/706/116 701/474/110
f 486/708/117 701/474/110 99/199/118
f 99/199/118 701/474/110 485/706/116
f 98/197/119 487/709/112 486/708/117
f 486/708/117 487/709/112 701/474/110
f 488/711/120 702/475/121 239/442/23
f 239/442/23 702/475/121 440/645/22
f 240/443/99 479/698/100 488/711/120
f 488/711/120 479/698/100 702/475/121
f 479/698/100 37/73/102 702/475/121
f 702/475/121 37/73/102 489/712/122
f 702/475/121 489/712/122 440/645/22
f 440/645/22 489/712/122 11/21/24
f 490/714/123 703/476/124 43/85/125
f 43/85/125 703/476/124 492/716/126
f 229/432/127 491/715/128 490/714/123
f 490/714/123 491/715/128 703/476/124
f 491/715/128 230/433/107 703/476/124
f 703/476/124 230/433/107 480/699/103
f 703/476/124 480/699/103 492/716/126
f 492/716/126 480/699/103 39/77/105
f 17/33/129 493/718/130 497/725/131
f 497/725/131 493/718/130 704/477/132
f 494/720/133 704/477/132 16/31/134
f 16/31/134 704/477/132 493/718/130
f 495/721/135 704/477/132 44/87/136
f 44/87/136 704/477/132 494/720/133
f 45/89/137 496/723/138 495/721/135
f 495/721/135 496/723/138 704/477/132
f 497/725/131 704/477/132 46/91/139
f 46/91/139 704/477/132 496/723/138
f 20/39/140 498/726/141 501/732/142
f 501/732/142 498/726/141 705/478/143
f 497/725/131 705/478/143 17/33/129
f 17/33/129 705/478/143 498/726/141
f 499/728/144 705/478/143 46/91/139
f 46/91/139 705/478/143 497/725/131
f 51/101/145 500/730/146 499/728/144
f 499/728/144 500/730/146 705/478/143
f 501/732/142 705/478/143 52/103/147
f 52/103/147 705/478/143 500/730/146
f 16/31/134 502/733/148 494/720/133
f 494/720/133 502/733/148 706/479/149
f 503/735/150 706/479/149 22/43/151
f 22/43/151 706/479/149 502/733/148
f 504/736/152 706/479/149 53/105/153
f 53/105/153 706/479/149 503/735/150
f 54/107/154 505/738/155 504/736/152
f 504/736/152 505/738/155 706/479/149
f 494/720/133 706/479/149 44/87/136
f 44/87/136 706/479/149 505/738/155
f 506/740/156 707/480/157 56/111/158
f 56/111/158 707/480/157 508/742/159
f 228/431/160 507/741/161 506/740/156
f 506/740/156 507/741/161 707/480/157
f 507/741/161 229/432/127 707/480/157
f 707/480/157 229/432/127 490/714/123
f 707/480/157 490/714/123 508/742/159
f 508/742/159 490/714/123 43/85/125
f 27/53/162 509/744/163 512/750/164
f 512/750/164 509/744/163 708/481/165
f 501/732/142 708/481/165 20/39/140
f 20/39/140 708/481/165 509/744/163
f 510/746/166 708/481/165 52/103/147
f 52/103/147 708/481/165 501/732/142
f 57/113/167 511/748/168 510/746/166
f 510/746/166 511/748/168 708/481/165
f 512/750/164 708/481/165 58/115/169
f 58/115/169 708/481/165 511/748/168
f 22/43/151 513/751/170 503/735/150
f 503/735/150 513/751/170 709/482/171
f 513/751/170 29/57/172 709/482/171
f 709/482/171 29/57/172 514/753/173
f 514/753/173 59/117/174 709/482/171
f 709/482/171 59/117/174 515/754/175
f 503/735/150 709/482/171 53/105/153
f 53/105/153 709/482/171 515/754/175
f 516/756/176 710/483/177 61/121/178
f 61/121/178 710/483/177 518/758/179
f 227/430/180 517/757/181 516/756/176
f 516/756/176 517/757/181 710/483/177
f 517/757/181 228/431/160 710/483/177
f 710/483/177 228/431/160 506/740/156
f 710/483/177 506/740/156 518/758/179
f 518/758/179 506/740/156 56/111/158
f 519/760/182 711/484/183 249/452/14
f 249/452/14 711/484/183 436/640/13
f 519/760/182 250/453/184 711/484/183
f 711/484/183 250/453/184 520/761/185
f 711/484/183 520/761/185 521/762/186
f 521/762/186 520/761/185 62/123/187
f 436/640/13 711/484/183 12/23/15
f 12/23/15 711/484/183 521/762/186
f 522/764/188 712/485/189 63/125/190
f 63/125/190 712/485/189 524/766/191
f 21/42/53 464/677/72 522/764/188
f 522/764/188 464/677/72 712/485/189
f 464/677/72 28/56/71 712/485/189
f 712/485/189 28/56/71 523/765/192
f 524/766/191 712/485/189 64/127/193
f 64/127/193 712/485/189 523/765/192
f 1/1/194 525/768/195 528/774/196
f 528/774/196 525/768/195 713/486/197
f 512/750/164 713/486/197 27/53/162
f 27/53/162 713/486/197 525/768/195
f 526/770/198 713/486/197 58/115/169
f 58/115/169 713/486/197 512/750/164
f 65/129/199 527/772/200 526/770/198
f 526/770/198 527/772/200 713/486/197
f 528/774/196 713/486/197 66/131/201
f 66/131/201 713/486/197 527/772/200
f 529/775/202 714/487/203 68/136/204
f 68/136/204 714/487/203 531/778/205
f 529/775/202 226/428/206 714/487/203
f 714/487/203 226/428/206 530/777/207
f 530/777/207 227/430/180 714/487/203
f 714/487/203 227/430/180 516/756/176
f 714/487/203 516/756/176 531/778/205
f 531/778/205 516/756/176 61/121/178
f 250/453/184 532/780/208 520/761/185
f 520/761/185 532/780/208 715/488/209
f 532/780/208 251/454/210 715/488/209
f 715/488/209 251/454/210 533/781/211
f 715/488/209 533/781/211 534/782/212
f 534/782/212 533/781/211 69/139/213
f 520/761/185 715/488/209 62/123/187
f 62/123/187 715/488/209 534/782/212
f 71/143/214 535/784/215 537/786/216
f 537/786/216 535/784/215 716/489/217
f 535/784/215 225/427/218 716/489/217
f 716/489/217 225/427/218 536/785/219
f 716/489/217 536/785/219 529/776/202
f 529/776/202 536/785/219 226/429/206
f 537/786/216 716/489/217 68/138/204
f 68/138/204 716/489/217 529/776/202
f 538/788/220 717/490/221 72/145/222
f 72/145/222 717/490/221 541/793/223
f 538/788/220 73/147/224 717/490/221
f 717/490/221 73/147/224 539/790/225
f 539/790/225 74/149/226 717/490/221
f 717/490/221 74/149/226 540/791/227
f 541/793/223 717/490/221 75/151/228
f 75/151/228 717/490/221 540/791/227
f 77/155/229 542/794/230 544/796/231
f 544/796/231 542/794/230 718/491/232
f 542/794/230 224/426/233 718/491/232
f 718/491/232 224/426/233 543/795/234
f 718/491/232 543/795/234 535/784/215
f 535/784/215 543/795/234 225/427/218
f 544/796/231 718/491/232 71/143/214
f 71/143/214 718/491/232 535/784/215
f 2/3/235 545/798/236 548/804/237
f 548/804/237 545/798/236 719/492/238
f 528/774/196 719/492/238 1/1/194
f 1/1/194 719/492/238 545/798/236
f 546/800/239 719/492/238 66/131/201
f 66/131/201 719/492/238 528/774/196
f 78/157/240 547/802/241 546/800/239
f 546/800/239 547/802/241 719/492/238
f 548/804/237 719/492/238 79/159/242
f 79/159/242 719/492/238 547/802/241
f 236/439/243 549/805/244 551/808/245
f 551/808/245 549/805/244 720/493/246
f 549/805/244 237/440/29 720/493/246
f 720/493/246 237/440/29 442/648/26
f 720/493/246 442/648/26 550/806/247
f 550/806/247 442/648/26 10/19/25
f 551/808/245 720/493/246 81/163/248
f 81/163/248 720/493/246 550/806/247
f 251/454/210 552/809/249 533/781/211
f 533/781/211 552/809/249 721/494/250
f 552/809/249 252/455/251 721/494/250
f 721/494/250 252/455/251 553/810/252
f 721/494/250 553/810/252 554/811/253
f 554/811/253 553/810/252 82/165/254
f 533/781/211 721/494/250 69/139/213
f 69/139/213 721/494/250 554/811/253
f 36/71/255 555/813/256 559/820/257
f 559/820/257 555/813/256 722/495/258
f 556/815/259 722/495/258 7/13/260
f 7/13/260 722/495/258 555/813/256
f 557/816/261 722/495/258 83/167/262
f 83/167/262 722/495/258 556/815/259
f 84/169/263 558/818/264 557/816/261
f 557/816/261 558/818/264 722/495/258
f 559/820/257 722/495/258 85/171/265
f 85/171/265 722/495/258 558/818/264
f 4/7/86 560/821/266 470/685/85
f 470/685/85 560/821/266 723/496/267
f 548/804/237 723/496/267 2/3/235
f 2/3/235 723/496/267 560/821/266
f 561/823/268 723/496/267 79/159/242
f 79/159/242 723/496/267 548/804/237
f 86/173/269 562/825/270 561/823/268
f 561/823/268 562/825/270 723/496/267
f 470/685/85 723/496/267 33/65/87
f 33/65/87 723/496/267 562/825/270
f 235/438/271 563/827/272 565/830/273
f 565/830/273 563/827/272 724/497/274
f 563/827/272 236/439/243 724/497/274
f 724/497/274 236/439/243 551/808/245
f 724/497/274 551/808/245 564/828/275
f 564/828/275 551/808/245 81/163/248
f 565/830/273 724/497/274 88/177/276
f 88/177/276 724/497/274 564/828/275
f 252/455/251 566/831/277 553/810/252
f 553/810/252 566/831/277 725/498/278
f 566/831/277 253/456/279 725/498/278
f 725/498/278 253/456/279 567/832/280
f 725/498/278 567/832/280 568/833/281
f 568/833/281 567/832/280 90/181/282
f 553/810/252 725/498/278 82/165/254
f 82/165/254 725/498/278 568/833/281
f 7/13/260 569/835/283 556/815/259
f 556/815/259 569/835/283 726/499/284
f 569/835/283 6/11/285 726/499/284
f 726/499/284 6/11/285 570/837/286
f 570/837/286 91/183/287 726/499/284
f 726/499/284 91/183/287 571/838/288
f 556/815/259 726/499/284 83/167/262
f 83/167/262 726/499/284 571/838/288
f 572/840/289 727/500/290 92/185/291
f 92/185/291 727/500/290 574/842/292
f 12/24/15 521/763/186 572/840/289
f 572/840/289 521/763/186 727/500/290
f 521/763/186 62/124/187 727/500/290
f 727/500/290 62/124/187 573/841/293
f 574/842/292 727/500/290 93/187/294
f 93/187/294 727/500/290 573/841/293
f 495/722/135 728/501/295 45/90/137
f 45/90/137 728/501/295 577/847/296
f 44/88/136 505/739/155 495/722/135
f 495/722/135 505/739/155 728/501/295
f 575/844/297 728/501/295 54/108/154
f 54/108/154 728/501/295 505/739/155
f 576/845/298 728/501/295 94/189/299
f 94/189/299 728/501/295 575/844/297
f 577/847/296 728/501/295 95/191/300
f 95/191/300 728/501/295 576/845/298
f 578/848/301 729/502/302 96/193/303
f 96/193/303 729/502/302 583/856/304
f 579/849/305 729/502/302 97/195/306
f 97/195/306 729/502/302 578/848/301
f 149/294/307 580/851/308 579/849/305
f 579/849/305 580/851/308 729/502/302
f 581/853/309 729/502/302 148/292/310
f 148/292/310 729/502/302 580/851/308
f 582/854/311 729/502/302 110/221/312
f 110/221/312 729/502/302 581/853/309
f 109/219/313 583/856/304 582/854/311
f 582/854/311 583/856/304 729/502/302
f 234/437/37 584/858/314 447/654/38
f 447/654/38 584/858/314 730/503/315
f 584/858/314 235/438/271 730/503/315
f 730/503/315 235/438/271 565/830/273
f 730/503/315 565/830/273 585/859/316
f 585/859/316 565/830/273 88/177/276
f 447/654/38 730/503/315 26/51/39
f 26/51/39 730/503/315 585/859/316
f 53/106/153 515/755/175 504/737/152
f 504/737/152 515/755/175 731/504/317
f 59/118/174 586/861/318 515/755/175
f 515/755/175 586/861/318 731/504/317
f 486/708/117 731/504/317 98/197/119
f 98/197/119 731/504/317 586/861/318
f 587/863/319 731/504/317 99/199/118
f 99/199/118 731/504/317 486/708/117
f 136/272/320 588/865/321 587/863/319
f 587/863/319 588/865/321 731/504/317
f 575/844/297 731/504/317 94/189/299
f 94/189/299 731/504/317 588/865/321
f 504/737/152 731/504/317 54/108/154
f 54/108/154 731/504/317 575/844/297
f 253/456/279 589/867/322 567/832/280
f 567/832/280 589/867/322 732/505/323
f 589/867/322 254/457/324 732/505/323
f 732/505/323 254/457/324 590/868/325
f 732/505/323 590/868/325 591/869/326
f 591/869/326 590/868/325 101/204/327
f 567/832/280 732/505/323 90/181/282
f 90/181/282 732/505/323 591/869/326
f 592/871/328 733/506/329 102/205/330
f 102/205/330 733/506/329 596/878/331
f 593/872/332 733/506/329 103/207/333
f 103/207/333 733/506/329 592/871/328
f 185/365/334 594/874/335 593/872/332
f 593/872/332 594/874/335 733/506/329
f 578/848/301 733/506/329 97/195/306
f 97/195/306 733/506/329 594/874/335
f 595/876/336 733/506/329 96/193/303
f 96/193/303 733/506/329 578/848/301
f 157/310/337 596/878/331 595/876/336
f 595/876/336 596/878/331 733/506/329
f 597/880/338 734/507/339 104/209/340
f 104/209/340 734/507/339 599/882/341
f 597/880/338 69/140/213 734/507/339
f 734/507/339 69/140/213 554/812/253
f 734/507/339 554/812/253 598/881/342
f 598/881/342 554/812/253 82/166/254
f 599/882/341 734/507/339 105/211/343
f 105/211/343 734/507/339 598/881/342
f 561/824/268 735/508/344 86/174/269
f 86/174/269 735/508/344 602/887/345
f 79/160/242 547/803/241 561/824/268
f 561/824/268 547/803/241 735/508/344
f 600/884/346 735/508/344 78/158/240
f 78/158/240 735/508/344 547/803/241
f 601/885/347 735/508/344 106/213/348
f 106/213/348 735/508/344 600/884/346
f 107/215/349 602/887/345 601/885/347
f 601/885/347 602/887/345 735/508/344
f 9/17/350 603/888/351 606/893/352
f 606/893/352 603/888/351 736/509/353
f 604/890/354 736/509/353 80/161/355
f 80/161/355 736/509/353 603/888/351
f 582/855/311 736/509/353 109/220/313
f 109/220/313 736/509/353 604/890/354
f 110/222/312 605/891/356 582/855/311
f 582/855/311 605/891/356 736/509/353
f 606/893/352 736/509/353 111/223/357
f 111/223/357 736/509/353 605/891/356
f 83/168/262 571/839/288 557/817/261
f 557/817/261 571/839/288 737/510/358
f 91/184/287 607/894/359 571/839/288
f 571/839/288 607/894/359 737/510/358
f 608/896/360 737/510/358 112/225/361
f 112/225/361 737/510/358 607/894/359
f 609/897/362 737/510/358 113/227/363
f 113/227/363 737/510/358 608/896/360
f 131/263/364 610/899/365 609/897/362
f 609/897/362 610/899/365 737/510/358
f 611/901/366 737/510/358 130/261/367
f 130/261/367 737/510/358 610/899/365
f 557/817/261 737/510/358 84/170/263
f 84/170/263 737/510/358 611/901/366
f 19/38/48 451/660/47 615/907/368
f 615/907/368 451/660/47 738/511/369
f 612/902/370 738/511/369 18/36/46
f 18/36/46 738/511/369 451/660/47
f 613/903/371 738/511/369 114/229/372
f 114/229/372 738/511/369 612/902/370
f 115/231/373 614/905/374 613/903/371
f 613/903/371 614/905/374 738/511/369
f 615/907/368 738/511/369 116/233/375
f 116/233/375 738/511/369 614/905/374
f 18/36/46 455/665/54 612/902/370
f 612/902/370 455/665/54 739/512/376
f 522/764/188 739/512/376 21/42/53
f 21/42/53 739/512/376 455/665/54
f 616/908/377 739/512/376 63/125/190
f 63/125/190 739/512/376 522/764/188
f 119/239/378 617/910/379 616/908/377
f 616/908/377 617/910/379 739/512/376
f 612/902/370 739/512/376 114/229/372
f 114/229/372 739/512/376 617/910/379
f 33/66/87 562/826/270 620/916/380
f 620/916/380 562/826/270 740/513/381
f 86/174/269 602/887/345 562/826/270
f 562/826/270 602/887/345 740/513/381
f 618/912/382 740/513/381 107/215/349
f 107/215/349 740/513/381 602/887/345
f 120/241/383 619/914/384 618/912/382
f 618/912/382 619/914/384 740/513/381
f 620/916/380 740/513/381 121/243/385
f 121/243/385 740/513/381 619/914/384
f 28/56/71 476/694/96 523/765/192
f 523/765/192 476/694/96 741/514/386
f 3/6/1 621/917/387 476/694/96
f 476/694/96 621/917/387 741/514/386
f 622/918/388 741/514/386 122/245/389
f 122/245/389 741/514/386 621/917/387
f 123/247/390 623/920/391 622/918/388
f 622/918/388 623/920/391 741/514/386
f 523/765/192 741/514/386 64/127/193
f 64/127/193 741/514/386 623/920/391
f 112/225/361 624/922/392 608/896/360
f 608/896/360 624/922/392 742/515/393
f 625/924/394 742/515/393 126/253/395
f 126/253/395 742/515/393 624/922/392
f 626/925/396 742/515/393 127/255/397
f 127/255/397 742/515/393 625/924/394
f 128/257/398 627/927/399 626/925/396
f 626/925/396 627/927/399 742/515/393
f 608/896/360 742/515/393 113/227/363
f 113/227/363 742/515/393 627/927/399
f 489/713/122 743/516/400 11/22/24
f 11/22/24 743/516/400 630/932/401
f 37/74/102 628/929/402 489/713/122
f 489/713/122 628/929/402 743/516/400
f 629/930/403 743/516/400 129/259/404
f 129/259/404 743/516/400 628/929/402
f 130/262/367 610/900/365 629/930/403
f 629/930/403 610/900/365 743/516/400
f 630/932/401 743/516/400 131/264/364
f 131/264/364 743/516/400 610/900/365
f 499/729/144 744/517/405 51/102/145
f 51/102/145 744/517/405 632/935/406
f 46/92/139 496/724/138 499/729/144
f 499/729/144 496/724/138 744/517/405
f 577/847/296 744/517/405 45/90/137
f 45/90/137 744/517/405 496/724/138
f 631/933/407 744/517/405 95/191/300
f 95/191/300 744/517/405 577/847/296
f 116/234/375 614/906/374 631/933/407
f 631/933/407 614/906/374 744/517/405
f 632/935/406 744/517/405 115/232/373
f 115/232/373 744/517/405 614/906/374
f 5/10/9 437/642/11 634/938/408
f 634/938/408 437/642/11 745/518/409
f 572/840/289 745/518/409 12/24/15
f 12/24/15 745/518/409 437/642/11
f 633/936/410 745/518/409 92/185/291
f 92/185/291 745/518/409 572/840/289
f 121/244/385 619/915/384 633/936/410
f 633/936/410 619/915/384 745/518/409
f 634/938/408 745/518/409 120/242/383
f 120/242/383 745/518/409 619/915/384
f 14/27/411 635/939/412 639/946/413
f 639/946/413 635/939/412 746/519/414
f 13/25/415 636/941/416 635/939/412
f 635/939/412 636/941/416 746/519/414
f 637/942/417 746/519/414 133/266/418
f 133/266/418 746/519/414 636/941/416
f 134/268/419 638/944/420 637/942/417
f 637/942/417 638/944/420 746/519/414
f 639/946/413 746/519/414 135/270/421
f 135/270/421 746/519/414 638/944/420
f 510/747/166 747/520/422 57/114/167
f 57/114/167 747/520/422 640/947/423
f 52/104/147 500/731/146 510/747/166
f 510/747/166 500/731/146 747/520/422
f 632/935/406 747/520/422 51/102/145
f 51/102/145 747/520/422 500/731/146
f 613/904/371 747/520/422 115/232/373
f 115/232/373 747/520/422 632/935/406
f 114/230/372 617/911/379 613/904/371
f 613/904/371 617/911/379 747/520/422
f 640/947/423 747/520/422 119/240/378
f 119/240/378 747/520/422 617/911/379
f 6/11/285 641/948/424 570/837/286
f 570/837/286 641/948/424 748/521/425
f 9/17/350 606/893/352 641/948/424
f 641/948/424 606/893/352 748/521/425
f 642/950/426 748/521/425 111/223/357
f 111/223/357 748/521/425 606/893/352
f 126/254/395 624/923/392 642/950/426
f 642/950/426 624/923/392 748/521/425
f 112/226/361 607/895/359 624/923/392
f 624/923/392 607/895/359 748/521/425
f 91/183/287 570/837/286 607/895/359
f 607/895/359 570/837/286 748/521/425
f 643/952/427 749/522/428 141/280/429
f 141/280/429 749/522/428 647/959/430
f 644/953/431 749/522/428 142/282/432
f 142/282/432 749/522/428 643/952/427
f 645/955/433 749/522/428 191/377/434
f 191/377/434 749/522/428 644/953/431
f 646/957/435 749/522/428 192/380/436
f 192/380/436 749/522/428 645/955/433
f 193/383/437 647/959/430 646/957/435
f 646/957/435 647/959/430 749/522/428
f 444/651/27 750/523/438 10/20/25
f 10/20/25 750/523/438 650/964/439
f 8/16/16 648/961/440 444/651/27
f 444/651/27 648/961/440 750/523/438
f 626/926/396 750/523/438 128/258/398
f 128/258/398 750/523/438 648/961/440
f 127/256/397 649/962/441 626/926/396
f 626/926/396 649/962/441 750/523/438
f 650/964/439 750/523/438 143/284/442
f 143/284/442 750/523/438 649/962/441
f 49/97/443 651/965/444 654/971/445
f 654/971/445 651/965/444 751/524/446
f 32/63/83 468/682/79 651/965/444
f 651/965/444 468/682/79 751/524/446
f 652/967/447 751/524/446 31/61/81
f 31/61/81 751/524/446 468/682/79
f 73/148/224 538/789/220 652/967/447
f 652/967/447 538/789/220 751/524/446
f 72/146/222 653/969/448 538/789/220
f 538/789/220 653/969/448 751/524/446
f 654/971/445 751/524/446 50/99/449
f 50/99/449 751/524/446 653/969/448
f 546/801/239 752/525/450 78/158/240
f 78/158/240 752/525/450 600/884/346
f 66/132/201 527/773/200 546/801/239
f 546/801/239 527/773/200 752/525/450
f 655/972/451 752/525/450 65/130/199
f 65/130/199 752/525/450 527/773/200
f 622/919/388 752/525/450 123/248/390
f 123/248/390 752/525/450 655/972/451
f 122/246/389 656/973/452 622/919/388
f 622/919/388 656/973/452 752/525/450
f 600/884/346 752/525/450 106/213/348
f 106/213/348 752/525/450 656/973/452
f 657/975/453 753/526/454 223/425/455
f 223/425/455 753/526/454 659/978/456
f 224/426/233 542/794/230 657/975/453
f 657/975/453 542/794/230 753/526/454
f 542/794/230 77/155/229 753/526/454
f 753/526/454 77/155/229 658/976/457
f 753/526/454 658/976/457 659/978/456
f 659/978/456 658/976/457 147/290/458
f 29/57/172 660/979/459 514/753/173
f 514/753/173 660/979/459 754/527/460
f 559/820/257 754/527/460 36/71/255
f 36/71/255 754/527/460 660/979/459
f 661/981/461 754/527/460 85/171/265
f 85/171/265 754/527/460 559/820/257
f 40/80/111 487/710/112 661/981/461
f 661/981/461 487/710/112 754/527/460
f 98/198/119 586/862/318 487/710/112
f 487/710/112 586/862/318 754/527/460
f 59/117/174 514/753/173 586/862/318
f 586/862/318 514/753/173 754/527/460
f 550/807/247 755/528/462 81/164/248
f 81/164/248 755/528/462 663/985/463
f 10/20/25 650/964/439 550/807/247
f 550/807/247 650/964/439 755/528/462
f 662/983/464 755/528/462 143/284/442
f 143/284/442 755/528/462 650/964/439
f 148/293/310 580/852/308 662/983/464
f 662/983/464 580/852/308 755/528/462
f 663/985/463 755/528/462 149/295/307
f 149/295/307 755/528/462 580/852/308
f 661/982/461 756/529/465 40/79/111
f 40/79/111 756/529/465 483/703/109
f 85/172/265 558/819/264 661/982/461
f 661/982/461 558/819/264 756/529/465
f 611/901/366 756/529/465 84/170/263
f 84/170/263 756/529/465 558/819/264
f 629/931/403 756/529/465 130/261/367
f 130/261/367 756/529/465 611/901/366
f 129/260/404 664/986/466 629/931/403
f 629/931/403 664/986/466 756/529/465
f 483/703/109 756/529/465 41/81/114
f 41/81/114 756/529/465 664/986/466
f 665/988/467 757/530/468 222/424/469
f 222/424/469 757/530/468 667/991/470
f 223/425/455 659/978/456 665/988/467
f 665/988/467 659/978/456 757/530/468
f 659/978/456 147/290/458 757/530/468
f 757/530/468 147/290/458 666/989/471
f 757/530/468 666/989/471 667/991/470
f 667/991/470 666/989/471 150/296/472
f 668/992/473 758/531/474 221/423/475
f 221/423/475 758/531/474 670/995/476
f 222/424/469 667/991/470 668/992/473
f 668/992/473 667/991/470 758/531/474
f 667/991/470 150/296/472 758/531/474
f 758/531/474 150/296/472 669/993/477
f 758/531/474 669/993/477 670/995/476
f 670/995/476 669/993/477 151/298/478
f 671/996/479 759/532/480 220/422/481
f 220/422/481 759/532/480 673/999/482
f 221/423/475 670/995/476 671/996/479
f 671/996/479 670/995/476 759/532/480
f 670/995/476 151/298/478 759/532/480
f 759/532/480 151/298/478 672/997/483
f 759/532/480 672/997/483 673/999/482
f 673/999/482 672/997/483 152/300/484
f 568/834/281 760/533/485 82/166/254
f 82/166/254 760/533/485 598/881/342
f 90/182/282 674/1000/486 568/834/281
f 568/834/281 674/1000/486 760/533/485
f 675/1001/487 760/533/485 153/302/488
f 153/302/488 760/533/485 674/1000/486
f 154/304/489 676/1003/490 675/1001/487
f 675/1001/487 676/1003/490 760/533/485
f 598/881/342 760/533/485 105/211/343
f 105/211/343 760/533/485 676/1003/490
f 677/1005/491 761/534/492 155/306/493
f 155/306/493 761/534/492 679/1007/494
f 677/1005/491 147/291/458 761/534/492
f 761/534/492 147/291/458 658/977/457
f 761/534/492 658/977/457 678/1006/495
f 678/1006/495 658/977/457 77/156/229
f 679/1007/494 761/534/492 156/308/496
f 156/308/496 761/534/492 678/1006/495
f 80/161/355 680/1009/497 604/890/354
f 604/890/354 680/1009/497 762/535/498
f 681/1011/499 762/535/498 87/175/500
f 87/175/500 762/535/498 680/1009/497
f 595/877/336 762/535/498 157/311/337
f 157/311/337 762/535/498 681/1011/499
f 96/194/303 583/857/304 595/877/336
f 595/877/336 583/857/304 762/535/498
f 604/890/354 762/535/498 109/220/313
f 109/220/313 762/535/498 583/857/304
f 457/668/59 763/536/501 23/46/60
f 23/46/60 763/536/501 682/1012/502
f 19/38/48 615/907/368 457/668/59
f 457/668/59 615/907/368 763/536/501
f 631/934/407 763/536/501 116/233/375
f 116/233/375 763/536/501 615/907/368
f 95/192/300 576/846/298 631/934/407
f 631/934/407 576/846/298 763/536/501
f 94/190/299 588/866/321 576/846/298
f 576/846/298 588/866/321 763/536/501
f 682/1012/502 763/536/501 136/273/320
f 136/273/320 763/536/501 588/866/321
f 683/1013/503 764/537/504 158/312/505
f 158/312/505 764/537/504 258/1021/506
f 684/1014/507 764/537/504 159/314/508
f 159/314/508 764/537/504 683/1013/503
f 160/316/509 255/1016/510 684/1014/507
f 684/1014/507 255/1016/510 764/537/504
f 256/1018/511 764/537/504 166/327/512
f 166/327/512 764/537/504 255/1016/510
f 257/1019/513 764/537/504 165/325/514
f 165/325/514 764/537/504 256/1018/511
f 171/337/515 258/1021/506 257/1019/513
f 257/1019/513 258/1021/506 764/537/504
f 591/870/326 765/538/516 90/182/282
f 90/182/282 765/538/516 674/1000/486
f 101/203/327 259/1023/517 591/870/326
f 591/870/326 259/1023/517 765/538/516
f 260/1024/518 765/538/516 161/319/519
f 161/319/519 765/538/516 259/1023/517
f 162/320/520 261/1026/521 260/1024/518
f 260/1024/518 261/1026/521 765/538/516
f 674/1000/486 765/538/516 153/302/488
f 153/302/488 765/538/516 261/1026/521
f 466/680/77 766/539/522 30/60/78
f 30/60/78 766/539/522 262/1028/523
f 23/46/60 682/1012/502 466/680/77
f 466/680/77 682/1012/502 766/539/522
f 587/864/319 766/539/522 136/273/320
f 136/273/320 766/539/522 682/1012/502
f 99/200/118 485/707/116 587/864/319
f 587/864/319 485/707/116 766/539/522
f 108/218/115 262/1028/523 485/707/116
f 485/707/116 262/1028/523 766/539/522
f 683/1013/503 767/540/524 159/314/508
f 159/314/508 767/540/524 267/1036/525
f 263/1029/526 767/540/524 158/312/505
f 158/312/505 767/540/524 683/1013/503
f 163/322/527 264/1031/528 263/1029/526
f 263/1029/526 264/1031/528 767/540/524
f 170/335/529 265/1033/530 264/1031/528
f 264/1031/528 265/1033/530 767/540/524
f 266/1035/531 767/540/524 169/333/532
f 169/333/532 767/540/524 265/1033/530
f 637/943/417 767/540/524 134/269/419
f 134/269/419 767/540/524 266/1035/531
f 133/267/418 267/1036/525 637/943/417
f 637/943/417 267/1036/525 767/540/524
f 478/697/101 768/541/533 37/74/102
f 37/74/102 768/541/533 628/929/402
f 30/60/78 262/1028/523 478/697/101
f 478/697/101 262/1028/523 768/541/533
f 484/705/113 768/541/533 108/218/115
f 108/218/115 768/541/533 262/1028/523
f 41/82/114 664/987/466 484/705/113
f 484/705/113 664/987/466 768/541/533
f 628/929/402 768/541/533 129/259/404
f 129/259/404 768/541/533 664/987/466
f 256/1018/511 769/542/534 165/325/514
f 165/325/514 769/542/534 272/1045/535
f 268/1038/536 769/542/534 166/327/512
f 166/327/512 769/542/534 256/1018/511
f 167/329/537 269/1040/538 268/1038/536
f 268/1038/536 269/1040/538 769/542/534
f 270/1042/539 769/542/534 173/341/540
f 173/341/540 769/542/534 269/1040/538
f 271/1043/541 769/542/534 172/339/542
f 172/339/542 769/542/534 270/1042/539
f 175/345/543 272/1045/535 271/1043/541
f 271/1043/541 272/1045/535 769/542/534
f 87/175/500 273/1047/544 681/1011/499
f 681/1011/499 273/1047/544 770/543/545
f 14/27/411 639/946/413 273/1047/544
f 273/1047/544 639/946/413 770/543/545
f 274/1049/546 770/543/545 135/270/421
f 135/270/421 770/543/545 639/946/413
f 102/206/330 596/879/331 274/1049/546
f 274/1049/546 596/879/331 770/543/545
f 681/1011/499 770/543/545 157/311/337
f 157/311/337 770/543/545 596/879/331
f 448/656/34 771/544/547 15/30/33
f 15/30/33 771/544/547 277/1054/548
f 26/52/39 275/1051/549 448/656/34
f 448/656/34 275/1051/549 771/544/547
f 276/1052/550 771/544/547 168/331/551
f 168/331/551 771/544/547 275/1051/549
f 169/334/532 265/1034/530 276/1052/550
f 276/1052/550 265/1034/530 771/544/547
f 277/1054/548 771/544/547 170/336/529
f 170/336/529 771/544/547 265/1034/530
f 3/6/1 434/638/3 621/917/387
f 621/917/387 434/638/3 772/545/552
f 634/938/408 772/545/552 5/10/9
f 5/10/9 772/545/552 434/638/3
f 120/242/383 618/913/382 634/938/408
f 634/938/408 618/913/382 772/545/552
f 107/216/349 601/886/347 618/913/382
f 618/913/382 601/886/347 772/545/552
f 106/214/348 656/974/452 601/886/347
f 601/886/347 656/974/452 772/545/552
f 621/917/387 772/545/552 122/245/389
f 122/245/389 772/545/552 656/974/452
f 642/951/426 773/546/553 126/253/395
f 126/253/395 773/546/553 625/924/394
f 111/224/357 605/892/356 642/951/426
f 642/951/426 605/892/356 773/546/553
f 581/853/309 773/546/553 110/221/312
f 110/221/312 773/546/553 605/892/356
f 662/984/464 773/546/553 148/292/310
f 148/292/310 773/546/553 581/853/309
f 143/285/442 649/963/441 662/984/464
f 662/984/464 649/963/441 773/546/553
f 625/924/394 773/546/553 127/255/397
f 127/255/397 773/546/553 649/963/441
f 270/1042/539 774/547/554 172/339/542
f 172/339/542 774/547/554 282/1062/555
f 278/1055/556 774/547/554 173/341/540
f 173/341/540 774/547/554 270/1042/539
f 174/343/557 279/1057/558 278/1055/556
f 278/1055/556 279/1057/558 774/547/554
f 280/1059/559 774/547/554 177/349/560
f 177/349/560 774/547/554 279/1057/558
f 281/1060/561 774/547/554 176/347/562
f 176/347/562 774/547/554 280/1059/559
f 179/353/563 282/1062/555 281/1060/561
f 281/1060/561 282/1062/555 774/547/554
f 25/50/63 461/673/64 283/1064/564
f 283/1064/564 461/673/64 775/548/565
f 461/673/64 15/30/33 775/548/565
f 775/548/565 15/30/33 277/1054/548
f 277/1054/548 170/336/529 775/548/565
f 775/548/565 170/336/529 264/1032/528
f 283/1064/564 775/548/565 163/323/527
f 163/323/527 775/548/565 264/1032/528
f 280/1059/559 776/549/566 176/347/562
f 176/347/562 776/549/566 288/1072/567
f 284/1065/568 776/549/566 177/349/560
f 177/349/560 776/549/566 280/1059/559
f 178/351/569 285/1067/570 284/1065/568
f 284/1065/568 285/1067/570 776/549/566
f 286/1069/571 776/549/566 181/357/572
f 181/357/572 776/549/566 285/1067/570
f 287/1070/573 776/549/566 180/355/574
f 180/355/574 776/549/566 286/1069/571
f 186/367/575 288/1072/567 287/1070/573
f 287/1070/573 288/1072/567 776/549/566
f 526/771/198 777/550/576 65/130/199
f 65/130/199 777/550/576 655/972/451
f 58/116/169 511/749/168 526/771/198
f 526/771/198 511/749/168 777/550/576
f 640/947/423 777/550/576 57/114/167
f 57/114/167 777/550/576 511/749/168
f 616/909/377 777/550/576 119/240/378
f 119/240/378 777/550/576 640/947/423
f 63/126/190 524/767/191 616/909/377
f 616/909/377 524/767/191 777/550/576
f 64/128/193 623/921/391 524/767/191
f 524/767/191 623/921/391 777/550/576
f 655/972/451 777/550/576 123/248/390
f 123/248/390 777/550/576 623/921/391
f 441/647/18 778/551/577 8/16/16
f 8/16/16 778/551/577 648/961/440
f 11/22/24 630/932/401 441/647/18
f 441/647/18 630/932/401 778/551/577
f 609/898/362 778/551/577 131/264/364
f 131/264/364 778/551/577 630/932/401
f 113/228/363 627/928/399 609/898/362
f 609/898/362 627/928/399 778/551/577
f 128/258/398 648/961/440 627/928/399
f 627/928/399 648/961/440 778/551/577
f 286/1069/571 779/552/578 180/355/574
f 180/355/574 779/552/578 293/1081/579
f 289/1074/580 779/552/578 181/357/572
f 181/357/572 779/552/578 286/1069/571
f 182/359/581 290/1076/582 289/1074/580
f 289/1074/580 290/1076/582 779/552/578
f 291/1078/583 779/552/578 188/371/584
f 188/371/584 779/552/578 290/1076/582
f 292/1079/585 779/552/578 187/369/586
f 187/369/586 779/552/578 291/1078/583
f 190/375/587 293/1081/579 292/1079/585
f 292/1079/585 293/1081/579 779/552/578
f 124/249/588 294/1083/589 297/1088/590
f 297/1088/590 294/1083/589 780/553/591
f 118/237/592 295/1085/593 294/1083/589
f 294/1083/589 295/1085/593 780/553/591
f 296/1087/594 780/553/591 117/235/595
f 117/235/595 780/553/591 295/1085/593
f 675/1002/487 780/553/591 154/305/489
f 154/305/489 780/553/591 296/1087/594
f 153/303/488 261/1027/521 675/1002/487
f 675/1002/487 261/1027/521 780/553/591
f 297/1088/590 780/553/591 162/321/520
f 162/321/520 780/553/591 261/1027/521
f 70/141/596 298/1089/597 301/1095/598
f 301/1095/598 298/1089/597 781/554/599
f 298/1089/597 76/153/600 781/554/599
f 781/554/599 76/153/600 299/1091/601
f 299/1091/601 183/361/602 781/554/599
f 781/554/599 183/361/602 300/1093/603
f 301/1095/598 781/554/599 184/363/604
f 184/363/604 781/554/599 300/1093/603
f 302/1096/605 782/555/606 13/25/415
f 13/25/415 782/555/606 636/941/416
f 24/47/607 303/1098/608 302/1096/605
f 302/1096/605 303/1098/608 782/555/606
f 684/1015/507 782/555/606 160/317/509
f 160/317/509 782/555/606 303/1098/608
f 159/315/508 267/1037/525 684/1015/507
f 684/1015/507 267/1037/525 782/555/606
f 636/941/416 782/555/606 133/266/418
f 133/266/418 782/555/606 267/1037/525
f 291/1078/583 783/556/609 187/369/586
f 187/369/586 783/556/609 307/1105/610
f 304/1099/611 783/556/609 188/371/584
f 188/371/584 783/556/609 291/1078/583
f 189/373/612 305/1101/613 304/1099/611
f 304/1099/611 305/1101/613 783/556/609
f 645/956/433 783/556/609 192/381/436
f 192/381/436 783/556/609 305/1101/613
f 306/1103/614 783/556/609 191/379/434
f 191/379/434 783/556/609 645/956/433
f 196/387/615 307/1105/610 306/1103/614
f 306/1103/614 307/1105/610 783/556/609
f 62/124/187 534/783/212 573/841/293
f 573/841/293 534/783/212 784/557/616
f 69/140/213 597/880/338 534/783/212
f 534/783/212 597/880/338 784/557/616
f 308/1107/617 784/557/616 104/209/340
f 104/209/340 784/557/616 597/880/338
f 75/152/228 540/792/227 308/1107/617
f 308/1107/617 540/792/227 784/557/616
f 74/150/226 309/1109/618 540/792/227
f 540/792/227 309/1109/618 784/557/616
f 93/187/294 573/841/293 309/1109/618
f 309/1109/618 573/841/293 784/557/616
f 310/1111/619 785/558/620 132/265/621
f 132/265/621 785/558/620 313/1115/622
f 785/558/620 310/1111/619 311/1112/623
f 125/252/624 311/1112/623 310/1111/619
f 297/1088/590 785/558/620 124/249/588
f 124/249/588 785/558/620 311/1112/623
f 260/1025/518 785/558/620 162/321/520
f 162/321/520 785/558/620 297/1088/590
f 785/558/620 260/1025/518 312/1114/625
f 161/318/519 312/1114/625 260/1025/518
f 312/1114/625 164/324/626 785/558/620
f 164/324/626 313/1115/622 785/558/620
f 314/1116/627 786/559/628 24/47/607
f 24/47/607 786/559/628 303/1098/608
f 34/67/629 315/1118/630 314/1116/627
f 314/1116/627 315/1118/630 786/559/628
f 268/1039/536 786/559/628 167/330/537
f 167/330/537 786/559/628 315/1118/630
f 166/328/512 255/1017/510 268/1039/536
f 268/1039/536 255/1017/510 786/559/628
f 303/1098/608 786/559/628 160/317/509
f 160/317/509 786/559/628 255/1017/510
f 274/1050/546 787/560/631 102/205/330
f 102/205/330 787/560/631 592/871/328
f 135/271/421 638/945/420 274/1050/546
f 274/1050/546 638/945/420 787/560/631
f 266/1035/531 787/560/631 134/269/419
f 134/269/419 787/560/631 638/945/420
f 276/1053/550 787/560/631 169/333/532
f 169/333/532 787/560/631 266/1035/531
f 168/332/551 316/1119/632 276/1053/550
f 276/1053/550 316/1119/632 787/560/631
f 592/871/328 787/560/631 103/207/333
f 103/207/333 787/560/631 316/1119/632
f 184/364/604 300/1094/603 321/1128/633
f 321/1128/633 300/1094/603 788/561/634
f 183/362/602 317/1121/635 300/1094/603
f 300/1094/603 317/1121/635 788/561/634
f 318/1123/636 788/561/634 197/389/637
f 197/389/637 788/561/634 317/1121/635
f 198/390/638 319/1124/639 318/1123/636
f 318/1123/636 319/1124/639 788/561/634
f 209/410/640 320/1126/641 319/1124/639
f 319/1124/639 320/1126/641 788/561/634
f 643/952/427 788/561/634 142/282/432
f 142/282/432 788/561/634 320/1126/641
f 321/1128/633 788/561/634 141/280/429
f 141/280/429 788/561/634 643/952/427
f 564/829/275 789/562/642 88/178/276
f 88/178/276 789/562/642 322/1130/643
f 81/164/248 663/985/463 564/829/275
f 564/829/275 663/985/463 789/562/642
f 579/850/305 789/562/642 149/295/307
f 149/295/307 789/562/642 663/985/463
f 97/196/306 594/875/335 579/850/305
f 579/850/305 594/875/335 789/562/642
f 322/1130/643 789/562/642 185/366/334
f 185/366/334 789/562/642 594/875/335
f 323/1131/644 790/563/645 199/392/646
f 199/392/646 790/563/645 327/1136/647
f 324/1132/648 790/563/645 195/386/649
f 195/386/649 790/563/645 323/1131/644
f 325/1133/650 790/563/645 194/385/651
f 194/385/651 790/563/645 324/1132/648
f 326/1134/652 790/563/645 200/393/653
f 200/393/653 790/563/645 325/1133/650
f 201/395/654 327/1136/647 326/1134/652
f 326/1134/652 327/1136/647 790/563/645
f 34/67/629 328/1137/655 315/1118/630
f 315/1118/630 328/1137/655 791/564/656
f 329/1139/657 791/564/656 38/75/658
f 38/75/658 791/564/656 328/1137/655
f 278/1056/556 791/564/656 174/344/557
f 174/344/557 791/564/656 329/1139/657
f 173/342/540 269/1041/538 278/1056/556
f 278/1056/556 269/1041/538 791/564/656
f 315/1118/630 791/564/656 167/330/537
f 167/330/537 791/564/656 269/1041/538
f 652/968/447 792/565/659 73/147/224
f 73/147/224 792/565/659 539/790/225
f 31/62/81 471/687/82 652/968/447
f 652/968/447 471/687/82 792/565/659
f 33/66/87 620/916/380 471/687/82
f 471/687/82 620/916/380 792/565/659
f 633/937/410 792/565/659 121/243/385
f 121/243/385 792/565/659 620/916/380
f 92/186/291 574/843/292 633/937/410
f 633/937/410 574/843/292 792/565/659
f 93/188/294 309/1110/618 574/843/292
f 574/843/292 309/1110/618 792/565/659
f 539/790/225 792/565/659 74/149/226
f 74/149/226 792/565/659 309/1110/618
f 585/860/316 793/566/660 26/52/39
f 26/52/39 793/566/660 275/1051/549
f 88/178/276 322/1130/643 585/860/316
f 585/860/316 322/1130/643 793/566/660
f 593/873/332 793/566/660 185/366/334
f 185/366/334 793/566/660 322/1130/643
f 103/208/333 316/1120/632 593/873/332
f 593/873/332 316/1120/632 793/566/660
f 275/1051/549 793/566/660 168/331/551
f 168/331/551 793/566/660 316/1120/632
f 38/75/658 330/1140/661 329/1139/657
f 329/1139/657 330/1140/661 794/567/662
f 331/1142/663 794/567/662 42/83/664
f 42/83/664 794/567/662 330/1140/661
f 284/1066/568 794/567/662 178/352/569
f 178/352/569 794/567/662 331/1142/663
f 177/350/560 279/1058/558 284/1066/568
f 284/1066/568 279/1058/558 794/567/662
f 329/1139/657 794/567/662 174/344/557
f 174/344/557 794/567/662 279/1058/558
f 202/397/665 332/1143/666 336/1150/667
f 336/1150/667 332/1143/666 795/568/668
f 203/399/669 333/1145/670 332/1143/666
f 332/1143/666 333/1145/670 795/568/668
f 334/1146/671 795/568/668 204/402/672
f 204/402/672 795/568/668 333/1145/670
f 205/403/673 335/1148/674 334/1146/671
f 334/1146/671 335/1148/674 795/568/668
f 336/1150/667 795/568/668 206/405/675
f 206/405/675 795/568/668 335/1148/674
f 42/83/664 337/1151/676 331/1142/663
f 331/1142/663 337/1151/676 796/569/677
f 338/1153/678 796/569/677 55/109/679
f 55/109/679 796/569/677 337/1151/676
f 289/1075/580 796/569/677 182/360/581
f 182/360/581 796/569/677 338/1153/678
f 181/358/572 285/1068/570 289/1075/580
f 289/1075/580 285/1068/570 796/569/677
f 331/1142/663 796/569/677 178/352/569
f 178/352/569 796/569/677 285/1068/570
f 669/994/477 797/570/680 151/299/478
f 151/299/478 797/570/680 341/1157/681
f 150/297/472 339/1154/682 669/994/477
f 669/994/477 339/1154/682 797/570/680
f 340/1155/683 797/570/680 207/407/684
f 207/407/684 797/570/680 339/1154/682
f 206/406/675 335/1149/674 340/1155/683
f 340/1155/683 335/1149/674 797/570/680
f 341/1157/681 797/570/680 205/404/673
f 205/404/673 797/570/680 335/1149/674
f 672/998/483 798/571/685 152/301/484
f 152/301/484 798/571/685 343/1159/686
f 151/299/478 341/1157/681 672/998/483
f 672/998/483 341/1157/681 798/571/685
f 334/1147/671 798/571/685 205/404/673
f 205/404/673 798/571/685 341/1157/681
f 204/401/672 342/1158/687 334/1147/671
f 334/1147/671 342/1158/687 798/571/685
f 342/1158/687 208/409/688 798/571/685
f 208/409/688 343/1159/686 798/571/685
f 55/109/679 344/1160/689 338/1153/678
f 338/1153/678 344/1160/689 799/572/690
f 345/1162/691 799/572/690 60/119/692
f 60/119/692 799/572/690 344/1160/689
f 304/1100/611 799/572/690 189/374/612
f 189/374/612 799/572/690 345/1162/691
f 188/372/584 290/1077/582 304/1100/611
f 304/1100/611 290/1077/582 799/572/690
f 338/1153/678 799/572/690 182/360/581
f 182/360/581 799/572/690 290/1077/582
f 60/119/692 346/1163/693 345/1162/691
f 345/1162/691 346/1163/693 800/573/694
f 347/1165/695 800/573/694 67/133/696
f 67/133/696 800/573/694 346/1163/693
f 193/384/437 646/958/435 347/1165/695
f 347/1165/695 646/958/435 800/573/694
f 192/382/436 305/1102/613 646/958/435
f 646/958/435 305/1102/613 800/573/694
f 345/1162/691 800/573/694 189/374/612
f 189/374/612 800/573/694 305/1102/613
f 35/70/90 474/691/91 348/1166/697
f 348/1166/697 474/691/91 801/574/698
f 283/1064/564 801/574/698 25/50/63
f 25/50/63 801/574/698 474/691/91
f 263/1030/526 801/574/698 163/323/527
f 163/323/527 801/574/698 283/1064/564
f 158/313/505 258/1022/506 263/1030/526
f 263/1030/526 258/1022/506 801/574/698
f 348/1166/697 801/574/698 171/338/515
f 171/338/515 801/574/698 258/1022/506
f 67/133/696 349/1167/699 347/1165/695
f 347/1165/695 349/1167/699 802/575/700
f 301/1095/598 802/575/700 70/141/596
f 70/141/596 802/575/700 349/1167/699
f 321/1129/633 802/575/700 184/363/604
f 184/363/604 802/575/700 301/1095/598
f 141/281/429 647/960/430 321/1129/633
f 321/1129/633 647/960/430 802/575/700
f 347/1165/695 802/575/700 193/384/437
f 193/384/437 802/575/700 647/960/430
f 39/78/105 482/702/106 350/1169/701
f 350/1169/701 482/702/106 803/576/702
f 348/1166/697 803/576/702 35/70/90
f 35/70/90 803/576/702 482/702/106
f 257/1020/513 803/576/702 171/338/515
f 171/338/515 803/576/702 348/1166/697
f 165/326/514 272/1046/535 257/1020/513
f 257/1020/513 272/1046/535 803/576/702
f 350/1169/701 803/576/702 175/346/543
f 175/346/543 803/576/702 272/1046/535
f 43/86/125 492/717/126 351/1170/703
f 351/1170/703 492/717/126 804/577/704
f 350/1169/701 804/577/704 39/78/105
f 39/78/105 804/577/704 492/717/126
f 271/1044/541 804/577/704 175/346/543
f 175/346/543 804/577/704 350/1169/701
f 172/340/542 282/1063/555 271/1044/541
f 271/1044/541 282/1063/555 804/577/704
f 351/1170/703 804/577/704 179/354/563
f 179/354/563 804/577/704 282/1063/555
f 352/1171/705 805/578/706 139/276/707
f 139/276/707 805/578/706 356/1177/708
f 145/287/709 353/1173/710 352/1171/705
f 352/1171/705 353/1173/710 805/578/706
f 354/1174/711 805/578/706 144/286/712
f 144/286/712 805/578/706 353/1173/710
f 332/1144/666 805/578/706 203/400/669
f 203/400/669 805/578/706 354/1174/711
f 202/398/665 355/1175/713 332/1144/666
f 332/1144/666 355/1175/713 805/578/706
f 140/278/714 356/1177/708 355/1175/713
f 355/1175/713 356/1177/708 805/578/706
f 56/112/158 508/743/159 357/1179/715
f 357/1179/715 508/743/159 806/579/716
f 351/1170/703 806/579/716 43/86/125
f 43/86/125 806/579/716 508/743/159
f 281/1061/561 806/579/716 179/354/563
f 179/354/563 806/579/716 351/1170/703
f 176/348/562 288/1073/567 281/1061/561
f 281/1061/561 288/1073/567 806/579/716
f 357/1179/715 806/579/716 186/368/575
f 186/368/575 806/579/716 288/1073/567
f 61/122/178 518/759/179 358/1180/717
f 358/1180/717 518/759/179 807/580/718
f 357/1179/715 807/580/718 56/112/158
f 56/112/158 807/580/718 518/759/179
f 287/1071/573 807/580/718 186/368/575
f 186/368/575 807/580/718 357/1179/715
f 180/356/574 293/1082/579 287/1071/573
f 287/1071/573 293/1082/579 807/580/718
f 358/1180/717 807/580/718 190/376/587
f 190/376/587 807/580/718 293/1082/579
f 117/235/595 359/1181/719 296/1087/594
f 296/1087/594 359/1181/719 808/581/720
f 47/93/721 360/1183/722 359/1181/719
f 359/1181/719 360/1183/722 808/581/720
f 50/100/449 653/970/448 360/1183/722
f 360/1183/722 653/970/448 808/581/720
f 541/793/223 808/581/720 72/145/222
f 72/145/222 808/581/720 653/970/448
f 308/1108/617 808/581/720 75/151/228
f 75/151/228 808/581/720 541/793/223
f 104/210/340 599/883/341 308/1108/617
f 308/1108/617 599/883/341 808/581/720
f 105/212/343 676/1004/490 599/883/341
f 599/883/341 676/1004/490 808/581/720
f 296/1087/594 808/581/720 154/305/489
f 154/305/489 808/581/720 676/1004/490
f 68/137/204 531/779/205 361/1185/723
f 361/1185/723 531/779/205 809/582/724
f 358/1180/717 809/582/724 61/122/178
f 61/122/178 809/582/724 531/779/205
f 292/1080/585 809/582/724 190/376/587
f 190/376/587 809/582/724 358/1180/717
f 187/370/586 307/1106/610 292/1080/585
f 292/1080/585 307/1106/610 809/582/724
f 361/1185/723 809/582/724 196/388/615
f 196/388/615 809/582/724 307/1106/610
f 197/389/637 362/1186/725 318/1123/636
f 318/1123/636 362/1186/725 810/583/726
f 199/392/646 327/1136/647 362/1186/725
f 362/1186/725 327/1136/647 810/583/726
f 363/1187/727 810/583/726 201/395/654
f 201/395/654 810/583/726 327/1136/647
f 155/307/493 679/1008/494 363/1187/727
f 363/1187/727 679/1008/494 810/583/726
f 156/309/496 364/1189/728 679/1008/494
f 679/1008/494 364/1189/728 810/583/726
f 318/1123/636 810/583/726 198/390/638
f 198/390/638 810/583/726 364/1189/728
f 544/797/231 811/584/729 77/156/229
f 77/156/229 811/584/729 678/1006/495
f 71/144/214 365/1191/730 544/797/231
f 544/797/231 365/1191/730 811/584/729
f 319/1125/639 811/584/729 209/411/640
f 209/411/640 811/584/729 365/1191/730
f 198/391/638 364/1190/728 319/1125/639
f 319/1125/639 364/1190/728 811/584/729
f 156/308/496 678/1006/495 364/1190/728
f 364/1190/728 678/1006/495 811/584/729
f 666/990/471 812/585/731 150/297/472
f 150/297/472 812/585/731 339/1154/682
f 147/291/458 677/1005/491 666/990/471
f 666/990/471 677/1005/491 812/585/731
f 155/306/493 363/1188/727 677/1005/491
f 677/1005/491 363/1188/727 812/585/731
f 201/396/654 326/1135/652 363/1188/727
f 363/1188/727 326/1135/652 812/585/731
f 200/394/653 366/1192/732 326/1135/652
f 326/1135/652 366/1192/732 812/585/731
f 339/1154/682 812/585/731 207/407/684
f 207/407/684 812/585/731 366/1192/732
f 367/1194/733 813/586/734 194/385/651
f 194/385/651 813/586/734 325/1133/650
f 368/1195/735 813/586/734 137/274/736
f 137/274/736 813/586/734 367/1194/733
f 140/279/714 355/1176/713 368/1195/735
f 368/1195/735 355/1176/713 813/586/734
f 336/1150/667 813/586/734 202/397/665
f 202/397/665 813/586/734 355/1176/713
f 340/1156/683 813/586/734 206/405/675
f 206/405/675 813/586/734 336/1150/667
f 207/408/684 366/1193/732 340/1156/683
f 340/1156/683 366/1193/732 813/586/734
f 325/1133/650 813/586/734 200/393/653
f 200/393/653 813/586/734 366/1193/732
f 537/787/216 814/587/737 71/144/214
f 71/144/214 814/587/737 365/1191/730
f 68/137/204 361/1185/723 537/787/216
f 537/787/216 361/1185/723 814/587/737
f 306/1104/614 814/587/737 196/388/615
f 196/388/615 814/587/737 361/1185/723
f 191/378/434 644/954/431 306/1104/614
f 306/1104/614 644/954/431 814/587/737
f 142/283/432 320/1127/641 644/954/431
f 644/954/431 320/1127/641 814/587/737
f 365/1191/730 814/587/737 209/411/640
f 209/411/640 814/587/737 320/1127/641
f 369/1196/738 815/588/739 48/95/740
f 48/95/740 815/588/739 372/1200/741
f 49/97/443 370/1198/742 369/1196/738
f 369/1196/738 370/1198/742 815/588/739
f 370/1198/742 212/414/743 815/588/739
f 815/588/739 212/414/743 371/1199/744
f 815/588/739 371/1199/744 372/1200/741
f 372/1200/741 371/1199/744 211/413/745
f 654/971/445 816/589/746 49/97/443
f 49/97/443 816/589/746 370/1198/742
f 654/971/445 50/99/449 816/589/746
f 816/589/746 50/99/449 373/1201/747
f 816/589/746 373/1201/747 374/1202/748
f 374/1202/748 373/1201/747 213/415/749
f 816/589/746 374/1202/748 370/1198/742
f 370/1198/742 374/1202/748 212/414/743
f 360/1184/722 817/590/750 50/99/449
f 50/99/449 817/590/750 373/1201/747
f 360/1184/722 47/94/721 817/590/750
f 817/590/750 47/94/721 375/1203/751
f 817/590/750 375/1203/751 376/1204/752
f 376/1204/752 375/1203/751 210/412/753
f 373/1201/747 817/590/750 213/415/749
f 213/415/749 817/590/750 376/1204/752
f 377/1205/754 818/591/755 89/179/756
f 89/179/756 818/591/755 379/1208/757
f 48/95/740 372/1200/741 377/1205/754
f 377/1205/754 372/1200/741 818/591/755
f 372/1200/741 211/413/745 818/591/755
f 818/591/755 211/413/745 378/1207/758
f 379/1208/757 818/591/755 214/416/759
f 214/416/759 818/591/755 378/1207/758
f 359/1182/719 819/592/760 47/94/721
f 47/94/721 819/592/760 375/1203/751
f 359/1182/719 117/236/595 819/592/760
f 819/592/760 117/236/595 380/1209/761
f 819/592/760 380/1209/761 381/1210/762
f 381/1210/762 380/1209/761 215/417/763
f 375/1203/751 819/592/760 210/412/753
f 210/412/753 819/592/760 381/1210/762
f 117/236/595 295/1086/593 380/1209/761
f 380/1209/761 295/1086/593 820/593/764
f 295/1086/593 118/238/592 820/593/764
f 820/593/764 118/238/592 382/1211/765
f 382/1211/765 216/418/766 820/593/764
f 820/593/764 216/418/766 383/1212/767
f 380/1209/761 820/593/764 215/417/763
f 215/417/763 820/593/764 383/1212/767
f 100/202/768 384/1213/769 386/1216/770
f 386/1216/770 384/1213/769 821/594/771
f 89/179/756 379/1208/757 384/1213/769
f 384/1213/769 379/1208/757 821/594/771
f 821/594/771 379/1208/757 385/1215/772
f 385/1215/772 379/1208/757 214/416/759
f 386/1216/770 821/594/771 217/419/773
f 217/419/773 821/594/771 385/1215/772
f 294/1084/589 822/595/774 118/238/592
f 118/238/592 822/595/774 382/1211/765
f 294/1084/589 124/250/588 822/595/774
f 822/595/774 124/250/588 387/1217/775
f 387/1217/775 218/420/776 822/595/774
f 822/595/774 218/420/776 388/1218/777
f 822/595/774 388/1218/777 382/1211/765
f 382/1211/765 388/1218/777 216/418/766
f 124/250/588 311/1113/623 387/1217/775
f 387/1217/775 311/1113/623 823/596/778
f 125/251/624 389/1219/779 311/1113/623
f 311/1113/623 389/1219/779 823/596/778
f 389/1219/779 219/421/780 823/596/778
f 823/596/778 219/421/780 390/1220/781
f 823/596/778 390/1220/781 387/1217/775
f 387/1217/775 390/1220/781 218/420/776
f 824/597/782 389/1219/779 391/1221/783
f 125/251/624 391/1221/783 389/1219/779
f 824/597/782 391/1221/783 386/1216/770
f 391/1221/783 100/202/768 386/1216/770
f 386/1216/770 217/419/773 824/597/782
f 824/597/782 217/419/773 392/1222/784
f 824/597/782 392/1222/784 389/1219/779
f 389/1219/779 392/1222/784 219/421/780
f 139/276/707 356/1178/708 395/1225/785
f 395/1225/785 356/1178/708 825/598/786
f 140/279/714 368/1195/735 356/1178/708
f 356/1178/708 368/1195/735 825/598/786
f 368/1195/735 137/274/736 825/598/786
f 137/274/736 367/1194/733 825/598/786
f 194/385/651 324/1132/648 367/1194/733
f 367/1194/733 324/1132/648 825/598/786
f 324/1132/648 195/386/649 825/598/786
f 195/386/649 323/1131/644 825/598/786
f 199/392/646 362/1186/725 323/1131/644
f 323/1131/644 362/1186/725 825/598/786
f 197/389/637 317/1122/635 362/1186/725
f 362/1186/725 317/1122/635 825/598/786
f 183/361/602 299/1092/601 317/1122/635
f 317/1122/635 299/1092/601 825/598/786
f 76/154/600 393/1223/787 299/1092/601
f 299/1092/601 393/1223/787 825/598/786
f 146/289/788 394/1224/789 393/1223/787
f 393/1223/787 394/1224/789 825/598/786
f 138/275/790 395/1225/785 394/1224/789
f 394/1224/789 395/1225/785 825/598/786
f 212/414/743 374/1202/748 371/1199/744
f 371/1199/744 374/1202/748 826/599/791
f 213/415/749 376/1204/752 374/1202/748
f 374/1202/748 376/1204/752 826/599/791
f 210/412/753 381/1210/762 376/1204/752
f 376/1204/752 381/1210/762 826/599/791
f 383/1212/767 826/599/791 215/417/763
f 215/417/763 826/599/791 381/1210/762
f 388/1218/777 826/599/791 216/418/766
f 216/418/766 826/599/791 383/1212/767
f 218/420/776 390/1220/781 388/1218/777
f 388/1218/777 390/1220/781 826/599/791
f 219/421/780 392/1222/784 390/1220/781
f 390/1220/781 392/1222/784 826/599/791
f 217/419/773 385/1215/772 392/1222/784
f 392/1222/784 385/1215/772 826/599/791
f 378/1207/758 826/599/791 214/416/759
f 214/416/759 826/599/791 385/1215/772
f 371/1199/744 826/599/791 211/413/745
f 211/413/745 826/599/791 378/1207/758
f 145/288/709 352/1172/705 397/1228/792
f 397/1228/792 352/1172/705 827/600/793
f 352/1172/705 139/277/707 827/600/793
f 827/600/793 139/277/707 396/1227/794
f 827/600/793 396/1227/794 671/996/479
f 671/996/479 396/1227/794 221/423/475
f 397/1228/792 827/600/793 220/422/481
f 220/422/481 827/600/793 671/996/479
f 395/1226/785 828/601/795 139/277/707
f 139/277/707 828/601/795 396/1227/794
f 395/1226/785 138/275/790 828/601/795
f 828/601/795 138/275/790 398/1229/796
f 828/601/795 398/1229/796 668/992/473
f 668/992/473 398/1229/796 222/424/469
f 396/1227/794 828/601/795 221/423/475
f 221/423/475 828/601/795 668/992/473
f 394/1224/789 829/602/797 138/275/790
f 138/275/790 829/602/797 398/1229/796
f 394/1224/789 146/289/788 829/602/797
f 829/602/797 146/289/788 399/1230/798
f 829/602/797 399/1230/798 665/988/467
f 665/988/467 399/1230/798 223/425/455
f 398/1229/796 829/602/797 222/424/469
f 222/424/469 829/602/797 665/988/467
f 393/1223/787 830/603/799 146/289/788
f 146/289/788 830/603/799 399/1230/798
f 393/1223/787 76/154/600 830/603/799
f 830/603/799 76/154/600 400/1231/800
f 830/603/799 400/1231/800 657/975/453
f 657/975/453 400/1231/800 224/426/233
f 399/1230/798 830/603/799 223/425/455
f 223/425/455 830/603/799 657/975/453
f 225/427/218 543/795/234 401/1232/801
f 401/1232/801 543/795/234 831/604/802
f 543/795/234 224/426/233 831/604/802
f 831/604/802 224/426/233 400/1231/800
f 831/604/802 400/1231/800 298/1090/597
f 298/1090/597 400/1231/800 76/154/600
f 401/1232/801 831/604/802 70/142/596
f 70/142/596 831/604/802 298/1090/597
f 226/429/206 536/785/219 402/1233/803
f 402/1233/803 536/785/219 832/605/804
f 536/785/219 225/427/218 832/605/804
f 832/605/804 225/427/218 401/1232/801
f 832/605/804 401/1232/801 349/1168/699
f 349/1168/699 401/1232/801 70/142/596
f 402/1233/803 832/605/804 67/135/696
f 67/135/696 832/605/804 349/1168/699
f 530/777/207 833/606/805 227/430/180
f 227/430/180 833/606/805 403/1235/806
f 530/777/207 226/428/206 833/606/805
f 833/606/805 226/428/206 402/1234/803
f 833/606/805 402/1234/803 346/1164/693
f 346/1164/693 402/1234/803 67/134/696
f 403/1235/806 833/606/805 60/120/692
f 60/120/692 833/606/805 346/1164/693
f 517/757/181 834/607/807 228/431/160
f 228/431/160 834/607/807 404/1236/808
f 227/430/180 403/1235/806 517/757/181
f 517/757/181 403/1235/806 834/607/807
f 834/607/807 403/1235/806 344/1161/689
f 344/1161/689 403/1235/806 60/120/692
f 404/1236/808 834/607/807 55/110/679
f 55/110/679 834/607/807 344/1161/689
f 507/741/161 835/608/809 229/432/127
f 229/432/127 835/608/809 405/1237/810
f 228/431/160 404/1236/808 507/741/161
f 507/741/161 404/1236/808 835/608/809
f 404/1236/808 55/110/679 835/608/809
f 835/608/809 55/110/679 337/1152/676
f 835/608/809 337/1152/676 405/1237/810
f 405/1237/810 337/1152/676 42/84/664
f 491/715/128 836/609/811 230/433/107
f 230/433/107 836/609/811 406/1238/812
f 229/432/127 405/1237/810 491/715/128
f 491/715/128 405/1237/810 836/609/811
f 405/1237/810 42/84/664 836/609/811
f 836/609/811 42/84/664 330/1141/661
f 836/609/811 330/1141/661 406/1238/812
f 406/1238/812 330/1141/661 38/76/658
f 481/700/108 837/610/813 231/434/92
f 231/434/92 837/610/813 407/1239/814
f 230/433/107 406/1238/812 481/700/108
f 481/700/108 406/1238/812 837/610/813
f 406/1238/812 38/76/658 837/610/813
f 837/610/813 38/76/658 328/1138/655
f 837/610/813 328/1138/655 407/1239/814
f 407/1239/814 328/1138/655 34/68/629
f 473/689/93 838/611/815 232/435/65
f 232/435/65 838/611/815 408/1240/816
f 231/434/92 407/1239/814 473/689/93
f 473/689/93 407/1239/814 838/611/815
f 407/1239/814 34/68/629 838/611/815
f 838/611/815 34/68/629 314/1117/627
f 838/611/815 314/1117/627 408/1240/816
f 408/1240/816 314/1117/627 24/48/607
f 460/671/66 839/612/817 233/436/35
f 233/436/35 839/612/817 409/1241/818
f 232/435/65 408/1240/816 460/671/66
f 460/671/66 408/1240/816 839/612/817
f 408/1240/816 24/48/607 839/612/817
f 839/612/817 24/48/607 302/1097/605
f 839/612/817 302/1097/605 409/1241/818
f 409/1241/818 302/1097/605 13/26/415
f 446/653/36 840/613/819 234/437/37
f 234/437/37 840/613/819 410/1242/820
f 233/436/35 409/1241/818 446/653/36
f 446/653/36 409/1241/818 840/613/819
f 409/1241/818 13/26/415 840/613/819
f 840/613/819 13/26/415 635/940/412
f 840/613/819 635/940/412 410/1242/820
f 410/1242/820 635/940/412 14/28/411
f 273/1048/544 841/614/821 14/28/411
f 14/28/411 841/614/821 410/1242/820
f 87/176/500 411/1243/822 273/1048/544
f 273/1048/544 411/1243/822 841/614/821
f 411/1243/822 235/438/271 841/614/821
f 841/614/821 235/438/271 584/858/314
f 841/614/821 584/858/314 410/1242/820
f 410/1242/820 584/858/314 234/437/37
f 680/1010/497 842/615/823 87/176/500
f 87/176/500 842/615/823 411/1243/822
f 80/162/355 412/1244/824 680/1010/497
f 680/1010/497 412/1244/824 842/615/823
f 412/1244/824 236/439/243 842/615/823
f 842/615/823 236/439/243 563/827/272
f 842/615/823 563/827/272 411/1243/822
f 411/1243/822 563/827/272 235/438/271
f 603/889/351 843/616/825 80/162/355
f 80/162/355 843/616/825 412/1244/824
f 9/18/350 413/1245/826 603/889/351
f 603/889/351 413/1245/826 843/616/825
f 413/1245/826 237/440/29 843/616/825
f 843/616/825 237/440/29 549/805/244
f 843/616/825 549/805/244 412/1244/824
f 412/1244/824 549/805/244 236/439/243
f 238/441/20 443/649/30 414/1246/827
f 414/1246/827 443/649/30 844/617/828
f 237/440/29 413/1245/826 443/649/30
f 443/649/30 413/1245/826 844/617/828
f 413/1245/826 9/18/350 844/617/828
f 844/617/828 9/18/350 641/949/424
f 414/1246/827 844/617/828 6/12/285
f 6/12/285 844/617/828 641/949/424
f 239/442/23 439/644/21 415/1247/829
f 415/1247/829 439/644/21 845/618/830
f 439/644/21 238/441/20 845/618/830
f 845/618/830 238/441/20 414/1246/827
f 845/618/830 414/1246/827 569/836/283
f 569/836/283 414/1246/827 6/12/285
f 415/1247/829 845/618/830 7/14/260
f 7/14/260 845/618/830 569/836/283
f 7/14/260 555/814/256 415/1247/829
f 415/1247/829 555/814/256 846/619/831
f 555/814/256 36/72/255 846/619/831
f 846/619/831 36/72/255 416/1248/832
f 846/619/831 416/1248/832 488/711/120
f 488/711/120 416/1248/832 240/443/99
f 415/1247/829 846/619/831 239/442/23
f 239/442/23 846/619/831 488/711/120
f 36/72/255 660/980/459 416/1248/832
f 416/1248/832 660/980/459 847/620/833
f 660/980/459 29/58/172 847/620/833
f 847/620/833 29/58/172 417/1249/834
f 847/620/833 417/1249/834 477/695/97
f 477/695/97 417/1249/834 241/444/75
f 416/1248/832 847/620/833 240/443/99
f 240/443/99 847/620/833 477/695/97
f 29/58/172 513/752/170 417/1249/834
f 417/1249/834 513/752/170 848/621/835
f 513/752/170 22/44/151 848/621/835
f 848/621/835 22/44/151 418/1250/836
f 848/621/835 418/1250/836 465/678/73
f 465/678/73 418/1250/836 242/445/57
f 417/1249/834 848/621/835 241/444/75
f 241/444/75 848/621/835 465/678/73
f 22/44/151 502/734/148 418/1250/836
f 418/1250/836 502/734/148 849/622/837
f 502/734/148 16/32/134 849/622/837
f 849/622/837 16/32/134 419/1251/838
f 849/622/837 419/1251/838 456/666/55
f 456/666/55 419/1251/838 243/446/42
f 418/1250/836 849/622/837 242/445/57
f 242/445/57 849/622/837 456/666/55
f 16/32/134 493/719/130 419/1251/838
f 419/1251/838 493/719/130 850/623/839
f 493/719/130 17/34/129 850/623/839
f 850/623/839 17/34/129 420/1252/840
f 850/623/839 420/1252/840 449/657/40
f 449/657/40 420/1252/840 244/447/44
f 419/1251/838 850/623/839 243/446/42
f 243/446/42 850/623/839 449/657/40
f 17/34/129 498/727/141 420/1252/840
f 420/1252/840 498/727/141 851/624/841
f 498/727/141 20/40/140 851/624/841
f 851/624/841 20/40/140 421/1253/842
f 851/624/841 421/1253/842 453/662/49
f 453/662/49 421/1253/842 245/448/51
f 420/1252/840 851/624/841 244/447/44
f 244/447/44 851/624/841 453/662/49
f 20/40/140 509/745/163 421/1253/842
f 421/1253/842 509/745/163 852/625/843
f 509/745/163 27/54/162 852/625/843
f 852/625/843 27/54/162 422/1254/844
f 852/625/843 422/1254/844 462/674/67
f 462/674/67 422/1254/844 246/449/69
f 421/1253/842 852/625/843 245/448/51
f 245/448/51 852/625/843 462/674/67
f 27/54/162 525/769/195 422/1254/844
f 422/1254/844 525/769/195 853/626/845
f 525/769/195 1/2/194 853/626/845
f 853/626/845 1/2/194 423/1255/846
f 853/626/845 423/1255/846 475/692/94
f 475/692/94 423/1255/846 247/450/5
f 422/1254/844 853/626/845 246/449/69
f 246/449/69 853/626/845 475/692/94
f 248/451/8 432/635/6 424/1256/847
f 424/1256/847 432/635/6 854/627/848
f 432/635/6 247/450/5 854/627/848
f 854/627/848 247/450/5 423/1255/846
f 854/627/848 423/1255/846 545/799/236
f 545/799/236 423/1255/846 1/2/194
f 424/1256/847 854/627/848 2/4/235
f 2/4/235 854/627/848 545/799/236
f 249/452/14 435/639/12 425/1257/849
f 425/1257/849 435/639/12 855/628/850
f 435/639/12 248/451/8 855/628/850
f 855/628/850 248/451/8 424/1256/847
f 855/628/850 424/1256/847 560/822/266
f 560/822/266 424/1256/847 2/4/235
f 425/1257/849 855/628/850 4/8/86
f 4/8/86 855/628/850 560/822/266
f 469/684/84 856/629/851 4/8/86
f 4/8/86 856/629/851 425/1257/849
f 32/64/83 426/1258/852 469/684/84
f 469/684/84 426/1258/852 856/629/851
f 426/1258/852 250/453/184 856/629/851
f 856/629/851 250/453/184 519/760/182
f 425/1257/849 856/629/851 249/452/14
f 249/452/14 856/629/851 519/760/182
f 651/966/444 857/630/853 32/64/83
f 32/64/83 857/630/853 426/1258/852
f 49/98/443 427/1259/854 651/966/444
f 651/966/444 427/1259/854 857/630/853
f 427/1259/854 251/454/210 857/630/853
f 857/630/853 251/454/210 532/780/208
f 857/630/853 532/780/208 426/1258/852
f 426/1258/852 532/780/208 250/453/184
f 49/98/443 369/1197/738 427/1259/854
f 427/1259/854 369/1197/738 858/631/855
f 48/96/740 428/1260/856 369/1197/738
f 369/1197/738 428/1260/856 858/631/855
f 428/1260/856 252/455/251 858/631/855
f 858/631/855 252/455/251 552/809/249
f 858/631/855 552/809/249 427/1259/854
f 427/1259/854 552/809/249 251/454/210
f 377/1206/754 859/632/857 48/96/740
f 48/96/740 859/632/857 428/1260/856
f 89/180/756 429/1261/858 377/1206/754
f 377/1206/754 429/1261/858 859/632/857
f 429/1261/858 253/456/279 859/632/857
f 859/632/857 253/456/279 566/831/277
f 859/632/857 566/831/277 428/1260/856
f 428/1260/856 566/831/277 252/455/251
f 384/1214/769 860/633/859 89/180/756
f 89/180/756 860/633/859 429/1261/858
f 100/201/768 430/1262/860 384/1214/769
f 384/1214/769 430/1262/860 860/633/859
f 430/1262/860 254/457/324 860/633/859
f 860/633/859 254/457/324 589/867/322
f 860/633/859 589/867/322 429/1261/858
f 429/1261/858 589/867/322 253/456/279
