g default
v -10.276440 1.886224 7.191853
v -10.367675 1.947763 7.184735
v -10.400936 1.933298 7.350523
v -10.307594 1.881384 7.358959
v -10.433550 1.911829 7.516265
v -10.340186 1.867300 7.525863
v -10.465977 1.886407 7.681915
v -10.374335 1.845823 7.691876
v -10.496133 1.857946 7.847223
v -10.406750 1.820470 7.857430
v -10.473821 1.973177 7.168972
v -10.504728 1.954954 7.334897
v -10.534702 1.930677 7.500778
v -10.563648 1.905664 7.666940
v -10.590642 1.876691 7.832676
v -10.581753 1.968809 7.147414
v -10.609484 1.950372 7.314127
v -10.636950 1.927911 7.480874
v -10.662533 1.904024 7.648145
v -10.686365 1.878080 7.815213
v -10.679600 1.924928 7.120275
v -10.705735 1.910032 7.288590
v -10.731571 1.893499 7.457113
v -10.755955 1.874765 7.625776
v -10.778357 1.854875 7.794423
v -10.233696 1.894270 7.028128
v -10.329279 1.958429 7.021521
v -10.439317 1.988287 7.005619
v -10.551792 1.985212 6.982330
v -10.655611 1.944769 6.953447
v -10.747896 1.882879 6.921450
v -10.764330 1.859808 7.091330
v -10.787207 1.845049 7.261715
v -10.812837 1.833677 7.431841
v -10.838969 1.822488 7.601657
v -10.861042 1.808584 7.772213
v -10.894064 1.810606 7.941608
v -10.806370 1.848989 7.963841
v -10.710932 1.852060 7.981787
v -10.617374 1.844606 7.997600
v -10.525347 1.825872 8.011396
v -10.433352 1.799665 8.022021
v -10.351707 1.749712 8.027204
v -10.324884 1.768476 7.864155
v -10.292660 1.786779 7.696859
v -10.258299 1.802667 7.530014
v -10.233301 1.803823 7.360503
v -10.206099 1.801584 7.191395
v -10.155321 1.809530 7.027354
v -10.444235 1.791338 8.108391
v -10.538745 1.809690 8.095238
v -10.556433 1.800851 8.204164
v -10.461199 1.784105 8.215141
v -10.580632 1.784387 8.312536
v -10.480933 1.785955 8.323318
v -10.595688 1.772825 8.386694
v -10.496056 1.771478 8.405514
v -10.630020 1.828142 8.080709
v -10.650199 1.808336 8.188969
v -10.672693 1.786115 8.297200
v -10.686609 1.775426 8.370296
v -10.722635 1.837293 8.064562
v -10.742764 1.819105 8.172874
v -10.762423 1.807764 8.282728
v -10.776463 1.795599 8.353977
v -10.817574 1.840139 8.046337
v -10.836653 1.835909 8.154020
v -10.853888 1.839243 8.262159
v -10.867821 1.825533 8.342849
v -10.907528 1.809541 8.024136
v -10.929359 1.809942 8.132359
v -10.953341 1.821081 8.237543
v -10.967575 1.808504 8.330875
v -10.414361 1.729902 8.417624
v -10.389732 1.736650 8.328157
v -10.374300 1.734090 8.221135
v -10.360271 1.741796 8.114605
v -10.096720 1.926588 6.532850
v -10.217077 1.986116 6.529242
v -10.218712 2.020940 6.598988
v -10.101694 1.947111 6.606924
v -10.229235 2.019525 6.675134
v -10.121031 1.938150 6.678861
v -10.251638 2.001405 6.745104
v -10.147108 1.923162 6.747286
v -10.273909 1.982721 6.812216
v -10.171723 1.910886 6.815984
v -10.292332 1.971700 6.881161
v -10.193227 1.903131 6.885920
v -10.310733 1.964346 6.950793
v -10.213661 1.898401 6.956668
v -10.341661 2.023874 6.513192
v -10.346056 2.068163 6.579551
v -10.357634 2.055086 6.657278
v -10.375246 2.033609 6.727074
v -10.391146 2.020719 6.797286
v -10.407099 2.004327 6.865598
v -10.423243 1.994512 6.934741
v -10.470793 2.034937 6.485721
v -10.481720 2.065885 6.557052
v -10.490057 2.055700 6.632383
v -10.502586 2.038000 6.703608
v -10.513146 2.019796 6.773517
v -10.524815 2.004198 6.842393
v -10.538113 1.993467 6.911834
v -10.598352 2.024648 6.453882
v -10.614313 2.040128 6.528143
v -10.616978 2.020994 6.601376
v -10.622847 2.001787 6.672396
v -10.628366 1.982549 6.742375
v -10.635750 1.966638 6.812098
v -10.645752 1.955568 6.882544
v -10.108161 1.883363 6.492631
v -10.220223 1.943262 6.494019
v -10.339472 1.979025 6.483896
v -10.459736 1.987844 6.457305
v -10.577335 1.974775 6.422638
v -10.671207 1.930845 6.372371
v -10.707077 1.971590 6.408118
v -10.729069 1.979395 6.483122
v -10.733068 1.963441 6.561294
v -10.734343 1.944799 6.637212
v -10.734379 1.926267 6.707798
v -10.737234 1.909841 6.778644
v -10.743442 1.897375 6.850167
v -10.131864 1.813379 6.955817
v -10.108648 1.816492 6.883834
v -10.082247 1.823614 6.813164
v -10.046766 1.838579 6.740814
v -10.010748 1.855989 6.668836
v -9.990969 1.861826 6.600481
v -9.986419 1.849371 6.519158
v -10.008577 1.820287 6.471025
v -9.982571 1.289026 6.376313
v -9.907994 1.390562 6.371323
v -9.880665 1.371168 6.466211
v -9.956599 1.255704 6.466585
v -9.881082 1.363752 6.566247
v -9.945136 1.242033 6.563000
v -9.905276 1.366777 6.663880
v -9.965174 1.247007 6.659622
v -9.951082 1.380861 6.753440
v -10.012261 1.279955 6.742375
v -10.012773 1.403612 6.832788
v -10.067996 1.313226 6.819784
v -10.067211 1.427549 6.916300
v -10.118075 1.344728 6.901353
v -9.880623 1.517355 6.396937
v -9.852310 1.506002 6.488500
v -9.863617 1.498178 6.590927
v -9.900199 1.497373 6.680656
v -9.947190 1.501855 6.765749
v -10.001321 1.512552 6.846826
v -10.051061 1.526266 6.929951
v -9.874414 1.644415 6.430941
v -9.849505 1.642618 6.520989
v -9.868944 1.633749 6.611661
v -9.912824 1.624315 6.694120
v -9.961774 1.620279 6.774778
v -10.009689 1.621725 6.856234
v -10.057678 1.626344 6.937303
v -9.918864 1.759042 6.479883
v -9.908515 1.763532 6.564125
v -9.930201 1.753557 6.645473
v -9.970963 1.738680 6.719385
v -10.013218 1.728464 6.793235
v -10.050500 1.724325 6.869922
v -10.085668 1.723383 6.947747
v -10.037020 1.335958 6.327761
v -9.981768 1.422346 6.328945
v -9.953506 1.523309 6.359633
v -9.945881 1.627679 6.391144
v -9.965418 1.726896 6.434064
v -10.115418 1.725832 7.027709
v -10.098058 1.634412 7.021979
v -10.095708 1.542215 7.015633
v -10.113823 1.451498 7.004257
v -10.163011 1.377264 6.985735
v -10.224171 1.308160 6.963223
v -10.182180 1.269178 6.884247
v -10.140669 1.232793 6.804150
v -10.092659 1.189348 6.730892
v -10.045989 1.145620 6.656504
v -10.032341 1.135557 6.562964
v -10.045023 1.153444 6.470325
v -10.073259 1.191858 6.387318
v -10.106441 1.247457 6.332811
v -10.225501 1.417574 7.142816
v -10.182895 1.481954 7.160775
v -10.230949 1.502496 7.323192
v -10.272900 1.441423 7.305480
v -10.260521 1.512292 7.489576
v -10.305452 1.460607 7.472286
v -10.273813 1.504678 7.657833
v -10.328329 1.460687 7.639893
v -10.281208 1.488233 7.826696
v -10.342064 1.440912 7.807028
v -10.159986 1.560369 7.173923
v -10.200704 1.572874 7.338035
v -10.217958 1.573789 7.505929
v -10.235523 1.566969 7.674410
v -10.256803 1.555887 7.843122
v -10.154088 1.642076 7.183744
v -10.183910 1.648012 7.349933
v -10.195452 1.648443 7.519693
v -10.227797 1.641977 7.687282
v -10.254282 1.630445 7.855878
v -10.170367 1.723493 7.189360
v -10.197382 1.727380 7.357129
v -10.216566 1.728082 7.526798
v -10.247368 1.718732 7.694879
v -10.277841 1.703462 7.862770
v -10.301738 1.686536 8.029300
v -10.266954 1.616830 8.027575
v -10.265229 1.539144 8.014753
v -10.281359 1.463773 7.996254
v -10.337157 1.416368 7.977166
v -10.405071 1.381643 7.958901
v -10.402439 1.407560 7.789919
v -10.390398 1.415353 7.619569
v -10.362546 1.402998 7.450654
v -10.325977 1.382688 7.284018
v -10.281319 1.355333 7.119951
v -10.335128 1.387540 8.064445
v -10.280042 1.442278 8.082990
v -10.256582 1.400438 8.196972
v -10.321319 1.326624 8.163050
v -10.237506 1.342527 8.313019
v -10.298807 1.248495 8.252711
v -10.251599 1.316499 8.400265
v -10.307034 1.223661 8.326622
v -10.264861 1.519624 8.100085
v -10.253845 1.490102 8.217385
v -10.245604 1.452261 8.337979
v -10.263918 1.437296 8.427958
v -10.268408 1.600900 8.112212
v -10.271824 1.579111 8.227071
v -10.275033 1.556951 8.346369
v -10.296391 1.547361 8.442645
v -10.303945 1.676580 8.116501
v -10.316473 1.658357 8.226667
v -10.328379 1.653074 8.340588
v -10.341475 1.645231 8.436707
v -10.383764 1.293336 8.137918
v -10.400347 1.354402 8.051011
v -10.669812 1.249639 6.283434
v -10.553096 1.211629 6.295502
v -10.581734 1.168813 6.374130
v -10.712663 1.208173 6.356132
v -10.595453 1.163118 6.465337
v -10.739330 1.193739 6.443354
v -10.594576 1.181882 6.556628
v -10.739131 1.208765 6.534297
v -10.602560 1.217455 6.640027
v -10.735384 1.237756 6.622624
v -10.608256 1.256258 6.722428
v -10.726805 1.274320 6.707825
v -10.609936 1.285791 6.808722
v -10.716345 1.307901 6.793654
v -10.438801 1.213194 6.340247
v -10.449089 1.175626 6.417885
v -10.451069 1.157133 6.503604
v -10.449979 1.178056 6.589621
v -10.468451 1.221983 6.665270
v -10.487614 1.261964 6.742933
v -10.500668 1.282827 6.827718
v -10.318893 1.187307 6.351378
v -10.315401 1.138269 6.430425
v -10.308305 1.114400 6.520144
v -10.313358 1.121885 6.611232
v -10.341345 1.178548 6.688119
v -10.369940 1.235433 6.762683
v -10.392989 1.266355 6.846204
v -10.195597 1.178026 6.367478
v -10.177532 1.118196 6.444424
v -10.164784 1.079141 6.536541
v -10.174178 1.079702 6.640230
v -10.214664 1.140649 6.714916
v -10.255257 1.203249 6.784319
v -10.287123 1.245802 6.867229
v -10.626686 1.303583 6.239760
v -10.524493 1.276239 6.255461
v -10.424597 1.263361 6.289969
v -10.318920 1.248594 6.300941
v -10.212501 1.244688 6.315907
v -10.321005 1.284807 6.951572
v -10.419651 1.283975 6.931115
v -10.518200 1.293306 6.912266
v -10.617567 1.302034 6.896750
v -10.711697 1.333295 6.881977
v -10.791979 1.389951 6.863649
v -10.804564 1.370836 6.777204
v -10.822950 1.347139 6.693046
v -10.844477 1.319093 6.610163
v -10.861751 1.293325 6.525921
v -10.862092 1.275507 6.429102
v -10.817469 1.293386 6.339499
v -10.762438 1.328142 6.270734
v -10.714847 1.361673 6.222887
v -10.706257 1.371900 7.051901
v -10.625565 1.338026 7.066456
v -10.639055 1.360399 7.236546
v -10.710512 1.396459 7.222855
v -10.658907 1.377798 7.405824
v -10.726622 1.413065 7.394030
v -10.679262 1.394521 7.574587
v -10.743731 1.432973 7.564723
v -10.705587 1.407339 7.742307
v -10.773674 1.444627 7.733443
v -10.539345 1.323011 7.081118
v -10.560703 1.342367 7.249736
v -10.584535 1.359403 7.417545
v -10.607077 1.375192 7.585560
v -10.630792 1.386385 7.753043
v -10.452059 1.317655 7.096190
v -10.480454 1.337194 7.262805
v -10.508095 1.355566 7.429634
v -10.532551 1.371317 7.597120
v -10.553636 1.377885 7.764405
v -10.364937 1.326566 7.110624
v -10.401387 1.353086 7.274792
v -10.432973 1.371667 7.440931
v -10.459330 1.386102 7.608451
v -10.476646 1.386232 7.776908
v -10.489386 1.366495 7.944379
v -10.575371 1.364866 7.931086
v -10.660471 1.377946 7.919099
v -10.743687 1.400529 7.907562
v -10.822626 1.435022 7.897032
v -10.896298 1.479524 7.888958
v -10.834324 1.493898 7.727139
v -10.799583 1.482969 7.556027
v -10.783252 1.464025 7.382565
v -10.770256 1.449579 7.208688
v -10.774782 1.424665 7.035125
v -10.858101 1.418008 7.980605
v -10.767340 1.392812 7.988567
v -10.794144 1.374109 8.065254
v -10.899595 1.382768 8.059311
v -10.818695 1.350374 8.127523
v -10.938484 1.340990 8.124475
v -10.957741 1.313566 8.190355
v -10.833662 1.326486 8.191121
v -10.838017 1.319254 8.229243
v -10.957465 1.305471 8.227542
v -10.675902 1.372984 7.999754
v -10.689566 1.356100 8.072639
v -10.701437 1.343362 8.140462
v -10.712954 1.321893 8.207092
v -10.718719 1.308736 8.243368
v -10.584171 1.355154 8.012268
v -10.586637 1.337255 8.088311
v -10.588757 1.317453 8.155869
v -10.600448 1.290403 8.225447
v -10.605534 1.279886 8.258615
v -10.491772 1.350843 8.030195
v -10.484862 1.314973 8.110502
v -10.477339 1.266355 8.172873
v -10.473220 1.225519 8.240943
v -10.479864 1.218256 8.290038
v -10.374600 1.227651 8.199361
v -10.374645 1.181192 8.260232
v -10.396075 1.163610 8.355362
v -10.631382 1.287721 8.386940
v -10.731186 1.317102 8.365382
v -10.727684 1.289590 8.307260
v -10.623015 1.264154 8.321129
v -10.838226 1.328130 8.348516
v -10.840096 1.306074 8.288355
v -11.094476 1.391035 8.421011
v -11.045238 1.313264 8.332608
v -10.997886 1.344595 8.371623
v -11.005808 1.394762 8.430338
v -11.068506 1.308344 8.272814
v -11.081352 1.306161 8.207895
v -11.067232 1.326215 8.135103
v -11.001970 1.399133 8.060402
v -10.941629 1.449510 7.975546
v -10.791083 1.906698 6.354065
v -10.854795 1.810041 6.289722
v -10.890941 1.805673 6.372581
v -10.813095 1.898592 6.431812
v -10.910319 1.797205 6.460440
v -10.820721 1.883733 6.511330
v -10.895491 1.778097 6.547172
v -10.816010 1.865472 6.590345
v -10.862045 1.753709 6.629039
v -10.805563 1.846094 6.668561
v -10.849667 1.743803 6.717741
v -10.800690 1.832803 6.748567
v -10.836679 1.735517 6.807116
v -10.797489 1.821504 6.828879
v -10.884281 1.680799 6.243157
v -10.940498 1.678602 6.324448
v -10.960611 1.670496 6.418675
v -10.946561 1.660268 6.514627
v -10.903944 1.649099 6.602184
v -10.871507 1.643343 6.693744
v -10.851372 1.641885 6.788978
v -10.875614 1.541986 6.230215
v -10.937028 1.533296 6.308595
v -10.963096 1.529047 6.403188
v -10.952888 1.529859 6.500710
v -10.915409 1.534158 6.592122
v -10.883109 1.540067 6.685291
v -10.860415 1.547601 6.781003
v -10.835548 1.438177 6.250855
v -10.892138 1.417192 6.326006
v -10.923512 1.407861 6.415114
v -10.916214 1.410696 6.509181
v -10.889099 1.419626 6.599354
v -10.860460 1.433488 6.688193
v -10.840460 1.448305 6.778978
v -10.742712 1.867662 6.318107
v -10.784805 1.775549 6.262228
v -10.799278 1.668886 6.217317
v -10.792068 1.555032 6.197212
v -10.766935 1.459756 6.207456
v -10.825481 1.462057 6.870865
v -10.847431 1.555387 6.878000
v -10.847841 1.643049 6.886056
v -10.826899 1.727472 6.896565
v -10.797441 1.810937 6.909331
v -10.809348 1.796529 7.078956
v -10.831547 1.722620 7.067609
v -10.856965 1.720739 7.236650
v -10.830038 1.787431 7.248595
v -10.874352 1.716982 7.405953
v -10.852455 1.780069 7.418072
v -10.901165 1.714975 7.573521
v -10.879631 1.774019 7.586784
v -10.941751 1.713445 7.738747
v -10.906145 1.764577 7.755205
v -10.837399 1.645109 7.058397
v -10.849914 1.648977 7.228400
v -10.869030 1.650926 7.397582
v -10.893112 1.653406 7.565587
v -10.938580 1.652212 7.729133
v -10.838743 1.567461 7.050545
v -10.832865 1.579565 7.221567
v -10.847841 1.587129 7.391655
v -10.871973 1.593336 7.560212
v -10.914784 1.594232 7.725024
v -10.808466 1.488878 7.042427
v -10.804289 1.509439 7.214713
v -10.818659 1.525571 7.386970
v -10.842522 1.544656 7.558071
v -10.879118 1.546182 7.725477
v -10.944657 1.525079 7.883383
v -10.995409 1.581926 7.879452
v -11.006497 1.635667 7.885503
v -10.995337 1.694894 7.899373
v -10.940552 1.759855 7.922875
v -10.965892 1.758180 8.006479
v -11.031609 1.689439 7.984781
v -11.075092 1.669550 8.101102
v -10.999216 1.753839 8.118784
v -11.110897 1.660638 8.222551
v -11.027222 1.753606 8.232722
v -11.126081 1.655065 8.319578
v -11.044434 1.746564 8.323621
v -11.053583 1.617063 7.970177
v -11.117081 1.589559 8.085234
v -11.157343 1.573045 8.209833
v -11.175021 1.563661 8.308131
v -11.042086 1.551248 7.965103
v -11.121756 1.504114 8.071369
v -11.181231 1.471780 8.191094
v -11.198603 1.453214 8.282996
v -11.003564 1.492673 7.967934
v -11.088387 1.431036 8.059716
v -11.163768 1.388181 8.170620
v -11.177798 1.367860 8.250481
v -11.152066 1.374975 8.341761
v -10.263662 1.741441 6.439557
v -10.274056 1.663572 6.414512
v -10.380665 1.682355 6.403942
v -10.369503 1.762670 6.430293
v -10.484288 1.700246 6.381975
v -10.474084 1.779493 6.407194
v -10.576532 1.716322 6.348911
v -10.563147 1.794633 6.377527
v -10.175584 1.646013 6.411689
v -10.186775 1.563001 6.384120
v -10.284381 1.580015 6.385606
v -10.389860 1.597627 6.374996
v -10.493631 1.614641 6.350999
v -10.583712 1.630201 6.319052
v -10.201725 1.481260 6.358254
v -10.295502 1.497224 6.358019
v -10.397763 1.514131 6.345572
v -10.497434 1.530042 6.322067
v -10.586913 1.543031 6.291202
v -10.213822 1.420900 6.342435
v -10.227608 1.337946 6.322794
v -10.314520 1.346273 6.313103
v -10.303728 1.437734 6.339613
v -10.411812 1.360044 6.298470
v -10.402851 1.456792 6.327228
v -10.507103 1.375093 6.274871
v -10.500481 1.468073 6.302789
v -9.971367 1.625784 6.386385
v -9.978134 1.526735 6.354757
v -10.084867 1.545198 6.372450
v -10.075645 1.633024 6.401472
v -10.005286 1.430612 6.325499
v -10.105064 1.459062 6.347131
v -10.057070 1.349489 6.322396
v -10.119008 1.267297 6.324863
v -10.160092 1.329549 6.327371
v -10.133072 1.390813 6.335425
v -10.318264 1.271810 6.295676
v -10.420530 1.285440 6.283613
v -10.518025 1.299474 6.252735
v -10.615236 1.324415 6.236390
v -10.590542 1.390985 6.256448
v -10.768131 1.556451 6.198935
v -10.774933 1.664907 6.219788
v -10.677967 1.646497 6.274149
v -10.676094 1.552541 6.250618
v -10.761118 1.766126 6.263192
v -10.666615 1.737646 6.308630
v -10.721586 1.853899 6.315373
v -10.646355 1.814340 6.342804
v -10.463401 1.866968 6.432502
v -10.457871 1.963262 6.448341
v -10.340905 1.954645 6.474435
v -10.356526 1.850805 6.457611
v -10.224263 1.919767 6.483159
v -10.247950 1.825563 6.466898
v -10.116864 1.862177 6.479452
v -10.150139 1.800340 6.457529
v -10.511909 1.522386 8.592043
v -10.586493 1.527307 8.587679
v -10.583881 1.462026 8.579521
v -10.504968 1.447950 8.592883
v -10.579626 1.397043 8.555630
v -10.499001 1.374200 8.579461
v -10.721609 1.662988 8.543085
v -10.644508 1.656149 8.560623
v -10.625751 1.739084 8.518147
v -10.710857 1.730825 8.496381
v -10.660445 1.538980 8.571311
v -10.736639 1.551698 8.552738
v -10.740666 1.493394 8.536794
v -10.661453 1.478227 8.557828
v -10.742498 1.435796 8.511006
v -10.660601 1.416368 8.535472
v -10.798548 1.675947 8.527633
v -10.793256 1.750162 8.482606
v -10.814158 1.565469 8.537144
v -10.821447 1.507913 8.520510
v -10.828113 1.448774 8.495893
v -10.869913 1.692442 8.504033
v -10.875107 1.772653 8.455693
v -10.954901 1.753667 8.468936
v -10.924401 1.697004 8.495955
v -10.891022 1.580930 8.523165
v -10.965992 1.602838 8.501926
v -10.983991 1.542429 8.490019
v -10.902483 1.523412 8.505444
v -10.998821 1.477888 8.472078
v -10.912826 1.463098 8.481589
v -10.421299 1.336130 8.580646
v -10.428944 1.448053 8.599998
v -10.440183 1.536520 8.592240
v -10.587030 1.478521 6.275792
v -10.165681 1.725420 6.433764
v -10.556791 1.871809 6.399478
v -10.570534 1.950876 6.413579
v -10.645504 1.425279 6.245462
v -10.697459 1.376138 6.219253
v -10.744231 1.465803 6.206565
v -10.667244 1.483060 6.244675
v -10.217164 1.268484 6.310149
v -9.988678 1.719446 6.424955
v -10.073114 1.713949 6.426438
v -10.655218 1.911882 6.365438
v -10.616782 1.864606 6.367634
v -10.025181 1.806837 6.457524
v -10.075766 1.777113 6.446741
v -10.461687 1.617174 8.582247
v -10.492057 1.687811 8.557810
v -10.528243 1.639284 8.572338
v -10.520817 1.588796 8.586168
v -11.039045 1.636701 8.486519
v -11.067112 1.551797 8.476588
v -11.086391 1.482206 8.456902
v -10.806217 1.621824 8.540796
v -10.730202 1.608686 8.556562
v -10.655806 1.598478 8.571685
v -10.562515 1.303381 8.490995
v -10.486160 1.278036 8.514332
v -10.739489 1.361662 8.443804
v -10.648880 1.333738 8.465481
v -10.836271 1.365770 8.430749
v -11.162094 1.461210 8.384142
v -11.146933 1.556249 8.414248
v -11.099718 1.648023 8.423570
v -11.039038 1.727773 8.419349
v -10.965642 1.777818 8.413845
v -10.885740 1.808656 8.417771
v -10.793467 1.789651 8.437916
v -10.699047 1.771959 8.454651
v -10.604548 1.768835 8.475480
v -10.511862 1.756200 8.490956
v -10.438766 1.713338 8.510748
v -10.387812 1.634061 8.531999
v -10.346799 1.537214 8.542402
v -10.323844 1.428373 8.539540
v -10.314912 1.307649 8.509869
v -10.337996 1.206293 8.434308
v -10.533896 1.253675 8.410387
v -10.510984 1.209909 8.345266
v -10.433049 1.177606 8.415309
v -10.467351 1.230924 8.449137
v -10.926043 1.382356 8.426280
v -10.944363 1.656984 8.503111
v -10.878366 1.636530 8.522790
v -10.575342 1.646787 8.572180
v -10.585194 1.589208 8.584135
v -11.003595 1.703401 8.478300
v -10.540714 1.727239 8.531245
v -10.421871 1.221704 8.501826
v -10.937815 1.337083 8.350364
v -10.951622 1.291578 8.283036
v -10.954411 1.289617 8.263553
v -11.056698 1.307993 8.314190
v -11.112835 1.388292 8.408479
v -11.106817 1.479826 8.445200
v -11.087669 1.553537 8.466841
v -11.056667 1.642469 8.475612
v -11.016978 1.713316 8.465034
v -10.961192 1.766256 8.453779
v -10.878412 1.789579 8.441174
v -10.792747 1.767419 8.467175
v -10.707055 1.747339 8.482008
v -10.618931 1.753961 8.503993
v -10.530798 1.741441 8.518092
v -10.476920 1.700197 8.547321
v -10.442268 1.623895 8.574611
v -10.418930 1.538591 8.586287
v -10.407522 1.445993 8.594624
v -10.399819 1.328092 8.573349
v -10.402074 1.212061 8.491185
v -10.420765 1.167608 8.398288
v -10.502239 1.206644 8.326997
v -10.618628 1.264085 8.300811
v -10.725525 1.289217 8.287136
v -10.839917 1.305780 8.267463
vt 0.530689 0.095233
vt 0.526702 0.095214
vt 0.526564 0.088378
vt 0.530434 0.088370
vt 0.526491 0.081593
vt 0.530284 0.081584
vt 0.526476 0.074809
vt 0.530251 0.074806
vt 0.526577 0.068012
vt 0.530362 0.067990
vt 0.522711 0.095268
vt 0.522705 0.088433
vt 0.522707 0.081629
vt 0.522716 0.074835
vt 0.522793 0.068033
vt 0.518760 0.095383
vt 0.518885 0.088527
vt 0.518920 0.081699
vt 0.518943 0.074874
vt 0.518991 0.068033
vt 0.514812 0.095581
vt 0.515066 0.088662
vt 0.515192 0.081786
vt 0.515202 0.074926
vt 0.515187 0.068043
vt 0.531210 0.102107
vt 0.527033 0.102035
vt 0.522830 0.102077
vt 0.518644 0.102243
vt 0.514492 0.102502
vt 0.510383 0.102824
vt 0.510914 0.095806
vt 0.511299 0.088815
vt 0.511504 0.081887
vt 0.511487 0.074997
vt 0.511367 0.068068
vt 0.511371 0.061181
vt 0.515283 0.061185
vt 0.519158 0.061235
vt 0.522948 0.061259
vt 0.526733 0.061243
vt 0.530594 0.061267
vt 0.534471 0.061314
vt 0.534138 0.067982
vt 0.534032 0.074838
vt 0.534087 0.081613
vt 0.534324 0.088399
vt 0.534637 0.095311
vt 0.535306 0.102257
vt 0.530754 0.057802
vt 0.526830 0.057836
vt 0.526836 0.053561
vt 0.530741 0.053598
vt 0.526580 0.049373
vt 0.530461 0.049533
vt 0.526479 0.046579
vt 0.530362 0.046465
vt 0.523052 0.057898
vt 0.523046 0.053589
vt 0.522953 0.049373
vt 0.522912 0.046616
vt 0.519270 0.057898
vt 0.519287 0.053599
vt 0.519323 0.049426
vt 0.519294 0.046755
vt 0.515375 0.057887
vt 0.515394 0.053653
vt 0.515527 0.049655
vt 0.515600 0.046746
vt 0.511417 0.057892
vt 0.511433 0.053607
vt 0.511601 0.049653
vt 0.511780 0.046329
vt 0.533905 0.046163
vt 0.534483 0.049539
vt 0.534797 0.053595
vt 0.534716 0.057808
vt 0.532724 0.122794
vt 0.527959 0.122506
vt 0.527746 0.119541
vt 0.532575 0.119790
vt 0.527815 0.116635
vt 0.532548 0.116874
vt 0.527712 0.113753
vt 0.532380 0.113963
vt 0.527586 0.110879
vt 0.532126 0.111038
vt 0.527447 0.107961
vt 0.531828 0.108084
vt 0.527245 0.105015
vt 0.531503 0.105108
vt 0.523067 0.122534
vt 0.523028 0.119588
vt 0.523164 0.116629
vt 0.523098 0.113754
vt 0.523054 0.110876
vt 0.523008 0.107974
vt 0.522923 0.105047
vt 0.518064 0.122800
vt 0.518261 0.119761
vt 0.518443 0.116813
vt 0.518447 0.113916
vt 0.518517 0.111020
vt 0.518574 0.108119
vt 0.518610 0.105193
vt 0.513198 0.123108
vt 0.513430 0.120045
vt 0.513672 0.117099
vt 0.513823 0.114196
vt 0.514002 0.111297
vt 0.514175 0.108386
vt 0.514337 0.105453
vt 0.578321 0.150619
vt 0.582764 0.152375
vt 0.582641 0.154267
vt 0.577869 0.152609
vt 0.587406 0.153240
vt 0.587528 0.155120
vt 0.592032 0.153057
vt 0.592514 0.154977
vt 0.596516 0.151990
vt 0.597363 0.154051
vt 0.600024 0.149792
vt 0.601378 0.151647
vt 0.509150 0.123807
vt 0.508770 0.120714
vt 0.508846 0.117606
vt 0.509129 0.114549
vt 0.509483 0.111661
vt 0.509822 0.108733
vt 0.510132 0.105785
vt 0.535700 0.105276
vt 0.536195 0.108300
vt 0.536702 0.111320
vt 0.537197 0.114529
vt 0.537537 0.117672
vt 0.537644 0.120380
vt 0.537501 0.123573
vt 0.573470 0.150280
vt 0.574489 0.148536
vt 0.570324 0.125408
vt 0.564892 0.126648
vt 0.564765 0.123463
vt 0.569818 0.122678
vt 0.564806 0.120443
vt 0.569578 0.120003
vt 0.565178 0.117402
vt 0.569780 0.117303
vt 0.565862 0.114301
vt 0.570058 0.114488
vt 0.566841 0.110998
vt 0.570794 0.111391
vt 0.567932 0.107403
vt 0.571630 0.107986
vt 0.559659 0.126977
vt 0.559230 0.123497
vt 0.559423 0.120024
vt 0.560146 0.116707
vt 0.561458 0.113323
vt 0.562917 0.109886
vt 0.564327 0.106333
vt 0.552874 0.126428
vt 0.552667 0.122966
vt 0.552822 0.119527
vt 0.554118 0.115735
vt 0.556859 0.112108
vt 0.559128 0.108637
vt 0.560815 0.105203
vt 0.549790 0.126428
vt 0.542983 0.125029
vt 0.543034 0.121738
vt 0.549582 0.122966
vt 0.542796 0.118547
vt 0.548896 0.119527
vt 0.542156 0.115312
vt 0.547949 0.116016
vt 0.541167 0.112023
vt 0.545837 0.112355
vt 0.540145 0.108719
vt 0.543973 0.108842
vt 0.539241 0.105396
vt 0.542535 0.105364
vt 0.573750 0.131177
vt 0.572326 0.134480
vt 0.569118 0.133812
vt 0.570550 0.129204
vt 0.571589 0.138158
vt 0.568537 0.138571
vt 0.571624 0.141926
vt 0.568764 0.143352
vt 0.572601 0.145454
vt 0.570721 0.147316
vt 0.538515 0.102057
vt 0.541627 0.101821
vt 0.562536 0.101695
vt 0.565602 0.102633
vt 0.568953 0.103570
vt 0.572404 0.104306
vt 0.576042 0.105133
vt 0.575325 0.108618
vt 0.574682 0.111826
vt 0.574063 0.114687
vt 0.573685 0.117196
vt 0.573695 0.119537
vt 0.573968 0.121956
vt 0.574278 0.124654
vt 0.576216 0.127749
vt 0.573691 0.097435
vt 0.570607 0.096696
vt 0.571738 0.089638
vt 0.574775 0.090317
vt 0.572439 0.082511
vt 0.575321 0.083035
vt 0.572758 0.075301
vt 0.575757 0.075692
vt 0.572606 0.067980
vt 0.575898 0.068249
vt 0.567490 0.095883
vt 0.568669 0.088984
vt 0.569382 0.082050
vt 0.569744 0.075034
vt 0.569679 0.067924
vt 0.564491 0.095065
vt 0.565664 0.088403
vt 0.566338 0.081672
vt 0.566802 0.074857
vt 0.566852 0.068004
vt 0.540502 0.095153
vt 0.537668 0.095245
vt 0.537396 0.088429
vt 0.540354 0.088485
vt 0.537201 0.081671
vt 0.540210 0.081772
vt 0.537092 0.074876
vt 0.540031 0.074950
vt 0.537245 0.068013
vt 0.540168 0.068098
vt 0.537773 0.061236
vt 0.540996 0.061209
vt 0.565996 0.061096
vt 0.568803 0.060725
vt 0.571881 0.060567
vt 0.574968 0.060681
vt 0.578264 0.060885
vt 0.578928 0.068537
vt 0.579135 0.076183
vt 0.578799 0.083724
vt 0.578100 0.091092
vt 0.577130 0.098288
vt 0.574649 0.056624
vt 0.571436 0.056675
vt 0.570754 0.051722
vt 0.574389 0.051922
vt 0.570722 0.047255
vt 0.574327 0.047926
vt 0.570791 0.044427
vt 0.574104 0.045566
vt 0.568286 0.057067
vt 0.567491 0.052196
vt 0.567223 0.047467
vt 0.567182 0.044122
vt 0.565202 0.057656
vt 0.564214 0.052980
vt 0.563169 0.048127
vt 0.562716 0.043892
vt 0.541688 0.057786
vt 0.538242 0.057751
vt 0.538735 0.053325
vt 0.542560 0.053130
vt 0.538696 0.048881
vt 0.543479 0.048299
vt 0.538415 0.045158
vt 0.543281 0.044322
vt 0.577121 0.052224
vt 0.577724 0.056602
vt 0.596279 0.125755
vt 0.592169 0.125675
vt 0.592327 0.122942
vt 0.596662 0.123031
vt 0.592191 0.120237
vt 0.596812 0.120452
vt 0.591852 0.117456
vt 0.596614 0.117850
vt 0.592013 0.114654
vt 0.596557 0.115091
vt 0.592190 0.111707
vt 0.596513 0.112139
vt 0.592182 0.108561
vt 0.596356 0.108943
vt 0.587990 0.125316
vt 0.587698 0.122449
vt 0.587213 0.119623
vt 0.586844 0.116823
vt 0.587314 0.114043
vt 0.587795 0.111193
vt 0.587949 0.108189
vt 0.583633 0.125210
vt 0.582930 0.122369
vt 0.582196 0.119668
vt 0.581890 0.117050
vt 0.582621 0.114254
vt 0.583366 0.111287
vt 0.583707 0.108189
vt 0.579251 0.125067
vt 0.578378 0.122222
vt 0.577791 0.119669
vt 0.577643 0.117168
vt 0.578246 0.114649
vt 0.578993 0.111740
vt 0.579480 0.108455
vt 0.595509 0.128260
vt 0.591849 0.128051
vt 0.588080 0.127768
vt 0.584164 0.127730
vt 0.580282 0.127781
vt 0.580131 0.104892
vt 0.584202 0.104925
vt 0.588243 0.105055
vt 0.592264 0.105274
vt 0.596225 0.105546
vt 0.600115 0.105931
vt 0.600480 0.109255
vt 0.600816 0.112372
vt 0.601054 0.115265
vt 0.601238 0.117912
vt 0.601266 0.120634
vt 0.601133 0.123471
vt 0.601120 0.126407
vt 0.599276 0.129253
vt 0.595849 0.098715
vt 0.592125 0.098509
vt 0.592079 0.091377
vt 0.595567 0.091547
vt 0.592288 0.084061
vt 0.595627 0.084185
vt 0.592582 0.076589
vt 0.595949 0.076672
vt 0.593032 0.068971
vt 0.596597 0.069018
vt 0.588395 0.098331
vt 0.588590 0.091246
vt 0.588915 0.083963
vt 0.589200 0.076491
vt 0.589450 0.068891
vt 0.584664 0.098219
vt 0.585097 0.091152
vt 0.585535 0.083864
vt 0.585816 0.076381
vt 0.585883 0.068795
vt 0.580907 0.098182
vt 0.581597 0.091082
vt 0.582161 0.083777
vt 0.582461 0.076278
vt 0.582367 0.068664
vt 0.582001 0.061078
vt 0.585800 0.061250
vt 0.589635 0.061359
vt 0.593509 0.061413
vt 0.597429 0.061432
vt 0.601377 0.061399
vt 0.600179 0.069036
vt 0.599285 0.076759
vt 0.598935 0.084325
vt 0.599043 0.091750
vt 0.599491 0.099017
vt 0.597885 0.057490
vt 0.593756 0.057781
vt 0.593945 0.054374
vt 0.598197 0.053665
vt 0.594105 0.051617
vt 0.598519 0.050464
vt 0.598291 0.047790
vt 0.593881 0.049014
vt 0.593609 0.047613
vt 0.597882 0.046425
vt 0.589686 0.057824
vt 0.589566 0.054682
vt 0.589426 0.051911
vt 0.589201 0.049218
vt 0.589046 0.047777
vt 0.585638 0.057680
vt 0.585208 0.054427
vt 0.584827 0.051637
vt 0.584711 0.048807
vt 0.584630 0.047545
vt 0.581647 0.057244
vt 0.581023 0.053584
vt 0.580357 0.050591
vt 0.579790 0.047803
vt 0.579798 0.046105
vt 0.576902 0.049136
vt 0.576690 0.046860
vt 0.576470 0.043810
vt 0.526376 0.021469
vt 0.521987 0.022238
vt 0.521573 0.020055
vt 0.525959 0.019146
vt 0.517403 0.022576
vt 0.516815 0.020464
vt 0.507356 0.026659
vt 0.508851 0.021995
vt 0.510979 0.023947
vt 0.510919 0.027017
vt 0.601457 0.044182
vt 0.602109 0.046365
vt 0.602396 0.048711
vt 0.602090 0.052646
vt 0.601762 0.057059
vt 0.503910 0.124867
vt 0.498422 0.126230
vt 0.497388 0.122707
vt 0.503617 0.121617
vt 0.497718 0.119081
vt 0.503795 0.118406
vt 0.499216 0.115671
vt 0.504444 0.115263
vt 0.501082 0.112548
vt 0.505280 0.112133
vt 0.502422 0.109104
vt 0.506080 0.108945
vt 0.503421 0.105649
vt 0.506766 0.105731
vt 0.620514 0.128004
vt 0.615677 0.127972
vt 0.615494 0.124735
vt 0.621335 0.124386
vt 0.615131 0.121479
vt 0.620992 0.120273
vt 0.614390 0.118160
vt 0.619713 0.116621
vt 0.613126 0.114807
vt 0.616701 0.113439
vt 0.611797 0.111265
vt 0.615057 0.109962
vt 0.610683 0.107562
vt 0.613869 0.106473
vt 0.609943 0.127599
vt 0.610161 0.124586
vt 0.610057 0.121614
vt 0.609674 0.118583
vt 0.608975 0.115396
vt 0.608119 0.111961
vt 0.607311 0.108308
vt 0.605633 0.127161
vt 0.605839 0.124027
vt 0.605785 0.121140
vt 0.605414 0.118290
vt 0.604794 0.115337
vt 0.604177 0.112189
vt 0.603611 0.108817
vt 0.602602 0.147110
vt 0.603962 0.143587
vt 0.606682 0.145163
vt 0.604457 0.148939
vt 0.604118 0.139716
vt 0.607398 0.140286
vt 0.603291 0.135893
vt 0.606494 0.135151
vt 0.601802 0.132760
vt 0.604426 0.131400
vt 0.603070 0.105259
vt 0.606605 0.104506
vt 0.609774 0.103760
vt 0.612774 0.102909
vt 0.504358 0.102170
vt 0.507333 0.102486
vt 0.508166 0.095609
vt 0.505506 0.095420
vt 0.506276 0.088621
vt 0.508754 0.088719
vt 0.506801 0.081857
vt 0.509122 0.081869
vt 0.506855 0.075104
vt 0.509134 0.075034
vt 0.506237 0.068350
vt 0.508797 0.068197
vt 0.611494 0.096133
vt 0.608572 0.096868
vt 0.607842 0.089972
vt 0.610682 0.089387
vt 0.607538 0.083025
vt 0.610220 0.082611
vt 0.607788 0.076052
vt 0.610375 0.075860
vt 0.608800 0.069028
vt 0.611414 0.069123
vt 0.605616 0.097583
vt 0.604969 0.090552
vt 0.604767 0.083439
vt 0.605056 0.076271
vt 0.606025 0.068998
vt 0.602350 0.098337
vt 0.601885 0.091170
vt 0.601922 0.083862
vt 0.602586 0.076468
vt 0.603315 0.069005
vt 0.604428 0.061530
vt 0.607936 0.061682
vt 0.610448 0.061976
vt 0.613168 0.062376
vt 0.505075 0.061571
vt 0.508536 0.061351
vt 0.508148 0.057905
vt 0.504062 0.057940
vt 0.503039 0.052955
vt 0.507743 0.053319
vt 0.502351 0.047897
vt 0.507688 0.048871
vt 0.502427 0.043961
vt 0.507880 0.045432
vt 0.614621 0.058772
vt 0.611252 0.057952
vt 0.612065 0.052810
vt 0.616132 0.053815
vt 0.612569 0.048084
vt 0.617205 0.048776
vt 0.612205 0.044618
vt 0.617239 0.044839
vt 0.608247 0.057393
vt 0.608541 0.052136
vt 0.608556 0.047670
vt 0.608050 0.044827
vt 0.605124 0.057033
vt 0.605433 0.051936
vt 0.605756 0.047642
vt 0.605440 0.045348
vt 0.604940 0.042632
vt 0.583670 0.145184
vt 0.583803 0.142392
vt 0.587805 0.142681
vt 0.587661 0.145565
vt 0.591753 0.142833
vt 0.591664 0.145667
vt 0.595399 0.142849
vt 0.595176 0.145685
vt 0.580131 0.142013
vt 0.580280 0.139016
vt 0.583925 0.139377
vt 0.587880 0.139640
vt 0.591838 0.139746
vt 0.595384 0.139763
vt 0.580563 0.136050
vt 0.584079 0.136392
vt 0.587929 0.136627
vt 0.591732 0.136716
vt 0.595229 0.136651
vt 0.580812 0.133875
vt 0.581087 0.130934
vt 0.584341 0.131015
vt 0.584201 0.134255
vt 0.587998 0.131152
vt 0.587946 0.134576
vt 0.591606 0.131283
vt 0.591653 0.134521
vt 0.572552 0.141706
vt 0.572510 0.138144
vt 0.576473 0.138589
vt 0.576414 0.141756
vt 0.573174 0.134649
vt 0.576913 0.135448
vt 0.574626 0.131633
vt 0.576782 0.128529
vt 0.578516 0.130738
vt 0.577691 0.132959
vt 0.584266 0.128494
vt 0.588081 0.128572
vt 0.591773 0.128770
vt 0.595301 0.129004
vt 0.594732 0.131368
vt 0.602491 0.136011
vt 0.603254 0.139641
vt 0.599227 0.139698
vt 0.598795 0.136428
vt 0.603069 0.143304
vt 0.599102 0.142981
vt 0.601792 0.146652
vt 0.598584 0.145810
vt 0.591612 0.148785
vt 0.591897 0.152134
vt 0.587373 0.152360
vt 0.587492 0.148712
vt 0.582857 0.151483
vt 0.583368 0.148200
vt 0.578607 0.149775
vt 0.579660 0.147493
vt 0.533026 0.033852
vt 0.529687 0.033668
vt 0.530102 0.031170
vt 0.533689 0.030848
vt 0.530311 0.028499
vt 0.534042 0.027929
vt 0.523125 0.038227
vt 0.526359 0.038157
vt 0.526389 0.041466
vt 0.522936 0.041232
vt 0.526432 0.033802
vt 0.523024 0.034036
vt 0.522930 0.031761
vt 0.526544 0.031467
vt 0.522796 0.029367
vt 0.526605 0.028989
vt 0.519851 0.038503
vt 0.519517 0.041575
vt 0.519563 0.034398
vt 0.519280 0.032160
vt 0.518941 0.029756
vt 0.516752 0.039107
vt 0.516132 0.042356
vt 0.513160 0.041311
vt 0.514468 0.039244
vt 0.516170 0.034922
vt 0.512664 0.035797
vt 0.511837 0.033470
vt 0.515610 0.032684
vt 0.511238 0.030768
vt 0.515099 0.030193
vt 0.537369 0.026395
vt 0.537244 0.030951
vt 0.536499 0.034936
vt 0.594980 0.134388
vt 0.580005 0.144820
vt 0.595274 0.148417
vt 0.596185 0.151123
vt 0.596973 0.132159
vt 0.598748 0.129987
vt 0.601045 0.133064
vt 0.598098 0.134072
vt 0.580546 0.128581
vt 0.573458 0.145018
vt 0.576558 0.144600
vt 0.599393 0.149122
vt 0.597675 0.147727
vt 0.575079 0.147920
vt 0.576846 0.146785
vt 0.534087 0.038128
vt 0.531892 0.040339
vt 0.531109 0.038272
vt 0.531995 0.036410
vt 0.509100 0.037319
vt 0.507823 0.034228
vt 0.507240 0.030709
vt 0.519779 0.036489
vt 0.523099 0.036167
vt 0.526312 0.036011
vt 0.530556 0.024076
vt 0.534005 0.023318
vt 0.522407 0.025562
vt 0.526561 0.024871
vt 0.518170 0.025822
vt 0.607581 0.041531
vt 0.611122 0.040674
vt 0.616009 0.040072
vt 0.504529 0.040037
vt 0.509007 0.041931
vt 0.512357 0.043307
vt 0.515490 0.044062
vt 0.519115 0.043689
vt 0.522975 0.043478
vt 0.526752 0.043412
vt 0.530250 0.043374
vt 0.533351 0.042693
vt 0.536852 0.041197
vt 0.541741 0.040000
vt 0.563960 0.038450
vt 0.568007 0.039602
vt 0.571099 0.040615
vt 0.573774 0.042077
vt 0.530611 0.020312
vt 0.530753 0.017366
vt 0.534608 0.017365
vt 0.533738 0.020049
vt 0.514289 0.026388
vt 0.513655 0.037789
vt 0.516626 0.036973
vt 0.529189 0.038151
vt 0.529296 0.035991
vt 0.511084 0.039704
vt 0.529645 0.041482
vt 0.536565 0.020729
vt 0.513316 0.023037
vt 0.512269 0.020083
vt 0.597387 0.044998
vt 0.601002 0.042532
vt 0.604285 0.040230
vt 0.606889 0.038538
vt 0.610140 0.037809
vt 0.614344 0.037141
vt 0.508010 0.037675
vt 0.510465 0.040280
vt 0.512869 0.041954
vt 0.515903 0.043043
vt 0.519386 0.042376
vt 0.522932 0.042061
vt 0.526478 0.042212
vt 0.529824 0.042200
vt 0.532235 0.041042
vt 0.534755 0.038764
vt 0.537725 0.035288
vt 0.565350 0.035005
vt 0.568973 0.036348
vt 0.571840 0.037554
vt 0.573704 0.039189
vt 0.576596 0.042112
vt 0.580186 0.044695
vt 0.584667 0.045931
vt 0.588828 0.046009
vt 0.593258 0.046221
vt 0.538316 0.030814
vt 0.538332 0.025914
vt 0.537293 0.019900
vt 0.534646 0.016414
vt 0.530794 0.016631
vt 0.512028 0.019339
vt 0.516642 0.019821
vt 0.508260 0.021221
vt 0.521411 0.019375
vt 0.525844 0.018500
vt 0.506590 0.026228
vt 0.506205 0.030298
vt 0.506650 0.034539
vn 0.636500 0.750609 0.177353
vn 0.374183 0.915200 0.149652
vn 0.332006 0.929815 0.158795
vn 0.593901 0.789725 0.153679
vn 0.291311 0.938836 0.183646
vn 0.523043 0.831620 0.186639
vn 0.271183 0.941526 0.199970
vn 0.472239 0.855706 0.211560
vn 0.249108 0.945862 0.208065
vn 0.432288 0.878188 0.204726
vn 0.079112 0.990514 0.112351
vn 0.061184 0.989261 0.132740
vn 0.054710 0.986699 0.153073
vn 0.060677 0.983933 0.167913
vn 0.076948 0.979397 0.186711
vn -0.231299 0.970867 0.062600
vn -0.228626 0.970504 0.076504
vn -0.207280 0.973456 0.097053
vn -0.177977 0.977304 0.114897
vn -0.115600 0.985497 0.124227
vn -0.503634 0.863711 0.018859
vn -0.502834 0.864352 0.007250
vn -0.473100 0.880773 0.020395
vn -0.429292 0.902187 0.042037
vn -0.351417 0.935801 0.027975
vn 0.633645 0.741448 0.220791
vn 0.392249 0.904815 0.165684
vn 0.095703 0.988974 0.113008
vn -0.214358 0.974152 0.071260
vn -0.478251 0.876402 0.056535
vn -0.708480 0.704123 0.047611
vn -0.714149 0.699864 -0.013495
vn -0.708817 0.703848 -0.046656
vn -0.688923 0.722993 -0.051641
vn -0.649461 0.759594 -0.034892
vn -0.596305 0.800508 -0.060062
vn -0.545145 0.833866 -0.086510
vn -0.247200 0.968291 0.036123
vn -0.027703 0.989147 0.144295
vn 0.098434 0.974940 0.199507
vn 0.209349 0.957156 0.200063
vn 0.385409 0.906114 0.174406
vn 0.650770 0.742864 0.157006
vn 0.671422 0.713472 0.200375
vn 0.704646 0.677552 0.210708
vn 0.756924 0.630658 0.171281
vn 0.808659 0.572501 0.135328
vn 0.819644 0.535425 0.203725
vn 0.798743 0.534861 0.275562
vn 0.348072 0.927544 0.136047
vn 0.163588 0.973769 0.158157
vn 0.092697 0.987449 0.127872
vn 0.309287 0.946170 0.095413
vn 0.015114 0.989678 0.142507
vn 0.248549 0.959638 0.131597
vn 0.011439 0.992954 0.117950
vn 0.227943 0.955154 0.189003
vn 0.101002 0.977445 0.185472
vn 0.087449 0.980986 0.173262
vn 0.088284 0.980677 0.174584
vn 0.099680 0.987934 0.118531
vn 0.045094 0.986336 0.158457
vn 0.133612 0.981178 0.139419
vn 0.212984 0.963223 0.163827
vn 0.220092 0.960752 0.168862
vn -0.152280 0.986754 0.055931
vn -0.043588 0.998964 0.013062
vn 0.031670 0.996530 0.076980
vn 0.009846 0.980218 0.197674
vn -0.492260 0.866639 -0.081342
vn -0.443280 0.888296 -0.120142
vn -0.433219 0.899716 -0.053224
vn -0.437054 0.887025 0.148898
vn 0.589901 0.764664 0.259432
vn 0.629038 0.763208 0.147732
vn 0.644399 0.755391 0.118892
vn 0.640105 0.755567 0.139227
vn 0.444838 0.755407 -0.481123
vn 0.358354 0.725556 -0.587496
vn 0.434834 0.892508 -0.119783
vn 0.566716 0.823904 -0.004001
vn 0.407251 0.877538 0.253127
vn 0.574548 0.760187 0.303331
vn 0.389143 0.856562 0.338924
vn 0.576397 0.719545 0.387327
vn 0.398806 0.869046 0.292768
vn 0.600290 0.727538 0.332176
vn 0.400382 0.886698 0.231218
vn 0.619050 0.740909 0.260445
vn 0.395826 0.898801 0.188357
vn 0.625037 0.745057 0.232849
vn 0.240164 0.722612 -0.648192
vn 0.190006 0.966425 -0.172978
vn 0.108752 0.969956 0.217618
vn 0.095801 0.957934 0.270525
vn 0.103990 0.964651 0.242146
vn 0.103967 0.974569 0.198510
vn 0.103059 0.984850 0.139465
vn 0.116968 0.766845 -0.631085
vn -0.061450 0.990589 -0.122297
vn -0.161264 0.967286 0.195837
vn -0.180603 0.958056 0.222513
vn -0.193320 0.960117 0.201996
vn -0.196468 0.968358 0.153895
vn -0.197349 0.975421 0.098016
vn -0.049230 0.815595 -0.576525
vn -0.307778 0.949985 -0.052924
vn -0.394540 0.899935 0.185621
vn -0.414770 0.887108 0.202499
vn -0.428087 0.884911 0.183507
vn -0.433658 0.892674 0.122774
vn -0.447727 0.890403 0.081989
vn 0.250313 0.559567 -0.790081
vn 0.240805 0.492029 -0.836613
vn 0.222916 0.459137 -0.859943
vn 0.212233 0.456973 -0.863790
vn 0.183321 0.506091 -0.842772
vn 0.132256 0.561987 -0.816504
vn -0.244337 0.813220 -0.528178
vn -0.552562 0.832696 -0.035952
vn -0.612194 0.774559 0.158986
vn -0.628261 0.752161 0.198854
vn -0.649248 0.739289 0.178685
vn -0.665428 0.737761 0.113638
vn -0.687710 0.721426 0.081236
vn 0.782221 0.551871 0.289082
vn 0.758305 0.567853 0.320182
vn 0.719635 0.572591 0.392765
vn 0.681533 0.576791 0.450360
vn 0.686860 0.629111 0.363928
vn 0.699448 0.710641 0.075911
vn 0.563739 0.709450 -0.422940
vn 0.298964 0.558194 -0.773977
vn 0.585101 -0.492099 -0.644589
vn 0.714682 -0.244416 -0.655355
vn 0.916510 -0.351981 -0.190049
vn 0.762875 -0.579598 -0.286510
vn 0.938550 -0.323809 0.119464
vn 0.825594 -0.563728 0.024614
vn 0.876954 -0.283284 0.388203
vn 0.755944 -0.524784 0.391343
vn 0.773593 -0.282568 0.567194
vn 0.618551 -0.502793 0.603817
vn 0.733629 -0.319245 0.599893
vn 0.589090 -0.532565 0.607740
vn 0.755330 -0.362381 0.546037
vn 0.604656 -0.565820 0.560570
vn 0.774052 0.055755 -0.630662
vn 0.992102 -0.077766 -0.098416
vn 0.968446 -0.080565 0.235841
vn 0.902468 -0.039630 0.428931
vn 0.848948 -0.028835 0.527689
vn 0.833254 -0.060239 0.549600
vn 0.859229 -0.092752 0.503113
vn 0.739452 0.324418 -0.589885
vn 0.975458 0.219757 -0.013749
vn 0.925900 0.165795 0.339442
vn 0.858997 0.164401 0.484868
vn 0.847167 0.173774 0.502106
vn 0.858851 0.152180 0.489098
vn 0.887124 0.115832 0.446760
vn 0.667482 0.571300 -0.477582
vn 0.852188 0.519128 0.065436
vn 0.820337 0.424965 0.382690
vn 0.782898 0.379555 0.492960
vn 0.802625 0.383021 0.457261
vn 0.837487 0.364463 0.407163
vn 0.872116 0.322049 0.368371
vn 0.305675 -0.257845 -0.916558
vn 0.333329 -0.016371 -0.942668
vn 0.341511 0.206977 -0.916804
vn 0.304296 0.346722 -0.887236
vn 0.320999 0.473384 -0.820285
vn 0.899046 0.292695 0.325646
vn 0.923556 0.076806 0.375693
vn 0.893056 -0.133701 0.429621
vn 0.782546 -0.406419 0.471642
vn 0.629822 -0.606486 0.485283
vn 0.388249 -0.797572 0.461673
vn 0.351151 -0.765920 0.538571
vn 0.347935 -0.718058 0.602772
vn 0.381898 -0.655730 0.651286
vn 0.532815 -0.740412 0.409754
vn 0.600681 -0.796999 -0.063045
vn 0.521499 -0.754711 -0.398058
vn 0.386625 -0.633467 -0.670254
vn 0.240587 -0.377661 -0.894142
vn 0.679558 -0.638717 0.360891
vn 0.813476 -0.457981 0.358485
vn 0.816632 -0.529591 0.229447
vn 0.706253 -0.660987 0.253582
vn 0.783975 -0.610838 0.110728
vn 0.682348 -0.715521 0.149766
vn 0.771183 -0.636053 0.026702
vn 0.622678 -0.782002 0.027307
vn 0.813204 -0.581001 -0.033733
vn 0.581553 -0.809543 -0.080225
vn 0.922791 -0.217480 0.318055
vn 0.926385 -0.330731 0.180077
vn 0.914515 -0.391278 0.102778
vn 0.938224 -0.333574 0.092003
vn 0.976441 -0.208064 0.057210
vn 0.963664 0.027164 0.265733
vn 0.990061 -0.016301 0.139692
vn 0.991751 -0.013073 0.127509
vn 0.985507 0.045112 0.163529
vn 0.982751 0.132133 0.129391
vn 0.929225 0.289078 0.230164
vn 0.941833 0.311357 0.126524
vn 0.924050 0.351389 0.150525
vn 0.898846 0.391336 0.197312
vn 0.875723 0.448614 0.178477
vn 0.849209 0.511893 0.129649
vn 0.975261 0.208295 0.074029
vn 0.993730 -0.111779 0.002488
vn 0.862378 -0.495785 -0.102481
vn 0.587703 -0.787449 -0.185820
vn 0.348459 -0.917156 -0.193394
vn 0.407654 -0.910582 -0.068258
vn 0.475703 -0.877557 0.060012
vn 0.514101 -0.841263 0.167265
vn 0.507943 -0.828438 0.235976
vn 0.460521 -0.825466 0.326384
vn 0.623818 -0.694362 -0.358766
vn 0.896082 -0.387618 -0.216310
vn 0.927875 -0.245627 -0.280561
vn 0.674307 -0.542727 -0.500758
vn 0.972355 -0.212240 -0.097365
vn 0.741952 -0.557632 -0.372228
vn 0.930393 -0.275458 0.241853
vn 0.735804 -0.676667 -0.026719
vn 0.998230 -0.025014 -0.053956
vn 0.994617 0.085977 -0.057836
vn 0.985087 0.145035 0.092571
vn 0.930516 0.110114 0.349308
vn 0.962243 0.265497 0.060000
vn 0.941170 0.329835 0.073536
vn 0.921664 0.359108 0.146891
vn 0.883125 0.323246 0.340004
vn 0.831934 0.539976 0.127716
vn 0.828119 0.544544 0.133005
vn 0.822441 0.547298 0.155098
vn 0.791248 0.531266 0.302791
vn 0.284309 -0.737083 -0.613088
vn 0.309733 -0.862326 -0.400575
vn -0.245135 -0.650709 -0.718670
vn 0.042206 -0.756894 -0.652174
vn -0.049129 -0.945286 -0.322521
vn -0.353253 -0.826053 -0.439146
vn -0.124021 -0.991902 0.027386
vn -0.398368 -0.915911 -0.049098
vn -0.150831 -0.943510 0.295023
vn -0.398989 -0.882476 0.249087
vn -0.131279 -0.904840 0.405007
vn -0.397117 -0.840990 0.367471
vn -0.119606 -0.921819 0.368706
vn -0.404247 -0.832714 0.378380
vn -0.152545 -0.956746 0.247726
vn -0.428682 -0.853391 0.296573
vn 0.050106 -0.791802 -0.608719
vn -0.050955 -0.945854 -0.320568
vn -0.165306 -0.986241 0.001902
vn -0.230578 -0.922159 0.310574
vn -0.209537 -0.874400 0.437629
vn -0.156120 -0.922484 0.353057
vn -0.121103 -0.972668 0.198120
vn -0.043844 -0.753410 -0.656088
vn -0.151472 -0.903517 -0.400890
vn -0.258878 -0.961349 -0.093759
vn -0.342284 -0.899747 0.270734
vn -0.343944 -0.818662 0.459887
vn -0.289275 -0.880337 0.375934
vn -0.198388 -0.951014 0.237095
vn 0.118328 -0.720078 -0.683730
vn 0.113563 -0.884078 -0.453332
vn 0.095542 -0.985967 -0.136897
vn 0.012459 -0.939447 0.342468
vn -0.073324 -0.801991 0.592818
vn -0.085961 -0.860520 0.502112
vn -0.041089 -0.919347 0.391296
vn -0.046999 -0.387072 -0.920851
vn 0.143937 -0.422883 -0.894680
vn 0.137507 -0.472922 -0.870308
vn 0.057981 -0.451174 -0.890551
vn 0.133093 -0.429849 -0.893038
vn 0.056327 -0.942090 0.330596
vn -0.098197 -0.975308 0.197818
vn -0.121393 -0.980792 0.152682
vn -0.222559 -0.957457 0.183696
vn -0.470613 -0.854324 0.220574
vn -0.758843 -0.614724 0.215110
vn -0.756770 -0.590639 0.280080
vn -0.752473 -0.560851 0.345296
vn -0.750685 -0.565014 0.342390
vn -0.761536 -0.610863 0.216584
vn -0.741166 -0.656115 -0.142079
vn -0.601144 -0.602182 -0.525360
vn -0.443374 -0.518950 -0.730828
vn -0.181723 -0.345676 -0.920590
vn -0.520799 -0.839603 0.154391
vn -0.294073 -0.944885 0.143924
vn -0.338993 -0.937622 0.077131
vn -0.557247 -0.827749 0.065627
vn -0.365926 -0.929179 0.052201
vn -0.576756 -0.816458 0.027383
vn -0.380952 -0.924183 0.027592
vn -0.577674 -0.816227 -0.008147
vn -0.360779 -0.930664 -0.060853
vn -0.526865 -0.840978 -0.123165
vn -0.138431 -0.980905 0.136607
vn -0.151856 -0.984209 0.090957
vn -0.159612 -0.984179 0.076908
vn -0.170115 -0.983945 0.053970
vn -0.182747 -0.982785 -0.027166
vn -0.014812 -0.986026 0.165933
vn 0.037705 -0.991408 0.125251
vn 0.057992 -0.992285 0.109580
vn 0.045480 -0.996503 0.070099
vn 0.003596 -0.999711 -0.023780
vn 0.168226 -0.956343 0.238974
vn 0.244507 -0.953110 0.178320
vn 0.277296 -0.950023 0.143396
vn 0.262247 -0.962164 0.073942
vn 0.200359 -0.978838 -0.041616
vn 0.120088 -0.981544 -0.148832
vn -0.047592 -0.992908 -0.108942
vn -0.186721 -0.976792 -0.104940
vn -0.297576 -0.941695 -0.157034
vn -0.409236 -0.873133 -0.264886
vn -0.522971 -0.758257 -0.389291
vn -0.666263 -0.717892 -0.201803
vn -0.742204 -0.667538 -0.059381
vn -0.771432 -0.636250 -0.008871
vn -0.776022 -0.629047 0.045710
vn -0.766691 -0.625506 0.144659
vn -0.252016 -0.881801 -0.398641
vn -0.202600 -0.945104 -0.256381
vn -0.087890 -0.933438 -0.347807
vn -0.087590 -0.854756 -0.511587
vn 0.006196 -0.934800 -0.355120
vn 0.030845 -0.894864 -0.445271
vn 0.063429 -0.971302 -0.229237
vn 0.041826 -0.957579 -0.285121
vn 0.039267 -0.952206 -0.302923
vn 0.016810 -0.979760 -0.199467
vn -0.170017 -0.967350 -0.187957
vn -0.137049 -0.955423 -0.261504
vn -0.107815 -0.945598 -0.306952
vn -0.102350 -0.939795 -0.326051
vn -0.110656 -0.929979 -0.350563
vn -0.088858 -0.974216 -0.207383
vn -0.147779 -0.937136 -0.316130
vn -0.227973 -0.899405 -0.372959
vn -0.281364 -0.894622 -0.347110
vn -0.269523 -0.892967 -0.360510
vn 0.036409 -0.951048 -0.306891
vn -0.069236 -0.865843 -0.495503
vn -0.205944 -0.822371 -0.530371
vn -0.337711 -0.866864 -0.366741
vn -0.349154 -0.889516 -0.294708
vn 0.250088 -0.763098 -0.595934
vn 0.163881 -0.933435 -0.319128
vn 0.043510 -0.998067 -0.044378
vn -0.368361 -0.852428 0.371049
vn -0.239469 -0.884873 0.399568
vn -0.216341 -0.959901 0.178286
vn -0.353915 -0.923604 0.147306
vn -0.104314 -0.890977 0.441904
vn -0.044604 -0.971753 0.231746
vn -0.252286 -0.593105 0.764577
vn -0.087985 -0.864727 0.494475
vn 0.016152 -0.805073 0.592955
vn -0.072793 -0.633745 0.770109
vn -0.300183 -0.951269 0.070550
vn -0.280601 -0.950226 -0.135399
vn -0.271623 -0.808183 -0.522554
vn -0.246024 -0.717955 -0.651163
vn -0.343148 -0.760851 -0.550778
vn -0.389038 0.746549 -0.539735
vn -0.499663 0.564836 -0.656733
vn -0.803740 0.556681 -0.210020
vn -0.689149 0.720401 -0.078082
vn -0.849889 0.523118 0.063526
vn -0.732180 0.670955 0.117185
vn -0.855207 0.416353 0.308661
vn -0.769392 0.591279 0.241712
vn -0.886508 0.350214 0.302414
vn -0.815704 0.538158 0.212162
vn -0.932225 0.312702 0.182138
vn -0.845288 0.519737 0.123942
vn -0.953116 0.276786 0.122307
vn -0.869899 0.484260 0.093638
vn -0.577599 0.249845 -0.777146
vn -0.902112 0.224525 -0.368487
vn -0.979598 0.200146 -0.018181
vn -0.941501 0.156015 0.298723
vn -0.921505 0.143833 0.360750
vn -0.960135 0.132489 0.246145
vn -0.983695 0.113146 0.139792
vn -0.585736 -0.134923 -0.799193
vn -0.874036 -0.176805 -0.452551
vn -0.984117 -0.156821 -0.083194
vn -0.961491 -0.120533 0.246994
vn -0.931184 -0.079499 0.355776
vn -0.957601 -0.058127 0.282173
vn -0.981192 -0.073101 0.178656
vn -0.539854 -0.384238 -0.748945
vn -0.755936 -0.422642 -0.499935
vn -0.909791 -0.391515 -0.137831
vn -0.922800 -0.326290 0.204878
vn -0.900929 -0.283678 0.328411
vn -0.911094 -0.283511 0.299215
vn -0.924086 -0.307769 0.226592
vn 0.076156 0.545871 -0.834401
vn 0.020454 0.447957 -0.893821
vn -0.067149 0.267784 -0.961136
vn -0.152584 -0.016183 -0.988158
vn -0.212180 -0.236223 -0.948250
vn -0.922694 -0.348713 0.164423
vn -0.987352 -0.119970 0.103647
vn -0.993606 0.096611 0.058431
vn -0.965905 0.255781 0.040036
vn -0.889009 0.456739 0.032455
vn -0.885043 0.462476 -0.053059
vn -0.976086 0.208951 -0.059960
vn -0.980438 0.163249 -0.109956
vn -0.871235 0.482757 -0.088858
vn -0.981387 0.144507 -0.126483
vn -0.862478 0.495668 -0.102199
vn -0.966243 0.183445 -0.180894
vn -0.828937 0.548059 -0.111781
vn -0.918680 0.315253 -0.237996
vn -0.760451 0.637039 -0.126080
vn -0.999793 0.015524 -0.013167
vn -0.990484 -0.111312 -0.080945
vn -0.975433 -0.185492 -0.118844
vn -0.960976 -0.195489 -0.195726
vn -0.937407 -0.123044 -0.325773
vn -0.979162 -0.196133 0.052665
vn -0.957362 -0.287960 -0.023162
vn -0.928317 -0.360836 -0.089581
vn -0.894820 -0.414948 -0.164667
vn -0.841388 -0.433467 -0.322757
vn -0.909179 -0.402781 0.105643
vn -0.898407 -0.438791 0.018105
vn -0.879338 -0.473407 -0.051485
vn -0.834437 -0.538687 -0.116326
vn -0.748580 -0.606169 -0.268676
vn -0.627229 -0.621385 -0.469536
vn -0.785284 -0.375430 -0.492322
vn -0.903794 0.021742 -0.427415
vn -0.841477 0.457965 -0.286679
vn -0.698897 0.696323 -0.163329
vn -0.668462 0.724751 -0.167017
vn -0.796141 0.538884 -0.275252
vn -0.789959 0.574024 -0.215550
vn -0.667548 0.726085 -0.164863
vn -0.800912 0.581074 -0.144543
vn -0.686460 0.717630 -0.117393
vn -0.824656 0.561647 0.067051
vn -0.690880 0.718187 0.083021
vn -0.880197 0.163714 -0.445478
vn -0.887985 0.290143 -0.356791
vn -0.912102 0.356481 -0.202461
vn -0.943205 0.323070 0.077390
vn -0.765703 -0.234369 -0.598975
vn -0.836152 -0.060681 -0.545131
vn -0.948166 0.034166 -0.315933
vn -0.997256 -0.028483 0.068334
vn -0.526977 -0.558148 -0.640910
vn -0.577303 -0.449908 -0.681398
vn -0.763263 -0.441929 -0.471304
vn -0.823385 -0.567427 -0.008000
vn -0.699404 -0.603880 0.382313
vn 0.070955 0.290682 -0.954185
vn 0.082949 0.300011 -0.950323
vn 0.197653 0.290168 -0.936342
vn 0.196100 0.270559 -0.942519
vn 0.305638 0.274995 -0.911572
vn 0.298363 0.249321 -0.921313
vn 0.401165 0.263389 -0.877321
vn 0.389335 0.235262 -0.890545
vn -0.015739 0.302163 -0.953126
vn -0.005432 0.310171 -0.950665
vn 0.095718 0.307919 -0.946585
vn 0.204816 0.302255 -0.930963
vn 0.309977 0.289408 -0.905625
vn 0.402326 0.266582 -0.875824
vn 0.006334 0.272087 -0.962252
vn 0.107751 0.287783 -0.951615
vn 0.211949 0.289673 -0.933363
vn 0.303733 0.274276 -0.912425
vn 0.381151 0.233896 -0.894437
vn 0.040434 0.226590 -0.973151
vn 0.098610 0.197932 -0.975243
vn 0.142755 0.226848 -0.963411
vn 0.126733 0.261357 -0.956886
vn 0.223162 0.226793 -0.948032
vn 0.217626 0.267511 -0.938657
vn 0.269301 0.224750 -0.936464
vn 0.286395 0.249949 -0.924934
vn 0.044908 0.338845 -0.939770
vn 0.048501 0.286761 -0.956774
vn -0.079972 0.311816 -0.946771
vn -0.073093 0.313842 -0.946658
vn 0.036600 0.160127 -0.986418
vn -0.080265 0.249726 -0.964984
vn 0.042125 -0.006902 -0.999089
vn 0.103526 -0.049905 -0.993374
vn 0.030395 0.140194 -0.989657
vn -0.048850 0.161127 -0.985724
vn 0.127071 -0.016790 -0.991752
vn 0.204993 -0.029861 -0.978308
vn 0.233424 -0.003792 -0.972368
vn 0.177122 -0.003230 -0.984184
vn 0.288768 0.196731 -0.936969
vn 0.280251 0.100682 -0.954632
vn 0.320856 0.262565 -0.910006
vn 0.470230 0.245431 -0.847730
vn 0.449445 0.176304 -0.875737
vn 0.336442 0.341447 -0.877622
vn 0.462260 0.264783 -0.846290
vn 0.325834 0.364971 -0.872140
vn 0.436334 0.242790 -0.866410
vn 0.282395 0.195411 -0.939185
vn 0.250045 0.258161 -0.933183
vn 0.191826 0.248046 -0.949566
vn 0.187082 0.200217 -0.961724
vn 0.134240 0.290971 -0.947267
vn 0.070159 0.239392 -0.968385
vn 0.090441 0.387794 -0.917298
vn -0.009215 0.298699 -0.954303
vn -0.056416 0.040871 0.997570
vn -0.157352 -0.030494 0.987072
vn -0.246700 -0.209788 0.946112
vn -0.139108 -0.116816 0.983363
vn -0.342960 -0.448783 0.825210
vn -0.274285 -0.399847 0.874580
vn -0.146322 0.398449 0.905444
vn -0.150656 0.369396 0.916978
vn -0.133568 0.603720 0.785927
vn -0.114216 0.613599 0.781314
vn -0.240905 -0.091831 0.966194
vn -0.235750 -0.129261 0.963179
vn -0.267192 -0.297059 0.916714
vn -0.296189 -0.269463 0.916331
vn -0.276334 -0.504847 0.817783
vn -0.345602 -0.487701 0.801690
vn -0.138418 0.408164 0.902354
vn -0.057392 0.595896 0.801009
vn -0.218798 -0.129998 0.967072
vn -0.227584 -0.300102 0.926361
vn -0.206236 -0.481810 0.851661
vn -0.132509 0.400887 0.906494
vn -0.074936 0.589860 0.804021
vn -0.173484 0.524129 0.833782
vn -0.119153 0.365191 0.923276
vn -0.240729 -0.084279 0.966926
vn -0.234431 -0.007238 0.972106
vn -0.211735 -0.188811 0.958915
vn -0.227380 -0.258533 0.938861
vn -0.154038 -0.349860 0.924051
vn -0.180441 -0.423209 0.887882
vn -0.011607 -0.380623 0.924657
vn 0.089553 -0.043140 0.995047
vn 0.118258 0.118101 0.985935
vn 0.337347 0.200266 -0.919832
vn -0.023104 0.296502 -0.954753
vn 0.369178 0.214079 -0.904366
vn 0.301493 0.316440 -0.899426
vn 0.346486 0.146398 -0.926561
vn 0.185873 -0.029618 -0.982127
vn 0.223761 -0.015887 -0.974515
vn 0.399336 0.129877 -0.907559
vn 0.138220 -0.022493 -0.990146
vn 0.083764 0.383330 -0.919805
vn -0.047478 0.313515 -0.948396
vn 0.325481 0.362850 -0.873156
vn 0.415579 0.231629 -0.879569
vn 0.090920 0.419073 -0.903389
vn -0.025918 0.328371 -0.944193
vn 0.115133 0.255256 0.959994
vn 0.052582 0.443055 0.894951
vn -0.032909 0.313411 0.949047
vn -0.024815 0.174841 0.984284
vn -0.339027 0.125952 0.932307
vn -0.331388 -0.094816 0.938718
vn -0.316665 -0.265037 0.910757
vn -0.194788 0.133730 0.971686
vn -0.190993 0.112487 0.975125
vn -0.182817 0.120717 0.975708
vn -0.408703 -0.715825 0.566177
vn -0.445703 -0.673611 0.589574
vn -0.258964 -0.763349 0.591808
vn -0.374328 -0.738489 0.560814
vn -0.158345 -0.757023 0.633911
vn -0.851572 -0.147117 0.503172
vn -0.840112 0.177815 0.512439
vn -0.771206 0.461392 0.438587
vn -0.648889 0.674484 0.352158
vn -0.420617 0.840179 0.342317
vn -0.073397 0.916399 0.393478
vn 0.124998 0.908771 0.398134
vn 0.030084 0.938910 0.342846
vn -0.006897 0.952269 0.305184
vn 0.205800 0.904811 0.372777
vn 0.493200 0.714286 0.496538
vn 0.653341 0.462617 0.599276
vn 0.709345 0.251962 0.658289
vn 0.734982 0.031379 0.677361
vn 0.716383 -0.339148 0.609733
vn 0.558056 -0.752949 0.348770
vn -0.459995 -0.804910 0.374867
vn -0.479670 -0.858389 0.181893
vn -0.454703 -0.825178 0.335152
vn -0.536834 -0.747610 0.391011
vn -0.111191 -0.707969 0.697436
vn -0.200469 0.209985 0.956932
vn -0.208217 0.172465 0.962757
vn -0.066477 0.337822 0.938860
vn -0.093923 0.139874 0.985705
vn -0.318896 0.352561 0.879776
vn -0.018075 0.557048 0.830283
vn -0.248320 -0.718382 0.649819
vn -0.006595 -0.855505 0.517752
vn 0.039733 -0.943811 0.328090
vn -0.000252 -0.997535 -0.070177
vn -0.276399 -0.932746 0.231492
vn -0.535351 -0.586535 0.607763
vn -0.602403 -0.201044 0.772459
vn -0.588937 0.021366 0.807896
vn -0.585135 0.295941 0.755007
vn -0.533111 0.555565 0.638075
vn -0.329504 0.735594 0.591886
vn -0.093021 0.758535 0.644959
vn 0.008735 0.720669 0.693224
vn -0.075211 0.748192 0.659205
vn -0.088180 0.783639 0.614926
vn 0.094939 0.749955 0.654641
vn 0.275185 0.589031 0.759813
vn 0.388009 0.353304 0.851250
vn 0.404981 0.180634 0.896304
vn 0.407087 -0.014852 0.913269
vn 0.356593 -0.369635 0.858027
vn 0.186631 -0.770645 0.609324
vn -0.168779 -0.972575 0.160037
vn -0.381369 -0.906929 -0.178990
vn -0.290592 -0.926478 -0.239155
vn -0.151696 -0.966865 -0.205329
vn 0.015736 -0.984034 -0.177283
s 1
g R_F_Proximal_Phalanx_3 Feet M_Skeleton
usemtl Skeleton_Feet_SG
f 1/1/1 2/2/2 3/3/3 4/4/4
f 4/4/4 3/3/3 5/5/5 6/6/6
f 6/6/6 5/5/5 7/7/7 8/8/8
f 8/8/8 7/7/7 9/9/9 10/10/10
f 2/2/2 11/11/11 12/12/12 3/3/3
f 3/3/3 12/12/12 13/13/13 5/5/5
f 5/5/5 13/13/13 14/14/14 7/7/7
f 7/7/7 14/14/14 15/15/15 9/9/9
f 11/11/11 16/16/16 17/17/17 12/12/12
f 12/12/12 17/17/17 18/18/18 13/13/13
f 13/13/13 18/18/18 19/19/19 14/14/14
f 14/14/14 19/19/19 20/20/20 15/15/15
f 16/16/16 21/21/21 22/22/22 17/17/17
f 17/17/17 22/22/22 23/23/23 18/18/18
f 18/18/18 23/23/23 24/24/24 19/19/19
f 19/19/19 24/24/24 25/25/25 20/20/20
f 26/26/26 27/27/27 2/2/2 1/1/1
f 27/27/27 28/28/28 11/11/11 2/2/2
f 28/28/28 29/29/29 16/16/16 11/11/11
f 29/29/29 30/30/30 21/21/21 16/16/16
f 30/30/30 31/31/31 32/32/32 21/21/21
f 21/21/21 32/32/32 33/33/33 22/22/22
f 22/22/22 33/33/33 34/34/34 23/23/23
f 23/23/23 34/34/34 35/35/35 24/24/24
f 24/24/24 35/35/35 36/36/36 25/25/25
f 25/25/25 36/36/36 37/37/37 38/38/38
f 38/38/38 39/39/39 20/20/20 25/25/25
f 39/39/39 40/40/40 15/15/15 20/20/20
f 40/40/40 41/41/41 9/9/9 15/15/15
f 41/41/41 42/42/42 10/10/10 9/9/9
f 42/42/42 43/43/43 44/44/44 10/10/10
f 10/10/10 44/44/44 45/45/45 8/8/8
f 8/8/8 45/45/45 46/46/46 6/6/6
f 6/6/6 46/46/46 47/47/47 4/4/4
f 4/4/4 47/47/47 48/48/48 1/1/1
f 1/1/1 48/48/48 49/49/49 26/26/26
f 50/50/50 51/51/51 52/52/52 53/53/53
f 53/53/53 52/52/52 54/54/54 55/55/55
f 55/55/55 54/54/54 56/56/56 57/57/57
f 51/51/51 58/58/58 59/59/59 52/52/52
f 52/52/52 59/59/59 60/60/60 54/54/54
f 54/54/54 60/60/60 61/61/61 56/56/56
f 58/58/58 62/62/62 63/63/63 59/59/59
f 59/59/59 63/63/63 64/64/64 60/60/60
f 60/60/60 64/64/64 65/65/65 61/61/61
f 62/62/62 66/66/66 67/67/67 63/63/63
f 63/63/63 67/67/67 68/68/68 64/64/64
f 64/64/64 68/68/68 69/69/69 65/65/65
f 42/42/42 41/41/41 51/51/51 50/50/50
f 41/41/41 40/40/40 58/58/58 51/51/51
f 40/40/40 39/39/39 62/62/62 58/58/58
f 39/39/39 38/38/38 66/66/66 62/62/62
f 38/38/38 37/37/37 70/70/70 66/66/66
f 66/66/66 70/70/70 71/71/71 67/67/67
f 67/67/67 71/71/71 72/72/72 68/68/68
f 68/68/68 72/72/72 73/73/73 69/69/69
f 57/57/57 74/74/74 75/75/75 55/55/55
f 55/55/55 75/75/75 76/76/76 53/53/53
f 53/53/53 76/76/76 77/77/77 50/50/50
f 50/50/50 77/77/77 43/43/43 42/42/42
f 78/78/78 79/79/79 80/80/80 81/81/81
f 81/81/81 80/80/80 82/82/82 83/83/83
f 83/83/83 82/82/82 84/84/84 85/85/85
f 85/85/85 84/84/84 86/86/86 87/87/87
f 87/87/87 86/86/86 88/88/88 89/89/89
f 89/89/89 88/88/88 90/90/90 91/91/91
f 79/79/79 92/92/92 93/93/93 80/80/80
f 80/80/80 93/93/93 94/94/94 82/82/82
f 82/82/82 94/94/94 95/95/95 84/84/84
f 84/84/84 95/95/95 96/96/96 86/86/86
f 86/86/86 96/96/96 97/97/97 88/88/88
f 88/88/88 97/97/97 98/98/98 90/90/90
f 92/92/92 99/99/99 100/100/100 93/93/93
f 93/93/93 100/100/100 101/101/101 94/94/94
f 94/94/94 101/101/101 102/102/102 95/95/95
f 95/95/95 102/102/102 103/103/103 96/96/96
f 96/96/96 103/103/103 104/104/104 97/97/97
f 97/97/97 104/104/104 105/105/105 98/98/98
f 99/99/99 106/106/106 107/107/107 100/100/100
f 100/100/100 107/107/107 108/108/108 101/101/101
f 101/101/101 108/108/108 109/109/109 102/102/102
f 102/102/102 109/109/109 110/110/110 103/103/103
f 103/103/103 110/110/110 111/111/111 104/104/104
f 104/104/104 111/111/111 112/112/112 105/105/105
f 113/113/113 114/114/114 79/115/79 78/116/78
f 114/114/114 115/117/115 92/118/92 79/115/79
f 115/117/115 116/119/116 99/120/99 92/118/92
f 116/119/116 117/121/117 106/122/106 99/120/99
f 117/121/117 118/123/118 119/124/119 106/122/106
f 106/106/106 119/125/119 120/126/120 107/107/107
f 107/107/107 120/126/120 121/127/121 108/108/108
f 108/108/108 121/127/121 122/128/122 109/109/109
f 109/109/109 122/128/122 123/129/123 110/110/110
f 110/110/110 123/129/123 124/130/124 111/111/111
f 111/111/111 124/130/124 125/131/125 112/112/112
f 112/112/112 125/131/125 31/31/31 30/30/30
f 30/30/30 29/29/29 105/105/105 112/112/112
f 29/29/29 28/28/28 98/98/98 105/105/105
f 28/28/28 27/27/27 90/90/90 98/98/98
f 27/27/27 26/26/26 91/91/91 90/90/90
f 26/26/26 49/49/49 126/132/126 91/91/91
f 91/91/91 126/132/126 127/133/127 89/89/89
f 89/89/89 127/133/127 128/134/128 87/87/87
f 87/87/87 128/134/128 129/135/129 85/85/85
f 85/85/85 129/135/129 130/136/130 83/83/83
f 83/83/83 130/136/130 131/137/131 81/81/81
f 81/81/81 131/137/131 132/138/132 78/78/78
f 78/116/78 132/139/132 133/140/133 113/113/113
f 134/141/134 135/142/135 136/143/136 137/144/137
f 137/144/137 136/143/136 138/145/138 139/146/139
f 139/146/139 138/145/138 140/147/140 141/148/141
f 141/148/141 140/147/140 142/149/142 143/150/143
f 143/150/143 142/149/142 144/151/144 145/152/145
f 145/152/145 144/151/144 146/153/146 147/154/147
f 135/142/135 148/155/148 149/156/149 136/143/136
f 136/143/136 149/156/149 150/157/150 138/145/138
f 138/145/138 150/157/150 151/158/151 140/147/140
f 140/147/140 151/158/151 152/159/152 142/149/142
f 142/149/142 152/159/152 153/160/153 144/151/144
f 144/151/144 153/160/153 154/161/154 146/153/146
f 148/155/148 155/162/155 156/163/156 149/156/149
f 149/156/149 156/163/156 157/164/157 150/157/150
f 150/157/150 157/164/157 158/165/158 151/158/151
f 151/158/151 158/165/158 159/166/159 152/159/152
f 152/159/152 159/166/159 160/167/160 153/160/153
f 153/160/153 160/167/160 161/168/161 154/161/154
f 155/169/155 162/170/162 163/171/163 156/172/156
f 156/172/156 163/171/163 164/173/164 157/174/157
f 157/174/157 164/173/164 165/175/165 158/176/158
f 158/176/158 165/175/165 166/177/166 159/178/159
f 159/178/159 166/177/166 167/179/167 160/180/160
f 160/180/160 167/179/167 168/181/168 161/182/161
f 169/183/169 170/184/170 135/185/135 134/186/134
f 170/184/170 171/187/171 148/188/148 135/185/135
f 171/187/171 172/189/172 155/190/155 148/188/148
f 172/189/172 173/191/173 162/192/162 155/190/155
f 173/191/173 133/140/133 132/139/132 162/192/162
f 162/170/162 132/138/132 131/137/131 163/171/163
f 163/171/163 131/137/131 130/136/130 164/173/164
f 164/173/164 130/136/130 129/135/129 165/175/165
f 165/175/165 129/135/129 128/134/128 166/177/166
f 166/177/166 128/134/128 127/133/127 167/179/167
f 167/179/167 127/133/127 126/132/126 168/181/168
f 168/181/168 126/132/126 49/49/49 174/193/174
f 174/193/174 175/194/175 161/182/161 168/181/168
f 175/195/175 176/196/176 154/161/154 161/168/161
f 176/196/176 177/197/177 146/153/146 154/161/154
f 177/197/177 178/198/178 147/154/147 146/153/146
f 178/198/178 179/199/179 180/200/180 147/154/147
f 147/154/147 180/200/180 181/201/181 145/152/145
f 145/152/145 181/201/181 182/202/182 143/150/143
f 143/150/143 182/202/182 183/203/183 141/148/141
f 141/148/141 183/203/183 184/204/184 139/146/139
f 139/146/139 184/204/184 185/205/185 137/144/137
f 137/144/137 185/205/185 186/206/186 134/141/134
f 134/186/134 186/206/186 187/207/187 169/183/169
f 188/208/188 189/209/189 190/210/190 191/211/191
f 191/211/191 190/210/190 192/212/192 193/213/193
f 193/213/193 192/212/192 194/214/194 195/215/195
f 195/215/195 194/214/194 196/216/196 197/217/197
f 189/209/189 198/218/198 199/219/199 190/210/190
f 190/210/190 199/219/199 200/220/200 192/212/192
f 192/212/192 200/220/200 201/221/201 194/214/194
f 194/214/194 201/221/201 202/222/202 196/216/196
f 198/218/198 203/223/203 204/224/204 199/219/199
f 199/219/199 204/224/204 205/225/205 200/220/200
f 200/220/200 205/225/205 206/226/206 201/221/201
f 201/221/201 206/226/206 207/227/207 202/222/202
f 203/228/203 208/229/208 209/230/209 204/231/204
f 204/231/204 209/230/209 210/232/210 205/233/205
f 205/233/205 210/232/210 211/234/211 206/235/206
f 206/235/206 211/234/211 212/236/212 207/237/207
f 178/198/178 177/197/177 189/209/189 188/208/188
f 177/197/177 176/196/176 198/218/198 189/209/189
f 176/196/176 175/195/175 203/223/203 198/218/198
f 175/194/175 174/193/174 208/229/208 203/228/203
f 174/193/174 49/49/49 48/48/48 208/229/208
f 208/229/208 48/48/48 47/47/47 209/230/209
f 209/230/209 47/47/47 46/46/46 210/232/210
f 210/232/210 46/46/46 45/45/45 211/234/211
f 211/234/211 45/45/45 44/44/44 212/236/212
f 212/236/212 44/44/44 43/43/43 213/238/213
f 213/238/213 214/239/214 207/237/207 212/236/212
f 214/240/214 215/241/215 202/222/202 207/227/207
f 215/241/215 216/242/216 196/216/196 202/222/202
f 216/242/216 217/243/217 197/217/197 196/216/196
f 217/243/217 218/244/218 219/245/219 197/217/197
f 197/217/197 219/245/219 220/246/220 195/215/195
f 195/215/195 220/246/220 221/247/221 193/213/193
f 193/213/193 221/247/221 222/248/222 191/211/191
f 191/211/191 222/248/222 223/249/223 188/208/188
f 188/208/188 223/249/223 179/199/179 178/198/178
f 224/250/224 225/251/225 226/252/226 227/253/227
f 227/253/227 226/252/226 228/254/228 229/255/229
f 229/255/229 228/254/228 230/256/230 231/257/231
f 225/251/225 232/258/232 233/259/233 226/252/226
f 226/252/226 233/259/233 234/260/234 228/254/228
f 228/254/228 234/260/234 235/261/235 230/256/230
f 232/258/232 236/262/236 237/263/237 233/259/233
f 233/259/233 237/263/237 238/264/238 234/260/234
f 234/260/234 238/264/238 239/265/239 235/261/235
f 236/266/236 240/267/240 241/268/241 237/269/237
f 237/269/237 241/268/241 242/270/242 238/271/238
f 238/271/238 242/270/242 243/272/243 239/273/239
f 217/243/217 216/242/216 225/251/225 224/250/224
f 216/242/216 215/241/215 232/258/232 225/251/225
f 215/241/215 214/240/214 236/262/236 232/258/232
f 214/239/214 213/238/213 240/267/240 236/266/236
f 213/238/213 43/43/43 77/77/77 240/267/240
f 240/267/240 77/77/77 76/76/76 241/268/241
f 241/268/241 76/76/76 75/75/75 242/270/242
f 242/270/242 75/75/75 74/74/74 243/272/243
f 227/253/227 244/274/244 245/275/245 224/250/224
f 224/250/224 245/275/245 218/244/218 217/243/217
f 246/276/246 247/277/247 248/278/248 249/279/249
f 249/279/249 248/278/248 250/280/250 251/281/251
f 251/281/251 250/280/250 252/282/252 253/283/253
f 253/283/253 252/282/252 254/284/254 255/285/255
f 255/285/255 254/284/254 256/286/256 257/287/257
f 257/287/257 256/286/256 258/288/258 259/289/259
f 247/277/247 260/290/260 261/291/261 248/278/248
f 248/278/248 261/291/261 262/292/262 250/280/250
f 250/280/250 262/292/262 263/293/263 252/282/252
f 252/282/252 263/293/263 264/294/264 254/284/254
f 254/284/254 264/294/264 265/295/265 256/286/256
f 256/286/256 265/295/265 266/296/266 258/288/258
f 260/290/260 267/297/267 268/298/268 261/291/261
f 261/291/261 268/298/268 269/299/269 262/292/262
f 262/292/262 269/299/269 270/300/270 263/293/263
f 263/293/263 270/300/270 271/301/271 264/294/264
f 264/294/264 271/301/271 272/302/272 265/295/265
f 265/295/265 272/302/272 273/303/273 266/296/266
f 267/297/267 274/304/274 275/305/275 268/298/268
f 268/298/268 275/305/275 276/306/276 269/299/269
f 269/299/269 276/306/276 277/307/277 270/300/270
f 270/300/270 277/307/277 278/308/278 271/301/271
f 271/301/271 278/308/278 279/309/279 272/302/272
f 272/302/272 279/309/279 280/310/280 273/303/273
f 281/311/281 282/312/282 247/277/247 246/276/246
f 282/312/282 283/313/283 260/290/260 247/277/247
f 283/313/283 284/314/284 267/297/267 260/290/260
f 284/314/284 285/315/285 274/304/274 267/297/267
f 285/315/285 187/207/187 186/206/186 274/304/274
f 274/304/274 186/206/186 185/205/185 275/305/275
f 275/305/275 185/205/185 184/204/184 276/306/276
f 276/306/276 184/204/184 183/203/183 277/307/277
f 278/308/278 277/307/277 183/203/183 182/202/182
f 279/309/279 181/201/181 180/200/180 280/310/280
f 280/310/280 180/200/180 179/199/179 286/316/286
f 286/316/286 287/317/287 273/303/273 280/310/280
f 287/317/287 288/318/288 266/296/266 273/303/273
f 288/318/288 289/319/289 258/288/258 266/296/266
f 289/319/289 290/320/290 259/289/259 258/288/258
f 290/320/290 291/321/291 292/322/292 259/289/259
f 259/289/259 292/322/292 293/323/293 257/287/257
f 257/287/257 293/323/293 294/324/294 255/285/255
f 255/285/255 294/324/294 295/325/295 253/283/253
f 253/283/253 295/325/295 296/326/296 251/281/251
f 251/281/251 296/326/296 297/327/297 249/279/249
f 249/279/249 297/327/297 298/328/298 246/276/246
f 246/276/246 298/328/298 299/329/299 281/311/281
f 300/330/300 301/331/301 302/332/302 303/333/303
f 303/333/303 302/332/302 304/334/304 305/335/305
f 305/335/305 304/334/304 306/336/306 307/337/307
f 307/337/307 306/336/306 308/338/308 309/339/309
f 301/331/301 310/340/310 311/341/311 302/332/302
f 302/332/302 311/341/311 312/342/312 304/334/304
f 304/334/304 312/342/312 313/343/313 306/336/306
f 306/336/306 313/343/313 314/344/314 308/338/308
f 310/340/310 315/345/315 316/346/316 311/341/311
f 311/341/311 316/346/316 317/347/317 312/342/312
f 312/342/312 317/347/317 318/348/318 313/343/313
f 313/343/313 318/348/318 319/349/319 314/344/314
f 315/345/315 320/350/320 321/351/321 316/346/316
f 316/346/316 321/351/321 322/352/322 317/347/317
f 317/347/317 322/352/322 323/353/323 318/348/318
f 318/348/318 323/353/323 324/354/324 319/349/319
f 290/320/290 289/319/289 301/331/301 300/330/300
f 289/319/289 288/318/288 310/340/310 301/331/301
f 288/318/288 287/317/287 315/345/315 310/340/310
f 287/317/287 286/316/286 320/350/320 315/345/315
f 286/316/286 179/199/179 223/249/223 320/350/320
f 320/350/320 223/249/223 222/248/222 321/351/321
f 321/351/321 222/248/222 221/247/221 322/352/322
f 322/352/322 221/247/221 220/246/220 323/353/323
f 323/353/323 220/246/220 219/245/219 324/354/324
f 324/354/324 219/245/219 218/244/218 325/355/325
f 325/355/325 326/356/326 319/349/319 324/354/324
f 326/356/326 327/357/327 314/344/314 319/349/319
f 327/357/327 328/358/328 308/338/308 314/344/314
f 328/358/328 329/359/329 309/339/309 308/338/308
f 329/359/329 330/360/330 331/361/331 309/339/309
f 309/339/309 331/361/331 332/362/332 307/337/307
f 307/337/307 332/362/332 333/363/333 305/335/305
f 305/335/305 333/363/333 334/364/334 303/333/303
f 303/333/303 334/364/334 335/365/335 300/330/300
f 300/330/300 335/365/335 291/321/291 290/320/290
f 336/366/336 337/367/337 338/368/338 339/369/339
f 339/369/339 338/368/338 340/370/340 341/371/341
f 342/372/342 343/373/343 344/374/344 345/375/345
f 337/367/337 346/376/346 347/377/347 338/368/338
f 338/368/338 347/377/347 348/378/348 340/370/340
f 343/373/343 349/379/349 350/380/350 344/374/344
f 346/376/346 351/381/351 352/382/352 347/377/347
f 347/377/347 352/382/352 353/383/353 348/378/348
f 349/379/349 354/384/354 355/385/355 350/380/350
f 351/381/351 356/386/356 357/387/357 352/382/352
f 352/382/352 357/387/357 358/388/358 353/383/353
f 354/384/354 359/389/359 360/390/360 355/385/355
f 329/359/329 328/358/328 337/367/337 336/366/336
f 328/358/328 327/357/327 346/376/346 337/367/337
f 327/357/327 326/356/326 351/381/351 346/376/346
f 326/356/326 325/355/325 356/386/356 351/381/351
f 325/355/325 218/244/218 245/275/245 356/386/356
f 356/386/356 245/275/245 244/274/244 357/387/357
f 357/387/357 244/274/244 361/391/361 358/388/358
f 360/390/360 359/389/359 362/392/362 363/393/363
f 364/394/364 365/395/365 366/396/366 367/397/367
f 365/395/365 368/398/368 369/399/369 366/396/366
f 370/400/370 371/401/371 372/402/372 373/403/373
f 345/375/345 374/404/374 375/405/375 342/372/342
f 341/371/341 376/406/376 377/407/377 339/369/339
f 339/369/339 377/407/377 378/408/378 336/366/336
f 336/366/336 378/408/378 330/360/330 329/359/329
f 379/409/379 380/410/380 381/411/381 382/412/382
f 382/412/382 381/411/381 383/413/383 384/414/384
f 384/414/384 383/413/383 385/415/385 386/416/386
f 386/416/386 385/415/385 387/417/387 388/418/388
f 388/418/388 387/417/387 389/419/389 390/420/390
f 390/420/390 389/419/389 391/421/391 392/422/392
f 380/423/380 393/424/393 394/425/394 381/426/381
f 381/426/381 394/425/394 395/427/395 383/428/383
f 383/428/383 395/427/395 396/429/396 385/430/385
f 385/430/385 396/429/396 397/431/397 387/432/387
f 387/432/387 397/431/397 398/433/398 389/434/389
f 389/434/389 398/433/398 399/435/399 391/436/391
f 393/424/393 400/437/400 401/438/401 394/425/394
f 394/425/394 401/438/401 402/439/402 395/427/395
f 395/427/395 402/439/402 403/440/403 396/429/396
f 396/429/396 403/440/403 404/441/404 397/431/397
f 397/431/397 404/441/404 405/442/405 398/433/398
f 398/433/398 405/442/405 406/443/406 399/435/399
f 400/437/400 407/444/407 408/445/408 401/438/401
f 401/438/401 408/445/408 409/446/409 402/439/402
f 402/439/402 409/446/409 410/447/410 403/440/403
f 403/440/403 410/447/410 411/448/411 404/441/404
f 404/441/404 411/448/411 412/449/412 405/442/405
f 405/442/405 412/449/412 413/450/413 406/443/406
f 414/451/414 415/452/415 380/453/380 379/454/379
f 415/452/415 416/455/416 393/456/393 380/453/380
f 416/455/416 417/457/417 400/458/400 393/456/393
f 417/457/417 418/459/418 407/460/407 400/458/400
f 418/459/418 299/329/299 298/328/298 407/460/407
f 407/444/407 298/328/298 297/327/297 408/445/408
f 408/445/408 297/327/297 296/326/296 409/446/409
f 409/446/409 296/326/296 295/325/295 410/447/410
f 410/447/410 295/325/295 294/324/294 411/448/411
f 411/448/411 294/324/294 293/323/293 412/449/412
f 412/449/412 293/323/293 292/322/292 413/450/413
f 413/450/413 292/322/292 291/321/291 419/461/419
f 419/461/419 420/462/420 406/443/406 413/450/413
f 420/462/420 421/463/421 399/435/399 406/443/406
f 421/463/421 422/464/422 391/436/391 399/435/399
f 422/465/422 423/466/423 392/422/392 391/421/391
f 423/466/423 31/31/31 125/131/125 392/422/392
f 392/422/392 125/131/125 124/130/124 390/420/390
f 390/420/390 124/130/124 123/129/123 388/418/388
f 388/418/388 123/129/123 122/128/122 386/416/386
f 386/416/386 122/128/122 121/127/121 384/414/384
f 384/414/384 121/127/121 120/126/120 382/412/382
f 382/412/382 120/126/120 119/125/119 379/409/379
f 379/454/379 119/124/119 118/123/118 414/451/414
f 424/467/424 425/468/425 426/469/426 427/470/427
f 427/470/427 426/469/426 428/471/428 429/472/429
f 429/472/429 428/471/428 430/473/430 431/474/431
f 431/474/431 430/473/430 432/475/432 433/476/433
f 425/477/425 434/478/434 435/479/435 426/480/426
f 426/480/426 435/479/435 436/481/436 428/482/428
f 428/482/428 436/481/436 437/483/437 430/484/430
f 430/484/430 437/483/437 438/485/438 432/486/432
f 434/478/434 439/487/439 440/488/440 435/479/435
f 435/479/435 440/488/440 441/489/441 436/481/436
f 436/481/436 441/489/441 442/490/442 437/483/437
f 437/483/437 442/490/442 443/491/443 438/485/438
f 439/487/439 444/492/444 445/493/445 440/488/440
f 440/488/440 445/493/445 446/494/446 441/489/441
f 441/489/441 446/494/446 447/495/447 442/490/442
f 442/490/442 447/495/447 448/496/448 443/491/443
f 423/466/423 422/465/422 425/468/425 424/467/424
f 422/464/422 421/463/421 434/478/434 425/477/425
f 421/463/421 420/462/420 439/487/439 434/478/434
f 420/462/420 419/461/419 444/492/444 439/487/439
f 419/461/419 291/321/291 335/365/335 444/492/444
f 444/492/444 335/365/335 334/364/334 445/493/445
f 445/493/445 334/364/334 333/363/333 446/494/446
f 446/494/446 333/363/333 332/362/332 447/495/447
f 447/495/447 332/362/332 331/361/331 448/496/448
f 448/496/448 331/361/331 330/360/330 449/497/449
f 449/497/449 450/498/450 443/491/443 448/496/448
f 450/498/450 451/499/451 438/485/438 443/491/443
f 451/499/451 452/500/452 432/486/432 438/485/438
f 452/501/452 453/502/453 433/476/433 432/475/432
f 453/502/453 37/37/37 36/36/36 433/476/433
f 433/476/433 36/36/36 35/35/35 431/474/431
f 431/474/431 35/35/35 34/34/34 429/472/429
f 429/472/429 34/34/34 33/33/33 427/470/427
f 427/470/427 33/33/33 32/32/32 424/467/424
f 424/467/424 32/32/32 31/31/31 423/466/423
f 454/503/454 455/504/455 456/505/456 457/506/457
f 457/506/457 456/505/456 458/507/458 459/508/459
f 459/508/459 458/507/458 460/509/460 461/510/461
f 455/511/455 462/512/462 463/513/463 456/514/456
f 456/514/456 463/513/463 464/515/464 458/516/458
f 458/516/458 464/515/464 465/517/465 460/518/460
f 462/512/462 466/519/466 467/520/467 463/513/463
f 463/513/463 467/520/467 468/521/468 464/515/464
f 464/515/464 468/521/468 469/522/469 465/517/465
f 466/519/466 470/523/470 471/524/471 467/520/467
f 467/520/467 471/524/471 472/525/472 468/521/468
f 468/521/468 472/525/472 473/526/473 469/522/469
f 453/502/453 452/501/452 455/504/455 454/503/454
f 452/500/452 451/499/451 462/512/462 455/511/455
f 451/499/451 450/498/450 466/519/466 462/512/462
f 450/498/450 449/497/449 470/523/470 466/519/466
f 449/497/449 330/360/330 378/408/378 470/523/470
f 470/523/470 378/408/378 377/407/377 471/524/471
f 472/525/472 471/524/471 377/407/377 376/406/376
f 473/526/473 375/405/375 374/404/374 474/527/474
f 461/510/461 73/73/73 72/72/72 459/508/459
f 459/508/459 72/72/72 71/71/71 457/506/457
f 457/506/457 71/71/71 70/70/70 454/503/454
f 454/503/454 70/70/70 37/37/37 453/502/453
f 475/528/475 476/529/476 477/530/477 478/531/478
f 478/531/478 477/530/477 479/532/479 480/533/480
f 480/533/480 479/532/479 481/534/481 482/535/482
f 483/536/483 484/537/484 485/538/485 476/529/476
f 476/529/476 485/538/485 486/539/486 477/530/477
f 477/530/477 486/539/486 487/540/487 479/532/479
f 479/532/479 487/540/487 488/541/488 481/534/481
f 484/537/484 489/542/489 490/543/490 485/538/485
f 485/538/485 490/543/490 491/544/491 486/539/486
f 486/539/486 491/544/491 492/545/492 487/540/487
f 487/540/487 492/545/492 493/546/493 488/541/488
f 494/547/494 495/548/495 496/549/496 497/550/497
f 497/550/497 496/549/496 498/551/498 499/552/499
f 499/552/499 498/551/498 500/553/500 501/554/501
f 502/555/502 503/556/503 504/557/504 505/558/505
f 503/556/503 506/559/506 507/560/507 504/557/504
f 508/561/508 509/562/509 510/563/510 511/564/511
f 496/549/496 512/565/512 513/566/513 498/551/498
f 498/551/498 513/566/513 514/567/514 500/553/500
f 514/567/514 515/568/515 516/569/516 500/553/500
f 517/570/517 518/571/518 519/572/519 520/573/520
f 518/571/518 521/574/521 522/575/522 519/572/519
f 521/574/521 523/576/523 524/577/524 522/575/522
f 525/578/525 526/579/526 527/580/527 528/581/528
f 528/581/528 527/580/527 529/582/529 530/583/530
f 529/582/529 531/584/531 532/585/532 530/583/530
f 533/586/533 534/587/534 535/588/535 536/589/536
f 537/590/537 538/591/538 536/589/536 535/588/535
f 539/592/539 540/593/540 541/594/541 542/595/542
f 543/596/543 544/597/544 545/598/545 546/599/546
f 546/599/546 545/598/545 547/600/547 548/601/548
f 549/602/549 539/592/539 542/595/542 550/603/550
f 544/597/544 551/604/551 552/605/552 545/598/545
f 545/598/545 552/605/552 553/606/553 547/600/547
f 554/607/554 555/608/555 556/609/556 557/610/557
f 558/611/558 559/612/559 560/613/560 561/614/561
f 561/614/561 560/613/560 562/615/562 563/616/563
f 564/617/564 565/618/565 536/589/536 538/591/538
f 565/618/565 566/619/566 533/586/533 536/589/536
f 501/554/501 500/553/500 516/569/516 567/620/567
f 475/528/475 568/621/568 483/536/483 476/529/476
f 569/622/569 570/623/570 526/579/526 525/578/525
f 571/624/571 572/625/572 573/626/573 574/627/574
f 495/548/495 575/628/575 512/565/512 496/549/496
f 576/629/576 502/555/502 505/558/505 577/630/577
f 523/576/523 578/631/578 579/632/579 524/577/524
f 525/578/525 480/533/480 482/535/482 569/622/569
f 528/581/528 478/531/478 480/533/480 525/578/525
f 530/583/530 475/528/475 478/531/478 528/581/528
f 530/583/530 532/585/532 568/621/568 475/528/475
f 580/633/580 576/629/576 577/630/577 581/634/581
f 531/584/531 580/633/580 581/634/581 532/585/532
f 568/621/568 532/585/532 581/634/581 577/630/577
f 483/536/483 568/621/568 577/630/577 505/558/505
f 505/558/505 504/557/504 484/537/484 483/536/483
f 504/557/504 507/560/507 489/542/489 484/537/484
f 511/564/511 510/563/510 495/548/495 494/547/494
f 510/563/510 509/562/509 575/628/575 495/548/495
f 515/568/515 572/625/572 571/624/571 516/569/516
f 567/620/567 516/569/516 571/624/571 574/627/574
f 488/541/488 493/546/493 520/573/520 519/572/519
f 481/534/481 488/541/488 519/572/519 522/575/522
f 482/535/482 481/534/481 522/575/522 524/577/524
f 569/622/569 482/535/482 524/577/524 579/632/579
f 579/632/579 578/631/578 570/623/570 569/622/569
f 574/627/574 573/626/573 517/570/517 520/573/520
f 493/546/493 567/620/567 574/627/574 520/573/520
f 492/545/492 501/554/501 567/620/567 493/546/493
f 491/544/491 499/552/499 501/554/501 492/545/492
f 490/543/490 497/550/497 499/552/499 491/544/491
f 489/542/489 494/547/494 497/550/497 490/543/490
f 507/560/507 511/564/511 494/547/494 489/542/489
f 506/559/506 508/561/508 511/564/511 507/560/507
f 582/635/582 583/636/583 584/637/584 585/638/585
f 560/613/560 559/612/559 586/639/586 587/640/587
f 562/615/562 560/613/560 587/640/587 588/641/588
f 539/592/539 549/602/549 589/642/589 590/643/590
f 540/593/540 539/592/539 590/643/590 591/644/591
f 538/591/538 537/590/537 592/645/592 593/646/593
f 548/601/548 547/600/547 594/647/594 595/648/595
f 547/600/547 553/606/553 596/649/596 594/647/594
f 375/405/375 473/526/473 472/525/472 376/406/376
f 341/371/341 342/372/342 375/405/375 376/406/376
f 340/370/340 343/373/343 342/372/342 341/371/341
f 340/370/340 348/378/348 349/379/349 343/373/343
f 348/378/348 353/383/353 354/384/354 349/379/349
f 353/383/353 358/388/358 359/389/359 354/384/354
f 362/392/362 359/389/359 358/388/358 361/391/361
f 231/257/231 362/392/362 361/391/361 229/255/229
f 474/527/474 597/650/597 469/522/469 473/526/473
f 597/650/597 598/651/598 465/517/465 469/522/469
f 598/651/598 599/652/599 460/518/460 465/517/465
f 599/653/599 600/654/600 461/510/461 460/509/460
f 600/654/600 601/655/601 73/73/73 461/510/461
f 69/69/69 73/73/73 601/655/601 602/656/602
f 602/656/602 603/657/603 65/65/65 69/69/69
f 603/657/603 604/658/604 61/61/61 65/65/65
f 604/658/604 605/659/605 56/56/56 61/61/61
f 605/659/605 606/660/606 57/57/57 56/56/56
f 606/660/606 607/661/607 74/74/74 57/57/57
f 243/272/243 74/74/74 607/661/607 608/662/608
f 608/662/608 609/663/609 239/273/239 243/272/243
f 609/664/609 610/665/610 235/261/235 239/265/239
f 610/665/610 611/666/611 230/256/230 235/261/235
f 611/666/611 612/667/612 231/257/231 230/256/230
f 362/392/362 231/257/231 612/667/612 363/393/363
f 227/253/227 229/255/229 361/391/361 244/274/244
f 613/668/613 614/669/614 615/670/615 616/671/616
f 563/616/563 562/615/562 373/403/373 617/672/617
f 554/607/554 557/610/557 618/673/618 619/674/619
f 585/638/585 584/637/584 620/675/620 621/676/621
f 557/610/557 556/609/556 622/677/622 618/673/618
f 623/678/623 541/594/541 540/593/540 620/675/620
f 616/671/616 615/670/615 624/679/624 593/646/593
f 625/680/625 626/681/626 369/399/369 368/398/368
f 621/676/621 620/675/620 540/593/540 591/644/591
f 535/588/535 534/587/534 543/596/543 546/599/546
f 548/601/548 537/590/537 535/588/535 546/599/546
f 592/645/592 537/590/537 548/601/548 595/648/595
f 553/606/553 563/616/563 617/672/617 596/649/596
f 552/605/552 561/614/561 563/616/563 553/606/553
f 551/604/551 558/611/558 561/614/561 552/605/552
f 549/602/549 554/607/554 619/674/619 589/642/589
f 617/672/617 373/403/373 372/402/372 625/680/625
f 596/649/596 617/672/617 625/680/625 368/398/368
f 594/647/594 596/649/596 368/398/368 365/395/365
f 595/648/595 594/647/594 365/395/365 364/394/364
f 613/668/613 592/645/592 595/648/595 364/394/364
f 593/646/593 592/645/592 613/668/613 616/671/616
f 619/674/619 618/673/618 559/612/559 558/611/558
f 589/642/589 619/674/619 558/611/558 551/604/551
f 590/643/590 589/642/589 551/604/551 544/597/544
f 591/644/591 590/643/590 544/597/544 543/596/543
f 534/587/534 621/676/621 591/644/591 543/596/543
f 533/586/533 585/638/585 621/676/621 534/587/534
f 618/673/618 622/677/622 586/639/586 559/612/559
f 549/602/549 550/603/550 555/608/555 554/607/554
f 583/636/583 623/678/623 620/675/620 584/637/584
f 566/619/566 582/635/582 585/638/585 533/586/533
f 372/402/372 371/401/371 626/681/626 625/680/625
f 364/394/364 367/397/367 614/669/614 613/668/613
f 593/646/593 624/679/624 564/617/564 538/591/538
f 588/641/588 370/400/370 373/403/373 562/615/562
f 627/682/627 628/683/628 374/404/374 345/375/345
f 474/527/474 374/404/374 628/683/628 629/684/629
f 629/684/629 630/685/630 597/650/597 474/527/474
f 630/685/630 631/686/631 598/651/598 597/650/597
f 631/686/631 632/687/632 599/652/599 598/651/598
f 632/688/632 633/689/633 600/654/600 599/653/599
f 633/689/633 634/690/634 601/655/601 600/654/600
f 602/656/602 601/655/601 634/690/634 635/691/635
f 635/691/635 636/692/636 603/657/603 602/656/602
f 636/692/636 637/693/637 604/658/604 603/657/603
f 637/693/637 638/694/638 605/659/605 604/658/604
f 638/694/638 639/695/639 606/660/606 605/659/605
f 639/695/639 640/696/640 607/661/607 606/660/606
f 608/662/608 607/661/607 640/696/640 641/697/641
f 641/697/641 642/698/642 609/663/609 608/662/608
f 642/699/642 643/700/643 610/665/610 609/664/609
f 643/700/643 644/701/644 611/666/611 610/665/610
f 644/701/644 645/702/645 612/667/612 611/666/611
f 363/393/363 612/667/612 645/702/645 646/703/646
f 646/703/646 647/704/647 360/390/360 363/393/363
f 355/385/355 360/390/360 647/704/647 648/705/648
f 350/380/350 355/385/355 648/705/648 649/706/649
f 344/374/344 350/380/350 649/706/649 650/707/650
f 345/375/345 344/374/344 650/707/650 627/682/627
f 113/113/113 531/584/531 529/582/529 114/114/114
f 531/584/531 113/113/113 133/140/133 580/633/580
f 114/114/114 529/582/529 527/580/527 115/117/115
f 115/117/115 527/580/527 526/579/526 116/119/116
f 116/119/116 526/579/526 570/623/570 117/121/117
f 117/121/117 570/623/570 578/631/578 118/123/118
f 118/123/118 578/631/578 523/576/523 414/451/414
f 580/633/580 133/140/133 173/191/173 576/629/576
f 170/184/170 506/559/506 503/556/503 171/187/171
f 506/559/506 170/184/170 169/183/169 508/561/508
f 508/561/508 169/183/169 187/207/187 509/562/509
f 171/187/171 503/556/503 502/555/502 172/189/172
f 172/189/172 502/555/502 576/629/576 173/191/173
f 509/562/509 187/207/187 285/315/285 575/628/575
f 281/311/281 515/568/515 514/567/514 282/312/282
f 515/568/515 281/311/281 299/329/299 572/625/572
f 282/312/282 514/567/514 513/566/513 283/313/283
f 283/313/283 513/566/513 512/565/512 284/314/284
f 284/314/284 512/565/512 575/628/575 285/315/285
f 572/625/572 299/329/299 418/459/418 573/626/573
f 414/451/414 523/576/523 521/574/521 415/452/415
f 415/452/415 521/574/521 518/571/518 416/455/416
f 416/455/416 518/571/518 517/570/517 417/457/417
f 417/457/417 517/570/517 573/626/573 418/459/418
f 556/609/556 634/690/634 633/689/633 622/677/622
f 634/690/634 556/609/556 555/608/555 635/691/635
f 635/691/635 555/608/555 550/603/550 636/692/636
f 636/692/636 550/603/550 542/595/542 637/693/637
f 637/693/637 542/595/542 541/594/541 638/694/638
f 638/694/638 541/594/541 623/678/623 639/695/639
f 639/695/639 623/678/623 583/636/583 640/696/640
f 640/696/640 583/636/583 582/635/582 641/697/641
f 641/697/641 582/635/582 566/619/566 642/698/642
f 642/698/642 566/619/566 565/618/565 643/708/643
f 643/708/643 565/618/565 564/617/564 644/709/644
f 644/709/644 564/617/564 624/679/624 645/710/645
f 645/710/645 624/679/624 615/670/615 646/711/646
f 646/711/646 615/670/615 614/669/614 647/712/647
f 626/681/626 627/713/627 650/714/650 369/399/369
f 627/713/627 626/681/626 371/401/371 628/715/628
f 369/399/369 650/714/650 649/716/649 366/396/366
f 366/396/366 649/716/649 648/717/648 367/397/367
f 367/397/367 648/717/648 647/712/647 614/669/614
f 629/718/629 370/400/370 588/641/588 630/719/630
f 370/400/370 629/718/629 628/715/628 371/401/371
f 630/719/630 588/641/588 587/640/587 631/720/631
f 631/720/631 587/640/587 586/639/586 632/688/632
f 632/688/632 586/639/586 622/677/622 633/689/633
f 278/308/278 182/202/182 181/201/181 279/309/279
g default
v -11.048208 1.178117 8.539793
v -10.910840 1.162717 8.573997
v -10.933571 1.167429 8.688013
v -11.071911 1.158277 8.657041
v -10.953631 1.184728 8.804210
v -11.087226 1.173929 8.775694
v -10.970445 1.192781 8.923426
v -11.095858 1.196630 8.893759
v -10.988415 1.192533 9.042979
v -11.105507 1.212572 9.013847
v -11.010378 1.182035 9.161839
v -11.123056 1.215818 9.134492
v -11.033806 1.171095 9.279919
v -11.147204 1.209989 9.253754
v -11.055919 1.155958 9.397840
v -11.172554 1.187036 9.370346
v -11.077402 1.127748 9.542911
v -11.191563 1.149618 9.471530
v -10.794048 1.138898 8.602997
v -10.806238 1.147127 8.717611
v -10.821013 1.165197 8.835431
v -10.843963 1.172823 8.954527
v -10.869100 1.170675 9.073271
v -10.894097 1.156530 9.191537
v -10.916929 1.142557 9.310283
v -10.937500 1.124384 9.428762
v -10.961662 1.092168 9.568499
v -10.672768 1.082056 8.620029
v -10.688037 1.075235 8.743473
v -10.700666 1.101541 8.862198
v -10.724798 1.128221 8.979085
v -10.752689 1.138116 9.098663
v -10.777327 1.133627 9.220229
v -10.799187 1.122427 9.342212
v -10.819657 1.093515 9.461300
v -10.839567 1.048273 9.561170
v -10.993059 1.336137 8.412870
v -10.866920 1.317937 8.424107
v -10.888989 1.224615 8.471875
v -11.016251 1.240659 8.447033
v -10.726807 1.301855 8.441571
v -10.761822 1.210069 8.507293
v -10.598658 1.258367 8.471001
v -10.638979 1.153768 8.515977
v -10.513873 1.216028 8.527393
v -10.524451 1.135645 8.562956
v -10.523372 1.075986 8.662212
v -10.541267 1.057664 8.785191
v -10.573175 1.082937 8.901105
v -10.610237 1.122064 9.010674
v -10.643681 1.135976 9.129441
v -10.670723 1.137502 9.251760
v -10.691032 1.125852 9.375217
v -10.703289 1.090520 9.495283
v -10.709627 1.044805 9.597715
v -10.845047 1.044313 9.588287
v -10.717738 1.039392 9.624514
v -10.772644 1.046613 9.725514
v -10.867041 1.059454 9.695570
v -10.975733 1.091829 9.657075
v -10.966400 1.088785 9.595827
v -11.083706 1.128233 9.628024
v -11.080783 1.124765 9.571361
v -11.192892 1.161855 9.614526
v -11.194252 1.146635 9.500162
v -11.293489 1.216398 9.618800
v -11.332054 1.197252 9.487111
v -11.330780 1.200468 9.459174
v -11.288557 1.237234 9.360046
v -11.247165 1.265249 9.247431
v -11.217793 1.274339 9.127218
v -11.200764 1.270341 9.004259
v -11.202049 1.250734 8.882074
v -11.214894 1.221761 8.765277
v -11.210812 1.211759 8.641902
v -11.175690 1.240850 8.526884
v -11.117249 1.286283 8.446993
v -11.073057 1.360117 8.426132
v -11.249008 1.317422 9.754038
v -11.252203 1.258459 9.717520
v -11.177898 1.223894 9.762486
v -11.168076 1.279394 9.804861
v -11.223578 1.379533 9.767017
v -11.150223 1.345911 9.810129
v -11.135571 1.409811 9.806417
v -11.197971 1.419294 9.776134
v -10.991154 1.114732 9.747994
v -11.091032 1.143430 9.724874
v -11.089594 1.189409 9.793208
v -10.993591 1.162294 9.813487
v -10.987846 1.217916 9.857137
v -11.081438 1.247457 9.833269
v -11.065599 1.315466 9.849021
v -10.976557 1.284788 9.879370
v -10.953739 1.350202 9.859889
v -11.049889 1.385892 9.832205
v -10.920107 1.427099 9.820413
v -11.028316 1.457624 9.780034
v -10.800039 1.165269 9.885679
v -10.809656 1.110273 9.836429
v -10.717085 1.093023 9.802928
v -10.701456 1.160154 9.855425
v -10.900391 1.132211 9.833953
v -10.896441 1.186666 9.880257
v -10.813608 1.371938 9.845129
v -10.861012 1.320177 9.888360
v -11.229809 1.484796 9.723007
v -11.289637 1.429086 9.708177
v -11.178463 1.187387 9.698871
v -11.243715 1.220728 9.682055
v -10.414383 1.156759 8.686089
v -10.423867 1.124326 8.817271
v -10.471503 1.139303 8.937084
v -10.525312 1.165811 9.052082
v -10.567184 1.176038 9.176743
v -10.595832 1.169378 9.306467
v -10.612369 1.147199 9.437969
v -10.627998 1.117624 9.567696
v -10.639776 1.080537 9.680716
v -10.375813 1.274652 8.755835
v -10.387609 1.246446 8.885345
v -10.440578 1.244615 9.003438
v -10.495912 1.247659 9.120593
v -10.535855 1.243028 9.245503
v -10.551911 1.226846 9.377377
v -10.562149 1.205762 9.507909
v -10.578918 1.182706 9.637328
v -10.604237 1.161253 9.753040
v -10.386853 1.404779 8.809483
v -10.403451 1.375848 8.944167
v -10.454977 1.359293 9.055875
v -10.505650 1.346384 9.169333
v -10.536673 1.332201 9.290494
v -10.554017 1.317144 9.415011
v -10.570057 1.302267 9.539932
v -10.591444 1.284124 9.663118
v -10.616220 1.268354 9.772426
v -10.429247 1.525381 8.842156
v -10.460636 1.502115 8.969275
v -10.515875 1.466566 9.076351
v -10.551617 1.442930 9.186357
v -10.585230 1.417646 9.297169
v -10.612166 1.396349 9.411227
v -10.629663 1.384367 9.528762
v -10.649487 1.372041 9.655948
v -10.669388 1.366747 9.768579
v -10.460434 1.233900 8.582879
v -10.434305 1.192743 8.635292
v -10.434374 1.327249 8.645304
v -10.398461 1.300336 8.699892
v -10.432052 1.428293 8.700161
v -10.405308 1.416288 8.756253
v -10.453216 1.526979 8.721989
v -10.434900 1.528001 8.783310
v -10.742889 1.325872 9.873350
v -10.706686 1.243101 9.870016
v -10.629465 1.263452 9.796412
v -10.680367 1.361280 9.793809
v -10.618032 1.158430 9.777504
v -10.650507 1.077192 9.708211
v -11.014328 1.379602 8.446801
v -10.944454 1.368463 8.447739
v -10.843291 1.351949 8.458500
v -10.731918 1.334741 8.474887
v -10.924831 1.414430 8.478695
v -11.016769 1.420858 8.470027
v -11.006339 1.482206 8.511493
v -10.908905 1.469518 8.518189
v -10.826051 1.400205 8.490940
v -10.813158 1.452974 8.531773
v -10.714775 1.429762 8.552270
v -10.726609 1.378809 8.509525
v -10.623402 1.401250 8.578835
v -10.533056 1.366083 8.611929
v -10.547830 1.307108 8.562284
v -10.631811 1.348875 8.534084
v -11.082223 1.585771 8.549028
v -10.986494 1.548322 8.545668
v -11.110778 1.496832 8.502258
v -10.798567 1.516992 8.563026
v -10.701319 1.493726 8.586004
v -10.787849 1.593568 8.585001
v -10.775281 1.725591 8.597726
v -10.638984 1.690382 8.638557
v -10.678444 1.566606 8.613531
v -10.518629 1.616914 8.700293
v -10.528728 1.493578 8.673601
v -10.585215 1.528394 8.648396
v -10.941092 1.743784 8.705153
v -10.960407 1.717363 8.823299
v -10.809166 1.750372 8.839196
v -10.782717 1.780779 8.720308
v -10.668864 1.705591 8.885850
v -10.637175 1.730375 8.766941
v -10.554168 1.613336 8.935504
v -10.514577 1.644807 8.824874
v -10.976404 1.674181 8.936588
v -10.836508 1.702848 8.954437
v -10.705673 1.659444 8.998150
v -10.596364 1.575296 9.043388
v -10.993031 1.630544 9.049866
v -10.861971 1.643041 9.063490
v -10.740538 1.606176 9.107065
v -10.635168 1.534650 9.151731
v -11.013201 1.592584 9.164643
v -10.888309 1.592321 9.177786
v -10.773396 1.557092 9.219399
v -10.669905 1.496740 9.262949
v -11.036972 1.559965 9.281069
v -10.916456 1.550787 9.295823
v -10.805111 1.516611 9.336055
v -10.700930 1.465280 9.377882
v -11.064093 1.546838 9.400112
v -10.944397 1.528745 9.419736
v -10.831402 1.497144 9.460557
v -10.723012 1.450853 9.498779
v -11.089769 1.553106 9.519527
v -10.968630 1.529047 9.546002
v -10.852781 1.494733 9.586721
v -10.738831 1.449186 9.620909
v -11.111418 1.548917 9.631400
v -10.991374 1.527502 9.663634
v -10.872054 1.492292 9.699905
v -10.756109 1.444307 9.731117
v -11.079432 1.685110 8.696013
v -11.091797 1.652090 8.809235
v -11.099550 1.616258 8.923090
v -11.112223 1.589521 9.039021
v -11.128540 1.565622 9.155092
v -11.151001 1.547559 9.270849
v -11.179497 1.543321 9.386703
v -11.209805 1.550924 9.500767
v -11.230417 1.548524 9.605831
v -11.116559 1.540479 9.657957
v -11.232905 1.540418 9.632938
v -11.133486 1.481222 9.747592
v -10.998150 1.519464 9.689770
v -10.879607 1.484796 9.726165
v -10.764584 1.435999 9.756626
v -10.512432 1.633325 8.764295
v -10.634241 1.715486 8.702918
v -10.778219 1.758649 8.658621
v -10.921156 1.714300 8.596056
v -10.933468 1.735696 8.649504
v -11.019094 1.658922 8.578579
v -11.053602 1.678621 8.634942
v -11.278498 1.341413 8.636494
v -11.221970 1.367902 8.522113
v -11.256943 1.475244 8.691373
v -11.213314 1.495184 8.572920
v -11.199226 1.586103 8.755108
v -11.166597 1.601904 8.637255
v -11.275568 1.332895 8.766829
v -11.248116 1.453699 8.817222
v -11.191963 1.552049 8.873809
v -11.237528 1.343992 8.907921
v -11.231799 1.442636 8.949431
v -11.198085 1.534834 8.996855
v -11.238874 1.349889 9.035056
v -11.242325 1.437574 9.076103
v -11.212500 1.520540 9.119600
v -11.273956 1.347601 9.152909
v -11.283995 1.436830 9.200979
v -11.236403 1.510706 9.241303
v -11.310741 1.335485 9.277751
v -11.320721 1.428354 9.323944
v -11.268740 1.505952 9.360710
v -11.350056 1.314298 9.400571
v -11.354303 1.413244 9.447162
v -11.300837 1.501764 9.480028
v -11.380878 1.290121 9.512030
v -11.380146 1.398660 9.557923
v -11.322002 1.492311 9.588966
v -11.378782 1.285822 9.541233
v -11.332539 1.282575 9.651260
v -11.377428 1.392042 9.585596
v -11.327965 1.357202 9.688213
v -11.320855 1.483732 9.615958
v -11.126007 1.594160 8.594510
v -11.163647 1.495737 8.538830
v -11.123398 1.406686 8.449777
v -11.173796 1.385961 8.488135
v -10.608315 1.463754 8.616227
v -10.526771 1.436964 8.651679
v -10.897234 1.533697 8.549254
v -10.564596 1.276743 8.527585
v -10.631956 1.304929 8.499590
v -10.892175 1.601675 8.570326
v -10.963516 1.597715 8.566813
v -10.881756 1.255483 9.901400
v -10.811117 1.284315 9.887981
v -10.795088 1.240076 9.895425
v -10.892610 1.091215 9.772675
v -10.836357 1.081392 9.793450
vt 0.983844 0.968818
vt 0.979227 0.968916
vt 0.979154 0.965381
vt 0.983607 0.965445
vt 0.979100 0.961704
vt 0.983468 0.961984
vt 0.978974 0.957862
vt 0.983330 0.958205
vt 0.978850 0.953806
vt 0.983184 0.954032
vt 0.978783 0.949568
vt 0.983130 0.949637
vt 0.978788 0.945264
vt 0.983220 0.945201
vt 0.978754 0.940969
vt 0.983240 0.940859
vt 0.978457 0.935766
vt 0.983167 0.937108
vt 0.975042 0.968966
vt 0.974790 0.965421
vt 0.974574 0.961727
vt 0.974480 0.957862
vt 0.974420 0.953803
vt 0.974332 0.949568
vt 0.974236 0.945247
vt 0.974089 0.940926
vt 0.973864 0.935835
vt 0.970700 0.969110
vt 0.970399 0.965775
vt 0.970112 0.962268
vt 0.970028 0.958378
vt 0.969959 0.954152
vt 0.969794 0.949727
vt 0.969620 0.945227
vt 0.969452 0.940791
vt 0.969261 0.936948
vt 0.984273 0.975557
vt 0.979975 0.976012
vt 0.979722 0.972593
vt 0.984104 0.972224
vt 0.975287 0.976543
vt 0.975223 0.972849
vt 0.970903 0.976314
vt 0.970703 0.972756
vt 0.967381 0.975783
vt 0.965973 0.972805
vt 0.966103 0.969188
vt 0.966073 0.965915
vt 0.966000 0.962581
vt 0.965899 0.958740
vt 0.965750 0.954385
vt 0.965542 0.949782
vt 0.965325 0.945154
vt 0.965083 0.940689
vt 0.964925 0.936934
vt 0.949259 0.916264
vt 0.954048 0.917600
vt 0.951527 0.920288
vt 0.948315 0.919293
vt 0.944321 0.918528
vt 0.944482 0.916836
vt 0.940171 0.918333
vt 0.939883 0.916828
vt 0.936205 0.918745
vt 0.935229 0.915828
vt 0.932445 0.919819
vt 0.929693 0.916249
vt 0.987923 0.936387
vt 0.987504 0.940145
vt 0.987205 0.944548
vt 0.987098 0.949133
vt 0.987164 0.953732
vt 0.987325 0.958084
vt 0.987539 0.961830
vt 0.987844 0.965185
vt 0.988317 0.968569
vt 0.988508 0.972252
vt 0.987283 0.975556
vt 0.934309 0.924531
vt 0.934416 0.922623
vt 0.937361 0.922837
vt 0.937452 0.924679
vt 0.934480 0.926450
vt 0.937303 0.926515
vt 0.937031 0.928263
vt 0.934898 0.927785
vt 0.943910 0.920998
vt 0.940447 0.920844
vt 0.940454 0.922939
vt 0.943624 0.923087
vt 0.943437 0.924931
vt 0.940375 0.924785
vt 0.940262 0.926684
vt 0.943218 0.926801
vt 0.943106 0.928690
vt 0.939870 0.928629
vt 0.943092 0.931186
vt 0.939393 0.931044
vt 0.949275 0.925266
vt 0.949546 0.923401
vt 0.952745 0.923136
vt 0.952448 0.925547
vt 0.946702 0.923266
vt 0.946388 0.925057
vt 0.946901 0.930827
vt 0.946140 0.928714
vt 0.932597 0.929111
vt 0.931279 0.926794
vt 0.937159 0.920955
vt 0.934668 0.921206
vt 0.962475 0.969470
vt 0.962509 0.966033
vt 0.962430 0.962556
vt 0.962278 0.958451
vt 0.962060 0.953705
vt 0.961896 0.948696
vt 0.961759 0.943807
vt 0.961665 0.939360
vt 0.961672 0.936044
vt 0.958608 0.968616
vt 0.958859 0.964826
vt 0.958847 0.960977
vt 0.958746 0.956617
vt 0.958629 0.951765
vt 0.958513 0.946802
vt 0.958421 0.942238
vt 0.958365 0.938118
vt 0.958316 0.934725
vt 0.954265 0.967483
vt 0.954832 0.963343
vt 0.954912 0.959432
vt 0.954875 0.955113
vt 0.954872 0.950522
vt 0.954889 0.945959
vt 0.954879 0.941664
vt 0.954920 0.937640
vt 0.954870 0.934107
vt 0.950232 0.966428
vt 0.950511 0.962451
vt 0.950691 0.958431
vt 0.950872 0.954417
vt 0.951061 0.950219
vt 0.951184 0.945988
vt 0.951301 0.941909
vt 0.951481 0.937667
vt 0.951657 0.933866
vt 0.965260 0.977137
vt 0.962925 0.976337
vt 0.964667 0.981049
vt 0.962242 0.981030
vt 0.965154 0.985102
vt 0.963223 0.985650
vt 0.966737 0.988554
vt 0.965121 0.989700
vt 0.949607 0.929969
vt 0.951602 0.927795
vt 0.955160 0.928745
vt 0.951771 0.932845
vt 0.956612 0.925606
vt 0.956418 0.921175
vt 0.985440 0.977109
vt 0.982954 0.977351
vt 0.979427 0.977672
vt 0.975602 0.977996
vt 0.982665 0.979330
vt 0.985904 0.978713
vt 0.986069 0.981380
vt 0.982533 0.981739
vt 0.979185 0.979689
vt 0.979080 0.981997
vt 0.975497 0.982080
vt 0.975655 0.979833
vt 0.972077 0.981956
vt 0.968555 0.981604
vt 0.968912 0.979041
vt 0.972201 0.979677
vt 0.989587 0.984786
vt 0.985861 0.984141
vt 0.990017 0.980982
vt 0.979026 0.984550
vt 0.975448 0.984628
vt 0.979231 0.987411
vt 0.979836 0.992096
vt 0.974927 0.992121
vt 0.975206 0.987474
vt 0.969937 0.990953
vt 0.969176 0.986522
vt 0.971560 0.987105
vt 0.930330 0.965808
vt 0.931093 0.962169
vt 0.936015 0.963572
vt 0.935641 0.967150
vt 0.941052 0.963513
vt 0.941011 0.967184
vt 0.945948 0.962863
vt 0.946063 0.966479
vt 0.931723 0.958401
vt 0.936403 0.959773
vt 0.941233 0.959669
vt 0.946030 0.959055
vt 0.932342 0.954429
vt 0.936875 0.955741
vt 0.941579 0.955625
vt 0.946289 0.955038
vt 0.932904 0.950286
vt 0.937370 0.951475
vt 0.941980 0.951363
vt 0.946599 0.950836
vt 0.933377 0.946020
vt 0.937799 0.947086
vt 0.942328 0.946990
vt 0.946858 0.946550
vt 0.933743 0.941776
vt 0.938155 0.942716
vt 0.942631 0.942656
vt 0.947076 0.942348
vt 0.934108 0.937691
vt 0.938503 0.938551
vt 0.942892 0.938572
vt 0.947271 0.938383
vt 0.934577 0.934122
vt 0.938856 0.934959
vt 0.943106 0.935190
vt 0.947372 0.935025
vt 0.925890 0.964280
vt 0.926569 0.960698
vt 0.927294 0.956915
vt 0.928050 0.952964
vt 0.928742 0.948876
vt 0.929267 0.944701
vt 0.929636 0.940504
vt 0.929891 0.936365
vt 0.930081 0.932487
vt 0.934754 0.933303
vt 0.930078 0.931318
vt 0.935794 0.930417
vt 0.938949 0.934164
vt 0.943128 0.934398
vt 0.947358 0.934217
vt 0.968906 0.992778
vt 0.974292 0.994339
vt 0.980095 0.994484
vt 0.984692 0.990721
vt 0.985618 0.992472
vt 0.987757 0.988015
vt 0.989598 0.989433
vt 0.991825 0.965117
vt 0.992756 0.968870
vt 0.995677 0.963986
vt 0.996928 0.968016
vt 0.917697 0.965312
vt 0.917809 0.961331
vt 0.922274 0.960825
vt 0.921846 0.964645
vt 0.991082 0.961434
vt 0.994372 0.959124
vt 0.919058 0.957178
vt 0.923133 0.956926
vt 0.990486 0.956727
vt 0.993608 0.954934
vt 0.920316 0.952987
vt 0.924154 0.952837
vt 0.990137 0.952195
vt 0.992913 0.950706
vt 0.921662 0.948936
vt 0.925068 0.948613
vt 0.990095 0.947735
vt 0.992842 0.946270
vt 0.922368 0.944540
vt 0.925747 0.944300
vt 0.990252 0.943118
vt 0.993145 0.941909
vt 0.922706 0.940192
vt 0.926136 0.940000
vt 0.990647 0.938692
vt 0.993602 0.937821
vt 0.922817 0.935820
vt 0.926427 0.935791
vt 0.991155 0.934808
vt 0.994179 0.933928
vt 0.923078 0.931936
vt 0.926766 0.932116
vt 0.927348 0.919525
vt 0.930945 0.921840
vt 0.926483 0.923737
vt 0.930752 0.924287
vt 0.927676 0.927773
vt 0.991711 0.985523
vt 0.992499 0.981224
vt 0.989496 0.976958
vt 0.991737 0.975948
vt 0.971910 0.984496
vt 0.968718 0.984417
vt 0.982597 0.984304
vt 0.969480 0.977621
vt 0.972069 0.977900
vt 0.982912 0.986853
vt 0.985386 0.986193
vt 0.993470 0.970984
vt 0.997369 0.970310
vt 0.921905 0.966692
vt 0.917900 0.967146
vt 0.925557 0.966315
vt 0.929665 0.967470
vt 0.935165 0.969076
vt 0.940987 0.969175
vt 0.946409 0.968321
vt 0.949960 0.968211
vt 0.953849 0.969307
vt 0.958274 0.970688
vt 0.962373 0.971316
vt 0.946200 0.926935
vt 0.947933 0.928265
vt 0.948795 0.927197
vt 0.947236 0.921428
vt 0.949035 0.921960
vt 0.969234 0.936018
vt 0.973834 0.934860
vt 0.965051 0.935979
vt 0.961699 0.935358
vt 0.983175 0.936140
vt 0.978380 0.934768
vt 0.987958 0.935527
vt 0.991327 0.933833
vt 0.958295 0.933948
vt 0.954793 0.933193
vt 0.926871 0.931219
vt 0.993787 0.933027
vt 0.923487 0.931061
vn -0.171599 -0.904304 -0.390881
vn -0.040833 -0.954730 -0.294659
vn -0.082752 -0.994928 0.057191
vn -0.177100 -0.983614 -0.033761
vn -0.075132 -0.991228 0.108728
vn -0.186494 -0.972470 0.139719
vn -0.108019 -0.993119 0.045250
vn -0.259037 -0.957558 0.126421
vn -0.161381 -0.985806 -0.046291
vn -0.340041 -0.940326 0.012582
vn -0.210706 -0.970728 -0.115287
vn -0.378641 -0.920045 -0.100742
vn -0.227620 -0.960595 -0.159520
vn -0.354464 -0.913246 -0.200839
vn -0.190590 -0.956440 -0.221131
vn -0.264130 -0.916168 -0.301448
vn -0.175642 -0.965266 -0.193423
vn -0.216766 -0.947678 -0.234347
vn -0.242992 -0.916215 -0.318598
vn -0.339508 -0.939209 0.051201
vn -0.320789 -0.943910 0.078285
vn -0.262368 -0.964964 0.002773
vn -0.207727 -0.974752 -0.081909
vn -0.175595 -0.975821 -0.130153
vn -0.171844 -0.971258 -0.164706
vn -0.203847 -0.948725 -0.241595
vn -0.268997 -0.935639 -0.228519
vn -0.183604 -0.919811 -0.346753
vn -0.309189 -0.950470 0.031758
vn -0.323342 -0.935494 0.142480
vn -0.241100 -0.966911 0.083386
vn -0.140778 -0.989833 -0.020314
vn -0.070688 -0.993822 -0.085559
vn -0.040607 -0.984443 -0.170950
vn -0.058382 -0.950554 -0.305021
vn -0.124457 -0.952036 -0.279533
vn 0.047844 0.173819 -0.983615
vn 0.161452 0.102436 -0.981550
vn 0.054512 -0.679735 -0.731429
vn -0.101059 -0.591326 -0.800075
vn 0.023918 -0.510487 -0.859553
vn -0.054824 -0.666257 -0.743704
vn 0.378301 0.112269 -0.918849
vn 0.018467 -0.657522 -0.753209
vn 0.625507 0.080599 -0.776045
vn 0.469643 -0.595822 -0.651484
vn 0.340170 -0.881272 -0.328093
vn 0.196245 -0.978249 0.067201
vn 0.094987 -0.955215 0.280253
vn 0.115101 -0.965728 0.232641
vn 0.180104 -0.979695 0.088087
vn 0.212165 -0.976944 -0.023819
vn 0.240383 -0.959346 -0.147889
vn 0.308646 -0.910007 -0.276811
vn 0.302839 -0.930038 -0.208129
vn -0.191621 -0.979490 -0.062306
vn 0.167066 -0.984659 0.050360
vn -0.005581 -0.956049 0.293155
vn -0.245697 -0.956768 0.155652
vn -0.321490 -0.940630 0.108898
vn -0.313024 -0.947244 -0.068880
vn -0.330195 -0.935964 0.122238
vn -0.245019 -0.968866 -0.035570
vn -0.386090 -0.895932 0.219637
vn -0.286237 -0.958072 0.012947
vn -0.567827 -0.744619 0.350879
vn -0.634870 -0.767868 0.085556
vn -0.650025 -0.711040 -0.268124
vn -0.619996 -0.678493 -0.394020
vn -0.637377 -0.715652 -0.285646
vn -0.687665 -0.705973 -0.169466
vn -0.733120 -0.679763 -0.021386
vn -0.709156 -0.687348 0.157007
vn -0.671294 -0.728553 0.136294
vn -0.661758 -0.729646 -0.172319
vn -0.584996 -0.592548 -0.553775
vn -0.444097 -0.310506 -0.840454
vn -0.139276 0.252882 -0.957420
vn -0.619422 -0.149374 0.770716
vn -0.619272 -0.515360 0.592374
vn -0.529892 -0.590387 0.608817
vn -0.500048 -0.228939 0.835188
vn -0.530410 0.142433 0.835690
vn -0.406677 0.083426 0.909755
vn -0.268045 0.399326 0.876750
vn -0.415557 0.346103 0.841145
vn -0.337696 -0.868115 0.363783
vn -0.393844 -0.850088 0.349624
vn -0.407687 -0.643297 0.648043
vn -0.350469 -0.673025 0.651313
vn -0.341451 -0.389625 0.855338
vn -0.383298 -0.320896 0.866088
vn -0.304528 0.068928 0.950006
vn -0.255513 0.042263 0.965881
vn -0.111430 0.424839 0.898385
vn -0.167383 0.428170 0.888062
vn 0.041754 0.685847 0.726547
vn -0.032589 0.719287 0.693948
vn 0.061696 -0.431044 0.900219
vn -0.057277 -0.750157 0.658775
vn 0.270581 -0.797555 0.539159
vn 0.455582 -0.401281 0.794618
vn -0.289021 -0.700490 0.652519
vn -0.227715 -0.425520 0.875830
vn 0.154262 0.630599 0.760624
vn 0.012205 0.367912 0.929780
vn -0.386993 0.621648 0.681022
vn -0.664612 0.350387 0.659940
vn -0.474941 -0.791537 0.384577
vn -0.539468 -0.709630 0.453211
vn 0.833969 -0.484962 -0.263261
vn 0.735115 -0.661155 0.149934
vn 0.589355 -0.714179 0.377636
vn 0.570553 -0.752077 0.329923
vn 0.609244 -0.776096 0.162779
vn 0.612649 -0.790177 0.016796
vn 0.617570 -0.782823 -0.076126
vn 0.691807 -0.713105 -0.113505
vn 0.698568 -0.715295 0.018874
vn 0.988779 -0.030366 -0.146269
vn 0.950992 -0.202336 0.233825
vn 0.861969 -0.297036 0.410827
vn 0.875247 -0.330151 0.353472
vn 0.922773 -0.332018 0.195587
vn 0.943236 -0.322947 0.077531
vn 0.949766 -0.307573 0.057832
vn 0.959267 -0.264863 0.098260
vn 0.924110 -0.269503 0.270905
vn 0.972871 0.230039 -0.024576
vn 0.935161 0.158323 0.316872
vn 0.891910 0.134863 0.431635
vn 0.921424 0.155813 0.355950
vn 0.946461 0.211400 0.243973
vn 0.943454 0.286490 0.166786
vn 0.931796 0.322469 0.166644
vn 0.927499 0.311047 0.207353
vn 0.894257 0.261400 0.363283
vn 0.872946 0.478875 0.092972
vn 0.780187 0.483429 0.396995
vn 0.738694 0.503134 0.448539
vn 0.743602 0.550265 0.379822
vn 0.715332 0.622590 0.317305
vn 0.685350 0.690897 0.230125
vn 0.687446 0.705207 0.173499
vn 0.718647 0.673392 0.173462
vn 0.703710 0.636429 0.315831
vn 0.710729 0.160229 -0.684975
vn 0.821196 -0.253435 -0.511281
vn 0.703642 0.293739 -0.646997
vn 0.910528 0.101389 -0.400824
vn 0.703764 0.329146 -0.629587
vn 0.917817 0.263719 -0.296758
vn 0.710911 0.347361 -0.611511
vn 0.875341 0.441489 -0.197141
vn 0.330910 0.420761 0.844665
vn 0.479277 0.056063 0.875872
vn 0.769283 0.174064 0.614740
vn 0.579737 0.579050 0.573242
vn 0.767337 -0.336653 0.545764
vn 0.536362 -0.790337 0.296114
vn 0.099611 0.556580 -0.824801
vn 0.134535 0.569119 -0.811174
vn 0.191085 0.583929 -0.788995
vn 0.288931 0.615658 -0.733133
vn 0.278425 0.677784 -0.680506
vn 0.149659 0.528268 -0.835784
vn 0.113437 0.521086 -0.845933
vn 0.122914 0.477314 -0.870094
vn 0.156357 0.481769 -0.862236
vn 0.220938 0.537789 -0.813615
vn 0.240252 0.475770 -0.846121
vn 0.333470 0.474126 -0.814863
vn 0.313539 0.554005 -0.771214
vn 0.425633 0.461686 -0.778256
vn 0.464751 0.437102 -0.770031
vn 0.504299 0.485222 -0.714312
vn 0.429484 0.539234 -0.724410
vn -0.205331 0.526297 -0.825137
vn 0.105528 0.372064 -0.922189
vn -0.228140 0.509561 -0.829638
vn 0.234840 0.322918 -0.916828
vn 0.340591 0.316474 -0.885348
vn 0.203326 0.188220 -0.960850
vn 0.179842 0.571657 -0.800541
vn 0.487003 0.498060 -0.717471
vn 0.359771 0.168191 -0.917756
vn 0.653394 0.420281 -0.629635
vn 0.471077 0.245260 -0.847310
vn 0.457411 0.194594 -0.867703
vn -0.309067 0.950461 -0.033181
vn -0.335778 0.912506 0.233638
vn -0.022775 0.951965 0.305360
vn 0.051704 0.998576 -0.013106
vn 0.319416 0.870315 0.374866
vn 0.432904 0.899406 0.060532
vn 0.554306 0.721849 0.414341
vn 0.671613 0.729933 0.127019
vn -0.313792 0.901348 0.298508
vn -0.038038 0.912594 0.407094
vn 0.270206 0.845874 0.459875
vn 0.515748 0.722626 0.460234
vn -0.237212 0.926135 0.293267
vn -0.008360 0.910270 0.413930
vn 0.240777 0.856595 0.456368
vn 0.488791 0.760164 0.428058
vn -0.138319 0.955893 0.259108
vn 0.048612 0.931480 0.360531
vn 0.236563 0.887150 0.396237
vn 0.450645 0.809941 0.375386
vn -0.041710 0.983614 0.175396
vn 0.112981 0.959244 0.259012
vn 0.259068 0.923792 0.281945
vn 0.443769 0.855847 0.265699
vn 0.042534 0.998245 0.041203
vn 0.181930 0.977348 0.108135
vn 0.294841 0.946429 0.131684
vn 0.463672 0.874093 0.144811
vn 0.078137 0.996913 0.007628
vn 0.216273 0.975230 0.046409
vn 0.309648 0.948317 0.069375
vn 0.485247 0.867753 0.107427
vn 0.044583 0.983812 0.173570
vn 0.175095 0.965627 0.192111
vn 0.270391 0.939343 0.211008
vn 0.448799 0.857400 0.251881
vn -0.502703 0.857008 -0.113260
vn -0.530277 0.829583 0.174923
vn -0.511346 0.835064 0.202963
vn -0.452726 0.878728 0.151250
vn -0.364641 0.923614 0.118213
vn -0.271955 0.961114 0.047970
vn -0.221008 0.974076 -0.048290
vn -0.238226 0.969782 -0.052642
vn -0.292409 0.947368 0.130349
vn -0.021356 0.903825 0.427369
vn -0.343656 0.847456 0.404622
vn -0.104148 0.731954 0.673347
vn 0.079063 0.892960 0.443138
vn 0.179599 0.865131 0.468286
vn 0.327179 0.797680 0.506617
vn 0.720793 0.667970 -0.185129
vn 0.493722 0.826151 -0.271503
vn 0.123257 0.929727 -0.347009
vn -0.094860 0.590214 -0.801654
vn -0.249423 0.903170 -0.349388
vn -0.190692 0.558309 -0.807420
vn -0.440286 0.792104 -0.422752
vn -0.974395 -0.120820 -0.189626
vn -0.801102 0.009748 -0.598448
vn -0.936248 0.341610 -0.082108
vn -0.741319 0.446185 -0.501363
vn -0.769456 0.635937 0.059347
vn -0.650236 0.688610 -0.320949
vn -0.975190 -0.178792 0.130531
vn -0.957892 0.258949 0.124053
vn -0.780234 0.608569 0.144499
vn -0.974945 -0.192748 0.111040
vn -0.974854 0.218904 0.041724
vn -0.774844 0.630303 0.048324
vn -0.971984 -0.197408 -0.127584
vn -0.953693 0.256692 -0.156779
vn -0.719202 0.693241 -0.046530
vn -0.933663 -0.236746 -0.268747
vn -0.912820 0.321978 -0.251178
vn -0.631269 0.767466 -0.111787
vn -0.917126 -0.247785 -0.312223
vn -0.911367 0.335353 -0.238638
vn -0.608748 0.780920 -0.139962
vn -0.926443 -0.178901 -0.331208
vn -0.921099 0.330462 -0.205846
vn -0.651280 0.749626 -0.117878
vn -0.968736 -0.193327 -0.155484
vn -0.958713 0.283642 -0.020385
vn -0.710673 0.700248 0.067799
vn -0.929717 -0.316348 0.188546
vn -0.762834 -0.431085 0.481922
vn -0.939948 0.164075 0.299293
vn -0.793276 -0.011964 0.608745
vn -0.729642 0.578500 0.364637
vn -0.508848 0.638801 -0.577067
vn -0.549449 0.479356 -0.684342
vn -0.243178 0.394290 -0.886228
vn -0.610844 0.152959 -0.776835
vn 0.433548 0.327877 -0.839365
vn 0.457005 0.348501 -0.818348
vn 0.134038 0.353456 -0.925798
vn 0.548353 0.535423 -0.642364
vn 0.456507 0.596912 -0.659770
vn 0.083087 0.245160 -0.965916
vn 0.071200 0.289337 -0.954576
vn -0.101264 0.006847 0.994836
vn 0.141304 0.248889 0.958169
vn 0.145328 -0.013464 0.989292
vn -0.292162 -0.866609 0.404513
vn -0.152957 -0.873484 0.462201
s 1
g Feet M_Skeleton R_F_Middle_Phalanx_3
usemtl Skeleton_Feet_SG
f 651/721/651 652/722/652 653/723/653 654/724/654
f 654/724/654 653/723/653 655/725/655 656/726/656
f 656/726/656 655/725/655 657/727/657 658/728/658
f 658/728/658 657/727/657 659/729/659 660/730/660
f 660/730/660 659/729/659 661/731/661 662/732/662
f 662/732/662 661/731/661 663/733/663 664/734/664
f 664/734/664 663/733/663 665/735/665 666/736/666
f 667/737/667 668/738/668 666/736/666 665/735/665
f 652/722/652 669/739/669 670/740/670 653/723/653
f 653/723/653 670/740/670 671/741/671 655/725/655
f 655/725/655 671/741/671 672/742/672 657/727/657
f 657/727/657 672/742/672 673/743/673 659/729/659
f 659/729/659 673/743/673 674/744/674 661/731/661
f 661/731/661 674/744/674 675/745/675 663/733/663
f 663/733/663 675/745/675 676/746/676 665/735/665
f 665/735/665 676/746/676 677/747/677 667/737/667
f 669/739/669 678/748/678 679/749/679 670/740/670
f 670/740/670 679/749/679 680/750/680 671/741/671
f 671/741/671 680/750/680 681/751/681 672/742/672
f 672/742/672 681/751/681 682/752/682 673/743/673
f 673/743/673 682/752/682 683/753/683 674/744/674
f 674/744/674 683/753/683 684/754/684 675/745/675
f 675/745/675 684/754/684 685/755/685 676/746/676
f 676/746/676 685/755/685 686/756/686 677/747/677
f 687/757/687 688/758/688 689/759/689 690/760/690
f 688/758/688 691/761/691 692/762/692 689/759/689
f 691/761/691 693/763/693 694/764/694 692/762/692
f 693/763/693 695/765/695 696/766/696 694/764/694
f 678/748/678 697/767/697 698/768/698 679/749/679
f 679/749/679 698/768/698 699/769/699 680/750/680
f 680/750/680 699/769/699 700/770/700 681/751/681
f 681/751/681 700/770/700 701/771/701 682/752/682
f 682/752/682 701/771/701 702/772/702 683/753/683
f 683/753/683 702/772/702 703/773/703 684/754/684
f 684/754/684 703/773/703 704/774/704 685/755/685
f 685/755/685 704/774/704 705/775/705 686/756/686
f 706/776/706 707/777/707 708/778/708 709/779/709
f 709/779/709 710/780/710 711/781/711 706/776/706
f 710/780/710 712/782/712 713/783/713 711/781/711
f 712/782/712 714/784/714 715/785/715 713/783/713
f 714/784/714 716/786/716 717/787/717 715/785/715
f 668/738/668 718/788/718 719/789/719 666/736/666
f 666/736/666 719/789/719 720/790/720 664/734/664
f 664/734/664 720/790/720 721/791/721 662/732/662
f 662/732/662 721/791/721 722/792/722 660/730/660
f 660/730/660 722/792/722 723/793/723 658/728/658
f 658/728/658 723/793/723 724/794/724 656/726/656
f 656/726/656 724/794/724 725/795/725 654/724/654
f 654/724/654 725/795/725 726/796/726 651/721/651
f 690/760/690 727/797/727 728/798/728 687/757/687
f 729/799/729 730/800/730 731/801/731 732/802/732
f 733/803/733 734/804/734 735/805/735 736/806/736
f 712/782/712 710/780/710 737/807/737 738/808/738
f 739/809/739 740/810/740 741/811/741 742/812/742
f 743/813/743 744/814/744 745/815/745 746/816/746
f 746/816/746 745/815/745 747/817/747 748/818/748
f 749/819/749 750/820/750 751/821/751 752/822/752
f 740/810/740 753/823/753 754/824/754 741/811/741
f 755/825/755 747/817/747 745/815/745 756/826/756
f 736/806/736 757/827/757 758/828/758 733/803/733
f 759/829/759 760/830/760 716/786/716 714/784/714
f 697/767/697 761/831/761 762/832/762 698/768/698
f 698/768/698 762/832/762 763/833/763 699/769/699
f 699/769/699 763/833/763 764/834/764 700/770/700
f 700/770/700 764/834/764 765/835/765 701/771/701
f 701/771/701 765/835/765 766/836/766 702/772/702
f 702/772/702 766/836/766 767/837/767 703/773/703
f 703/773/703 767/837/767 768/838/768 704/774/704
f 704/774/704 768/838/768 769/839/769 705/775/705
f 761/831/761 770/840/770 771/841/771 762/832/762
f 762/832/762 771/841/771 772/842/772 763/833/763
f 763/833/763 772/842/772 773/843/773 764/834/764
f 764/834/764 773/843/773 774/844/774 765/835/765
f 765/835/765 774/844/774 775/845/775 766/836/766
f 766/836/766 775/845/775 776/846/776 767/837/767
f 767/837/767 776/846/776 777/847/777 768/838/768
f 768/838/768 777/847/777 778/848/778 769/839/769
f 770/840/770 779/849/779 780/850/780 771/841/771
f 771/841/771 780/850/780 781/851/781 772/842/772
f 772/842/772 781/851/781 782/852/782 773/843/773
f 773/843/773 782/852/782 783/853/783 774/844/774
f 774/844/774 783/853/783 784/854/784 775/845/775
f 775/845/775 784/854/784 785/855/785 776/846/776
f 776/846/776 785/855/785 786/856/786 777/847/777
f 777/847/777 786/856/786 787/857/787 778/848/778
f 779/849/779 788/858/788 789/859/789 780/850/780
f 780/850/780 789/859/789 790/860/790 781/851/781
f 781/851/781 790/860/790 791/861/791 782/852/782
f 782/852/782 791/861/791 792/862/792 783/853/783
f 783/853/783 792/862/792 793/863/793 784/854/784
f 784/854/784 793/863/793 794/864/794 785/855/785
f 785/855/785 794/864/794 795/865/795 786/856/786
f 786/856/786 795/865/795 796/866/796 787/857/787
f 695/765/695 797/867/797 798/868/798 696/766/696
f 797/867/797 799/869/799 800/870/800 798/868/798
f 799/869/799 801/871/801 802/872/802 800/870/800
f 801/871/801 803/873/803 804/874/804 802/872/802
f 805/875/805 806/876/806 807/877/807 808/878/808
f 806/876/806 752/822/752 809/879/809 807/877/807
f 752/822/752 751/821/751 810/880/810 809/879/809
f 751/821/751 708/778/708 707/777/707 810/880/810
f 811/881/811 812/882/812 687/757/687 728/798/728
f 688/758/688 813/883/813 814/884/814 691/761/815
f 815/885/816 816/886/817 817/887/818 818/888/819
f 819/889/820 820/890/821 821/891/822 822/892/823
f 823/893/824 824/894/825 825/895/826 826/896/827
f 827/897/828 828/898/829 817/887/818 829/899/830
f 820/890/821 830/900/831 831/901/832 821/891/822
f 832/902/833 833/903/834 834/904/835 835/905/836
f 836/906/837 803/873/803 837/907/838 838/908/839
f 824/894/825 799/869/799 797/867/797 825/895/826
f 839/909/840 840/910/841 841/911/842 842/912/843
f 842/912/843 841/911/842 843/913/844 844/914/845
f 844/914/845 843/913/844 845/915/846 846/916/847
f 840/910/841 847/917/848 848/918/849 841/911/842
f 841/911/842 848/918/849 849/919/850 843/913/844
f 843/913/844 849/919/850 850/920/851 845/915/846
f 847/917/848 851/921/852 852/922/853 848/918/849
f 848/918/849 852/922/853 853/923/854 849/919/850
f 849/919/850 853/923/854 854/924/855 850/920/851
f 851/921/852 855/925/856 856/926/857 852/922/853
f 852/922/853 856/926/857 857/927/858 853/923/854
f 853/923/854 857/927/858 858/928/859 854/924/855
f 855/925/856 859/929/860 860/930/861 856/926/857
f 856/926/857 860/930/861 861/931/862 857/927/858
f 857/927/858 861/931/862 862/932/863 858/928/859
f 859/929/860 863/933/864 864/934/865 860/930/861
f 860/930/861 864/934/865 865/935/866 861/931/862
f 861/931/862 865/935/866 866/936/867 862/932/863
f 863/933/864 867/937/868 868/938/869 864/934/865
f 864/934/865 868/938/869 869/939/870 865/935/866
f 865/935/866 869/939/870 870/940/871 866/936/867
f 867/937/868 871/941/872 872/942/873 868/938/869
f 868/938/869 872/942/873 873/943/874 869/939/870
f 869/939/870 873/943/874 874/944/875 870/940/871
f 875/945/876 876/946/877 840/910/841 839/909/840
f 876/946/877 877/947/878 847/917/848 840/910/841
f 877/947/878 878/948/879 851/921/852 847/917/848
f 878/948/879 879/949/880 855/925/856 851/921/852
f 879/949/880 880/950/881 859/929/860 855/925/856
f 880/950/881 881/951/882 863/933/864 859/929/860
f 881/951/882 882/952/883 867/937/868 863/933/864
f 882/952/883 883/953/884 871/941/872 867/937/868
f 884/954/885 885/955/886 757/827/757 886/956/887
f 887/957/888 884/954/885 886/956/887 748/818/748
f 888/958/889 887/957/888 748/818/748 747/817/747
f 889/959/890 888/958/889 747/817/747 755/825/755
f 808/878/808 889/959/890 755/825/755 805/875/805
f 874/944/875 796/866/796 795/865/795 870/940/871
f 795/865/795 794/864/794 866/936/867 870/940/871
f 794/864/794 793/863/793 862/932/863 866/936/867
f 793/863/793 792/862/792 858/928/859 862/932/863
f 792/862/792 791/861/791 854/924/855 858/928/859
f 791/861/791 790/860/790 850/920/851 854/924/855
f 790/860/790 789/859/789 845/915/846 850/920/851
f 789/859/789 788/858/788 846/916/847 845/915/846
f 804/874/804 803/873/803 836/906/837 890/960/891
f 890/960/891 836/906/837 834/904/835 891/961/892
f 891/961/892 834/904/835 833/903/834 892/962/893
f 892/962/893 833/903/834 893/963/894 894/964/895
f 894/964/895 893/963/894 895/965/896 896/966/897
f 726/796/726 725/795/725 897/967/898 898/968/899
f 898/968/899 897/967/898 899/969/900 900/970/901
f 900/971/901 899/972/900 901/973/902 902/974/903
f 902/974/903 901/973/902 876/946/877 875/945/876
f 725/795/725 724/794/724 903/975/904 897/967/898
f 897/967/898 903/975/904 904/976/905 899/969/900
f 899/972/900 904/977/905 905/978/906 901/973/902
f 901/973/902 905/978/906 877/947/878 876/946/877
f 724/794/724 723/793/723 906/979/907 903/975/904
f 903/975/904 906/979/907 907/980/908 904/976/905
f 904/977/905 907/981/908 908/982/909 905/978/906
f 905/978/906 908/982/909 878/948/879 877/947/878
f 723/793/723 722/792/722 909/983/910 906/979/907
f 906/979/907 909/983/910 910/984/911 907/980/908
f 907/981/908 910/985/911 911/986/912 908/982/909
f 908/982/909 911/986/912 879/949/880 878/948/879
f 722/792/722 721/791/721 912/987/913 909/983/910
f 909/983/910 912/987/913 913/988/914 910/984/911
f 910/985/911 913/989/914 914/990/915 911/986/912
f 911/986/912 914/990/915 880/950/881 879/949/880
f 721/791/721 720/790/720 915/991/916 912/987/913
f 912/987/913 915/991/916 916/992/917 913/988/914
f 913/989/914 916/993/917 917/994/918 914/990/915
f 914/990/915 917/994/918 881/951/882 880/950/881
f 720/790/720 719/789/719 918/995/919 915/991/916
f 915/991/916 918/995/919 919/996/920 916/992/917
f 916/993/917 919/997/920 920/998/921 917/994/918
f 917/994/918 920/998/921 882/952/883 881/951/882
f 719/789/719 718/788/718 921/999/922 918/995/919
f 918/995/919 921/999/922 922/1000/923 919/996/920
f 919/997/920 922/1001/923 923/1002/924 920/998/921
f 920/998/921 923/1002/924 883/953/884 882/952/883
f 924/1003/925 717/787/717 716/786/716 925/1004/926
f 926/1005/927 924/1003/925 925/1004/926 927/1006/928
f 928/1007/929 926/1005/927 927/1006/928 758/828/758
f 885/955/886 928/1007/929 758/828/758 757/827/757
f 896/966/897 895/965/896 827/897/828 929/1008/930
f 929/1008/930 827/897/828 829/899/830 930/1009/931
f 930/1009/931 829/899/830 931/1010/932 932/1011/933
f 932/1011/933 931/1010/932 728/798/728 727/797/727
f 823/893/824 933/1012/934 934/1013/935 824/894/825
f 817/887/818 828/898/829 935/1014/936 818/888/819
f 936/1015/937 695/765/695 693/763/693 937/1016/938
f 934/1013/935 801/871/801 799/869/799 824/894/825
f 893/963/894 938/1017/939 939/1018/940 895/965/896
f 817/887/818 816/886/817 931/1010/932 829/899/830
f 895/965/896 939/1018/940 828/898/829 827/897/828
f 935/1014/936 828/898/829 939/1018/940 938/1017/939
f 831/901/832 830/900/831 832/902/833 835/905/836
f 934/1013/935 933/1012/934 838/908/839 837/907/838
f 837/907/838 803/873/803 801/871/801 934/1013/935
f 813/883/813 819/889/820 822/892/823 814/884/814
f 812/882/812 811/881/811 816/886/817 815/885/816
f 931/1010/932 816/886/817 811/881/811 728/798/728
f 893/963/894 833/903/834 832/902/833 938/1017/939
f 830/900/831 935/1014/936 938/1017/939 832/902/833
f 818/888/819 935/1014/936 830/900/831 820/890/821
f 819/889/820 815/885/816 818/888/819 820/890/821
f 813/883/813 812/882/812 815/885/816 819/889/820
f 687/757/687 812/882/812 813/883/813 688/758/688
f 937/1016/938 693/763/693 691/761/815 814/884/814
f 822/892/823 821/891/822 823/893/824 826/896/827
f 821/891/822 831/901/832 933/1012/934 823/893/824
f 838/908/839 933/1012/934 831/901/832 835/905/836
f 836/906/837 838/908/839 835/905/836 834/904/835
f 825/895/826 797/867/797 695/765/695 936/1015/937
f 937/1016/938 826/896/827 825/895/826 936/1015/937
f 814/884/814 822/892/823 826/896/827 937/1016/938
f 651/721/651 726/796/726 727/797/727 690/760/690
f 898/968/899 932/1019/933 727/797/727 726/796/726
f 900/970/901 930/1020/931 932/1019/933 898/968/899
f 902/974/903 929/1021/930 930/1022/931 900/971/901
f 875/945/876 896/1023/897 929/1021/930 902/974/903
f 839/909/840 894/1024/895 896/1023/897 875/945/876
f 842/912/843 892/1025/893 894/1024/895 839/909/840
f 844/914/845 891/1026/892 892/1025/893 842/912/843
f 846/916/847 890/1027/891 891/1026/892 844/914/845
f 788/858/788 804/1028/804 890/1027/891 846/916/847
f 802/1029/802 804/1028/804 788/858/788 779/849/779
f 800/1030/800 802/1029/802 779/849/779 770/840/770
f 798/1031/798 800/1030/800 770/840/770 761/831/761
f 696/766/696 798/1031/798 761/831/761 697/767/697
f 694/764/694 696/766/696 697/767/697 678/748/678
f 692/762/692 694/764/694 678/748/678 669/739/669
f 689/759/689 692/762/692 669/739/669 652/722/652
f 690/760/690 689/759/689 652/722/652 651/721/651
f 744/814/744 940/1032/941 756/826/756 745/815/745
f 805/875/805 941/1033/942 942/1034/943 806/876/806
f 735/805/735 886/956/887 757/827/757 736/806/736
f 730/800/730 729/799/729 927/1006/928 925/1004/926
f 943/1035/944 737/807/737 710/780/710 709/779/709
f 944/1036/945 943/1035/944 709/779/709 708/778/708
f 754/824/754 753/823/753 750/820/750 749/819/749
f 756/826/756 940/1032/941 942/1034/943 941/1033/942
f 755/825/755 756/826/756 941/1033/942 805/875/805
f 738/808/738 759/829/759 714/784/714 712/782/712
f 732/802/732 731/801/731 739/809/739 742/812/742
f 735/805/735 734/804/734 743/813/743 746/816/746
f 746/816/746 748/818/748 886/956/887 735/805/735
f 733/803/733 758/828/758 927/1006/928 729/799/729
f 729/799/729 732/802/732 734/804/734 733/803/733
f 743/813/743 734/804/734 732/802/732 742/812/742
f 742/812/742 741/811/741 744/814/744 743/813/743
f 741/811/741 754/824/754 940/1032/941 744/814/744
f 942/1034/943 940/1032/941 754/824/754 749/819/749
f 806/876/806 942/1034/943 749/819/749 752/822/752
f 760/830/760 730/800/730 925/1004/926 716/786/716
f 731/801/731 730/800/730 760/830/760 759/829/759
f 739/809/739 731/801/731 759/829/759 738/808/738
f 738/808/738 737/807/737 740/810/740 739/809/739
f 737/807/737 943/1035/944 753/823/753 740/810/740
f 750/820/750 753/823/753 943/1035/944 944/1036/945
f 751/821/751 750/820/750 944/1036/945 708/778/708
f 686/756/686 706/1037/706 711/1038/711 677/747/677
f 706/1037/706 686/756/686 705/775/705 707/1039/707
f 707/1039/707 705/775/705 769/839/769 810/1040/810
f 715/1041/715 668/738/668 667/737/667 713/1042/713
f 668/738/668 715/1041/715 717/1043/717 718/788/718
f 718/788/718 717/1043/717 924/1044/925 921/999/922
f 810/1040/810 769/839/769 778/848/778 809/1045/809
f 809/1045/809 778/848/778 787/857/787 807/1046/807
f 807/1046/807 787/857/787 796/866/796 808/878/808
f 808/878/808 796/866/796 874/944/875 889/959/890
f 871/941/872 884/954/885 887/957/888 872/942/873
f 884/954/885 871/941/872 883/953/884 885/955/886
f 872/942/873 887/957/888 888/958/889 873/943/874
f 873/943/874 888/958/889 889/959/890 874/944/875
f 885/955/886 883/953/884 923/1002/924 928/1047/929
f 921/999/922 924/1044/925 926/1048/927 922/1000/923
f 922/1001/923 926/1049/927 928/1047/929 923/1002/924
f 713/1042/713 667/737/667 677/747/677 711/1038/711
g default
v -13.966782 1.010019 7.035720
v -14.047664 0.975885 7.076420
v -14.037550 1.055315 7.102992
v -13.954855 1.064687 7.067325
v -13.942413 0.946142 7.009352
v -14.026773 0.897966 7.034724
v -13.971689 0.850282 7.004978
v -13.897128 0.899683 6.990138
v -13.937420 1.091848 7.092865
v -13.885478 1.118349 7.100680
v -13.876509 1.091066 7.057550
v -13.862982 1.049024 7.019103
v -13.838248 0.997976 6.989158
v -13.808254 0.948061 6.964429
v -13.813481 1.143140 7.115587
v -13.736113 1.163641 7.127912
v -13.717690 1.137766 7.082719
v -13.791746 1.121442 7.065800
v -13.769693 1.084024 7.024715
v -13.691523 1.102899 7.044175
v -13.666061 1.054170 7.017789
v -13.744595 1.036359 6.988884
v -13.642562 0.998518 6.999651
v -13.720310 0.978265 6.971017
v -13.699473 0.914819 6.964787
v -13.620721 0.936136 6.998624
v -13.600473 0.868532 7.012542
v -13.685171 0.845972 6.974880
v -13.667511 1.168893 7.144378
v -13.649661 1.147268 7.107622
v -13.624804 1.107568 7.083393
v -13.600322 1.059595 7.063206
v -13.577006 1.009298 7.042343
v -14.000050 1.105039 7.121104
v -13.838138 1.168130 7.162139
v -13.749693 1.187959 7.177905
v -13.561712 1.114671 7.123493
v -13.496936 1.127348 7.167629
v -13.461110 1.069418 7.145404
v -13.533219 1.066030 7.101721
v -13.455511 1.001119 7.119820
v -13.520359 1.012823 7.085273
v -13.782129 0.704164 7.057587
v -13.927574 0.725340 7.059698
v -13.915522 0.769167 6.986474
v -13.777298 0.750974 6.976192
v -13.785616 0.674940 7.115645
v -13.929599 0.699804 7.115295
v -13.785271 0.660856 7.177370
v -13.920622 0.690824 7.176993
v -13.783062 0.643400 7.236503
v -13.910387 0.677442 7.235528
v -13.778579 0.627225 7.295918
v -13.895298 0.667539 7.294149
v -13.772320 0.614549 7.355850
v -13.876341 0.661722 7.351902
v -13.760126 0.598756 7.446079
v -13.852919 0.647760 7.439467
v -13.752039 0.583097 7.537116
v -13.838256 0.626123 7.527222
v -13.746939 0.580316 7.598289
v -13.828002 0.612539 7.585939
v -13.744226 0.583620 7.661001
v -13.811470 0.604837 7.647808
v -13.670605 0.722684 7.073976
v -13.670881 0.771555 7.002622
v -13.675222 0.694196 7.130776
v -13.681929 0.678075 7.190897
v -13.683088 0.654096 7.248193
v -13.682743 0.634618 7.307389
v -13.681385 0.616972 7.367049
v -13.676405 0.599100 7.458582
v -13.676372 0.583379 7.550821
v -13.679044 0.582956 7.613149
v -13.685787 0.589887 7.675242
v -13.570749 0.749136 7.112043
v -13.571054 0.795496 7.041192
v -13.570219 0.713865 7.164370
v -13.579582 0.696478 7.223063
v -13.586430 0.678648 7.280726
v -13.592762 0.663057 7.337782
v -13.597119 0.648832 7.395609
v -13.598926 0.628824 7.482924
v -13.606781 0.612760 7.570724
v -13.615746 0.606874 7.629797
v -13.630928 0.612318 7.687885
v -13.480389 0.791555 7.163050
v -13.490906 0.838297 7.094916
v -13.478537 0.761530 7.212619
v -13.492621 0.745199 7.268269
v -13.510133 0.735342 7.322359
v -13.529580 0.726755 7.374269
v -13.539166 0.711919 7.426929
v -13.545369 0.688802 7.507219
v -13.557928 0.668703 7.585739
v -13.566685 0.655897 7.641525
v -13.589093 0.653844 7.693862
v -13.875937 0.829687 6.967567
v -13.779968 0.831113 6.962327
v -13.777355 0.758356 6.972905
v -13.911568 0.775896 6.982959
v -13.672311 0.778947 6.999365
v -13.573704 0.802766 7.037492
v -13.527026 0.902013 7.056072
v -13.493944 0.844736 7.089823
v -13.415211 0.861047 7.206539
v -13.421562 0.897112 7.133970
v -13.419781 0.840627 7.256529
v -13.436494 0.823511 7.307473
v -13.464331 0.813245 7.354852
v -13.497391 0.803621 7.397155
v -13.522202 0.789487 7.442762
v -13.533644 0.761552 7.520104
v -13.541572 0.733835 7.595084
v -13.552116 0.715864 7.649109
v -13.568102 0.702467 7.699316
v -13.592169 0.695211 7.745438
v -13.613256 0.658025 7.741706
v -13.651600 0.624193 7.737846
v -13.699529 0.605028 7.728932
v -13.749552 0.601953 7.718394
v -13.795209 0.614179 7.709672
v -14.096516 0.916067 7.166276
v -14.067189 1.008672 7.199216
v -14.077161 1.039102 7.122442
v -14.094077 0.951917 7.091432
v -14.083569 0.898939 7.221324
v -14.052226 0.986261 7.250160
v -14.051323 0.881754 7.273822
v -14.023184 0.960737 7.298420
v -14.015814 0.863268 7.319331
v -13.993670 0.933073 7.341413
v -13.978621 0.843832 7.362694
v -13.961454 0.904985 7.382578
v -13.944295 0.825239 7.408289
v -13.934431 0.879762 7.428534
v -13.911286 0.795995 7.488610
v -13.907204 0.846323 7.506292
v -13.901283 0.766885 7.573468
v -13.899888 0.816587 7.589078
v -13.899524 0.747488 7.630221
v -13.898487 0.797552 7.644511
v -13.888327 0.728300 7.686542
v -13.890249 0.776376 7.699527
v -14.100164 0.829507 7.115355
v -14.081959 0.868772 7.045789
v -14.098573 0.808202 7.173109
v -14.058339 0.799360 7.232187
v -14.017809 0.794538 7.279645
v -13.978321 0.783910 7.328018
v -13.941830 0.771967 7.378009
v -13.906036 0.748243 7.463222
v -13.894313 0.719068 7.552707
v -13.890232 0.699312 7.612470
v -13.875946 0.683359 7.672209
v -14.035231 0.760877 7.075185
v -14.016535 0.806242 7.005684
v -14.030709 0.740396 7.131361
v -14.006060 0.737604 7.194431
v -13.981751 0.731367 7.251292
v -13.951872 0.723840 7.306706
v -13.920397 0.717504 7.360782
v -13.889202 0.698907 7.448360
v -13.876794 0.672060 7.537905
v -13.868540 0.653825 7.597686
v -13.850796 0.641389 7.658750
v -14.088593 0.956117 7.086947
v -14.071283 1.042406 7.117449
v -14.075800 0.872903 7.042643
v -14.011357 0.812189 7.003480
v -13.829821 0.641580 7.715963
v -13.853318 0.676740 7.725101
v -13.869689 0.717290 7.736106
v -13.873682 0.757715 7.746476
v -13.867753 0.795766 7.761683
v -13.878381 0.821027 7.715837
v -13.881115 0.842638 7.660536
v -13.884388 0.862596 7.605354
v -13.889509 0.890894 7.522163
v -13.902989 0.924326 7.441411
v -13.922108 0.954458 7.393645
v -13.948103 0.989709 7.353848
v -13.974105 1.025762 7.315428
v -14.001766 1.062265 7.273723
v -14.016053 1.089738 7.224590
v -14.029030 1.118387 7.151598
v -14.025784 1.118547 7.144038
v -13.757861 1.183431 7.292484
v -13.663183 1.185701 7.300827
v -13.658464 1.230230 7.233343
v -13.758209 1.223089 7.223029
v -13.757690 1.145269 7.334831
v -13.669306 1.144937 7.338641
v -13.757189 1.099935 7.373287
v -13.678180 1.102136 7.377514
v -13.757260 1.058569 7.413058
v -13.686449 1.063039 7.417605
v -13.757926 1.019212 7.454893
v -13.694981 1.024946 7.458864
v -13.759225 0.985017 7.501337
v -13.702330 0.988695 7.502007
v -13.760040 0.941309 7.575790
v -13.709445 0.939523 7.570716
v -13.758393 0.914198 7.656978
v -13.709904 0.909849 7.648693
v -13.756754 0.907529 7.714033
v -13.706796 0.903772 7.705775
v -13.754255 0.885248 7.765393
v -13.704926 0.888525 7.759645
v -13.848936 1.155103 7.285188
v -13.854144 1.191999 7.212169
v -13.840749 1.118158 7.326162
v -13.831957 1.076952 7.366691
v -13.825832 1.040445 7.409729
v -13.818966 1.003389 7.452128
v -13.814003 0.971033 7.498656
v -13.809986 0.934549 7.575732
v -13.806601 0.907529 7.656349
v -13.807430 0.895918 7.712272
v -13.806173 0.874036 7.763599
v -13.935196 1.127760 7.259607
v -13.943858 1.163129 7.186742
v -13.923966 1.095102 7.304753
v -13.904378 1.054731 7.344287
v -13.889379 1.018911 7.386380
v -13.872810 0.981119 7.427249
v -13.862135 0.950994 7.475770
v -13.855863 0.918176 7.555814
v -13.849718 0.887811 7.636636
v -13.850164 0.872560 7.692514
v -13.849594 0.851537 7.745604
v -13.661851 1.192754 7.188696
v -13.757681 1.222868 7.214661
v -13.658705 1.230070 7.225043
v -13.852891 1.191908 7.203819
v -13.923313 1.140318 7.144185
v -13.941994 1.163049 7.178505
v -13.840397 0.824525 7.784113
v -13.797318 0.843599 7.796203
v -13.752007 0.854581 7.797616
v -13.708747 0.860567 7.794175
v -13.673285 0.854089 7.784256
v -13.666332 0.879301 7.747510
v -13.670198 0.892412 7.693217
v -13.676517 0.901590 7.637460
v -13.674677 0.934049 7.561776
v -13.660637 0.984315 7.496341
v -13.649090 1.017442 7.453105
v -13.633675 1.057905 7.417561
v -13.618313 1.096811 7.380706
v -13.602124 1.140096 7.346220
v -13.591026 1.182405 7.303566
v -13.581060 1.222860 7.236575
v -13.381255 0.947317 7.231603
v -13.391449 0.979772 7.153981
v -13.389246 0.924486 7.281317
v -13.420193 0.901884 7.330712
v -13.456182 0.883390 7.370883
v -13.496977 0.864526 7.406101
v -13.530936 0.843954 7.446875
v -13.546230 0.810724 7.528007
v -13.549511 0.783208 7.607361
v -13.559822 0.762064 7.661939
v -13.570884 0.744596 7.715147
v -13.389771 1.041349 7.260538
v -13.399271 1.071024 7.181415
v -13.392875 1.017744 7.313740
v -13.425620 0.981721 7.362154
v -13.470146 0.952360 7.387089
v -13.518677 0.920908 7.414309
v -13.547790 0.897173 7.457187
v -13.565259 0.858236 7.535875
v -13.571334 0.825811 7.618142
v -13.578817 0.803609 7.672425
v -13.586792 0.785699 7.726636
v -13.438621 1.121702 7.286459
v -13.441165 1.150945 7.200182
v -13.450379 1.090955 7.335136
v -13.486755 1.049066 7.366606
v -13.517883 1.006094 7.389709
v -13.558270 0.968431 7.420424
v -13.579947 0.941541 7.468336
v -13.594454 0.899000 7.545159
v -13.604645 0.861349 7.624407
v -13.606533 0.841821 7.680195
v -13.610289 0.822023 7.734523
v -13.523224 1.170885 7.307350
v -13.515198 1.207792 7.231647
v -13.533411 1.135423 7.344061
v -13.559443 1.084493 7.368811
v -13.582976 1.041071 7.397758
v -13.607328 1.003690 7.436291
v -13.622223 0.972620 7.483478
v -13.637640 0.924203 7.553720
v -13.643483 0.887437 7.631269
v -13.639084 0.874258 7.687824
v -13.636845 0.856588 7.743455
v -13.404484 1.072198 7.174973
v -13.396839 0.982698 7.148316
v -13.445576 1.150884 7.193172
v -13.546931 1.173627 7.182594
v -13.517365 1.207307 7.223698
v -13.645407 0.834470 7.780234
v -13.621552 0.805158 7.774681
v -13.602026 0.770933 7.768227
v -13.589886 0.732984 7.757915
v -13.672750 0.644674 7.776537
v -13.636218 0.670351 7.777024
v -13.716417 0.628732 7.767268
v -13.786119 0.627367 7.742641
v -13.804279 0.649126 7.754678
v -13.691575 0.673063 7.808590
v -13.733160 0.659502 7.798323
v -13.823904 0.679350 7.766760
v -13.626917 0.753656 7.803916
v -13.643847 0.788694 7.809553
v -13.681490 0.767648 7.832152
v -13.665848 0.730894 7.825082
v -13.708737 0.707246 7.832413
v -13.724087 0.745771 7.840500
v -13.764177 0.727419 7.829349
v -13.749647 0.692552 7.819257
v -13.802417 0.715433 7.809566
v -13.786592 0.684743 7.798999
v -13.840614 0.712541 7.777349
v -13.736752 0.784704 7.836782
v -13.777628 0.767057 7.830741
v -13.662786 0.816820 7.809559
v -13.746522 0.821439 7.818207
v -13.788136 0.808080 7.816671
v -13.826399 0.792318 7.805056
v -13.851460 0.778017 7.786178
v -13.582333 1.222658 7.228361
v -13.597752 1.192854 7.190302
v -13.425984 0.901682 7.128388
v -13.479718 0.943750 7.092970
v -13.844080 0.881189 6.966084
v -13.780602 0.896028 6.956455
v -13.558716 0.956327 7.039549
v -13.594804 1.151216 7.144106
v -13.620109 1.169820 7.158781
v -13.521156 0.971414 7.076775
v -13.696632 0.801069 7.828476
v -13.755840 0.624715 7.754407
v -13.772039 0.653001 7.783031
v -13.815084 0.753275 7.810433
v -13.616358 0.719122 7.789959
v -13.651723 0.696767 7.804874
v -13.611891 0.693513 7.773772
v -13.849029 0.748243 7.782736
v -13.679947 0.836748 7.806304
v -13.708642 0.831697 7.815368
vt 0.200428 0.982371
vt 0.197024 0.983519
vt 0.196908 0.980146
vt 0.200402 0.980063
vt 0.201665 0.984719
vt 0.198502 0.986756
vt 0.201003 0.988477
vt 0.203539 0.986233
vt 0.200723 0.978650
vt 0.202514 0.977430
vt 0.203207 0.978993
vt 0.204036 0.980747
vt 0.205205 0.982526
vt 0.206527 0.984123
vt 0.204828 0.975913
vt 0.207338 0.974516
vt 0.208242 0.976096
vt 0.205926 0.977439
vt 0.206956 0.979033
vt 0.209342 0.977614
vt 0.210462 0.979205
vt 0.208073 0.980724
vt 0.211580 0.980889
vt 0.209183 0.982451
vt 0.210294 0.984310
vt 0.212852 0.982639
vt 0.214382 0.984591
vt 0.211460 0.986459
vt 0.209639 0.973306
vt 0.210462 0.974728
vt 0.211622 0.976132
vt 0.212811 0.977701
vt 0.213888 0.979403
vt 0.198008 0.978091
vt 0.203659 0.974436
vt 0.206516 0.972799
vt 0.213956 0.974534
vt 0.216514 0.972647
vt 0.218244 0.974689
vt 0.215309 0.976243
vt 0.218908 0.977349
vt 0.216169 0.978106
vt 0.175294 0.977627
vt 0.180364 0.978436
vt 0.179624 0.981615
vt 0.174330 0.981175
vt 0.175939 0.975290
vt 0.180774 0.976279
vt 0.176434 0.973021
vt 0.181055 0.974050
vt 0.176847 0.970768
vt 0.181249 0.971843
vt 0.177162 0.968486
vt 0.181336 0.969570
vt 0.177373 0.966185
vt 0.181327 0.967227
vt 0.177466 0.962690
vt 0.181199 0.963587
vt 0.177461 0.959191
vt 0.180874 0.959983
vt 0.177357 0.956864
vt 0.180536 0.957647
vt 0.177168 0.954380
vt 0.179995 0.955169
vt 0.171410 0.976689
vt 0.170383 0.979829
vt 0.172205 0.974444
vt 0.172936 0.972229
vt 0.173512 0.969990
vt 0.173976 0.967716
vt 0.174360 0.965428
vt 0.174691 0.961972
vt 0.174984 0.958519
vt 0.175061 0.956184
vt 0.175059 0.953684
vt 0.168028 0.975179
vt 0.166748 0.978097
vt 0.168871 0.973003
vt 0.169655 0.970868
vt 0.170324 0.968705
vt 0.170927 0.966539
vt 0.171461 0.964335
vt 0.172082 0.961035
vt 0.172651 0.957776
vt 0.172946 0.955567
vt 0.173122 0.953196
vt 0.164979 0.973517
vt 0.163839 0.976691
vt 0.165758 0.971507
vt 0.166544 0.969483
vt 0.167252 0.967456
vt 0.167977 0.965406
vt 0.168699 0.963333
vt 0.169633 0.960259
vt 0.170452 0.957318
vt 0.170933 0.955226
vt 0.171358 0.953044
vt 0.204820 0.988716
vt 0.208051 0.987923
vt 0.208371 0.990603
vt 0.203876 0.991048
vt 0.212948 0.988778
vt 0.216389 0.986484
vt 0.216786 0.982212
vt 0.218926 0.983459
vt 0.162029 0.972215
vt 0.160767 0.975276
vt 0.162765 0.970357
vt 0.163566 0.968515
vt 0.164360 0.966669
vt 0.165234 0.964797
vt 0.166148 0.962842
vt 0.167454 0.959861
vt 0.168534 0.957043
vt 0.169189 0.954970
vt 0.169764 0.952915
vt 0.170319 0.950642
vt 0.171726 0.950659
vt 0.173235 0.950723
vt 0.175076 0.951146
vt 0.176971 0.951771
vt 0.179537 0.952373
vt 0.190364 0.976943
vt 0.193585 0.975851
vt 0.194525 0.978527
vt 0.191131 0.979817
vt 0.190156 0.975005
vt 0.193131 0.974018
vt 0.189949 0.972907
vt 0.192754 0.971992
vt 0.189630 0.970841
vt 0.192253 0.970005
vt 0.189210 0.968649
vt 0.191696 0.967864
vt 0.188764 0.966291
vt 0.191126 0.965547
vt 0.188040 0.962513
vt 0.190238 0.961880
vt 0.187311 0.958830
vt 0.189363 0.958279
vt 0.186845 0.956491
vt 0.188829 0.955979
vt 0.186382 0.954204
vt 0.188334 0.953682
vt 0.187312 0.978046
vt 0.187552 0.980889
vt 0.187267 0.976218
vt 0.187153 0.974061
vt 0.187025 0.971977
vt 0.186747 0.969691
vt 0.186427 0.967252
vt 0.185888 0.963356
vt 0.185274 0.959513
vt 0.184847 0.957070
vt 0.184429 0.954682
vt 0.184081 0.978571
vt 0.183527 0.981618
vt 0.184223 0.976630
vt 0.184315 0.974414
vt 0.184339 0.972248
vt 0.184210 0.969929
vt 0.184034 0.967496
vt 0.183693 0.963657
vt 0.183216 0.959873
vt 0.182804 0.957454
vt 0.182277 0.955008
vt 0.195482 0.984429
vt 0.195414 0.980384
vt 0.196694 0.987946
vt 0.199728 0.990219
vt 0.181889 0.952597
vt 0.184301 0.952500
vt 0.186181 0.952141
vt 0.188181 0.951443
vt 0.189427 0.950915
vt 0.190016 0.953026
vt 0.190668 0.955284
vt 0.191318 0.957573
vt 0.192279 0.961130
vt 0.193345 0.964692
vt 0.194086 0.966952
vt 0.194791 0.969028
vt 0.195418 0.970953
vt 0.195938 0.972882
vt 0.196363 0.974629
vt 0.196616 0.977105
vt 0.196640 0.977344
vt 0.204654 0.968902
vt 0.207493 0.966989
vt 0.208928 0.968857
vt 0.205813 0.971022
vt 0.203711 0.967412
vt 0.206421 0.965686
vt 0.202641 0.965797
vt 0.205184 0.964273
vt 0.201544 0.964126
vt 0.203939 0.962787
vt 0.200389 0.962338
vt 0.202623 0.961182
vt 0.199213 0.960401
vt 0.201298 0.959431
vt 0.197566 0.957265
vt 0.199472 0.956530
vt 0.196139 0.954014
vt 0.197920 0.953449
vt 0.195297 0.951905
vt 0.196967 0.951344
vt 0.194495 0.949927
vt 0.196126 0.949294
vt 0.201657 0.970465
vt 0.202745 0.972800
vt 0.200874 0.968858
vt 0.199978 0.967109
vt 0.199030 0.965320
vt 0.198049 0.963400
vt 0.197053 0.961329
vt 0.195661 0.958058
vt 0.194426 0.954751
vt 0.193638 0.952650
vt 0.192857 0.950728
vt 0.199004 0.972478
vt 0.199921 0.974807
vt 0.198325 0.970821
vt 0.197630 0.968958
vt 0.196855 0.967083
vt 0.196000 0.965051
vt 0.195153 0.962850
vt 0.193934 0.959434
vt 0.192831 0.956010
vt 0.192122 0.953803
vt 0.191367 0.951735
vt 0.209501 0.971319
vt 0.205909 0.971260
vt 0.209065 0.969068
vt 0.202877 0.973034
vt 0.200868 0.976200
vt 0.200047 0.975031
vt 0.190666 0.949936
vt 0.192279 0.949162
vt 0.193744 0.948408
vt 0.195315 0.947477
vt 0.196907 0.947199
vt 0.197492 0.949011
vt 0.198320 0.951063
vt 0.199247 0.953164
vt 0.200843 0.956132
vt 0.202836 0.958799
vt 0.204274 0.960377
vt 0.205701 0.961823
vt 0.207082 0.963124
vt 0.208424 0.964367
vt 0.209610 0.965655
vt 0.211003 0.967108
vt 0.159327 0.971391
vt 0.158327 0.974236
vt 0.160151 0.969660
vt 0.161200 0.967769
vt 0.162222 0.966071
vt 0.163336 0.964352
vt 0.164486 0.962498
vt 0.166056 0.959491
vt 0.167197 0.956569
vt 0.167883 0.954423
vt 0.168517 0.952271
vt 0.156385 0.970310
vt 0.155491 0.973268
vt 0.157381 0.968311
vt 0.158930 0.966344
vt 0.160248 0.965013
vt 0.161737 0.963560
vt 0.163103 0.961884
vt 0.164773 0.959074
vt 0.166012 0.956086
vt 0.166592 0.953882
vt 0.167185 0.951718
vt 0.214342 0.963101
vt 0.217151 0.961197
vt 0.218692 0.963757
vt 0.216069 0.965304
vt 0.213107 0.961797
vt 0.215446 0.959514
vt 0.211404 0.960636
vt 0.213330 0.958177
vt 0.209867 0.959530
vt 0.211392 0.957686
vt 0.207860 0.958537
vt 0.209213 0.957226
vt 0.206040 0.957274
vt 0.207366 0.956103
vt 0.203769 0.954766
vt 0.204984 0.953811
vt 0.201887 0.951821
vt 0.203230 0.950872
vt 0.200713 0.949788
vt 0.201947 0.948987
vt 0.199616 0.947791
vt 0.200665 0.947145
vt 0.211550 0.964492
vt 0.213206 0.966032
vt 0.210584 0.963433
vt 0.209122 0.962215
vt 0.207671 0.960996
vt 0.205978 0.959733
vt 0.204353 0.958249
vt 0.202228 0.955620
vt 0.200455 0.952626
vt 0.199413 0.950525
vt 0.198493 0.948406
vt 0.220577 0.973586
vt 0.221534 0.977006
vt 0.218444 0.970948
vt 0.214217 0.971280
vt 0.215200 0.969041
vt 0.197876 0.946702
vt 0.198695 0.946258
vt 0.199681 0.945671
vt 0.167996 0.950094
vt 0.168991 0.950304
vt 0.190492 0.940850
vt 0.190159 0.939006
vt 0.192163 0.938930
vt 0.191977 0.940562
vt 0.188992 0.941416
vt 0.188248 0.939724
vt 0.185469 0.944201
vt 0.185688 0.942470
vt 0.186914 0.942883
vt 0.187137 0.943973
vt 0.190920 0.942364
vt 0.189638 0.942875
vt 0.187501 0.945274
vt 0.185784 0.945862
vt 0.194140 0.942626
vt 0.194572 0.943878
vt 0.193178 0.944379
vt 0.192724 0.943201
vt 0.191377 0.943669
vt 0.191851 0.944828
vt 0.190611 0.945233
vt 0.190152 0.944119
vt 0.189383 0.945750
vt 0.188973 0.944651
vt 0.187994 0.946538
vt 0.186454 0.947490
vt 0.192385 0.945958
vt 0.191130 0.946430
vt 0.195616 0.941905
vt 0.196006 0.943419
vt 0.196138 0.944909
vt 0.194846 0.945010
vt 0.193028 0.947186
vt 0.191717 0.947777
vt 0.190391 0.948298
vt 0.188724 0.949754
vt 0.189234 0.948567
vt 0.212593 0.968945
vt 0.212097 0.970876
vt 0.220995 0.980299
vt 0.218339 0.979879
vt 0.205620 0.986637
vt 0.207698 0.985668
vt 0.214997 0.980941
vt 0.212476 0.973238
vt 0.211383 0.972518
vt 0.216515 0.979588
vt 0.174250 0.981493
vt 0.170275 0.980130
vt 0.179491 0.981923
vt 0.183424 0.981935
vt 0.166603 0.978383
vt 0.163710 0.977051
vt 0.160630 0.975637
vt 0.158245 0.974517
vt 0.194758 0.978721
vt 0.191290 0.980099
vt 0.187578 0.981198
vt 0.211075 0.967264
vt 0.213368 0.966164
vt 0.155440 0.973515
vt 0.218852 0.964064
vt 0.216190 0.965531
vt 0.193627 0.945466
vt 0.187775 0.942158
vt 0.188461 0.943491
vt 0.189861 0.946972
vt 0.193617 0.941422
vt 0.194899 0.940467
vt 0.192286 0.941933
vt 0.193129 0.940477
vt 0.188611 0.947685
vt 0.187468 0.948777
vt 0.186698 0.940939
vt 0.195000 0.945932
vt 0.195891 0.946230
vt 0.194200 0.946530
vt 0.193768 0.939414
vn -0.391316 0.389699 -0.833671
vn -0.435358 0.352953 -0.828183
vn -0.416036 0.489496 -0.766360
vn -0.355611 0.597204 -0.718949
vn -0.352315 0.224379 -0.908586
vn -0.358432 0.267751 -0.894336
vn -0.297998 0.174864 -0.938414
vn -0.310170 0.160336 -0.937063
vn -0.274365 0.712064 -0.646288
vn -0.225312 0.792147 -0.567219
vn -0.260662 0.709893 -0.654299
vn -0.242240 0.508476 -0.826300
vn -0.219582 0.330306 -0.917977
vn -0.159916 0.194785 -0.967722
vn -0.156152 0.847411 -0.507456
vn -0.042704 0.876527 -0.479454
vn 0.041324 0.810860 -0.583779
vn -0.133335 0.782222 -0.608564
vn -0.062246 0.623358 -0.779455
vn 0.192522 0.659651 -0.726496
vn 0.307794 0.507017 -0.805106
vn 0.023472 0.452288 -0.891563
vn 0.384629 0.311378 -0.868968
vn 0.132459 0.258383 -0.956918
vn 0.235100 0.037695 -0.971240
vn 0.446227 0.081617 -0.891190
vn 0.483621 -0.091165 -0.870517
vn 0.300779 -0.145643 -0.942508
vn 0.087315 0.864835 -0.494406
vn 0.217250 0.785298 -0.579749
vn 0.354537 0.622694 -0.697536
vn 0.432324 0.504749 -0.747211
vn 0.512988 0.334535 -0.790525
vn -0.279750 0.677409 -0.680336
vn -0.135821 0.822040 -0.552995
vn -0.049621 0.819032 -0.571599
vn 0.372429 0.595577 -0.711748
vn 0.319010 0.554550 -0.768575
vn 0.420607 0.413633 -0.807463
vn 0.438962 0.471339 -0.764952
vn 0.489441 0.234892 -0.839806
vn 0.513654 0.297782 -0.804665
vn 0.044385 -0.876291 -0.479734
vn -0.254064 -0.847692 -0.465692
vn -0.234435 -0.593193 -0.770170
vn 0.074798 -0.653158 -0.753518
vn 0.017984 -0.946578 -0.321973
vn -0.286900 -0.928474 -0.235847
vn -0.014633 -0.970072 -0.242375
vn -0.350298 -0.932510 -0.087843
vn -0.057585 -0.964490 -0.257766
vn -0.432664 -0.899512 -0.060663
vn -0.115435 -0.973458 -0.197620
vn -0.512990 -0.857576 0.037479
vn -0.175420 -0.973600 -0.146050
vn -0.590595 -0.804534 0.062626
vn -0.208177 -0.967847 -0.141190
vn -0.633610 -0.773182 -0.026999
vn -0.202700 -0.973863 -0.102489
vn -0.612554 -0.786508 -0.078634
vn -0.170662 -0.985329 0.000817
vn -0.557581 -0.830052 -0.010805
vn -0.151942 -0.974893 0.162778
vn -0.497647 -0.854491 0.148973
vn 0.299736 -0.824335 -0.480240
vn 0.350435 -0.590057 -0.727344
vn 0.251282 -0.906057 -0.340467
vn 0.226469 -0.934286 -0.275358
vn 0.233261 -0.925708 -0.297748
vn 0.235534 -0.936628 -0.259328
vn 0.231936 -0.947667 -0.219391
vn 0.224730 -0.958265 -0.176705
vn 0.213756 -0.972789 -0.089391
vn 0.197826 -0.978916 0.050871
vn 0.174559 -0.960062 0.218656
vn 0.485954 -0.730768 -0.479402
vn 0.529976 -0.503929 -0.682042
vn 0.434859 -0.838356 -0.328719
vn 0.415609 -0.888940 -0.192497
vn 0.476355 -0.863262 -0.166925
vn 0.545947 -0.824497 -0.148819
vn 0.589126 -0.791368 -0.163299
vn 0.597692 -0.790817 -0.131807
vn 0.581870 -0.811643 -0.051596
vn 0.538444 -0.836619 0.100729
vn 0.482262 -0.827439 0.287694
vn 0.694783 -0.599943 -0.396667
vn 0.672386 -0.427113 -0.604542
vn 0.700004 -0.684115 -0.204891
vn 0.680488 -0.732665 0.011756
vn 0.713166 -0.690499 0.120855
vn 0.799476 -0.588704 0.119439
vn 0.879187 -0.476257 0.014490
vn 0.899064 -0.437502 -0.016627
vn 0.885410 -0.463831 0.030158
vn 0.843388 -0.511537 0.164397
vn 0.759520 -0.555395 0.338624
vn -0.193191 0.012495 -0.981082
vn 0.048945 -0.135607 -0.989553
vn 0.081034 -0.296739 -0.951514
vn -0.186309 -0.189072 -0.964127
vn 0.336727 -0.271233 -0.901691
vn 0.506129 -0.212082 -0.835975
vn 0.564889 0.007627 -0.825132
vn 0.603505 -0.167582 -0.779550
vn 0.871791 -0.431184 -0.232509
vn 0.788927 -0.306828 -0.532402
vn 0.883394 -0.468451 0.013009
vn 0.841244 -0.466988 0.272454
vn 0.802150 -0.401838 0.441681
vn 0.847784 -0.269037 0.457036
vn 0.956819 -0.097271 0.273928
vn 0.992585 -0.014898 0.120633
vn 0.990060 -0.047034 0.132550
vn 0.968313 -0.114843 0.221770
vn 0.911328 -0.223441 0.345767
vn 0.809600 -0.333457 0.483068
vn 0.652364 -0.583175 0.484074
vn 0.404754 -0.780565 0.476332
vn 0.112143 -0.894967 0.431808
vn -0.167060 -0.909221 0.381324
vn -0.437739 -0.825522 0.356227
vn -0.986260 0.115792 0.117830
vn -0.902194 0.309312 0.300619
vn -0.894278 0.423718 -0.143981
vn -0.908050 0.232712 -0.348268
vn -0.919603 0.048676 0.389822
vn -0.828756 0.258299 0.496433
vn -0.819495 -0.057957 0.570149
vn -0.744547 0.208409 0.634204
vn -0.788447 -0.119655 0.603352
vn -0.712331 0.193750 0.674571
vn -0.807418 -0.149567 0.570706
vn -0.747706 0.192047 0.635652
vn -0.888554 -0.139702 0.436984
vn -0.857277 0.190149 0.478455
vn -0.972214 -0.097462 0.212842
vn -0.952119 0.166759 0.256245
vn -0.995975 -0.073248 0.051665
vn -0.981378 0.153845 0.115021
vn -0.989929 -0.118102 0.078057
vn -0.983387 0.125560 0.131090
vn -0.951919 -0.212853 0.220325
vn -0.969492 0.033219 0.242862
vn -0.943976 -0.278075 -0.177721
vn -0.796124 -0.023760 -0.604667
vn -0.888838 -0.412619 0.199280
vn -0.761822 -0.473906 0.441635
vn -0.756001 -0.449212 0.476100
vn -0.781386 -0.407750 0.472415
vn -0.856240 -0.357418 0.372969
vn -0.943630 -0.288697 0.161914
vn -0.964493 -0.263719 0.014330
vn -0.941959 -0.331581 0.052594
vn -0.877912 -0.433638 0.203047
vn -0.581908 -0.703987 -0.407168
vn -0.505494 -0.375904 -0.776642
vn -0.567912 -0.820537 -0.064776
vn -0.573812 -0.801910 0.166373
vn -0.659044 -0.716304 0.229280
vn -0.722638 -0.620514 0.304558
vn -0.795707 -0.545176 0.263884
vn -0.863393 -0.496606 0.089081
vn -0.863048 -0.504334 -0.028204
vn -0.817259 -0.575750 0.024503
vn -0.741039 -0.647130 0.179120
vn -0.554873 0.348018 -0.755645
vn -0.601091 0.471216 -0.645481
vn -0.450575 0.257920 -0.854669
vn -0.326147 0.049797 -0.944007
vn -0.640443 -0.668850 0.377455
vn -0.763878 -0.508202 0.397769
vn -0.856155 -0.314628 0.409887
vn -0.900844 -0.101851 0.422026
vn -0.851088 0.146506 0.504167
vn -0.897489 0.322533 0.300810
vn -0.876956 0.436367 0.201325
vn -0.860041 0.467011 0.205499
vn -0.832397 0.471134 0.291802
vn -0.758258 0.463851 0.458134
vn -0.664130 0.406287 0.627585
vn -0.606911 0.382701 0.696562
vn -0.597623 0.395796 0.697275
vn -0.645861 0.464318 0.606030
vn -0.700307 0.566535 0.434290
vn -0.693135 0.718750 0.054425
vn -0.465790 0.739611 -0.485814
vn -0.186698 0.784152 0.591819
vn -0.029883 0.781829 0.622776
vn -0.006507 0.964965 0.262299
vn -0.202254 0.950280 0.236772
vn -0.163974 0.681660 0.713058
vn -0.030514 0.681150 0.731508
vn -0.159337 0.678399 0.717208
vn -0.021003 0.679228 0.733627
vn -0.159576 0.714990 0.680680
vn 0.000505 0.705124 0.709084
vn -0.158608 0.758299 0.632318
vn 0.032684 0.742155 0.669431
vn -0.123601 0.825230 0.551105
vn 0.080970 0.792131 0.604956
vn -0.051618 0.906179 0.419732
vn 0.154934 0.870171 0.467758
vn -0.028277 0.972237 0.232283
vn 0.199878 0.952588 0.229402
vn -0.062311 0.965698 0.252079
vn 0.196582 0.961100 0.194016
vn -0.090477 0.841965 0.531892
vn 0.180878 0.864576 0.468820
vn -0.341478 0.761065 0.551518
vn -0.334075 0.920397 0.203131
vn -0.326738 0.649212 0.686852
vn -0.329390 0.639338 0.694802
vn -0.345801 0.661807 0.665156
vn -0.369763 0.697508 0.613806
vn -0.360180 0.791629 0.493552
vn -0.322506 0.868526 0.376367
vn -0.331051 0.909146 0.252705
vn -0.372353 0.886787 0.273793
vn -0.374623 0.765813 0.522674
vn -0.459820 0.725520 0.512041
vn -0.426973 0.888343 0.168940
vn -0.444582 0.598966 0.666023
vn -0.460782 0.541799 0.702947
vn -0.521629 0.522422 0.674521
vn -0.586263 0.540091 0.603819
vn -0.616342 0.647429 0.448282
vn -0.614573 0.715950 0.331233
vn -0.624661 0.737990 0.255283
vn -0.661696 0.707290 0.248797
vn -0.688007 0.594852 0.415689
vn 0.047312 0.799697 -0.598537
vn -0.124205 0.919638 -0.372611
vn 0.033039 0.922508 -0.384562
vn -0.221175 0.915154 -0.337007
vn -0.163799 0.790121 -0.590660
vn -0.260799 0.897151 -0.356518
vn -0.627332 0.404946 0.665187
vn -0.321157 0.552347 0.769266
vn -0.101979 0.629538 0.770248
vn 0.128859 0.684812 0.717236
vn 0.412416 0.658154 0.629879
vn 0.457109 0.795967 0.396848
vn 0.418517 0.893339 0.163672
vn 0.359408 0.898640 0.251541
vn 0.312761 0.810233 0.495684
vn 0.302708 0.728402 0.614652
vn 0.306539 0.653523 0.692056
vn 0.252012 0.592208 0.765363
vn 0.139682 0.582915 0.800437
vn 0.052635 0.636498 0.769480
vn 0.069635 0.782712 0.618477
vn 0.138901 0.961473 0.237225
vn 0.990019 -0.128158 -0.058629
vn 0.905668 -0.007237 -0.423926
vn 0.953092 -0.205931 0.221831
vn 0.828737 -0.227041 0.511515
vn 0.712770 -0.147925 0.685621
vn 0.734262 -0.004727 0.678849
vn 0.882096 0.151076 0.446187
vn 0.944143 0.248505 0.216426
vn 0.944019 0.253956 0.210559
vn 0.943549 0.202809 0.261887
vn 0.932938 0.102694 0.345081
vn 0.952759 0.274446 0.130115
vn 0.894509 0.349590 -0.278640
vn 0.865410 0.177946 0.468403
vn 0.639277 0.076102 0.765201
vn 0.504437 0.092835 0.858444
vn 0.611704 0.211856 0.762191
vn 0.797318 0.333334 0.503163
vn 0.851848 0.422237 0.309953
vn 0.838524 0.471472 0.273116
vn 0.852438 0.443011 0.277652
vn 0.865786 0.360933 0.346614
vn 0.715952 0.596184 0.363286
vn 0.732857 0.675087 -0.084728
vn 0.546085 0.467020 0.695473
vn 0.351323 0.330694 0.875907
vn 0.349731 0.319952 0.880522
vn 0.530779 0.415176 0.738852
vn 0.663940 0.526739 0.530782
vn 0.672582 0.611201 0.417213
vn 0.685307 0.660894 0.305898
vn 0.751392 0.613157 0.243822
vn 0.790640 0.509482 0.339584
vn 0.340508 0.760778 0.552513
vn 0.405750 0.905624 0.123341
vn 0.244559 0.560603 0.791148
vn 0.258278 0.424775 0.867674
vn 0.373769 0.433368 0.820054
vn 0.482998 0.533282 0.694495
vn 0.496116 0.650387 0.575209
vn 0.465373 0.741245 0.483718
vn 0.511535 0.809691 0.287633
vn 0.615929 0.765132 0.187630
vn 0.671171 0.651375 0.353893
vn 0.590607 0.383223 -0.710157
vn 0.635470 0.140542 -0.759227
vn 0.474692 0.619789 -0.624924
vn 0.215769 0.676444 -0.704179
vn 0.293577 0.828786 -0.476368
vn 0.623842 0.539982 0.565014
vn 0.743026 0.404212 0.533409
vn 0.816239 0.234529 0.527968
vn 0.859953 -0.031591 0.509394
vn 0.294850 -0.693461 0.657401
vn 0.528935 -0.540723 0.654100
vn 0.019201 -0.786557 0.617220
vn -0.391380 -0.770685 0.502858
vn -0.506960 -0.657260 0.557674
vn 0.198041 -0.569218 0.797979
vn -0.089458 -0.653655 0.751487
vn -0.601929 -0.535403 0.592474
vn 0.650509 0.040661 0.758409
vn 0.574065 0.262668 0.775535
vn 0.308026 0.094333 0.946690
vn 0.401632 -0.167275 0.900395
vn 0.096224 -0.353094 0.930626
vn 0.001475 -0.073149 0.997320
vn -0.281704 -0.234433 0.930421
vn -0.201896 -0.470731 0.858866
vn -0.480891 -0.336804 0.809510
vn -0.410049 -0.520109 0.749231
vn -0.683420 -0.369593 0.629554
vn -0.073905 0.222744 0.972072
vn -0.317329 0.060027 0.946414
vn 0.460689 0.433174 0.774678
vn -0.109337 0.450502 0.886055
vn -0.304235 0.327722 0.894449
vn -0.544513 0.148192 0.825558
vn -0.730248 -0.000071 0.683182
vn 0.139357 0.910736 -0.388767
vn 0.113624 0.761853 -0.637707
vn 0.623383 -0.085193 -0.777262
vn 0.542389 0.101036 -0.834030
vn -0.232558 0.094694 -0.967962
vn -0.045286 0.030999 -0.998493
vn 0.554854 0.152955 -0.817767
vn 0.268984 0.725755 -0.633189
vn 0.150295 0.810977 -0.565445
vn 0.554485 0.194022 -0.809260
vn 0.188875 0.320707 0.928156
vn -0.215724 -0.800711 0.558860
vn -0.317868 -0.660730 0.679997
vn -0.517170 -0.100717 0.849936
vn 0.682816 -0.209280 0.699975
vn 0.455589 -0.400629 0.794943
vn 0.682371 -0.389190 0.618790
vn -0.729006 -0.172244 0.662482
vn 0.337319 0.559357 0.757189
vn 0.105766 0.520708 0.847158
s 1
g Feet M_Skeleton R_F_Distal_Phalanx_5
usemtl Skeleton_Feet_SG
f 945/1050/946 946/1051/947 947/1052/948 948/1053/949
f 946/1051/947 945/1050/946 949/1054/950 950/1055/951
f 951/1056/952 950/1055/951 949/1054/950 952/1057/953
f 948/1053/949 953/1058/954 954/1059/955 955/1060/956
f 945/1050/946 956/1061/957 957/1062/958 949/1054/950
f 949/1054/950 957/1062/958 958/1063/959 952/1057/953
f 959/1064/960 960/1065/961 961/1066/962 962/1067/963
f 963/1068/964 964/1069/965 965/1070/966 966/1071/967
f 966/1071/967 965/1070/966 967/1072/968 968/1073/969
f 969/1074/970 970/1075/971 971/1076/972 972/1077/973
f 960/1065/961 973/1078/974 974/1079/975 961/1066/962
f 964/1069/965 975/1080/976 976/1081/977 965/1070/966
f 965/1070/966 976/1081/977 977/1082/978 967/1072/968
f 947/1052/948 978/1083/979 953/1058/954 948/1053/949
f 979/1084/980 980/1085/981 960/1065/961 959/1064/960
f 981/1086/982 982/1087/983 983/1088/984 984/1089/985
f 984/1089/985 983/1088/984 985/1090/986 986/1091/987
f 987/1092/988 988/1093/989 989/1094/990 990/1095/991
f 988/1093/989 987/1092/988 991/1096/992 992/1097/993
f 992/1097/993 991/1096/992 993/1098/994 994/1099/995
f 994/1099/995 993/1098/994 995/1100/996 996/1101/997
f 996/1101/997 995/1100/996 997/1102/998 998/1103/999
f 998/1103/999 997/1102/998 999/1104/1000 1000/1105/1001
f 1000/1105/1001 999/1104/1000 1001/1106/1002 1002/1107/1003
f 1002/1107/1003 1001/1106/1002 1003/1108/1004 1004/1109/1005
f 1004/1109/1005 1003/1108/1004 1005/1110/1006 1006/1111/1007
f 1006/1111/1007 1005/1110/1006 1007/1112/1008 1008/1113/1009
f 1009/1114/1010 987/1092/988 990/1095/991 1010/1115/1011
f 987/1092/988 1009/1114/1010 1011/1116/1012 991/1096/992
f 991/1096/992 1011/1116/1012 1012/1117/1013 993/1098/994
f 993/1098/994 1012/1117/1013 1013/1118/1014 995/1100/996
f 995/1100/996 1013/1118/1014 1014/1119/1015 997/1102/998
f 997/1102/998 1014/1119/1015 1015/1120/1016 999/1104/1000
f 999/1104/1000 1015/1120/1016 1016/1121/1017 1001/1106/1002
f 1001/1106/1002 1016/1121/1017 1017/1122/1018 1003/1108/1004
f 1003/1108/1004 1017/1122/1018 1018/1123/1019 1005/1110/1006
f 1005/1110/1006 1018/1123/1019 1019/1124/1020 1007/1112/1008
f 1020/1125/1021 1009/1114/1010 1010/1115/1011 1021/1126/1022
f 1009/1114/1010 1020/1125/1021 1022/1127/1023 1011/1116/1012
f 1011/1116/1012 1022/1127/1023 1023/1128/1024 1012/1117/1013
f 1012/1117/1013 1023/1128/1024 1024/1129/1025 1013/1118/1014
f 1013/1118/1014 1024/1129/1025 1025/1130/1026 1014/1119/1015
f 1014/1119/1015 1025/1130/1026 1026/1131/1027 1015/1120/1016
f 1015/1120/1016 1026/1131/1027 1027/1132/1028 1016/1121/1017
f 1016/1121/1017 1027/1132/1028 1028/1133/1029 1017/1122/1018
f 1017/1122/1018 1028/1133/1029 1029/1134/1030 1018/1123/1019
f 1018/1123/1019 1029/1134/1030 1030/1135/1031 1019/1124/1020
f 1031/1136/1032 1020/1125/1021 1021/1126/1022 1032/1137/1033
f 1020/1125/1021 1031/1136/1032 1033/1138/1034 1022/1127/1023
f 1022/1127/1023 1033/1138/1034 1034/1139/1035 1023/1128/1024
f 1023/1128/1024 1034/1139/1035 1035/1140/1036 1024/1129/1025
f 1024/1129/1025 1035/1140/1036 1036/1141/1037 1025/1130/1026
f 1025/1130/1026 1036/1141/1037 1037/1142/1038 1026/1131/1027
f 1026/1131/1027 1037/1142/1038 1038/1143/1039 1027/1132/1028
f 1027/1132/1028 1038/1143/1039 1039/1144/1040 1028/1133/1029
f 1028/1133/1029 1039/1144/1040 1040/1145/1041 1029/1134/1030
f 1029/1134/1030 1040/1145/1041 1041/1146/1042 1030/1135/1031
f 1042/1147/1043 1043/1148/1044 1044/1149/1045 1045/1150/1046
f 1043/1148/1044 972/1077/973 1046/1151/1047 1044/1149/1045
f 972/1077/973 971/1076/972 1047/1152/1048 1046/1151/1047
f 971/1076/972 1048/1153/1049 1049/1154/1050 1047/1152/1048
f 1050/1155/1051 1031/1136/1032 1032/1137/1033 1051/1156/1052
f 1031/1136/1032 1050/1155/1051 1052/1157/1053 1033/1138/1034
f 1033/1138/1034 1052/1157/1053 1053/1158/1054 1034/1139/1035
f 1034/1139/1035 1053/1158/1054 1054/1159/1055 1035/1140/1036
f 1035/1140/1036 1054/1159/1055 1055/1160/1056 1036/1141/1037
f 1036/1141/1037 1055/1160/1056 1056/1161/1057 1037/1142/1038
f 1037/1142/1038 1056/1161/1057 1057/1162/1058 1038/1143/1039
f 1038/1143/1039 1057/1162/1058 1058/1163/1059 1039/1144/1040
f 1039/1144/1040 1058/1163/1059 1059/1164/1060 1040/1145/1041
f 1040/1145/1041 1059/1164/1060 1060/1165/1061 1041/1146/1042
f 1041/1146/1042 1060/1165/1061 1061/1166/1062 1062/1167/1063
f 1062/1167/1063 1063/1168/1064 1030/1135/1031 1041/1146/1042
f 1063/1168/1064 1064/1169/1065 1019/1124/1020 1030/1135/1031
f 1064/1169/1065 1065/1170/1066 1007/1112/1008 1019/1124/1020
f 1065/1170/1066 1066/1171/1067 1008/1113/1009 1007/1112/1008
f 1067/1172/1068 1068/1173/1069 1069/1174/1070 1070/1175/1071
f 1068/1173/1069 1067/1172/1068 1071/1176/1072 1072/1177/1073
f 1072/1177/1073 1071/1176/1072 1073/1178/1074 1074/1179/1075
f 1074/1179/1075 1073/1178/1074 1075/1180/1076 1076/1181/1077
f 1076/1181/1077 1075/1180/1076 1077/1182/1078 1078/1183/1079
f 1078/1183/1079 1077/1182/1078 1079/1184/1080 1080/1185/1081
f 1080/1185/1081 1079/1184/1080 1081/1186/1082 1082/1187/1083
f 1082/1187/1083 1081/1186/1082 1083/1188/1084 1084/1189/1085
f 1084/1189/1085 1083/1188/1084 1085/1190/1086 1086/1191/1087
f 1086/1191/1087 1085/1190/1086 1087/1192/1088 1088/1193/1089
f 1089/1194/1090 1067/1172/1068 1070/1175/1071 1090/1195/1091
f 1067/1172/1068 1089/1194/1090 1091/1196/1092 1071/1176/1072
f 1071/1176/1072 1091/1196/1092 1092/1197/1093 1073/1178/1074
f 1073/1178/1074 1092/1197/1093 1093/1198/1094 1075/1180/1076
f 1075/1180/1076 1093/1198/1094 1094/1199/1095 1077/1182/1078
f 1077/1182/1078 1094/1199/1095 1095/1200/1096 1079/1184/1080
f 1079/1184/1080 1095/1200/1096 1096/1201/1097 1081/1186/1082
f 1081/1186/1082 1096/1201/1097 1097/1202/1098 1083/1188/1084
f 1083/1188/1084 1097/1202/1098 1098/1203/1099 1085/1190/1086
f 1085/1190/1086 1098/1203/1099 1099/1204/1100 1087/1192/1088
f 1100/1205/1101 1089/1194/1090 1090/1195/1091 1101/1206/1102
f 1089/1194/1090 1100/1205/1101 1102/1207/1103 1091/1196/1092
f 1091/1196/1092 1102/1207/1103 1103/1208/1104 1092/1197/1093
f 1092/1197/1093 1103/1208/1104 1104/1209/1105 1093/1198/1094
f 1093/1198/1094 1104/1209/1105 1105/1210/1106 1094/1199/1095
f 1094/1199/1095 1105/1210/1106 1106/1211/1107 1095/1200/1096
f 1095/1200/1096 1106/1211/1107 1107/1212/1108 1096/1201/1097
f 1096/1201/1097 1107/1212/1108 1108/1213/1109 1097/1202/1098
f 1097/1202/1098 1108/1213/1109 1109/1214/1110 1098/1203/1099
f 1098/1203/1099 1109/1214/1110 1110/1215/1111 1099/1204/1100
f 988/1093/989 1100/1205/1101 1101/1206/1102 989/1094/990
f 1100/1205/1101 988/1093/989 992/1097/993 1102/1207/1103
f 1102/1207/1103 992/1097/993 994/1099/995 1103/1208/1104
f 1103/1208/1104 994/1099/995 996/1101/997 1104/1209/1105
f 1104/1209/1105 996/1101/997 998/1103/999 1105/1210/1106
f 1105/1210/1106 998/1103/999 1000/1105/1001 1106/1211/1107
f 1106/1211/1107 1000/1105/1001 1002/1107/1003 1107/1212/1108
f 1107/1212/1108 1002/1107/1003 1004/1109/1005 1108/1213/1109
f 1108/1213/1109 1004/1109/1005 1006/1111/1007 1109/1214/1110
f 1109/1214/1110 1006/1111/1007 1008/1113/1009 1110/1215/1111
f 947/1052/948 946/1051/947 1111/1216/1112 1112/1217/1113
f 946/1051/947 950/1055/951 1113/1218/1114 1111/1216/1112
f 950/1055/951 951/1056/952 1114/1219/1115 1113/1218/1114
f 951/1056/952 1042/1147/1043 1045/1150/1046 1114/1219/1115
f 1066/1171/1067 1115/1220/1116 1110/1215/1111 1008/1113/1009
f 1115/1220/1116 1116/1221/1117 1099/1204/1100 1110/1215/1111
f 1116/1221/1117 1117/1222/1118 1087/1192/1088 1099/1204/1100
f 1117/1222/1118 1118/1223/1119 1088/1193/1089 1087/1192/1088
f 1118/1223/1119 1119/1224/1120 1120/1225/1121 1088/1193/1089
f 1088/1193/1089 1120/1225/1121 1121/1226/1122 1086/1191/1087
f 1086/1191/1087 1121/1226/1122 1122/1227/1123 1084/1189/1085
f 1084/1189/1085 1122/1227/1123 1123/1228/1124 1082/1187/1083
f 1082/1187/1083 1123/1228/1124 1124/1229/1125 1080/1185/1081
f 1080/1185/1081 1124/1229/1125 1125/1230/1126 1078/1183/1079
f 1078/1183/1079 1125/1230/1126 1126/1231/1127 1076/1181/1077
f 1076/1181/1077 1126/1231/1127 1127/1232/1128 1074/1179/1075
f 1074/1179/1075 1127/1232/1128 1128/1233/1129 1072/1177/1073
f 1072/1177/1073 1128/1233/1129 1129/1234/1130 1068/1173/1069
f 1068/1173/1069 1129/1234/1130 1130/1235/1131 1069/1174/1070
f 1112/1217/1113 1131/1236/1132 978/1083/979 947/1052/948
f 1132/1237/1133 1133/1238/1134 1134/1239/1135 1135/1240/1136
f 1133/1238/1134 1132/1237/1133 1136/1241/1137 1137/1242/1138
f 1137/1242/1138 1136/1241/1137 1138/1243/1139 1139/1244/1140
f 1139/1244/1140 1138/1243/1139 1140/1245/1141 1141/1246/1142
f 1141/1246/1142 1140/1245/1141 1142/1247/1143 1143/1248/1144
f 1143/1248/1144 1142/1247/1143 1144/1249/1145 1145/1250/1146
f 1145/1250/1146 1144/1249/1145 1146/1251/1147 1147/1252/1148
f 1147/1252/1148 1146/1251/1147 1148/1253/1149 1149/1254/1150
f 1149/1254/1150 1148/1253/1149 1150/1255/1151 1151/1256/1152
f 1151/1256/1152 1150/1255/1151 1152/1257/1153 1153/1258/1154
f 1154/1259/1155 1132/1237/1133 1135/1240/1136 1155/1260/1156
f 1132/1237/1133 1154/1259/1155 1156/1261/1157 1136/1241/1137
f 1136/1241/1137 1156/1261/1157 1157/1262/1158 1138/1243/1139
f 1138/1243/1139 1157/1262/1158 1158/1263/1159 1140/1245/1141
f 1140/1245/1141 1158/1263/1159 1159/1264/1160 1142/1247/1143
f 1142/1247/1143 1159/1264/1160 1160/1265/1161 1144/1249/1145
f 1144/1249/1145 1160/1265/1161 1161/1266/1162 1146/1251/1147
f 1146/1251/1147 1161/1266/1162 1162/1267/1163 1148/1253/1149
f 1148/1253/1149 1162/1267/1163 1163/1268/1164 1150/1255/1151
f 1150/1255/1151 1163/1268/1164 1164/1269/1165 1152/1257/1153
f 1165/1270/1166 1154/1259/1155 1155/1260/1156 1166/1271/1167
f 1154/1259/1155 1165/1270/1166 1167/1272/1168 1156/1261/1157
f 1156/1261/1157 1167/1272/1168 1168/1273/1169 1157/1262/1158
f 1157/1262/1158 1168/1273/1169 1169/1274/1170 1158/1263/1159
f 1158/1263/1159 1169/1274/1170 1170/1275/1171 1159/1264/1160
f 1159/1264/1160 1170/1275/1171 1171/1276/1172 1160/1265/1161
f 1160/1265/1161 1171/1276/1172 1172/1277/1173 1161/1266/1162
f 1161/1266/1162 1172/1277/1173 1173/1278/1174 1162/1267/1163
f 1162/1267/1163 1173/1278/1174 1174/1279/1175 1163/1268/1164
f 1163/1268/1164 1174/1279/1175 1175/1280/1176 1164/1269/1165
f 1129/1234/1130 1165/1270/1166 1166/1271/1167 1130/1235/1131
f 1165/1270/1166 1129/1234/1130 1128/1233/1129 1167/1272/1168
f 1167/1272/1168 1128/1233/1129 1127/1232/1128 1168/1273/1169
f 1168/1273/1169 1127/1232/1128 1126/1231/1127 1169/1274/1170
f 1169/1274/1170 1126/1231/1127 1125/1230/1126 1170/1275/1171
f 1170/1275/1171 1125/1230/1126 1124/1229/1125 1171/1276/1172
f 1171/1276/1172 1124/1229/1125 1123/1228/1124 1172/1277/1173
f 1172/1277/1173 1123/1228/1124 1122/1227/1123 1173/1278/1174
f 1173/1278/1174 1122/1227/1123 1121/1226/1122 1174/1279/1175
f 1174/1279/1175 1121/1226/1122 1120/1225/1121 1175/1280/1176
f 1176/1281/1177 980/1085/981 1177/1282/1178 1178/1283/1179
f 980/1085/981 979/1084/980 1179/1284/1180 1177/1282/1178
f 979/1084/980 1180/1285/1181 1181/1286/1182 1179/1284/1180
f 1180/1285/1181 978/1083/979 1131/1236/1132 1181/1286/1182
f 1119/1224/1120 1182/1287/1183 1175/1280/1176 1120/1225/1121
f 1182/1287/1183 1183/1288/1184 1164/1269/1165 1175/1280/1176
f 1183/1288/1184 1184/1289/1185 1152/1257/1153 1164/1269/1165
f 1184/1289/1185 1185/1290/1186 1153/1258/1154 1152/1257/1153
f 1185/1290/1186 1186/1291/1187 1187/1292/1188 1153/1258/1154
f 1153/1258/1154 1187/1292/1188 1188/1293/1189 1151/1256/1152
f 1151/1256/1152 1188/1293/1189 1189/1294/1190 1149/1254/1150
f 1149/1254/1150 1189/1294/1190 1190/1295/1191 1147/1252/1148
f 1147/1252/1148 1190/1295/1191 1191/1296/1192 1145/1250/1146
f 1145/1250/1146 1191/1296/1192 1192/1297/1193 1143/1248/1144
f 1143/1248/1144 1192/1297/1193 1193/1298/1194 1141/1246/1142
f 1141/1246/1142 1193/1298/1194 1194/1299/1195 1139/1244/1140
f 1139/1244/1140 1194/1299/1195 1195/1300/1196 1137/1242/1138
f 1137/1242/1138 1195/1300/1196 1196/1301/1197 1133/1238/1134
f 1133/1238/1134 1196/1301/1197 1197/1302/1198 1134/1239/1135
f 1198/1303/1199 1050/1155/1051 1051/1156/1052 1199/1304/1200
f 1050/1155/1051 1198/1303/1199 1200/1305/1201 1052/1157/1053
f 1052/1157/1053 1200/1305/1201 1201/1306/1202 1053/1158/1054
f 1053/1158/1054 1201/1306/1202 1202/1307/1203 1054/1159/1055
f 1054/1159/1055 1202/1307/1203 1203/1308/1204 1055/1160/1056
f 1055/1160/1056 1203/1308/1204 1204/1309/1205 1056/1161/1057
f 1056/1161/1057 1204/1309/1205 1205/1310/1206 1057/1162/1058
f 1057/1162/1058 1205/1310/1206 1206/1311/1207 1058/1163/1059
f 1058/1163/1059 1206/1311/1207 1207/1312/1208 1059/1164/1060
f 1059/1164/1060 1207/1312/1208 1208/1313/1209 1060/1165/1061
f 1209/1314/1210 1198/1303/1199 1199/1304/1200 1210/1315/1211
f 1198/1303/1199 1209/1314/1210 1211/1316/1212 1200/1305/1201
f 1200/1305/1201 1211/1316/1212 1212/1317/1213 1201/1306/1202
f 1201/1306/1202 1212/1317/1213 1213/1318/1214 1202/1307/1203
f 1202/1307/1203 1213/1318/1214 1214/1319/1215 1203/1308/1204
f 1203/1308/1204 1214/1319/1215 1215/1320/1216 1204/1309/1205
f 1204/1309/1205 1215/1320/1216 1216/1321/1217 1205/1310/1206
f 1205/1310/1206 1216/1321/1217 1217/1322/1218 1206/1311/1207
f 1206/1311/1207 1217/1322/1218 1218/1323/1219 1207/1312/1208
f 1207/1312/1208 1218/1323/1219 1219/1324/1220 1208/1313/1209
f 1220/1325/1221 1209/1326/1210 1210/1327/1211 1221/1328/1222
f 1209/1326/1210 1220/1325/1221 1222/1329/1223 1211/1330/1212
f 1211/1330/1212 1222/1329/1223 1223/1331/1224 1212/1332/1213
f 1212/1332/1213 1223/1331/1224 1224/1333/1225 1213/1334/1214
f 1213/1334/1214 1224/1333/1225 1225/1335/1226 1214/1336/1215
f 1214/1336/1215 1225/1335/1226 1226/1337/1227 1215/1338/1216
f 1215/1338/1216 1226/1337/1227 1227/1339/1228 1216/1340/1217
f 1216/1340/1217 1227/1339/1228 1228/1341/1229 1217/1342/1218
f 1217/1342/1218 1228/1341/1229 1229/1343/1230 1218/1344/1219
f 1218/1344/1219 1229/1343/1230 1230/1345/1231 1219/1346/1220
f 1231/1347/1232 1220/1325/1221 1221/1328/1222 1232/1348/1233
f 1220/1325/1221 1231/1347/1232 1233/1349/1234 1222/1329/1223
f 1222/1329/1223 1233/1349/1234 1234/1350/1235 1223/1331/1224
f 1223/1331/1224 1234/1350/1235 1235/1351/1236 1224/1333/1225
f 1224/1333/1225 1235/1351/1236 1236/1352/1237 1225/1335/1226
f 1225/1335/1226 1236/1352/1237 1237/1353/1238 1226/1337/1227
f 1226/1337/1227 1237/1353/1238 1238/1354/1239 1227/1339/1228
f 1227/1339/1228 1238/1354/1239 1239/1355/1240 1228/1341/1229
f 1228/1341/1229 1239/1355/1240 1240/1356/1241 1229/1343/1230
f 1229/1343/1230 1240/1356/1241 1241/1357/1242 1230/1345/1231
f 985/1090/986 983/1088/984 1242/1358/1243 1243/1359/1244
f 983/1088/984 982/1087/983 1244/1360/1245 1242/1358/1243
f 982/1087/983 1245/1361/1246 1246/1362/1247 1244/1360/1245
f 1196/1301/1197 1231/1347/1232 1232/1348/1233 1197/1302/1198
f 1231/1347/1232 1196/1301/1197 1195/1300/1196 1233/1349/1234
f 1233/1349/1234 1195/1300/1196 1194/1299/1195 1234/1350/1235
f 1234/1350/1235 1194/1299/1195 1193/1298/1194 1235/1351/1236
f 1235/1351/1236 1193/1298/1194 1192/1297/1193 1236/1352/1237
f 1236/1352/1237 1192/1297/1193 1191/1296/1192 1237/1353/1238
f 1237/1353/1238 1191/1296/1192 1190/1295/1191 1238/1354/1239
f 1238/1354/1239 1190/1295/1191 1189/1294/1190 1239/1355/1240
f 1239/1355/1240 1189/1294/1190 1188/1293/1189 1240/1356/1241
f 1240/1356/1241 1188/1293/1189 1187/1292/1188 1241/1357/1242
f 1241/1357/1242 1187/1292/1188 1186/1291/1187 1247/1363/1248
f 1247/1363/1248 1248/1364/1249 1230/1345/1231 1241/1357/1242
f 1248/1364/1249 1249/1365/1250 1219/1346/1220 1230/1345/1231
f 1249/1366/1250 1250/1367/1251 1208/1313/1209 1219/1324/1220
f 1250/1367/1251 1061/1166/1062 1060/1165/1061 1208/1313/1209
f 1251/1368/1252 1063/1369/1064 1062/1370/1063 1252/1371/1253
f 1063/1369/1064 1251/1368/1252 1253/1372/1254 1064/1373/1065
f 1115/1374/1116 1066/1375/1067 1254/1376/1255 1255/1377/1256
f 1253/1372/1254 1251/1368/1252 1256/1378/1257 1257/1379/1258
f 1258/1380/1259 1116/1381/1117 1115/1374/1116 1255/1377/1256
f 1259/1382/1260 1260/1383/1261 1261/1384/1262 1262/1385/1263
f 1263/1386/1264 1264/1387/1265 1265/1388/1266 1266/1389/1267
f 1266/1389/1267 1265/1388/1266 1267/1390/1268 1268/1391/1269
f 1258/1380/1259 1269/1392/1270 1117/1393/1118 1116/1381/1117
f 1264/1387/1265 1270/1394/1271 1271/1395/1272 1265/1388/1266
f 1249/1396/1250 1248/1397/1249 1260/1383/1261 1259/1382/1260
f 1260/1383/1261 1248/1397/1249 1247/1398/1248 1272/1399/1273
f 1273/1400/1274 1184/1289/1185 1183/1288/1184 1274/1401/1275
f 1274/1401/1275 1183/1288/1184 1182/1287/1183 1275/1402/1276
f 1182/1287/1183 1119/1403/1120 1276/1404/1277 1275/1402/1276
f 1178/1283/1179 1277/1405/1278 1278/1406/1279 1176/1281/1177
f 960/1065/961 980/1085/981 1176/1281/1177 973/1078/974
f 1243/1359/1244 1279/1407/1280 1280/1408/1281 985/1090/986
f 1042/1147/1043 1281/1409/1282 1282/1410/1283 1043/1148/1044
f 1048/1153/1049 1280/1408/1281 1279/1407/1280 1049/1154/1050
f 970/1075/971 1283/1411/1284 1048/1153/1049 971/1076/972
f 1245/1361/1246 1278/1406/1279 1277/1405/1278 1246/1362/1247
f 1245/1361/1246 1284/1412/1285 1285/1413/1286 1278/1406/1279
f 953/1058/954 978/1083/979 1180/1285/1181 954/1059/955
f 1280/1408/1281 1286/1414/1287 986/1091/987 985/1090/986
f 967/1072/968 977/1082/978 1283/1411/1284 970/1075/971
f 968/1073/969 967/1072/968 970/1075/971 969/1074/970
f 952/1057/953 958/1063/959 1282/1410/1283 1281/1409/1282
f 951/1056/952 952/1057/953 1281/1409/1282 1042/1147/1043
f 981/1086/982 1284/1412/1285 1245/1361/1246 982/1087/983
f 961/1066/962 974/1079/975 975/1080/976 964/1069/965
f 962/1067/963 961/1066/962 964/1069/965 963/1068/964
f 945/1050/946 948/1053/949 955/1060/956 956/1061/957
f 959/1064/960 954/1059/955 1180/1285/1181 979/1084/980
f 955/1060/956 954/1059/955 959/1064/960 962/1067/963
f 956/1061/957 955/1060/956 962/1067/963 963/1068/964
f 957/1062/958 956/1061/957 963/1068/964 966/1071/967
f 958/1063/959 957/1062/958 966/1071/967 968/1073/969
f 1282/1410/1283 958/1063/959 968/1073/969 969/1074/970
f 1043/1148/1044 1282/1410/1283 969/1074/970 972/1077/973
f 1278/1406/1279 1285/1413/1286 973/1078/974 1176/1281/1177
f 974/1079/975 973/1078/974 1285/1413/1286 1284/1412/1285
f 975/1080/976 974/1079/975 1284/1412/1285 981/1086/982
f 976/1081/977 975/1080/976 981/1086/982 984/1089/985
f 977/1082/978 976/1081/977 984/1089/985 986/1091/987
f 1283/1411/1284 977/1082/978 986/1091/987 1286/1414/1287
f 1048/1153/1049 1283/1411/1284 1286/1414/1287 1280/1408/1281
f 990/1095/991 1044/1415/1045 1046/1416/1047 1010/1115/1011
f 1044/1415/1045 990/1095/991 989/1094/990 1045/1417/1046
f 1045/1417/1046 989/1094/990 1101/1206/1102 1114/1418/1115
f 1010/1115/1011 1046/1416/1047 1047/1419/1048 1021/1126/1022
f 1021/1126/1022 1047/1419/1048 1049/1420/1050 1032/1137/1033
f 1032/1137/1033 1049/1420/1050 1279/1421/1280 1051/1156/1052
f 1051/1156/1052 1279/1421/1280 1243/1422/1244 1199/1304/1200
f 1112/1423/1113 1069/1174/1070 1130/1235/1131 1131/1236/1132
f 1069/1174/1070 1112/1423/1113 1111/1424/1112 1070/1175/1071
f 1070/1175/1071 1111/1424/1112 1113/1425/1114 1090/1195/1091
f 1090/1195/1091 1113/1425/1114 1114/1418/1115 1101/1206/1102
f 1131/1236/1132 1130/1235/1131 1166/1271/1167 1181/1286/1182
f 1178/1283/1179 1134/1239/1135 1197/1302/1198 1277/1426/1278
f 1134/1239/1135 1178/1283/1179 1177/1282/1178 1135/1240/1136
f 1135/1240/1136 1177/1282/1178 1179/1284/1180 1155/1260/1156
f 1155/1260/1156 1179/1284/1180 1181/1286/1182 1166/1271/1167
f 1277/1426/1278 1197/1302/1198 1232/1348/1233 1246/1427/1247
f 1199/1304/1200 1243/1422/1244 1242/1428/1243 1210/1315/1211
f 1210/1327/1211 1242/1429/1243 1244/1430/1245 1221/1328/1222
f 1221/1328/1222 1244/1430/1245 1246/1427/1247 1232/1348/1233
f 1260/1383/1261 1272/1399/1273 1287/1431/1288 1261/1384/1262
f 1288/1432/1289 1253/1372/1254 1257/1379/1258 1289/1433/1290
f 1265/1388/1266 1271/1395/1272 1290/1434/1291 1267/1390/1268
f 1259/1382/1260 1291/1435/1292 1250/1436/1251 1249/1396/1250
f 1291/1435/1292 1292/1437/1293 1252/1371/1253 1293/1438/1294
f 1269/1392/1270 1294/1439/1295 1118/1440/1119 1117/1393/1118
f 1253/1372/1254 1288/1432/1289 1065/1441/1066 1064/1373/1065
f 1295/1442/1296 1186/1443/1187 1185/1290/1186 1296/1444/1297
f 1273/1400/1274 1296/1444/1297 1185/1290/1186 1184/1289/1185
f 1251/1368/1252 1252/1371/1253 1292/1437/1293 1256/1378/1257
f 1293/1438/1294 1061/1445/1062 1250/1436/1251 1291/1435/1292
f 1062/1370/1063 1061/1445/1062 1293/1438/1294 1252/1371/1253
f 1066/1375/1067 1065/1441/1066 1288/1432/1289 1254/1376/1255
f 1247/1398/1248 1186/1443/1187 1295/1442/1296 1272/1399/1273
f 1287/1431/1288 1272/1399/1273 1295/1442/1296 1296/1444/1297
f 1271/1395/1272 1270/1394/1271 1273/1400/1274 1274/1401/1275
f 1275/1402/1276 1290/1434/1291 1271/1395/1272 1274/1401/1275
f 1276/1404/1277 1119/1403/1120 1118/1440/1119 1294/1439/1295
f 1270/1394/1271 1287/1431/1288 1296/1444/1297 1273/1400/1274
f 1261/1384/1262 1287/1431/1288 1270/1394/1271 1264/1387/1265
f 1262/1385/1263 1261/1384/1262 1264/1387/1265 1263/1386/1264
f 1291/1435/1292 1259/1382/1260 1262/1385/1263 1292/1437/1293
f 1256/1378/1257 1292/1437/1293 1262/1385/1263 1263/1386/1264
f 1257/1379/1258 1256/1378/1257 1263/1386/1264 1266/1389/1267
f 1289/1433/1290 1257/1379/1258 1266/1389/1267 1268/1391/1269
f 1275/1402/1276 1276/1404/1277 1294/1439/1295 1290/1434/1291
f 1267/1390/1268 1290/1434/1291 1294/1439/1295 1269/1392/1270
f 1268/1391/1269 1267/1390/1268 1269/1392/1270 1258/1380/1259
f 1255/1377/1256 1289/1433/1290 1268/1391/1269 1258/1380/1259
f 1288/1432/1289 1289/1433/1290 1255/1377/1256 1254/1376/1255
g default
v -11.643124 1.997194 5.383607
v -11.752592 2.013258 5.372000
v -11.757094 2.057386 5.391697
v -11.643141 2.032053 5.415389
v -11.771439 2.081926 5.443573
v -11.655775 2.049963 5.469440
v -11.797689 2.073389 5.524428
v -11.685778 2.042440 5.547422
v -11.823011 2.058931 5.601652
v -11.714996 2.032716 5.622777
v -11.846356 2.053457 5.679782
v -11.743413 2.024770 5.697902
v -11.861633 2.008184 5.348129
v -11.874551 2.051771 5.368245
v -11.892554 2.075807 5.419520
v -11.914804 2.069921 5.502040
v -11.934299 2.055837 5.581289
v -11.953152 2.048635 5.660630
v -11.968233 1.984235 5.322792
v -11.989450 2.023775 5.346504
v -12.010744 2.045984 5.398296
v -12.028761 2.040964 5.482430
v -12.042145 2.026689 5.562864
v -12.054882 2.015539 5.642407
v -12.068272 1.941656 5.296300
v -12.092669 1.966528 5.332064
v -12.105335 1.969118 5.386767
v -12.119265 1.964536 5.467436
v -12.131943 1.958681 5.546880
v -12.142862 1.953649 5.626311
v -11.646981 1.939497 5.354712
v -11.748394 1.950483 5.361221
v -11.751094 1.994684 5.366813
v -11.643813 1.980962 5.373053
v -11.848373 1.945051 5.340790
v -11.857224 1.990083 5.343597
v -11.944864 1.921846 5.317335
v -11.960934 1.967481 5.318107
v -12.033410 1.884286 5.284690
v -12.058765 1.928445 5.288714
v -12.106199 1.830053 5.254565
v -12.152056 1.876192 5.268082
v -12.162638 1.884134 5.278578
v -12.183300 1.890245 5.324727
v -12.196018 1.888567 5.376137
v -12.205369 1.882246 5.454382
v -12.210922 1.877004 5.533000
v -12.215771 1.873640 5.611627
v -12.218899 1.870325 5.690397
v -12.150094 1.946577 5.705773
v -12.068392 2.008836 5.722092
v -11.970935 2.039808 5.739690
v -11.868986 2.045381 5.757607
v -11.769848 2.019064 5.773509
v -11.678207 1.972936 5.787097
v -11.649530 1.973619 5.713191
v -11.619255 1.975980 5.639946
v -11.584536 1.981424 5.562006
v -11.557731 1.987241 5.481908
v -11.543196 1.969381 5.429943
v -11.546013 1.942728 5.388418
v -11.549562 1.929983 5.374422
v -11.561504 1.900289 5.351647
v -11.360225 1.414724 5.296940
v -11.332296 1.541463 5.284253
v -11.298801 1.534753 5.358093
v -11.333700 1.401464 5.367937
v -11.299271 1.533578 5.442804
v -11.332468 1.399553 5.450019
v -11.348641 1.543581 5.551628
v -11.367050 1.415475 5.561302
v -11.413123 1.566526 5.647135
v -11.432283 1.451086 5.652617
v -11.473003 1.601595 5.740409
v -11.494094 1.498911 5.740074
v -11.346117 1.671400 5.302249
v -11.308737 1.674100 5.369785
v -11.315096 1.671690 5.450446
v -11.361835 1.673166 5.554448
v -11.420594 1.684789 5.648349
v -11.479033 1.707681 5.739005
v -11.392436 1.783434 5.336551
v -11.367535 1.794942 5.394415
v -11.374040 1.794965 5.464763
v -11.412655 1.792722 5.559446
v -11.464080 1.795869 5.646826
v -11.517862 1.806726 5.731469
v -11.458437 1.878923 5.366423
v -11.448388 1.894292 5.418343
v -11.459141 1.895990 5.479583
v -11.493815 1.893125 5.563748
v -11.536024 1.891309 5.643606
v -11.577858 1.895013 5.722750
v -11.432159 1.453840 5.248272
v -11.423616 1.553789 5.249101
v -11.345364 1.543462 5.273009
v -11.371125 1.420507 5.283774
v -11.432019 1.651430 5.272572
v -11.359833 1.668848 5.291632
v -11.455672 1.744909 5.301701
v -11.403988 1.776884 5.324474
v -11.497581 1.833929 5.325583
v -11.465897 1.869779 5.352445
v -11.614557 1.904146 5.803123
v -11.567439 1.823202 5.816587
v -11.534372 1.735326 5.828547
v -11.525749 1.641302 5.834957
v -11.544964 1.547872 5.832853
v -11.577123 1.458379 5.824845
v -11.531392 1.401052 5.735755
v -11.467846 1.336961 5.661155
v -11.404336 1.285040 5.569592
v -11.383878 1.270715 5.457482
v -11.404528 1.291338 5.386657
v -11.426346 1.317022 5.326049
v -11.434845 1.325620 5.312193
v -11.485660 1.372381 5.260069
v -11.991077 1.188451 5.219374
v -11.866021 1.191839 5.246739
v -11.875117 1.151357 5.304190
v -12.009673 1.145280 5.278515
v -11.885745 1.126001 5.380524
v -12.027308 1.116388 5.356792
v -11.902617 1.151456 5.496200
v -12.037004 1.141443 5.478104
v -11.915516 1.211385 5.596020
v -12.034916 1.201200 5.580849
v -11.922888 1.269720 5.691463
v -12.028641 1.261121 5.674049
v -11.756977 1.221330 5.285684
v -11.759212 1.189237 5.337722
v -11.765445 1.170232 5.406488
v -11.782385 1.193143 5.511054
v -11.801904 1.250391 5.605028
v -11.820030 1.302858 5.701159
v -11.646554 1.246011 5.310436
v -11.641898 1.211931 5.360745
v -11.643530 1.191125 5.429039
v -11.660177 1.209348 5.534679
v -11.685698 1.266553 5.629429
v -11.715363 1.317674 5.722518
v -11.529594 1.266706 5.319105
v -11.516261 1.230039 5.374286
v -11.504436 1.189851 5.444665
v -11.526800 1.209257 5.566269
v -11.569155 1.270372 5.665009
v -11.615133 1.339594 5.743479
v -11.967433 1.267217 5.177238
v -11.864441 1.268915 5.206157
v -11.864780 1.205850 5.235203
v -11.986347 1.202154 5.208106
v -11.761663 1.280195 5.235837
v -11.757332 1.233656 5.271987
v -11.657639 1.300317 5.256896
v -11.648708 1.258047 5.296377
v -11.552876 1.326543 5.265262
v -11.534147 1.278711 5.305643
v -11.652255 1.396730 5.828058
v -11.741590 1.361311 5.816725
v -11.836384 1.349851 5.797588
v -11.929091 1.322900 5.786168
v -12.022907 1.312330 5.768551
v -12.113517 1.331529 5.740245
v -12.127493 1.286825 5.643209
v -12.146002 1.237978 5.549063
v -12.160408 1.196973 5.450591
v -12.159496 1.179823 5.345056
v -12.135864 1.202123 5.267250
v -12.101555 1.248422 5.206292
v -12.091616 1.259184 5.194563
v -12.053504 1.293989 5.163998
v -12.266546 1.776773 5.601890
v -12.272690 1.775495 5.513184
v -12.308083 1.661111 5.498949
v -12.286748 1.668935 5.595838
v -12.315504 1.541181 5.496768
v -12.285555 1.559835 5.598901
v -12.288199 1.425359 5.505281
v -12.260990 1.454259 5.609445
v -12.232160 1.321420 5.527164
v -12.206469 1.361353 5.627079
v -12.275717 1.778951 5.422807
v -12.324219 1.659757 5.397988
v -12.339577 1.530485 5.388524
v -12.316984 1.400777 5.395355
v -12.253513 1.287500 5.419818
v -12.269239 1.787019 5.330610
v -12.325966 1.668325 5.292806
v -12.347397 1.531015 5.271732
v -12.319733 1.392221 5.274494
v -12.248612 1.276498 5.304053
v -12.251907 1.794302 5.267443
v -12.304731 1.678548 5.220001
v -12.320051 1.540357 5.190178
v -12.292486 1.399675 5.190600
v -12.221870 1.287943 5.229022
v -12.211468 1.786386 5.223448
v -12.246296 1.675485 5.181391
v -12.255148 1.553144 5.141026
v -12.232557 1.421011 5.133936
v -12.177269 1.316763 5.179761
v -12.196413 1.780267 5.215606
v -12.147615 1.752622 5.210966
v -12.228876 1.672624 5.177070
v -12.170593 1.657465 5.183079
v -12.238111 1.555265 5.137323
v -12.167376 1.559988 5.151935
v -12.216961 1.427621 5.127980
v -12.145061 1.461935 5.131198
v -12.164169 1.326345 5.169968
v -12.113459 1.367059 5.147027
v -12.188686 1.396913 5.727392
v -12.241050 1.481393 5.711971
v -12.263575 1.578790 5.698574
v -12.271889 1.678941 5.690563
v -12.262391 1.778944 5.688959
v -12.002758 1.655515 5.285654
v -11.916549 1.663049 5.324732
v -11.908273 1.585691 5.307102
v -11.995248 1.574510 5.267384
v -11.894885 1.506845 5.280988
v -11.981047 1.495275 5.246076
v -11.878788 1.430826 5.250626
v -11.963190 1.420187 5.223482
v -11.925131 1.747984 5.335977
v -11.835491 1.760892 5.360471
v -11.826830 1.673788 5.349006
v -11.817886 1.596288 5.335858
v -11.805277 1.517255 5.305283
v -11.790327 1.441595 5.277135
v -11.742727 1.771349 5.364321
v -11.732065 1.687257 5.351192
v -11.721037 1.607740 5.336780
v -11.709459 1.530073 5.310096
v -11.698555 1.454733 5.289644
v -11.640385 1.702245 5.339336
v -11.626254 1.622388 5.319278
v -11.616535 1.543825 5.297357
v -11.842556 1.849470 5.351755
v -11.932112 1.833398 5.328609
v -11.748896 1.857244 5.358799
v -11.662758 1.857263 5.352116
v -11.550718 1.720026 5.318104
v -11.532681 1.635950 5.298362
v -11.523577 1.551828 5.279229
v -11.593830 1.398668 5.269006
v -11.681221 1.380087 5.265565
v -11.775217 1.364656 5.249725
v -11.867425 1.353716 5.225499
v -12.038529 1.406114 5.188132
v -12.060229 1.483160 5.192322
v -12.076709 1.567400 5.210458
v -12.082325 1.653307 5.232996
v -12.074484 1.733537 5.250502
v -12.355526 1.770727 6.530725
v -12.320887 1.776662 6.393095
v -12.323385 1.709821 6.385495
v -12.362427 1.705362 6.520692
v -12.301653 1.646616 6.385322
v -12.339113 1.643152 6.519301
v -12.261659 1.592672 6.390984
v -12.301530 1.588453 6.523878
v -12.268517 1.562265 6.527580
v -12.211725 1.548463 6.402304
v -12.247496 1.546205 6.532910
v -12.291478 1.780008 6.253981
v -12.296713 1.710493 6.248093
v -12.270014 1.645643 6.249717
v -12.231573 1.587431 6.255498
v -12.183950 1.536630 6.265335
v -12.269405 1.781324 6.113936
v -12.272104 1.707723 6.109726
v -12.251185 1.636148 6.112267
v -12.217098 1.570493 6.118772
v -12.169850 1.513105 6.129078
v -12.256914 1.780119 5.972555
v -12.264120 1.699606 5.970093
v -12.248905 1.619302 5.974069
v -12.217791 1.544115 5.982222
v -12.166838 1.481313 5.993150
v -12.259149 1.780267 5.830726
v -12.266161 1.689890 5.830262
v -12.253666 1.599596 5.835987
v -12.225227 1.515115 5.846530
v -12.173162 1.442186 5.859049
v -12.321521 1.829347 6.547167
v -12.289579 1.839002 6.406314
v -12.259312 1.846880 6.265046
v -12.238007 1.853689 6.122318
v -12.221167 1.855920 5.978753
v -12.217943 1.862821 5.834578
v -12.105743 1.382990 5.872149
v -12.102070 1.431024 6.005063
v -12.110646 1.466898 6.141226
v -12.128803 1.492483 6.278507
v -12.154023 1.512281 6.415130
v -12.192434 1.514211 6.550592
v -12.217027 1.505823 6.618808
v -12.270967 1.533445 6.602194
v -12.299718 1.552072 6.597120
v -12.329748 1.575075 6.593928
v -12.340487 1.588365 6.594985
v -12.371025 1.634832 6.595077
v -12.392665 1.699033 6.599861
v -12.380960 1.765825 6.613055
v -12.344120 1.823866 6.631614
v -12.121462 1.495123 6.563475
v -12.088935 1.488866 6.429955
v -12.017368 1.482256 6.445034
v -12.046415 1.490343 6.578011
v -11.945381 1.495355 6.458825
v -11.971663 1.502821 6.592807
v -11.878572 1.526205 6.472989
v -11.901000 1.530264 6.608338
v -11.816986 1.567388 6.485342
v -11.835372 1.567953 6.622902
v -12.063445 1.468454 6.296179
v -11.991419 1.460077 6.312459
v -11.918692 1.474641 6.326143
v -11.851282 1.506437 6.339141
v -11.792292 1.553949 6.348621
v -12.044256 1.441763 6.162095
v -11.970129 1.434793 6.179927
v -11.894777 1.448202 6.193567
v -11.825155 1.480791 6.206038
v -11.765092 1.530683 6.213083
v -12.031363 1.407819 6.029031
v -11.952971 1.399816 6.048043
v -11.872710 1.414320 6.062155
v -11.796928 1.445230 6.075527
v -11.733458 1.496259 6.080191
v -12.025852 1.360948 5.898530
v -11.940157 1.365388 5.916284
v -11.854061 1.383802 5.929666
v -11.770101 1.406725 5.945274
v -11.693430 1.448423 5.953137
v -11.632527 1.513647 5.948482
v -11.679131 1.560838 6.078437
v -11.710270 1.590776 6.216169
v -11.738970 1.611959 6.355816
v -11.762497 1.621122 6.496904
v -11.776524 1.616541 6.636125
v -11.777546 1.603250 6.717743
v -11.840642 1.558218 6.706046
v -11.912075 1.524366 6.689530
v -11.987511 1.498880 6.672973
v -12.066018 1.486185 6.656259
v -12.144625 1.489015 6.638729
v -11.737955 1.670263 6.644660
v -11.729477 1.675916 6.503709
v -11.708331 1.738611 6.511494
v -11.720132 1.730112 6.647513
v -11.720526 1.750284 6.649638
v -11.706733 1.806295 6.517858
v -11.726799 1.802038 6.658874
v -11.728580 1.870866 6.520496
v -11.752950 1.865793 6.662824
v -11.778469 1.919313 6.517784
v -11.809772 1.908407 6.660849
v -11.706369 1.668485 6.364063
v -11.681993 1.733427 6.372589
v -11.680214 1.803522 6.377438
v -11.698675 1.872392 6.378970
v -11.747744 1.926546 6.374617
v -11.677361 1.651327 6.225962
v -11.653114 1.720007 6.234186
v -11.648647 1.794672 6.238373
v -11.669662 1.866628 6.237262
v -11.718243 1.924730 6.230960
v -11.646679 1.627321 6.089334
v -11.623676 1.700800 6.096754
v -11.619929 1.778841 6.099067
v -11.643155 1.853345 6.095559
v -11.690760 1.915586 6.086887
v -11.602293 1.591177 5.957527
v -11.581904 1.672933 5.963038
v -11.587655 1.757356 5.960926
v -11.605447 1.840170 5.955826
v -11.655890 1.907892 5.944152
v -11.718983 1.965494 5.930036
v -11.751547 1.967802 6.075480
v -11.781482 1.968404 6.221107
v -11.811754 1.963464 6.366817
v -11.843777 1.948839 6.511196
v -11.874727 1.935949 6.656033
v -11.822941 1.902319 6.749211
v -11.763323 1.859274 6.750684
v -11.730072 1.795518 6.746275
v -11.721594 1.747198 6.739448
v -11.719863 1.717737 6.734829
v -11.729555 1.673135 6.728140
v -11.740685 1.649046 6.723440
v -11.954647 1.953550 6.640411
v -11.923578 1.971086 6.496615
v -12.006358 1.978410 6.479815
v -12.036187 1.959768 6.623118
v -12.088424 1.968103 6.461377
v -12.117414 1.951379 6.604597
v -12.165823 1.940992 6.442380
v -12.195339 1.928102 6.584987
v -12.234259 1.896692 6.423462
v -12.263625 1.884569 6.565294
v -11.893087 1.985544 6.352448
v -11.977320 1.992746 6.335615
v -12.061125 1.983896 6.317815
v -12.140387 1.956491 6.299250
v -12.206428 1.906496 6.281385
v -11.863602 1.995157 6.207519
v -11.949744 2.007021 6.191271
v -12.036247 1.999223 6.173805
v -12.118236 1.970998 6.155653
v -12.184245 1.916292 6.138195
v -11.834280 2.002477 6.062527
v -11.922985 2.023000 6.047135
v -12.013655 2.014532 6.029355
v -12.099133 1.983713 6.011330
v -12.168447 1.926286 5.994419
v -11.803820 2.008978 5.917627
v -11.896273 2.032896 5.902133
v -11.992301 2.028055 5.884584
v -12.082279 1.995435 5.866799
v -12.156242 1.934805 5.850154
v -12.283536 1.876592 6.650818
v -12.212874 1.915899 6.671321
v -12.134731 1.938150 6.691582
v -12.053718 1.946878 6.710691
v -11.972090 1.942690 6.728430
v -11.989536 1.931821 6.816448
v -11.908306 1.920156 6.832948
v -11.891518 1.928053 6.744490
v -12.135342 1.820116 7.264614
v -12.048233 1.837095 7.290491
v -12.040351 1.876943 7.240861
v -12.130484 1.856493 7.214868
v -12.211789 1.795217 7.225849
v -12.209951 1.825471 7.178276
v -12.290552 1.774824 7.192688
v -12.294518 1.806757 7.147827
v -12.373368 1.758260 7.165651
v -12.383540 1.793245 7.123219
v -12.031051 1.892805 7.173862
v -12.122233 1.877977 7.150955
v -12.206067 1.849912 7.119095
v -12.294312 1.835214 7.091053
v -12.385794 1.823713 7.066231
v -12.023390 1.899595 7.107585
v -12.113659 1.889761 7.086205
v -12.200007 1.869630 7.058139
v -12.286892 1.851228 7.030419
v -12.376646 1.838499 7.004607
v -12.016199 1.905893 7.042517
v -12.104727 1.900400 7.022144
v -12.190781 1.885370 6.996499
v -12.275268 1.863844 6.969945
v -12.360671 1.844286 6.943970
v -12.005013 1.916109 6.945397
v -12.090511 1.915849 6.926338
v -12.173195 1.899583 6.902704
v -12.253828 1.875234 6.878328
v -12.334192 1.850576 6.854617
v -12.071247 1.934011 6.798265
v -12.152050 1.924928 6.778570
v -12.230410 1.903703 6.757664
v -12.303440 1.868635 6.736342
v -11.958553 1.835729 7.306212
v -11.945592 1.864336 7.256608
v -11.936394 1.883092 7.187869
v -11.931396 1.890474 7.121252
v -11.926603 1.897997 7.057323
v -11.919481 1.906255 6.960995
v -12.366722 1.818380 6.716056
v -12.406416 1.808355 6.830878
v -12.437430 1.802488 6.917185
v -12.458397 1.798833 6.975338
v -12.471672 1.784296 7.044812
v -12.463171 1.755125 7.101253
v -12.440506 1.721002 7.144267
v -12.368491 1.745443 7.177381
v -12.431519 1.710596 7.155835
v -12.393934 1.675012 7.190239
v -12.348837 1.701875 7.207058
v -12.287799 1.762117 7.205112
v -12.274994 1.716600 7.235937
v -12.210369 1.782396 7.237464
v -12.199511 1.731409 7.263313
v -12.135034 1.806467 7.274981
v -12.127951 1.746759 7.297922
v -12.049841 1.823270 7.300872
v -12.053686 1.762197 7.326923
v -11.963909 1.823461 7.316542
v -11.993955 1.753316 7.341872
v -12.487019 1.609258 7.136409
v -12.475136 1.672865 7.136161
v -12.500275 1.694200 7.090178
v -12.516732 1.620157 7.085658
v -12.485622 1.543142 7.130500
v -12.523037 1.540861 7.079269
v -12.465487 1.428091 7.090608
v -12.477837 1.489339 7.118948
v -12.514297 1.482385 7.071851
v -12.495635 1.427431 7.044667
v -12.510099 1.713026 7.027378
v -12.521367 1.631055 7.018250
v -12.522823 1.547670 7.007391
v -12.514829 1.496301 6.999020
v -12.495711 1.449960 6.964017
v -12.500725 1.725362 6.962753
v -12.515285 1.642477 6.951433
v -12.510923 1.559312 6.938932
v -12.503117 1.512785 6.921045
v -12.480980 1.474893 6.887723
v -12.481983 1.733648 6.900131
v -12.500717 1.654180 6.885221
v -12.488428 1.579324 6.863783
v -12.448161 1.507490 6.816193
v -12.473368 1.534944 6.843376
v -12.388733 1.402376 6.866351
v -12.388393 1.368303 6.910330
v -12.447780 1.388452 6.974493
v -12.449015 1.416238 6.910667
v -12.449757 1.744688 6.810892
v -12.470358 1.671056 6.793941
v -12.454216 1.599706 6.781045
v -12.406395 1.760919 6.695382
v -12.422897 1.692693 6.679040
v -12.403120 1.626417 6.671063
v -12.371085 1.441572 6.819589
v -12.348541 1.471979 6.774247
v -12.277971 1.469026 6.772113
v -12.299786 1.447019 6.806088
v -12.320292 1.416029 6.843944
v -12.327048 1.388696 6.880407
v -12.315775 1.375997 6.926498
v -12.380878 1.353857 6.966861
v -12.317163 1.421060 7.108370
v -12.332939 1.471498 7.156377
v -12.388273 1.448343 7.133671
v -12.365353 1.400419 7.084259
v -12.463993 1.492593 7.130199
v -12.452241 1.430463 7.102400
v -12.407475 1.507581 7.157607
v -12.475037 1.606344 7.148807
v -12.472425 1.544736 7.142205
v -12.419448 1.553278 7.172230
v -12.425618 1.597906 7.180619
v -12.464920 1.665701 7.148701
v -12.425898 1.641977 7.181778
v -12.261068 1.438478 7.124501
v -12.249021 1.418581 7.084009
v -12.177303 1.442930 7.102779
v -12.187841 1.464334 7.140915
v -12.090267 1.460828 7.127161
v -12.105419 1.483743 7.164019
v -12.000221 1.466405 7.154170
v -12.021539 1.489862 7.189696
v -11.923306 1.454984 7.180606
v -11.946739 1.480638 7.219024
v -12.242058 1.411436 7.048773
v -12.246944 1.406747 7.002622
v -12.166565 1.436079 7.026260
v -12.170788 1.435655 7.068520
v -12.069246 1.453699 7.052712
v -12.079548 1.453397 7.093013
v -11.967527 1.457414 7.079383
v -11.984854 1.458028 7.122223
v -11.867330 1.441019 7.104191
v -11.903396 1.444456 7.147084
v -12.247059 1.407289 6.958345
v -12.163769 1.437898 7.004649
v -12.064814 1.456339 7.033065
v -11.961428 1.460489 7.057065
v -11.846467 1.445802 7.055677
v -12.099384 1.476099 6.779942
v -12.182317 1.475214 6.751961
v -12.167713 1.482957 6.713794
v -12.085577 1.482114 6.734244
v -12.015261 1.489889 6.807534
v -12.003359 1.494955 6.753088
v -11.928933 1.511255 6.821649
v -11.923148 1.518488 6.770668
v -11.845613 1.537103 6.829917
v -11.845911 1.548807 6.783607
v -12.298372 1.401956 7.064747
v -12.243310 1.422388 6.904926
v -12.246372 1.410223 6.940726
v -12.227262 1.441282 6.859331
v -12.195665 1.466928 6.785011
v -12.211632 1.455976 6.822375
v -11.778645 1.587881 6.794225
v -11.774918 1.570043 6.855952
v -11.837169 1.468515 6.990983
v -11.838852 1.489709 6.948790
v -11.760336 1.497999 6.997910
v -11.763992 1.470865 7.040460
v -11.718361 1.576379 6.951009
v -11.704968 1.545965 7.003486
v -11.759285 1.525995 6.953450
v -11.767012 1.549589 6.906883
v -11.815769 1.439314 7.127566
v -11.794569 1.443815 7.176722
v -11.861271 1.444395 7.191631
v -11.857448 1.439935 7.159614
v -11.982199 1.530904 7.262829
v -12.050980 1.533044 7.231402
v -12.126320 1.527639 7.204777
v -12.203243 1.509698 7.188006
v -12.274668 1.488584 7.174916
v -11.799065 1.614069 7.342154
v -11.772690 1.530874 7.307162
v -11.710947 1.562757 7.269678
v -11.732824 1.635706 7.302125
v -11.822084 1.671629 7.346283
v -11.764349 1.699968 7.304595
v -11.862642 1.739214 7.338820
v -11.820663 1.771970 7.293733
v -11.907341 1.792341 7.318588
v -11.880762 1.826055 7.273688
v -11.676308 1.601484 7.205051
v -11.699022 1.661855 7.225554
v -11.734034 1.718378 7.229059
v -11.794171 1.792402 7.224008
v -11.863220 1.844961 7.207505
v -11.693872 1.681593 7.144962
v -11.724954 1.730093 7.150708
v -11.781574 1.804105 7.150415
v -11.852491 1.857778 7.139187
v -11.671505 1.593267 7.085262
v -11.684462 1.619424 7.008815
v -11.682030 1.659704 7.044976
v -11.676690 1.634481 7.128651
v -11.695612 1.697607 7.063274
v -11.722254 1.743143 7.075500
v -11.773474 1.817464 7.078794
v -11.846095 1.867120 7.070669
v -11.704121 1.644708 6.920939
v -11.699152 1.683179 6.942796
v -11.707731 1.714994 6.955962
v -11.725247 1.762769 6.968484
v -11.770501 1.833318 6.973432
v -11.840723 1.879293 6.969582
v -11.721148 1.665540 6.813980
v -11.714567 1.707029 6.823500
v -11.719391 1.736944 6.829477
v -11.733343 1.788999 6.833682
v -11.773698 1.852766 6.838543
v -11.836110 1.896211 6.837574
v -11.733324 1.604307 6.883373
v -11.740900 1.628275 6.803202
v -11.916260 1.779977 7.328682
v -11.949821 1.730302 7.351820
v -11.875065 1.728857 7.345737
v -11.926819 1.683443 7.353551
v -11.837366 1.664579 7.351002
v -11.904804 1.635053 7.349463
v -11.815391 1.608804 7.345783
v -11.884457 1.586866 7.338390
v -12.258327 1.685400 7.240943
v -12.245445 1.653921 7.241254
v -12.181293 1.665914 7.260274
v -12.191117 1.698160 7.263518
v -12.119303 1.677232 7.284482
v -12.125614 1.711038 7.290167
v -12.066388 1.722185 7.318625
v -12.062075 1.687902 7.314320
v -12.006695 1.703413 7.334949
v -12.029057 1.724607 7.335165
v -12.298235 1.611024 7.222218
v -12.289185 1.577154 7.215324
v -12.223428 1.591810 7.226418
v -12.234140 1.622579 7.236132
v -12.158094 1.605249 7.241282
v -12.170222 1.634943 7.252316
v -12.095458 1.613950 7.266004
v -12.108570 1.644800 7.277159
v -12.050502 1.653036 7.307600
v -12.035170 1.618570 7.297385
v -11.973986 1.624197 7.327902
v -11.991026 1.664999 7.334346
v -12.280858 1.542970 7.206033
v -12.214033 1.560579 7.215803
v -12.146149 1.576379 7.228754
v -12.080420 1.583170 7.254615
v -12.018015 1.583913 7.285859
v -11.954847 1.583131 7.316419
v -12.353927 1.565271 7.194937
v -12.360945 1.602979 7.201449
v -12.345721 1.526125 7.184156
v -12.320560 1.673669 7.219027
v -11.607871 1.468172 5.281578
v -11.654566 1.781576 5.351102
v -12.005159 1.736852 5.295287
v -11.575966 1.796423 5.334715
v -12.008780 1.811407 5.294392
v -11.953695 1.348222 5.204172
v -11.524093 1.473566 5.269644
v -11.600258 1.851369 5.345198
v -11.531711 1.417062 5.269765
v -12.007472 1.345049 5.183638
v -12.062269 1.791730 5.264343
v -12.307799 1.644155 7.223394
v -12.365532 1.638139 7.203663
v -12.360028 1.661272 7.205902
v -11.923790 1.524706 7.290383
v -11.851534 1.523180 7.307073
v -12.160487 1.440256 6.987433
v -12.150428 1.447790 6.948112
v -12.061083 1.459272 7.016334
v -12.052548 1.467599 6.977636
v -11.957642 1.464033 7.040428
v -11.949512 1.477052 6.995596
v -11.842123 1.449751 7.039393
v -11.886348 1.469911 7.239958
v -11.784052 1.445974 7.086094
v -11.815277 1.470243 7.246365
v -11.767910 1.476823 7.253077
v -11.789316 1.526624 7.310957
v -11.747570 1.444837 7.146392
v -12.431851 1.453558 6.846128
v -12.407016 1.485731 6.790612
v -12.429026 1.562025 6.762133
v -12.406549 1.534864 6.747405
v -12.370461 1.512834 6.734939
v -12.323983 1.496610 6.729257
v -12.429634 1.381895 7.036176
v -11.751734 1.482950 7.249288
v -11.696842 1.520578 7.210114
v -11.732784 1.449739 7.132723
v -11.775747 1.451810 7.071383
v -11.705046 1.470956 7.096259
v -11.699242 1.505338 7.051235
v -11.672430 1.561082 7.152659
v -11.841082 1.509668 6.909580
v -11.943151 1.487863 6.947601
v -12.042516 1.474825 6.931910
v -12.136140 1.456007 6.900239
v -11.937070 1.498129 6.899773
v -12.032167 1.481123 6.885422
v -12.122939 1.464014 6.856242
v -11.843640 1.524759 6.869019
v -11.933115 1.504758 6.861530
v -12.023502 1.485742 6.845701
v -12.110673 1.470613 6.816663
v -12.260937 1.484285 6.736027
v -12.380413 1.585451 6.668464
v -12.361418 1.560670 6.665421
v -12.330730 1.538450 6.663945
v -12.296336 1.520277 6.667500
v -12.241656 1.497396 6.687014
v -12.296844 1.389619 6.999488
v -12.281864 1.399103 7.037955
v -12.335506 1.384325 7.030174
v -12.420309 1.384515 7.053266
v -12.374132 1.355978 6.984115
v -12.311596 1.375768 6.943020
vt 0.637627 0.121074
vt 0.642307 0.123127
vt 0.641819 0.125410
vt 0.636785 0.123155
vt 0.722105 0.112847
vt 0.717603 0.112908
vt 0.717442 0.110518
vt 0.721803 0.110364
vt 0.717300 0.107049
vt 0.721531 0.106867
vt 0.717197 0.103632
vt 0.721303 0.103465
vt 0.717131 0.100206
vt 0.721073 0.100075
vt 0.647403 0.123946
vt 0.647315 0.126292
vt 0.712888 0.113024
vt 0.712951 0.110579
vt 0.713024 0.107075
vt 0.713103 0.103651
vt 0.713219 0.100227
vt 0.652547 0.123741
vt 0.652908 0.126135
vt 0.708226 0.112936
vt 0.708514 0.110457
vt 0.708806 0.106951
vt 0.709053 0.103544
vt 0.709345 0.100147
vt 0.657477 0.122371
vt 0.658224 0.124545
vt 0.703992 0.112432
vt 0.704241 0.110058
vt 0.704621 0.106630
vt 0.705034 0.103275
vt 0.705515 0.099940
vt 0.638669 0.118326
vt 0.642920 0.120171
vt 0.642496 0.122225
vt 0.637949 0.120241
vt 0.647514 0.120939
vt 0.647436 0.123054
vt 0.652123 0.120688
vt 0.652424 0.122874
vt 0.656567 0.119521
vt 0.657238 0.121618
vt 0.660398 0.117465
vt 0.661769 0.119726
vt 0.662097 0.120297
vt 0.663124 0.121979
vt 0.699550 0.111805
vt 0.699829 0.109519
vt 0.700353 0.106200
vt 0.700995 0.102929
vt 0.701707 0.099681
vt 0.702440 0.096437
vt 0.706024 0.096611
vt 0.709662 0.096751
vt 0.713348 0.096802
vt 0.717083 0.096778
vt 0.720865 0.096690
vt 0.724672 0.096548
vt 0.725029 0.099868
vt 0.725386 0.103184
vt 0.725754 0.106757
vt 0.725846 0.110408
vt 0.726258 0.112869
vt 0.632800 0.119323
vt 0.633940 0.117482
vt 0.634428 0.116791
vt 0.635502 0.115453
vt 0.632678 0.093649
vt 0.630230 0.098340
vt 0.626345 0.096883
vt 0.629569 0.090477
vt 0.625949 0.089872
vt 0.626929 0.086813
vt 0.631443 0.087092
vt 0.628371 0.082485
vt 0.632867 0.082965
vt 0.629634 0.078259
vt 0.633888 0.078995
vt 0.630826 0.073974
vt 0.634642 0.074826
vt 0.629181 0.103419
vt 0.625365 0.103353
vt 0.621462 0.089085
vt 0.622311 0.085532
vt 0.623803 0.080991
vt 0.625199 0.076848
vt 0.627291 0.072772
vt 0.629567 0.108551
vt 0.626722 0.109510
vt 0.741446 0.114253
vt 0.735864 0.113491
vt 0.735699 0.110763
vt 0.741177 0.110911
vt 0.734985 0.106784
vt 0.739804 0.106370
vt 0.733953 0.102899
vt 0.738022 0.102227
vt 0.732825 0.099092
vt 0.736443 0.098354
vt 0.631182 0.113380
vt 0.629295 0.114913
vt 0.730517 0.113119
vt 0.730605 0.110511
vt 0.730270 0.106776
vt 0.729675 0.103135
vt 0.728948 0.099544
vt 0.635709 0.096600
vt 0.634143 0.099944
vt 0.630944 0.098626
vt 0.633291 0.094259
vt 0.633243 0.103611
vt 0.629960 0.103441
vt 0.633032 0.107580
vt 0.630329 0.108314
vt 0.633700 0.111682
vt 0.631799 0.112919
vt 0.728195 0.095963
vt 0.731718 0.095289
vt 0.735272 0.094521
vt 0.628837 0.068794
vt 0.631844 0.069614
vt 0.635234 0.070417
vt 0.638784 0.071307
vt 0.638511 0.075636
vt 0.638064 0.079515
vt 0.637433 0.083104
vt 0.636936 0.086415
vt 0.636839 0.088738
vt 0.637234 0.091051
vt 0.637478 0.091664
vt 0.639012 0.094493
vt 0.661495 0.090744
vt 0.656451 0.090717
vt 0.656758 0.088217
vt 0.662581 0.087287
vt 0.656737 0.085639
vt 0.661987 0.085096
vt 0.656453 0.081981
vt 0.661308 0.081721
vt 0.656074 0.078243
vt 0.660647 0.078170
vt 0.655548 0.074425
vt 0.659863 0.074478
vt 0.651665 0.090625
vt 0.651732 0.088371
vt 0.651734 0.085828
vt 0.651624 0.082120
vt 0.651441 0.078372
vt 0.651211 0.074510
vt 0.646859 0.090616
vt 0.646802 0.088421
vt 0.646765 0.085933
vt 0.646816 0.082305
vt 0.646834 0.078567
vt 0.646896 0.074704
vt 0.642021 0.090694
vt 0.641867 0.088496
vt 0.641816 0.086111
vt 0.642049 0.082545
vt 0.642350 0.078884
vt 0.642688 0.075054
vt 0.660174 0.094341
vt 0.655993 0.093894
vt 0.656360 0.091372
vt 0.661239 0.091503
vt 0.651590 0.093569
vt 0.651646 0.091309
vt 0.646962 0.093514
vt 0.646880 0.091308
vt 0.642333 0.093611
vt 0.642081 0.091320
vt 0.642826 0.070932
vt 0.646883 0.070658
vt 0.650927 0.070499
vt 0.654952 0.070428
vt 0.658967 0.070555
vt 0.663024 0.070840
vt 0.664170 0.074715
vt 0.665215 0.078265
vt 0.666108 0.081566
vt 0.666833 0.084682
vt 0.667200 0.087219
vt 0.668034 0.090047
vt 0.665871 0.093282
vt 0.665327 0.093917
vt 0.663429 0.095693
vt 0.697935 0.099217
vt 0.696696 0.102775
vt 0.692376 0.102367
vt 0.694251 0.098572
vt 0.688164 0.101324
vt 0.690898 0.097498
vt 0.676954 0.072120
vt 0.679926 0.075945
vt 0.674806 0.077192
vt 0.672848 0.073265
vt 0.669895 0.077784
vt 0.668500 0.074022
vt 0.695653 0.106412
vt 0.690734 0.106321
vt 0.685705 0.105493
vt 0.682599 0.080114
vt 0.676471 0.081184
vt 0.671088 0.081476
vt 0.694974 0.110160
vt 0.689685 0.110512
vt 0.684058 0.110196
vt 0.684389 0.084818
vt 0.677625 0.085337
vt 0.672047 0.085193
vt 0.694894 0.112808
vt 0.689438 0.113593
vt 0.683981 0.113765
vt 0.683714 0.088386
vt 0.677905 0.088335
vt 0.672634 0.087850
vt 0.667457 0.118171
vt 0.665535 0.116363
vt 0.668333 0.111936
vt 0.671223 0.113325
vt 0.669772 0.106799
vt 0.673425 0.107120
vt 0.669843 0.101551
vt 0.673559 0.100440
vt 0.668595 0.096687
vt 0.671274 0.094733
vt 0.664990 0.115857
vt 0.663289 0.114354
vt 0.667621 0.111614
vt 0.665248 0.110618
vt 0.669047 0.106744
vt 0.666143 0.106586
vt 0.669163 0.101759
vt 0.666194 0.102676
vt 0.667908 0.097162
vt 0.665472 0.098863
vt 0.667036 0.070094
vt 0.670926 0.069300
vt 0.674468 0.068342
vt 0.693186 0.093720
vt 0.695976 0.094840
vt 0.699117 0.095704
vt 0.656905 0.109933
vt 0.652979 0.109748
vt 0.653518 0.106670
vt 0.657485 0.106686
vt 0.654010 0.103429
vt 0.657880 0.103442
vt 0.654463 0.100203
vt 0.658166 0.100297
vt 0.652479 0.113144
vt 0.648590 0.112976
vt 0.649151 0.109506
vt 0.649638 0.106479
vt 0.650163 0.103208
vt 0.650587 0.100049
vt 0.644723 0.112530
vt 0.645224 0.109113
vt 0.645701 0.105954
vt 0.646167 0.102768
vt 0.646668 0.099755
vt 0.641321 0.108607
vt 0.641678 0.105320
vt 0.642216 0.102171
vt 0.648099 0.116678
vt 0.652172 0.116712
vt 0.644022 0.116118
vt 0.640362 0.115071
vt 0.637338 0.108035
vt 0.637634 0.104552
vt 0.638293 0.101275
vt 0.643115 0.096534
vt 0.646943 0.096679
vt 0.651056 0.096854
vt 0.655047 0.097070
vt 0.661695 0.100076
vt 0.661898 0.103206
vt 0.661653 0.106645
vt 0.660931 0.110144
vt 0.659827 0.113349
vt 0.702757 0.060035
vt 0.703239 0.066009
vt 0.700917 0.066035
vt 0.700363 0.060141
vt 0.698672 0.065972
vt 0.698090 0.060240
vt 0.669139 0.034862
vt 0.668507 0.040594
vt 0.665712 0.040711
vt 0.666360 0.034724
vt 0.664507 0.034755
vt 0.662811 0.040712
vt 0.663291 0.034654
vt 0.703366 0.072019
vt 0.701083 0.071905
vt 0.698912 0.071700
vt 0.668245 0.046321
vt 0.665542 0.046678
vt 0.662667 0.046926
vt 0.702978 0.078021
vt 0.700627 0.077776
vt 0.698422 0.077357
vt 0.668777 0.051979
vt 0.666045 0.052547
vt 0.663071 0.052983
vt 0.702049 0.084010
vt 0.699469 0.083560
vt 0.697022 0.082883
vt 0.670300 0.057504
vt 0.667262 0.058295
vt 0.664042 0.058916
vt 0.700739 0.089913
vt 0.697901 0.089247
vt 0.695239 0.088336
vt 0.672237 0.062958
vt 0.668938 0.063884
vt 0.665408 0.064650
vt 0.705325 0.059911
vt 0.705743 0.065987
vt 0.705911 0.072110
vt 0.705613 0.078248
vt 0.704840 0.084380
vt 0.703767 0.090460
vt 0.661732 0.065310
vt 0.660631 0.059450
vt 0.659911 0.053337
vt 0.659614 0.047078
vt 0.659747 0.040720
vt 0.660315 0.034278
vt 0.660728 0.030952
vt 0.663602 0.031316
vt 0.665184 0.031378
vt 0.666905 0.031394
vt 0.667679 0.031366
vt 0.697169 0.056883
vt 0.699665 0.056614
vt 0.702262 0.056437
vt 0.704961 0.056270
vt 0.656879 0.034304
vt 0.656565 0.040687
vt 0.653243 0.040661
vt 0.653361 0.034293
vt 0.649892 0.040642
vt 0.649846 0.034248
vt 0.646559 0.040522
vt 0.646370 0.034116
vt 0.643275 0.040438
vt 0.642960 0.033995
vt 0.656494 0.047005
vt 0.653239 0.046976
vt 0.649940 0.046961
vt 0.646663 0.046867
vt 0.643409 0.046809
vt 0.656741 0.053202
vt 0.653431 0.053139
vt 0.650070 0.053153
vt 0.646735 0.053074
vt 0.643429 0.053057
vt 0.657289 0.059238
vt 0.653813 0.059162
vt 0.650278 0.059177
vt 0.646757 0.059126
vt 0.643320 0.059191
vt 0.658058 0.065060
vt 0.654345 0.064943
vt 0.650568 0.064993
vt 0.646826 0.065009
vt 0.643135 0.065167
vt 0.639419 0.065430
vt 0.639828 0.059340
vt 0.640084 0.053132
vt 0.640119 0.046810
vt 0.639974 0.040363
vt 0.639604 0.033936
vt 0.639299 0.030106
vt 0.642683 0.030094
vt 0.646232 0.030298
vt 0.649850 0.030453
vt 0.653511 0.030556
vt 0.657189 0.030670
vt 0.636810 0.034044
vt 0.637312 0.040395
vt 0.634660 0.040371
vt 0.634339 0.034399
vt 0.633565 0.034456
vt 0.632083 0.040337
vt 0.631636 0.034432
vt 0.732597 0.059810
vt 0.732185 0.065715
vt 0.729621 0.065643
vt 0.729925 0.059639
vt 0.727000 0.065580
vt 0.727137 0.059487
vt 0.637481 0.046637
vt 0.634784 0.046417
vt 0.632180 0.046213
vt 0.732096 0.071591
vt 0.729530 0.071593
vt 0.726886 0.071612
vt 0.637380 0.052755
vt 0.634650 0.052376
vt 0.631993 0.052028
vt 0.732268 0.077406
vt 0.729657 0.077499
vt 0.726960 0.077619
vt 0.636963 0.058768
vt 0.634122 0.058247
vt 0.631425 0.057785
vt 0.733037 0.083223
vt 0.730158 0.083439
vt 0.727263 0.083692
vt 0.636252 0.064693
vt 0.633175 0.064004
vt 0.630228 0.063338
vt 0.733927 0.088920
vt 0.730829 0.089376
vt 0.727686 0.089817
vt 0.724483 0.090235
vt 0.724303 0.083957
vt 0.724184 0.077771
vt 0.724195 0.071637
vt 0.724293 0.065511
vt 0.724362 0.059348
vt 0.727395 0.055756
vt 0.730388 0.055943
vt 0.733324 0.056187
vt 0.630846 0.030808
vt 0.632723 0.030612
vt 0.633880 0.030514
vt 0.635728 0.030363
vt 0.636831 0.030328
vt 0.721106 0.059508
vt 0.721130 0.065640
vt 0.717965 0.065768
vt 0.717879 0.059662
vt 0.714825 0.065875
vt 0.714684 0.059778
vt 0.711729 0.065946
vt 0.711524 0.059865
vt 0.708681 0.065986
vt 0.708393 0.059911
vt 0.721087 0.071764
vt 0.717953 0.071908
vt 0.714835 0.072016
vt 0.711751 0.072089
vt 0.708745 0.072106
vt 0.721039 0.077913
vt 0.717856 0.078078
vt 0.714686 0.078189
vt 0.711548 0.078255
vt 0.708491 0.078264
vt 0.721009 0.084110
vt 0.717682 0.084270
vt 0.714372 0.084386
vt 0.711100 0.084438
vt 0.707907 0.084417
vt 0.720948 0.090375
vt 0.717427 0.090512
vt 0.713916 0.090596
vt 0.710463 0.090613
vt 0.707069 0.090548
vt 0.708124 0.056264
vt 0.711320 0.056203
vt 0.714544 0.056088
vt 0.717797 0.055941
vt 0.721092 0.055768
vt 0.721023 0.052034
vt 0.724439 0.051846
vt 0.724431 0.055594
vt 0.716743 0.032249
vt 0.720437 0.031693
vt 0.720904 0.034332
vt 0.717092 0.034733
vt 0.713151 0.033050
vt 0.713371 0.035413
vt 0.709542 0.033906
vt 0.709675 0.036168
vt 0.706017 0.034743
vt 0.706088 0.036897
vt 0.721146 0.037165
vt 0.717295 0.037489
vt 0.713525 0.038068
vt 0.709823 0.038718
vt 0.706261 0.039311
vt 0.721233 0.039907
vt 0.717408 0.040193
vt 0.713679 0.040692
vt 0.710037 0.041217
vt 0.706506 0.041672
vt 0.721249 0.042606
vt 0.717512 0.042870
vt 0.713869 0.043290
vt 0.710298 0.043695
vt 0.706805 0.044035
vt 0.721205 0.046646
vt 0.717631 0.046874
vt 0.714133 0.047190
vt 0.710676 0.047467
vt 0.707260 0.047679
vt 0.717668 0.052230
vt 0.714370 0.052418
vt 0.711104 0.052568
vt 0.707853 0.052656
vt 0.724370 0.031084
vt 0.724962 0.033915
vt 0.725192 0.037034
vt 0.725188 0.039838
vt 0.725092 0.042506
vt 0.724860 0.046504
vt 0.704606 0.052672
vt 0.703864 0.047786
vt 0.703373 0.044258
vt 0.703086 0.042015
vt 0.702834 0.039487
vt 0.702703 0.037208
vt 0.702760 0.034931
vt 0.706018 0.034038
vt 0.702861 0.034224
vt 0.703630 0.031841
vt 0.706054 0.031810
vt 0.709511 0.033166
vt 0.709357 0.030849
vt 0.713076 0.032324
vt 0.712769 0.029913
vt 0.716629 0.031574
vt 0.716110 0.029028
vt 0.720259 0.030987
vt 0.719381 0.028311
vt 0.724029 0.030167
vt 0.721653 0.027030
vt 0.697489 0.033621
vt 0.700160 0.034340
vt 0.699984 0.036770
vt 0.697061 0.036089
vt 0.694808 0.032754
vt 0.693890 0.035504
vt 0.666805 0.009319
vt 0.669937 0.007819
vt 0.670735 0.010024
vt 0.668057 0.011217
vt 0.699899 0.039306
vt 0.696717 0.038837
vt 0.693167 0.038477
vt 0.671671 0.013133
vt 0.669203 0.014280
vt 0.699969 0.041758
vt 0.696673 0.041520
vt 0.693116 0.041423
vt 0.671926 0.016317
vt 0.669627 0.017291
vt 0.700181 0.044219
vt 0.696879 0.044220
vt 0.693586 0.044770
vt 0.669529 0.020521
vt 0.671509 0.019684
vt 0.664566 0.017963
vt 0.663728 0.016214
vt 0.665696 0.013816
vt 0.666791 0.016180
vt 0.700743 0.047909
vt 0.697611 0.048068
vt 0.694598 0.048509
vt 0.701776 0.052890
vt 0.698958 0.053128
vt 0.696241 0.053515
vt 0.664858 0.020264
vt 0.664750 0.022610
vt 0.661620 0.023430
vt 0.662017 0.021571
vt 0.662233 0.019541
vt 0.661931 0.017901
vt 0.660759 0.016446
vt 0.662835 0.014340
vt 0.699254 0.020602
vt 0.700610 0.023248
vt 0.697612 0.023386
vt 0.696530 0.020480
vt 0.695459 0.026573
vt 0.694047 0.023547
vt 0.698571 0.026085
vt 0.697843 0.031234
vt 0.696491 0.028863
vt 0.699410 0.028040
vt 0.700372 0.029754
vt 0.700222 0.033431
vt 0.701509 0.031336
vt 0.702011 0.020156
vt 0.701260 0.018470
vt 0.704792 0.017701
vt 0.705584 0.019335
vt 0.708931 0.016421
vt 0.709548 0.018185
vt 0.712978 0.014700
vt 0.713339 0.016617
vt 0.716232 0.012963
vt 0.716579 0.014991
vt 0.700633 0.017202
vt 0.699361 0.015882
vt 0.703323 0.015084
vt 0.704144 0.016457
vt 0.707774 0.013646
vt 0.708398 0.015077
vt 0.712114 0.011620
vt 0.712628 0.013291
vt 0.716106 0.009188
vt 0.716001 0.011407
vt 0.698428 0.014637
vt 0.702957 0.014400
vt 0.707472 0.012987
vt 0.711761 0.010868
vt 0.715609 0.007303
vt 0.653743 0.024781
vt 0.657659 0.025277
vt 0.657451 0.027111
vt 0.653608 0.026908
vt 0.649826 0.024257
vt 0.649809 0.026740
vt 0.645933 0.024232
vt 0.646052 0.026551
vt 0.642165 0.024337
vt 0.642382 0.026498
vt 0.698690 0.018662
vt 0.658210 0.018150
vt 0.657838 0.016700
vt 0.658200 0.020185
vt 0.657840 0.023696
vt 0.658044 0.021925
vt 0.638982 0.026532
vt 0.638649 0.023638
vt 0.641422 0.016974
vt 0.641575 0.018836
vt 0.638272 0.017042
vt 0.638456 0.015238
vt 0.635700 0.019725
vt 0.635588 0.017285
vt 0.638117 0.019056
vt 0.638330 0.021233
vt 0.718303 0.008204
vt 0.720043 0.008763
vt 0.718382 0.011257
vt 0.717738 0.010302
vt 0.716965 0.018063
vt 0.713845 0.019360
vt 0.710377 0.020688
vt 0.706797 0.021823
vt 0.703467 0.022728
vt 0.630604 0.003836
vt 0.633683 0.005227
vt 0.632271 0.007999
vt 0.629482 0.006966
vt 0.627360 0.003469
vt 0.626317 0.006524
vt 0.731712 0.029544
vt 0.735770 0.029116
vt 0.737064 0.032582
vt 0.732512 0.032753
vt 0.728134 0.030381
vt 0.728545 0.033345
vt 0.631201 0.010858
vt 0.628751 0.010462
vt 0.625830 0.010609
vt 0.737939 0.035988
vt 0.733049 0.036070
vt 0.728912 0.036478
vt 0.628619 0.013689
vt 0.626161 0.013939
vt 0.737635 0.039318
vt 0.733114 0.039241
vt 0.728995 0.039452
vt 0.632613 0.014928
vt 0.632900 0.018009
vt 0.630876 0.017165
vt 0.630659 0.013834
vt 0.629096 0.016968
vt 0.626818 0.017107
vt 0.737030 0.042486
vt 0.732836 0.042273
vt 0.728875 0.042334
vt 0.633615 0.021808
vt 0.631766 0.021440
vt 0.630295 0.021380
vt 0.628143 0.021575
vt 0.735810 0.046954
vt 0.732098 0.046647
vt 0.728436 0.046538
vt 0.634797 0.026541
vt 0.633096 0.026619
vt 0.631905 0.026735
vt 0.630056 0.027184
vt 0.734051 0.052563
vt 0.730809 0.052243
vt 0.727599 0.052030
vt 0.636120 0.022876
vt 0.636610 0.026594
vt 0.725482 0.027014
vt 0.722999 0.025235
vt 0.725894 0.023500
vt 0.722996 0.022947
vt 0.725977 0.020336
vt 0.722851 0.020711
vt 0.725483 0.017689
vt 0.722539 0.018489
vt 0.709364 0.029403
vt 0.709160 0.028026
vt 0.712044 0.027158
vt 0.712393 0.028530
vt 0.714903 0.026352
vt 0.715397 0.027708
vt 0.718146 0.027049
vt 0.717653 0.025702
vt 0.720215 0.025281
vt 0.719767 0.026485
vt 0.706027 0.027602
vt 0.705504 0.026244
vt 0.708411 0.025331
vt 0.708824 0.026676
vt 0.711353 0.024397
vt 0.711691 0.025782
vt 0.714272 0.023483
vt 0.714568 0.024934
vt 0.717360 0.024183
vt 0.717139 0.022573
vt 0.719938 0.021677
vt 0.720114 0.023528
vt 0.704917 0.024889
vt 0.707923 0.024000
vt 0.711006 0.023025
vt 0.714063 0.021983
vt 0.716969 0.020901
vt 0.719748 0.019755
vt 0.702540 0.027133
vt 0.703244 0.028594
vt 0.701802 0.025578
vt 0.706578 0.030243
vt 0.642802 0.099237
vt 0.640955 0.111903
vt 0.656292 0.113178
vt 0.637451 0.111399
vt 0.655941 0.116266
vt 0.658662 0.097389
vt 0.639284 0.098445
vt 0.637778 0.113977
vt 0.640340 0.096551
vt 0.661033 0.097494
vt 0.658731 0.115690
vt 0.706436 0.028944
vt 0.703935 0.029914
vt 0.704707 0.030610
vt 0.719438 0.016844
vt 0.721997 0.015145
vt 0.654002 0.015630
vt 0.654015 0.017303
vt 0.649878 0.015251
vt 0.649859 0.016876
vt 0.645697 0.014946
vt 0.645688 0.016747
vt 0.641484 0.014995
vt 0.718900 0.013508
vt 0.718435 0.006240
vt 0.721140 0.011450
vt 0.722698 0.010038
vt 0.724034 0.013446
vt 0.720827 0.006373
vt 0.667348 0.018919
vt 0.667364 0.021563
vt 0.670563 0.023534
vt 0.668756 0.023910
vt 0.666723 0.024467
vt 0.664425 0.024994
vt 0.664217 0.011535
vt 0.672875 0.006617
vt 0.673886 0.009206
vt 0.674489 0.013098
vt 0.674545 0.016044
vt 0.674034 0.019392
vt 0.672933 0.023130
vt 0.635682 0.007541
vt 0.633904 0.009864
vt 0.636779 0.011582
vt 0.638791 0.014040
vt 0.636267 0.013219
vt 0.635920 0.015086
vt 0.632909 0.012297
vt 0.641725 0.020656
vt 0.645720 0.018723
vt 0.649850 0.018806
vt 0.653983 0.019368
vt 0.645752 0.020773
vt 0.649836 0.020807
vt 0.653927 0.021311
vt 0.641946 0.022521
vt 0.645838 0.022449
vt 0.649831 0.022551
vt 0.653839 0.023097
vt 0.661388 0.025266
vt 0.669089 0.027958
vt 0.667649 0.027969
vt 0.665880 0.028104
vt 0.664038 0.028136
vt 0.661135 0.027669
vt 0.671149 0.028136
vt 0.697104 0.016485
vt 0.698681 0.017506
vt 0.696179 0.017984
vt 0.693335 0.020162
vt 0.693156 0.016644
vt 0.695121 0.014931
vt 0.670139 0.031504
vt 0.728101 0.029448
vt 0.697619 0.032935
vt 0.695041 0.032165
vt 0.672523 0.005951
vt 0.669655 0.007205
vt 0.666288 0.008691
vt 0.663601 0.010822
vt 0.627610 0.002170
vt 0.631087 0.003109
vt 0.735075 0.027781
vt 0.731481 0.028688
vt 0.633986 0.004548
vt 0.657602 0.016020
vt 0.660286 0.015990
vt 0.653961 0.014911
vt 0.649886 0.014554
vt 0.645712 0.014309
vt 0.641616 0.014352
vt 0.638979 0.013540
vt 0.637011 0.010839
vt 0.662430 0.013757
vt 0.636253 0.007082
vn 0.295130 0.561163 -0.773301
vn 0.180233 0.419218 -0.889816
vn 0.191989 0.744297 -0.639658
vn 0.400970 0.779496 -0.481257
vn 0.130685 0.984194 -0.119515
vn 0.400999 0.916076 -0.002204
vn 0.080077 0.983762 0.160623
vn 0.347961 0.908094 0.232997
vn 0.080016 0.984703 0.154783
vn 0.336593 0.914109 0.226075
vn 0.086191 0.988945 0.120663
vn 0.336252 0.922436 0.189859
vn 0.147898 0.378261 -0.913808
vn 0.036215 0.719033 -0.694032
vn -0.103259 0.973449 -0.204291
vn -0.158353 0.983379 0.088827
vn -0.168755 0.980587 0.099855
vn -0.180888 0.981624 0.060771
vn 0.042882 0.462126 -0.885777
vn -0.187629 0.738729 -0.647360
vn -0.392660 0.891651 -0.225335
vn -0.453476 0.891217 0.009642
vn -0.452372 0.890930 0.040039
vn -0.451739 0.891967 0.018060
vn -0.173467 0.597486 -0.782892
vn -0.453018 0.756537 -0.471621
vn -0.614432 0.772915 -0.158352
vn -0.658143 0.751834 -0.039924
vn -0.662178 0.749105 -0.019009
vn -0.664261 0.747384 -0.013202
vn 0.035909 0.215181 -0.975914
vn 0.077397 0.096258 -0.992343
vn 0.139831 0.271606 -0.952196
vn 0.183628 0.434594 -0.881708
vn 0.205598 0.021178 -0.978407
vn 0.193107 0.200310 -0.960513
vn 0.279291 0.035934 -0.959534
vn 0.178830 0.248255 -0.952045
vn 0.288468 0.124357 -0.949380
vn 0.074687 0.361206 -0.929490
vn 0.284974 0.245207 -0.926641
vn -0.036298 0.463284 -0.885466
vn -0.372307 0.637154 -0.674851
vn -0.624108 0.703410 -0.340154
vn -0.727018 0.679754 -0.096848
vn -0.762604 0.646466 -0.022745
vn -0.790692 0.612136 -0.009763
vn -0.814715 0.579842 -0.004707
vn -0.829368 0.558515 0.014447
vn -0.679813 0.733302 0.011052
vn -0.469248 0.882761 0.023217
vn -0.194218 0.979149 0.059560
vn 0.084897 0.989914 0.113416
vn 0.333096 0.928716 0.162891
vn 0.560978 0.801395 0.207532
vn 0.569143 0.781953 0.254215
vn 0.566217 0.768700 0.297489
vn 0.570309 0.768085 0.291191
vn 0.597502 0.795207 0.103138
vn 0.556566 0.779056 -0.288627
vn 0.411472 0.681001 -0.605746
vn 0.266702 0.562527 -0.782581
vn 0.050475 0.319260 -0.946322
vn 0.715227 -0.404847 -0.569692
vn 0.795172 -0.039741 -0.605080
vn 0.974821 -0.072779 -0.210777
vn 0.881139 -0.391966 -0.264492
vn 0.976252 -0.059750 0.208236
vn 0.947075 -0.300896 0.111850
vn 0.877302 -0.025319 0.479270
vn 0.863911 -0.184411 0.468668
vn 0.825319 -0.026898 0.564026
vn 0.764550 -0.157274 0.625083
vn 0.840423 -0.043880 0.540152
vn 0.767872 -0.213034 0.604144
vn 0.722706 0.310904 -0.617280
vn 0.936701 0.288964 -0.197716
vn 0.941477 0.244633 0.231896
vn 0.867311 0.210026 0.451288
vn 0.840733 0.197484 0.504151
vn 0.853709 0.212319 0.475502
vn 0.629510 0.526724 -0.571208
vn 0.816684 0.553285 -0.164022
vn 0.834016 0.505604 0.220867
vn 0.793786 0.462814 0.394597
vn 0.781527 0.450439 0.431648
vn 0.798996 0.452193 0.396391
vn 0.512222 0.665378 -0.543048
vn 0.677481 0.714581 -0.174337
vn 0.716887 0.673358 0.180723
vn 0.698053 0.630088 0.340163
vn 0.700003 0.615280 0.362527
vn 0.723881 0.611273 0.319908
vn 0.066337 -0.117999 -0.990795
vn 0.024449 0.097562 -0.994929
vn 0.494512 0.019591 -0.868950
vn 0.487919 -0.328691 -0.808639
vn -0.023310 0.243781 -0.969550
vn 0.401618 0.298223 -0.865891
vn -0.012139 0.278855 -0.960257
vn 0.356013 0.434277 -0.827441
vn 0.010722 0.319359 -0.947573
vn 0.307372 0.540554 -0.783150
vn 0.740274 0.626684 0.243439
vn 0.843890 0.445027 0.299668
vn 0.897730 0.212132 0.386110
vn 0.882754 -0.054819 0.466628
vn 0.811757 -0.264917 0.520451
vn 0.674813 -0.477046 0.563077
vn 0.601278 -0.423378 0.677655
vn 0.590071 -0.411166 0.694808
vn 0.706861 -0.531304 0.466972
vn 0.768031 -0.639125 -0.040592
vn 0.645297 -0.646186 -0.407475
vn 0.511022 -0.635192 -0.579126
vn 0.386826 -0.546107 -0.743057
vn 0.101357 -0.238837 -0.965756
vn -0.046896 -0.712504 -0.700099
vn 0.282765 -0.734687 -0.616668
vn 0.258177 -0.878534 -0.401898
vn -0.102134 -0.864528 -0.492098
vn 0.210371 -0.977380 -0.021753
vn -0.174770 -0.980641 -0.088314
vn 0.141567 -0.912971 0.382678
vn -0.213297 -0.916602 0.338151
vn 0.114547 -0.844006 0.523959
vn -0.206462 -0.838351 0.504521
vn 0.109944 -0.857415 0.502743
vn -0.184166 -0.846373 0.499736
vn 0.344344 -0.738078 -0.580231
vn 0.319011 -0.868403 -0.379616
vn 0.255809 -0.966679 -0.009615
vn 0.161908 -0.909022 0.384011
vn 0.123940 -0.848363 0.514704
vn 0.124762 -0.869344 0.478201
vn 0.236110 -0.760146 -0.605335
vn 0.197556 -0.873195 -0.445537
vn 0.104063 -0.991462 -0.078572
vn -0.007868 -0.936785 0.349817
vn -0.033178 -0.857100 0.514081
vn 0.042015 -0.862828 0.503749
vn 0.289749 -0.734505 -0.613636
vn 0.309549 -0.812650 -0.493740
vn 0.298105 -0.945839 -0.128539
vn 0.211088 -0.893092 0.397276
vn 0.173829 -0.753312 0.634275
vn 0.266280 -0.720839 0.639911
vn 0.172818 -0.125532 -0.976922
vn 0.280158 -0.121429 -0.952243
vn 0.291510 -0.556497 -0.778031
vn 0.023932 -0.553812 -0.832298
vn 0.275759 -0.186576 -0.942946
vn 0.334974 -0.607056 -0.720608
vn 0.182058 -0.258243 -0.948771
vn 0.241194 -0.661398 -0.710196
vn 0.127541 -0.268496 -0.954800
vn 0.261546 -0.636681 -0.725418
vn 0.413241 -0.739364 0.531576
vn 0.166012 -0.889177 0.426386
vn 0.140852 -0.914167 0.380079
vn 0.106248 -0.910739 0.399082
vn -0.164542 -0.897726 0.408672
vn -0.504386 -0.777393 0.375840
vn -0.522293 -0.727165 0.445468
vn -0.554196 -0.709835 0.434742
vn -0.588333 -0.767262 0.255291
vn -0.553603 -0.821715 -0.135307
vn -0.403388 -0.747705 -0.527462
vn -0.273620 -0.629092 -0.727582
vn -0.183398 -0.518884 -0.834940
vn 0.095430 -0.148164 -0.984348
vn -0.941448 0.331304 0.062555
vn -0.914285 0.399815 0.065045
vn -0.971975 0.166274 0.166182
vn -0.981803 0.090866 0.166754
vn -0.966022 -0.065839 0.249935
vn -0.964075 -0.098555 0.246672
vn -0.903628 -0.297165 0.308463
vn -0.900736 -0.312730 0.301456
vn -0.777859 -0.512773 0.363317
vn -0.763034 -0.532411 0.366494
vn -0.885219 0.464514 0.024787
vn -0.967752 0.236644 0.086342
vn -0.989865 -0.037234 0.137047
vn -0.931851 -0.322814 0.165666
vn -0.803785 -0.562810 0.192810
vn -0.846701 0.524685 -0.088338
vn -0.948077 0.301267 -0.101926
vn -0.991459 -0.015717 -0.129471
vn -0.916106 -0.373063 -0.146879
vn -0.756808 -0.636485 -0.148758
vn -0.712904 0.577465 -0.397872
vn -0.773972 0.369599 -0.514163
vn -0.818898 0.041480 -0.572438
vn -0.736296 -0.370637 -0.566123
vn -0.553614 -0.639117 -0.533892
vn -0.409918 0.535133 -0.738647
vn -0.392255 0.374256 -0.840279
vn -0.439542 0.130140 -0.888744
vn -0.412968 -0.288250 -0.863927
vn -0.313386 -0.560682 -0.766437
vn -0.051526 0.424471 -0.903974
vn 0.314493 0.260356 -0.912857
vn -0.034081 0.331954 -0.942680
vn 0.328437 0.250582 -0.910680
vn -0.061065 0.202496 -0.977377
vn 0.322829 0.255581 -0.911296
vn -0.102541 -0.154250 -0.982696
vn 0.294253 0.066531 -0.953409
vn -0.152538 -0.440103 -0.884897
vn 0.188671 -0.121155 -0.974538
vn -0.754007 -0.579504 0.309271
vn -0.905459 -0.354017 0.234126
vn -0.976106 -0.145854 0.161071
vn -0.995159 0.021992 0.095784
vn -0.958674 0.281838 0.038866
vn 0.470479 0.186472 -0.862483
vn 0.323601 0.187521 -0.927426
vn 0.300030 0.286615 -0.909854
vn 0.445832 0.275359 -0.851711
vn 0.262039 0.362380 -0.894436
vn 0.396916 0.315415 -0.861958
vn 0.233003 0.354558 -0.905538
vn 0.328137 0.304989 -0.894040
vn 0.342292 0.051929 -0.938157
vn 0.148418 0.038165 -0.988188
vn 0.126053 0.171880 -0.977020
vn 0.115146 0.275831 -0.954285
vn 0.116560 0.353341 -0.928205
vn 0.140335 0.348080 -0.926901
vn -0.046998 0.039274 -0.998123
vn -0.082346 0.156165 -0.984292
vn -0.099362 0.241873 -0.965207
vn -0.076550 0.285438 -0.955335
vn -0.018301 0.275667 -0.961079
vn -0.206029 0.151127 -0.966806
vn -0.211994 0.211204 -0.954176
vn -0.183848 0.211815 -0.959862
vn 0.184460 -0.068828 -0.980427
vn 0.337491 -0.051668 -0.939910
vn 0.007395 -0.030103 -0.999520
vn -0.096684 0.032189 -0.994795
vn -0.233359 0.164273 -0.958414
vn -0.249774 0.198196 -0.947804
vn -0.233603 0.157319 -0.959521
vn -0.046710 0.122445 -0.991376
vn 0.053839 0.210406 -0.976130
vn 0.174657 0.267148 -0.947695
vn 0.231771 0.278351 -0.932096
vn 0.417110 0.197687 -0.887096
vn 0.497852 0.235791 -0.834594
vn 0.515238 0.269813 -0.813469
vn 0.518291 0.191112 -0.833577
vn 0.502404 0.123765 -0.855729
vn -0.908299 0.342722 -0.239864
vn -0.934986 0.290780 -0.203099
vn -0.963829 -0.126578 -0.234546
vn -0.946441 -0.084411 -0.311649
vn -0.859318 -0.461356 -0.220733
vn -0.839644 -0.435339 -0.324775
vn -0.724058 -0.666016 -0.179340
vn -0.693214 -0.643982 -0.323637
vn -0.558783 -0.785472 -0.266075
vn -0.588781 -0.798479 -0.125572
vn -0.488500 -0.842263 -0.227950
vn -0.950559 0.261874 -0.166914
vn -0.974649 -0.137521 -0.176485
vn -0.884800 -0.444704 -0.139165
vn -0.779836 -0.621239 -0.076927
vn -0.664113 -0.747586 -0.008364
vn -0.961513 0.248965 -0.116228
vn -0.989115 -0.109162 -0.098663
vn -0.926541 -0.374463 -0.036057
vn -0.832103 -0.553370 0.037240
vn -0.700850 -0.707158 0.093470
vn -0.965998 0.255856 -0.037233
vn -0.998116 -0.060657 -0.009253
vn -0.956737 -0.287110 0.047137
vn -0.863742 -0.489661 0.119089
vn -0.716905 -0.672359 0.184339
vn -0.964018 0.265232 0.017948
vn -0.999028 -0.023202 0.037484
vn -0.973020 -0.213189 0.088223
vn -0.890582 -0.421507 0.170868
vn -0.737592 -0.626253 0.252516
vn -0.757126 0.637153 -0.144209
vn -0.789269 0.598732 -0.136289
vn -0.815185 0.566878 -0.118835
vn -0.836201 0.541199 -0.088724
vn -0.845176 0.533100 -0.038487
vn -0.839128 0.543773 0.013234
vn -0.506416 -0.804114 0.311357
vn -0.512141 -0.825392 0.237569
vn -0.509695 -0.848793 0.140573
vn -0.490183 -0.869435 0.061677
vn -0.431603 -0.901472 -0.032662
vn -0.346528 -0.924814 -0.156963
vn -0.273984 -0.937049 -0.216499
vn -0.414436 -0.856771 -0.306898
vn -0.505483 -0.784111 -0.360080
vn -0.644757 -0.651650 -0.399550
vn -0.750840 -0.519055 -0.408437
vn -0.833726 -0.385516 -0.395320
vn -0.935116 -0.024825 -0.353471
vn -0.879245 0.402957 -0.254075
vn -0.723997 0.673764 -0.147885
vn -0.153846 -0.986015 -0.064074
vn -0.217207 -0.974944 0.048011
vn 0.022395 -0.993498 0.111627
vn 0.050690 -0.998678 0.008538
vn 0.264723 -0.952571 0.150099
vn 0.258777 -0.964857 0.045662
vn 0.455788 -0.876504 0.154912
vn 0.424354 -0.904612 0.040019
vn 0.608798 -0.781602 0.135881
vn 0.568580 -0.822582 0.008669
vn -0.254070 -0.959060 0.125114
vn 0.005128 -0.984214 0.176906
vn 0.263271 -0.940153 0.216335
vn 0.477715 -0.847354 0.231904
vn 0.638174 -0.736791 0.223323
vn -0.265943 -0.946311 0.183766
vn -0.006456 -0.974790 0.223033
vn 0.246165 -0.933991 0.258966
vn 0.474437 -0.832514 0.286059
vn 0.648802 -0.703963 0.288949
vn -0.249516 -0.932181 0.262260
vn 0.008789 -0.964736 0.263072
vn 0.217394 -0.935527 0.278439
vn 0.419027 -0.845726 0.330400
vn 0.619350 -0.691009 0.372708
vn -0.193384 -0.926228 0.323581
vn 0.068458 -0.953402 0.293834
vn 0.181332 -0.940873 0.286140
vn 0.305502 -0.883683 0.354644
vn 0.536385 -0.717435 0.444498
vn 0.731111 -0.495077 0.469442
vn 0.766098 -0.528071 0.366381
vn 0.774346 -0.570599 0.273506
vn 0.771636 -0.599960 0.211249
vn 0.763151 -0.635701 0.116126
vn 0.735927 -0.676751 -0.020504
vn 0.689460 -0.715572 -0.112259
vn 0.513180 -0.855402 -0.070241
vn 0.379789 -0.924787 -0.023007
vn 0.242673 -0.970067 -0.008950
vn 0.071445 -0.996514 -0.043082
vn -0.101413 -0.988084 -0.115780
vn 0.903723 -0.427056 -0.030120
vn 0.892652 -0.436265 0.113336
vn 0.982851 -0.134550 0.126099
vn 0.991571 -0.127706 0.021850
vn 0.996695 0.054272 0.060439
vn 0.974652 0.152707 0.163504
vn 0.967116 0.232811 0.102401
vn 0.828238 0.532080 0.175820
vn 0.789341 0.596665 0.144677
vn 0.547210 0.820227 0.166701
vn 0.495958 0.855302 0.149946
vn 0.877135 -0.433888 0.205852
vn 0.957257 -0.203491 0.205550
vn 0.973628 0.113559 0.197872
vn 0.856218 0.485883 0.175521
vn 0.608169 0.779874 0.148077
vn 0.872959 -0.417742 0.251861
vn 0.951645 -0.203551 0.230085
vn 0.974161 0.111001 0.196694
vn 0.869917 0.470644 0.147441
vn 0.664379 0.739116 0.110940
vn 0.866878 -0.375822 0.327538
vn 0.947206 -0.166797 0.273824
vn 0.969268 0.125971 0.211307
vn 0.876407 0.455571 0.156097
vn 0.702443 0.701955 0.117615
vn 0.845039 -0.314704 0.432285
vn 0.925601 -0.099113 0.365294
vn 0.946089 0.166664 0.277739
vn 0.874578 0.438847 0.206220
vn 0.727884 0.664800 0.168006
vn 0.542552 0.826497 0.150135
vn 0.502101 0.858632 0.103174
vn 0.435534 0.894425 0.101561
vn 0.368659 0.919897 0.133719
vn 0.319544 0.934816 0.154955
vn 0.282749 0.948207 0.144764
vn 0.463529 0.875841 0.134327
vn 0.752426 0.647255 0.122130
vn 0.945253 0.319465 0.066618
vn 0.991679 0.128386 0.009526
vn 0.996819 -0.065827 -0.044938
vn 0.945507 -0.313313 -0.088609
vn 0.848590 -0.517139 -0.111631
vn 0.117459 0.983082 0.140546
vn 0.142406 0.980352 0.136492
vn -0.037286 0.993716 0.105541
vn -0.045139 0.991333 0.123373
vn -0.230824 0.971026 0.061884
vn -0.220965 0.971790 0.082457
vn -0.442226 0.896903 0.001307
vn -0.417503 0.908518 0.016928
vn -0.629860 0.773809 -0.067047
vn -0.598997 0.798409 -0.061200
vn 0.165984 0.979241 0.116346
vn -0.022506 0.995394 0.093187
vn -0.230512 0.971157 0.060981
vn -0.469308 0.883017 0.005556
vn -0.663869 0.745423 -0.060184
vn 0.215163 0.971308 0.101322
vn 0.007815 0.995378 0.095722
vn -0.225814 0.972057 0.064136
vn -0.488672 0.872408 0.010209
vn -0.694653 0.717930 -0.045109
vn 0.282863 0.953866 0.100635
vn 0.048238 0.994586 0.092041
vn -0.221491 0.973386 0.058835
vn -0.496377 0.868006 0.013261
vn -0.708871 0.704936 -0.023798
vn 0.323944 0.938010 0.123280
vn 0.077137 0.992802 0.091617
vn -0.207710 0.976657 0.054748
vn -0.489904 0.871455 0.023678
vn -0.700731 0.713364 0.009419
vn -0.563526 0.824521 -0.051031
vn -0.391343 0.919411 0.039168
vn -0.214092 0.971581 0.100975
vn -0.056914 0.989937 0.129555
vn 0.086296 0.986935 0.136057
vn 0.057255 0.989864 0.129967
vn 0.217572 0.967459 0.129172
vn 0.247215 0.959778 0.133080
vn -0.421573 0.662650 0.619008
vn -0.210077 0.715899 0.665850
vn -0.136343 0.900690 0.412515
vn -0.378122 0.839865 0.389424
vn -0.461419 0.657584 0.595546
vn -0.404173 0.813807 0.417567
vn -0.377306 0.667416 0.642025
vn -0.311581 0.811007 0.495161
vn -0.418276 0.590042 0.690576
vn -0.384692 0.742854 0.547886
vn -0.063823 0.981008 0.183167
vn -0.293746 0.932976 0.208011
vn -0.329781 0.902267 0.277774
vn -0.247948 0.911964 0.326868
vn -0.346398 0.883920 0.314157
vn -0.029061 0.992833 0.115927
vn -0.213316 0.965596 0.148729
vn -0.276834 0.941025 0.194511
vn -0.232405 0.955018 0.184195
vn -0.326501 0.940503 0.094083
vn -0.003660 0.993458 0.114138
vn -0.158565 0.978697 0.130423
vn -0.255914 0.957731 0.131377
vn -0.259455 0.961335 0.092290
vn -0.347564 0.937622 -0.008064
vn 0.027099 0.992398 0.120049
vn -0.120170 0.984610 0.126895
vn -0.250471 0.960798 0.118879
vn -0.312668 0.946106 0.084393
vn -0.419511 0.907692 -0.010267
vn -0.083415 0.987893 0.130801
vn -0.231348 0.965105 0.122682
vn -0.362302 0.928433 0.082150
vn -0.506964 0.861822 -0.015814
vn 0.113147 0.696220 0.708855
vn 0.200890 0.868991 0.452214
vn 0.235745 0.946453 0.220569
vn 0.221941 0.964962 0.139969
vn 0.207746 0.970653 0.121137
vn 0.205671 0.971294 0.119529
vn -0.690616 0.709246 -0.141486
vn -0.655780 0.739641 -0.151272
vn -0.644965 0.748573 -0.153815
vn -0.673546 0.737169 -0.054018
vn -0.701711 0.678620 0.216972
vn -0.654379 0.549269 0.519703
vn -0.581599 0.432941 0.688698
vn -0.432239 0.445651 0.783942
vn -0.524885 0.342713 0.779130
vn -0.431775 0.182775 0.883269
vn -0.400382 0.207410 0.892567
vn -0.402148 0.493183 0.771393
vn -0.376808 0.194045 0.905738
vn -0.465791 0.448741 0.762673
vn -0.409700 0.119453 0.904366
vn -0.430049 0.439291 0.788721
vn -0.410221 0.083631 0.908143
vn -0.254163 0.495767 0.830431
vn -0.311298 0.154544 0.937662
vn -0.000937 0.490210 0.871604
vn -0.164613 0.174654 0.970772
vn -0.777886 0.044357 0.626838
vn -0.725348 0.245908 0.642962
vn -0.868852 0.283053 0.406173
vn -0.941708 0.088350 0.324624
vn -0.732859 -0.148067 0.664074
vn -0.947404 -0.088878 0.307452
vn -0.568027 -0.652930 0.501026
vn -0.660754 -0.344490 0.666881
vn -0.911656 -0.299492 0.281405
vn -0.795199 -0.593463 0.124342
vn -0.944409 0.318794 0.080388
vn -0.995594 0.093354 -0.008830
vn -0.995852 -0.053599 -0.073528
vn -0.969353 -0.210916 -0.125976
vn -0.861046 -0.450336 -0.236213
vn -0.920561 0.363876 -0.141993
vn -0.980764 0.088166 -0.174152
vn -0.971169 -0.061230 -0.230397
vn -0.937212 -0.173298 -0.302658
vn -0.815665 -0.396960 -0.420848
vn -0.878277 0.416993 -0.233979
vn -0.954537 0.096880 -0.281910
vn -0.926000 -0.107294 -0.361957
vn -0.741115 -0.386839 -0.548730
vn -0.869035 -0.194538 -0.454898
vn -0.299656 -0.753224 -0.585542
vn -0.244293 -0.899255 -0.362852
vn -0.602708 -0.788515 -0.122419
vn -0.643885 -0.645370 -0.410986
vn -0.854609 0.451348 -0.256765
vn -0.932431 0.086576 -0.350823
vn -0.875309 -0.205408 -0.437770
vn -0.858599 0.444706 -0.255039
vn -0.930381 0.039163 -0.364496
vn -0.848283 -0.311120 -0.428509
vn -0.247307 -0.745047 -0.619471
vn -0.212147 -0.795930 -0.567001
vn -0.009702 -0.898489 -0.438888
vn 0.057472 -0.856921 -0.512234
vn 0.129472 -0.839311 -0.528010
vn 0.242612 -0.882591 -0.402705
vn 0.345109 -0.919135 -0.189974
vn -0.062566 -0.997322 -0.037878
vn 0.061523 -0.813625 0.578126
vn -0.095465 -0.595400 0.797737
vn -0.164313 -0.599220 0.783541
vn 0.024595 -0.836853 0.546875
vn -0.457296 -0.366482 0.810291
vn -0.349817 -0.628987 0.694264
vn -0.289859 -0.386590 0.875517
vn -0.631404 -0.019410 0.775211
vn -0.552882 -0.209973 0.806370
vn -0.365376 -0.258740 0.894178
vn -0.430267 -0.098717 0.897288
vn -0.610085 0.194485 0.768096
vn -0.450029 0.080104 0.889414
vn 0.096833 -0.792777 0.601771
vn 0.197796 -0.911049 0.361754
vn 0.150984 -0.912801 0.379470
vn 0.072311 -0.785044 0.615205
vn 0.015140 -0.925906 0.377449
vn -0.058308 -0.793739 0.605457
vn -0.148938 -0.931139 0.332861
vn -0.211738 -0.809439 0.547701
vn -0.227511 -0.931659 0.283283
vn -0.294923 -0.819414 0.491510
vn 0.276020 -0.948715 0.154118
vn 0.338551 -0.939885 0.044718
vn 0.263643 -0.964602 -0.006029
vn 0.221734 -0.965264 0.138203
vn 0.121173 -0.991920 -0.037583
vn 0.082685 -0.988408 0.127328
vn -0.042718 -0.996139 -0.076691
vn -0.084403 -0.992182 0.091928
vn -0.075044 -0.994002 -0.079547
vn -0.147912 -0.986629 0.068444
vn 0.395128 -0.917537 -0.044722
vn 0.287925 -0.954822 -0.073575
vn 0.141172 -0.983011 -0.117299
vn -0.024767 -0.984276 -0.174891
vn -0.018966 -0.981417 -0.190948
vn 0.123849 -0.985828 -0.113157
vn 0.011418 -0.974267 -0.225106
vn -0.049944 -0.986248 -0.157548
vn 0.093324 -0.992912 -0.073593
vn 0.218672 -0.972896 -0.075212
vn 0.227634 -0.973003 -0.038059
vn 0.281227 -0.950135 -0.134741
vn 0.331435 -0.940842 -0.070474
vn 0.398687 -0.883888 -0.244521
vn 0.453031 -0.880156 -0.141732
vn 0.183749 -0.929005 0.321225
vn 0.371161 -0.891609 -0.259371
vn 0.417223 -0.891675 -0.175617
vn 0.276784 -0.914334 -0.295609
vn 0.077998 -0.962295 -0.260585
vn 0.169970 -0.940841 -0.293134
vn 0.641329 -0.743779 -0.188387
vn 0.607226 -0.731771 -0.309495
vn 0.118579 -0.916044 -0.383149
vn 0.201935 -0.892631 -0.403028
vn 0.456874 -0.751717 -0.475593
vn 0.359061 -0.839179 -0.408478
vn 0.818198 -0.441955 -0.367734
vn 0.820127 -0.434021 -0.372851
vn 0.528507 -0.711600 -0.462932
vn 0.577564 -0.708989 -0.404666
vn 0.023527 -0.999703 -0.006338
vn 0.076902 -0.973692 0.214499
vn -0.093741 -0.958669 0.268639
vn -0.066436 -0.994141 0.085264
vn -0.351039 -0.659153 0.665048
vn -0.276513 -0.646588 0.710960
vn -0.128382 -0.615070 0.777950
vn -0.001568 -0.598939 0.800793
vn -0.019453 -0.601978 0.798276
vn 0.409260 -0.070657 0.909678
vn 0.486654 -0.414213 0.769152
vn 0.797322 -0.202938 0.568413
vn 0.717745 0.136364 0.682823
vn 0.363856 0.214199 0.906492
vn 0.627451 0.414339 0.659263
vn 0.312062 0.438123 0.843010
vn 0.514311 0.612479 0.600295
vn 0.288775 0.583638 0.758930
vn 0.409121 0.750632 0.518817
vn 0.967186 0.068175 0.244750
vn 0.884498 0.342697 0.316579
vn 0.779625 0.538937 0.318955
vn 0.640586 0.699795 0.316127
vn 0.466011 0.838831 0.281418
vn 0.902553 0.415560 0.112728
vn 0.817195 0.553458 0.160859
vn 0.678512 0.707260 0.198505
vn 0.462252 0.866665 0.187658
vn 0.988361 -0.073557 -0.133162
vn 0.969846 -0.104800 -0.220038
vn 0.976414 0.203570 -0.071940
vn 0.978357 0.204346 0.032566
vn 0.916744 0.398938 0.020696
vn 0.851312 0.516685 0.091133
vn 0.695254 0.703574 0.146985
vn 0.445128 0.883129 0.148135
vn 0.954766 -0.199883 -0.220154
vn 0.984129 0.131884 -0.118728
vn 0.945665 0.323307 -0.034508
vn 0.889348 0.455868 0.035280
vn 0.707877 0.699036 0.101285
vn 0.435438 0.891423 0.125536
vn 0.949432 -0.276730 -0.148319
vn 0.995891 0.024612 -0.087152
vn 0.976054 0.216550 -0.020592
vn 0.919696 0.390300 0.042729
vn 0.724830 0.680944 0.104584
vn 0.442413 0.887561 0.128477
vn 0.812526 -0.504092 -0.292735
vn 0.823972 -0.536510 -0.182282
vn 0.143860 0.401826 0.904345
vn -0.085116 0.106729 0.990638
vn 0.141249 0.247223 0.958608
vn -0.095765 -0.012567 0.995325
vn 0.133168 0.032365 0.990565
vn -0.117089 -0.174290 0.977708
vn 0.136732 -0.215828 0.966811
vn -0.119443 -0.359602 0.925430
vn -0.311060 -0.059768 0.948509
vn -0.248799 -0.157551 0.955655
vn -0.278867 -0.235379 0.931037
vn -0.325895 -0.138718 0.935174
vn -0.360931 -0.258779 0.895970
vn -0.370491 -0.175798 0.912048
vn -0.353809 -0.141460 0.924558
vn -0.365953 -0.238300 0.899606
vn -0.276147 -0.157933 0.948051
vn -0.278748 -0.103438 0.954778
vn -0.228761 -0.198701 0.952988
vn -0.175323 -0.283870 0.942698
vn -0.113190 -0.338325 0.934197
vn -0.174035 -0.272970 0.946150
vn -0.202389 -0.415023 0.887014
vn -0.234153 -0.349522 0.907197
vn -0.330509 -0.449399 0.829943
vn -0.340902 -0.375253 0.861958
vn -0.368538 -0.327801 0.869900
vn -0.377975 -0.420506 0.824809
vn -0.310264 -0.335822 0.889359
vn -0.296577 -0.220872 0.929117
vn -0.116410 -0.401641 0.908369
vn -0.064140 -0.417646 0.906343
vn -0.178309 -0.464534 0.867418
vn -0.321315 -0.504222 0.801571
vn -0.379613 -0.505506 0.774827
vn -0.311099 -0.461883 0.830591
vn -0.263453 -0.272682 0.925331
vn -0.295087 -0.155340 0.942758
vn -0.214457 -0.397081 0.892376
vn -0.332521 0.004884 0.943083
vn -0.119333 0.172934 -0.977678
vn -0.167813 0.062512 -0.983835
vn 0.477516 0.073923 -0.875508
vn -0.189668 0.124513 -0.973921
vn 0.431632 0.020491 -0.901817
vn 0.272599 0.259166 -0.926565
vn -0.184441 0.081323 -0.979473
vn -0.120937 0.104062 -0.987191
vn -0.124490 0.056555 -0.990608
vn 0.322783 0.211344 -0.922575
vn 0.455150 0.106148 -0.884065
vn -0.284397 -0.082854 0.955120
vn -0.327211 -0.028471 0.944522
vn -0.347490 0.043442 0.936677
vn -0.267873 -0.650525 0.710677
vn -0.082479 -0.619325 0.780791
vn 0.300708 -0.944808 -0.130051
vn 0.279815 -0.948386 -0.149224
vn 0.160511 -0.973708 -0.161647
vn 0.177175 -0.971413 -0.158007
vn -0.007744 -0.969040 -0.246784
vn 0.028174 -0.963347 -0.266774
vn 0.039977 -0.951376 -0.305426
vn -0.173695 -0.840195 0.513714
vn 0.122531 -0.983064 -0.136278
vn 0.019977 -0.850622 0.525398
vn 0.259254 -0.815038 0.518171
vn 0.170670 -0.546751 0.819717
vn 0.246556 -0.961156 0.124057
vn -0.568095 -0.611333 -0.550945
vn -0.497225 -0.628711 -0.597905
vn -0.803835 -0.311948 -0.506496
vn -0.680558 -0.475367 -0.557555
vn -0.463494 -0.690986 -0.554719
vn -0.242222 -0.840804 -0.484126
vn -0.416409 -0.884215 0.211585
vn 0.569725 -0.671408 0.473946
vn 0.843065 -0.443936 0.303581
vn 0.470247 -0.882174 0.025246
vn 0.242495 -0.928563 -0.281010
vn 0.678546 -0.721384 -0.138493
vn 0.794978 -0.524508 -0.304797
vn 0.981285 -0.187059 0.045701
vn 0.273741 -0.888183 -0.369048
vn 0.089318 -0.965905 -0.243001
vn 0.189364 -0.973833 -0.125657
vn 0.235070 -0.961333 -0.143462
vn 0.162028 -0.964497 -0.208549
vn 0.201004 -0.973720 -0.107086
vn 0.190289 -0.971981 -0.137997
vn 0.340072 -0.887370 -0.311330
vn 0.225011 -0.959517 -0.169401
vn 0.209510 -0.973621 -0.090370
vn 0.153138 -0.980278 -0.124914
vn -0.088749 -0.928027 -0.361786
vn -0.769038 -0.443605 -0.460212
vn -0.650889 -0.594855 -0.471690
vn -0.472176 -0.763389 -0.440780
vn -0.329008 -0.867420 -0.373277
vn -0.189590 -0.944726 -0.267487
vn 0.319976 -0.938087 0.132696
vn 0.254129 -0.951864 0.171389
vn 0.211640 -0.931971 0.294346
vn -0.165190 -0.879864 0.445591
vn 0.138497 -0.969445 0.202472
vn 0.376017 -0.926360 0.021648
s 1
g Feet M_Skeleton R_F_Proximal_Phalanx_4
usemtl Skeleton_Feet_SG
f 1297/1446/1298 1298/1447/1299 1299/1448/1300 1300/1449/1301
f 1300/1450/1301 1299/1451/1300 1301/1452/1302 1302/1453/1303
f 1302/1453/1303 1301/1452/1302 1303/1454/1304 1304/1455/1305
f 1304/1455/1305 1303/1454/1304 1305/1456/1306 1306/1457/1307
f 1306/1457/1307 1305/1456/1306 1307/1458/1308 1308/1459/1309
f 1298/1447/1299 1309/1460/1310 1310/1461/1311 1299/1448/1300
f 1299/1451/1300 1310/1462/1311 1311/1463/1312 1301/1452/1302
f 1301/1452/1302 1311/1463/1312 1312/1464/1313 1303/1454/1304
f 1303/1454/1304 1312/1464/1313 1313/1465/1314 1305/1456/1306
f 1305/1456/1306 1313/1465/1314 1314/1466/1315 1307/1458/1308
f 1309/1460/1310 1315/1467/1316 1316/1468/1317 1310/1461/1311
f 1310/1462/1311 1316/1469/1317 1317/1470/1318 1311/1463/1312
f 1311/1463/1312 1317/1470/1318 1318/1471/1319 1312/1464/1313
f 1312/1464/1313 1318/1471/1319 1319/1472/1320 1313/1465/1314
f 1313/1465/1314 1319/1472/1320 1320/1473/1321 1314/1466/1315
f 1315/1467/1316 1321/1474/1322 1322/1475/1323 1316/1468/1317
f 1316/1469/1317 1322/1476/1323 1323/1477/1324 1317/1470/1318
f 1317/1470/1318 1323/1477/1324 1324/1478/1325 1318/1471/1319
f 1318/1471/1319 1324/1478/1325 1325/1479/1326 1319/1472/1320
f 1319/1472/1320 1325/1479/1326 1326/1480/1327 1320/1473/1321
f 1327/1481/1328 1328/1482/1329 1329/1483/1330 1330/1484/1331
f 1328/1482/1329 1331/1485/1332 1332/1486/1333 1329/1483/1330
f 1331/1485/1332 1333/1487/1334 1334/1488/1335 1332/1486/1333
f 1333/1487/1334 1335/1489/1336 1336/1490/1337 1334/1488/1335
f 1335/1489/1336 1337/1491/1338 1338/1492/1339 1336/1490/1337
f 1321/1474/1322 1339/1493/1340 1340/1494/1341 1322/1475/1323
f 1322/1476/1323 1340/1495/1341 1341/1496/1342 1323/1477/1324
f 1323/1477/1324 1341/1496/1342 1342/1497/1343 1324/1478/1325
f 1324/1478/1325 1342/1497/1343 1343/1498/1344 1325/1479/1326
f 1325/1479/1326 1343/1498/1344 1344/1499/1345 1326/1480/1327
f 1326/1480/1327 1344/1499/1345 1345/1500/1346 1346/1501/1347
f 1346/1501/1347 1347/1502/1348 1320/1473/1321 1326/1480/1327
f 1347/1502/1348 1348/1503/1349 1314/1466/1315 1320/1473/1321
f 1348/1503/1349 1349/1504/1350 1307/1458/1308 1314/1466/1315
f 1349/1504/1350 1350/1505/1351 1308/1459/1309 1307/1458/1308
f 1350/1505/1351 1351/1506/1352 1352/1507/1353 1308/1459/1309
f 1308/1459/1309 1352/1507/1353 1353/1508/1354 1306/1457/1307
f 1306/1457/1307 1353/1508/1354 1354/1509/1355 1304/1455/1305
f 1304/1455/1305 1354/1509/1355 1355/1510/1356 1302/1453/1303
f 1302/1453/1303 1355/1510/1356 1356/1511/1357 1300/1450/1301
f 1300/1449/1301 1356/1512/1357 1357/1513/1358 1297/1446/1298
f 1330/1484/1331 1358/1514/1359 1359/1515/1360 1327/1481/1328
f 1360/1516/1361 1361/1517/1362 1362/1518/1363 1363/1519/1364
f 1363/1519/1364 1362/1520/1363 1364/1521/1365 1365/1522/1366
f 1365/1522/1366 1364/1521/1365 1366/1523/1367 1367/1524/1368
f 1367/1524/1368 1366/1523/1367 1368/1525/1369 1369/1526/1370
f 1369/1526/1370 1368/1525/1369 1370/1527/1371 1371/1528/1372
f 1361/1517/1362 1372/1529/1373 1373/1530/1374 1362/1518/1363
f 1362/1520/1363 1373/1531/1374 1374/1532/1375 1364/1521/1365
f 1364/1521/1365 1374/1532/1375 1375/1533/1376 1366/1523/1367
f 1366/1523/1367 1375/1533/1376 1376/1534/1377 1368/1525/1369
f 1368/1525/1369 1376/1534/1377 1377/1535/1378 1370/1527/1371
f 1372/1529/1373 1378/1536/1379 1379/1537/1380 1373/1530/1374
f 1373/1538/1374 1379/1539/1380 1380/1540/1381 1374/1541/1375
f 1374/1541/1375 1380/1540/1381 1381/1542/1382 1375/1543/1376
f 1375/1543/1376 1381/1542/1382 1382/1544/1383 1376/1545/1377
f 1376/1545/1377 1382/1544/1383 1383/1546/1384 1377/1547/1378
f 1378/1536/1379 1384/1548/1385 1385/1549/1386 1379/1537/1380
f 1379/1539/1380 1385/1550/1386 1386/1551/1387 1380/1540/1381
f 1380/1540/1381 1386/1551/1387 1387/1552/1388 1381/1542/1382
f 1381/1542/1382 1387/1552/1388 1388/1553/1389 1382/1544/1383
f 1382/1544/1383 1388/1553/1389 1389/1554/1390 1383/1546/1384
f 1390/1555/1391 1391/1556/1392 1392/1557/1393 1393/1558/1394
f 1391/1556/1392 1394/1559/1395 1395/1560/1396 1392/1557/1393
f 1394/1559/1395 1396/1561/1397 1397/1562/1398 1395/1560/1396
f 1396/1561/1397 1398/1563/1399 1399/1564/1400 1397/1562/1398
f 1398/1563/1399 1359/1515/1360 1358/1514/1359 1399/1564/1400
f 1384/1548/1385 1357/1513/1358 1356/1512/1357 1385/1549/1386
f 1385/1550/1386 1356/1511/1357 1355/1510/1356 1386/1551/1387
f 1386/1551/1387 1355/1510/1356 1354/1509/1355 1387/1552/1388
f 1387/1552/1388 1354/1509/1355 1353/1508/1354 1388/1553/1389
f 1388/1553/1389 1353/1508/1354 1352/1507/1353 1389/1554/1390
f 1389/1554/1390 1352/1507/1353 1351/1506/1352 1400/1565/1401
f 1400/1565/1401 1401/1566/1402 1383/1546/1384 1389/1554/1390
f 1401/1566/1402 1402/1567/1403 1377/1547/1378 1383/1546/1384
f 1402/1568/1403 1403/1569/1404 1370/1527/1371 1377/1535/1378
f 1403/1569/1404 1404/1570/1405 1371/1528/1372 1370/1527/1371
f 1404/1570/1405 1405/1571/1406 1406/1572/1407 1371/1528/1372
f 1371/1528/1372 1406/1572/1407 1407/1573/1408 1369/1526/1370
f 1369/1526/1370 1407/1573/1408 1408/1574/1409 1367/1524/1368
f 1367/1524/1368 1408/1574/1409 1409/1575/1410 1365/1522/1366
f 1365/1522/1366 1409/1575/1410 1410/1576/1411 1363/1519/1364
f 1363/1519/1364 1410/1576/1411 1411/1577/1412 1360/1516/1361
f 1393/1558/1394 1412/1578/1413 1413/1579/1414 1390/1555/1391
f 1414/1580/1415 1415/1581/1416 1416/1582/1417 1417/1583/1418
f 1417/1583/1418 1416/1582/1417 1418/1584/1419 1419/1585/1420
f 1419/1585/1420 1418/1584/1419 1420/1586/1421 1421/1587/1422
f 1421/1587/1422 1420/1586/1421 1422/1588/1423 1423/1589/1424
f 1423/1589/1424 1422/1588/1423 1424/1590/1425 1425/1591/1426
f 1415/1581/1416 1426/1592/1427 1427/1593/1428 1416/1582/1417
f 1416/1582/1417 1427/1593/1428 1428/1594/1429 1418/1584/1419
f 1418/1584/1419 1428/1594/1429 1429/1595/1430 1420/1586/1421
f 1420/1586/1421 1429/1595/1430 1430/1596/1431 1422/1588/1423
f 1422/1588/1423 1430/1596/1431 1431/1597/1432 1424/1590/1425
f 1426/1592/1427 1432/1598/1433 1433/1599/1434 1427/1593/1428
f 1427/1593/1428 1433/1599/1434 1434/1600/1435 1428/1594/1429
f 1428/1594/1429 1434/1600/1435 1435/1601/1436 1429/1595/1430
f 1429/1595/1430 1435/1601/1436 1436/1602/1437 1430/1596/1431
f 1430/1596/1431 1436/1602/1437 1437/1603/1438 1431/1597/1432
f 1432/1598/1433 1438/1604/1439 1439/1605/1440 1433/1599/1434
f 1433/1599/1434 1439/1605/1440 1440/1606/1441 1434/1600/1435
f 1434/1600/1435 1440/1606/1441 1441/1607/1442 1435/1601/1436
f 1435/1601/1436 1441/1607/1442 1442/1608/1443 1436/1602/1437
f 1436/1602/1437 1442/1608/1443 1443/1609/1444 1437/1603/1438
f 1444/1610/1445 1445/1611/1446 1446/1612/1447 1447/1613/1448
f 1445/1611/1446 1448/1614/1449 1449/1615/1450 1446/1612/1447
f 1448/1614/1449 1450/1616/1451 1451/1617/1452 1449/1615/1450
f 1450/1616/1451 1452/1618/1453 1453/1619/1454 1451/1617/1452
f 1452/1618/1453 1413/1579/1414 1412/1578/1413 1453/1619/1454
f 1438/1604/1439 1411/1577/1412 1410/1576/1411 1439/1605/1440
f 1439/1605/1440 1410/1576/1411 1409/1575/1410 1440/1606/1441
f 1440/1606/1441 1409/1575/1410 1408/1574/1409 1441/1607/1442
f 1441/1607/1442 1408/1574/1409 1407/1573/1408 1442/1608/1443
f 1442/1608/1443 1407/1573/1408 1406/1572/1407 1443/1609/1444
f 1443/1609/1444 1406/1572/1407 1405/1571/1406 1454/1620/1455
f 1454/1620/1455 1455/1621/1456 1437/1603/1438 1443/1609/1444
f 1455/1621/1456 1456/1622/1457 1431/1597/1432 1437/1603/1438
f 1456/1622/1457 1457/1623/1458 1424/1590/1425 1431/1597/1432
f 1457/1623/1458 1458/1624/1459 1425/1591/1426 1424/1590/1425
f 1458/1624/1459 1459/1625/1460 1460/1626/1461 1425/1591/1426
f 1425/1591/1426 1460/1626/1461 1461/1627/1462 1423/1589/1424
f 1423/1589/1424 1461/1627/1462 1462/1628/1463 1421/1587/1422
f 1421/1587/1422 1462/1628/1463 1463/1629/1464 1419/1585/1420
f 1419/1585/1420 1463/1629/1464 1464/1630/1465 1417/1583/1418
f 1417/1583/1418 1464/1631/1465 1465/1632/1466 1414/1580/1415
f 1447/1613/1448 1466/1633/1467 1467/1634/1468 1444/1610/1445
f 1468/1635/1469 1469/1636/1470 1470/1637/1471 1471/1638/1472
f 1471/1638/1472 1470/1637/1471 1472/1639/1473 1473/1640/1474
f 1473/1641/1474 1472/1642/1473 1474/1643/1475 1475/1644/1476
f 1475/1644/1476 1474/1643/1475 1476/1645/1477 1477/1646/1478
f 1469/1636/1470 1478/1647/1479 1479/1648/1480 1470/1637/1471
f 1470/1637/1471 1479/1648/1480 1480/1649/1481 1472/1639/1473
f 1472/1642/1473 1480/1650/1481 1481/1651/1482 1474/1643/1475
f 1474/1643/1475 1481/1651/1482 1482/1652/1483 1476/1645/1477
f 1478/1647/1479 1483/1653/1484 1484/1654/1485 1479/1648/1480
f 1479/1648/1480 1484/1654/1485 1485/1655/1486 1480/1649/1481
f 1480/1650/1481 1485/1656/1486 1486/1657/1487 1481/1651/1482
f 1481/1651/1482 1486/1657/1487 1487/1658/1488 1482/1652/1483
f 1483/1653/1484 1488/1659/1489 1489/1660/1490 1484/1654/1485
f 1484/1654/1485 1489/1660/1490 1490/1661/1491 1485/1655/1486
f 1485/1656/1486 1490/1662/1491 1491/1663/1492 1486/1657/1487
f 1486/1657/1487 1491/1663/1492 1492/1664/1493 1487/1658/1488
f 1488/1665/1489 1493/1666/1494 1494/1667/1495 1489/1668/1490
f 1489/1668/1490 1494/1667/1495 1495/1669/1496 1490/1670/1491
f 1490/1670/1491 1495/1669/1496 1496/1671/1497 1491/1672/1492
f 1491/1672/1492 1496/1671/1497 1497/1673/1498 1492/1674/1493
f 1344/1499/1345 1343/1498/1344 1469/1636/1470 1468/1635/1469
f 1343/1498/1344 1342/1497/1343 1478/1647/1479 1469/1636/1470
f 1342/1497/1343 1341/1496/1342 1483/1653/1484 1478/1647/1479
f 1341/1496/1342 1340/1495/1341 1488/1659/1489 1483/1653/1484
f 1340/1494/1341 1339/1493/1340 1493/1666/1494 1488/1665/1489
f 1498/1675/1499 1338/1492/1339 1337/1491/1338 1499/1676/1500
f 1500/1677/1501 1498/1675/1499 1499/1676/1500 1501/1678/1502
f 1502/1679/1503 1500/1677/1501 1501/1678/1502 1503/1680/1504
f 1504/1681/1505 1502/1679/1503 1503/1680/1504 1505/1682/1506
f 1506/1683/1507 1504/1681/1505 1505/1682/1506 1507/1684/1508
f 1466/1633/1467 1506/1683/1507 1507/1684/1508 1467/1634/1468
f 1497/1673/1498 1465/1632/1466 1464/1631/1465 1492/1674/1493
f 1464/1630/1465 1463/1629/1464 1487/1658/1488 1492/1664/1493
f 1463/1629/1464 1462/1628/1463 1482/1652/1483 1487/1658/1488
f 1462/1628/1463 1461/1627/1462 1476/1645/1477 1482/1652/1483
f 1461/1627/1462 1460/1626/1461 1477/1646/1478 1476/1645/1477
f 1460/1626/1461 1459/1625/1460 1508/1685/1509 1477/1646/1478
f 1477/1646/1478 1508/1685/1509 1509/1686/1510 1475/1644/1476
f 1475/1644/1476 1509/1686/1510 1510/1687/1511 1473/1641/1474
f 1473/1640/1474 1510/1688/1511 1511/1689/1512 1471/1638/1472
f 1471/1638/1472 1511/1689/1512 1512/1690/1513 1468/1635/1469
f 1468/1635/1469 1512/1690/1513 1345/1500/1346 1344/1499/1345
f 1513/1691/1514 1514/1692/1515 1515/1693/1516 1516/1694/1517
f 1516/1694/1517 1515/1693/1516 1517/1695/1518 1518/1696/1519
f 1518/1696/1519 1517/1695/1518 1519/1697/1520 1520/1698/1521
f 1521/1699/1522 1522/1700/1523 1523/1701/1524 1514/1692/1515
f 1514/1692/1515 1523/1701/1524 1524/1702/1525 1515/1693/1516
f 1515/1693/1516 1524/1702/1525 1525/1703/1526 1517/1695/1518
f 1517/1695/1518 1525/1703/1526 1526/1704/1527 1519/1697/1520
f 1522/1700/1523 1527/1705/1528 1528/1706/1529 1523/1701/1524
f 1523/1701/1524 1528/1706/1529 1529/1707/1530 1524/1702/1525
f 1524/1702/1525 1529/1707/1530 1530/1708/1531 1525/1703/1526
f 1525/1703/1526 1530/1708/1531 1531/1709/1532 1526/1704/1527
f 1528/1706/1529 1532/1710/1533 1533/1711/1534 1529/1707/1530
f 1529/1707/1530 1533/1711/1534 1534/1712/1535 1530/1708/1531
f 1333/1487/1334 1331/1485/1332 1535/1713/1536 1536/1714/1537
f 1331/1485/1332 1328/1482/1329 1537/1715/1538 1535/1713/1536
f 1327/1481/1328 1538/1716/1539 1537/1715/1538 1328/1482/1329
f 1539/1717/1540 1396/1561/1397 1394/1559/1395 1540/1718/1541
f 1540/1718/1541 1394/1559/1395 1391/1556/1392 1541/1719/1542
f 1542/1720/1543 1452/1618/1453 1450/1616/1451 1543/1721/1544
f 1450/1616/1451 1448/1614/1449 1544/1722/1545 1543/1721/1544
f 1448/1614/1449 1445/1611/1446 1545/1723/1546 1544/1722/1545
f 1546/1724/1547 1507/1684/1508 1505/1682/1506 1547/1725/1548
f 1547/1725/1548 1505/1682/1506 1503/1680/1504 1548/1726/1549
f 1548/1726/1549 1503/1680/1504 1501/1678/1502 1549/1727/1550
f 1499/1676/1500 1550/1728/1551 1549/1727/1550 1501/1678/1502
f 1551/1729/1552 1552/1730/1553 1553/1731/1554 1554/1732/1555
f 1554/1732/1555 1553/1731/1554 1555/1733/1556 1556/1734/1557
f 1556/1735/1557 1555/1736/1556 1557/1737/1558 1558/1738/1559
f 1559/1739/1560 1560/1740/1561 1561/1741/1562
f 1552/1730/1553 1562/1742/1563 1563/1743/1564 1553/1731/1554
f 1553/1731/1554 1563/1743/1564 1564/1744/1565 1555/1733/1556
f 1555/1736/1556 1564/1745/1565 1565/1746/1566 1557/1737/1558
f 1557/1737/1558 1565/1746/1566 1566/1747/1567 1560/1740/1561
f 1562/1742/1563 1567/1748/1568 1568/1749/1569 1563/1743/1564
f 1563/1743/1564 1568/1749/1569 1569/1750/1570 1564/1744/1565
f 1564/1745/1565 1569/1751/1570 1570/1752/1571 1565/1746/1566
f 1565/1746/1566 1570/1752/1571 1571/1753/1572 1566/1747/1567
f 1567/1748/1568 1572/1754/1573 1573/1755/1574 1568/1749/1569
f 1568/1749/1569 1573/1755/1574 1574/1756/1575 1569/1750/1570
f 1569/1751/1570 1574/1757/1575 1575/1758/1576 1570/1752/1571
f 1570/1752/1571 1575/1758/1576 1576/1759/1577 1571/1753/1572
f 1572/1754/1573 1577/1760/1578 1578/1761/1579 1573/1755/1574
f 1573/1755/1574 1578/1761/1579 1579/1762/1580 1574/1756/1575
f 1574/1757/1575 1579/1763/1580 1580/1764/1581 1575/1758/1576
f 1575/1758/1576 1580/1764/1581 1581/1765/1582 1576/1759/1577
f 1582/1766/1583 1583/1767/1584 1552/1730/1553 1551/1729/1552
f 1583/1767/1584 1584/1768/1585 1562/1742/1563 1552/1730/1553
f 1584/1768/1585 1585/1769/1586 1567/1748/1568 1562/1742/1563
f 1585/1769/1586 1586/1770/1587 1572/1754/1573 1567/1748/1568
f 1586/1770/1587 1587/1771/1588 1577/1760/1578 1572/1754/1573
f 1587/1771/1588 1345/1500/1346 1512/1690/1513 1577/1760/1578
f 1577/1760/1578 1512/1690/1513 1511/1689/1512 1578/1761/1579
f 1578/1761/1579 1511/1689/1512 1510/1688/1511 1579/1762/1580
f 1579/1763/1580 1510/1687/1511 1509/1686/1510 1580/1764/1581
f 1580/1764/1581 1509/1686/1510 1508/1685/1509 1581/1765/1582
f 1581/1765/1582 1508/1685/1509 1459/1625/1460 1588/1772/1589
f 1588/1772/1589 1589/1773/1590 1576/1759/1577 1581/1765/1582
f 1589/1773/1590 1590/1774/1591 1571/1753/1572 1576/1759/1577
f 1590/1774/1591 1591/1775/1592 1566/1747/1567 1571/1753/1572
f 1591/1775/1592 1592/1776/1593 1560/1740/1561 1566/1747/1567
f 1592/1776/1593 1593/1777/1594 1561/1741/1562 1560/1740/1561
f 1593/1777/1594 1594/1778/1595 1595/1779/1596 1561/1741/1562
f 1561/1741/1562 1595/1779/1596 1596/1780/1597 1559/1739/1560
f 1558/1738/1559 1597/1781/1598 1598/1782/1599
f 1556/1734/1557 1599/1783/1600 1600/1784/1601 1554/1732/1555
f 1554/1732/1555 1600/1784/1601 1601/1785/1602 1551/1729/1552
f 1551/1729/1552 1601/1785/1602 1602/1786/1603 1582/1766/1583
f 1603/1787/1604 1604/1788/1605 1605/1789/1606 1606/1790/1607
f 1606/1790/1607 1605/1789/1606 1607/1791/1608 1608/1792/1609
f 1608/1792/1609 1607/1791/1608 1609/1793/1610 1610/1794/1611
f 1610/1794/1611 1609/1793/1610 1611/1795/1612 1612/1796/1613
f 1604/1788/1605 1613/1797/1614 1614/1798/1615 1605/1789/1606
f 1605/1789/1606 1614/1798/1615 1615/1799/1616 1607/1791/1608
f 1607/1791/1608 1615/1799/1616 1616/1800/1617 1609/1793/1610
f 1609/1793/1610 1616/1800/1617 1617/1801/1618 1611/1795/1612
f 1613/1797/1614 1618/1802/1619 1619/1803/1620 1614/1798/1615
f 1614/1798/1615 1619/1803/1620 1620/1804/1621 1615/1799/1616
f 1615/1799/1616 1620/1804/1621 1621/1805/1622 1616/1800/1617
f 1616/1800/1617 1621/1805/1622 1622/1806/1623 1617/1801/1618
f 1618/1802/1619 1623/1807/1624 1624/1808/1625 1619/1803/1620
f 1619/1803/1620 1624/1808/1625 1625/1809/1626 1620/1804/1621
f 1620/1804/1621 1625/1809/1626 1626/1810/1627 1621/1805/1622
f 1621/1805/1622 1626/1810/1627 1627/1811/1628 1622/1806/1623
f 1623/1807/1624 1628/1812/1629 1629/1813/1630 1624/1808/1625
f 1624/1808/1625 1629/1813/1630 1630/1814/1631 1625/1809/1626
f 1625/1809/1626 1630/1814/1631 1631/1815/1632 1626/1810/1627
f 1626/1810/1627 1631/1815/1632 1632/1816/1633 1627/1811/1628
f 1593/1777/1594 1592/1776/1593 1604/1788/1605 1603/1787/1604
f 1592/1776/1593 1591/1775/1592 1613/1797/1614 1604/1788/1605
f 1591/1775/1592 1590/1774/1591 1618/1802/1619 1613/1797/1614
f 1590/1774/1591 1589/1773/1590 1623/1807/1624 1618/1802/1619
f 1589/1773/1590 1588/1772/1589 1628/1812/1629 1623/1807/1624
f 1588/1772/1589 1459/1625/1460 1458/1624/1459 1628/1812/1629
f 1628/1812/1629 1458/1624/1459 1457/1623/1458 1629/1813/1630
f 1629/1813/1630 1457/1623/1458 1456/1622/1457 1630/1814/1631
f 1630/1814/1631 1456/1622/1457 1455/1621/1456 1631/1815/1632
f 1631/1815/1632 1455/1621/1456 1454/1620/1455 1632/1816/1633
f 1632/1816/1633 1454/1620/1455 1405/1571/1406 1633/1817/1634
f 1633/1817/1634 1634/1818/1635 1627/1811/1628 1632/1816/1633
f 1634/1818/1635 1635/1819/1636 1622/1806/1623 1627/1811/1628
f 1635/1819/1636 1636/1820/1637 1617/1801/1618 1622/1806/1623
f 1636/1820/1637 1637/1821/1638 1611/1795/1612 1617/1801/1618
f 1637/1821/1638 1638/1822/1639 1612/1796/1613 1611/1795/1612
f 1638/1822/1639 1639/1823/1640 1640/1824/1641 1612/1796/1613
f 1612/1796/1613 1640/1824/1641 1641/1825/1642 1610/1794/1611
f 1610/1794/1611 1641/1825/1642 1642/1826/1643 1608/1792/1609
f 1608/1792/1609 1642/1826/1643 1643/1827/1644 1606/1790/1607
f 1606/1790/1607 1643/1827/1644 1644/1828/1645 1603/1787/1604
f 1603/1787/1604 1644/1828/1645 1594/1778/1595 1593/1777/1594
f 1645/1829/1646 1646/1830/1647 1647/1831/1648 1648/1832/1649
f 1649/1833/1650 1647/1831/1648 1650/1834/1651 1651/1835/1652
f 1651/1836/1652 1650/1837/1651 1652/1838/1653 1653/1839/1654
f 1653/1839/1654 1652/1838/1653 1654/1840/1655 1655/1841/1656
f 1646/1830/1647 1656/1842/1657 1657/1843/1658 1647/1831/1648
f 1647/1831/1648 1657/1843/1658 1658/1844/1659 1650/1834/1651
f 1650/1837/1651 1658/1845/1659 1659/1846/1660 1652/1838/1653
f 1652/1838/1653 1659/1846/1660 1660/1847/1661 1654/1840/1655
f 1656/1842/1657 1661/1848/1662 1662/1849/1663 1657/1843/1658
f 1657/1843/1658 1662/1849/1663 1663/1850/1664 1658/1844/1659
f 1658/1845/1659 1663/1851/1664 1664/1852/1665 1659/1846/1660
f 1659/1846/1660 1664/1852/1665 1665/1853/1666 1660/1847/1661
f 1661/1848/1662 1666/1854/1667 1667/1855/1668 1662/1849/1663
f 1662/1849/1663 1667/1855/1668 1668/1856/1669 1663/1850/1664
f 1663/1851/1664 1668/1857/1669 1669/1858/1670 1664/1852/1665
f 1664/1852/1665 1669/1858/1670 1670/1859/1671 1665/1853/1666
f 1666/1854/1667 1671/1860/1672 1672/1861/1673 1667/1855/1668
f 1667/1855/1668 1672/1861/1673 1673/1862/1674 1668/1856/1669
f 1668/1857/1669 1673/1863/1674 1674/1864/1675 1669/1858/1670
f 1669/1858/1670 1674/1864/1675 1675/1865/1676 1670/1859/1671
f 1638/1822/1639 1637/1821/1638 1646/1830/1647 1645/1829/1646
f 1637/1821/1638 1636/1820/1637 1656/1842/1657 1646/1830/1647
f 1636/1820/1637 1635/1819/1636 1661/1848/1662 1656/1842/1657
f 1635/1819/1636 1634/1818/1635 1666/1854/1667 1661/1848/1662
f 1634/1818/1635 1633/1817/1634 1671/1860/1672 1666/1854/1667
f 1633/1817/1634 1405/1571/1406 1404/1570/1405 1671/1860/1672
f 1671/1860/1672 1404/1570/1405 1403/1569/1404 1672/1861/1673
f 1672/1861/1673 1403/1569/1404 1402/1568/1403 1673/1862/1674
f 1673/1863/1674 1402/1567/1403 1401/1566/1402 1674/1864/1675
f 1674/1864/1675 1401/1566/1402 1400/1565/1401 1675/1865/1676
f 1675/1865/1676 1400/1565/1401 1351/1506/1352 1676/1866/1677
f 1676/1866/1677 1677/1867/1678 1670/1859/1671 1675/1865/1676
f 1677/1867/1678 1678/1868/1679 1665/1853/1666 1670/1859/1671
f 1678/1868/1679 1679/1869/1680 1660/1847/1661 1665/1853/1666
f 1679/1869/1680 1680/1870/1681 1654/1840/1655 1660/1847/1661
f 1680/1870/1681 1681/1871/1682 1655/1841/1656 1654/1840/1655
f 1655/1841/1656 1682/1872/1683 1683/1873/1684 1653/1839/1654
f 1653/1839/1654 1683/1873/1684 1684/1874/1685 1651/1836/1652
f 1651/1835/1652 1684/1875/1685 1685/1876/1686 1649/1833/1650
f 1648/1832/1649 1686/1877/1687 1687/1878/1688 1645/1829/1646
f 1645/1829/1646 1688/1879/1689 1639/1823/1640 1638/1822/1639
f 1689/1880/1690 1690/1881/1691 1691/1882/1692 1692/1883/1693
f 1692/1883/1693 1691/1882/1692 1693/1884/1694 1694/1885/1695
f 1694/1885/1695 1693/1884/1694 1695/1886/1696 1696/1887/1697
f 1696/1887/1697 1695/1886/1696 1697/1888/1698 1698/1889/1699
f 1690/1881/1691 1699/1890/1700 1700/1891/1701 1691/1882/1692
f 1691/1882/1692 1700/1891/1701 1701/1892/1702 1693/1884/1694
f 1693/1884/1694 1701/1892/1702 1702/1893/1703 1695/1886/1696
f 1695/1886/1696 1702/1893/1703 1703/1894/1704 1697/1888/1698
f 1699/1890/1700 1704/1895/1705 1705/1896/1706 1700/1891/1701
f 1700/1891/1701 1705/1896/1706 1706/1897/1707 1701/1892/1702
f 1701/1892/1702 1706/1897/1707 1707/1898/1708 1702/1893/1703
f 1702/1893/1703 1707/1898/1708 1708/1899/1709 1703/1894/1704
f 1704/1895/1705 1709/1900/1710 1710/1901/1711 1705/1896/1706
f 1705/1896/1706 1710/1901/1711 1711/1902/1712 1706/1897/1707
f 1706/1897/1707 1711/1902/1712 1712/1903/1713 1707/1898/1708
f 1707/1898/1708 1712/1903/1713 1713/1904/1714 1708/1899/1709
f 1709/1900/1710 1714/1905/1715 1715/1906/1716 1710/1901/1711
f 1710/1901/1711 1715/1906/1716 1716/1907/1717 1711/1902/1712
f 1711/1902/1712 1716/1907/1717 1717/1908/1718 1712/1903/1713
f 1712/1903/1713 1717/1908/1718 1718/1909/1719 1713/1904/1714
f 1681/1871/1682 1680/1870/1681 1690/1881/1691 1689/1880/1690
f 1680/1870/1681 1679/1869/1680 1699/1890/1700 1690/1881/1691
f 1679/1869/1680 1678/1868/1679 1704/1895/1705 1699/1890/1700
f 1678/1868/1679 1677/1867/1678 1709/1900/1710 1704/1895/1705
f 1677/1867/1678 1676/1866/1677 1714/1905/1715 1709/1900/1710
f 1676/1866/1677 1351/1506/1352 1350/1505/1351 1714/1905/1715
f 1714/1905/1715 1350/1505/1351 1349/1504/1350 1715/1906/1716
f 1715/1906/1716 1349/1504/1350 1348/1503/1349 1716/1907/1717
f 1716/1907/1717 1348/1503/1349 1347/1502/1348 1717/1908/1718
f 1717/1908/1718 1347/1502/1348 1346/1501/1347 1718/1909/1719
f 1718/1909/1719 1346/1501/1347 1345/1500/1346 1587/1771/1588
f 1587/1771/1588 1586/1770/1587 1713/1904/1714 1718/1909/1719
f 1586/1770/1587 1585/1769/1586 1708/1899/1709 1713/1904/1714
f 1585/1769/1586 1584/1768/1585 1703/1894/1704 1708/1899/1709
f 1584/1768/1585 1583/1767/1584 1697/1888/1698 1703/1894/1704
f 1583/1767/1584 1582/1766/1583 1698/1889/1699 1697/1888/1698
f 1582/1766/1583 1602/1786/1603 1719/1910/1720 1698/1889/1699
f 1698/1889/1699 1719/1910/1720 1720/1911/1721 1696/1887/1697
f 1696/1887/1697 1720/1911/1721 1721/1912/1722 1694/1885/1695
f 1694/1885/1695 1721/1912/1722 1722/1913/1723 1692/1883/1693
f 1692/1883/1693 1722/1913/1723 1723/1914/1724 1689/1880/1690
f 1723/1914/1724 1724/1915/1725 1725/1916/1726 1726/1917/1727
f 1727/1918/1728 1728/1919/1729 1729/1920/1730 1730/1921/1731
f 1731/1922/1732 1727/1918/1728 1730/1921/1731 1732/1923/1733
f 1733/1924/1734 1731/1922/1732 1732/1923/1733 1734/1925/1735
f 1735/1926/1736 1733/1924/1734 1734/1925/1735 1736/1927/1737
f 1729/1920/1730 1737/1928/1738 1738/1929/1739 1730/1921/1731
f 1730/1921/1731 1738/1929/1739 1739/1930/1740 1732/1923/1733
f 1732/1923/1733 1739/1930/1740 1740/1931/1741 1734/1925/1735
f 1734/1925/1735 1740/1931/1741 1741/1932/1742 1736/1927/1737
f 1737/1928/1738 1742/1933/1743 1743/1934/1744 1738/1929/1739
f 1738/1929/1739 1743/1934/1744 1744/1935/1745 1739/1930/1740
f 1739/1930/1740 1744/1935/1745 1745/1936/1746 1740/1931/1741
f 1740/1931/1741 1745/1936/1746 1746/1937/1747 1741/1932/1742
f 1742/1933/1743 1747/1938/1748 1748/1939/1749 1743/1934/1744
f 1743/1934/1744 1748/1939/1749 1749/1940/1750 1744/1935/1745
f 1744/1935/1745 1749/1940/1750 1750/1941/1751 1745/1936/1746
f 1745/1936/1746 1750/1941/1751 1751/1942/1752 1746/1937/1747
f 1747/1938/1748 1752/1943/1753 1753/1944/1754 1748/1939/1749
f 1748/1939/1749 1753/1944/1754 1754/1945/1755 1749/1940/1750
f 1749/1940/1750 1754/1945/1755 1755/1946/1756 1750/1941/1751
f 1750/1941/1751 1755/1946/1756 1756/1947/1757 1751/1942/1752
f 1752/1943/1753 1724/1915/1725 1757/1948/1758 1753/1944/1754
f 1753/1944/1754 1757/1948/1758 1758/1949/1759 1754/1945/1755
f 1754/1945/1755 1758/1949/1759 1759/1950/1760 1755/1946/1756
f 1755/1946/1756 1759/1950/1760 1760/1951/1761 1756/1947/1757
f 1728/1919/1729 1761/1952/1762 1762/1953/1763 1729/1920/1730
f 1762/1953/1763 1763/1954/1764 1737/1928/1738 1729/1920/1730
f 1763/1954/1764 1764/1955/1765 1742/1933/1743 1737/1928/1738
f 1764/1955/1765 1765/1956/1766 1747/1938/1748 1742/1933/1743
f 1765/1956/1766 1766/1957/1767 1752/1943/1753 1747/1938/1748
f 1766/1957/1767 1725/1916/1726 1724/1915/1725 1752/1943/1753
f 1767/1958/1768 1768/1959/1769 1756/1947/1757 1760/1951/1761
f 1768/1959/1769 1769/1960/1770 1751/1942/1752 1756/1947/1757
f 1769/1960/1770 1770/1961/1771 1746/1937/1747 1751/1942/1752
f 1770/1961/1771 1771/1962/1772 1741/1932/1742 1746/1937/1747
f 1771/1962/1772 1772/1963/1773 1736/1927/1737 1741/1932/1742
f 1772/1963/1773 1773/1964/1774 1735/1926/1736 1736/1927/1737
f 1774/1965/1775 1775/1966/1776 1776/1967/1777 1777/1968/1778
f 1778/1969/1779 1774/1965/1775 1777/1968/1778 1779/1970/1780
f 1780/1971/1781 1778/1969/1779 1779/1970/1780 1781/1972/1782
f 1782/1973/1783 1780/1971/1781 1781/1972/1782 1783/1974/1784
f 1784/1975/1785 1782/1973/1783 1783/1974/1784 1785/1976/1786
f 1786/1977/1787 1784/1975/1785 1785/1976/1786 1787/1978/1788
f 1788/1979/1789 1789/1980/1790 1790/1981/1791 1791/1982/1792
f 1792/1983/1793 1788/1979/1789 1791/1982/1792 1793/1984/1794
f 1794/1985/1795 1795/1986/1796 1796/1987/1797 1797/1988/1798
f 1790/1981/1791 1798/1989/1799 1799/1990/1800 1791/1982/1792
f 1791/1982/1792 1799/1990/1800 1800/1991/1801 1793/1984/1794
f 1797/1988/1798 1796/1987/1797 1801/1992/1802 1802/1993/1803
f 1798/1989/1799 1803/1994/1804 1804/1995/1805 1799/1990/1800
f 1799/1990/1800 1804/1995/1805 1805/1996/1806 1800/1991/1801
f 1802/1993/1803 1801/1992/1802 1806/1997/1807 1807/1998/1808
f 1803/1994/1804 1808/1999/1809 1809/2000/1810 1804/1995/1805
f 1804/1995/1805 1809/2000/1810 1810/2001/1811 1805/1996/1806
f 1811/2002/1812 1807/1998/1808 1806/1997/1807 1812/2003/1813
f 1813/2004/1814 1814/2005/1815 1815/2006/1816 1816/2007/1817
f 1808/1999/1809 1817/2008/1818 1818/2009/1819 1809/2000/1810
f 1809/2000/1810 1818/2009/1819 1819/2010/1820 1810/2001/1811
f 1817/2008/1818 1820/2011/1821 1821/2012/1822 1818/2009/1819
f 1818/2009/1819 1821/2012/1822 1822/2013/1823 1819/2010/1820
f 1789/1980/1790 1773/1964/1774 1772/1963/1773 1790/1981/1791
f 1772/1963/1773 1771/1962/1772 1798/1989/1799 1790/1981/1791
f 1771/1962/1772 1770/1961/1771 1803/1994/1804 1798/1989/1799
f 1770/1961/1771 1769/1960/1770 1808/1999/1809 1803/1994/1804
f 1769/1960/1770 1768/1959/1769 1817/2008/1818 1808/1999/1809
f 1768/1959/1769 1767/1958/1768 1820/2011/1821 1817/2008/1818
f 1823/2014/1824 1824/2015/1825 1825/2016/1826 1826/2017/1827
f 1813/2004/1814 1827/2018/1828 1828/2019/1829 1814/2005/1815
f 1829/2020/1830 1830/2021/1831 1814/2005/1815 1828/2019/1829
f 1831/2022/1832 1832/2023/1833 1833/2024/1834 1834/2025/1835
f 1835/2026/1836 1836/2027/1837 1833/2024/1834 1837/2028/1838
f 1838/2029/1839 1839/2030/1840 1840/2031/1841 1841/2032/1842
f 1842/2033/1843 1838/2029/1839 1841/2032/1842 1843/2034/1844
f 1775/1966/1776 1842/2033/1843 1843/2034/1844 1776/1967/1777
f 1844/2035/1845 1845/2036/1846 1846/2037/1847 1847/2038/1848
f 1847/2038/1848 1846/2037/1847 1848/2039/1849 1849/2040/1850
f 1849/2040/1850 1848/2039/1849 1850/2041/1851 1851/2042/1852
f 1851/2042/1852 1850/2041/1851 1852/2043/1853 1853/2044/1854
f 1854/2045/1855 1855/2046/1856 1856/2047/1857 1857/2048/1858
f 1857/2048/1858 1856/2047/1857 1858/2049/1859 1859/2050/1860
f 1859/2050/1860 1858/2049/1859 1860/2051/1861 1861/2052/1862
f 1861/2052/1862 1860/2051/1861 1862/2053/1863 1863/2054/1864
f 1855/2046/1856 1864/2055/1865 1865/2056/1866 1856/2047/1857
f 1856/2047/1857 1865/2056/1866 1866/2057/1867 1858/2049/1859
f 1858/2049/1859 1866/2057/1867 1867/2058/1868 1860/2051/1861
f 1860/2051/1861 1867/2058/1868 1868/2059/1869 1862/2053/1863
f 1869/2060/1870 1870/2061/1871 1871/2062/1872 1872/2063/1873
f 1873/2064/1874 1869/2060/1870 1872/2063/1873 1874/2065/1875
f 1875/2066/1876 1873/2064/1874 1874/2065/1875 1876/2067/1877
f 1877/2068/1878 1875/2066/1876 1876/2067/1877 1878/2069/1879
f 1831/2022/1832 1879/2070/1880 1845/2036/1846 1844/2035/1845
f 1880/2071/1881 1881/2072/1882 1829/2020/1830 1828/2019/1829
f 1828/2019/1829 1827/2018/1828 1882/2073/1883 1880/2071/1881
f 1826/2017/1827 1825/2016/1826 1883/2074/1884 1884/2075/1885
f 1885/2076/1886 1886/2077/1887 1877/2068/1878 1878/2069/1879
f 1887/2078/1888 1888/2079/1889 1889/2080/1890 1890/2081/1891
f 1891/2082/1892 1892/2083/1893 1893/2084/1894 1894/2085/1895
f 1895/2086/1896 1896/2087/1897 1897/2088/1898 1898/2089/1899
f 1853/2044/1854 1899/2090/1900 1900/2091/1901 1851/2042/1852
f 1851/2042/1852 1900/2091/1901 1901/2092/1902 1849/2040/1850
f 1849/2040/1850 1901/2092/1902 1902/2093/1903 1847/2038/1848
f 1847/2038/1848 1902/2093/1903 1903/2094/1904 1844/2035/1845
f 1844/2035/1845 1903/2094/1904 1832/2023/1833 1831/2022/1832
f 1904/2095/1905 1905/2096/1906 1906/2097/1907 1907/2098/1908
f 1908/2099/1909 1904/2095/1905 1907/2098/1908 1909/2100/1910
f 1910/2101/1911 1908/2102/1909 1909/2103/1910 1911/2104/1912
f 1912/2105/1913 1910/2101/1911 1911/2104/1912 1913/2106/1914
f 1907/2098/1908 1906/2097/1907 1914/2107/1915 1915/2108/1916
f 1907/2098/1908 1915/2108/1916 1916/2109/1917 1909/2100/1910
f 1909/2103/1910 1916/2110/1917 1917/2111/1918 1911/2104/1912
f 1911/2104/1912 1917/2111/1918 1918/2112/1919 1913/2106/1914
f 1915/2108/1916 1919/2113/1920 1920/2114/1921 1916/2109/1917
f 1916/2110/1917 1920/2115/1921 1921/2116/1922 1917/2111/1918
f 1917/2111/1918 1921/2116/1922 1922/2117/1923 1918/2112/1919
f 1923/2118/1924 1924/2119/1925 1925/2120/1926 1926/2121/1927
f 1919/2113/1920 1927/2122/1928 1928/2123/1929 1920/2114/1921
f 1920/2115/1921 1928/2124/1929 1929/2125/1930 1921/2116/1922
f 1921/2116/1922 1929/2125/1930 1930/2126/1931 1922/2117/1923
f 1924/2119/1925 1931/2127/1932 1932/2128/1933 1925/2120/1926
f 1927/2122/1928 1933/2129/1934 1934/2130/1935 1928/2123/1929
f 1928/2124/1929 1934/2131/1935 1935/2132/1936 1929/2125/1930
f 1929/2125/1930 1935/2132/1936 1936/2133/1937 1930/2126/1931
f 1931/2127/1932 1937/2134/1938 1938/2135/1939 1932/2128/1933
f 1933/2129/1934 1939/2136/1940 1940/2137/1941 1934/2130/1935
f 1934/2131/1935 1940/2138/1941 1941/2139/1942 1935/2132/1936
f 1935/2132/1936 1941/2139/1942 1942/2140/1943 1936/2133/1937
f 1943/2141/1944 1891/2082/1892 1894/2085/1895 1886/2077/1887
f 1886/2077/1887 1885/2076/1886 1944/2142/1945 1943/2141/1944
f 1725/1916/1726 1766/1957/1767 1936/2133/1937 1942/2140/1943
f 1766/1957/1767 1765/1956/1766 1930/2126/1931 1936/2133/1937
f 1765/1956/1766 1764/1955/1765 1922/2117/1923 1930/2126/1931
f 1764/1955/1765 1763/1954/1764 1918/2112/1919 1922/2117/1923
f 1763/1954/1764 1762/1953/1763 1913/2106/1914 1918/2112/1919
f 1762/1953/1763 1761/1952/1762 1912/2105/1913 1913/2106/1914
f 1945/2143/1946 1786/1977/1787 1787/1978/1788 1946/2144/1947
f 1947/2145/1948 1945/2143/1946 1946/2144/1947 1948/2146/1949
f 1949/2147/1950 1947/2145/1948 1948/2146/1949 1950/2148/1951
f 1951/2149/1952 1949/2147/1950 1950/2148/1951 1952/2150/1953
f 1953/2151/1954 1954/2152/1955 1955/2153/1956 1956/2154/1957
f 1956/2154/1957 1955/2153/1956 1957/2155/1958 1958/2156/1959
f 1959/2157/1960 1960/2158/1961 1961/2159/1962 1962/2160/1963
f 1963/2161/1964 1964/2162/1965 1965/2163/1966 1966/2164/1967
f 1966/2164/1967 1965/2163/1966 1967/2165/1968 1968/2166/1969
f 1968/2166/1969 1967/2165/1968 1969/2167/1970 1970/2168/1971
f 1971/2169/1972 1972/2170/1973 1973/2171/1974 1974/2172/1975
f 1964/2162/1965 1975/2173/1976 1976/2174/1977 1965/2163/1966
f 1965/2163/1966 1976/2174/1977 1977/2175/1978 1967/2165/1968
f 1967/2165/1968 1977/2175/1978 1978/2176/1979 1969/2167/1970
f 1972/2170/1973 1979/2177/1980 1980/2178/1981 1973/2171/1974
f 1841/2032/1842 1840/2031/1841 1981/2179/1982 1982/2180/1983
f 1840/2031/1841 1837/2028/1838 1983/2181/1984 1981/2179/1982
f 1952/2150/1953 1950/2148/1951 1973/2171/1974 1980/2178/1981
f 1950/2148/1951 1948/2146/1949 1974/2172/1975 1973/2171/1974
f 1946/2144/1947 1787/1978/1788 1962/2160/1963 1961/2159/1962
f 1958/2156/1959 1783/1974/1784 1781/1972/1782 1956/2154/1957
f 1956/2154/1957 1781/1972/1782 1779/1970/1780 1953/2151/1954
f 1777/1968/1778 1984/2182/1985 1953/2151/1954 1779/1970/1780
f 1530/1708/1531 1534/1712/1535 1985/2183/1986 1531/1709/1532
f 1527/1705/1528 1986/2184/1987 1532/1710/1533 1528/1706/1529
f 1513/1691/1514 1987/2185/1988 1521/1699/1522 1514/1692/1515
f 1988/2186/1989 1398/1563/1399 1396/1561/1397 1539/1717/1540
f 1335/1489/1336 1333/1487/1334 1536/1714/1537 1989/2187/1990
f 1444/1610/1445 1990/2188/1991 1545/1723/1546 1445/1611/1446
f 1390/1555/1391 1991/2189/1992 1541/1719/1542 1391/1556/1392
f 1327/1481/1328 1359/1515/1360 1992/2190/1993 1538/1716/1539
f 1532/1710/1533 1986/2184/1987 1988/2186/1989 1539/1717/1540
f 1533/1711/1534 1532/1710/1533 1539/1717/1540 1540/1718/1541
f 1534/1712/1535 1533/1711/1534 1540/1718/1541 1541/1719/1542
f 1985/2183/1986 1534/1712/1535 1541/1719/1542 1991/2189/1992
f 1993/2191/1994 1413/1579/1414 1452/1618/1453 1542/1720/1543
f 1390/1555/1391 1413/1579/1414 1993/2191/1994 1991/2189/1992
f 1542/1720/1543 1985/2183/1986 1991/2189/1992 1993/2191/1994
f 1531/1709/1532 1985/2183/1986 1542/1720/1543 1543/1721/1544
f 1526/1704/1527 1531/1709/1532 1543/1721/1544 1544/1722/1545
f 1519/1697/1520 1526/1704/1527 1544/1722/1545 1545/1723/1546
f 1520/1698/1521 1519/1697/1520 1545/1723/1546 1990/2188/1991
f 1994/2192/1995 1467/1634/1468 1507/1684/1508 1546/1724/1547
f 1337/1491/1338 1995/2193/1996 1550/1728/1551 1499/1676/1500
f 1521/1699/1522 1987/2185/1988 1989/2187/1990 1536/1714/1537
f 1536/1714/1537 1535/1713/1536 1522/1700/1523 1521/1699/1522
f 1535/1713/1536 1537/1715/1538 1527/1705/1528 1522/1700/1523
f 1537/1715/1538 1538/1716/1539 1986/2184/1987 1527/1705/1528
f 1988/2186/1989 1986/2184/1987 1538/1716/1539 1992/2190/1993
f 1992/2190/1993 1359/1515/1360 1398/1563/1399 1988/2186/1989
f 1444/1610/1445 1467/1634/1468 1994/2192/1995 1990/2188/1991
f 1546/1724/1547 1520/1698/1521 1990/2188/1991 1994/2192/1995
f 1547/1725/1548 1518/1696/1519 1520/1698/1521 1546/1724/1547
f 1548/1726/1549 1516/1694/1517 1518/1696/1519 1547/1725/1548
f 1549/1727/1550 1513/1691/1514 1516/1694/1517 1548/1726/1549
f 1549/1727/1550 1550/1728/1551 1987/2185/1988 1513/1691/1514
f 1989/2187/1990 1987/2185/1988 1550/1728/1551 1995/2193/1996
f 1335/1489/1336 1989/2187/1990 1995/2193/1996 1337/1491/1338
f 1953/2151/1954 1984/2182/1985 1996/2194/1997 1954/2152/1955
f 1843/2034/1844 1997/2195/1998 1998/2196/1999 1776/1967/1777
f 1962/2160/1963 1787/1978/1788 1785/1976/1786 1959/2157/1960
f 1959/2157/1960 1785/1976/1786 1783/1974/1784 1958/2156/1959
f 1958/2156/1959 1957/2155/1958 1960/2158/1961 1959/2157/1960
f 1970/2168/1971 1969/2167/1970 1972/2170/1973 1971/2169/1972
f 1969/2167/1970 1978/2176/1979 1979/2177/1980 1972/2170/1973
f 1999/2197/2000 2000/2198/2001 1952/2150/1953 1980/2178/1981
f 1979/2177/1980 1899/2090/1900 1999/2197/2000 1980/2178/1981
f 1978/2176/1979 1900/2091/1901 1899/2090/1900 1979/2177/1980
f 1977/2175/1978 1901/2092/1902 1900/2091/1901 1978/2176/1979
f 1976/2174/1977 1902/2093/1903 1901/2092/1902 1977/2175/1978
f 1975/2173/1976 1903/2094/1904 1902/2093/1903 1976/2174/1977
f 1833/2024/1834 1832/2023/1833 1983/2181/1984 1837/2028/1838
f 1843/2034/1844 1841/2032/1842 1982/2180/1983 1997/2195/1998
f 1954/2152/1955 1996/2194/1997 1963/2161/1964 1966/2164/1967
f 1955/2153/1956 1954/2152/1955 1966/2164/1967 1968/2166/1969
f 1957/2155/1958 1955/2153/1956 1968/2166/1969 1970/2168/1971
f 1960/2158/1961 1957/2155/1958 1970/2168/1971 1971/2169/1972
f 1961/2159/1962 1960/2158/1961 1971/2169/1972 1974/2172/1975
f 1946/2144/1947 1961/2159/1962 1974/2172/1975 1948/2146/1949
f 1776/1967/1777 1998/2196/1999 1984/2182/1985 1777/1968/1778
f 1996/2194/1997 1984/2182/1985 1998/2196/1999 1997/2195/1998
f 1963/2161/1964 1996/2194/1997 1997/2195/1998 1982/2180/1983
f 1982/2180/1983 1981/2179/1982 1964/2162/1965 1963/2161/1964
f 1981/2179/1982 1983/2181/1984 1975/2173/1976 1964/2162/1965
f 1983/2181/1984 1832/2023/1833 1903/2094/1904 1975/2173/1976
f 2001/2199/2002 1881/2072/1882 1880/2071/1881 2002/2200/2003
f 2003/2201/2004 2001/2199/2002 2002/2200/2003 2004/2202/2005
f 2005/2203/2006 2003/2201/2004 2004/2202/2005 2006/2204/2007
f 2007/2205/2008 2005/2203/2006 2006/2204/2007 1887/2078/1888
f 2008/2206/2009 1999/2197/2000 1899/2090/1900 1853/2044/1854
f 1852/2043/1853 1897/2088/1898 2008/2206/2009 1853/2044/1854
f 1862/2053/1863 1895/2086/1896 1898/2089/1899 1863/2054/1864
f 1868/2059/1869 2009/2207/2010 1895/2086/1896 1862/2053/1863
f 2010/2208/2011 2011/2209/2012 2012/2210/2013 2000/2198/2001
f 1895/2086/1896 2009/2207/2010 2013/2211/2014 1896/2087/1897
f 1815/2006/1816 1797/1988/1798 1802/1993/1803 1816/2007/1817
f 2014/2212/2015 1807/1998/1808 1811/2002/1812 2015/2213/2016
f 1823/2014/1824 2014/2212/2015 2015/2213/2016 1824/2015/1825
f 1811/2002/1812 1812/2003/1813 2016/2214/2017 2017/2215/2018
f 2015/2213/2016 1811/2002/1812 2017/2215/2018 2018/2216/2019
f 2015/2213/2016 2018/2216/2019 2019/2217/2020 1824/2015/1825
f 1815/2006/1816 1814/2005/1815 1830/2021/1831 2020/2218/2021
f 1839/2030/1840 1835/2026/1836 1837/2028/1838 1840/2031/1841
f 1795/1986/1796 1792/2219/1793 1793/2220/1794 1796/1987/1797
f 1793/2220/1794 1800/2221/1801 1801/1992/1802 1796/1987/1797
f 1800/2221/1801 1805/2222/1806 1806/1997/1807 1801/1992/1802
f 1806/1997/1807 1805/2222/1806 1810/2223/1811 1812/2003/1813
f 1812/2003/1813 1810/2223/1811 1819/2224/1820 2016/2214/2017
f 1906/2097/1907 1905/2096/1906 2021/2225/2022 2022/2226/2023
f 2023/2227/2024 2024/2228/2025 1890/2081/1891 2025/2229/2026
f 2026/2230/2027 2025/2229/2026 1890/2081/1891 1889/2080/1890
f 1887/2078/1888 1890/2081/1891 2024/2228/2025 2007/2205/2008
f 1914/2107/1915 1906/2097/1907 2022/2226/2023 2027/2231/2028
f 2022/2226/2023 2021/2225/2022 2023/2227/2024 2025/2229/2026
f 2026/2230/2027 2027/2231/2028 2022/2226/2023 2025/2229/2026
f 2027/2231/2028 2026/2230/2027 1892/2083/1893 1923/2118/1924
f 1926/2121/1927 1914/2107/1915 2027/2231/2028 1923/2118/1924
f 1924/2119/1925 1923/2118/1924 1892/2083/1893 1891/2082/1892
f 1892/2083/1893 2026/2230/2027 1889/2080/1890 1893/2084/1894
f 1888/2079/1889 2028/2232/2029 1893/2084/1894 1889/2080/1890
f 2012/2210/2013 1951/2149/1952 1952/2150/1953 2000/2198/2001
f 1919/2113/1920 1915/2108/1916 1914/2107/1915 1926/2121/1927
f 1926/2121/1927 1925/2120/1926 1927/2122/1928 1919/2113/1920
f 1925/2120/1926 1932/2128/1933 1933/2129/1934 1927/2122/1928
f 1943/2141/1944 1931/2127/1932 1924/2119/1925 1891/2082/1892
f 1943/2141/1944 1944/2142/1945 1937/2134/1938 1931/2127/1932
f 1645/1829/1646 1687/1878/1688 1688/1879/1689
f 1932/2128/1933 1938/2135/1939 1939/2136/1940 1933/2129/1934
f 1648/1832/1649 1647/1831/1648 1649/1833/1650
f 2006/2204/2007 2029/2233/2030 1888/2079/1889 1887/2078/1888
f 2004/2202/2005 2030/2234/2031 2029/2233/2030 2006/2204/2007
f 2002/2200/2003 2031/2235/2032 2030/2234/2031 2004/2202/2005
f 1880/2071/1881 1882/2073/1883 2031/2235/2032 2002/2200/2003
f 2029/2233/2030 2032/2236/2033 2028/2232/2029 1888/2079/1889
f 2030/2234/2031 2033/2237/2034 2032/2236/2033 2029/2233/2030
f 2031/2235/2032 2034/2238/2035 2033/2237/2034 2030/2234/2031
f 1882/2073/1883 1884/2075/1885 2034/2238/2035 2031/2235/2032
f 2035/2239/2036 1894/2085/1895 1893/2084/1894 2028/2232/2029
f 2028/2232/2029 2032/2236/2033 2036/2240/2037 2035/2239/2036
f 2032/2236/2033 2033/2237/2034 2037/2241/2038 2036/2240/2037
f 2033/2237/2034 2034/2238/2035 2038/2242/2039 2037/2241/2038
f 2034/2238/2035 1884/2075/1885 1883/2074/1884 2038/2242/2039
f 1877/2068/1878 1886/2077/1887 1894/2085/1895 2035/2239/2036
f 2035/2239/2036 2036/2240/2037 1875/2066/1876 1877/2068/1878
f 2036/2240/2037 2037/2241/2038 1873/2064/1874 1875/2066/1876
f 2037/2241/2038 2038/2242/2039 1869/2060/1870 1873/2064/1874
f 2038/2242/2039 1883/2074/1884 1870/2061/1871 1869/2060/1870
f 1823/2014/1824 1813/2004/1814 1816/2007/1817 2014/2212/2015
f 1816/2007/1817 1802/1993/1803 1807/1998/1808 2014/2212/2015
f 1823/2014/1824 1826/2017/1827 1827/2018/1828 1813/2004/1814
f 1882/2073/1883 1827/2018/1828 1826/2017/1827 1884/2075/1885
f 2039/2243/2040 1825/2016/1826 1824/2015/1825 2019/2217/2020
f 1883/2074/1884 1825/2016/1826 2039/2243/2040 1870/2061/1871
f 2016/2214/2017 2040/2244/2041 2041/2245/2042 2017/2215/2018
f 2019/2217/2020 2018/2216/2019 2042/2246/2043 2043/2247/2044
f 2044/2248/2045 2039/2243/2040 2019/2217/2020 2043/2247/2044
f 1870/2061/1871 2039/2243/2040 2044/2248/2045 1871/2062/1872
f 1819/2224/1820 1822/2249/1823 2040/2244/2041 2016/2214/2017
f 2042/2246/2043 2018/2216/2019 2017/2215/2018 2041/2245/2042
f 1559/1739/1560 1596/1780/1597 1597/1781/1598 1558/1738/1559
f 1558/1738/1559 1557/1737/1558 1560/1740/1561 1559/1739/1560
f 2020/2218/2021 1794/1985/1795 1797/1988/1798 1815/2006/1816
f 2045/2250/2046 2046/2251/2047 1879/2070/1880 2047/2252/2048
f 1834/2025/1835 1833/2024/1834 1836/2027/1837 2048/2253/2049
f 2047/2252/2048 1834/2025/1835 2048/2253/2049 2049/2254/2050
f 2049/2254/2050 2050/2255/2051 2045/2250/2046 2047/2252/2048
f 1855/2046/1856 2045/2250/2046 2050/2255/2051 1864/2055/1865
f 1854/2045/1855 2046/2251/2047 2045/2250/2046 1855/2046/1856
f 2047/2252/2048 1879/2070/1880 1831/2022/1832 1834/2025/1835
f 2008/2206/2009 2010/2208/2011 2000/2198/2001 1999/2197/2000
f 2010/2208/2011 2008/2206/2009 1897/2088/1898 1896/2087/1897
f 2010/2208/2011 1896/2087/1897 2013/2211/2014 2011/2209/2012
f 1845/2036/1846 1879/2070/1880 2046/2251/2047 1854/2045/1855
f 1846/2037/1847 1845/2036/1846 1854/2045/1855 1857/2048/1858
f 1848/2039/1849 1846/2037/1847 1857/2048/1858 1859/2050/1860
f 1850/2041/1851 1848/2039/1849 1859/2050/1860 1861/2052/1862
f 1852/2043/1853 1850/2041/1851 1861/2052/1862 1863/2054/1864
f 1863/2054/1864 1898/2089/1899 1897/2088/1898 1852/2043/1853
f 1688/1879/1689 1944/2142/1945 1885/2076/1886 1639/1823/1640
f 1640/1824/1641 1639/1823/1640 1885/2076/1886 1878/2069/1879
f 1641/1825/1642 1640/1824/1641 1878/2069/1879 1876/2067/1877
f 1642/1826/1643 1641/1825/1642 1876/2067/1877 1874/2065/1875
f 1643/1827/1644 1642/1826/1643 1874/2065/1875 1872/2063/1873
f 1644/1828/1645 1643/1827/1644 1872/2063/1873 1871/2062/1872
f 1594/1778/1595 1644/1828/1645 1871/2062/1872 2044/2248/2045
f 1595/1779/1596 1594/1778/1595 2044/2248/2045 2043/2247/2044
f 1596/1780/1597 1595/1779/1596 2043/2247/2044 2042/2246/2043
f 1597/1781/1598 1596/1780/1597 2042/2246/2043 2041/2245/2042
f 1600/1784/1601 1599/1783/1600 1822/2013/1823 1821/2012/1822
f 1601/1785/1602 1600/1784/1601 1821/2012/1822 1820/2011/1821
f 1602/1786/1603 1601/1785/1602 1820/2011/1821 1767/1958/1768
f 1682/1872/1683 1726/1917/1727 1725/1916/1726 1942/2140/1943
f 1681/1871/1682 1726/1917/1727 1682/1872/1683 1655/1841/1656
f 1683/1873/1684 1682/1872/1683 1942/2140/1943 1941/2139/1942
f 1684/1874/1685 1683/1873/1684 1941/2139/1942 1940/2138/1941
f 1685/1876/1686 1684/1875/1685 1940/2137/1941 1939/2136/1940
f 1687/1878/1688 1686/1877/1687 1938/2135/1939 1937/2134/1938
f 1719/1910/1720 1602/1786/1603 1767/1958/1768 1760/1951/1761
f 1720/1911/1721 1719/1910/1720 1760/1951/1761 1759/1950/1760
f 1721/1912/1722 1720/1911/1721 1759/1950/1760 1758/1949/1759
f 1722/1913/1723 1721/1912/1722 1758/1949/1759 1757/1948/1758
f 1723/1914/1724 1722/1913/1723 1757/1948/1758 1724/1915/1725
f 1689/1880/1690 1723/1914/1724 1726/1917/1727 1681/1871/1682
f 1649/1833/1650 1685/1876/1686 1686/1877/1687 1648/1832/1649
f 1686/1877/1687 1685/1876/1686 1939/2136/1940 1938/2135/1939
f 1558/1738/1559 1598/1782/1599 1599/2256/1600 1556/1735/1557
f 1599/2256/1600 1598/1782/1599 2040/2244/2041 1822/2249/1823
f 1688/1879/1689 1687/1878/1688 1937/2134/1938 1944/2142/1945
f 1598/1782/1599 1597/1781/1598 2041/2245/2042 2040/2244/2041
f 1728/1919/1729 1784/1975/1785 1786/1977/1787 1761/1952/1762
f 1784/1975/1785 1728/1919/1729 1727/1918/1728 1782/1973/1783
f 1782/1973/1783 1727/1918/1728 1731/1922/1732 1780/1971/1781
f 1780/1971/1781 1731/1922/1732 1733/1924/1734 1778/1969/1779
f 1778/1969/1779 1733/1924/1734 1735/1926/1736 1774/1965/1775
f 1774/1965/1775 1735/1926/1736 1773/1964/1774 1775/1966/1776
f 1761/1952/1762 1786/1977/1787 1945/2257/1946 1912/2105/1913
f 1775/1966/1776 1773/1964/1774 1789/1980/1790 1842/2033/1843
f 1842/2033/1843 1789/1980/1790 1788/1979/1789 1838/2258/1839
f 1838/2258/1839 1788/1979/1789 1792/1983/1793 1839/2259/1840
f 1839/2260/1840 1792/2219/1793 1795/1986/1796 1835/2261/1836
f 1836/2262/1837 1794/1985/1795 2020/2218/2021 2048/2263/2049
f 1794/1985/1795 1836/2262/1837 1835/2261/1836 1795/1986/1796
f 1908/2099/1909 1949/2264/1950 1951/2265/1952 1904/2095/1905
f 1949/2266/1950 1908/2102/1909 1910/2101/1911 1947/2267/1948
f 1904/2095/1905 1951/2265/1952 2012/2268/2013 1905/2096/1906
f 1947/2267/1948 1910/2101/1911 1912/2105/1913 1945/2257/1946
f 1881/2072/1882 1864/2269/1865 2050/2270/2051 1829/2020/1830
f 1864/2269/1865 1881/2072/1882 2001/2199/2002 1865/2271/1866
f 1865/2271/1866 2001/2199/2002 2003/2201/2004 1866/2272/1867
f 1866/2272/1867 2003/2201/2004 2005/2203/2006 1867/2273/1868
f 1867/2273/1868 2005/2203/2006 2007/2205/2008 1868/2274/1869
f 1868/2274/1869 2007/2205/2008 2024/2228/2025 2009/2275/2010
f 2009/2275/2010 2024/2228/2025 2023/2227/2024 2013/2276/2014
f 1829/2020/1830 2050/2270/2051 2049/2277/2050 1830/2021/1831
f 2048/2263/2049 2020/2218/2021 1830/2021/1831 2049/2277/2050
f 1905/2096/1906 2012/2268/2013 2011/2278/2012 2021/2225/2022
f 2021/2225/2022 2011/2278/2012 2013/2276/2014 2023/2227/2024
f 1330/1484/1331 1297/1446/1298 1357/1513/1358 1358/1514/1359
f 1297/1446/1298 1330/1484/1331 1329/1483/1330 1298/1447/1299
f 1298/1447/1299 1329/1483/1330 1332/1486/1333 1309/1460/1310
f 1309/1460/1310 1332/1486/1333 1334/1488/1335 1315/1467/1316
f 1315/1467/1316 1334/1488/1335 1336/1490/1337 1321/1474/1322
f 1321/1474/1322 1336/1490/1337 1338/1492/1339 1339/1493/1340
f 1339/1493/1340 1338/1492/1339 1498/1675/1499 1493/1666/1494
f 1358/1514/1359 1357/1513/1358 1384/1548/1385 1399/1564/1400
f 1393/1558/1394 1360/1516/1361 1411/1577/1412 1412/1578/1413
f 1360/1516/1361 1393/1558/1394 1392/1557/1393 1361/1517/1362
f 1361/1517/1362 1392/1557/1393 1395/1560/1396 1372/1529/1373
f 1372/1529/1373 1395/1560/1396 1397/1562/1398 1378/1536/1379
f 1378/1536/1379 1397/1562/1398 1399/1564/1400 1384/1548/1385
f 1412/1578/1413 1411/1577/1412 1438/1604/1439 1453/1619/1454
f 1447/1613/1448 1414/1580/1415 1465/1632/1466 1466/1633/1467
f 1414/1580/1415 1447/1613/1448 1446/1612/1447 1415/1581/1416
f 1415/1581/1416 1446/1612/1447 1449/1615/1450 1426/1592/1427
f 1426/1592/1427 1449/1615/1450 1451/1617/1452 1432/1598/1433
f 1432/1598/1433 1451/1617/1452 1453/1619/1454 1438/1604/1439
f 1466/1633/1467 1465/1632/1466 1497/1673/1498 1506/1683/1507
f 1493/1666/1494 1498/1675/1499 1500/1677/1501 1494/1667/1495
f 1494/1667/1495 1500/1677/1501 1502/1679/1503 1495/1669/1496
f 1495/1669/1496 1502/1679/1503 1504/1681/1505 1496/1671/1497
f 1496/1671/1497 1504/1681/1505 1506/1683/1507 1497/1673/1498
g default
v -13.471928 1.166635 4.770184
v -13.605960 1.165891 4.728643
v -13.572050 1.229982 4.637321
v -13.452780 1.229337 4.690260
v -13.486309 1.142477 4.846370
v -13.621721 1.148431 4.813983
v -13.498899 1.148756 4.926299
v -13.626841 1.160238 4.898991
v -13.509497 1.191274 5.034182
v -13.620834 1.203542 5.012486
v -13.516738 1.250383 5.170589
v -13.605038 1.265401 5.151877
v -13.381255 1.222467 4.805327
v -13.371414 1.250864 4.743492
v -13.398975 1.209890 4.865359
v -13.411448 1.209299 4.950485
v -13.427856 1.221994 5.067507
v -13.447479 1.252603 5.198748
v -13.270939 1.250581 4.770329
v -13.272907 1.292020 4.715393
v -13.183128 1.270052 4.731071
v -13.181664 1.228353 4.791113
v -13.279673 1.225450 4.832938
v -13.189501 1.194460 4.856590
v -13.294738 1.216722 4.895758
v -13.203426 1.184305 4.929722
v -13.314708 1.220277 4.977616
v -13.222589 1.198057 5.001664
v -13.343264 1.237413 5.089821
v -13.256516 1.243070 5.097563
v -13.374231 1.266012 5.218816
v -13.298798 1.287901 5.227856
v -13.032367 1.302053 4.764317
v -13.016701 1.255083 4.823747
v -13.012400 1.220930 4.895386
v -13.029665 1.213354 4.980031
v -13.061392 1.230020 5.052850
v -13.122802 1.284547 5.135061
v -13.196867 1.338518 5.254025
v -13.538055 1.318227 4.589073
v -13.437714 1.295084 4.640578
v -13.274959 1.327650 4.687985
v -13.190531 1.323221 4.703090
v -13.057159 1.352239 4.729899
v -13.688940 1.302366 5.134758
v -13.720102 1.254240 4.987515
v -13.739818 1.222738 4.874844
v -13.742369 1.218580 4.795142
v -13.733282 1.231981 4.716527
v -13.692129 1.283479 4.615701
v -13.629334 1.365278 4.554108
v -13.609982 1.301591 5.323565
v -13.536989 1.282850 5.332998
v -13.556269 1.298109 5.482764
v -13.623074 1.315717 5.468062
v -13.576025 1.300539 5.625755
v -13.641380 1.318819 5.609170
v -13.599447 1.287618 5.761436
v -13.668068 1.307832 5.747463
v -13.655268 1.268594 5.892821
v -13.711927 1.285951 5.877948
v -13.472122 1.277967 5.346286
v -13.497242 1.291597 5.495723
v -13.521027 1.291315 5.641660
v -13.541936 1.277364 5.784235
v -13.562031 1.250009 5.923244
v -13.616611 1.258569 5.904205
v -13.440664 1.300939 5.511980
v -13.407817 1.289339 5.363310
v -13.342616 1.318056 5.384379
v -13.387669 1.327829 5.533050
v -13.467627 1.298578 5.658097
v -13.421424 1.323370 5.673900
v -13.489729 1.282415 5.802754
v -13.441720 1.305742 5.816390
v -13.505342 1.252142 5.942885
v -13.443300 1.270422 5.958395
v -13.264658 1.369047 5.417113
v -13.312986 1.378259 5.561010
v -13.347938 1.373014 5.703809
v -13.369850 1.350462 5.847450
v -13.373558 1.308866 5.987070
v -13.359861 1.263773 6.098379
v -13.435575 1.233083 6.061884
v -13.508308 1.221243 6.041616
v -13.575233 1.221761 6.025734
v -13.637451 1.229116 6.009976
v -13.694349 1.240198 5.996231
v -13.727075 1.335355 5.738818
v -13.766623 1.310484 5.870672
v -13.701172 1.348512 5.598434
v -13.686749 1.347528 5.453219
v -13.678823 1.336660 5.311892
v -13.655693 1.205862 6.094998
v -13.721962 1.216108 6.078108
v -13.587200 1.198480 6.109152
v -13.596247 1.188936 6.169821
v -13.669037 1.195074 6.153918
v -13.680090 1.180627 6.192799
v -13.603084 1.175302 6.211063
v -13.608906 1.163251 6.246750
v -13.689350 1.167085 6.225978
v -13.705379 1.142568 6.294639
v -13.699135 1.148733 6.267947
v -13.616966 1.149126 6.290578
v -13.623152 1.145952 6.318349
v -13.716026 1.135706 6.335225
v -13.638883 1.143972 6.359639
v -13.518497 1.183832 6.175290
v -13.513140 1.194921 6.119533
v -13.430326 1.199804 6.137497
v -13.430080 1.182535 6.189283
v -13.524174 1.153848 6.253133
v -13.431665 1.134702 6.261456
v -13.436850 1.120348 6.283942
v -13.527845 1.135152 6.275929
v -13.539747 1.126295 6.330899
v -13.531580 1.127882 6.294828
v -13.443169 1.113264 6.302905
v -13.461931 1.107710 6.346681
v -13.565170 1.120958 6.380639
v -13.501768 1.099863 6.405508
v -13.547003 1.112329 6.465171
v -13.597245 1.132269 6.440107
v -13.345113 1.221101 6.179084
v -13.336552 1.193346 6.244258
v -13.334190 1.127248 6.324485
v -13.346264 1.103540 6.345272
v -13.367014 1.067941 6.495217
v -13.398621 1.079733 6.400500
v -13.357898 1.093004 6.359866
v -13.315264 1.083891 6.467917
v -13.438520 1.080385 6.530680
v -13.363985 1.099092 6.603653
v -13.431046 1.107740 6.619749
v -13.927223 1.111368 6.404887
v -13.855265 1.094751 6.330554
v -13.846848 1.108324 6.392152
v -13.900048 1.133325 6.446419
v -13.926929 1.616361 4.756569
v -13.883490 1.763021 4.803726
v -13.857691 1.775095 4.695124
v -13.885778 1.636491 4.643303
v -13.930166 1.602930 4.838225
v -13.882263 1.748949 4.877875
v -13.912090 1.592451 4.916948
v -13.869514 1.732183 4.948574
v -13.873497 1.583612 5.027414
v -13.846974 1.711839 5.051999
v -13.841974 1.576398 5.174634
v -13.826252 1.689851 5.190005
v -13.901773 1.457624 4.725842
v -13.855421 1.490877 4.613637
v -13.902687 1.446886 4.810541
v -13.887216 1.444425 4.892874
v -13.846437 1.452924 5.007626
v -13.805520 1.466947 5.159719
v -13.821615 1.316179 4.713378
v -13.773148 1.363111 4.607514
v -13.829834 1.303590 4.797177
v -13.819109 1.307760 4.880482
v -13.785008 1.332964 4.995391
v -13.747858 1.366224 5.146779
v -13.808881 1.775827 4.596396
v -13.817763 1.655126 4.548663
v -13.781447 1.532804 4.527946
v -13.701460 1.428213 4.535602
v -13.778769 1.763933 5.198818
v -13.791594 1.794050 5.070406
v -13.801744 1.816049 4.973974
v -13.807080 1.831529 4.909722
v -13.808628 1.845110 4.844732
v -13.797163 1.854795 4.746160
v -13.770422 1.849660 4.650969
v -13.819119 1.662328 5.359934
v -13.832647 1.563333 5.347908
v -13.830450 1.550874 5.483180
v -13.824459 1.641916 5.495198
v -13.840281 1.535616 5.617444
v -13.841923 1.621935 5.629707
v -13.865490 1.515497 5.749570
v -13.863256 1.599706 5.763658
v -13.902550 1.491327 5.879281
v -13.895851 1.578249 5.895873
v -13.794355 1.470304 5.335171
v -13.798283 1.464990 5.471541
v -13.807788 1.456159 5.607266
v -13.829473 1.437635 5.740954
v -13.869015 1.409528 5.872118
v -13.733831 1.388815 5.322375
v -13.739681 1.393205 5.460732
v -13.753672 1.390321 5.598790
v -13.779058 1.375818 5.736596
v -13.819115 1.347257 5.868724
v -13.754261 1.256197 5.985914
v -13.815731 1.277807 5.982424
v -13.875006 1.315023 5.984541
v -13.924044 1.378992 5.992078
v -13.949067 1.464769 6.007546
v -13.938400 1.551569 6.030337
v -13.894898 1.618852 6.057407
v -13.860586 1.634210 5.912463
v -13.836345 1.658769 5.777151
v -13.815804 1.683885 5.641268
v -13.797239 1.707502 5.504897
v -13.780987 1.729639 5.368039
v -13.999680 1.441534 6.112785
v -13.981905 1.537061 6.136280
v -14.035290 1.420698 6.201009
v -14.010670 1.525541 6.221991
v -14.068867 1.400880 6.275115
v -14.033484 1.520818 6.287502
v -14.075808 1.383653 6.343631
v -14.038818 1.505792 6.346291
v -14.064464 1.370893 6.388964
v -14.035164 1.490755 6.390736
v -14.030657 1.481783 6.410581
v -14.057070 1.365682 6.408610
v -14.031635 1.353445 6.458125
v -14.013765 1.456682 6.453816
v -13.980043 1.344656 6.093652
v -14.024553 1.310514 6.178618
v -14.058613 1.281160 6.254034
v -14.071041 1.261079 6.325475
v -14.066120 1.252081 6.374322
v -14.059626 1.250002 6.394296
v -14.028201 1.249239 6.448811
v -13.861692 1.242418 6.071791
v -13.790197 1.228120 6.070129
v -13.928162 1.183881 6.491568
v -13.965918 1.169218 6.459265
v -13.984798 1.558218 6.411997
v -13.972408 1.532583 6.455120
v -13.986910 1.567632 6.392755
v -13.985315 1.580961 6.359015
v -13.976460 1.597303 6.300326
v -13.952256 1.599523 6.238317
v -13.929310 1.609327 6.161841
v -12.893114 1.375768 4.832219
v -12.921834 1.409570 4.757783
v -12.845615 1.565733 4.744095
v -12.819233 1.545801 4.835287
v -12.815036 1.529508 4.930823
v -12.883673 1.352502 4.916108
v -12.849139 1.521402 5.018795
v -12.910242 1.351205 4.999886
v -12.900660 1.518671 5.092449
v -12.953642 1.362115 5.072999
v -12.981386 1.523000 5.191174
v -13.031202 1.391740 5.164101
v -13.072274 1.529218 5.328214
v -13.119181 1.422929 5.293622
v -12.864206 1.741827 4.777251
v -12.856930 1.726293 4.865372
v -12.864954 1.708807 4.951649
v -12.891914 1.692915 5.031628
v -12.929210 1.679224 5.104746
v -12.992666 1.664568 5.207337
v -13.071966 1.649740 5.343989
v -12.958738 1.881864 4.822589
v -12.961716 1.866396 4.900787
v -12.971310 1.849710 4.975989
v -12.988058 1.835275 5.048065
v -13.013145 1.817747 5.116033
v -13.059381 1.791601 5.212106
v -13.118786 1.763231 5.340546
v -12.969517 1.447569 4.720838
v -12.915973 1.587682 4.708862
v -12.923187 1.734682 4.730173
v -12.989873 1.859785 4.763284
v -13.118196 1.916822 4.809628
v -13.103523 1.951158 4.856084
v -13.105727 1.954794 4.922633
v -13.114248 1.946436 4.991385
v -13.128345 1.930101 5.053866
v -13.145355 1.911237 5.114158
v -13.173290 1.883672 5.203395
v -13.210602 1.851369 5.323108
v -13.274685 1.966817 4.850143
v -13.278341 1.989320 4.910594
v -13.284428 1.996782 4.975578
v -13.294655 1.979787 5.037729
v -13.306250 1.960840 5.097199
v -13.324476 1.935636 5.185789
v -13.348310 1.907842 5.304140
v -13.370018 1.952142 4.831921
v -13.375587 1.976240 4.883678
v -13.382307 1.988115 4.942159
v -13.391017 1.982832 5.006925
v -13.402255 1.967714 5.081737
v -13.417805 1.944528 5.178616
v -13.438530 1.915426 5.301604
v -13.571684 1.946336 4.841238
v -13.582041 1.954504 4.922198
v -13.483414 1.976049 4.922907
v -13.475403 1.964037 4.865264
v -13.491788 1.973287 4.988107
v -13.588530 1.950746 4.983883
v -13.500796 1.960962 5.063883
v -13.593712 1.943040 5.045637
v -13.511795 1.939306 5.161076
v -13.598106 1.921526 5.135571
v -13.526760 1.910707 5.283958
v -13.603540 1.893217 5.253267
v -13.697239 1.904848 4.885219
v -13.687199 1.908685 4.795758
v -13.701221 1.898168 4.948621
v -13.702606 1.886869 5.011320
v -13.700975 1.865972 5.104423
v -13.697200 1.836370 5.226713
v -13.268191 1.922781 4.818510
v -13.366687 1.915609 4.806349
v -13.561560 1.919725 4.784193
v -13.677780 1.904871 4.724854
v -13.261108 1.808988 5.494335
v -13.387459 1.864065 5.475828
v -13.418194 1.832513 5.619069
v -13.297863 1.778471 5.637460
v -13.448135 1.794641 5.760432
v -13.330574 1.746828 5.781214
v -13.474310 1.760599 5.903307
v -13.360863 1.709680 5.924139
v -13.491661 1.712926 6.047733
v -13.384781 1.671629 6.067822
v -13.466486 1.879594 5.451138
v -13.494537 1.845159 5.599203
v -13.522157 1.809419 5.745939
v -13.548746 1.773820 5.892262
v -13.573862 1.733759 6.035870
v -13.573841 1.842970 5.580312
v -13.549307 1.876402 5.433005
v -13.625345 1.855257 5.423689
v -13.646975 1.825170 5.564141
v -13.598973 1.809290 5.726426
v -13.669470 1.794603 5.703877
v -13.624021 1.775465 5.871808
v -13.691961 1.763986 5.843605
v -13.648890 1.737646 6.015365
v -13.715399 1.734109 5.983317
v -13.710842 1.800600 5.396084
v -13.730177 1.775034 5.534769
v -13.750879 1.748766 5.673044
v -13.772787 1.721883 5.810839
v -13.795723 1.694250 5.948389
v -13.827253 1.670602 6.093850
v -13.748018 1.699113 6.126616
v -13.672234 1.701414 6.149587
v -13.592287 1.692152 6.169636
v -13.504211 1.670484 6.193878
v -13.407303 1.633024 6.222897
v -13.519186 1.638490 6.307178
v -13.417915 1.612634 6.344379
v -13.534805 1.601823 6.389332
v -13.432549 1.594862 6.435575
v -13.549017 1.572782 6.458517
v -13.444191 1.578279 6.520064
v -13.563280 1.550253 6.508868
v -13.470831 1.562959 6.588694
v -13.575895 1.533228 6.546461
v -13.494967 1.541433 6.634513
v -13.507248 1.530122 6.647922
v -13.583937 1.523180 6.564752
v -13.605053 1.498289 6.601981
v -13.547123 1.492563 6.669618
v -13.609756 1.656118 6.274876
v -13.624352 1.616682 6.347731
v -13.637359 1.581152 6.405682
v -13.648607 1.553716 6.452694
v -13.657793 1.536913 6.489758
v -13.663102 1.526624 6.509474
v -13.673285 1.505922 6.544280
v -13.691618 1.670786 6.251587
v -13.770185 1.678087 6.228387
v -13.706261 1.640932 6.316640
v -13.781189 1.664487 6.292593
v -13.717256 1.618349 6.370841
v -13.791710 1.652452 6.344384
v -13.726970 1.593950 6.416653
v -13.799131 1.635294 6.388742
v -13.805197 1.617899 6.428784
v -13.733800 1.573877 6.452328
v -13.745332 1.533475 6.505603
v -13.737732 1.560960 6.471412
v -13.808489 1.606367 6.446943
v -13.816950 1.572092 6.485813
v -13.853924 1.658357 6.195482
v -13.870106 1.651868 6.262096
v -13.883223 1.648122 6.318739
v -13.892706 1.635816 6.370996
v -13.898142 1.621049 6.410391
v -13.899658 1.610323 6.428655
v -13.900312 1.576631 6.468544
v -13.123039 1.492361 4.717410
v -13.128369 1.439825 4.713739
v -13.218130 1.432924 4.702621
v -13.218427 1.498510 4.708488
v -13.221165 1.580610 4.724849
v -13.111895 1.584657 4.729559
v -13.234691 1.674741 4.745220
v -13.124258 1.690626 4.748053
v -13.248859 1.754682 4.759788
v -13.152035 1.778890 4.766768
v -13.293751 1.435346 4.682074
v -13.300496 1.502920 4.691909
v -13.310276 1.580610 4.706408
v -13.324036 1.666986 4.723411
v -13.338097 1.743391 4.744204
v -13.379705 1.501432 4.677073
v -13.371149 1.433557 4.670466
v -13.442305 1.433626 4.642661
v -13.451982 1.500036 4.645934
v -13.391310 1.578981 4.683535
v -13.467535 1.576772 4.653502
v -13.407557 1.664026 4.699416
v -13.484475 1.661924 4.668117
v -13.423246 1.739694 4.723274
v -13.500441 1.742086 4.690437
v -13.506275 1.436540 4.603059
v -13.519018 1.495164 4.607372
v -13.542222 1.571687 4.614387
v -13.561843 1.660841 4.628997
v -13.576263 1.743463 4.652762
v -13.193710 1.338781 4.698123
v -13.277470 1.342870 4.682558
v -13.286860 1.380266 4.681631
v -13.205689 1.384317 4.692175
v -13.363512 1.379785 4.658068
v -13.360802 1.343370 4.658710
v -13.433065 1.356592 4.624423
v -13.434256 1.383051 4.626102
v -13.515127 1.402898 4.591681
v -13.521034 1.379484 4.585937
v -13.684774 1.554712 4.517169
v -13.633154 1.456812 4.538506
v -13.715502 1.675195 4.530811
v -13.716442 1.783342 4.576518
v -13.550894 1.885725 4.746363
v -13.459253 1.895658 4.778694
v -13.449884 1.856733 4.758079
v -13.539023 1.856260 4.723624
v -13.358892 1.860479 4.779645
v -13.364937 1.901174 4.798110
v -13.266282 1.908567 4.809738
v -13.261316 1.867902 4.788395
v -13.124220 1.905450 4.799258
v -13.143389 1.873781 4.780706
v -13.055784 1.830938 4.745944
v -13.001739 1.853719 4.754828
v -12.938042 1.732732 4.724390
v -13.007065 1.723211 4.719643
v -12.931623 1.590513 4.704746
v -12.998842 1.595136 4.700941
v -12.982756 1.455385 4.714697
v -13.033946 1.477697 4.702903
v -13.277877 1.414079 6.032465
v -13.261755 1.475645 5.899446
v -13.268103 1.453878 6.045063
v -13.251940 1.557989 5.919181
v -13.270123 1.524950 6.059259
v -13.285477 1.641946 5.929006
v -13.306488 1.607530 6.071522
v -13.308516 1.407709 5.874970
v -13.284882 1.430654 5.734044
v -13.240707 1.501886 5.761164
v -13.227980 1.587038 5.780435
v -13.257317 1.673296 5.787663
v -13.247015 1.440527 5.595130
v -13.200441 1.516943 5.625895
v -13.191778 1.609369 5.643651
v -13.222264 1.701624 5.647501
v -13.197411 1.439684 5.458551
v -13.150522 1.526525 5.493479
v -13.144821 1.628835 5.510011
v -13.181959 1.727529 5.508481
v -13.312569 1.364908 6.013892
v -13.323161 1.571619 6.232343
v -13.274328 1.489458 6.221017
v -13.258468 1.414671 6.198694
v -13.264446 1.365923 6.178110
v -13.293570 1.313074 6.142479
v -13.229019 1.286314 6.436462
v -13.237491 1.327901 6.310323
v -13.239529 1.384286 6.334312
v -13.238138 1.351617 6.459030
v -13.260830 1.464758 6.353822
v -13.252782 1.443300 6.473352
v -13.255456 1.323763 6.568298
v -13.272965 1.426313 6.586266
v -13.307188 1.405954 6.679598
v -13.277107 1.299532 6.664991
v -13.366039 1.380468 6.735071
v -13.326712 1.278127 6.718210
v -13.319414 1.555708 6.361335
v -13.314451 1.550512 6.473005
v -13.370793 1.511537 6.653852
v -13.333099 1.530233 6.573431
v -13.419245 1.484438 6.703896
v -13.383977 1.374250 6.742879
v -13.435131 1.474271 6.712230
v -13.493691 1.432935 6.718818
v -13.456135 1.353696 6.748058
v -13.303839 1.185972 6.674131
v -13.259602 1.210664 6.624448
v -13.241329 1.248827 6.538824
v -13.500822 1.112711 6.559630
v -13.490788 1.132784 6.626039
v -13.662175 1.147188 6.413398
v -13.687641 1.161634 6.472547
v -13.746233 1.156770 6.445379
v -13.730983 1.138269 6.384777
v -13.946661 1.256380 6.522640
v -13.988746 1.251718 6.492573
v -13.714136 1.199373 6.532628
v -13.735487 1.256170 6.573018
v -13.780336 1.258749 6.548283
v -13.763792 1.199312 6.508568
v -13.804911 1.199613 6.498372
v -13.810877 1.259222 6.540023
v -13.852831 1.258760 6.540658
v -13.844107 1.198949 6.502116
v -13.512245 1.339384 6.739439
v -13.563234 1.328836 6.719571
v -13.531200 1.261873 6.716277
v -13.471843 1.262788 6.734684
v -13.666454 1.259092 6.617233
v -13.694290 1.304819 6.620470
v -13.692186 1.256441 6.600212
v -13.747269 1.318620 6.590326
v -13.804313 1.320608 6.574024
v -13.859549 1.324464 6.561460
v -13.901415 1.258970 6.538369
v -13.910136 1.328786 6.552404
v -13.954126 1.334543 6.535025
v -13.588211 1.384454 6.707063
v -13.545781 1.404455 6.718249
v -13.758780 1.372724 6.603567
v -13.812315 1.378278 6.583535
v -13.881407 1.477041 6.553621
v -13.871166 1.433103 6.569191
v -13.819532 1.429460 6.586824
v -13.823079 1.477907 6.572462
v -13.632236 1.469701 6.631827
v -13.690749 1.482378 6.586514
v -13.754240 1.499513 6.551920
v -13.821856 1.526876 6.535962
v -13.892653 1.527250 6.518825
v -13.994883 1.342466 6.503683
v -13.983139 1.429025 6.502951
v -13.065325 1.365129 4.723274
v -13.098438 1.408002 4.708483
v -13.585592 1.399824 4.552747
v -13.525311 1.363470 4.584770
v -13.552761 1.437574 4.573911
v -13.580171 1.479734 4.569582
v -13.618034 1.562780 4.564231
v -13.642345 1.666315 4.580018
v -13.650064 1.756563 4.614474
v -13.653322 1.881834 4.693660
v -13.707958 1.842477 4.626184
v -13.592937 1.804205 4.672665
v -13.647921 1.800058 4.643445
v -13.517462 1.802469 4.708127
v -13.437347 1.802267 4.742181
v -13.350826 1.805914 4.763387
v -13.260563 1.815446 4.774012
v -13.172553 1.827871 4.779002
v -13.679212 1.770284 4.594622
v -13.667959 1.820127 4.630867
v -13.674912 1.671537 4.554706
v -13.647305 1.559675 4.540236
v -13.602781 1.469919 4.554211
v -13.561596 1.424665 4.563101
v -13.621181 1.844305 4.675714
v -13.587210 1.455446 6.682642
v -13.950850 1.492834 6.506103
v -13.635028 1.154070 6.501824
v -13.595226 1.145620 6.527870
v -13.667826 1.199251 6.559201
v -13.632271 1.198248 6.581834
v -13.865242 1.384447 6.567672
v -13.649978 1.315977 6.656841
v -13.663733 1.368593 6.660541
v -13.708500 1.367227 6.630216
v -13.948514 1.405462 6.537478
v -13.505831 1.191347 6.683669
v -13.442584 1.180658 6.693791
v -13.911714 1.390100 6.556167
v -13.888020 1.196260 6.507725
v -13.839464 1.143480 6.449479
v -13.875812 1.149858 6.470103
v -13.797722 1.147749 6.435507
v -13.543835 1.159532 6.628546
v -13.564987 1.202005 6.656828
v -13.555481 1.148855 6.589115
v -13.593335 1.191629 6.608008
v -13.626425 1.258859 6.643451
v -13.587154 1.262617 6.682126
v -13.608405 1.321905 6.690521
v -13.624659 1.372491 6.688167
v -13.616245 1.423742 6.683606
v -13.655060 1.440961 6.649494
v -13.667408 1.409570 6.657249
v -13.636305 1.404417 6.679537
v -13.712274 1.414842 6.629481
v -13.764277 1.422117 6.604888
v -13.907888 1.429689 6.558361
v -13.927181 1.455354 6.541737
v -13.365566 1.295515 4.691756
v -13.361065 1.328394 4.664299
v -13.612930 1.154169 6.270167
v -13.467424 1.938730 4.813030
v -13.462139 1.909258 4.787945
v -13.762388 1.464555 6.588881
v -13.705377 1.452383 6.615846
v -13.966187 1.094713 6.297085
v -13.856941 1.125146 6.226416
v -13.859379 1.109338 6.272933
v -13.953157 1.097524 6.352247
v -13.853275 1.159704 6.185462
v -13.855480 1.137674 6.206734
v -13.966676 1.101060 6.274694
v -13.957214 1.130735 6.227827
v -13.929539 1.178026 6.173399
v -13.837180 1.185770 6.151685
v -13.694510 1.155916 6.248124
v -14.032579 1.154482 6.360268
v -14.002347 1.159525 6.411581
v -14.037718 1.170412 6.282393
v -14.038120 1.156240 6.339808
v -14.009506 1.204095 6.213723
v -13.970381 1.240961 6.149660
v -13.929193 1.276147 6.080573
v -13.893740 1.216066 6.124101
v -13.813870 1.212091 6.115477
v -13.404106 1.267370 6.736359
v -13.344730 1.273866 6.727477
v -13.374401 1.178056 6.690942
v -13.321694 1.181390 6.683495
v -13.306892 1.103841 6.594501
v -13.265032 1.126978 6.428065
v -13.298777 1.093725 6.456923
v -13.289748 1.110963 6.585226
v -13.251472 1.147993 6.540289
v -13.238194 1.200739 6.476341
v -13.257879 1.173246 6.386309
v -13.266148 1.215314 6.319702
v -13.277280 1.254831 6.236649
v -13.521544 1.168192 6.215658
v -13.429234 1.159231 6.229146
v -13.333685 1.160650 6.291079
v -13.776560 1.139421 6.226936
v -13.782427 1.125661 6.260121
v -13.767155 1.166647 6.184338
v -13.772795 1.149629 6.208435
v -13.754808 1.185880 6.154208
v -13.787175 1.116216 6.320887
v -13.233176 1.242838 6.390098
v -13.739456 1.203439 6.123280
v -13.458200 1.083562 6.452729
v -13.514578 1.105287 6.502701
v -13.792419 1.119032 6.369588
v -13.250728 1.281854 6.275742
v -13.567131 1.143171 6.557163
v -13.433457 1.339857 4.626458
v -13.693308 1.837003 4.624768
v -13.643612 1.871317 4.685592
v -13.701822 1.780962 4.579169
v -13.700813 1.675718 4.534522
v -13.669945 1.557283 4.521685
v -13.618594 1.463029 4.543420
v -13.573722 1.410966 4.555709
v -13.555053 1.897535 4.757768
vt 0.779184 0.194574
vt 0.783552 0.194981
vt 0.783300 0.198012
vt 0.778846 0.197345
vt 0.779310 0.192530
vt 0.783542 0.192822
vt 0.779244 0.190456
vt 0.783433 0.190671
vt 0.778905 0.187132
vt 0.783041 0.187289
vt 0.778443 0.182123
vt 0.782198 0.182255
vt 0.775313 0.194537
vt 0.775289 0.196558
vt 0.775584 0.192645
vt 0.775563 0.190058
vt 0.775541 0.186276
vt 0.775438 0.181538
vt 0.771270 0.196346
vt 0.771535 0.198243
vt 0.767938 0.198141
vt 0.767867 0.196060
vt 0.771353 0.194351
vt 0.768010 0.194059
vt 0.771607 0.192408
vt 0.768184 0.192075
vt 0.771842 0.189843
vt 0.768412 0.190001
vt 0.772130 0.186085
vt 0.768822 0.186629
vt 0.772305 0.181336
vt 0.769097 0.181640
vt 0.761945 0.198264
vt 0.762098 0.196193
vt 0.762296 0.194222
vt 0.762601 0.192128
vt 0.762955 0.190107
vt 0.763558 0.186810
vt 0.764456 0.181663
vt 0.782685 0.201242
vt 0.778420 0.199862
vt 0.845695 0.205729
vt 0.845188 0.203280
vt 0.850272 0.203381
vt 0.851117 0.206840
vt 0.858224 0.201446
vt 0.860157 0.204617
vt 0.786027 0.182353
vt 0.787178 0.187545
vt 0.787704 0.190925
vt 0.787974 0.193038
vt 0.788164 0.195132
vt 0.788063 0.198436
vt 0.787368 0.202260
vt 0.781449 0.175552
vt 0.778192 0.175721
vt 0.777838 0.169425
vt 0.780925 0.169520
vt 0.777519 0.163155
vt 0.780604 0.163382
vt 0.777362 0.157044
vt 0.780601 0.157180
vt 0.778635 0.150910
vt 0.781318 0.151165
vt 0.775339 0.175701
vt 0.775169 0.169368
vt 0.774946 0.162906
vt 0.774610 0.156474
vt 0.774271 0.150240
vt 0.776816 0.150678
vt 0.772565 0.169174
vt 0.772464 0.175542
vt 0.769354 0.175259
vt 0.769868 0.168779
vt 0.772447 0.162669
vt 0.770040 0.162471
vt 0.772141 0.156119
vt 0.769698 0.156060
vt 0.771653 0.149836
vt 0.768755 0.149736
vt 0.765342 0.174698
vt 0.765901 0.168373
vt 0.766036 0.162027
vt 0.765800 0.155599
vt 0.765149 0.149337
vt 0.764153 0.144425
vt 0.767795 0.145226
vt 0.771009 0.145568
vt 0.773935 0.145792
vt 0.776706 0.146015
vt 0.779281 0.146172
vt 0.783490 0.157199
vt 0.783975 0.151167
vt 0.783554 0.163434
vt 0.784068 0.169656
vt 0.784798 0.175487
vt 0.776647 0.142434
vt 0.779599 0.142574
vt 0.773688 0.142351
vt 0.773517 0.140009
vt 0.776618 0.140085
vt 0.776634 0.138493
vt 0.773387 0.138395
vt 0.773257 0.137016
vt 0.776610 0.137161
vt 0.776574 0.090994
vt 0.776339 0.089590
vt 0.780764 0.089376
vt 0.781215 0.090745
vt 0.776877 0.093136
vt 0.781534 0.092918
vt 0.770349 0.140238
vt 0.770587 0.142361
vt 0.767125 0.142051
vt 0.766718 0.140064
vt 0.769912 0.137300
vt 0.766224 0.137191
vt 0.766225 0.136412
vt 0.769789 0.136306
vt 0.785815 0.090172
vt 0.785115 0.088658
vt 0.789657 0.087986
vt 0.790325 0.089705
vt 0.786107 0.092547
vt 0.790257 0.092392
vt 0.789584 0.095466
vt 0.786062 0.095620
vt 0.763374 0.140946
vt 0.762648 0.138458
vt 0.762215 0.135282
vt 0.762429 0.134566
vt 0.800110 0.092336
vt 0.795825 0.090529
vt 0.796844 0.088930
vt 0.802824 0.089957
vt 0.797059 0.095218
vt 0.802328 0.096169
vt 0.799241 0.098354
vt 0.766757 0.099692
vt 0.769170 0.095198
vt 0.770754 0.097800
vt 0.769183 0.101256
vt 0.813149 0.157108
vt 0.819491 0.157853
vt 0.817896 0.162288
vt 0.811671 0.162067
vt 0.814923 0.153906
vt 0.820717 0.155005
vt 0.816666 0.150995
vt 0.821987 0.152246
vt 0.819165 0.147056
vt 0.824039 0.148209
vt 0.822910 0.141696
vt 0.826832 0.142790
vt 0.798793 0.195219
vt 0.806426 0.195048
vt 0.806568 0.199190
vt 0.799095 0.199206
vt 0.798277 0.192545
vt 0.805687 0.191846
vt 0.797501 0.189851
vt 0.803830 0.188519
vt 0.796082 0.185807
vt 0.801517 0.184413
vt 0.793861 0.180209
vt 0.798048 0.179052
vt 0.792395 0.195250
vt 0.792498 0.198912
vt 0.792102 0.192886
vt 0.791684 0.190511
vt 0.790868 0.186797
vt 0.789385 0.181367
vt 0.816078 0.166995
vt 0.810556 0.166667
vt 0.805689 0.203402
vt 0.798864 0.203466
vt 0.792170 0.202928
vt 0.829993 0.143585
vt 0.827838 0.148826
vt 0.826177 0.152719
vt 0.825109 0.155325
vt 0.824042 0.157949
vt 0.822533 0.161998
vt 0.821353 0.166259
vt 0.829723 0.135988
vt 0.826783 0.135144
vt 0.828258 0.129974
vt 0.831097 0.130542
vt 0.829099 0.124730
vt 0.831864 0.125092
vt 0.829125 0.119414
vt 0.832030 0.119610
vt 0.828514 0.114068
vt 0.831723 0.114102
vt 0.795572 0.172501
vt 0.791812 0.173490
vt 0.790553 0.168068
vt 0.793931 0.167331
vt 0.789799 0.162527
vt 0.792995 0.162087
vt 0.789631 0.156887
vt 0.792966 0.156770
vt 0.790130 0.151122
vt 0.793646 0.151424
vt 0.787842 0.174578
vt 0.786918 0.168937
vt 0.786384 0.163111
vt 0.786328 0.157090
vt 0.786763 0.151089
vt 0.782017 0.146167
vt 0.784855 0.145896
vt 0.787883 0.145621
vt 0.791298 0.145660
vt 0.794887 0.146044
vt 0.827399 0.108687
vt 0.830802 0.108416
vt 0.834104 0.108246
vt 0.834289 0.114217
vt 0.834390 0.119827
vt 0.834164 0.125422
vt 0.833468 0.131015
vt 0.832280 0.136642
vt 0.825836 0.104169
vt 0.829988 0.103953
vt 0.824623 0.100525
vt 0.829618 0.100515
vt 0.823899 0.097226
vt 0.829750 0.097934
vt 0.823880 0.094460
vt 0.830010 0.095689
vt 0.824531 0.092052
vt 0.830488 0.093918
vt 0.762743 0.119886
vt 0.760206 0.114120
vt 0.763596 0.113222
vt 0.765083 0.118124
vt 0.792516 0.140922
vt 0.796626 0.141525
vt 0.793266 0.137048
vt 0.797685 0.137777
vt 0.793846 0.133773
vt 0.798782 0.134583
vt 0.794293 0.130856
vt 0.799293 0.131769
vt 0.794623 0.128754
vt 0.799440 0.128842
vt 0.758801 0.108168
vt 0.762943 0.108153
vt 0.785672 0.141622
vt 0.782594 0.142319
vt 0.769074 0.104624
vt 0.766304 0.103875
vt 0.766127 0.123494
vt 0.767860 0.121620
vt 0.833562 0.094804
vt 0.833464 0.096172
vt 0.833406 0.098423
vt 0.833497 0.100879
vt 0.833721 0.103940
vt 0.756293 0.197528
vt 0.755801 0.200192
vt 0.749974 0.202197
vt 0.750336 0.198916
vt 0.750782 0.195908
vt 0.756691 0.195090
vt 0.751302 0.193051
vt 0.757120 0.192713
vt 0.752037 0.190252
vt 0.757617 0.190319
vt 0.753429 0.185982
vt 0.758506 0.186540
vt 0.755531 0.179958
vt 0.759882 0.180912
vt 0.743875 0.202926
vt 0.743735 0.199220
vt 0.743905 0.195730
vt 0.744562 0.192395
vt 0.745899 0.189260
vt 0.748434 0.184815
vt 0.751517 0.178971
vt 0.872742 0.163452
vt 0.871461 0.166837
vt 0.863333 0.164622
vt 0.863917 0.161500
vt 0.864238 0.158405
vt 0.873209 0.158950
vt 0.864122 0.155440
vt 0.872619 0.155615
vt 0.863749 0.152523
vt 0.871417 0.151903
vt 0.862819 0.148303
vt 0.869139 0.147458
vt 0.861419 0.142727
vt 0.866369 0.141614
vt 0.863050 0.195825
vt 0.865775 0.187937
vt 0.870334 0.189172
vt 0.866326 0.198283
vt 0.865151 0.179667
vt 0.869239 0.178625
vt 0.861208 0.172127
vt 0.863333 0.168595
vt 0.854866 0.168608
vt 0.855694 0.165609
vt 0.855694 0.162501
vt 0.856015 0.159970
vt 0.856278 0.157356
vt 0.856419 0.154871
vt 0.856451 0.152387
vt 0.856340 0.148631
vt 0.856030 0.143562
vt 0.847343 0.161666
vt 0.847888 0.159335
vt 0.848341 0.156980
vt 0.848726 0.154612
vt 0.849028 0.152235
vt 0.849371 0.148627
vt 0.849707 0.143780
vt 0.842605 0.162127
vt 0.843214 0.159948
vt 0.843782 0.157682
vt 0.844293 0.155204
vt 0.844817 0.152260
vt 0.845409 0.148351
vt 0.846029 0.143310
vt 0.833341 0.160858
vt 0.834821 0.157368
vt 0.839120 0.157896
vt 0.838412 0.160244
vt 0.839794 0.155328
vt 0.835695 0.154845
vt 0.840527 0.152312
vt 0.836487 0.152361
vt 0.841390 0.148383
vt 0.837563 0.148695
vt 0.842330 0.143347
vt 0.838869 0.143866
vt 0.829279 0.157851
vt 0.827696 0.161816
vt 0.830319 0.155188
vt 0.831270 0.152598
vt 0.832646 0.148781
vt 0.834378 0.143751
vt 0.847365 0.167751
vt 0.847343 0.164774
vt 0.842267 0.167852
vt 0.842605 0.165235
vt 0.831708 0.163832
vt 0.826190 0.165219
vt 0.855567 0.136287
vt 0.849922 0.136574
vt 0.850027 0.130597
vt 0.855267 0.130274
vt 0.850159 0.124651
vt 0.855165 0.124284
vt 0.850348 0.118723
vt 0.855293 0.118298
vt 0.850975 0.112668
vt 0.855667 0.112306
vt 0.846547 0.137085
vt 0.846914 0.130908
vt 0.847179 0.124784
vt 0.847369 0.118699
vt 0.847542 0.112696
vt 0.843756 0.131025
vt 0.843178 0.137158
vt 0.840130 0.136783
vt 0.840829 0.130941
vt 0.844134 0.124946
vt 0.841277 0.125140
vt 0.844352 0.118911
vt 0.841531 0.119350
vt 0.844459 0.112917
vt 0.841635 0.113566
vt 0.836103 0.136736
vt 0.837047 0.130992
vt 0.837631 0.125285
vt 0.837888 0.119593
vt 0.837911 0.113887
vt 0.837726 0.107863
vt 0.841304 0.107544
vt 0.844481 0.107321
vt 0.847846 0.107106
vt 0.851698 0.106636
vt 0.856214 0.105869
vt 0.851934 0.101961
vt 0.856671 0.100973
vt 0.851870 0.098393
vt 0.856731 0.097308
vt 0.851635 0.095453
vt 0.856845 0.093971
vt 0.851178 0.093304
vt 0.856204 0.091109
vt 0.850660 0.091707
vt 0.855509 0.088896
vt 0.796927 0.120286
vt 0.791638 0.122234
vt 0.791134 0.119990
vt 0.795325 0.118128
vt 0.847892 0.102678
vt 0.847789 0.099406
vt 0.847573 0.096770
vt 0.847285 0.094721
vt 0.846994 0.093227
vt 0.786804 0.123655
vt 0.786615 0.121613
vt 0.844378 0.103060
vt 0.841094 0.103358
vt 0.844211 0.100218
vt 0.841031 0.100778
vt 0.844043 0.097927
vt 0.840868 0.098709
vt 0.843862 0.095938
vt 0.840772 0.096886
vt 0.840687 0.095196
vt 0.843709 0.094414
vt 0.782109 0.122855
vt 0.782329 0.124734
vt 0.776747 0.126860
vt 0.777134 0.124160
vt 0.837481 0.103706
vt 0.837373 0.101058
vt 0.837309 0.098870
vt 0.837210 0.096838
vt 0.837091 0.095224
vt 0.771147 0.126336
vt 0.772070 0.123864
vt 0.854063 0.193346
vt 0.853794 0.196391
vt 0.848528 0.196981
vt 0.848521 0.193166
vt 0.848486 0.188306
vt 0.854680 0.187999
vt 0.847928 0.182738
vt 0.854050 0.181879
vt 0.847390 0.178046
vt 0.852700 0.176752
vt 0.843940 0.197088
vt 0.843657 0.193127
vt 0.843265 0.188522
vt 0.842729 0.183385
vt 0.842307 0.178744
vt 0.838980 0.193412
vt 0.839374 0.197359
vt 0.835000 0.197687
vt 0.834439 0.193853
vt 0.838391 0.188890
vt 0.833638 0.189383
vt 0.837710 0.183832
vt 0.832862 0.184371
vt 0.837271 0.179147
vt 0.832312 0.179512
vt 0.830714 0.197983
vt 0.830020 0.194564
vt 0.828794 0.190134
vt 0.827813 0.184984
vt 0.827237 0.180101
vt 0.850015 0.202452
vt 0.844957 0.202381
vt 0.844374 0.200255
vt 0.849212 0.199841
vt 0.839601 0.200568
vt 0.839759 0.202655
vt 0.835163 0.202387
vt 0.835103 0.200822
vt 0.830049 0.200060
vt 0.829655 0.201496
vt 0.819217 0.192042
vt 0.822541 0.197422
vt 0.818736 0.199341
vt 0.813806 0.193322
vt 0.817528 0.185514
vt 0.811661 0.186028
vt 0.817795 0.179391
vt 0.812413 0.178604
vt 0.830847 0.169919
vt 0.836999 0.169037
vt 0.836815 0.171781
vt 0.830893 0.172331
vt 0.842049 0.171496
vt 0.842190 0.168823
vt 0.847365 0.168688
vt 0.847341 0.171307
vt 0.854540 0.169440
vt 0.853493 0.171426
vt 0.857966 0.174167
vt 0.860613 0.172708
vt 0.864302 0.179830
vt 0.860609 0.180365
vt 0.864873 0.187789
vt 0.861157 0.187558
vt 0.862229 0.195356
vt 0.859230 0.194117
vt 0.759083 0.149152
vt 0.758666 0.155226
vt 0.757463 0.149219
vt 0.755474 0.155273
vt 0.754921 0.149606
vt 0.863310 0.112250
vt 0.862814 0.117917
vt 0.859281 0.118035
vt 0.859753 0.112159
vt 0.762105 0.155339
vt 0.762303 0.161560
vt 0.758853 0.161157
vt 0.755667 0.160901
vt 0.862641 0.123545
vt 0.859178 0.123882
vt 0.762017 0.167705
vt 0.758431 0.167032
vt 0.755112 0.166492
vt 0.863139 0.129136
vt 0.859474 0.129712
vt 0.761266 0.173727
vt 0.757433 0.172792
vt 0.753889 0.172021
vt 0.864238 0.134665
vt 0.860154 0.135535
vt 0.761567 0.149166
vt 0.860735 0.105585
vt 0.864757 0.105851
vt 0.753311 0.143207
vt 0.755940 0.142926
vt 0.757850 0.142969
vt 0.760485 0.143507
vt 0.755047 0.133002
vt 0.756118 0.137760
vt 0.753979 0.137675
vt 0.752635 0.132885
vt 0.751012 0.138115
vt 0.748988 0.133507
vt 0.752253 0.128345
vt 0.748217 0.128074
vt 0.748409 0.124079
vt 0.752496 0.124466
vt 0.748596 0.120903
vt 0.752972 0.121485
vt 0.861855 0.100498
vt 0.866822 0.100758
vt 0.862562 0.096320
vt 0.868465 0.096151
vt 0.861681 0.089243
vt 0.862642 0.092533
vt 0.867729 0.087693
vt 0.860146 0.086475
vt 0.865458 0.083823
vt 0.805617 0.112234
vt 0.802177 0.116932
vt 0.798956 0.114972
vt 0.801207 0.111242
vt 0.756303 0.123232
vt 0.755527 0.125731
vt 0.754938 0.129042
vt 0.794463 0.097908
vt 0.796476 0.100256
vt 0.781740 0.095813
vt 0.781963 0.099148
vt 0.777931 0.099053
vt 0.777220 0.095749
vt 0.769355 0.108320
vt 0.766438 0.108251
vt 0.782192 0.102990
vt 0.782247 0.106672
vt 0.779069 0.106801
vt 0.778756 0.103037
vt 0.776149 0.103398
vt 0.777141 0.107036
vt 0.774704 0.107558
vt 0.773950 0.104135
vt 0.798054 0.110738
vt 0.795115 0.110415
vt 0.796490 0.107363
vt 0.799735 0.107162
vt 0.787195 0.106890
vt 0.785880 0.109285
vt 0.785353 0.106732
vt 0.782199 0.109989
vt 0.778610 0.110361
vt 0.775285 0.110871
vt 0.772014 0.108122
vt 0.772393 0.111412
vt 0.769801 0.111914
vt 0.793726 0.112903
vt 0.796134 0.113692
vt 0.782128 0.112842
vt 0.778692 0.113270
vt 0.774702 0.118140
vt 0.775403 0.116042
vt 0.778568 0.115774
vt 0.778223 0.118156
vt 0.790186 0.117788
vt 0.786195 0.119102
vt 0.782036 0.120163
vt 0.777714 0.120970
vt 0.773526 0.120776
vt 0.766958 0.112472
vt 0.768054 0.116373
vt 0.857665 0.200674
vt 0.855567 0.198212
vt 0.825504 0.200549
vt 0.823236 0.202846
vt 0.828980 0.205288
vt 0.829442 0.202473
vt 0.827598 0.198191
vt 0.825983 0.195817
vt 0.823698 0.191182
vt 0.822430 0.185361
vt 0.822313 0.180088
vt 0.822488 0.172133
vt 0.818649 0.175593
vt 0.815042 0.173857
vt 0.821049 0.170025
vt 0.826459 0.176480
vt 0.822781 0.177316
vt 0.831706 0.175774
vt 0.836954 0.175241
vt 0.842032 0.174875
vt 0.847053 0.174428
vt 0.851779 0.173891
vt 0.820205 0.179763
vt 0.821139 0.176624
vt 0.820135 0.185429
vt 0.821630 0.191580
vt 0.824462 0.196519
vt 0.826906 0.199029
vt 0.824521 0.174409
vt 0.793471 0.116229
vt 0.770138 0.119180
vt 0.785699 0.099175
vt 0.788601 0.099233
vt 0.785475 0.103086
vt 0.787999 0.103182
vt 0.775477 0.113755
vt 0.789222 0.109865
vt 0.788756 0.112419
vt 0.785573 0.112461
vt 0.770583 0.115063
vt 0.796961 0.103808
vt 0.800213 0.102799
vt 0.772788 0.114213
vt 0.771555 0.104861
vt 0.772554 0.100600
vt 0.771005 0.102087
vt 0.774721 0.099414
vt 0.793941 0.101932
vt 0.793528 0.104320
vt 0.792349 0.100659
vt 0.790759 0.103124
vt 0.789987 0.106937
vt 0.793014 0.107374
vt 0.792214 0.110165
vt 0.791454 0.112492
vt 0.791923 0.114810
vt 0.789235 0.115987
vt 0.788643 0.114387
vt 0.790762 0.113972
vt 0.785555 0.114843
vt 0.782061 0.115343
vt 0.773235 0.115968
vt 0.772020 0.117202
vt 0.840064 0.205759
vt 0.839842 0.203544
vt 0.775275 0.198474
vt 0.773168 0.136097
vt 0.837758 0.165672
vt 0.837155 0.168028
vt 0.837758 0.162563
vt 0.782004 0.117625
vt 0.785797 0.116888
vt 0.761750 0.095269
vt 0.767952 0.090233
vt 0.768134 0.092558
vt 0.764040 0.097711
vt 0.783663 0.136722
vt 0.783431 0.135710
vt 0.786409 0.132620
vt 0.786735 0.134121
vt 0.786751 0.136514
vt 0.783499 0.138364
vt 0.776536 0.136280
vt 0.759087 0.101316
vt 0.762867 0.102776
vt 0.790191 0.132033
vt 0.790286 0.130053
vt 0.789954 0.134734
vt 0.789500 0.137666
vt 0.788883 0.140974
vt 0.786255 0.139065
vt 0.783063 0.140247
vt 0.803400 0.106798
vt 0.806873 0.106398
vt 0.803701 0.101484
vt 0.806559 0.100251
vt 0.805283 0.094368
vt 0.759283 0.131899
vt 0.759906 0.130795
vt 0.758574 0.126395
vt 0.757653 0.128393
vt 0.756916 0.130883
vt 0.758962 0.133583
vt 0.759318 0.136153
vt 0.760018 0.139353
vt 0.770124 0.138685
vt 0.766392 0.138474
vt 0.762319 0.136618
vt 0.771874 0.089191
vt 0.772018 0.090850
vt 0.780273 0.137693
vt 0.780235 0.136556
vt 0.780123 0.139131
vt 0.772725 0.093703
vt 0.757024 0.134106
vt 0.779853 0.140617
vt 0.794036 0.093164
vt 0.792339 0.096127
vt 0.773377 0.096024
vt 0.868558 0.091619
vt 0.758179 0.138342
vt 0.790884 0.099685
vt 0.835367 0.206203
vt 0.835211 0.203385
vt 0.819474 0.175955
vt 0.823068 0.172867
vt 0.818604 0.179510
vt 0.818349 0.185468
vt 0.820055 0.191868
vt 0.823399 0.197008
vt 0.826153 0.199863
vt 0.830953 0.168833
vt 0.831480 0.166483
vt 0.773126 0.135319
vt 0.769782 0.135620
vt 0.776450 0.135559
vt 0.780185 0.135743
vt 0.766302 0.135853
vt 0.762581 0.134179
vt 0.760145 0.130358
vt 0.758932 0.125821
vt 0.830796 0.093066
vt 0.833684 0.093966
vt 0.824808 0.090959
vt 0.799449 0.127501
vt 0.794808 0.127822
vt 0.790310 0.129305
vt 0.837004 0.094389
vt 0.850257 0.090906
vt 0.846807 0.092427
vt 0.855045 0.088046
vt 0.859592 0.085713
vt 0.843612 0.093582
vt 0.840648 0.094344
vt 0.748660 0.119813
vt 0.753107 0.120593
vt 0.864579 0.082834
vt 0.756597 0.122472
vt 0.783259 0.134990
vt 0.786186 0.132049
vn 0.357511 -0.875849 -0.324152
vn -0.128562 -0.899345 -0.417911
vn 0.047747 -0.702296 -0.710282
vn 0.391260 -0.713668 -0.581028
vn 0.296097 -0.954727 -0.028681
vn -0.258566 -0.962884 -0.077447
vn 0.186585 -0.957428 0.220265
vn -0.323671 -0.920459 0.219071
vn 0.024366 -0.938282 0.345012
vn -0.339151 -0.865220 0.369285
vn -0.109662 -0.956054 0.271912
vn -0.342641 -0.893556 0.290094
vn 0.343931 -0.903430 -0.255979
vn 0.332192 -0.795532 -0.506732
vn 0.343685 -0.938853 -0.020879
vn 0.292302 -0.945472 0.143672
vn 0.170714 -0.953934 0.246714
vn 0.059681 -0.970804 0.232331
vn 0.005678 -0.860240 -0.509857
vn 0.082432 -0.692914 -0.716293
vn 0.136911 -0.651036 -0.746598
vn 0.064633 -0.850853 -0.521413
vn -0.057351 -0.954620 -0.292253
vn -0.007003 -0.956655 -0.291138
vn -0.101627 -0.992415 -0.069166
vn -0.074344 -0.997231 0.001857
vn -0.062565 -0.991139 0.117175
vn -0.068021 -0.961855 0.264970
vn 0.052970 -0.970139 0.236697
vn 0.069703 -0.921223 0.382740
vn 0.162725 -0.956189 0.243359
vn 0.257827 -0.909872 0.325051
vn 0.378084 -0.562379 -0.735379
vn 0.456546 -0.744759 -0.486723
vn 0.484614 -0.856791 -0.176236
vn 0.442371 -0.872932 0.205665
vn 0.348599 -0.794726 0.496879
vn 0.332746 -0.756233 0.563375
vn 0.433433 -0.794665 0.425021
vn 0.234142 -0.415298 -0.879036
vn 0.408676 -0.492126 -0.768633
vn 0.169962 -0.442536 -0.880497
vn 0.188385 -0.385050 -0.903464
vn 0.278126 -0.358374 -0.891187
vn -0.582043 -0.767347 0.269081
vn -0.594333 -0.727141 0.343562
vn -0.612431 -0.762873 0.207253
vn -0.596916 -0.799818 -0.063109
vn -0.511501 -0.763157 -0.394915
vn -0.306365 -0.620315 -0.722045
vn 0.012542 -0.370209 -0.928864
vn -0.352340 -0.928216 0.119460
vn -0.169341 -0.977564 0.125267
vn -0.191184 -0.981105 0.029701
vn -0.356386 -0.934224 0.014622
vn -0.192961 -0.978807 -0.068580
vn -0.340170 -0.936534 -0.084788
vn -0.176041 -0.967556 -0.181229
vn -0.314595 -0.928020 -0.199519
vn -0.184705 -0.944872 -0.270372
vn -0.276706 -0.911144 -0.305369
vn 0.020757 -0.990146 0.138491
vn 0.010441 -0.998754 0.048796
vn 0.005727 -0.998773 -0.049189
vn 0.013643 -0.988800 -0.148621
vn 0.021240 -0.971516 -0.236021
vn -0.112873 -0.961728 -0.249680
vn 0.276764 -0.956586 0.091348
vn 0.231194 -0.956884 0.175847
vn 0.383972 -0.894501 0.228984
vn 0.457546 -0.878667 0.136367
vn 0.301971 -0.953287 -0.007603
vn 0.498559 -0.866489 0.025228
vn 0.285221 -0.950425 -0.123856
vn 0.495067 -0.860930 -0.117084
vn 0.226073 -0.943694 -0.241521
vn 0.444543 -0.855058 -0.266941
vn 0.520347 -0.806467 0.280803
vn 0.569413 -0.804378 0.169542
vn 0.604756 -0.795104 0.045609
vn 0.631440 -0.767540 -0.110300
vn 0.630904 -0.725431 -0.275155
vn 0.602257 -0.691154 -0.399492
vn 0.369067 -0.853463 -0.367955
vn 0.148134 -0.939070 -0.310166
vn 0.005748 -0.960348 -0.278745
vn -0.079179 -0.955086 -0.285556
vn -0.141992 -0.937356 -0.318124
vn -0.488407 -0.839686 -0.237458
vn -0.436120 -0.825891 -0.357355
vn -0.528054 -0.841580 -0.113589
vn -0.556811 -0.830522 -0.013942
vn -0.573124 -0.813308 0.100296
vn -0.061117 -0.967520 -0.245295
vn -0.098261 -0.947217 -0.305164
vn -0.028250 -0.972595 -0.230783
vn -0.035352 -0.965436 -0.258231
vn -0.001746 -0.959120 -0.282994
vn 0.078627 -0.927376 -0.365774
vn -0.021790 -0.940001 -0.340477
vn -0.017967 -0.914607 -0.403946
vn 0.140440 -0.905680 -0.400026
vn 0.179748 -0.972255 -0.149702
vn 0.172507 -0.950130 -0.259796
vn -0.072839 -0.972007 -0.223375
vn -0.071643 -0.988364 -0.134182
vn 0.178987 -0.983851 0.000920
vn -0.077478 -0.996036 -0.043692
vn -0.001333 -0.952606 -0.304204
vn 0.060917 -0.960669 -0.270933
vn 0.270263 -0.894484 -0.356169
vn 0.204317 -0.894033 -0.398698
vn -0.086023 -0.866043 -0.492514
vn 0.122623 -0.805367 -0.579954
vn 0.041060 -0.863706 -0.502321
vn -0.129311 -0.877581 -0.461661
vn -0.204687 -0.963882 -0.170396
vn -0.179120 -0.952670 -0.245632
vn -0.074551 -0.947482 -0.310999
vn -0.167671 -0.961177 -0.219148
vn -0.255044 -0.960485 -0.111450
vn -0.260227 -0.958587 -0.115731
vn -0.349515 -0.932720 0.088725
vn -0.306513 -0.949437 0.067972
vn 0.544292 -0.729407 -0.414380
vn 0.516269 -0.736615 -0.436882
vn 0.490840 -0.705093 -0.511781
vn 0.345654 -0.846656 -0.404595
vn 0.061749 -0.995624 0.070146
vn -0.066709 -0.981747 -0.178108
vn 0.151212 -0.946332 -0.285642
vn 0.342189 -0.939087 -0.031975
vn -0.220869 -0.960273 0.170566
vn 0.103106 -0.872847 0.476977
vn -0.145273 -0.851179 0.504370
vn -0.196356 -0.909009 0.367622
vn 0.126005 -0.989745 0.067287
vn 0.182133 -0.917378 0.353899
vn -0.075156 -0.828174 0.555409
vn -0.982728 0.090906 -0.161189
vn -0.872522 0.487622 -0.030493
vn -0.824611 0.495777 -0.272436
vn -0.889141 0.114959 -0.442959
vn -0.993286 0.044579 0.106747
vn -0.879255 0.445404 0.168899
vn -0.963913 -0.000018 0.266217
vn -0.882735 0.391550 0.259746
vn -0.962734 -0.046957 0.266345
vn -0.906350 0.348592 0.238776
vn -0.986103 -0.094020 0.136973
vn -0.933401 0.328524 0.144344
vn -0.918109 -0.294264 -0.265489
vn -0.773124 -0.251141 -0.582416
vn -0.945037 -0.324101 0.043166
vn -0.908291 -0.335377 0.250061
vn -0.883954 -0.360940 0.297233
vn -0.891478 -0.420653 0.168281
vn -0.745007 -0.572503 -0.342352
vn -0.556479 -0.489796 -0.671141
vn -0.804155 -0.594219 -0.015461
vn -0.789645 -0.569752 0.227690
vn -0.765242 -0.557216 0.322357
vn -0.766599 -0.602168 0.222979
vn -0.536715 0.537255 -0.650610
vn -0.544584 0.190335 -0.816824
vn -0.397919 -0.135673 -0.907333
vn -0.192811 -0.305408 -0.932497
vn -0.773573 0.613080 0.160365
vn -0.744286 0.630598 0.219963
vn -0.710699 0.667474 0.222226
vn -0.674069 0.717741 0.174582
vn -0.637002 0.769016 0.053311
vn -0.592870 0.795900 -0.122673
vn -0.363563 0.816117 -0.449195
vn -0.952926 0.300237 0.042303
vn -0.991994 -0.124637 0.020344
vn -0.987450 -0.147232 -0.057147
vn -0.967949 0.247985 -0.039718
vn -0.974982 -0.166812 -0.146914
vn -0.969855 0.222372 -0.099666
vn -0.957790 -0.152770 -0.243514
vn -0.953407 0.263230 -0.147396
vn -0.940954 -0.088961 -0.326638
vn -0.920686 0.337282 -0.196413
vn -0.880395 -0.473750 0.021584
vn -0.867892 -0.492671 -0.063553
vn -0.855713 -0.493752 -0.154807
vn -0.831793 -0.481003 -0.277048
vn -0.811824 -0.428964 -0.396147
vn -0.750704 -0.657898 0.060118
vn -0.723570 -0.688676 -0.046607
vn -0.702669 -0.697491 -0.140579
vn -0.673704 -0.688227 -0.269196
vn -0.633965 -0.660918 -0.401591
vn -0.222449 -0.901271 -0.371788
vn -0.374986 -0.811153 -0.448795
vn -0.599895 -0.617367 -0.508905
vn -0.803339 -0.338714 -0.489816
vn -0.918527 0.005485 -0.395321
vn -0.878795 0.402219 -0.256787
vn -0.699180 0.705116 -0.118150
vn -0.760529 0.645979 -0.065624
vn -0.806939 0.589746 -0.032384
vn -0.827092 0.561706 -0.020141
vn -0.823830 0.566833 -0.001907
vn -0.802599 0.593349 0.061421
vn -0.913571 0.082733 -0.398175
vn -0.857797 0.441503 -0.263173
vn -0.921319 0.125962 -0.367837
vn -0.851025 0.457564 -0.257666
vn -0.963743 0.136629 -0.229197
vn -0.879450 0.456944 -0.133306
vn -0.991031 0.119828 0.059156
vn -0.898797 0.420493 0.123893
vn -0.956870 0.102357 0.271887
vn -0.879727 0.373493 0.294251
vn -0.843193 0.327639 0.426238
vn -0.909337 0.078731 0.408542
vn -0.831230 0.040169 0.554476
vn -0.785496 0.276633 0.553598
vn -0.815586 -0.251918 -0.520919
vn -0.845651 -0.183427 -0.501228
vn -0.914214 -0.152186 -0.375569
vn -0.981975 -0.163382 -0.095039
vn -0.967212 -0.180337 0.178831
vn -0.897895 -0.211857 0.385878
vn -0.787975 -0.255484 0.560199
vn -0.313479 -0.799965 -0.511652
vn -0.154776 -0.905404 -0.395333
vn -0.293694 -0.588500 0.753267
vn -0.482651 -0.612238 0.626269
vn -0.661340 0.589350 0.464001
vn -0.624350 0.514622 0.587666
vn -0.684689 0.655779 0.318050
vn -0.682869 0.710236 0.171040
vn -0.656971 0.752832 -0.040425
vn -0.641895 0.753469 -0.142322
vn -0.661406 0.739305 -0.126375
vn 0.775538 -0.517148 -0.362075
vn 0.566735 -0.430945 -0.702210
vn 0.771769 -0.080445 -0.630795
vn 0.980965 -0.094415 -0.169686
vn 0.985363 -0.078820 0.151156
vn 0.840833 -0.541288 -0.002799
vn 0.891455 -0.090663 0.443946
vn 0.778807 -0.510716 0.364183
vn 0.802493 -0.126181 0.583166
vn 0.665741 -0.470136 0.579449
vn 0.785984 -0.194546 0.586839
vn 0.612542 -0.503500 0.609327
vn 0.834343 -0.272007 0.479463
vn 0.654998 -0.591680 0.469991
vn 0.810959 0.405691 -0.421617
vn 0.918027 0.392995 0.052737
vn 0.889058 0.386438 0.245442
vn 0.842812 0.334791 0.421405
vn 0.810280 0.266356 0.522017
vn 0.820928 0.203740 0.533449
vn 0.871413 0.155082 0.465392
vn 0.581076 0.766771 -0.272788
vn 0.682036 0.715693 0.150368
vn 0.684834 0.677948 0.267187
vn 0.673246 0.638294 0.373257
vn 0.663572 0.598116 0.449366
vn 0.681737 0.567706 0.461459
vn 0.725945 0.543642 0.421256
vn 0.318957 -0.288553 -0.902776
vn 0.392426 -0.026502 -0.919402
vn 0.450802 0.323209 -0.832054
vn 0.306289 0.637945 -0.706550
vn 0.071068 0.716063 -0.694409
vn 0.242798 0.900371 -0.361085
vn 0.367234 0.929450 0.035519
vn 0.404157 0.889103 0.214832
vn 0.396777 0.853603 0.337534
vn 0.395355 0.836915 0.378508
vn 0.422976 0.826303 0.371908
vn 0.464184 0.813214 0.351021
vn 0.055452 0.833060 -0.550396
vn 0.073146 0.980904 -0.180214
vn 0.087995 0.992562 0.084128
vn 0.100549 0.959101 0.264602
vn 0.135778 0.944654 0.298651
vn 0.171592 0.942158 0.287914
vn 0.200791 0.938474 0.280978
vn 0.018798 0.780918 -0.624350
vn -0.054377 0.952508 -0.299620
vn -0.084721 0.995540 -0.041513
vn -0.079171 0.984846 0.154306
vn -0.042432 0.974438 0.220613
vn -0.017691 0.972377 0.232746
vn -0.005021 0.972552 0.232634
vn -0.169438 0.958115 -0.230881
vn -0.289433 0.956311 -0.041210
vn -0.148289 0.985967 -0.076681
vn -0.085937 0.945569 -0.313869
vn -0.167125 0.981962 0.088431
vn -0.334248 0.939596 0.073739
vn -0.167508 0.970451 0.173684
vn -0.360554 0.919692 0.155460
vn -0.176624 0.962289 0.206890
vn -0.389772 0.899441 0.197698
vn -0.185935 0.961734 0.201239
vn -0.413613 0.893560 0.174572
vn -0.438697 0.898209 0.027675
vn -0.330770 0.937252 -0.110224
vn -0.504997 0.855492 0.114509
vn -0.552182 0.815584 0.172967
vn -0.587656 0.783500 0.201962
vn -0.617466 0.769814 0.161624
vn 0.033394 0.603613 -0.796578
vn 0.086874 0.563916 -0.821250
vn 0.034713 0.870701 -0.490586
vn -0.093718 0.921583 -0.376698
vn 0.498213 0.804586 0.323150
vn 0.222424 0.935784 0.273561
vn 0.228953 0.934911 0.271148
vn 0.509998 0.805274 0.302382
vn 0.230683 0.932576 0.277647
vn 0.502108 0.810395 0.301906
vn 0.237055 0.926349 0.292717
vn 0.484888 0.821054 0.301255
vn 0.233807 0.924464 0.301166
vn 0.455825 0.842728 0.286415
vn 0.006609 0.972912 0.231082
vn 0.017883 0.971859 0.234883
vn 0.033386 0.969671 0.242123
vn 0.053301 0.963536 0.262216
vn 0.076099 0.954692 0.287703
vn -0.172039 0.966248 0.191750
vn -0.183233 0.964255 0.191411
vn -0.418920 0.897449 0.138169
vn -0.406871 0.904265 0.129465
vn -0.156370 0.967724 0.197630
vn -0.387890 0.911797 0.134786
vn -0.131308 0.968067 0.213554
vn -0.361002 0.921435 0.143651
vn -0.087104 0.966936 0.239681
vn -0.311580 0.937660 0.153985
vn -0.633170 0.769047 0.087534
vn -0.630044 0.774392 0.057982
vn -0.618973 0.783144 0.059640
vn -0.604588 0.794299 0.059687
vn -0.564944 0.824066 0.041866
vn -0.485314 0.874231 0.013789
vn -0.228786 0.960292 0.159674
vn -0.025452 0.964009 0.264649
vn 0.086165 0.949404 0.302006
vn 0.198064 0.938664 0.282277
vn 0.409537 0.882821 0.230016
vn 0.086712 0.942007 0.324197
vn 0.299453 0.932105 0.203736
vn -0.057859 0.930872 0.360734
vn 0.147963 0.960503 0.235671
vn -0.170780 0.927950 0.331276
vn 0.041939 0.963453 0.264573
vn -0.250243 0.916939 0.310806
vn -0.058803 0.937881 0.341938
vn -0.304059 0.893523 0.330401
vn -0.181657 0.869811 0.458726
vn -0.292463 0.770026 0.567033
vn -0.342617 0.857759 0.383228
vn -0.346294 0.823896 0.448638
vn -0.337729 0.670839 0.660238
vn 0.051814 0.922856 0.381644
vn 0.016045 0.891203 0.453321
vn 0.002696 0.886296 0.463112
vn -0.003182 0.894451 0.447156
vn -0.026748 0.893020 0.449222
vn -0.083771 0.866258 0.492524
vn -0.121914 0.851589 0.509837
vn 0.040473 0.940463 0.337478
vn -0.123527 0.973623 0.191830
vn 0.129113 0.904987 0.405374
vn -0.007003 0.973330 0.229303
vn 0.207073 0.870631 0.446231
vn 0.075687 0.949936 0.303139
vn 0.245725 0.844939 0.475076
vn 0.117630 0.910279 0.396932
vn 0.126993 0.863689 0.487765
vn 0.238394 0.825693 0.511272
vn 0.109564 0.785861 0.608619
vn 0.172682 0.791057 0.586865
vn 0.089642 0.790732 0.605564
vn 0.047238 0.745997 0.664272
vn -0.408476 0.912641 0.015295
vn -0.347513 0.937541 0.015850
vn -0.310509 0.944382 0.108291
vn -0.301765 0.914727 0.268723
vn -0.305300 0.863642 0.401142
vn -0.310785 0.779041 0.544525
vn -0.311095 0.697245 0.645809
vn -0.043099 0.098448 -0.994209
vn 0.021931 0.127689 -0.991572
vn 0.157555 0.145262 -0.976768
vn 0.152536 0.140541 -0.978254
vn 0.122856 0.195610 -0.972956
vn -0.096913 0.144603 -0.984732
vn 0.101131 0.216879 -0.970946
vn -0.127058 0.160049 -0.978898
vn 0.076272 0.241047 -0.967512
vn -0.130248 0.180655 -0.974884
vn 0.201135 0.135975 -0.970080
vn 0.204941 0.156235 -0.966225
vn 0.222715 0.203955 -0.953310
vn 0.218195 0.254404 -0.942162
vn 0.181544 0.292584 -0.938848
vn 0.285211 0.141998 -0.947888
vn 0.285589 0.176034 -0.942046
vn 0.434746 0.209716 -0.875794
vn 0.430028 0.152563 -0.889832
vn 0.304322 0.192297 -0.932958
vn 0.407402 0.204489 -0.890060
vn 0.304098 0.277048 -0.911465
vn 0.396028 0.280456 -0.874360
vn 0.295717 0.331879 -0.895772
vn 0.392685 0.343562 -0.853091
vn 0.507278 0.198780 -0.838543
vn 0.492216 0.185327 -0.850516
vn 0.479407 0.221272 -0.849240
vn 0.468739 0.284764 -0.836178
vn 0.443715 0.364577 -0.818658
vn 0.190068 -0.186022 -0.963986
vn 0.215850 -0.157006 -0.963721
vn 0.213348 0.066618 -0.974702
vn 0.162517 0.052833 -0.985290
vn 0.328883 0.128836 -0.935541
vn 0.346936 -0.119021 -0.930306
vn 0.411132 -0.041504 -0.910630
vn 0.424681 0.178808 -0.887510
vn 0.493786 0.149056 -0.856713
vn 0.441318 -0.014151 -0.897239
vn 0.102797 0.019954 -0.994502
vn 0.177219 -0.086846 -0.980332
vn 0.020310 0.263814 -0.964360
vn -0.006430 0.521025 -0.853517
vn 0.268355 0.644794 -0.715700
vn 0.183505 0.558435 -0.808997
vn 0.248158 0.430511 -0.867800
vn 0.344004 0.488235 -0.802052
vn 0.128850 0.376817 -0.917282
vn 0.106648 0.491433 -0.864361
vn 0.006049 0.515707 -0.856744
vn 0.009802 0.350495 -0.936513
vn -0.031989 0.587085 -0.808893
vn -0.113790 0.346457 -0.931139
vn -0.148204 0.273710 -0.950326
vn 0.089561 0.488596 -0.867901
vn 0.188194 0.240860 -0.952140
vn -0.109474 0.163957 -0.980374
vn 0.189916 0.007127 -0.981775
vn -0.076058 0.071335 -0.994548
vn 0.192731 -0.198416 -0.960982
vn -0.024032 -0.036146 -0.999058
vn 0.933547 -0.334772 -0.128128
vn 0.947455 -0.319234 0.020468
vn 0.996698 -0.080969 -0.006161
vn 0.979337 0.113763 0.167201
vn 0.969616 0.215960 0.114921
vn 0.796146 0.543208 0.266603
vn 0.770797 0.593123 0.232546
vn 0.772426 -0.630562 -0.075824
vn 0.747155 -0.659398 0.083383
vn 0.916129 -0.371649 0.150285
vn 0.970200 0.071116 0.231635
vn 0.807477 0.513027 0.291179
vn 0.718151 -0.664657 0.206132
vn 0.893771 -0.363599 0.262620
vn 0.948381 0.078578 0.307244
vn 0.800663 0.506965 0.319257
vn 0.693910 -0.645516 0.319057
vn 0.873616 -0.329257 0.358309
vn 0.918567 0.114152 0.378423
vn 0.771250 0.521720 0.364667
vn 0.790390 -0.566027 -0.234302
vn 0.732546 0.664644 0.147055
vn 0.940513 0.338270 0.031754
vn 0.994216 0.067532 -0.083513
vn 0.961235 -0.178983 -0.209745
vn 0.831564 -0.433309 -0.347483
vn 0.999720 0.010755 0.021103
vn 0.987840 -0.034721 -0.151545
vn 0.987654 0.145540 -0.057954
vn 0.987138 0.132691 0.089171
vn 0.925365 0.379040 -0.005437
vn 0.931702 0.344682 0.114563
vn 0.966125 0.119681 0.228644
vn 0.893532 0.335006 0.298952
vn 0.746456 0.332898 0.576179
vn 0.865759 0.061186 0.496707
vn 0.472855 0.258429 0.842391
vn 0.604804 -0.067275 0.793528
vn 0.682734 0.726625 0.076750
vn 0.629995 0.759787 0.160716
vn 0.427851 0.731342 0.531115
vn 0.562793 0.761001 0.322708
vn 0.210506 0.640968 0.738138
vn 0.189102 0.160627 0.968731
vn -0.019664 0.511667 0.858959
vn -0.167993 0.395709 0.902880
vn -0.043414 0.081974 0.995688
vn 0.668960 -0.366479 0.646673
vn 0.914185 -0.143848 0.378912
vn 0.987948 0.001880 0.154772
vn -0.374193 -0.892552 0.251654
vn -0.337527 -0.799742 0.496476
vn -0.112583 -0.985571 0.126391
vn -0.195793 -0.919612 0.340557
vn -0.026962 -0.900369 0.434291
vn 0.121536 -0.970593 0.207794
vn -0.424555 -0.319183 0.847275
vn -0.637867 -0.291214 0.712965
vn -0.325038 -0.745776 0.581522
vn -0.417928 -0.498319 0.759615
vn -0.298744 -0.512016 0.805351
vn -0.212117 -0.725026 0.655243
vn -0.004484 -0.674871 0.737922
vn -0.131822 -0.498731 0.856674
vn -0.037928 -0.427244 0.903340
vn 0.127303 -0.599091 0.790496
vn -0.225952 0.000327 0.974138
vn -0.414468 -0.117916 0.902392
vn -0.375115 -0.373347 0.848470
vn -0.149085 -0.325320 0.933778
vn -0.478827 -0.498244 0.722826
vn -0.518965 -0.315008 0.794635
vn -0.459889 -0.494563 0.737503
vn -0.426573 -0.312812 0.848637
vn -0.263787 -0.331210 0.905934
vn -0.183348 -0.227914 0.956263
vn -0.169781 -0.355769 0.919023
vn -0.277515 -0.147750 0.949292
vn -0.506489 -0.082983 0.858244
vn -0.411815 0.122826 0.902952
vn -0.275531 0.283274 0.918607
vn -0.406155 -0.163703 0.899021
vn -0.308779 -0.143434 0.940256
vn -0.325720 0.389395 0.861555
vn -0.305100 0.100542 0.946998
vn -0.297700 0.098445 0.949570
vn -0.186218 0.453514 0.871578
vn -0.360432 0.735783 0.573335
vn -0.183147 0.791321 0.583325
vn 0.008111 0.753522 0.657373
vn -0.037393 0.680796 0.731518
vn -0.322348 0.588141 0.741743
vn -0.703155 -0.015652 0.710865
vn -0.697114 0.202893 0.687653
vn 0.207415 -0.234416 -0.949752
vn 0.075728 -0.009498 -0.997083
vn 0.273494 -0.133966 -0.952499
vn 0.365386 -0.177234 -0.913828
vn 0.515701 0.214472 -0.829490
vn 0.516668 0.211344 -0.829691
vn 0.549300 0.220550 -0.805994
vn 0.561633 0.289356 -0.775140
vn 0.561659 0.362979 -0.743496
vn 0.173931 0.792811 -0.584122
vn 0.047489 0.731282 -0.680420
vn 0.445320 0.367769 -0.816355
vn 0.547250 0.359739 -0.755716
vn 0.386101 0.366575 -0.846492
vn 0.286796 0.338604 -0.896156
vn 0.150996 0.300351 -0.941801
vn 0.042086 0.242514 -0.969235
vn -0.095866 0.192342 -0.976634
vn 0.621901 0.357474 -0.696744
vn 0.554388 0.409348 -0.724630
vn 0.616247 0.282939 -0.734973
vn 0.591510 0.205718 -0.779613
vn 0.519915 0.195786 -0.831478
vn 0.503998 0.170632 -0.846682
vn 0.434265 0.462778 -0.772819
vn -0.372361 0.548944 0.748337
vn -0.571914 0.417190 0.706305
vn -0.338501 -0.891002 0.302542
vn -0.410237 -0.853685 0.320823
vn -0.382678 -0.734669 0.560196
vn -0.442227 -0.704446 0.555150
vn -0.263274 -0.096166 0.959916
vn -0.567333 -0.290141 0.770683
vn -0.570157 -0.101867 0.815196
vn -0.519421 -0.140765 0.842845
vn -0.550445 0.090055 0.830000
vn -0.321909 -0.599441 0.732834
vn -0.105177 -0.605666 0.788737
vn -0.348368 -0.023782 0.937056
vn -0.032098 -0.572436 0.819321
vn 0.209031 -0.772418 0.599731
vn 0.065088 -0.737180 0.672554
vn 0.149113 -0.836001 0.528079
vn -0.466842 -0.744458 0.477327
vn -0.518576 -0.601680 0.607503
vn -0.516698 -0.783654 0.344832
vn -0.566133 -0.660525 0.493154
vn -0.558836 -0.476831 0.678479
vn -0.546449 -0.424900 0.721702
vn -0.546479 -0.226522 0.806256
vn -0.529391 -0.021877 0.848096
vn -0.445626 0.364830 0.817507
vn -0.436168 0.521913 0.733051
vn -0.530853 0.193722 0.825025
vn -0.516265 0.183140 0.836618
vn -0.459738 0.174081 0.870825
vn -0.347773 0.135897 0.927678
vn -0.366488 0.103104 0.924693
vn -0.478561 0.268277 0.836066
vn 0.323515 -0.635865 -0.700724
vn 0.327660 -0.412021 -0.850222
vn -0.041183 -0.921830 -0.385399
vn 0.026253 0.799697 -0.599829
vn 0.124560 0.631847 -0.765019
vn -0.182845 0.530083 0.827998
vn -0.325251 0.558174 0.763318
vn -0.299224 -0.950210 -0.086983
vn 0.107339 -0.932278 -0.345452
vn 0.113950 -0.979443 -0.166453
vn -0.246699 -0.955411 0.162260
vn -0.005400 -0.783336 -0.621576
vn 0.045403 -0.838399 -0.543162
vn -0.378835 -0.842842 -0.382233
vn -0.371189 -0.719262 -0.587266
vn -0.315506 -0.672162 -0.669817
vn -0.035489 -0.794596 -0.606101
vn 0.172123 -0.912635 -0.370771
vn -0.760196 -0.600956 0.246890
vn -0.628936 -0.619793 0.469356
vn -0.815455 -0.459784 -0.351613
vn -0.841461 -0.538367 -0.045885
vn -0.704120 -0.424982 -0.568864
vn -0.615417 -0.490827 -0.616725
vn -0.586914 -0.567742 -0.577235
vn -0.287604 -0.738670 -0.609632
vn -0.085837 -0.860362 -0.502404
vn 0.061530 -0.269740 0.960965
vn 0.310834 -0.187651 0.931756
vn 0.094720 -0.585641 0.805017
vn 0.348270 -0.519646 0.780177
vn 0.373844 -0.831192 0.411536
vn 0.772705 -0.592508 -0.227732
vn 0.562390 -0.818723 -0.115799
vn 0.667944 -0.677644 0.307651
vn 0.909155 -0.391993 0.140639
vn 0.979760 -0.199250 -0.019255
vn 0.839474 -0.443445 -0.314069
vn 0.796467 -0.501918 -0.337221
vn 0.782189 -0.497284 -0.375353
vn -0.045013 -0.913341 -0.404700
vn 0.174286 -0.833082 -0.524974
vn 0.538315 -0.660022 -0.524011
vn 0.214022 -0.909125 -0.357333
vn 0.232727 -0.946727 -0.222589
vn 0.147089 -0.840974 -0.520699
vn 0.195850 -0.850337 -0.488435
vn 0.078086 -0.874297 -0.479070
vn 0.260741 -0.965260 -0.016951
vn 0.965436 -0.219520 -0.140517
vn -0.015336 -0.924281 -0.381403
vn -0.252855 -0.966996 -0.031338
vn -0.363762 -0.919489 0.149053
vn 0.250129 -0.931652 0.263554
vn 0.929512 -0.250687 -0.270487
vn -0.476842 -0.818906 0.319398
vn 0.405604 -0.257037 -0.877165
vn 0.369556 0.594166 -0.714420
vn 0.334400 0.662430 -0.670346
vn 0.412280 0.447421 -0.793624
vn 0.436705 0.284984 -0.853272
vn 0.448203 0.132064 -0.884123
vn 0.407805 0.075808 -0.909917
vn 0.421224 0.031508 -0.906409
vn 0.191920 0.732321 -0.653354
s 1
g Feet M_Skeleton R_F_Proximal_Phalanx_5
usemtl Skeleton_Feet_SG
f 2051/2279/2052 2052/2280/2053 2053/2281/2054 2054/2282/2055
f 2052/2280/2053 2051/2279/2052 2055/2283/2056 2056/2284/2057
f 2056/2284/2057 2055/2283/2056 2057/2285/2058 2058/2286/2059
f 2058/2286/2059 2057/2285/2058 2059/2287/2060 2060/2288/2061
f 2060/2288/2061 2059/2287/2060 2061/2289/2062 2062/2290/2063
f 2063/2291/2064 2051/2279/2052 2054/2282/2055 2064/2292/2065
f 2051/2279/2052 2063/2291/2064 2065/2293/2066 2055/2283/2056
f 2055/2283/2056 2065/2293/2066 2066/2294/2067 2057/2285/2058
f 2057/2285/2058 2066/2294/2067 2067/2295/2068 2059/2287/2060
f 2059/2287/2060 2067/2295/2068 2068/2296/2069 2061/2289/2062
f 2069/2297/2070 2070/2298/2071 2071/2299/2072 2072/2300/2073
f 2073/2301/2074 2069/2297/2070 2072/2300/2073 2074/2302/2075
f 2075/2303/2076 2073/2301/2074 2074/2302/2075 2076/2304/2077
f 2077/2305/2078 2075/2303/2076 2076/2304/2077 2078/2306/2079
f 2079/2307/2080 2077/2305/2078 2078/2306/2079 2080/2308/2081
f 2081/2309/2082 2079/2307/2080 2080/2308/2081 2082/2310/2083
f 2072/2300/2073 2071/2299/2072 2083/2311/2084 2084/2312/2085
f 2072/2300/2073 2084/2312/2085 2085/2313/2086 2074/2302/2075
f 2074/2302/2075 2085/2313/2086 2086/2314/2087 2076/2304/2077
f 2076/2304/2077 2086/2314/2087 2087/2315/2088 2078/2306/2079
f 2078/2306/2079 2087/2315/2088 2088/2316/2089 2080/2308/2081
f 2080/2308/2081 2088/2316/2089 2089/2317/2090 2082/2310/2083
f 2090/2318/2091 2091/2319/2092 2054/2282/2055 2053/2281/2054
f 2070/2320/2071 2092/2321/2093 2093/2322/2094 2071/2323/2072
f 2093/2322/2094 2094/2324/2095 2083/2325/2084 2071/2323/2072
f 2062/2290/2063 2095/2326/2096 2096/2327/2097 2060/2288/2061
f 2060/2288/2061 2096/2327/2097 2097/2328/2098 2058/2286/2059
f 2058/2286/2059 2097/2328/2098 2098/2329/2099 2056/2284/2057
f 2056/2284/2057 2098/2329/2099 2099/2330/2100 2052/2280/2053
f 2052/2280/2053 2099/2330/2100 2100/2331/2101 2053/2281/2054
f 2101/2332/2102 2090/2318/2091 2053/2281/2054 2100/2331/2101
f 2102/2333/2103 2103/2334/2104 2104/2335/2105 2105/2336/2106
f 2105/2336/2106 2104/2335/2105 2106/2337/2107 2107/2338/2108
f 2107/2338/2108 2106/2337/2107 2108/2339/2109 2109/2340/2110
f 2109/2340/2110 2108/2339/2109 2110/2341/2111 2111/2342/2112
f 2103/2334/2104 2112/2343/2113 2113/2344/2114 2104/2335/2105
f 2104/2335/2105 2113/2344/2114 2114/2345/2115 2106/2337/2107
f 2106/2337/2107 2114/2345/2115 2115/2346/2116 2108/2339/2109
f 2108/2339/2109 2115/2346/2116 2116/2347/2117 2117/2348/2118
f 2118/2349/2119 2119/2350/2120 2120/2351/2121 2121/2352/2122
f 2122/2353/2123 2118/2349/2119 2121/2352/2122 2123/2354/2124
f 2124/2355/2125 2122/2353/2123 2123/2354/2124 2125/2356/2126
f 2126/2357/2127 2124/2355/2125 2125/2356/2126 2127/2358/2128
f 2120/2351/2121 2128/2359/2129 2129/2360/2130 2121/2352/2122
f 2121/2352/2122 2129/2360/2130 2130/2361/2131 2123/2354/2124
f 2123/2354/2124 2130/2361/2131 2131/2362/2132 2125/2356/2126
f 2125/2356/2126 2131/2362/2132 2132/2363/2133 2127/2358/2128
f 2062/2290/2063 2061/2289/2062 2103/2334/2104 2102/2333/2103
f 2061/2289/2062 2068/2296/2069 2112/2343/2113 2103/2334/2104
f 2119/2350/2120 2081/2309/2082 2082/2310/2083 2120/2351/2121
f 2082/2310/2083 2089/2317/2090 2128/2359/2129 2120/2351/2121
f 2133/2364/2134 2134/2365/2135 2127/2358/2128 2132/2363/2133
f 2134/2365/2135 2135/2366/2136 2126/2357/2127 2127/2358/2128
f 2116/2347/2117 2136/2367/2137 2137/2368/2138 2117/2348/2118
f 2137/2368/2138 2138/2369/2139 2110/2341/2111 2117/2348/2118
f 2139/2370/2140 2109/2340/2110 2111/2342/2112 2140/2371/2141
f 2109/2340/2110 2139/2370/2140 2141/2372/2142 2107/2338/2108
f 2107/2338/2108 2141/2372/2142 2142/2373/2143 2105/2336/2106
f 2105/2336/2106 2142/2373/2143 2143/2374/2144 2102/2333/2103
f 2102/2333/2103 2143/2374/2144 2095/2326/2096 2062/2290/2063
f 2138/2369/2139 2137/2368/2138 2144/2375/2145 2145/2376/2146
f 2137/2368/2138 2136/2367/2137 2146/2377/2147 2144/2375/2145
f 2144/2375/2145 2146/2377/2147 2147/2378/2148 2148/2379/2149
f 2149/2380/2150 2150/2381/2151 2151/2382/2152 2152/2383/2153
f 2153/2384/2154 2154/2385/2155 2155/2386/2156 2156/2387/2157
f 2157/2388/2158 2153/2384/2154 2156/2387/2157 2158/2389/2159
f 2159/2390/2160 2160/2391/2161 2161/2392/2162 2162/2393/2163
f 2163/2394/2164 2164/2395/2165 2165/2396/2166 2166/2397/2167
f 2167/2398/2168 2168/2399/2169 2169/2400/2170 2170/2401/2171
f 2171/2402/2172 2172/2403/2173 2173/2404/2174 2174/2405/2175
f 2161/2392/2162 2175/2406/2176 2176/2407/2177 2162/2393/2163
f 2164/2395/2165 2177/2408/2178 2178/2409/2179 2165/2396/2166
f 2179/2410/2180 2180/2411/2181 2181/2412/2182 2182/2413/2183
f 2183/2414/2184 2179/2410/2180 2184/2415/2185 2185/2416/2186
f 2186/2417/2187 2187/2418/2188 2188/2419/2189 2189/2420/2190
f 2190/2421/2191 2191/2422/2192 2192/2423/2193 2193/2424/2194
f 2191/2422/2192 2190/2421/2191 2194/2425/2195 2195/2426/2196
f 2195/2426/2196 2194/2425/2195 2196/2427/2197 2197/2428/2198
f 2197/2428/2198 2196/2427/2197 2198/2429/2199 2199/2430/2200
f 2199/2430/2200 2198/2429/2199 2200/2431/2201 2201/2432/2202
f 2202/2433/2203 2190/2434/2191 2193/2435/2194 2203/2436/2204
f 2190/2434/2191 2202/2433/2203 2204/2437/2205 2194/2438/2195
f 2194/2438/2195 2204/2437/2205 2205/2439/2206 2196/2440/2197
f 2196/2440/2197 2205/2439/2206 2206/2441/2207 2198/2442/2199
f 2198/2442/2199 2206/2441/2207 2207/2443/2208 2200/2444/2201
f 2208/2445/2209 2202/2433/2203 2203/2436/2204 2209/2446/2210
f 2202/2433/2203 2208/2445/2209 2210/2447/2211 2204/2437/2205
f 2204/2437/2205 2210/2447/2211 2211/2448/2212 2205/2439/2206
f 2205/2439/2206 2211/2448/2212 2212/2449/2213 2206/2441/2207
f 2206/2441/2207 2212/2449/2213 2213/2450/2214 2207/2443/2208
f 2214/2451/2215 2215/2452/2216 2193/2424/2194 2192/2423/2193
f 2215/2453/2216 2216/2454/2217 2203/2436/2204 2193/2435/2194
f 2216/2454/2217 2217/2455/2218 2209/2446/2210 2203/2436/2204
f 2217/2455/2218 2101/2332/2102 2100/2331/2101 2209/2446/2210
f 2099/2330/2100 2208/2445/2209 2209/2446/2210 2100/2331/2101
f 2208/2445/2209 2099/2330/2100 2098/2329/2099 2210/2447/2211
f 2210/2447/2211 2098/2329/2099 2097/2328/2098 2211/2448/2212
f 2211/2448/2212 2097/2328/2098 2096/2327/2097 2212/2449/2213
f 2212/2449/2213 2096/2327/2097 2095/2326/2096 2213/2450/2214
f 2201/2432/2202 2218/2456/2219 2219/2457/2220 2199/2430/2200
f 2199/2430/2200 2219/2457/2220 2220/2458/2221 2197/2428/2198
f 2197/2428/2198 2220/2458/2221 2221/2459/2222 2195/2426/2196
f 2195/2426/2196 2221/2459/2222 2222/2460/2223 2191/2422/2192
f 2191/2422/2192 2222/2460/2223 2223/2461/2224 2192/2423/2193
f 2224/2462/2225 2214/2451/2215 2192/2423/2193 2223/2461/2224
f 2225/2463/2226 2226/2464/2227 2227/2465/2228 2228/2466/2229
f 2228/2466/2229 2227/2465/2228 2229/2467/2230 2230/2468/2231
f 2230/2468/2231 2229/2467/2230 2231/2469/2232 2232/2470/2233
f 2232/2470/2233 2231/2469/2232 2233/2471/2234 2234/2472/2235
f 2226/2473/2227 2235/2474/2236 2236/2475/2237 2227/2476/2228
f 2227/2476/2228 2236/2475/2237 2237/2477/2238 2229/2478/2230
f 2229/2478/2230 2237/2477/2238 2238/2479/2239 2231/2480/2232
f 2231/2480/2232 2238/2479/2239 2239/2481/2240 2233/2482/2234
f 2235/2474/2236 2240/2483/2241 2241/2484/2242 2236/2475/2237
f 2236/2475/2237 2241/2484/2242 2242/2485/2243 2237/2477/2238
f 2237/2477/2238 2242/2485/2243 2243/2486/2244 2238/2479/2239
f 2238/2479/2239 2243/2486/2244 2244/2487/2245 2239/2481/2240
f 2201/2432/2202 2200/2431/2201 2226/2464/2227 2225/2463/2226
f 2200/2444/2201 2207/2443/2208 2235/2474/2236 2226/2473/2227
f 2207/2443/2208 2213/2450/2214 2240/2483/2241 2235/2474/2236
f 2213/2450/2214 2095/2326/2096 2143/2374/2144 2240/2483/2241
f 2240/2483/2241 2143/2374/2144 2142/2373/2143 2241/2484/2242
f 2241/2484/2242 2142/2373/2143 2141/2372/2142 2242/2485/2243
f 2242/2485/2243 2141/2372/2142 2139/2370/2140 2243/2486/2244
f 2140/2371/2141 2111/2342/2112 2245/2488/2246 2246/2489/2247
f 2247/2490/2248 2248/2491/2249 2239/2481/2240 2244/2487/2245
f 2248/2491/2249 2249/2492/2250 2233/2482/2234 2239/2481/2240
f 2249/2493/2250 2250/2494/2251 2234/2472/2235 2233/2471/2234
f 2250/2494/2251 2251/2495/2252 2252/2496/2253 2234/2472/2235
f 2234/2472/2235 2252/2496/2253 2253/2497/2254 2232/2470/2233
f 2232/2470/2233 2253/2497/2254 2254/2498/2255 2230/2468/2231
f 2230/2468/2231 2254/2498/2255 2255/2499/2256 2228/2466/2229
f 2228/2466/2229 2255/2499/2256 2256/2500/2257 2225/2463/2226
f 2225/2463/2226 2256/2500/2257 2218/2456/2219 2201/2432/2202
f 2250/2494/2251 2249/2493/2250 2257/2501/2258 2258/2502/2259
f 2258/2502/2259 2257/2501/2258 2259/2503/2260 2260/2504/2261
f 2260/2504/2261 2259/2503/2260 2261/2505/2262 2262/2506/2263
f 2262/2506/2263 2261/2505/2262 2263/2507/2264 2264/2508/2265
f 2264/2508/2265 2263/2507/2264 2265/2509/2266 2266/2510/2267
f 2267/2511/2268 2268/2512/2269 2269/2513/2270 2270/2514/2271
f 2249/2492/2250 2248/2491/2249 2271/2515/2272 2257/2516/2258
f 2257/2516/2258 2271/2515/2272 2272/2517/2273 2259/2518/2260
f 2259/2518/2260 2272/2517/2273 2273/2519/2274 2261/2520/2262
f 2261/2520/2262 2273/2519/2274 2274/2521/2275 2263/2522/2264
f 2263/2522/2264 2274/2521/2275 2275/2523/2276 2265/2524/2266
f 2268/2512/2269 2276/2525/2277 2277/2526/2278 2269/2513/2270
f 2278/2527/2279 2246/2489/2247 2245/2488/2246 2279/2528/2280
f 2280/2529/2281 2281/2530/2282 2186/2417/2187 2189/2420/2190
f 2282/2531/2283 2267/2511/2268 2270/2514/2271 2283/2532/2284
f 2266/2510/2267 2284/2533/2285 2285/2534/2286 2264/2508/2265
f 2264/2508/2265 2285/2534/2286 2286/2535/2287 2262/2506/2263
f 2262/2506/2263 2286/2535/2287 2287/2536/2288 2260/2504/2261
f 2260/2504/2261 2287/2536/2288 2288/2537/2289 2258/2502/2259
f 2258/2502/2259 2288/2537/2289 2251/2495/2252 2250/2494/2251
f 2289/2538/2290 2290/2539/2291 2291/2540/2292 2292/2541/2293
f 2289/2538/2290 2292/2541/2293 2293/2542/2294 2294/2543/2295
f 2294/2543/2295 2293/2542/2294 2295/2544/2296 2296/2545/2297
f 2296/2545/2297 2295/2544/2296 2297/2546/2298 2298/2547/2299
f 2298/2547/2299 2297/2546/2298 2299/2548/2300 2300/2549/2301
f 2300/2549/2301 2299/2548/2300 2301/2550/2302 2302/2551/2303
f 2292/2541/2293 2291/2540/2292 2303/2552/2304 2304/2553/2305
f 2292/2541/2293 2304/2553/2305 2305/2554/2306 2293/2542/2294
f 2293/2542/2294 2305/2554/2306 2306/2555/2307 2295/2544/2296
f 2295/2544/2296 2306/2555/2307 2307/2556/2308 2297/2546/2298
f 2297/2546/2298 2307/2556/2308 2308/2557/2309 2299/2548/2300
f 2299/2548/2300 2308/2557/2309 2309/2558/2310 2301/2550/2302
f 2304/2559/2305 2303/2560/2304 2310/2561/2311 2311/2562/2312
f 2304/2559/2305 2311/2562/2312 2312/2563/2313 2305/2564/2306
f 2305/2564/2306 2312/2563/2313 2313/2565/2314 2306/2566/2307
f 2306/2566/2307 2313/2565/2314 2314/2567/2315 2307/2568/2308
f 2307/2568/2308 2314/2567/2315 2315/2569/2316 2308/2570/2309
f 2308/2570/2309 2315/2569/2316 2316/2571/2317 2309/2572/2310
f 2317/2573/2318 2318/2574/2319 2291/2575/2292 2290/2576/2291
f 2318/2574/2319 2319/2577/2320 2303/2578/2304 2291/2575/2292
f 2319/2577/2320 2320/2579/2321 2310/2580/2311 2303/2578/2304
f 2320/2579/2321 2321/2581/2322 2322/2582/2323 2310/2580/2311
f 2311/2562/2312 2310/2561/2311 2322/2583/2323 2323/2584/2324
f 2311/2562/2312 2323/2584/2324 2324/2585/2325 2312/2563/2313
f 2312/2563/2313 2324/2585/2325 2325/2586/2326 2313/2565/2314
f 2313/2565/2314 2325/2586/2326 2326/2587/2327 2314/2567/2315
f 2314/2567/2315 2326/2587/2327 2327/2588/2328 2315/2569/2316
f 2315/2569/2316 2327/2588/2328 2328/2589/2329 2316/2571/2317
f 2302/2551/2303 2089/2317/2090 2088/2316/2089 2300/2549/2301
f 2300/2549/2301 2088/2316/2089 2087/2315/2088 2298/2547/2299
f 2298/2547/2299 2087/2315/2088 2086/2314/2087 2296/2545/2297
f 2296/2545/2297 2086/2314/2087 2085/2313/2086 2294/2543/2295
f 2294/2543/2295 2085/2313/2086 2084/2312/2085 2289/2538/2290
f 2289/2538/2290 2084/2312/2085 2083/2311/2084 2290/2539/2291
f 2290/2576/2291 2083/2325/2084 2094/2324/2095 2317/2573/2318
f 2323/2584/2324 2322/2583/2323 2329/2590/2330 2330/2591/2331
f 2323/2584/2324 2330/2591/2331 2331/2592/2332 2324/2585/2325
f 2324/2585/2325 2331/2592/2332 2332/2593/2333 2325/2586/2326
f 2325/2586/2326 2332/2593/2333 2333/2594/2334 2326/2587/2327
f 2326/2587/2327 2333/2594/2334 2334/2595/2335 2327/2588/2328
f 2327/2588/2328 2334/2595/2335 2335/2596/2336 2328/2589/2329
f 2330/2591/2331 2329/2590/2330 2336/2597/2337 2337/2598/2338
f 2330/2591/2331 2337/2598/2338 2338/2599/2339 2331/2592/2332
f 2331/2592/2332 2338/2599/2339 2339/2600/2340 2332/2593/2333
f 2332/2593/2333 2339/2600/2340 2340/2601/2341 2333/2594/2334
f 2333/2594/2334 2340/2601/2341 2341/2602/2342 2334/2595/2335
f 2334/2595/2335 2341/2602/2342 2342/2603/2343 2335/2596/2336
f 2343/2604/2344 2344/2605/2345 2345/2606/2346 2346/2607/2347
f 2347/2608/2348 2345/2606/2346 2344/2605/2345 2348/2609/2349
f 2349/2610/2350 2347/2608/2348 2348/2609/2349 2350/2611/2351
f 2351/2612/2352 2349/2610/2350 2350/2611/2351 2352/2613/2353
f 2353/2614/2354 2351/2612/2352 2352/2613/2353 2354/2615/2355
f 2355/2616/2356 2344/2605/2345 2343/2604/2344 2356/2617/2357
f 2344/2605/2345 2355/2616/2356 2357/2618/2358 2348/2609/2349
f 2348/2609/2349 2357/2618/2358 2358/2619/2359 2350/2611/2351
f 2350/2611/2351 2358/2619/2359 2359/2620/2360 2352/2613/2353
f 2352/2613/2353 2359/2620/2360 2360/2621/2361 2354/2615/2355
f 2321/2581/2322 2361/2622/2362 2329/2623/2330 2322/2582/2323
f 2361/2622/2362 2362/2624/2363 2336/2625/2337 2329/2623/2330
f 2363/2626/2364 2364/2627/2365 2356/2617/2357 2343/2604/2344
f 2364/2627/2365 2224/2462/2225 2223/2461/2224 2356/2617/2357
f 2222/2460/2223 2355/2616/2356 2356/2617/2357 2223/2461/2224
f 2355/2616/2356 2222/2460/2223 2221/2459/2222 2357/2618/2358
f 2357/2618/2358 2221/2459/2222 2220/2458/2221 2358/2619/2359
f 2358/2619/2359 2220/2458/2221 2219/2457/2220 2359/2620/2360
f 2359/2620/2360 2219/2457/2220 2218/2456/2219 2360/2621/2361
f 2365/2628/2366 2366/2629/2367 2367/2630/2368 2368/2631/2369
f 2368/2631/2369 2367/2630/2368 2369/2632/2370 2370/2633/2371
f 2370/2633/2371 2369/2632/2370 2371/2634/2372 2372/2635/2373
f 2372/2635/2373 2371/2634/2372 2373/2636/2374 2374/2637/2375
f 2366/2629/2367 2375/2638/2376 2376/2639/2377 2367/2630/2368
f 2367/2630/2368 2376/2639/2377 2377/2640/2378 2369/2632/2370
f 2369/2632/2370 2377/2640/2378 2378/2641/2379 2371/2634/2372
f 2371/2634/2372 2378/2641/2379 2379/2642/2380 2373/2636/2374
f 2380/2643/2381 2381/2644/2382 2382/2645/2383 2383/2646/2384
f 2384/2647/2385 2380/2643/2381 2383/2646/2384 2385/2648/2386
f 2386/2649/2387 2384/2647/2385 2385/2648/2386 2387/2650/2388
f 2388/2651/2389 2386/2649/2387 2387/2650/2388 2389/2652/2390
f 2382/2645/2383 2390/2653/2391 2391/2654/2392 2383/2646/2384
f 2383/2646/2384 2391/2654/2392 2392/2655/2393 2385/2648/2386
f 2385/2648/2386 2392/2655/2393 2393/2656/2394 2387/2650/2388
f 2387/2650/2388 2393/2656/2394 2394/2657/2395 2389/2652/2390
f 2328/2589/2329 2335/2596/2336 2366/2629/2367 2365/2628/2366
f 2335/2596/2336 2342/2603/2343 2375/2638/2376 2366/2629/2367
f 2381/2644/2382 2353/2614/2354 2354/2615/2355 2382/2645/2383
f 2354/2615/2355 2360/2621/2361 2390/2653/2391 2382/2645/2383
f 2360/2621/2361 2218/2456/2219 2256/2500/2257 2390/2653/2391
f 2390/2653/2391 2256/2500/2257 2255/2499/2256 2391/2654/2392
f 2391/2654/2392 2255/2499/2256 2254/2498/2255 2392/2655/2393
f 2392/2655/2393 2254/2498/2255 2253/2497/2254 2393/2656/2394
f 2393/2656/2394 2253/2497/2254 2252/2496/2253 2394/2657/2395
f 2394/2657/2395 2252/2496/2253 2251/2495/2252 2395/2658/2396
f 2395/2658/2396 2396/2659/2397 2389/2652/2390 2394/2657/2395
f 2396/2659/2397 2397/2660/2398 2388/2651/2389 2389/2652/2390
f 2379/2642/2380 2398/2661/2399 2399/2662/2400 2373/2636/2374
f 2399/2662/2400 2400/2663/2401 2374/2637/2375 2373/2636/2374
f 2400/2663/2401 2399/2662/2400 2401/2664/2402 2402/2665/2403
f 2402/2665/2403 2401/2664/2402 2403/2666/2404 2404/2667/2405
f 2404/2667/2405 2403/2666/2404 2405/2668/2406 2406/2669/2407
f 2406/2669/2407 2405/2668/2406 2407/2670/2408 2408/2671/2409
f 2408/2671/2409 2407/2670/2408 2409/2672/2410 2410/2673/2411
f 2411/2674/2412 2412/2675/2413 2413/2676/2414 2414/2677/2415
f 2399/2662/2400 2398/2661/2399 2415/2678/2416 2401/2664/2402
f 2401/2664/2402 2415/2678/2416 2416/2679/2417 2403/2666/2404
f 2403/2666/2404 2416/2679/2417 2417/2680/2418 2405/2668/2406
f 2405/2668/2406 2417/2680/2418 2418/2681/2419 2407/2670/2408
f 2407/2670/2408 2418/2681/2419 2419/2682/2420 2409/2672/2410
f 2412/2675/2413 2420/2683/2421 2421/2684/2422 2413/2676/2414
f 2422/2685/2423 2397/2660/2398 2396/2659/2397 2423/2686/2424
f 2424/2687/2425 2422/2685/2423 2423/2686/2424 2425/2688/2426
f 2426/2689/2427 2424/2687/2425 2425/2688/2426 2427/2690/2428
f 2428/2691/2429 2426/2689/2427 2427/2690/2428 2429/2692/2430
f 2430/2693/2431 2431/2694/2432 2428/2691/2429 2429/2692/2430
f 2432/2695/2433 2433/2696/2434 2434/2697/2435 2435/2698/2436
f 2396/2659/2397 2395/2658/2396 2436/2699/2437 2423/2686/2424
f 2423/2686/2424 2436/2699/2437 2437/2700/2438 2425/2688/2426
f 2425/2688/2426 2437/2700/2438 2438/2701/2439 2427/2690/2428
f 2427/2690/2428 2438/2701/2439 2439/2702/2440 2429/2692/2430
f 2429/2692/2430 2439/2702/2440 2440/2703/2441 2430/2693/2431
f 2434/2697/2435 2441/2704/2442 2442/2705/2443 2435/2698/2436
f 2395/2658/2396 2251/2495/2252 2288/2537/2289 2436/2699/2437
f 2436/2699/2437 2288/2537/2289 2287/2536/2288 2437/2700/2438
f 2437/2700/2438 2287/2536/2288 2286/2535/2287 2438/2701/2439
f 2438/2701/2439 2286/2535/2287 2285/2534/2286 2439/2702/2440
f 2439/2702/2440 2285/2534/2286 2284/2533/2285 2440/2703/2441
f 2441/2704/2442 2282/2531/2283 2283/2532/2284 2442/2705/2443
f 2443/2706/2444 2444/2707/2445 2445/2708/2446 2446/2709/2447
f 2443/2706/2444 2446/2709/2447 2447/2710/2448 2448/2711/2449
f 2448/2711/2449 2447/2710/2448 2449/2712/2450 2450/2713/2451
f 2450/2713/2451 2449/2712/2450 2451/2714/2452 2452/2715/2453
f 2445/2708/2446 2453/2716/2454 2454/2717/2455 2446/2709/2447
f 2446/2709/2447 2454/2717/2455 2455/2718/2456 2447/2710/2448
f 2447/2710/2448 2455/2718/2456 2456/2719/2457 2449/2712/2450
f 2449/2712/2450 2456/2719/2457 2457/2720/2458 2451/2714/2452
f 2458/2721/2459 2459/2722/2460 2460/2723/2461 2461/2724/2462
f 2462/2725/2463 2458/2721/2459 2461/2724/2462 2463/2726/2464
f 2464/2727/2465 2462/2725/2463 2463/2726/2464 2465/2728/2466
f 2466/2729/2467 2464/2727/2465 2465/2728/2466 2467/2730/2468
f 2460/2723/2461 2468/2731/2469 2469/2732/2470 2461/2724/2462
f 2461/2724/2462 2469/2732/2470 2470/2733/2471 2463/2726/2464
f 2463/2726/2464 2470/2733/2471 2471/2734/2472 2465/2728/2466
f 2465/2728/2466 2471/2734/2472 2472/2735/2473 2467/2730/2468
f 2473/2736/2474 2474/2737/2475 2475/2738/2476 2476/2739/2477
f 2477/2740/2478 2478/2741/2479 2479/2742/2480 2480/2743/2481
f 2481/2744/2482 2480/2743/2481 2479/2742/2480 2482/2745/2483
f 2483/2746/2484 2484/2747/2485 2217/2748/2218 2216/2749/2217
f 2485/2750/2486 2483/2746/2484 2216/2749/2217 2215/2751/2216
f 2486/2752/2487 2485/2750/2486 2215/2751/2216 2214/2753/2215
f 2487/2754/2488 2488/2755/2489 2489/2756/2490 2490/2757/2491
f 2491/2758/2492 2492/2759/2493 2493/2760/2494 2494/2761/2495
f 2494/2761/2495 2493/2760/2494 2495/2762/2496 2496/2763/2497
f 2497/2764/2498 2498/2765/2499 2499/2766/2500 2500/2767/2501
f 2500/2767/2501 2499/2766/2500 2501/2768/2502 2502/2769/2503
f 2502/2769/2503 2501/2768/2502 2503/2770/2504 2504/2771/2505
f 2505/2772/2506 2506/2773/2507 2507/2774/2508
f 2507/2774/2508 2506/2773/2507 2508/2775/2509 2509/2776/2510
f 2509/2777/2510 2508/2778/2509 2510/2779/2511 2511/2780/2512
f 2512/2781/2513 2513/2782/2514 2514/2783/2515 2506/2773/2507
f 2506/2773/2507 2514/2783/2515 2515/2784/2516 2508/2775/2509
f 2508/2778/2509 2515/2785/2516 2516/2786/2517 2510/2779/2511
f 2513/2782/2514 2517/2787/2518 2518/2788/2519 2514/2783/2515
f 2514/2783/2515 2518/2788/2519 2519/2789/2520 2515/2784/2516
f 2515/2785/2516 2519/2790/2520 2520/2791/2521 2516/2786/2517
f 2517/2787/2518 2521/2792/2522 2522/2793/2523 2518/2788/2519
f 2518/2788/2519 2522/2793/2523 2523/2794/2524 2519/2789/2520
f 2519/2790/2520 2523/2795/2524 2524/2796/2525 2520/2791/2521
f 2132/2363/2133 2131/2362/2132 2512/2781/2513 2525/2797/2526
f 2131/2362/2132 2130/2361/2131 2513/2782/2514 2512/2781/2513
f 2130/2361/2131 2129/2360/2130 2517/2787/2518 2513/2782/2514
f 2129/2360/2130 2128/2359/2129 2521/2792/2522 2517/2787/2518
f 2128/2359/2129 2089/2317/2090 2302/2551/2303 2521/2792/2522
f 2521/2792/2522 2302/2551/2303 2301/2550/2302 2522/2793/2523
f 2522/2793/2523 2301/2550/2302 2309/2558/2310 2523/2794/2524
f 2523/2795/2524 2309/2572/2310 2316/2571/2317 2524/2796/2525
f 2524/2796/2525 2316/2571/2317 2328/2589/2329 2365/2628/2366
f 2365/2628/2366 2368/2631/2369 2520/2791/2521 2524/2796/2525
f 2368/2631/2369 2370/2633/2371 2516/2786/2517 2520/2791/2521
f 2370/2633/2371 2372/2635/2373 2510/2779/2511 2516/2786/2517
f 2372/2635/2373 2374/2637/2375 2511/2780/2512 2510/2779/2511
f 2374/2637/2375 2400/2663/2401 2526/2798/2527 2511/2780/2512
f 2511/2780/2512 2526/2798/2527 2527/2799/2528 2509/2777/2510
f 2509/2776/2510 2527/2800/2528 2528/2801/2529 2507/2774/2508
f 2507/2774/2508 2528/2801/2529 2529/2802/2530 2505/2772/2506
f 2525/2797/2526 2530/2803/2531 2133/2364/2134 2132/2363/2133
f 2531/2804/2532 2532/2805/2533 2533/2806/2534 2534/2807/2535
f 2534/2807/2535 2533/2806/2534 2535/2808/2536 2536/2809/2537
f 2537/2810/2538 2538/2811/2539 2539/2812/2540 2540/2813/2541
f 2540/2813/2541 2539/2812/2540 2541/2814/2542 2542/2815/2543
f 2527/2799/2528 2526/2798/2527 2543/2816/2544 2535/2817/2536
f 2535/2817/2536 2543/2816/2544 2544/2818/2545 2536/2819/2537
f 2545/2820/2546 2546/2821/2547 2406/2669/2407 2408/2671/2409
f 2539/2822/2540 2545/2820/2546 2547/2823/2548 2541/2824/2542
f 2548/2825/2549 2549/2826/2550 2550/2827/2551 2551/2828/2552
f 2526/2798/2527 2400/2663/2401 2402/2665/2403 2543/2816/2544
f 2543/2816/2544 2402/2665/2403 2404/2667/2405 2544/2818/2545
f 2545/2820/2546 2408/2671/2409 2410/2673/2411 2547/2823/2548
f 2549/2826/2550 2411/2674/2412 2414/2677/2415 2550/2827/2551
f 2542/2815/2543 2552/2829/2553 2553/2830/2554 2540/2813/2541
f 2553/2830/2554 2554/2831/2555 2537/2810/2538 2540/2813/2541
f 2555/2832/2556 2183/2414/2184 2185/2416/2186 2556/2833/2557
f 2557/2834/2558 2558/2835/2559 2559/2836/2560 2560/2837/2561
f 2280/2529/2281 2561/2838/2562 2562/2839/2563 2281/2530/2282
f 2563/2840/2564 2564/2841/2565 2565/2842/2566 2566/2843/2567
f 2567/2844/2568 2568/2845/2569 2569/2846/2570 2570/2847/2571
f 2571/2848/2572 2572/2849/2573 2573/2850/2574 2574/2851/2575
f 2575/2852/2576 2576/2853/2577 2577/2854/2578
f 2564/2841/2565 2578/2855/2579 2579/2856/2580 2565/2842/2566
f 2568/2845/2569 2579/2856/2580 2580/2857/2581 2569/2846/2570
f 2581/2858/2582 2582/2859/2583 2583/2860/2584 2561/2838/2562
f 2584/2861/2585 2572/2849/2573 2571/2848/2572 2585/2862/2586
f 2578/2855/2579 2586/2863/2587 2587/2864/2588 2579/2856/2580
f 2588/2865/2589 2589/2866/2590 2590/2867/2591 2591/2868/2592
f 2551/2828/2552 2550/2827/2551 2585/2862/2586 2571/2848/2572
f 2592/2869/2593 2413/2676/2414 2421/2684/2422 2593/2870/2594
f 2594/2871/2595 2432/2695/2433 2435/2698/2436 2595/2872/2596
f 2595/2872/2596 2435/2698/2436 2442/2705/2443 2596/2873/2597
f 2270/2514/2271 2269/2513/2270 2597/2874/2598 2598/2875/2599
f 2560/2837/2561 2157/2388/2158 2158/2389/2159 2557/2834/2558
f 2503/2770/2504 2599/2876/2600 2600/2877/2601 2504/2771/2505
f 2484/2747/2485 2601/2878/2602 2101/2879/2102 2217/2748/2218
f 2476/2739/2477 2600/2877/2601 2599/2876/2600 2473/2736/2474
f 2090/2880/2091 2101/2879/2102 2601/2878/2602 2602/2881/2603
f 2469/2732/2470 2468/2731/2469 2603/2882/2604 2604/2883/2605
f 2470/2733/2471 2469/2732/2470 2604/2883/2605 2605/2884/2606
f 2471/2734/2472 2470/2733/2471 2605/2884/2606 2606/2885/2607
f 2472/2735/2473 2471/2734/2472 2606/2885/2607 2607/2886/2608
f 2608/2887/2609 2609/2888/2610 2224/2889/2225 2364/2890/2365
f 2214/2753/2215 2224/2889/2225 2609/2888/2610 2486/2752/2487
f 2610/2891/2611 2472/2735/2473 2607/2886/2608 2611/2892/2612
f 2467/2730/2468 2472/2735/2473 2610/2891/2611 2612/2893/2613
f 2613/2894/2614 2466/2729/2467 2467/2730/2468 2612/2893/2613
f 2451/2714/2452 2457/2720/2458 2614/2895/2615 2615/2896/2616
f 2452/2715/2453 2451/2714/2452 2615/2896/2616 2616/2897/2617
f 2495/2762/2496 2498/2765/2499 2497/2764/2498 2496/2763/2497
f 2617/2898/2618 2618/2899/2619 2611/2892/2612 2607/2886/2608
f 2607/2886/2608 2606/2885/2607 2619/2900/2620 2617/2898/2618
f 2606/2885/2607 2605/2884/2606 2620/2901/2621 2619/2900/2620
f 2605/2884/2606 2604/2883/2605 2621/2902/2622 2620/2901/2621
f 2604/2883/2605 2603/2882/2604 2622/2903/2623 2621/2902/2622
f 2481/2744/2482 2622/2903/2623 2603/2882/2604 2468/2731/2469
f 2459/2722/2460 2477/2740/2478 2480/2743/2481 2460/2723/2461
f 2476/2739/2477 2475/2738/2476 2453/2716/2454 2445/2708/2446
f 2445/2708/2446 2444/2707/2445 2600/2877/2601 2476/2739/2477
f 2504/2771/2505 2600/2877/2601 2444/2707/2445 2443/2706/2444
f 2448/2711/2449 2502/2769/2503 2504/2771/2505 2443/2706/2444
f 2450/2713/2451 2500/2767/2501 2502/2769/2503 2448/2711/2449
f 2452/2715/2453 2497/2764/2498 2500/2767/2501 2450/2713/2451
f 2496/2763/2497 2497/2764/2498 2452/2715/2453 2616/2897/2617
f 2615/2896/2616 2494/2761/2495 2496/2763/2497 2616/2897/2617
f 2614/2895/2615 2491/2758/2492 2494/2761/2495 2615/2896/2616
f 2490/2757/2491 2489/2756/2490 2613/2894/2614 2612/2893/2613
f 2623/2904/2624 2490/2757/2491 2612/2893/2613 2610/2891/2611
f 2610/2891/2611 2611/2892/2612 2618/2899/2619 2623/2904/2624
f 2414/2677/2415 2624/2905/2625 2585/2862/2586 2550/2827/2551
f 2283/2532/2284 2625/2906/2626 2596/2873/2597 2442/2705/2443
f 2626/2907/2627 2174/2405/2175 2173/2404/2174 2627/2908/2628
f 2577/2854/2578 2628/2909/2629 2629/2910/2630 2575/2852/2576
f 2579/2856/2580 2587/2864/2588 2630/2911/2631 2580/2857/2581
f 2631/2912/2632 2632/2913/2633 2633/2914/2634 2576/2853/2577
f 2598/2875/2599 2625/2906/2626 2283/2532/2284 2270/2514/2271
f 2598/2875/2599 2597/2874/2598 2583/2860/2584 2634/2915/2635
f 2592/2869/2593 2624/2905/2625 2414/2677/2415 2413/2676/2414
f 2573/2850/2574 2635/2916/2636 2636/2917/2637 2574/2851/2575
f 2580/2857/2581 2630/2911/2631 2637/2918/2638 2582/2859/2583
f 2569/2846/2570 2580/2857/2581 2582/2859/2583 2581/2858/2582
f 2570/2847/2571 2569/2846/2570 2581/2858/2582 2638/2919/2639
f 2639/2920/2640 2570/2847/2571 2638/2919/2639 2640/2921/2641
f 2641/2922/2642 2567/2844/2568 2570/2847/2571 2639/2920/2640
f 2558/2835/2559 2563/2840/2564 2566/2843/2567 2559/2836/2560
f 2628/2909/2629 2626/2907/2627 2627/2908/2628 2629/2910/2630
f 2642/2923/2643 2556/2833/2557 2635/2916/2636 2643/2924/2644
f 2644/2925/2645 2555/2832/2556 2556/2833/2557 2642/2923/2643
f 2645/2926/2646 2644/2925/2645 2642/2923/2643 2643/2924/2644
f 2646/2927/2647 2645/2926/2646 2643/2924/2644 2647/2928/2648
f 2647/2928/2648 2648/2929/2649 2631/2912/2632 2646/2927/2647
f 2648/2929/2649 2649/2930/2650 2632/2913/2633 2631/2912/2632
f 2650/2931/2651 2651/2932/2652 2652/2933/2653 2653/2934/2654
f 2653/2934/2654 2649/2930/2650 2584/2861/2585 2650/2931/2651
f 2632/2913/2633 2649/2930/2650 2653/2934/2654 2652/2933/2653
f 2654/2935/2655 2633/2914/2634 2632/2913/2633 2652/2933/2653
f 2587/2864/2588 2586/2863/2587 2655/2936/2656 2590/2867/2591
f 2630/2911/2631 2587/2864/2588 2590/2867/2591 2589/2866/2590
f 2637/2918/2638 2630/2911/2631 2589/2866/2590 2656/2937/2657
f 2634/2915/2635 2637/2918/2638 2656/2937/2657 2657/2938/2658
f 2070/2320/2071 2658/2939/2659 2659/2940/2660 2092/2321/2093
f 2064/2292/2065 2658/2941/2659 2070/2298/2071 2069/2297/2070
f 2064/2292/2065 2069/2297/2070 2073/2301/2074 2063/2291/2064
f 2063/2291/2064 2073/2301/2074 2075/2303/2076 2065/2293/2066
f 2065/2293/2066 2075/2303/2076 2077/2305/2078 2066/2294/2067
f 2066/2294/2067 2077/2305/2078 2079/2307/2080 2067/2295/2068
f 2067/2295/2068 2079/2307/2080 2081/2309/2082 2068/2296/2069
f 2068/2296/2069 2081/2309/2082 2119/2350/2120 2112/2343/2113
f 2474/2737/2475 2478/2741/2479 2477/2740/2478 2475/2738/2476
f 2112/2343/2113 2119/2350/2120 2118/2349/2119 2113/2344/2114
f 2113/2344/2114 2118/2349/2119 2122/2353/2123 2114/2345/2115
f 2114/2345/2115 2122/2353/2123 2124/2355/2125 2115/2346/2116
f 2115/2346/2116 2124/2355/2125 2126/2357/2127 2116/2347/2117
f 2116/2347/2117 2126/2357/2127 2135/2366/2136 2136/2367/2137
f 2146/2377/2147 2160/2391/2161 2159/2390/2160 2147/2378/2148
f 2151/2382/2152 2163/2394/2164 2166/2397/2167 2660/2942/2661
f 2171/2402/2172 2158/2389/2159 2156/2387/2157 2167/2398/2168
f 2661/2943/2662 2336/2625/2337 2362/2624/2363 2662/2944/2663
f 2336/2597/2337 2661/2945/2662 2346/2607/2347 2337/2598/2338
f 2337/2598/2338 2346/2607/2347 2345/2606/2346 2338/2599/2339
f 2338/2599/2339 2345/2606/2346 2347/2608/2348 2339/2600/2340
f 2339/2600/2340 2347/2608/2348 2349/2610/2350 2340/2601/2341
f 2340/2601/2341 2349/2610/2350 2351/2612/2352 2341/2602/2342
f 2341/2602/2342 2351/2612/2352 2353/2614/2354 2342/2603/2343
f 2342/2603/2343 2353/2614/2354 2381/2644/2382 2375/2638/2376
f 2488/2755/2489 2492/2759/2493 2491/2758/2492 2489/2756/2490
f 2375/2638/2376 2381/2644/2382 2380/2643/2381 2376/2639/2377
f 2376/2639/2377 2380/2643/2381 2384/2647/2385 2377/2640/2378
f 2377/2640/2378 2384/2647/2385 2386/2649/2387 2378/2641/2379
f 2378/2641/2379 2386/2649/2387 2388/2651/2389 2379/2642/2380
f 2379/2642/2380 2388/2651/2389 2397/2660/2398 2398/2661/2399
f 2398/2661/2399 2397/2660/2398 2422/2685/2423 2415/2678/2416
f 2415/2678/2416 2422/2685/2423 2424/2687/2425 2416/2679/2417
f 2416/2679/2417 2424/2687/2425 2426/2689/2427 2417/2680/2418
f 2417/2680/2418 2426/2689/2427 2428/2691/2429 2418/2681/2419
f 2418/2681/2419 2428/2691/2429 2431/2694/2432 2419/2682/2420
f 2420/2683/2421 2433/2696/2434 2432/2695/2433 2421/2684/2422
f 2421/2684/2422 2432/2695/2433 2594/2871/2595 2593/2870/2594
f 2459/2722/2460 2453/2716/2454 2475/2738/2476 2477/2740/2478
f 2453/2716/2454 2459/2722/2460 2458/2721/2459 2454/2717/2455
f 2454/2717/2455 2458/2721/2459 2462/2725/2463 2455/2718/2456
f 2455/2718/2456 2462/2725/2463 2464/2727/2465 2456/2719/2457
f 2456/2719/2457 2464/2727/2465 2466/2729/2467 2457/2720/2458
f 2457/2720/2458 2466/2729/2467 2613/2894/2614 2614/2895/2615
f 2489/2756/2490 2491/2758/2492 2614/2895/2615 2613/2894/2614
f 2564/2841/2565 2577/2854/2578 2576/2853/2577 2578/2855/2579
f 2577/2854/2578 2564/2841/2565 2563/2840/2564 2628/2909/2629
f 2628/2909/2629 2563/2840/2564 2558/2835/2559 2626/2907/2627
f 2578/2855/2579 2576/2853/2577 2633/2914/2634 2586/2863/2587
f 2663/2946/2664 2664/2947/2665 2593/2870/2594 2594/2871/2595
f 2654/2935/2655 2655/2936/2656 2586/2863/2587 2633/2914/2634
f 2557/2834/2558 2174/2405/2175 2626/2907/2627 2558/2835/2559
f 2185/2416/2186 2636/2917/2637 2635/2916/2636 2556/2833/2557
f 2155/2386/2156 2168/2399/2169 2167/2398/2168 2156/2387/2157
f 2167/2398/2168 2170/2401/2171 2172/2403/2173 2171/2402/2172
f 2665/2948/2666 2666/2949/2667 2667/2950/2668 2668/2951/2669
f 2669/2952/2670 2670/2953/2671 2671/2954/2672 2672/2955/2673
f 2673/2956/2674 2674/2957/2675 2669/2952/2670 2672/2955/2673
f 2152/2383/2153 2151/2382/2152 2660/2942/2661 2675/2958/2676
f 2276/2525/2277 2676/2959/2677 2677/2960/2678 2277/2526/2278
f 2274/2521/2275 2678/2961/2679 2679/2962/2680 2275/2523/2276
f 2273/2519/2274 2680/2963/2681 2678/2961/2679 2274/2521/2275
f 2680/2963/2681 2273/2519/2274 2272/2517/2273 2681/2964/2682
f 2271/2515/2272 2682/2965/2683 2681/2964/2682 2272/2517/2273
f 2248/2491/2249 2247/2490/2248 2682/2965/2683 2271/2515/2272
f 2673/2956/2674 2683/2966/2684 2684/2967/2685 2674/2957/2675
f 2685/2968/2686 2686/2969/2687 2548/2825/2549 2551/2828/2552
f 2687/2970/2688 2688/2971/2689 2686/2969/2687 2685/2968/2686
f 2179/2410/2180 2182/2413/2183 2689/2972/2690 2184/2415/2185
f 2687/2970/2688 2184/2415/2185 2689/2972/2690 2688/2971/2689
f 2177/2408/2178 2690/2973/2691 2691/2974/2692 2178/2409/2179
f 2552/2829/2553 2692/2975/2693 2693/2976/2694 2553/2830/2554
f 2692/2975/2693 2691/2974/2692 2690/2973/2691 2693/2976/2694
f 2693/2976/2694 2694/2977/2695 2554/2831/2555 2553/2830/2554
f 2693/2976/2694 2690/2973/2691 2695/2978/2696 2694/2977/2695
f 2696/2979/2697 2176/2407/2177 2175/2406/2176 2697/2980/2698
f 2169/2400/2170 2181/2412/2182 2180/2411/2181 2170/2401/2171
f 2150/2381/2151 2698/2981/2699 2163/2394/2164 2151/2382/2152
f 2164/2395/2165 2163/2394/2164 2698/2981/2699 2699/2982/2700
f 2177/2408/2178 2164/2395/2165 2699/2982/2700 2700/2983/2701
f 2158/2389/2159 2171/2402/2172 2174/2405/2175 2557/2834/2558
f 2666/2949/2667 2701/2984/2702 2702/2985/2703 2667/2950/2668
f 2702/2985/2703 2701/2984/2702 2154/2385/2155 2153/2384/2154
f 2669/2952/2670 2703/2986/2704 2704/2987/2705 2670/2953/2671
f 2703/2986/2704 2152/2383/2153 2675/2958/2676 2704/2987/2705
f 2674/2957/2675 2705/2988/2706 2703/2986/2704 2669/2952/2670
f 2703/2986/2704 2705/2988/2706 2149/2380/2150 2152/2383/2153
f 2706/2989/2707 2702/2985/2703 2153/2384/2154 2157/2388/2158
f 2187/2418/2188 2667/2950/2668 2702/2985/2703 2706/2989/2707
f 2546/2821/2547 2544/2818/2545 2404/2667/2405 2406/2669/2407
f 2534/2807/2535 2536/2809/2537 2538/2811/2539 2537/2810/2538
f 2531/2804/2532 2534/2807/2535 2537/2810/2538 2554/2831/2555
f 2700/2983/2701 2695/2978/2696 2690/2973/2691 2177/2408/2178
f 2695/2978/2696 2696/2979/2697 2707/2990/2708 2694/2977/2695
f 2696/2979/2697 2695/2978/2696 2700/2983/2701 2176/2407/2177
f 2694/2977/2695 2707/2990/2708 2531/2804/2532 2554/2831/2555
f 2697/2980/2698 2175/2406/2176 2133/2364/2134 2530/2803/2531
f 2529/2802/2530 2528/2801/2529 2533/2806/2534 2532/2805/2533
f 2528/2801/2529 2527/2800/2528 2535/2808/2536 2533/2806/2534
f 2162/2393/2163 2176/2407/2177 2700/2983/2701 2699/2982/2700
f 2698/2981/2699 2159/2390/2160 2162/2393/2163 2699/2982/2700
f 2159/2390/2160 2698/2981/2699 2150/2381/2151 2147/2378/2148
f 2148/2379/2149 2147/2378/2148 2150/2381/2151 2149/2380/2150
f 2245/2488/2246 2138/2369/2139 2145/2376/2146 2279/2528/2280
f 2110/2341/2111 2138/2369/2139 2245/2488/2246 2111/2342/2112
f 2146/2377/2147 2136/2367/2137 2135/2366/2136 2160/2391/2161
f 2161/2392/2162 2160/2391/2161 2135/2366/2136 2134/2365/2135
f 2134/2365/2135 2133/2364/2134 2175/2406/2176 2161/2392/2162
f 2684/2967/2685 2708/2991/2709 2705/2988/2706 2674/2957/2675
f 2708/2991/2709 2148/2379/2149 2149/2380/2150 2705/2988/2706
f 2708/2991/2709 2145/2376/2146 2144/2375/2145 2148/2379/2149
f 2279/2528/2280 2145/2376/2146 2708/2991/2709 2684/2967/2685
f 2278/2527/2279 2279/2528/2280 2684/2967/2685 2683/2966/2684
f 2269/2513/2270 2277/2526/2278 2562/2839/2563 2597/2874/2598
f 2277/2526/2278 2677/2960/2678 2281/2530/2282 2562/2839/2563
f 2677/2960/2678 2668/2951/2669 2186/2417/2187 2281/2530/2282
f 2187/2418/2188 2186/2417/2187 2668/2951/2669 2667/2950/2668
f 2676/2959/2677 2665/2948/2666 2668/2951/2669 2677/2960/2678
f 2672/2955/2673 2671/2954/2672 2679/2962/2680 2678/2961/2679
f 2673/2956/2674 2672/2955/2673 2678/2961/2679 2680/2963/2681
f 2681/2964/2682 2683/2966/2684 2673/2956/2674 2680/2963/2681
f 2682/2965/2683 2278/2527/2279 2683/2966/2684 2681/2964/2682
f 2682/2965/2683 2247/2490/2248 2246/2489/2247 2278/2527/2279
f 2185/2416/2186 2184/2415/2185 2687/2970/2688 2636/2917/2637
f 2687/2970/2688 2685/2968/2686 2574/2851/2575 2636/2917/2637
f 2685/2968/2686 2551/2828/2552 2571/2848/2572 2574/2851/2575
f 2649/2930/2650 2648/2929/2649 2572/2849/2573 2584/2861/2585
f 2573/2850/2574 2572/2849/2573 2648/2929/2649 2647/2928/2648
f 2647/2928/2648 2643/2924/2644 2635/2916/2636 2573/2850/2574
f 2709/2992/2710 2180/2411/2181 2179/2410/2180 2183/2414/2184
f 2710/2993/2711 2709/2992/2710 2183/2414/2184 2555/2832/2556
f 2709/2992/2710 2172/2403/2173 2170/2401/2171 2180/2411/2181
f 2173/2404/2174 2172/2403/2173 2709/2992/2710 2710/2993/2711
f 2711/2994/2712 2706/2989/2707 2157/2388/2158 2560/2837/2561
f 2641/2922/2642 2711/2994/2712 2560/2837/2561 2559/2836/2560
f 2188/2419/2189 2187/2418/2188 2706/2989/2707 2711/2994/2712
f 2641/2922/2642 2639/2920/2640 2188/2419/2189 2711/2994/2712
f 2189/2420/2190 2188/2419/2189 2639/2920/2640 2640/2921/2641
f 2638/2919/2639 2280/2529/2281 2189/2420/2190 2640/2921/2641
f 2638/2919/2639 2581/2858/2582 2561/2838/2562 2280/2529/2281
f 2538/2995/2539 2546/2821/2547 2545/2820/2546 2539/2822/2540
f 2536/2819/2537 2544/2818/2545 2546/2821/2547 2538/2995/2539
f 2596/2873/2597 2588/2865/2589 2591/2868/2592 2595/2872/2596
f 2590/2867/2591 2655/2936/2656 2663/2946/2664 2591/2868/2592
f 2591/2868/2592 2663/2946/2664 2594/2871/2595 2595/2872/2596
f 2634/2915/2635 2583/2860/2584 2582/2859/2583 2637/2918/2638
f 2593/2870/2594 2664/2947/2665 2651/2932/2652 2592/2869/2593
f 2651/2932/2652 2664/2947/2665 2654/2935/2655 2652/2933/2653
f 2588/2865/2589 2657/2938/2658 2656/2937/2657 2589/2866/2590
f 2625/2906/2626 2657/2938/2658 2588/2865/2589 2596/2873/2597
f 2592/2869/2593 2651/2932/2652 2650/2931/2651 2624/2905/2625
f 2598/2875/2599 2634/2915/2635 2657/2938/2658 2625/2906/2626
f 2655/2936/2656 2654/2935/2655 2664/2947/2665 2663/2946/2664
f 2650/2931/2651 2584/2861/2585 2585/2862/2586 2624/2905/2625
f 2561/2838/2562 2583/2860/2584 2597/2874/2598 2562/2839/2563
f 2244/2487/2245 2140/2371/2141 2246/2489/2247 2247/2490/2248
f 2243/2486/2244 2139/2370/2140 2140/2371/2141 2244/2487/2245
f 2696/2979/2697 2697/2980/2698 2712/2996/2713 2707/2990/2708
f 2530/2803/2531 2712/2996/2713 2697/2980/2698
f 2707/2990/2708 2712/2996/2713 2532/2805/2533 2531/2804/2532
f 2530/2803/2531 2529/2802/2530 2532/2805/2533 2712/2996/2713
f 2505/2772/2506 2529/2802/2530 2530/2803/2531 2525/2797/2526
f 2525/2797/2526 2512/2781/2513 2506/2773/2507 2505/2772/2506
f 2559/2836/2560 2566/2843/2567 2567/2844/2568 2641/2922/2642
f 2566/2843/2567 2565/2842/2566 2568/2845/2569 2567/2844/2568
f 2565/2842/2566 2579/2856/2580 2568/2845/2569
f 2627/2908/2628 2173/2404/2174 2710/2993/2711 2713/2997/2714
f 2629/2910/2630 2627/2908/2628 2713/2997/2714 2645/2926/2646
f 2575/2852/2576 2629/2910/2630 2645/2926/2646 2646/2927/2647
f 2646/2927/2647 2631/2912/2632 2576/2853/2577 2575/2852/2576
f 2713/2997/2714 2710/2993/2711 2555/2832/2556 2644/2925/2645
f 2645/2926/2646 2713/2997/2714 2644/2925/2645
f 2117/2348/2118 2110/2341/2111 2108/2339/2109
f 2091/2998/2092 2090/2880/2091 2602/2881/2603 2714/2999/2715
f 2715/3000/2716 2716/3001/2717 2623/2904/2624 2618/2899/2619
f 2717/3002/2718 2715/3000/2716 2618/2899/2619 2617/2898/2618
f 2718/3003/2719 2717/3002/2718 2617/2898/2618 2619/2900/2620
f 2719/3004/2720 2718/3003/2719 2619/2900/2620 2620/2901/2621
f 2720/3005/2721 2719/3004/2720 2620/2901/2621 2621/2902/2622
f 2721/3006/2722 2720/3005/2721 2621/2902/2622 2622/2903/2623
f 2482/2745/2483 2721/3006/2722 2622/2903/2623 2481/2744/2482
f 2490/2757/2491 2623/2904/2624 2716/3001/2717 2487/2754/2488
f 2468/2731/2469 2460/2723/2461 2480/2743/2481 2481/2744/2482
f 2662/2944/2663 2722/3007/2723 2363/3008/2364 2661/2943/2662
f 2722/3007/2723 2608/2887/2609 2364/2890/2365 2363/3008/2364
f 2714/2999/2715 2659/2940/2660 2658/2939/2659 2091/2998/2092
f 2091/2319/2092 2658/2941/2659 2064/2292/2065 2054/2282/2055
f 2661/2945/2662 2363/2626/2364 2343/2604/2344 2346/2607/2347
f 2155/3009/2156 2660/2942/2661 2166/2397/2167 2168/3010/2169
f 2660/2942/2661 2155/3009/2156 2154/3011/2155 2675/2958/2676
f 2675/2958/2676 2154/3011/2155 2701/3012/2702 2704/2987/2705
f 2169/3013/2170 2165/2396/2166 2178/2409/2179 2181/3014/2182
f 2165/2396/2166 2169/3013/2170 2168/3010/2169 2166/2397/2167
f 2181/3014/2182 2178/2409/2179 2691/2974/2692 2182/3015/2183
f 2182/3015/2183 2691/2974/2692 2692/2975/2693 2689/3016/2690
f 2266/2510/2267 2267/3017/2268 2282/3018/2283 2284/2533/2285
f 2267/3017/2268 2266/2510/2267 2265/2509/2266 2268/3019/2269
f 2268/3020/2269 2265/2524/2266 2275/2523/2276 2276/3021/2277
f 2276/3021/2277 2275/2523/2276 2679/2962/2680 2676/3022/2677
f 2284/2533/2285 2282/3018/2283 2441/3023/2442 2440/2703/2441
f 2412/3024/2413 2409/2672/2410 2419/2682/2420 2420/3025/2421
f 2409/2672/2410 2412/3024/2413 2411/3026/2412 2410/2673/2411
f 2410/2673/2411 2411/3026/2412 2549/3027/2550 2547/2823/2548
f 2420/3025/2421 2419/2682/2420 2431/2694/2432 2433/3028/2434
f 2434/3029/2435 2430/2693/2431 2440/2703/2441 2441/3023/2442
f 2430/2693/2431 2434/3029/2435 2433/3028/2434 2431/2694/2432
f 2541/2814/2542 2548/3030/2549 2686/3031/2687 2542/2815/2543
f 2548/3032/2549 2541/2824/2542 2547/2823/2548 2549/3027/2550
f 2542/2815/2543 2686/3031/2687 2688/3033/2689 2552/2829/2553
f 2552/2829/2553 2688/3033/2689 2689/3016/2690 2692/2975/2693
f 2666/3034/2667 2670/2953/2671 2704/2987/2705 2701/3012/2702
f 2670/2953/2671 2666/3034/2667 2665/3035/2666 2671/2954/2672
f 2671/2954/2672 2665/3035/2666 2676/3022/2677 2679/2962/2680
f 2093/2322/2094 2473/2736/2474 2599/2876/2600 2094/2324/2095
f 2473/2736/2474 2093/2322/2094 2092/2321/2093 2474/2737/2475
f 2474/2737/2475 2092/2321/2093 2659/2940/2660 2478/2741/2479
f 2094/2324/2095 2599/2876/2600 2503/2770/2504 2317/2573/2318
f 2317/2573/2318 2503/2770/2504 2501/2768/2502 2318/2574/2319
f 2318/2574/2319 2501/2768/2502 2499/2766/2500 2319/2577/2320
f 2319/2577/2320 2499/2766/2500 2498/2765/2499 2320/2579/2321
f 2320/2579/2321 2498/2765/2499 2495/2762/2496 2321/2581/2322
f 2321/2581/2322 2495/2762/2496 2493/2760/2494 2361/2622/2362
f 2361/2622/2362 2493/2760/2494 2492/2759/2493 2362/2624/2363
f 2362/2624/2363 2492/2759/2493 2488/2755/2489 2662/2944/2663
f 2478/2741/2479 2659/2940/2660 2714/2999/2715 2479/2742/2480
f 2479/2742/2480 2714/2999/2715 2602/2881/2603 2482/2745/2483
f 2482/2745/2483 2602/2881/2603 2601/2878/2602 2721/3006/2722
f 2483/2746/2484 2719/3004/2720 2720/3005/2721 2484/2747/2485
f 2719/3004/2720 2483/2746/2484 2485/2750/2486 2718/3003/2719
f 2484/2747/2485 2720/3005/2721 2721/3006/2722 2601/2878/2602
f 2718/3003/2719 2485/2750/2486 2486/2752/2487 2717/3002/2718
f 2717/3002/2718 2486/2752/2487 2609/2888/2610 2715/3000/2716
f 2487/2754/2488 2722/3007/2723 2662/2944/2663 2488/2755/2489
f 2722/3007/2723 2487/2754/2488 2716/3001/2717 2608/2887/2609
f 2715/3000/2716 2609/2888/2610 2608/2887/2609 2716/3001/2717
g default
v -10.946422 1.062719 9.770844
v -10.890874 1.034448 9.803740
v -10.869548 1.017927 9.797429
v -10.940752 1.037584 9.750099
v -10.771217 1.122034 9.984038
v -10.765892 1.049017 9.937576
v -10.836929 1.074922 9.907425
v -10.836069 1.136751 9.952826
v -11.006716 1.316499 9.938085
v -10.987582 1.380315 9.967348
v -10.919319 1.333688 9.997383
v -10.942892 1.286886 9.966379
v -10.861897 1.048303 9.842433
v -10.937935 1.082628 9.810482
v -10.925956 1.113748 9.862636
v -10.926547 1.164667 9.904674
v -11.089186 1.108022 9.710378
v -11.081936 1.080026 9.682076
v -11.157162 1.105089 9.663229
v -11.155525 1.128545 9.691034
v -11.094902 1.220308 9.832455
v -11.097122 1.173818 9.790194
v -11.191736 1.198728 9.759439
v -11.190454 1.247518 9.803786
v -11.150826 1.401281 9.925036
v -11.054128 1.400518 9.942974
v -11.075356 1.340498 9.917076
v -11.149222 1.347368 9.895081
v -11.282295 1.217332 9.730317
v -11.362255 1.232282 9.703171
v -11.353243 1.300619 9.761896
v -11.279270 1.274038 9.781815
v -10.854456 0.924383 9.840067
v -10.956215 0.934991 9.779252
v -10.938792 1.016580 9.746599
v -10.858067 0.998720 9.799742
v -10.919409 1.357202 10.062131
v -10.848318 1.267156 10.083921
v -10.852415 1.276308 10.024791
v -10.912781 1.346536 10.012272
v -10.857234 1.250745 10.137593
v -10.938553 1.358038 10.102674
v -10.972565 1.320680 10.167831
v -10.892405 1.217985 10.196911
v -11.010672 1.274934 10.228113
v -10.932343 1.179605 10.247791
v -11.050823 1.216802 10.266699
v -10.974508 1.141271 10.296947
v -11.082102 1.169798 10.333971
v -11.015039 1.109808 10.347717
v -11.115561 1.131136 10.402669
v -11.054157 1.080106 10.408733
v -11.083884 1.055906 10.480699
v -11.147385 1.105177 10.476401
v -11.176361 1.094419 10.557610
v -11.095748 1.040357 10.563332
v -11.209135 1.066103 10.630157
v -11.128223 1.014589 10.628660
v -11.240982 1.027799 10.696066
v -11.164129 0.985178 10.689698
v -11.270691 0.976480 10.749123
v -11.206619 0.948583 10.739447
v -11.019390 1.424966 10.064801
v -11.054187 1.377988 10.135693
v -11.083131 1.330152 10.186718
v -11.108886 1.258497 10.221282
v -11.145164 1.205659 10.312547
v -11.177901 1.164526 10.388494
v -11.208782 1.134893 10.465117
v -11.236597 1.118681 10.545925
v -11.268479 1.090452 10.623751
v -11.299489 1.053465 10.696558
v -11.323668 0.996862 10.754062
v -11.111087 1.392179 10.117929
v -11.074869 1.441282 10.048390
v -11.187718 1.431478 10.028946
v -11.215057 1.380670 10.092215
v -11.140530 1.351278 10.173238
v -11.233978 1.339986 10.153080
v -11.165770 1.280046 10.210175
v -11.250477 1.278467 10.206776
v -11.208609 1.224584 10.295288
v -11.282561 1.227983 10.276687
v -11.241846 1.182478 10.371906
v -11.311461 1.186864 10.348278
v -11.297108 1.133276 10.536057
v -11.271130 1.151506 10.450737
v -11.338295 1.156629 10.430077
v -11.364643 1.139131 10.524369
v -11.329258 1.106405 10.615875
v -11.394285 1.115114 10.603271
v -11.361089 1.071577 10.691555
v -11.420725 1.079916 10.678806
v -11.382577 1.011758 10.747841
v -11.439472 1.023592 10.734632
v -11.296832 1.398046 9.970145
v -11.322166 1.363954 10.034877
v -11.340092 1.314512 10.100630
v -11.350185 1.263490 10.167845
v -11.364939 1.216943 10.235607
v -11.384509 1.176458 10.308831
v -11.412331 1.148653 10.387665
v -11.447117 1.136800 10.471128
v -11.472889 1.108774 10.548406
v -11.493705 1.073385 10.624300
v -11.503696 1.024011 10.691977
v -10.997286 1.417585 10.026249
v -10.983038 1.397565 9.980865
v -11.173543 1.431699 9.985447
v -11.061162 1.437265 10.003988
v -11.050797 1.418520 9.956257
v -11.152746 1.416612 9.938101
v -11.374726 1.380136 9.857397
v -11.271228 1.401743 9.932573
v -11.237293 1.393316 9.893864
v -11.322744 1.368604 9.831512
v -11.491640 0.969606 10.733122
v -11.450013 0.954210 10.760727
v -11.404369 0.940004 10.778442
v -11.344709 0.926683 10.789687
v -11.289841 0.914098 10.784035
v -11.254047 0.905531 10.774496
v -11.412123 1.380338 9.884615
v -11.478968 1.313757 9.802409
v -11.514223 1.277784 9.880856
v -11.439606 1.345117 9.961203
v -11.529264 1.226175 10.003422
v -11.449072 1.286516 10.052027
v -11.478663 1.163713 10.073738
v -11.427090 1.224836 10.117823
v -11.478466 1.132021 10.135540
v -11.432222 1.184644 10.185227
v -11.492440 1.097997 10.212432
v -11.448183 1.146917 10.260676
v -11.478642 1.120828 10.338219
v -11.527250 1.071153 10.289493
v -11.590636 1.057191 10.363219
v -11.526356 1.112764 10.415251
v -11.605312 1.022668 10.449450
v -11.547050 1.079996 10.495648
v -11.596811 0.985006 10.534716
v -11.553371 1.041040 10.575447
v -11.574139 0.942335 10.617697
v -11.546146 0.991788 10.651691
v -11.498325 1.218328 9.724556
v -11.539069 1.180639 9.801744
v -11.552296 1.135805 9.939396
v -11.504167 1.089037 10.015549
v -11.497847 1.065672 10.088269
v -11.509056 1.035646 10.170250
v -11.545492 1.005159 10.246027
v -11.618279 0.976900 10.310432
v -11.628998 0.944185 10.401571
v -11.606491 0.917734 10.491177
v -11.580345 0.885591 10.582067
v -11.461723 1.107137 9.689844
v -11.510653 1.068273 9.754921
v -11.521969 1.032400 9.876681
v -11.496894 1.016046 9.966129
v -11.484009 0.996591 10.055537
v -11.491739 0.969278 10.143555
v -11.523531 0.937212 10.219302
v -11.586088 0.892400 10.274673
v -11.596617 0.863420 10.365160
v -11.580019 0.850431 10.457476
v -11.561630 0.829187 10.553033
v -11.438010 1.313284 9.777422
v -11.377813 1.307668 9.759184
v -11.453352 1.226366 9.706415
v -11.387957 1.233968 9.697404
v -11.415859 1.138055 9.667444
v -11.350428 1.169027 9.658147
v -11.214167 1.016016 9.678771
v -11.310951 1.069707 9.665570
v -11.243765 1.124132 9.649735
v -11.164082 1.086897 9.655994
v -11.377750 1.013868 9.695703
v -11.423326 0.971998 9.765724
v -11.440887 0.947698 9.851581
v -11.434930 0.936960 9.948325
v -11.431406 0.925378 10.047948
v -11.441093 0.904916 10.137625
v -11.467203 0.874841 10.216208
v -11.508533 0.830885 10.275601
v -11.521580 0.806654 10.361537
v -11.526394 0.790811 10.450832
v -11.525175 0.777101 10.543698
v -11.509012 0.776819 10.619110
v -11.527764 0.802316 10.640943
v -11.535967 0.846895 10.672306
v -11.529080 0.895334 10.699263
v -11.510834 0.939211 10.719589
v -11.263125 0.945982 9.718344
v -11.298103 0.894319 9.786978
v -11.315968 0.879049 9.879272
v -11.326522 0.866644 9.972826
v -11.348270 0.864103 10.063066
v -11.369618 0.850996 10.151510
v -11.392360 0.823572 10.233417
v -11.416467 0.775995 10.306370
v -11.436298 0.750513 10.391512
v -11.452602 0.733343 10.480425
v -11.462750 0.730783 10.572745
v -11.163311 0.895254 9.737591
v -11.194278 0.845781 9.814006
v -11.218536 0.837694 9.906366
v -11.239523 0.831537 9.998602
v -11.269135 0.826944 10.086125
v -11.295944 0.815565 10.173082
v -11.330561 0.790430 10.271657
v -11.348488 0.759443 10.346375
v -11.369913 0.723741 10.413486
v -11.395262 0.707147 10.499917
v -11.416380 0.709917 10.589884
v -11.120169 0.822042 9.841382
v -11.084024 0.870210 9.767233
v -10.982952 0.856527 9.822588
v -11.014967 0.806272 9.892590
v -11.148855 0.816328 9.931983
v -11.050144 0.798486 9.977397
v -11.176399 0.811987 10.021423
v -11.087521 0.792509 10.059287
v -11.197802 0.805658 10.110553
v -11.115206 0.794149 10.144943
v -11.224428 0.794912 10.197817
v -11.147285 0.786523 10.227776
v -11.286634 0.742345 10.367229
v -11.262191 0.771173 10.294938
v -11.179836 0.765226 10.305422
v -11.212175 0.719400 10.375240
v -11.312260 0.707719 10.432346
v -11.241814 0.696458 10.455127
v -11.337889 0.690874 10.518208
v -11.275217 0.683057 10.536991
v -11.358969 0.693132 10.607811
v -11.308113 0.685510 10.621040
v -10.862871 0.854089 9.889158
v -10.879805 0.795885 9.960689
v -10.915850 0.785551 10.042257
v -10.967072 0.797182 10.116846
v -11.022850 0.801309 10.190786
v -11.069033 0.796659 10.265488
v -11.099900 0.773374 10.340129
v -11.107681 0.726213 10.409729
v -11.140438 0.702264 10.484791
v -11.180890 0.691194 10.559912
v -11.225666 0.697523 10.632743
v -11.122492 0.976530 9.699179
v -11.084403 1.059103 9.675343
v -11.045252 0.952291 9.729780
v -11.013438 1.036913 9.704412
v -11.272627 0.715334 10.699860
v -11.316717 0.712499 10.699366
v -11.375475 0.714830 10.692789
v -11.430149 0.730440 10.674757
v -11.470908 0.745470 10.650681
v -10.766283 0.892500 9.964531
v -10.721083 0.976621 10.032991
v -10.747667 0.936620 10.104338
v -10.785097 0.847356 10.035653
v -10.793569 0.906465 10.168953
v -10.823275 0.818517 10.108385
v -10.876142 0.902906 10.244992
v -10.887938 0.826082 10.174899
v -10.931920 0.897302 10.287634
v -10.958597 0.836851 10.239347
v -10.982929 0.885530 10.349440
v -11.011082 0.830923 10.308376
v -11.043116 0.809606 10.381369
v -11.015144 0.863802 10.422461
v -11.020914 0.829095 10.506355
v -11.046510 0.768350 10.456981
v -11.050434 0.799722 10.582686
v -11.077097 0.737764 10.533028
v -11.098555 0.781652 10.651030
v -11.123884 0.723619 10.604513
v -11.160358 0.776628 10.706907
v -11.180906 0.729345 10.667397
v -10.715015 1.078909 10.089604
v -10.747673 1.042474 10.157944
v -10.803108 1.009718 10.207226
v -10.887762 0.991247 10.272587
v -10.935583 0.970872 10.318735
v -10.982416 0.951345 10.380760
v -11.013281 0.929376 10.453413
v -11.018106 0.903539 10.538734
v -11.048108 0.876218 10.613926
v -11.094612 0.852621 10.679621
v -11.156021 0.835313 10.730531
v -10.758202 1.178499 10.129283
v -10.792431 1.144102 10.193373
v -10.842783 1.105581 10.237216
v -10.906511 1.072179 10.279239
v -10.960989 1.044214 10.338401
v -11.006504 1.018598 10.400673
v -11.036057 0.996088 10.472931
v -11.040454 0.977583 10.556559
v -11.072243 0.951978 10.627108
v -11.115374 0.924764 10.688713
v -11.169348 0.896448 10.737657
v -10.722507 1.001241 9.995130
v -10.771046 0.938356 9.920028
v -10.790980 0.994833 9.875759
v -10.745306 1.036939 9.950200
v -10.723249 1.093668 10.048201
v -10.749743 1.115064 9.998527
v -10.766590 1.194341 10.080484
v -10.789593 1.207430 10.024188
v -11.247736 0.869989 10.779813
v -11.244034 0.821340 10.777703
v -11.248808 0.775415 10.759755
v -11.260663 0.737806 10.728561
v -11.298853 0.877382 10.797103
v -11.307876 0.822595 10.804266
v -11.316708 0.770551 10.781488
v -11.320976 0.732019 10.738312
v -11.355680 0.887247 10.801285
v -11.370291 0.830480 10.805803
v -11.382018 0.775385 10.782639
v -11.381439 0.733595 10.736408
v -11.427147 0.844614 10.786942
v -11.413365 0.900156 10.784109
v -11.458968 0.913736 10.762035
v -11.474108 0.861784 10.760170
v -11.438719 0.789869 10.765240
v -11.485420 0.809446 10.737230
v -11.437819 0.748762 10.719246
v -11.479858 0.768171 10.695576
v -11.019029 1.087801 9.735152
v -11.012891 1.058771 9.709899
v -11.020428 1.118318 9.772714
v -11.091801 1.140287 9.746086
v -11.021373 1.149660 9.818917
v -11.019314 1.195947 9.860634
v -11.085736 1.271738 9.873663
v -11.018042 1.250574 9.898596
v -10.934893 1.224557 9.938166
v -10.861734 1.209268 9.979338
v -11.172888 1.297937 9.851025
v -11.175163 1.157976 9.721174
v -10.808228 1.209287 10.008598
v -11.303027 1.358480 9.829600
v -11.245136 1.321825 9.834764
v -11.256426 1.171747 9.694752
v -11.325007 1.173708 9.665191
v -10.808985 1.012502 9.865205
v -11.228189 1.136671 9.658534
v -11.211708 1.145609 9.679126
v -11.226938 1.380308 9.884537
v -11.213659 1.353014 9.874077
v -10.891546 1.255876 9.987588
v -10.864702 1.271535 10.008951
vt 0.774090 0.060116
vt 0.772066 0.059359
vt 0.771623 0.058588
vt 0.774168 0.059059
vt 0.765135 0.064069
vt 0.765813 0.060349
vt 0.768723 0.061703
vt 0.768021 0.064700
vt 0.774648 0.071675
vt 0.774017 0.074434
vt 0.771224 0.073237
vt 0.772085 0.070999
vt 0.770637 0.060035
vt 0.773323 0.061304
vt 0.772264 0.063081
vt 0.771817 0.065513
vt 0.778856 0.061047
vt 0.778798 0.059795
vt 0.781154 0.060180
vt 0.781031 0.061325
vt 0.778258 0.066719
vt 0.778565 0.064476
vt 0.781964 0.064781
vt 0.781772 0.067213
vt 0.779874 0.074538
vt 0.776450 0.074765
vt 0.777222 0.072237
vt 0.779941 0.072169
vt 0.785333 0.064725
vt 0.788461 0.064503
vt 0.788036 0.068427
vt 0.785112 0.067745
vt 0.770564 0.055249
vt 0.774077 0.055525
vt 0.774124 0.058361
vt 0.771286 0.057932
vt 0.770126 0.075721
vt 0.766837 0.073047
vt 0.768307 0.071565
vt 0.770893 0.073969
vt 0.823589 0.048175
vt 0.819314 0.049374
vt 0.818954 0.047351
vt 0.823112 0.046286
vt 0.818593 0.045088
vt 0.822726 0.044216
vt 0.818311 0.042613
vt 0.822306 0.041922
vt 0.818257 0.039718
vt 0.821756 0.039533
vt 0.817980 0.036673
vt 0.821143 0.036766
vt 0.820615 0.033793
vt 0.817537 0.033556
vt 0.816995 0.030372
vt 0.820374 0.030786
vt 0.816765 0.027177
vt 0.820009 0.027910
vt 0.816846 0.023853
vt 0.819836 0.024754
vt 0.770497 0.010676
vt 0.774430 0.008721
vt 0.775800 0.011561
vt 0.772960 0.012675
vt 0.815715 0.050509
vt 0.815622 0.048088
vt 0.815472 0.046031
vt 0.815509 0.043522
vt 0.815360 0.039962
vt 0.815123 0.036676
vt 0.814843 0.033404
vt 0.814609 0.030163
vt 0.814485 0.026794
vt 0.814577 0.023308
vt 0.777426 0.007627
vt 0.778064 0.010951
vt 0.813697 0.048121
vt 0.814052 0.050528
vt 0.810571 0.049731
vt 0.810275 0.047579
vt 0.813406 0.046133
vt 0.810252 0.045496
vt 0.813259 0.043591
vt 0.810153 0.042917
vt 0.812700 0.039979
vt 0.809675 0.039785
vt 0.812381 0.036607
vt 0.809387 0.036562
vt 0.812280 0.029801
vt 0.812234 0.033222
vt 0.809417 0.033069
vt 0.809725 0.029311
vt 0.812199 0.026387
vt 0.809772 0.026013
vt 0.812198 0.022914
vt 0.809887 0.022788
vt 0.780484 0.010613
vt 0.780579 0.006991
vt 0.783659 0.006947
vt 0.782809 0.010580
vt 0.806568 0.049940
vt 0.806329 0.047983
vt 0.806089 0.045645
vt 0.806073 0.043014
vt 0.805984 0.040097
vt 0.805950 0.036860
vt 0.805961 0.033418
vt 0.806057 0.029919
vt 0.806285 0.026594
vt 0.806848 0.022949
vt 0.787800 0.008388
vt 0.785663 0.011191
vt 0.773632 0.077186
vt 0.773807 0.075249
vt 0.780361 0.077116
vt 0.776244 0.077519
vt 0.776269 0.075590
vt 0.779869 0.075301
vt 0.788551 0.073445
vt 0.784203 0.075325
vt 0.783166 0.073823
vt 0.786680 0.072055
vt 0.783962 0.013121
vt 0.782222 0.013330
vt 0.780511 0.013568
vt 0.778408 0.013835
vt 0.776447 0.014154
vt 0.775089 0.014439
vt 0.802684 0.051118
vt 0.799325 0.052572
vt 0.798811 0.050431
vt 0.802307 0.049137
vt 0.798793 0.047123
vt 0.802094 0.046385
vt 0.798793 0.043872
vt 0.802314 0.043514
vt 0.798823 0.041301
vt 0.802360 0.040696
vt 0.798834 0.037909
vt 0.802372 0.037373
vt 0.802366 0.033895
vt 0.798796 0.034305
vt 0.798640 0.030727
vt 0.802273 0.030467
vt 0.798866 0.027554
vt 0.802536 0.027199
vt 0.799512 0.024011
vt 0.803131 0.023617
vt 0.791021 0.010897
vt 0.793167 0.014323
vt 0.788587 0.015441
vt 0.787575 0.012944
vt 0.795224 0.054820
vt 0.795164 0.051957
vt 0.795563 0.047929
vt 0.795166 0.044825
vt 0.795343 0.041998
vt 0.795400 0.038431
vt 0.795348 0.034729
vt 0.795223 0.031139
vt 0.795231 0.028108
vt 0.795467 0.024503
vt 0.792914 0.019415
vt 0.788583 0.018402
vt 0.791175 0.055838
vt 0.791580 0.052603
vt 0.791931 0.048806
vt 0.792027 0.045835
vt 0.792076 0.042504
vt 0.792061 0.038805
vt 0.792052 0.035188
vt 0.791976 0.031771
vt 0.791608 0.028791
vt 0.791048 0.025261
vt 0.790865 0.023798
vt 0.787486 0.021189
vt 0.791268 0.069956
vt 0.788976 0.068749
vt 0.792018 0.064234
vt 0.789458 0.064378
vt 0.790780 0.058897
vt 0.787961 0.061098
vt 0.782303 0.056783
vt 0.785726 0.057669
vt 0.783915 0.060217
vt 0.781302 0.059523
vt 0.787151 0.054677
vt 0.787895 0.051722
vt 0.788270 0.048972
vt 0.788385 0.045903
vt 0.788467 0.042405
vt 0.788469 0.038899
vt 0.788460 0.035472
vt 0.788441 0.032329
vt 0.787906 0.029299
vt 0.787003 0.026111
vt 0.785476 0.023002
vt 0.783984 0.021128
vt 0.784484 0.019916
vt 0.784814 0.018053
vt 0.784800 0.016123
vt 0.784446 0.014367
vt 0.783089 0.053838
vt 0.783492 0.051003
vt 0.783812 0.048155
vt 0.783922 0.045156
vt 0.784498 0.042030
vt 0.784790 0.038719
vt 0.784738 0.035428
vt 0.784333 0.032223
vt 0.783941 0.029189
vt 0.783406 0.026220
vt 0.782714 0.023432
vt 0.779874 0.053274
vt 0.780096 0.050529
vt 0.780413 0.047762
vt 0.780636 0.044827
vt 0.781178 0.041772
vt 0.781519 0.038563
vt 0.781811 0.034722
vt 0.781521 0.031873
vt 0.781338 0.029243
vt 0.781235 0.026365
vt 0.781076 0.023630
vt 0.777783 0.050258
vt 0.777481 0.052953
vt 0.774264 0.052635
vt 0.774407 0.049933
vt 0.778029 0.047528
vt 0.774623 0.047239
vt 0.778289 0.044646
vt 0.775005 0.044457
vt 0.778342 0.041639
vt 0.775100 0.041507
vt 0.778557 0.038460
vt 0.775429 0.038396
vt 0.779136 0.031874
vt 0.779009 0.034681
vt 0.775893 0.035290
vt 0.776428 0.032194
vt 0.779238 0.029294
vt 0.776752 0.029354
vt 0.779258 0.026475
vt 0.777165 0.026560
vt 0.779220 0.023796
vt 0.777641 0.023899
vt 0.770254 0.052473
vt 0.769999 0.049727
vt 0.769975 0.047211
vt 0.770491 0.044471
vt 0.771354 0.041426
vt 0.772105 0.038298
vt 0.772619 0.035227
vt 0.772729 0.032322
vt 0.773234 0.029599
vt 0.773892 0.026802
vt 0.774948 0.024072
vt 0.779388 0.056231
vt 0.778834 0.059103
vt 0.776982 0.055861
vt 0.776609 0.058746
vt 0.776214 0.021729
vt 0.777531 0.021568
vt 0.779205 0.021361
vt 0.780858 0.021208
vt 0.782245 0.021226
vt 0.766138 0.052429
vt 0.761039 0.051799
vt 0.761375 0.048901
vt 0.765992 0.049554
vt 0.762114 0.045545
vt 0.766274 0.046944
vt 0.764034 0.042406
vt 0.766967 0.044222
vt 0.765566 0.039902
vt 0.768143 0.041040
vt 0.766474 0.037240
vt 0.769076 0.037946
vt 0.769676 0.035005
vt 0.767116 0.034728
vt 0.767417 0.031647
vt 0.769945 0.032052
vt 0.767811 0.028688
vt 0.770447 0.029166
vt 0.767728 0.025458
vt 0.771029 0.025925
vt 0.768225 0.022539
vt 0.771713 0.020567
vt 0.772983 0.022881
vt 0.834377 0.050319
vt 0.830533 0.049441
vt 0.830467 0.047429
vt 0.834207 0.047728
vt 0.830235 0.045260
vt 0.833733 0.045184
vt 0.828958 0.042108
vt 0.832593 0.041936
vt 0.828228 0.039923
vt 0.831303 0.039917
vt 0.827164 0.037283
vt 0.829892 0.037533
vt 0.828806 0.034841
vt 0.826242 0.034453
vt 0.825563 0.031520
vt 0.828003 0.032031
vt 0.825039 0.028707
vt 0.827677 0.029253
vt 0.824259 0.025686
vt 0.826954 0.026039
vt 0.767156 0.018040
vt 0.771115 0.017826
vt 0.827033 0.048715
vt 0.826932 0.046956
vt 0.826683 0.045002
vt 0.826008 0.042569
vt 0.825122 0.039850
vt 0.824254 0.037039
vt 0.823529 0.034126
vt 0.823102 0.031213
vt 0.822600 0.028376
vt 0.821960 0.025217
vt 0.767689 0.013406
vt 0.771348 0.014968
vt 0.762465 0.058317
vt 0.766688 0.055109
vt 0.768099 0.057755
vt 0.764809 0.059767
vt 0.761611 0.063441
vt 0.764066 0.063831
vt 0.762819 0.069084
vt 0.765396 0.068463
vt 0.774926 0.015766
vt 0.774934 0.017505
vt 0.775219 0.019161
vt 0.775725 0.020677
vt 0.776744 0.015444
vt 0.777050 0.017152
vt 0.777329 0.018790
vt 0.777533 0.020371
vt 0.778582 0.015183
vt 0.778825 0.016902
vt 0.779088 0.018534
vt 0.779179 0.020139
vt 0.780528 0.016671
vt 0.780495 0.014929
vt 0.782145 0.014743
vt 0.782119 0.016469
vt 0.780674 0.018337
vt 0.782193 0.018181
vt 0.780784 0.019946
vt 0.782174 0.019827
vt 0.776578 0.060669
vt 0.776607 0.059453
vt 0.776279 0.062191
vt 0.778718 0.062603
vt 0.775837 0.064003
vt 0.775439 0.066218
vt 0.777744 0.069142
vt 0.775174 0.068718
vt 0.771873 0.068244
vt 0.768765 0.068083
vt 0.780971 0.069740
vt 0.781538 0.062777
vt 0.766381 0.068355
vt 0.785951 0.071613
vt 0.783696 0.070342
vt 0.784438 0.062540
vt 0.787023 0.061600
vt 0.768768 0.058512
vt 0.783459 0.060812
vt 0.782905 0.061504
vt 0.782843 0.073197
vt 0.782371 0.072065
vt 0.769947 0.070125
vt 0.768889 0.071097
vt 0.823846 0.049449
vt 0.819994 0.050285
vt 0.826663 0.049691
vt 0.830567 0.050475
vt 0.833772 0.051552
vt 0.761170 0.054184
vt 0.795110 0.056714
vt 0.799881 0.053615
vt 0.803383 0.051931
vt 0.806813 0.051019
vt 0.810487 0.050761
vt 0.814183 0.051758
vt 0.816145 0.051623
vn 0.537255 0.655359 -0.530906
vn 0.562967 0.646029 -0.515474
vn 0.619630 0.484056 -0.617859
vn 0.561837 0.440988 -0.699907
vn 0.538904 0.457533 -0.707281
vn 0.584885 0.496346 -0.641522
vn 0.527666 0.584834 -0.616067
vn 0.496524 0.478366 -0.724313
vn 0.454877 0.337156 -0.824265
vn 0.485254 0.360735 -0.796492
vn 0.565679 0.350603 -0.746381
vn 0.511965 0.340003 -0.788854
vn 0.553166 0.641279 -0.531759
vn 0.530455 0.675713 -0.511888
vn 0.525497 0.616959 -0.585845
vn 0.515237 0.504480 -0.692843
vn 0.398334 0.702559 -0.589695
vn 0.403515 0.478436 -0.779920
vn 0.328585 0.515699 -0.791256
vn 0.355079 0.737365 -0.574640
vn 0.409355 0.567317 -0.714549
vn 0.404531 0.676885 -0.614965
vn 0.358595 0.670726 -0.649258
vn 0.366397 0.589295 -0.720059
vn 0.220943 0.538945 -0.812848
vn 0.298775 0.447569 -0.842862
vn 0.339428 0.401269 -0.850748
vn 0.298710 0.483554 -0.822769
vn 0.350118 0.647052 -0.677304
vn 0.277507 0.619163 -0.734593
vn 0.317943 0.594108 -0.738883
vn 0.371568 0.579534 -0.725312
vn 0.551596 -0.445239 -0.705339
vn 0.387057 -0.475675 -0.789886
vn 0.502326 -0.107633 -0.857953
vn 0.646424 -0.037038 -0.762079
vn 0.678579 0.726725 0.106780
vn 0.708042 0.692949 0.136008
vn 0.712622 0.614602 -0.338282
vn 0.702341 0.602872 -0.378500
vn 0.595301 0.661515 0.456086
vn 0.536074 0.713749 0.450763
vn 0.365939 0.647321 0.668629
vn 0.471740 0.554311 0.685712
vn 0.196615 0.584904 0.786912
vn 0.406914 0.464583 0.786501
vn 0.187056 0.638238 0.746768
vn 0.439206 0.474179 0.763055
vn 0.334492 0.721417 0.606360
vn 0.529453 0.530910 0.661675
vn 0.404657 0.749825 0.523465
vn 0.599711 0.581682 0.549539
vn 0.653131 0.668728 0.355279
vn 0.445020 0.817063 0.366558
vn 0.415386 0.828653 0.375219
vn 0.620700 0.685854 0.379917
vn 0.372007 0.763703 0.527606
vn 0.544680 0.620076 0.564650
vn 0.350318 0.662402 0.662194
vn 0.487968 0.537803 0.687499
vn 0.296230 0.496162 0.816132
vn 0.406345 0.396575 0.823172
vn 0.314170 0.875889 0.366218
vn 0.145135 0.755268 0.639145
vn 0.015477 0.623059 0.782022
vn 0.040974 0.672331 0.739115
vn 0.178894 0.812639 0.554630
vn 0.217316 0.847517 0.484241
vn 0.255997 0.901656 0.348543
vn 0.248651 0.906510 0.341194
vn 0.235549 0.850208 0.470812
vn 0.225467 0.736673 0.637556
vn 0.148833 0.539168 0.828943
vn -0.077587 0.816211 0.572520
vn 0.022990 0.960187 0.278412
vn -0.237084 0.949821 0.204036
vn -0.301265 0.829159 0.470887
vn -0.084887 0.677200 0.730886
vn -0.293093 0.749780 0.593234
vn -0.024275 0.694570 0.719015
vn -0.238377 0.756867 0.608547
vn 0.024849 0.852324 0.522423
vn -0.200420 0.860955 0.467534
vn 0.031304 0.900508 0.433710
vn -0.178391 0.914905 0.362113
vn 0.109940 0.949535 0.293762
vn 0.081074 0.948826 0.305216
vn -0.102496 0.967769 0.230041
vn -0.068578 0.972598 0.222147
vn 0.110007 0.905773 0.409235
vn -0.111482 0.936208 0.333295
vn 0.076097 0.794836 0.602033
vn -0.186389 0.835647 0.516675
vn -0.031131 0.560959 0.827258
vn -0.279298 0.586032 0.760631
vn -0.290842 0.946446 0.140183
vn -0.389806 0.827277 0.404555
vn -0.435396 0.733738 0.521592
vn -0.468930 0.725892 0.503176
vn -0.459874 0.803877 0.377224
vn -0.410770 0.873797 0.260284
vn -0.298318 0.947693 0.113507
vn -0.279286 0.951117 0.131816
vn -0.386842 0.883791 0.263186
vn -0.510123 0.767298 0.388623
vn -0.611263 0.520252 0.596403
vn 0.473659 0.879446 -0.047134
vn 0.541190 0.685025 -0.487703
vn -0.099080 0.974721 -0.200254
vn 0.160994 0.971965 -0.171360
vn 0.255610 0.780110 -0.571045
vn 0.067611 0.823823 -0.562801
vn -0.138919 0.920717 -0.364667
vn -0.124644 0.972544 -0.196524
vn 0.096676 0.844975 -0.525995
vn 0.109662 0.797324 -0.593506
vn -0.614187 0.260076 0.745074
vn -0.397757 0.273106 0.875901
vn -0.184469 0.314354 0.931210
vn 0.036943 0.345604 0.937653
vn 0.247237 0.323463 0.913371
vn 0.348304 0.282423 0.893824
vn -0.396301 0.916815 -0.048937
vn -0.618877 0.697175 -0.361854
vn -0.854793 0.518914 0.007617
vn -0.567948 0.776836 0.271960
vn -0.883428 0.287275 0.370172
vn -0.619635 0.604435 0.500711
vn -0.886657 0.233021 0.399426
vn -0.689980 0.548004 0.472884
vn -0.905255 0.407585 0.119947
vn -0.710361 0.655510 0.256310
vn -0.855545 0.514649 -0.056387
vn -0.648564 0.751907 0.118322
vn -0.513550 0.855940 -0.060276
vn -0.717047 0.639422 -0.277459
vn -0.761559 0.623928 -0.175336
vn -0.516353 0.856360 0.005189
vn -0.895629 0.419684 0.147359
vn -0.648208 0.729487 0.218346
vn -0.931350 0.236687 0.276708
vn -0.754324 0.569873 0.325945
vn -0.915921 0.071341 0.394968
vn -0.816108 0.329456 0.474792
vn -0.702464 0.310843 -0.640250
vn -0.961671 0.111712 -0.250420
vn -0.981585 -0.107203 0.158108
vn -0.961817 -0.115714 0.248029
vn -0.999130 0.041684 0.001354
vn -0.965391 0.119611 -0.231762
vn -0.825718 0.243378 -0.508878
vn -0.898221 0.177006 -0.402329
vn -0.996987 -0.073583 0.024549
vn -0.966131 -0.191221 0.173278
vn -0.935640 -0.239901 0.258893
vn -0.545777 -0.187009 -0.816796
vn -0.813453 -0.374594 -0.444943
vn -0.873787 -0.484797 -0.038331
vn -0.881371 -0.464877 0.084104
vn -0.915296 -0.392211 -0.091676
vn -0.870574 -0.354806 -0.340902
vn -0.717384 -0.276292 -0.639549
vn -0.731992 -0.396861 -0.553795
vn -0.812584 -0.569345 -0.124714
vn -0.834395 -0.550515 0.026798
vn -0.852766 -0.509193 0.116245
vn -0.246473 0.739947 -0.625883
vn 0.054150 0.688832 -0.722896
vn -0.323695 0.458225 -0.827799
vn -0.001435 0.566093 -0.824340
vn -0.264945 0.027676 -0.963866
vn -0.012556 0.346057 -0.938129
vn -0.014618 -0.368693 -0.929436
vn -0.113622 -0.273521 -0.955132
vn 0.053922 0.112228 -0.992218
vn 0.153666 -0.006901 -0.988099
vn -0.291891 -0.497139 -0.817100
vn -0.513340 -0.704963 -0.489397
vn -0.612776 -0.772513 -0.166521
vn -0.656307 -0.752180 -0.059054
vn -0.681679 -0.714335 -0.158236
vn -0.635275 -0.687836 -0.351152
vn -0.482892 -0.646008 -0.591176
vn -0.447738 -0.722582 -0.526693
vn -0.553555 -0.799754 -0.232317
vn -0.642252 -0.759047 -0.106583
vn -0.704473 -0.709199 0.027475
vn -0.715126 -0.683571 0.146034
vn -0.805613 -0.539504 0.244792
vn -0.864268 -0.284854 0.414607
vn -0.818886 -0.025342 0.573397
vn -0.725705 0.131395 0.675343
vn -0.164589 -0.593486 -0.787835
vn -0.341305 -0.825875 -0.448823
vn -0.409110 -0.893279 -0.186229
vn -0.436130 -0.890254 -0.131297
vn -0.457920 -0.869926 -0.183131
vn -0.422843 -0.849953 -0.314299
vn -0.276756 -0.831724 -0.481292
vn -0.217395 -0.856138 -0.468794
vn -0.342908 -0.889728 -0.301328
vn -0.451968 -0.877736 -0.159072
vn -0.518277 -0.855007 0.018784
vn -0.032531 -0.648941 -0.760143
vn -0.227517 -0.890571 -0.393853
vn -0.299384 -0.941669 -0.153718
vn -0.300015 -0.944139 -0.136352
vn -0.297339 -0.939171 -0.171891
vn -0.261523 -0.927513 -0.267070
vn -0.157061 -0.909302 -0.385359
vn -0.088208 -0.892290 -0.442761
vn -0.173582 -0.921418 -0.347647
vn -0.291622 -0.944801 -0.149357
vn -0.356438 -0.932873 0.051972
vn -0.069116 -0.936343 -0.344216
vn 0.157289 -0.696227 -0.700377
vn 0.285811 -0.699759 -0.654713
vn 0.064750 -0.941119 -0.331816
vn -0.188306 -0.974220 -0.124243
vn -0.079970 -0.993251 -0.084009
vn -0.198156 -0.974086 -0.109047
vn -0.076166 -0.996664 -0.029310
vn -0.171115 -0.976647 -0.129921
vn -0.019641 -0.998894 -0.042712
vn -0.119350 -0.968300 -0.219431
vn 0.055738 -0.986583 -0.153453
vn -0.105775 -0.887201 -0.449095
vn -0.102084 -0.925359 -0.365090
vn 0.084100 -0.926548 -0.366655
vn 0.039666 -0.909286 -0.414276
vn -0.118774 -0.933541 -0.338222
vn 0.007327 -0.970267 -0.241925
vn -0.167045 -0.978091 -0.124236
vn -0.003810 -0.998404 -0.056339
vn -0.216529 -0.971329 0.098164
vn -0.023495 -0.985023 0.170813
vn 0.488311 -0.659450 -0.571557
vn 0.331767 -0.902519 -0.274573
vn 0.133009 -0.990566 0.032972
vn 0.089503 -0.983828 0.155149
vn 0.183700 -0.974421 0.129454
vn 0.314021 -0.949315 -0.013893
vn 0.436369 -0.857083 -0.273843
vn 0.426228 -0.855288 -0.294638
vn 0.314906 -0.945840 -0.078874
vn 0.240128 -0.964996 0.105458
vn 0.198311 -0.931611 0.304587
vn 0.122115 -0.411070 -0.903388
vn 0.282199 -0.060310 -0.957458
vn 0.286792 -0.448684 -0.846423
vn 0.412653 -0.094032 -0.906022
vn 0.163509 -0.885313 0.435299
vn 0.000481 -0.923999 0.382395
vn -0.218427 -0.929936 0.295819
vn -0.403404 -0.886050 0.228429
vn -0.579394 -0.794702 0.180972
vn 0.802512 -0.502510 -0.321649
vn 0.973346 -0.227987 -0.024902
vn 0.886189 -0.350398 0.303133
vn 0.730973 -0.682048 -0.022114
vn 0.725544 -0.392369 0.565361
vn 0.523468 -0.799415 0.294817
vn 0.602799 -0.419138 0.678938
vn 0.361562 -0.816925 0.449341
vn 0.668060 -0.444611 0.596671
vn 0.441011 -0.809321 0.387956
vn 0.818798 -0.417080 0.394478
vn 0.612892 -0.763927 0.201937
vn 0.775180 -0.627231 -0.075344
vn 0.947744 -0.295190 0.121013
vn 0.957922 -0.269139 0.099750
vn 0.793324 -0.601271 -0.095445
vn 0.860111 -0.381598 0.338514
vn 0.669455 -0.729468 0.140383
vn 0.702703 -0.468413 0.535535
vn 0.515415 -0.788148 0.336407
vn 0.526779 -0.515158 0.676104
vn 0.388689 -0.779547 0.491149
vn 0.977180 0.113334 0.179652
vn 0.829775 -0.052284 0.555644
vn 0.675290 -0.088877 0.732177
vn 0.654152 -0.070412 0.753079
vn 0.745128 -0.064510 0.663794
vn 0.865288 -0.033219 0.500174
vn 0.968616 0.057839 0.241738
vn 0.969957 0.061896 0.235272
vn 0.878247 -0.019371 0.477814
vn 0.745026 -0.088689 0.661114
vn 0.575479 -0.155992 0.802802
vn 0.770898 0.525062 0.360591
vn 0.629875 0.336962 0.699796
vn 0.541905 0.221469 0.810734
vn 0.591941 0.213069 0.777308
vn 0.687751 0.252596 0.680583
vn 0.776193 0.313069 0.547277
vn 0.857499 0.408418 0.312875
vn 0.844096 0.420527 0.332653
vn 0.749118 0.353165 0.560444
vn 0.650838 0.280634 0.705446
vn 0.519020 0.175001 0.836656
vn 0.947170 -0.024268 -0.319814
vn 0.800447 -0.293191 -0.522804
vn 0.775233 0.099410 -0.623804
vn 0.798105 0.257830 -0.544566
vn 0.940393 0.284461 -0.186395
vn 0.771167 0.403481 -0.492449
vn 0.799839 0.599913 -0.019045
vn 0.718233 0.560678 -0.412046
vn 0.394206 0.122678 0.910797
vn 0.419688 -0.187902 0.888006
vn 0.364568 -0.545912 0.754368
vn 0.259530 -0.775884 0.575020
vn 0.223515 0.155068 0.962286
vn 0.189025 -0.175731 0.966120
vn 0.125950 -0.578621 0.805813
vn 0.060632 -0.814586 0.576865
vn -0.062074 0.189499 0.979917
vn -0.152497 -0.119261 0.981082
vn -0.205805 -0.551972 0.808066
vn -0.209901 -0.828967 0.518416
vn -0.413325 -0.064008 0.908331
vn -0.308892 0.167217 0.936282
vn -0.513685 0.109926 0.850908
vn -0.630761 -0.044576 0.774696
vn -0.483504 -0.470251 0.738301
vn -0.709116 -0.371805 0.599096
vn -0.459235 -0.767625 0.447050
vn -0.664150 -0.656617 0.357433
vn 0.468423 0.673204 -0.572168
vn 0.487972 0.440111 -0.753781
vn 0.467417 0.712591 -0.523197
vn 0.389892 0.732632 -0.557884
vn 0.474698 0.653642 -0.589418
vn 0.472146 0.535997 -0.699847
vn 0.387330 0.498683 -0.775430
vn 0.464218 0.454054 -0.760485
vn 0.511935 0.440907 -0.737241
vn 0.482179 0.430889 -0.762783
vn 0.345018 0.546118 -0.763360
vn 0.343091 0.744962 -0.572119
vn 0.518544 0.454687 -0.724135
vn 0.338492 0.596458 -0.727778
vn 0.372193 0.545504 -0.750931
vn 0.313900 0.741388 -0.593136
vn 0.225680 0.643930 -0.731042
vn 0.632389 0.508243 -0.584613
vn 0.248478 0.596520 -0.763166
vn 0.313013 0.766561 -0.560720
vn 0.303082 0.588852 -0.749262
vn 0.349436 0.516080 -0.782021
vn 0.487657 0.372952 -0.789365
vn 0.542199 0.417873 -0.728974
s 1
g Feet M_Skeleton R_F_Distal_Phalanx_3
usemtl Skeleton_Feet_SG
f 2723/3036/2724 2724/3037/2725 2725/3038/2726 2726/3039/2727
f 2727/3040/2728 2728/3041/2729 2729/3042/2730 2730/3043/2731
f 2731/3044/2732 2732/3045/2733 2733/3046/2734 2734/3047/2735
f 2729/3042/2730 2735/3048/2736 2736/3049/2737 2737/3050/2738
f 2729/3042/2730 2737/3050/2738 2738/3051/2739 2730/3043/2731
f 2739/3052/2740 2740/3053/2741 2741/3054/2742 2742/3055/2743
f 2743/3056/2744 2744/3057/2745 2745/3058/2746 2746/3059/2747
f 2747/3060/2748 2748/3061/2749 2749/3062/2750 2750/3063/2751
f 2751/3064/2752 2752/3065/2753 2753/3066/2754 2754/3067/2755
f 2755/3068/2756 2756/3069/2757 2757/3070/2758 2758/3071/2759
f 2759/3072/2760 2760/3073/2761 2761/3074/2762 2762/3075/2763
f 2763/3076/2764 2764/3077/2765 2765/3078/2766 2766/3079/2767
f 2766/3079/2767 2765/3078/2766 2767/3080/2768 2768/3081/2769
f 2768/3081/2769 2767/3080/2768 2769/3082/2770 2770/3083/2771
f 2770/3083/2771 2769/3082/2770 2771/3084/2772 2772/3085/2773
f 2772/3085/2773 2771/3084/2772 2773/3086/2774 2774/3087/2775
f 2775/3088/2776 2776/3089/2777 2777/3090/2778 2778/3091/2779
f 2778/3091/2779 2777/3090/2778 2779/3092/2780 2780/3093/2781
f 2780/3093/2781 2779/3092/2780 2781/3094/2782 2782/3095/2783
f 2782/3096/2783 2781/3097/2782 2783/3098/2784 2784/3099/2785
f 2764/3077/2765 2785/3100/2786 2786/3101/2787 2765/3078/2766
f 2765/3078/2766 2786/3101/2787 2787/3102/2788 2767/3080/2768
f 2767/3080/2768 2787/3102/2788 2788/3103/2789 2769/3082/2770
f 2769/3082/2770 2788/3103/2789 2789/3104/2790 2771/3084/2772
f 2771/3084/2772 2789/3104/2790 2790/3105/2791 2773/3086/2774
f 2776/3089/2777 2791/3106/2792 2792/3107/2793 2777/3090/2778
f 2777/3090/2778 2792/3107/2793 2793/3108/2794 2779/3092/2780
f 2779/3092/2780 2793/3108/2794 2794/3109/2795 2781/3094/2782
f 2781/3097/2782 2794/3110/2795 2795/3111/2796 2783/3098/2784
f 2796/3112/2797 2797/3113/2798 2798/3114/2799 2799/3115/2800
f 2800/3116/2801 2796/3112/2797 2799/3115/2800 2801/3117/2802
f 2802/3118/2803 2800/3116/2801 2801/3117/2802 2803/3119/2804
f 2804/3120/2805 2802/3118/2803 2803/3119/2804 2805/3121/2806
f 2806/3122/2807 2804/3120/2805 2805/3121/2806 2807/3123/2808
f 2808/3124/2809 2809/3125/2810 2810/3126/2811 2811/3127/2812
f 2812/3128/2813 2808/3124/2809 2811/3127/2812 2813/3129/2814
f 2814/3130/2815 2812/3128/2813 2813/3129/2814 2815/3131/2816
f 2816/3132/2817 2814/3133/2815 2815/3134/2816 2817/3135/2818
f 2798/3114/2799 2818/3136/2819 2819/3137/2820 2799/3115/2800
f 2799/3115/2800 2819/3137/2820 2820/3138/2821 2801/3117/2802
f 2801/3117/2802 2820/3138/2821 2821/3139/2822 2803/3119/2804
f 2803/3119/2804 2821/3139/2822 2822/3140/2823 2805/3121/2806
f 2805/3121/2806 2822/3140/2823 2823/3141/2824 2807/3123/2808
f 2810/3126/2811 2824/3142/2825 2825/3143/2826 2811/3127/2812
f 2811/3127/2812 2825/3143/2826 2826/3144/2827 2813/3129/2814
f 2813/3129/2814 2826/3144/2827 2827/3145/2828 2815/3131/2816
f 2815/3134/2816 2827/3146/2828 2828/3147/2829 2817/3135/2818
f 2829/3148/2830 2759/3072/2760 2762/3075/2763 2830/3149/2831
f 2831/3150/2832 2832/3151/2833 2833/3152/2834 2834/3153/2835
f 2835/3154/2836 2836/3155/2837 2837/3156/2838 2838/3157/2839
f 2839/3158/2840 2840/3159/2841 2817/3135/2818 2828/3147/2829
f 2840/3159/2841 2841/3160/2842 2816/3132/2817 2817/3135/2818
f 2795/3111/2796 2842/3161/2843 2843/3162/2844 2783/3098/2784
f 2843/3162/2844 2844/3163/2845 2784/3099/2785 2783/3098/2784
f 2845/3164/2846 2846/3165/2847 2847/3166/2848 2848/3167/2849
f 2848/3167/2849 2847/3166/2848 2849/3168/2850 2850/3169/2851
f 2850/3169/2851 2849/3168/2850 2851/3170/2852 2852/3171/2853
f 2852/3171/2853 2851/3170/2852 2853/3172/2854 2854/3173/2855
f 2854/3173/2855 2853/3172/2854 2855/3174/2856 2856/3175/2857
f 2857/3176/2858 2858/3177/2859 2859/3178/2860 2860/3179/2861
f 2860/3179/2861 2859/3178/2860 2861/3180/2862 2862/3181/2863
f 2862/3181/2863 2861/3180/2862 2863/3182/2864 2864/3183/2865
f 2864/3184/2865 2863/3185/2864 2865/3186/2866 2866/3187/2867
f 2846/3165/2847 2867/3188/2868 2868/3189/2869 2847/3166/2848
f 2847/3166/2848 2868/3189/2869 2869/3190/2870 2849/3168/2850
f 2849/3168/2850 2869/3190/2870 2870/3191/2871 2851/3170/2852
f 2851/3170/2852 2870/3191/2871 2871/3192/2872 2853/3172/2854
f 2853/3172/2854 2871/3192/2872 2872/3193/2873 2855/3174/2856
f 2858/3177/2859 2873/3194/2874 2874/3195/2875 2859/3178/2860
f 2859/3178/2860 2874/3195/2875 2875/3196/2876 2861/3180/2862
f 2861/3180/2862 2875/3196/2876 2876/3197/2877 2863/3182/2864
f 2863/3185/2864 2876/3198/2877 2877/3199/2878 2865/3186/2866
f 2867/3188/2868 2878/3200/2879 2879/3201/2880 2868/3189/2869
f 2868/3189/2869 2879/3201/2880 2880/3202/2881 2869/3190/2870
f 2869/3190/2870 2880/3202/2881 2881/3203/2882 2870/3191/2871
f 2870/3191/2871 2881/3203/2882 2882/3204/2883 2871/3192/2872
f 2871/3192/2872 2882/3204/2883 2883/3205/2884 2872/3193/2873
f 2873/3194/2874 2884/3206/2885 2885/3207/2886 2874/3195/2875
f 2874/3195/2875 2885/3207/2886 2886/3208/2887 2875/3196/2876
f 2875/3196/2876 2886/3208/2887 2887/3209/2888 2876/3197/2877
f 2876/3198/2877 2887/3210/2888 2888/3211/2889 2877/3199/2878
f 2889/3212/2890 2835/3154/2836 2838/3157/2839 2890/3213/2891
f 2891/3214/2892 2889/3212/2890 2890/3213/2891 2892/3215/2893
f 2893/3216/2894 2891/3214/2892 2892/3215/2893 2894/3217/2895
f 2895/3218/2896 2896/3219/2897 2897/3220/2898 2898/3221/2899
f 2878/3200/2879 2899/3222/2900 2900/3223/2901 2879/3201/2880
f 2879/3201/2880 2900/3223/2901 2901/3224/2902 2880/3202/2881
f 2880/3202/2881 2901/3224/2902 2902/3225/2903 2881/3203/2882
f 2881/3203/2882 2902/3225/2903 2903/3226/2904 2882/3204/2883
f 2882/3204/2883 2903/3226/2904 2904/3227/2905 2883/3205/2884
f 2884/3206/2885 2905/3228/2906 2906/3229/2907 2885/3207/2886
f 2885/3207/2886 2906/3229/2907 2907/3230/2908 2886/3208/2887
f 2886/3208/2887 2907/3230/2908 2908/3231/2909 2887/3209/2888
f 2887/3210/2888 2908/3231/2909 2909/3232/2910 2888/3211/2889
f 2888/3211/2889 2909/3232/2910 2910/3233/2911 2911/3234/2912
f 2911/3234/2912 2912/3235/2913 2877/3199/2878 2888/3211/2889
f 2912/3235/2913 2913/3236/2914 2865/3186/2866 2877/3199/2878
f 2913/3236/2914 2914/3237/2915 2866/3187/2867 2865/3186/2866
f 2914/3237/2915 2839/3158/2840 2828/3147/2829 2866/3187/2867
f 2866/3187/2867 2828/3147/2829 2827/3146/2828 2864/3184/2865
f 2864/3183/2865 2827/3145/2828 2826/3144/2827 2862/3181/2863
f 2862/3181/2863 2826/3144/2827 2825/3143/2826 2860/3179/2861
f 2860/3179/2861 2825/3143/2826 2824/3142/2825 2857/3176/2858
f 2856/3175/2857 2823/3141/2824 2822/3140/2823 2854/3173/2855
f 2854/3173/2855 2822/3140/2823 2821/3139/2822 2852/3171/2853
f 2852/3171/2853 2821/3139/2822 2820/3138/2821 2850/3169/2851
f 2850/3169/2851 2820/3138/2821 2819/3137/2820 2848/3167/2849
f 2848/3167/2849 2819/3137/2820 2818/3136/2819 2845/3164/2846
f 2899/3222/2900 2915/3238/2916 2916/3239/2917 2900/3223/2901
f 2900/3223/2901 2916/3239/2917 2917/3240/2918 2901/3224/2902
f 2901/3224/2902 2917/3240/2918 2918/3241/2919 2902/3225/2903
f 2902/3225/2903 2918/3241/2919 2919/3242/2920 2903/3226/2904
f 2903/3226/2904 2919/3242/2920 2920/3243/2921 2904/3227/2905
f 2905/3228/2906 2921/3244/2922 2922/3245/2923 2906/3229/2907
f 2906/3229/2907 2922/3245/2923 2923/3246/2924 2907/3230/2908
f 2907/3230/2908 2923/3246/2924 2924/3247/2925 2908/3231/2909
f 2908/3231/2909 2924/3247/2925 2925/3248/2926 2909/3232/2910
f 2915/3238/2916 2926/3249/2927 2927/3250/2928 2916/3239/2917
f 2916/3239/2917 2927/3250/2928 2928/3251/2929 2917/3240/2918
f 2917/3240/2918 2928/3251/2929 2929/3252/2930 2918/3241/2919
f 2918/3241/2919 2929/3252/2930 2930/3253/2931 2919/3242/2920
f 2919/3242/2920 2930/3253/2931 2931/3254/2932 2920/3243/2921
f 2921/3244/2922 2932/3255/2933 2933/3256/2934 2922/3245/2923
f 2922/3245/2923 2933/3256/2934 2934/3257/2935 2923/3246/2924
f 2923/3246/2924 2934/3257/2935 2935/3258/2936 2924/3247/2925
f 2924/3247/2925 2935/3258/2936 2936/3259/2937 2925/3248/2926
f 2937/3260/2938 2938/3261/2939 2939/3262/2940 2940/3263/2941
f 2941/3264/2942 2937/3260/2938 2940/3263/2941 2942/3265/2943
f 2943/3266/2944 2941/3264/2942 2942/3265/2943 2944/3267/2945
f 2945/3268/2946 2943/3266/2944 2944/3267/2945 2946/3269/2947
f 2947/3270/2948 2945/3268/2946 2946/3269/2947 2948/3271/2949
f 2949/3272/2950 2950/3273/2951 2951/3274/2952 2952/3275/2953
f 2953/3276/2954 2949/3272/2950 2952/3275/2953 2954/3277/2955
f 2955/3278/2956 2953/3276/2954 2954/3277/2955 2956/3279/2957
f 2957/3280/2958 2955/3278/2956 2956/3279/2957 2958/3281/2959
f 2939/3262/2940 2959/3282/2960 2960/3283/2961 2940/3263/2941
f 2940/3263/2941 2960/3283/2961 2961/3284/2962 2942/3265/2943
f 2942/3265/2943 2961/3284/2962 2962/3285/2963 2944/3267/2945
f 2944/3267/2945 2962/3285/2963 2963/3286/2964 2946/3269/2947
f 2946/3269/2947 2963/3286/2964 2964/3287/2965 2948/3271/2949
f 2951/3274/2952 2965/3288/2966 2966/3289/2967 2952/3275/2953
f 2952/3275/2953 2966/3289/2967 2967/3290/2968 2954/3277/2955
f 2954/3277/2955 2967/3290/2968 2968/3291/2969 2956/3279/2957
f 2956/3279/2957 2968/3291/2969 2969/3292/2970 2958/3281/2959
f 2970/3293/2971 2895/3218/2896 2898/3221/2899 2971/3294/2972
f 2756/3069/2757 2972/3295/2973 2973/3296/2974 2757/3070/2758
f 2974/3297/2975 2975/3298/2976 2958/3281/2959 2969/3292/2970
f 2975/3298/2976 2976/3299/2977 2957/3280/2958 2958/3281/2959
f 2936/3259/2937 2977/3300/2978 2978/3301/2979 2925/3248/2926
f 2978/3301/2979 2910/3233/2911 2909/3232/2910 2925/3248/2926
f 2979/3302/2980 2980/3303/2981 2981/3304/2982 2982/3305/2983
f 2982/3305/2983 2981/3304/2982 2983/3306/2984 2984/3307/2985
f 2984/3307/2985 2983/3306/2984 2985/3308/2986 2986/3309/2987
f 2986/3309/2987 2985/3308/2986 2987/3310/2988 2988/3311/2989
f 2988/3311/2989 2987/3310/2988 2989/3312/2990 2990/3313/2991
f 2991/3314/2992 2992/3315/2993 2993/3316/2994 2994/3317/2995
f 2994/3317/2995 2993/3316/2994 2995/3318/2996 2996/3319/2997
f 2996/3319/2997 2995/3318/2996 2997/3320/2998 2998/3321/2999
f 2998/3321/2999 2997/3322/2998 2999/3323/3000 3000/3324/3001
f 2980/3325/2981 3001/3326/3002 3002/3327/3003 2981/3328/2982
f 2981/3328/2982 3002/3327/3003 3003/3329/3004 2983/3330/2984
f 2983/3330/2984 3003/3329/3004 3004/3331/3005 2985/3332/2986
f 2985/3332/2986 3004/3331/3005 3005/3333/3006 2987/3334/2988
f 2987/3334/2988 3005/3333/3006 3006/3335/3007 2989/3336/2990
f 2992/3337/2993 3007/3338/3008 3008/3339/3009 2993/3340/2994
f 2993/3340/2994 3008/3339/3009 3009/3341/3010 2995/3342/2996
f 2995/3342/2996 3009/3341/3010 3010/3343/3011 2997/3344/2998
f 2997/3322/2998 3010/3345/3011 3011/3346/3012 2999/3323/3000
f 3001/3326/3002 3012/3347/3013 3013/3348/3014 3002/3327/3003
f 3002/3327/3003 3013/3348/3014 3014/3349/3015 3003/3329/3004
f 3003/3329/3004 3014/3349/3015 3015/3350/3016 3004/3331/3005
f 3004/3331/3005 3015/3350/3016 3016/3351/3017 3005/3333/3006
f 3005/3333/3006 3016/3351/3017 3017/3352/3018 3006/3335/3007
f 3007/3338/3008 3018/3353/3019 3019/3354/3020 3008/3339/3009
f 3008/3339/3009 3019/3354/3020 3020/3355/3021 3009/3341/3010
f 3009/3341/3010 3020/3355/3021 3021/3356/3022 3010/3343/3011
f 3010/3345/3011 3021/3357/3022 3022/3358/3023 3011/3346/3012
f 3023/3359/3024 3024/3360/3025 3025/3361/3026 3026/3362/3027
f 3027/3363/3028 3023/3359/3024 3026/3362/3027 3028/3364/3029
f 3029/3365/3030 3027/3363/3028 3028/3364/3029 3030/3366/3031
f 3013/3348/3014 3012/3347/3013 2763/3076/2764 2766/3079/2767
f 3014/3349/3015 2768/3081/2769 2770/3083/2771 3015/3350/3016
f 3015/3350/3016 2770/3083/2771 2772/3085/2773 3016/3351/3017
f 3016/3351/3017 2772/3085/2773 2774/3087/2775 3017/3352/3018
f 3018/3353/3019 2775/3088/2776 2778/3091/2779 3019/3354/3020
f 3019/3354/3020 2778/3091/2779 2780/3093/2781 3020/3355/3021
f 3020/3355/3021 2780/3093/2781 2782/3095/2783 3021/3356/3022
f 3021/3357/3022 2782/3096/2783 2784/3099/2785 3022/3358/3023
f 3022/3358/3023 2784/3099/2785 2844/3163/2845 3031/3367/3032
f 3031/3367/3032 3032/3368/3033 3011/3346/3012 3022/3358/3023
f 3032/3368/3033 3033/3369/3034 2999/3323/3000 3011/3346/3012
f 3033/3369/3034 3034/3370/3035 3000/3324/3001 2999/3323/3000
f 3034/3370/3035 2974/3297/2975 2969/3292/2970 3000/3324/3001
f 3000/3324/3001 2969/3292/2970 2968/3291/2969 2998/3321/2999
f 2998/3321/2999 2968/3291/2969 2967/3290/2968 2996/3319/2997
f 2996/3319/2997 2967/3290/2968 2966/3289/2967 2994/3317/2995
f 2994/3317/2995 2966/3289/2967 2965/3288/2966 2991/3314/2992
f 2990/3313/2991 2964/3287/2965 2963/3286/2964 2988/3311/2989
f 2988/3311/2989 2963/3286/2964 2962/3285/2963 2986/3309/2987
f 2986/3309/2987 2962/3285/2963 2961/3284/2962 2984/3307/2985
f 2984/3307/2985 2961/3284/2962 2960/3283/2961 2982/3305/2983
f 2982/3305/2983 2960/3283/2961 2959/3282/2960 2979/3302/2980
f 3031/3367/3032 3035/3371/3036 3036/3372/3037 3032/3368/3033
f 3032/3368/3033 3036/3372/3037 3037/3373/3038 3033/3369/3034
f 3033/3369/3034 3037/3373/3038 3038/3374/3039 3034/3370/3035
f 3035/3371/3036 3039/3375/3040 3040/3376/3041 3036/3372/3037
f 3036/3372/3037 3040/3376/3041 3041/3377/3042 3037/3373/3038
f 3037/3373/3038 3041/3377/3042 3042/3378/3043 3038/3374/3039
f 3043/3379/3044 3044/3380/3045 3045/3381/3046 3046/3382/3047
f 3047/3383/3048 3043/3379/3044 3046/3382/3047 3048/3384/3049
f 3049/3385/3050 3047/3383/3048 3048/3384/3049 3050/3386/3051
f 3045/3381/3046 2914/3237/2915 2913/3236/2914 3046/3382/3047
f 3046/3382/3047 2913/3236/2914 2912/3235/2913 3048/3384/3049
f 3048/3384/3049 2912/3235/2913 2911/3234/2912 3050/3386/3051
f 2844/3163/2845 2843/3162/2844 3035/3371/3036 3031/3367/3032
f 2843/3162/2844 2842/3161/2843 3039/3375/3040 3035/3371/3036
f 3044/3380/3045 2841/3160/2842 2840/3159/2841 3045/3381/3046
f 2840/3159/2841 2839/3158/2840 2914/3237/2915 3045/3381/3046
f 2910/3233/2911 2978/3301/2979 3050/3386/3051 2911/3234/2912
f 2978/3301/2979 2977/3300/2978 3049/3385/3050 3050/3386/3051
f 3042/3378/3043 2976/3299/2977 2975/3298/2976 3038/3374/3039
f 2975/3298/2976 2974/3297/2975 3034/3370/3035 3038/3374/3039
f 2776/3089/2777 2773/3086/2774 2790/3105/2791 2791/3106/2792
f 2773/3086/2774 2776/3089/2777 2775/3088/2776 2774/3087/2775
f 2774/3087/2775 2775/3088/2776 3018/3353/3019 3017/3352/3018
f 2809/3125/2810 2806/3122/2807 2807/3123/2808 2810/3126/2811
f 2810/3126/2811 2807/3123/2808 2823/3141/2824 2824/3142/2825
f 2824/3142/2825 2823/3141/2824 2856/3175/2857 2857/3176/2858
f 2857/3176/2858 2856/3175/2857 2855/3174/2856 2858/3177/2859
f 2858/3177/2859 2855/3174/2856 2872/3193/2873 2873/3194/2874
f 2873/3194/2874 2872/3193/2873 2883/3205/2884 2884/3206/2885
f 2884/3206/2885 2883/3205/2884 2904/3227/2905 2905/3228/2906
f 2905/3228/2906 2904/3227/2905 2920/3243/2921 2921/3244/2922
f 2921/3244/2922 2920/3243/2921 2931/3254/2932 2932/3255/2933
f 2950/3273/2951 2947/3270/2948 2948/3271/2949 2951/3274/2952
f 2951/3274/2952 2948/3271/2949 2964/3287/2965 2965/3288/2966
f 2965/3288/2966 2964/3287/2965 2990/3313/2991 2991/3314/2992
f 2991/3314/2992 2990/3313/2991 2989/3312/2990 2992/3315/2993
f 2992/3337/2993 2989/3336/2990 3006/3335/3007 3007/3338/3008
f 3007/3338/3008 3006/3335/3007 3017/3352/3018 3018/3353/3019
f 2739/3052/2740 3051/3387/3052 3052/3388/3053 2740/3053/2741
f 3053/3389/3054 3054/3390/3055 2744/3057/2745 3055/3391/3056
f 3055/3391/3056 2744/3057/2745 2743/3056/2744 3056/3392/3057
f 3056/3392/3057 2743/3056/2744 3057/3393/3058 3058/3394/3059
f 2731/3044/2732 2749/3062/2750 2748/3061/2749 2732/3045/2733
f 2972/3295/2973 2970/3293/2971 2971/3294/2972 2973/3296/2974
f 2832/3151/2833 2829/3148/2830 2830/3149/2831 2833/3152/2834
f 2785/3100/2786 2797/3113/2798 2796/3112/2797 2786/3101/2787
f 2786/3101/2787 2796/3112/2797 2800/3116/2801 2787/3102/2788
f 2787/3102/2788 2800/3116/2801 2802/3118/2803 2788/3103/2789
f 2788/3103/2789 2802/3118/2803 2804/3120/2805 2789/3104/2790
f 2789/3104/2790 2804/3120/2805 2806/3122/2807 2790/3105/2791
f 2790/3105/2791 2806/3122/2807 2809/3125/2810 2791/3106/2792
f 2808/3124/2809 2792/3107/2793 2791/3106/2792 2809/3125/2810
f 2792/3107/2793 2808/3124/2809 2812/3128/2813 2793/3108/2794
f 2793/3108/2794 2812/3128/2813 2814/3130/2815 2794/3109/2795
f 2794/3110/2795 2814/3133/2815 2816/3132/2817 2795/3111/2796
f 2795/3111/2796 2816/3132/2817 2841/3160/2842 2842/3161/2843
f 2842/3161/2843 2841/3160/2842 3044/3380/3045 3039/3375/3040
f 2926/3249/2927 2938/3261/2939 2937/3260/2938 2927/3250/2928
f 2927/3250/2928 2937/3260/2938 2941/3264/2942 2928/3251/2929
f 2928/3251/2929 2941/3264/2942 2943/3266/2944 2929/3252/2930
f 2929/3252/2930 2943/3266/2944 2945/3268/2946 2930/3253/2931
f 2930/3253/2931 2945/3268/2946 2947/3270/2948 2931/3254/2932
f 2931/3254/2932 2947/3270/2948 2950/3273/2951 2932/3255/2933
f 2949/3272/2950 2933/3256/2934 2932/3255/2933 2950/3273/2951
f 2933/3256/2934 2949/3272/2950 2953/3276/2954 2934/3257/2935
f 2934/3257/2935 2953/3276/2954 2955/3278/2956 2935/3258/2936
f 2935/3258/2936 2955/3278/2956 2957/3280/2958 2936/3259/2937
f 2936/3259/2937 2957/3280/2958 2976/3299/2977 2977/3300/2978
f 2977/3300/2978 2976/3299/2977 3042/3378/3043 3049/3385/3050
f 3039/3375/3040 3044/3380/3045 3043/3379/3044 3040/3376/3041
f 3040/3376/3041 3043/3379/3044 3047/3383/3048 3041/3377/3042
f 3041/3377/3042 3047/3383/3048 3049/3385/3050 3042/3378/3043
f 2730/3043/2731 2738/3051/2739 3059/3395/3060 3060/3396/3061
f 3057/3393/3058 2743/3056/2744 2746/3059/2747 3061/3397/3062
f 2744/3057/2745 3054/3390/3055 3062/3398/3063 2745/3058/2746
f 2730/3043/2731 3060/3396/3061 3063/3399/3064 2727/3040/2728
f 2753/3066/2754 3064/3400/3065 3065/3401/3066 2754/3067/2755
f 2836/3155/2837 2831/3150/2832 2834/3153/2835 2837/3156/2838
f 2896/3219/2897 2893/3216/2894 2894/3217/2895 2897/3220/2898
f 2751/3064/2752 3066/3402/3067 3067/3403/3068 2752/3065/2753
f 2728/3041/2729 3068/3404/3069 2735/3048/2736 2729/3042/2730
f 3024/3360/3025 2755/3068/2756 2758/3071/2759 3025/3361/3026
f 2741/3054/2742 3069/3405/3070 3070/3406/3071 2742/3055/2743
f 2745/3058/2746 3062/3398/3063 3066/3402/3067 2751/3064/2752
f 2746/3059/2747 2745/3058/2746 2751/3064/2752 2754/3067/2755
f 3061/3397/3062 2746/3059/2747 2754/3067/2755 3065/3401/3066
f 3071/3407/3072 2747/3060/2748 2750/3063/2751 3072/3408/3073
f 3051/3387/3052 2723/3036/2724 2726/3039/2727 3052/3388/3053
f 2737/3050/2738 2736/3049/2737 3053/3389/3054 3055/3391/3056
f 2738/3051/2739 2737/3050/2738 3055/3391/3056 3056/3392/3057
f 3059/3395/3060 2738/3051/2739 3056/3392/3057 3058/3394/3059
f 2724/3037/2725 2735/3048/2736 3068/3404/3069 2725/3038/2726
f 2736/3049/2737 2735/3048/2736 2724/3037/2725 2723/3036/2724
f 3053/3389/3054 2736/3049/2737 2723/3036/2724 3051/3387/3052
f 3051/3387/3052 2739/3052/2740 3054/3390/3055 3053/3389/3054
f 3062/3398/3063 3054/3390/3055 2739/3052/2740 2742/3055/2743
f 3066/3402/3067 3062/3398/3063 2742/3055/2743 3070/3406/3071
f 3070/3406/3071 3069/3405/3070 3067/3403/3068 3066/3402/3067
f 3064/3400/3065 3071/3407/3072 3072/3408/3073 3065/3401/3066
f 2750/3063/2751 3061/3397/3062 3065/3401/3066 3072/3408/3073
f 2749/3062/2750 3057/3393/3058 3061/3397/3062 2750/3063/2751
f 3058/3394/3059 3057/3393/3058 2749/3062/2750 2731/3044/2732
f 2734/3047/2735 3059/3395/3060 3058/3394/3059 2731/3044/2732
f 3060/3396/3061 3059/3395/3060 2734/3047/2735 3073/3409/3074
f 2733/3046/2734 3074/3410/3075 3073/3409/3074 2734/3047/2735
f 2760/3073/2761 3029/3365/3030 3030/3366/3031 2761/3074/2762
f 3073/3409/3074 3074/3410/3075 3063/3399/3064 3060/3396/3061
f 2763/3076/2764 2760/3411/2761 2759/3412/2760 2764/3077/2765
f 3029/3413/3030 2760/3411/2761 2763/3076/2764 3012/3347/3013
f 3027/3414/3028 3029/3413/3030 3012/3347/3013 3001/3326/3002
f 3023/3415/3024 3027/3414/3028 3001/3326/3002 2980/3325/2981
f 3024/3360/3025 3023/3416/3024 2980/3303/2981 2979/3302/2980
f 2959/3282/2960 2755/3068/2756 3024/3360/3025 2979/3302/2980
f 2756/3069/2757 2755/3068/2756 2959/3282/2960 2939/3262/2940
f 2972/3295/2973 2756/3069/2757 2939/3262/2940 2938/3261/2939
f 2926/3249/2927 2970/3293/2971 2972/3295/2973 2938/3261/2939
f 2915/3238/2916 2895/3218/2896 2970/3293/2971 2926/3249/2927
f 2899/3222/2900 2896/3219/2897 2895/3218/2896 2915/3238/2916
f 2893/3216/2894 2896/3219/2897 2899/3222/2900 2878/3200/2879
f 2891/3417/2892 2893/3216/2894 2878/3200/2879 2867/3188/2868
f 2889/3418/2890 2891/3417/2892 2867/3188/2868 2846/3165/2847
f 2835/3419/2836 2889/3418/2890 2846/3165/2847 2845/3164/2846
f 2818/3136/2819 2836/3420/2837 2835/3419/2836 2845/3164/2846
f 2798/3114/2799 2831/3421/2832 2836/3420/2837 2818/3136/2819
f 2832/3422/2833 2831/3421/2832 2798/3114/2799 2797/3113/2798
f 2785/3100/2786 2829/3423/2830 2832/3422/2833 2797/3113/2798
f 2764/3077/2765 2759/3412/2760 2829/3423/2830 2785/3100/2786
f 2757/3070/2758 2726/3039/2727 2725/3038/2726 2758/3071/2759
f 2726/3039/2727 2757/3070/2758 2973/3296/2974 3052/3388/3053
f 3052/3388/3053 2973/3296/2974 2971/3294/2972 2740/3053/2741
f 2894/3217/2895 3067/3403/3068 3069/3405/3070 2897/3220/2898
f 3067/3403/3068 2894/3217/2895 2892/3215/2893 2752/3065/2753
f 2752/3065/2753 2892/3215/2893 2890/3213/2891 2753/3066/2754
f 2753/3066/2754 2890/3213/2891 2838/3157/2839 3064/3400/3065
f 3064/3400/3065 2838/3157/2839 2837/3156/2838 3071/3407/3072
f 2834/3153/2835 2747/3060/2748 3071/3407/3072 2837/3156/2838
f 2747/3060/2748 2834/3153/2835 2833/3152/2834 2748/3061/2749
f 2748/3061/2749 2833/3152/2834 2830/3149/2831 2732/3045/2733
f 3030/3366/3031 3063/3399/3064 3074/3410/3075 2761/3074/2762
f 3063/3399/3064 3030/3366/3031 3028/3364/3029 2727/3040/2728
f 2727/3040/2728 3028/3364/3029 3026/3362/3027 2728/3041/2729
f 2728/3041/2729 3026/3362/3027 3025/3361/3026 3068/3404/3069
f 3068/3404/3069 3025/3361/3026 2758/3071/2759 2725/3038/2726
f 2898/3221/2899 2741/3054/2742 2740/3053/2741 2971/3294/2972
f 2741/3054/2742 2898/3221/2899 2897/3220/2898 3069/3405/3070
f 2733/3046/2734 2762/3075/2763 2761/3074/2762 3074/3410/3075
f 2762/3075/2763 2733/3046/2734 2732/3045/2733 2830/3149/2831
f 3013/3348/3014 2766/3079/2767 2768/3081/2769 3014/3349/3015
g default
v -12.580233 1.451036 8.149744
v -12.545872 1.470674 8.180525
v -12.493513 1.475969 8.211305
v -12.502110 1.423704 8.175495
v -12.611334 1.399664 8.098652
v -12.506424 1.369196 8.142036
v -12.497023 1.315836 8.108401
v -12.609401 1.330312 8.059209
v -12.582673 1.270311 8.046055
v -12.489344 1.261785 8.081089
v -12.483224 1.219694 8.068952
v -12.533641 1.240526 8.050015
v -12.408831 1.472845 8.244661
v -12.322483 1.448595 8.288006
v -12.335247 1.370584 8.264574
v -12.417278 1.396078 8.222683
v -12.419256 1.340246 8.189962
v -12.330429 1.313726 8.233954
v -12.322290 1.269357 8.191729
v -12.412749 1.295698 8.148029
v -12.409720 1.245782 8.115855
v -12.325737 1.218568 8.159521
v -12.332785 1.174619 8.146929
v -12.413357 1.198801 8.099988
v -12.245874 1.407228 8.328129
v -12.201443 1.368974 8.350159
v -12.179947 1.325670 8.346933
v -12.252380 1.347509 8.299597
v -12.241102 1.291898 8.271347
v -12.154119 1.259031 8.329672
v -12.159649 1.190302 8.292287
v -12.238836 1.239080 8.234405
v -12.254414 1.190233 8.202260
v -12.201486 1.150381 8.249319
v -12.232058 1.135706 8.224709
v -12.272844 1.154600 8.188043
v -12.411909 1.530553 8.270597
v -12.306870 1.503591 8.316821
v -12.223841 1.437486 8.362198
v -12.168621 1.380178 8.387531
v -12.116344 1.240911 8.366100
v -12.127218 1.162164 8.326330
v -12.176748 1.116922 8.270025
v -12.220705 1.103078 8.230557
v -12.335602 1.139612 8.134323
v -12.421373 1.164335 8.087442
v -12.497105 1.189970 8.055443
v -12.564353 1.218881 8.033023
v -12.687083 1.332540 8.029476
v -12.686264 1.416200 8.081765
v -12.626531 1.481683 8.145314
v -12.577585 1.501211 8.183479
v -12.540275 1.141100 8.093615
v -12.458126 1.107477 8.127435
v -12.506935 1.049196 8.195616
v -12.593407 1.095384 8.152111
v -12.534023 1.027670 8.244469
v -12.620798 1.073785 8.200390
v -12.571034 1.007036 8.323147
v -12.654051 1.052991 8.279905
v -12.605785 0.991075 8.403212
v -12.681107 1.040144 8.362736
v -12.640701 0.973966 8.484577
v -12.709953 1.021562 8.446651
v -12.686496 0.944093 8.578318
v -12.752808 0.990129 8.541620
v -12.734425 0.897482 8.650726
v -12.800076 0.956106 8.615961
v -12.759564 0.887960 8.707813
v -12.823602 0.943201 8.670923
v -12.773310 0.899332 8.763323
v -12.834369 0.942285 8.729330
v -12.370762 1.078508 8.170971
v -12.416412 1.018709 8.242831
v -12.443029 0.997533 8.291729
v -12.482492 0.976659 8.368238
v -12.521372 0.959894 8.445414
v -12.561331 0.943891 8.523674
v -12.608974 0.914579 8.615213
v -12.651073 0.867689 8.689572
v -12.678076 0.859823 8.744917
v -12.699813 0.873403 8.796176
v -12.294748 1.062444 8.226758
v -12.324778 1.002225 8.296300
v -12.350679 0.981088 8.343903
v -12.391880 0.962034 8.417108
v -12.434240 0.949236 8.490095
v -12.479115 0.937334 8.564309
v -12.528833 0.909658 8.652190
v -12.564081 0.871286 8.728113
v -12.591239 0.860395 8.779165
v -12.622475 0.870161 8.825218
v -12.506747 1.175706 8.058484
v -12.428625 1.148813 8.090685
v -12.341528 1.123582 8.137009
v -12.273943 1.103773 8.190268
v -12.220893 1.087751 8.239571
v -12.232126 1.060255 8.272893
v -12.258438 1.001421 8.343396
v -12.282648 0.982797 8.389408
v -12.325795 0.970945 8.458730
v -12.371061 0.963552 8.526985
v -12.419292 0.952322 8.597742
v -12.470453 0.927347 8.683895
v -12.505796 0.891706 8.761683
v -12.534868 0.879221 8.813068
v -12.569330 0.886995 8.852982
v -12.600875 0.906393 8.882770
v -12.653155 0.895605 8.873245
v -12.721888 0.901029 8.852766
v -12.784605 0.924978 8.826101
v -12.838341 0.959119 8.792706
v -12.867615 0.992471 8.762315
v -12.871386 0.987249 8.713825
v -12.861620 0.993467 8.663927
v -12.838932 1.009355 8.604939
v -12.793653 1.041158 8.520594
v -12.753422 1.072130 8.422482
v -12.726810 1.092611 8.336887
v -12.709972 1.100557 8.252345
v -12.693489 1.121130 8.170752
v -12.671076 1.141340 8.113652
v -12.622299 1.183511 8.061839
v -12.579582 1.207780 8.034461
v -12.175179 1.076509 8.314539
v -12.121646 1.131216 8.375014
v -12.131595 1.088312 8.443998
v -12.196163 1.024183 8.383915
v -12.175720 1.072881 8.491791
v -12.226747 1.005952 8.433442
v -12.248747 1.058549 8.548985
v -12.283594 0.997194 8.500246
v -12.322524 1.049066 8.595308
v -12.341392 0.992994 8.560957
v -12.378836 1.032289 8.655113
v -12.390869 0.979784 8.627851
v -12.424814 1.006273 8.741972
v -12.438541 0.953767 8.713462
v -12.450628 0.979223 8.826894
v -12.467411 0.917814 8.791644
v -12.480087 0.966352 8.878951
v -12.497217 0.903810 8.842348
v -12.526773 0.965742 8.910959
v -12.539415 0.913896 8.879802
v -12.105891 1.217855 8.429993
v -12.120377 1.191698 8.494282
v -12.174198 1.170362 8.530519
v -12.254910 1.143934 8.572880
v -12.330954 1.119955 8.612238
v -12.390277 1.093454 8.668082
v -12.431829 1.065832 8.757744
v -12.453799 1.047437 8.846249
v -12.481352 1.035905 8.899406
v -12.525970 1.023321 8.931478
v -12.138415 1.313066 8.455559
v -12.167223 1.291929 8.508028
v -12.212805 1.264253 8.541004
v -12.283728 1.226595 8.581299
v -12.351383 1.191766 8.622103
v -12.405671 1.158277 8.679129
v -12.448141 1.128393 8.766599
v -12.475977 1.115102 8.851065
v -12.502996 1.102747 8.901071
v -12.538681 1.081373 8.939275
v -12.172544 1.104406 8.280840
v -12.122431 1.153032 8.339170
v -12.109631 1.235124 8.380215
v -12.131359 1.321401 8.401879
v -12.166657 1.380567 8.404550
v -12.189003 1.366285 8.445024
v -12.218615 1.347047 8.494059
v -12.255563 1.322435 8.534268
v -12.315899 1.282438 8.576683
v -12.375723 1.243642 8.620680
v -12.428761 1.210641 8.680238
v -12.475981 1.180235 8.765920
v -12.509586 1.157724 8.851330
v -12.532066 1.144495 8.899472
v -12.560883 1.125230 8.936892
v -12.599911 1.098539 8.963049
v -12.592338 1.062856 8.965450
v -12.587381 1.014730 8.958202
v -12.590231 0.972108 8.935048
v -12.595461 0.931718 8.907773
v -12.244984 1.434610 8.428596
v -12.327214 1.523172 8.388494
v -12.360098 1.505159 8.444792
v -12.274075 1.418447 8.477403
v -12.396164 1.465730 8.483412
v -12.310883 1.389780 8.514175
v -12.446531 1.404394 8.532873
v -12.367135 1.342294 8.562806
v -12.493397 1.354471 8.592382
v -12.421457 1.297704 8.614183
v -12.539073 1.308645 8.658302
v -12.472366 1.259512 8.676126
v -12.588774 1.265428 8.746407
v -12.521749 1.223451 8.762876
v -12.628983 1.235506 8.829758
v -12.558194 1.193906 8.842772
v -12.650966 1.224466 8.886827
v -12.577929 1.184042 8.897602
v -12.678296 1.186464 8.924296
v -12.610428 1.157453 8.938490
v -12.441866 1.544366 8.335096
v -12.471422 1.529680 8.389335
v -12.498913 1.494310 8.433821
v -12.537904 1.437605 8.494764
v -12.575695 1.385229 8.558181
v -12.613514 1.336069 8.626379
v -12.659515 1.291467 8.715708
v -12.700618 1.264917 8.799810
v -12.725806 1.244085 8.852479
v -12.746254 1.205259 8.892331
v -12.548962 1.526796 8.282112
v -12.580069 1.513647 8.330712
v -12.603405 1.485983 8.377435
v -12.631658 1.434831 8.443645
v -12.657654 1.383562 8.509734
v -12.685297 1.337675 8.581634
v -12.726406 1.295698 8.671766
v -12.767646 1.266153 8.749896
v -12.790758 1.243734 8.799797
v -12.804705 1.209940 8.845408
v -12.223520 1.442648 8.378912
v -12.307701 1.513898 8.330933
v -12.416868 1.540750 8.283640
v -12.520809 1.526064 8.237217
v -12.590881 1.508424 8.192022
v -12.624932 1.509107 8.231051
v -12.657694 1.496069 8.280418
v -12.679811 1.465921 8.330533
v -12.697630 1.417062 8.398580
v -12.712105 1.367006 8.466850
v -12.733876 1.322244 8.540216
v -12.772770 1.282224 8.630747
v -12.813128 1.253206 8.710304
v -12.833147 1.229269 8.762054
v -12.844667 1.200639 8.806904
v -12.843206 1.163320 8.842420
v -12.815514 1.159803 8.883538
v -12.766882 1.149850 8.928446
v -12.709785 1.133718 8.959580
v -12.646696 1.114217 8.969452
v -12.693895 1.494169 8.178315
v -12.748860 1.417665 8.102842
v -12.800336 1.402055 8.149614
v -12.728170 1.474413 8.228835
v -12.826830 1.374803 8.209546
v -12.747168 1.442525 8.280161
v -12.813437 1.325178 8.298480
v -12.753806 1.388937 8.355160
v -12.788771 1.281210 8.380660
v -12.752563 1.336931 8.428565
v -12.795351 1.243902 8.466040
v -12.768774 1.294248 8.506192
v -12.837389 1.208944 8.564009
v -12.809163 1.256822 8.599648
v -12.888462 1.183450 8.646947
v -12.850594 1.232744 8.681623
v -12.910038 1.161642 8.705185
v -12.869234 1.210744 8.735284
v -12.899272 1.132631 8.755732
v -12.874329 1.176900 8.780693
v -12.749801 1.314100 8.037055
v -12.809177 1.282167 8.083522
v -12.831794 1.255506 8.151550
v -12.815115 1.232282 8.251992
v -12.789321 1.211126 8.344329
v -12.798586 1.183138 8.435359
v -12.840347 1.149034 8.535883
v -12.890097 1.117895 8.618168
v -12.913339 1.095667 8.675447
v -12.905511 1.079675 8.732066
v -12.704908 1.241651 8.031719
v -12.755415 1.199663 8.080831
v -12.771149 1.180818 8.150818
v -12.769081 1.165861 8.243676
v -12.761785 1.140428 8.331568
v -12.780866 1.119020 8.421005
v -12.821522 1.087499 8.521152
v -12.863288 1.055334 8.601833
v -12.886653 1.034700 8.661602
v -12.892791 1.028051 8.713610
v -12.641985 1.487981 8.149536
v -12.702946 1.418539 8.082897
v -12.703672 1.329939 8.027303
v -12.658411 1.262304 8.019090
v -12.876592 1.020013 8.777172
v -12.877965 1.059320 8.795212
v -12.871677 1.098878 8.813058
v -12.858109 1.136461 8.830385
v -12.846132 0.989034 8.814525
v -12.792408 0.954218 8.856560
v -12.800020 0.998659 8.894822
v -12.847728 1.033083 8.839699
v -12.798996 1.052389 8.923804
v -12.843531 1.079172 8.861524
v -12.784668 1.110212 8.933634
v -12.832150 1.126745 8.878193
v -12.726512 0.929475 8.887938
v -12.729419 0.974348 8.930459
v -12.728363 1.028944 8.963285
v -12.719221 1.090753 8.968220
v -12.651857 0.922979 8.905353
v -12.649475 0.966734 8.941329
v -12.646704 1.016260 8.971638
v -12.646122 1.073145 8.975386
v -12.639132 1.267942 8.021386
v -12.270156 1.120126 8.184587
v -12.137121 1.322828 8.385977
v -12.511753 1.517194 8.225637
vt 0.432121 0.258912
vt 0.430631 0.260187
vt 0.428380 0.260987
vt 0.428776 0.258496
vt 0.433503 0.256149
vt 0.428944 0.255979
vt 0.428643 0.253479
vt 0.433406 0.253016
vt 0.432131 0.250652
vt 0.428280 0.251114
vt 0.427839 0.249478
vt 0.430060 0.249708
vt 0.424937 0.261619
vt 0.421137 0.261653
vt 0.421249 0.258448
vt 0.424892 0.258508
vt 0.424978 0.255984
vt 0.421103 0.255927
vt 0.421157 0.253487
vt 0.425039 0.253574
vt 0.424997 0.251299
vt 0.421388 0.251170
vt 0.421453 0.249423
vt 0.424930 0.249453
vt 0.417542 0.260968
vt 0.415299 0.260075
vt 0.414212 0.258534
vt 0.417686 0.258336
vt 0.417305 0.255831
vt 0.413022 0.255911
vt 0.413155 0.252766
vt 0.417415 0.253234
vt 0.418084 0.250887
vt 0.414808 0.250230
vt 0.416262 0.249031
vt 0.418632 0.249269
vt 0.425153 0.264075
vt 0.420622 0.264108
vt 0.416475 0.262674
vt 0.413653 0.261180
vt 0.410853 0.256075
vt 0.411104 0.252598
vt 0.412804 0.249427
vt 0.415449 0.247629
vt 0.421498 0.248048
vt 0.425054 0.248091
vt 0.428165 0.248188
vt 0.431213 0.248438
vt 0.436635 0.252554
vt 0.436560 0.256405
vt 0.434088 0.259880
vt 0.431962 0.261268
vt 0.428498 0.245132
vt 0.425014 0.245046
vt 0.424817 0.241053
vt 0.428674 0.241475
vt 0.424641 0.238703
vt 0.428500 0.239097
vt 0.424293 0.235142
vt 0.428048 0.235557
vt 0.423897 0.231512
vt 0.427483 0.231967
vt 0.423503 0.227719
vt 0.426870 0.228162
vt 0.423201 0.223121
vt 0.426408 0.223538
vt 0.423135 0.219189
vt 0.426391 0.219621
vt 0.423090 0.216792
vt 0.426411 0.217088
vt 0.422935 0.214635
vt 0.426333 0.214451
vt 0.421382 0.244956
vt 0.421054 0.240857
vt 0.420858 0.238511
vt 0.420551 0.234993
vt 0.420231 0.231394
vt 0.419982 0.227615
vt 0.419820 0.223033
vt 0.419809 0.219143
vt 0.419861 0.216807
vt 0.419971 0.214707
vt 0.417867 0.244619
vt 0.417300 0.240649
vt 0.417124 0.238365
vt 0.416831 0.235001
vt 0.416547 0.231528
vt 0.416404 0.227768
vt 0.416415 0.223181
vt 0.416452 0.219360
vt 0.416580 0.216983
vt 0.416871 0.214599
vt 0.428288 0.247524
vt 0.425076 0.247453
vt 0.421491 0.247407
vt 0.418249 0.247165
vt 0.415046 0.246816
vt 0.414837 0.244211
vt 0.414558 0.240236
vt 0.414384 0.238174
vt 0.414061 0.235066
vt 0.413707 0.231743
vt 0.413554 0.227962
vt 0.413642 0.223315
vt 0.413879 0.219392
vt 0.414119 0.216905
vt 0.414464 0.214512
vt 0.414693 0.213237
vt 0.415922 0.211900
vt 0.417809 0.212307
vt 0.420207 0.212399
vt 0.422555 0.212236
vt 0.425014 0.211958
vt 0.426877 0.211548
vt 0.428219 0.212736
vt 0.428720 0.214670
vt 0.428735 0.216980
vt 0.428703 0.219731
vt 0.428797 0.223957
vt 0.429364 0.228639
vt 0.430150 0.232476
vt 0.430884 0.235953
vt 0.431855 0.239280
vt 0.432312 0.241845
vt 0.432350 0.245251
vt 0.431721 0.247762
vt 0.412119 0.243342
vt 0.408899 0.242402
vt 0.408857 0.239822
vt 0.412084 0.240110
vt 0.408846 0.237788
vt 0.411999 0.238017
vt 0.408818 0.234642
vt 0.411801 0.234861
vt 0.408809 0.231222
vt 0.411578 0.231487
vt 0.408803 0.227457
vt 0.411441 0.227718
vt 0.408836 0.222778
vt 0.411488 0.223068
vt 0.408973 0.218817
vt 0.411807 0.219225
vt 0.409152 0.216356
vt 0.412133 0.216812
vt 0.409370 0.214041
vt 0.412536 0.214282
vt 0.405368 0.241431
vt 0.405581 0.239401
vt 0.405680 0.237458
vt 0.405742 0.234371
vt 0.405829 0.230979
vt 0.406018 0.227260
vt 0.406111 0.222602
vt 0.405988 0.218595
vt 0.405854 0.216101
vt 0.405787 0.213810
vt 0.402577 0.240758
vt 0.402586 0.238938
vt 0.402612 0.237091
vt 0.402674 0.234126
vt 0.402812 0.230839
vt 0.403094 0.227150
vt 0.403262 0.222518
vt 0.402966 0.218520
vt 0.402745 0.215983
vt 0.402776 0.213394
vt 0.412088 0.245031
vt 0.409071 0.243895
vt 0.405015 0.243092
vt 0.402708 0.242396
vt 0.400580 0.241978
vt 0.400388 0.240554
vt 0.400311 0.238722
vt 0.400308 0.236849
vt 0.400374 0.234038
vt 0.400507 0.230858
vt 0.400621 0.227156
vt 0.400710 0.222489
vt 0.400678 0.218211
vt 0.400471 0.215730
vt 0.399949 0.213279
vt 0.414140 0.204809
vt 0.415341 0.203345
vt 0.416719 0.204593
vt 0.416282 0.205728
vt 0.415877 0.207295
vt 0.413290 0.206971
vt 0.415714 0.208913
vt 0.413091 0.209363
vt 0.415771 0.210614
vt 0.413500 0.211759
vt 0.397296 0.240551
vt 0.392879 0.240928
vt 0.393072 0.238982
vt 0.397282 0.238762
vt 0.393266 0.237037
vt 0.397319 0.236912
vt 0.393585 0.233953
vt 0.397461 0.233947
vt 0.393956 0.230536
vt 0.397663 0.230648
vt 0.394345 0.226687
vt 0.397839 0.226890
vt 0.394745 0.221785
vt 0.398048 0.222108
vt 0.394934 0.217367
vt 0.398174 0.217895
vt 0.394971 0.214571
vt 0.398090 0.215205
vt 0.394925 0.211842
vt 0.397816 0.212459
vt 0.388532 0.240781
vt 0.388955 0.238857
vt 0.389305 0.236899
vt 0.389797 0.233806
vt 0.390328 0.230406
vt 0.390913 0.226595
vt 0.391519 0.221735
vt 0.391827 0.217351
vt 0.391932 0.214557
vt 0.391955 0.211811
vt 0.384696 0.240484
vt 0.385014 0.238609
vt 0.385398 0.236690
vt 0.386034 0.233663
vt 0.386750 0.230371
vt 0.387603 0.226684
vt 0.388447 0.221981
vt 0.388851 0.217847
vt 0.389090 0.215175
vt 0.389324 0.212425
vt 0.397303 0.242197
vt 0.392668 0.242761
vt 0.388014 0.242543
vt 0.384263 0.242138
vt 0.381672 0.242326
vt 0.381853 0.240676
vt 0.382099 0.238725
vt 0.382450 0.236687
vt 0.383176 0.233760
vt 0.384071 0.230552
vt 0.385066 0.226904
vt 0.386084 0.222289
vt 0.386709 0.218217
vt 0.387137 0.215569
vt 0.387650 0.213004
vt 0.426038 0.202454
vt 0.427885 0.203528
vt 0.426405 0.204685
vt 0.424729 0.204405
vt 0.422581 0.204173
vt 0.423301 0.201691
vt 0.420469 0.204223
vt 0.420280 0.201660
vt 0.418354 0.204394
vt 0.417395 0.202291
vt 0.379422 0.240970
vt 0.375980 0.241772
vt 0.375563 0.239455
vt 0.379453 0.238984
vt 0.375699 0.237233
vt 0.379691 0.236995
vt 0.376856 0.234021
vt 0.380511 0.233939
vt 0.378604 0.230715
vt 0.381692 0.230649
vt 0.380444 0.226944
vt 0.382950 0.226941
vt 0.381867 0.222173
vt 0.384139 0.222255
vt 0.382655 0.218029
vt 0.384972 0.218239
vt 0.383106 0.215499
vt 0.385484 0.215719
vt 0.383748 0.213255
vt 0.385965 0.213218
vt 0.371116 0.243075
vt 0.370353 0.240024
vt 0.370433 0.236911
vt 0.373018 0.233421
vt 0.375759 0.230417
vt 0.378317 0.226766
vt 0.379738 0.222090
vt 0.380368 0.217939
vt 0.380411 0.215241
vt 0.380893 0.213195
vt 0.439855 0.245080
vt 0.436571 0.245040
vt 0.436256 0.241874
vt 0.439852 0.241582
vt 0.435551 0.239120
vt 0.439242 0.238468
vt 0.434098 0.235682
vt 0.436979 0.234898
vt 0.432226 0.232387
vt 0.434558 0.231809
vt 0.431182 0.228533
vt 0.433187 0.228079
vt 0.430603 0.223782
vt 0.432649 0.223360
vt 0.430440 0.219769
vt 0.432664 0.219190
vt 0.430489 0.216957
vt 0.432741 0.216493
vt 0.430888 0.214622
vt 0.432723 0.214432
vt 0.379777 0.242766
vt 0.376694 0.243490
vt 0.372263 0.245197
vt 0.439322 0.246867
vt 0.436204 0.247075
vt 0.429340 0.211341
vt 0.427067 0.210375
vt 0.427197 0.208844
vt 0.430007 0.209228
vt 0.427106 0.207301
vt 0.429932 0.206934
vt 0.426769 0.205799
vt 0.429087 0.204882
vt 0.425090 0.210636
vt 0.422584 0.210847
vt 0.422583 0.209031
vt 0.425119 0.208943
vt 0.422561 0.207267
vt 0.425046 0.207280
vt 0.422571 0.205526
vt 0.424886 0.205622
vt 0.420179 0.210955
vt 0.420164 0.209097
vt 0.420212 0.207309
vt 0.420340 0.205561
vt 0.417724 0.210881
vt 0.417714 0.209074
vt 0.417829 0.207326
vt 0.418083 0.205653
vt 0.434492 0.250198
vt 0.418382 0.247897
vt 0.412029 0.259240
vt 0.429164 0.262676
vt 0.429447 0.263292
vt 0.432429 0.261779
vt 0.425253 0.264757
vt 0.420468 0.264795
vt 0.416106 0.263274
vt 0.413137 0.261635
vt 0.411402 0.259556
vt 0.410186 0.256170
vt 0.410515 0.252541
vt 0.411985 0.249130
vt 0.435234 0.249953
vt 0.437302 0.252419
vt 0.437212 0.256531
vt 0.434687 0.260236
vn 0.399270 0.486955 -0.776826
vn 0.407069 0.478689 -0.777915
vn 0.402998 0.418943 -0.813682
vn 0.463864 0.417032 -0.781610
vn 0.378309 0.491271 -0.784560
vn 0.477007 0.489051 -0.730269
vn 0.440669 0.492123 -0.750750
vn 0.368641 0.438836 -0.819467
vn 0.364193 0.376118 -0.851997
vn 0.418805 0.392285 -0.818972
vn 0.420504 0.268236 -0.866733
vn 0.373797 0.309942 -0.874192
vn 0.439234 0.315757 -0.841054
vn 0.513691 0.266342 -0.815588
vn 0.486465 0.334484 -0.807138
vn 0.500222 0.337121 -0.797576
vn 0.509748 0.519792 -0.685546
vn 0.480727 0.534504 -0.695131
vn 0.508849 0.520420 -0.685738
vn 0.485392 0.543719 -0.684663
vn 0.483912 0.358294 -0.798407
vn 0.541270 0.286950 -0.790371
vn 0.556914 0.172401 -0.812480
vn 0.484109 0.224776 -0.845644
vn 0.585242 0.296383 -0.754751
vn 0.628575 0.338640 -0.700155
vn 0.631337 0.372703 -0.680078
vn 0.537089 0.367257 -0.759380
vn 0.545977 0.469991 -0.693555
vn 0.675890 0.356991 -0.644771
vn 0.707666 0.208729 -0.675011
vn 0.598908 0.383168 -0.703200
vn 0.619125 0.150035 -0.770827
vn 0.673968 0.051930 -0.736933
vn 0.664350 0.039093 -0.746399
vn 0.633873 0.087421 -0.768481
vn 0.353204 0.612703 -0.706995
vn 0.571639 0.536182 -0.621078
vn 0.707459 0.499638 -0.499865
vn 0.755705 0.480092 -0.445445
vn 0.838294 0.244486 -0.487330
vn 0.826414 0.024192 -0.562543
vn 0.729994 -0.128325 -0.671298
vn 0.661425 -0.155433 -0.733729
vn 0.527952 -0.073912 -0.846052
vn 0.419681 -0.062825 -0.905495
vn 0.330537 -0.071259 -0.941099
vn 0.255267 0.019359 -0.966677
vn 0.195077 0.397880 -0.896458
vn 0.183757 0.557548 -0.809551
vn 0.237448 0.636695 -0.733647
vn 0.275232 0.675938 -0.683634
vn -0.049051 -0.717029 -0.695315
vn 0.046569 -0.732589 -0.679076
vn -0.069541 -0.827838 -0.556640
vn -0.167407 -0.796956 -0.580376
vn -0.181115 -0.896387 -0.404584
vn -0.314104 -0.850925 -0.421028
vn -0.252211 -0.913886 -0.318123
vn -0.434806 -0.842399 -0.318289
vn -0.291040 -0.907334 -0.303382
vn -0.500223 -0.806564 -0.315010
vn -0.277121 -0.890713 -0.360327
vn -0.482939 -0.777520 -0.402781
vn -0.209016 -0.843386 -0.494987
vn -0.441936 -0.728395 -0.523577
vn -0.263669 -0.851371 -0.453482
vn -0.512794 -0.696849 -0.501441
vn -0.429745 -0.890624 -0.148692
vn -0.644449 -0.717398 -0.264623
vn -0.511025 -0.850663 0.123394
vn -0.701725 -0.712284 0.015277
vn 0.184341 -0.747152 -0.638578
vn 0.061997 -0.860891 -0.504998
vn -0.047395 -0.934892 -0.351755
vn -0.096737 -0.957519 -0.271659
vn -0.108779 -0.963869 -0.243153
vn -0.079675 -0.955937 -0.282553
vn 0.008234 -0.912084 -0.409922
vn -0.000692 -0.938009 -0.346611
vn -0.152475 -0.987978 -0.025502
vn -0.270502 -0.934098 0.233001
vn 0.309220 -0.757605 -0.574820
vn 0.209205 -0.871687 -0.443165
vn 0.099580 -0.959054 -0.265139
vn 0.075622 -0.984898 -0.155746
vn 0.097992 -0.989523 -0.106025
vn 0.153480 -0.977843 -0.142364
vn 0.247773 -0.933609 -0.258810
vn 0.258917 -0.943667 -0.206047
vn 0.120622 -0.989214 0.083109
vn -0.022902 -0.936334 0.350362
vn 0.100393 -0.528028 -0.843272
vn 0.211223 -0.526674 -0.823407
vn 0.346438 -0.530851 -0.773419
vn 0.439909 -0.565023 -0.698018
vn 0.552007 -0.563935 -0.614220
vn 0.454832 -0.742968 -0.491047
vn 0.386623 -0.858085 -0.337954
vn 0.290748 -0.951672 -0.098922
vn 0.284322 -0.956908 0.059070
vn 0.350406 -0.929197 0.117508
vn 0.431133 -0.900217 0.061107
vn 0.503285 -0.860516 -0.078846
vn 0.484658 -0.871973 -0.069061
vn 0.323286 -0.923467 0.206629
vn 0.143432 -0.858391 0.492536
vn 0.073450 -0.779702 0.621828
vn -0.078423 -0.828098 0.555071
vn -0.340943 -0.824230 0.452108
vn -0.569247 -0.739119 0.360086
vn -0.746715 -0.607649 0.270517
vn -0.846526 -0.495345 0.195004
vn -0.836116 -0.547794 -0.028851
vn -0.773875 -0.549274 -0.315302
vn -0.689777 -0.522785 -0.500903
vn -0.660107 -0.546385 -0.515483
vn -0.687640 -0.600717 -0.407788
vn -0.692225 -0.664926 -0.280532
vn -0.617053 -0.747592 -0.245665
vn -0.467539 -0.808810 -0.356699
vn -0.267968 -0.770779 -0.578008
vn -0.120020 -0.650461 -0.749997
vn 0.016786 -0.428209 -0.903524
vn 0.691915 -0.629069 -0.354296
vn 0.927937 -0.344870 -0.141414
vn 0.841163 -0.501648 0.201977
vn 0.618901 -0.774032 -0.133550
vn 0.637243 -0.541414 0.548445
vn 0.500951 -0.848086 0.172623
vn 0.562879 -0.465987 0.682659
vn 0.470538 -0.809617 0.350877
vn 0.648124 -0.350833 0.675908
vn 0.565593 -0.723054 0.396607
vn 0.825603 -0.232741 0.514014
vn 0.702489 -0.642672 0.305749
vn 0.930888 -0.180769 0.317443
vn 0.788049 -0.598947 0.142274
vn 0.919544 -0.225123 0.322114
vn 0.763370 -0.630979 0.138319
vn 0.724275 -0.345336 0.596798
vn 0.557166 -0.714224 0.423616
vn 0.421128 -0.438002 0.794233
vn 0.284060 -0.686069 0.669791
vn 0.989429 0.060689 0.131711
vn 0.835257 -0.034594 0.548770
vn 0.573782 -0.098056 0.813117
vn 0.509498 -0.075817 0.857125
vn 0.605314 -0.026837 0.795534
vn 0.803842 0.048963 0.592825
vn 0.920826 0.105354 0.375473
vn 0.916063 0.098510 0.388748
vn 0.760040 0.002601 0.649871
vn 0.510334 -0.147578 0.847219
vn 0.806361 0.454326 0.378641
vn 0.610379 0.393187 0.687635
vn 0.440067 0.253995 0.861294
vn 0.429617 0.180611 0.884765
vn 0.557287 0.169467 0.812842
vn 0.750075 0.221600 0.623122
vn 0.845742 0.320034 0.426965
vn 0.818259 0.385137 0.426758
vn 0.703127 0.325972 0.631945
vn 0.522830 0.165469 0.836223
vn 0.743848 -0.448664 -0.495369
vn 0.920483 -0.196448 -0.337814
vn 0.975895 0.130324 -0.175059
vn 0.902651 0.430326 -0.006408
vn 0.769878 0.625558 0.126351
vn 0.613066 0.620986 0.488391
vn 0.484157 0.561131 0.671360
vn 0.366466 0.449646 0.814568
vn 0.359991 0.380009 0.852056
vn 0.477510 0.380206 0.792103
vn 0.623129 0.446714 0.641995
vn 0.674028 0.555310 0.487152
vn 0.647217 0.626503 0.434287
vn 0.580521 0.570706 0.580767
vn 0.435243 0.404407 0.804375
vn 0.293912 0.250407 0.922449
vn 0.308182 0.045631 0.950233
vn 0.290360 -0.266413 0.919084
vn 0.213767 -0.515036 0.830085
vn 0.130311 -0.663177 0.737031
vn 0.577120 0.684966 0.444697
vn 0.362664 0.891770 0.270595
vn 0.183112 0.790672 0.584216
vn 0.442416 0.605880 0.661194
vn 0.060645 0.671424 0.738588
vn 0.285226 0.535286 0.795057
vn 0.084519 0.674712 0.733226
vn 0.266244 0.528978 0.805790
vn 0.154182 0.722569 0.673886
vn 0.352809 0.565196 0.745707
vn 0.213052 0.782060 0.585655
vn 0.443309 0.636878 0.630765
vn 0.263790 0.836819 0.479738
vn 0.470776 0.719644 0.510375
vn 0.292139 0.876065 0.383622
vn 0.478152 0.776693 0.410022
vn 0.178712 0.829173 0.529654
vn 0.416864 0.730390 0.541069
vn -0.018543 0.652260 0.757769
vn 0.246052 0.562834 0.789099
vn -0.014657 0.996677 0.080128
vn -0.155253 0.912907 0.377488
vn -0.211811 0.797146 0.565414
vn -0.176901 0.783672 0.595454
vn -0.131533 0.820248 0.556679
vn -0.077492 0.874049 0.479618
vn -0.009210 0.925368 0.378959
vn -0.004043 0.945473 0.325676
vn -0.142017 0.873330 0.465967
vn -0.300316 0.691523 0.656967
vn -0.188246 0.982110 -0.004918
vn -0.309224 0.920621 0.238405
vn -0.382983 0.825056 0.415461
vn -0.405679 0.789010 0.461398
vn -0.404439 0.809878 0.424884
vn -0.357769 0.871274 0.335981
vn -0.292060 0.925630 0.240646
vn -0.302272 0.926208 0.225323
vn -0.407352 0.845134 0.346141
vn -0.527818 0.671373 0.520257
vn 0.700266 0.711710 0.055646
vn 0.518197 0.839895 -0.161396
vn 0.174309 0.934752 -0.309605
vn 0.003127 0.940265 -0.340430
vn 0.001618 0.927574 -0.373636
vn -0.214534 0.975604 -0.046609
vn -0.377135 0.904127 0.200807
vn -0.494655 0.790912 0.360241
vn -0.571779 0.714390 0.403379
vn -0.614119 0.715227 0.333629
vn -0.581713 0.788628 0.199187
vn -0.501408 0.859186 0.101928
vn -0.482627 0.866470 0.127672
vn -0.565324 0.781168 0.264923
vn -0.690948 0.578166 0.433952
vn -0.766153 0.381401 0.517246
vn -0.661798 0.431315 0.613182
vn -0.444292 0.459368 0.769146
vn -0.163656 0.415334 0.894827
vn 0.113146 0.323295 0.939510
vn -0.333975 0.907521 -0.254690
vn -0.493937 0.639474 -0.589151
vn -0.786148 0.548765 -0.284304
vn -0.549044 0.833731 0.058676
vn -0.927475 0.365633 0.078119
vn -0.661803 0.692476 0.287219
vn -0.939651 0.187619 0.286104
vn -0.742856 0.552309 0.378311
vn -0.965760 0.199787 0.165508
vn -0.802283 0.533828 0.267151
vn -0.937507 0.329762 -0.111072
vn -0.778006 0.625776 0.055774
vn -0.858250 0.424795 -0.288021
vn -0.688952 0.721067 -0.073538
vn -0.860344 0.439896 -0.257488
vn -0.658582 0.752244 -0.019954
vn -0.944935 0.324347 0.043545
vn -0.735146 0.648096 0.198828
vn -0.927888 0.134680 0.347685
vn -0.819442 0.402371 0.408182
vn -0.477747 0.153209 -0.865035
vn -0.808814 -0.064852 -0.584478
vn -0.951126 -0.267809 -0.153747
vn -0.942958 -0.318153 0.098028
vn -0.978675 -0.205395 -0.002780
vn -0.963615 -0.042772 -0.263850
vn -0.897842 0.026459 -0.439521
vn -0.897194 -0.008585 -0.441553
vn -0.980761 -0.108031 -0.162598
vn -0.966945 -0.158340 0.199864
vn -0.270544 -0.393074 -0.878805
vn -0.506227 -0.606127 -0.613469
vn -0.677699 -0.687785 -0.260145
vn -0.775518 -0.624207 -0.094539
vn -0.853187 -0.491835 -0.173696
vn -0.857994 -0.362967 -0.363458
vn -0.812640 -0.307900 -0.494786
vn -0.802673 -0.334041 -0.494098
vn -0.874413 -0.391064 -0.287177
vn -0.924507 -0.378753 0.042814
vn -0.043305 0.833796 -0.550371
vn -0.133255 0.634022 -0.761748
vn -0.121028 0.306284 -0.944215
vn -0.044438 -0.133617 -0.990036
vn -0.887946 -0.350672 0.297625
vn -0.899137 -0.172919 0.402060
vn -0.884568 0.011585 0.466267
vn -0.841175 0.210075 0.498290
vn -0.792362 -0.433099 0.429636
vn -0.621954 -0.584509 0.521079
vn -0.672468 -0.428245 0.603650
vn -0.831181 -0.260977 0.490946
vn -0.678174 -0.159948 0.717284
vn -0.839931 -0.064865 0.538803
vn -0.591485 0.154449 0.791385
vn -0.785217 0.168019 0.595990
vn -0.363577 -0.688292 0.627747
vn -0.359765 -0.557252 0.748358
vn -0.337808 -0.260765 0.904371
vn -0.271845 0.096758 0.957464
vn -0.066133 -0.697069 0.713948
vn -0.025464 -0.574956 0.817788
vn 0.019099 -0.303478 0.952647
vn 0.050002 0.037210 0.998056
vn 0.217963 0.192454 -0.956793
vn 0.615618 -0.121183 -0.778671
vn 0.793774 0.396542 -0.461169
vn 0.260528 0.660228 -0.704432
s 1
g Feet M_Skeleton R_F_Distal_Phalanx_4
usemtl Skeleton_Feet_SG
f 3075/3424/3076 3076/3425/3077 3077/3426/3078 3078/3427/3079
f 3079/3428/3080 3080/3429/3081 3081/3430/3082 3082/3431/3083
f 3083/3432/3084 3084/3433/3085 3085/3434/3086 3086/3435/3087
f 3087/3436/3088 3088/3437/3089 3089/3438/3090 3090/3439/3091
f 3091/3440/3092 3092/3441/3093 3093/3442/3094 3094/3443/3095
f 3095/3444/3096 3096/3445/3097 3097/3446/3098 3098/3447/3099
f 3099/3448/3100 3100/3449/3101 3101/3450/3102 3102/3451/3103
f 3103/3452/3104 3104/3453/3105 3105/3454/3106 3106/3455/3107
f 3107/3456/3108 3108/3457/3109 3109/3458/3110 3110/3459/3111
f 3111/3460/3112 3112/3461/3113 3088/3437/3089 3087/3436/3088
f 3113/3462/3114 3114/3463/3115 3100/3449/3101 3099/3448/3100
f 3104/3453/3105 3115/3464/3116 3116/3465/3117 3105/3454/3106
f 3105/3454/3106 3116/3465/3117 3117/3466/3118 3108/3457/3109
f 3117/3466/3118 3118/3467/3119 3109/3458/3110 3108/3457/3109
f 3119/3468/3120 3120/3469/3121 3098/3447/3099 3097/3446/3098
f 3121/3470/3122 3122/3471/3123 3086/3435/3087 3085/3434/3086
f 3082/3431/3083 3123/3472/3124 3124/3473/3125 3079/3428/3080
f 3125/3474/3126 3126/3475/3127 3076/3425/3077 3075/3424/3076
f 3127/3476/3128 3128/3477/3129 3129/3478/3130 3130/3479/3131
f 3130/3479/3131 3129/3478/3130 3131/3480/3132 3132/3481/3133
f 3132/3481/3133 3131/3480/3132 3133/3482/3134 3134/3483/3135
f 3134/3483/3135 3133/3482/3134 3135/3484/3136 3136/3485/3137
f 3136/3485/3137 3135/3484/3136 3137/3486/3138 3138/3487/3139
f 3138/3487/3139 3137/3486/3138 3139/3488/3140 3140/3489/3141
f 3140/3489/3141 3139/3488/3140 3141/3490/3142 3142/3491/3143
f 3142/3491/3143 3141/3490/3142 3143/3492/3144 3144/3493/3145
f 3144/3493/3145 3143/3492/3144 3145/3494/3146 3146/3495/3147
f 3128/3477/3129 3147/3496/3148 3148/3497/3149 3129/3478/3130
f 3129/3478/3130 3148/3497/3149 3149/3498/3150 3131/3480/3132
f 3131/3480/3132 3149/3498/3150 3150/3499/3151 3133/3482/3134
f 3133/3482/3134 3150/3499/3151 3151/3500/3152 3135/3484/3136
f 3135/3484/3136 3151/3500/3152 3152/3501/3153 3137/3486/3138
f 3137/3486/3138 3152/3501/3153 3153/3502/3154 3139/3488/3140
f 3139/3488/3140 3153/3502/3154 3154/3503/3155 3141/3490/3142
f 3141/3490/3142 3154/3503/3155 3155/3504/3156 3143/3492/3144
f 3143/3492/3144 3155/3504/3156 3156/3505/3157 3145/3494/3146
f 3147/3496/3148 3157/3506/3158 3158/3507/3159 3148/3497/3149
f 3148/3497/3149 3158/3507/3159 3159/3508/3160 3149/3498/3150
f 3149/3498/3150 3159/3508/3160 3160/3509/3161 3150/3499/3151
f 3150/3499/3151 3160/3509/3161 3161/3510/3162 3151/3500/3152
f 3151/3500/3152 3161/3510/3162 3162/3511/3163 3152/3501/3153
f 3152/3501/3153 3162/3511/3163 3163/3512/3164 3153/3502/3154
f 3153/3502/3154 3163/3512/3164 3164/3513/3165 3154/3503/3155
f 3154/3503/3155 3164/3513/3165 3165/3514/3166 3155/3504/3156
f 3155/3504/3156 3165/3514/3166 3166/3515/3167 3156/3505/3157
f 3167/3516/3168 3168/3517/3169 3128/3477/3129 3127/3476/3128
f 3168/3517/3169 3169/3518/3170 3147/3496/3148 3128/3477/3129
f 3169/3518/3170 3170/3519/3171 3157/3506/3158 3147/3496/3148
f 3170/3519/3171 3171/3520/3172 3172/3521/3173 3157/3506/3158
f 3157/3506/3158 3172/3521/3173 3173/3522/3174 3158/3507/3159
f 3158/3507/3159 3173/3522/3174 3174/3523/3175 3159/3508/3160
f 3159/3508/3160 3174/3523/3175 3175/3524/3176 3160/3509/3161
f 3160/3509/3161 3175/3524/3176 3176/3525/3177 3161/3510/3162
f 3161/3510/3162 3176/3525/3177 3177/3526/3178 3162/3511/3163
f 3162/3511/3163 3177/3526/3178 3178/3527/3179 3163/3512/3164
f 3163/3512/3164 3178/3527/3179 3179/3528/3180 3164/3513/3165
f 3164/3513/3165 3179/3528/3180 3180/3529/3181 3165/3514/3166
f 3165/3514/3166 3180/3529/3181 3181/3530/3182 3166/3515/3167
f 3166/3515/3167 3181/3531/3182 3182/3532/3183 3183/3533/3184
f 3183/3533/3184 3184/3534/3185 3156/3505/3157 3166/3515/3167
f 3184/3534/3185 3185/3535/3186 3145/3494/3146 3156/3505/3157
f 3185/3535/3186 3186/3536/3187 3146/3495/3147 3145/3494/3146
f 3186/3536/3187 3187/3537/3188 3188/3538/3189 3146/3495/3147
f 3146/3495/3147 3188/3539/3189 3189/3540/3190 3144/3493/3145
f 3144/3493/3145 3189/3540/3190 3190/3541/3191 3142/3491/3143
f 3142/3491/3143 3190/3541/3191 3191/3542/3192 3140/3489/3141
f 3140/3489/3141 3191/3542/3192 3192/3543/3193 3138/3487/3139
f 3138/3487/3139 3192/3543/3193 3193/3544/3194 3136/3485/3137
f 3136/3485/3137 3193/3544/3194 3194/3545/3195 3134/3483/3135
f 3134/3483/3135 3194/3545/3195 3195/3546/3196 3132/3481/3133
f 3132/3481/3133 3195/3546/3196 3196/3547/3197 3130/3479/3131
f 3130/3479/3131 3196/3547/3197 3197/3548/3198 3127/3476/3128
f 3127/3476/3128 3197/3548/3198 3198/3549/3199 3167/3516/3168
f 3199/3550/3200 3200/3551/3201 3201/3552/3202 3202/3553/3203
f 3202/3553/3203 3201/3552/3202 3203/3554/3204 3204/3555/3205
f 3204/3555/3205 3203/3554/3204 3205/3556/3206 3206/3557/3207
f 3206/3557/3207 3205/3556/3206 3207/3558/3208 3208/3559/3209
f 3208/3559/3209 3207/3558/3208 3209/3560/3210 3210/3561/3211
f 3210/3561/3211 3209/3560/3210 3211/3562/3212 3212/3563/3213
f 3212/3563/3213 3211/3562/3212 3213/3564/3214 3214/3565/3215
f 3214/3565/3215 3213/3564/3214 3215/3566/3216 3216/3567/3217
f 3216/3567/3217 3215/3566/3216 3217/3568/3218 3218/3569/3219
f 3200/3551/3201 3219/3570/3220 3220/3571/3221 3201/3552/3202
f 3201/3552/3202 3220/3571/3221 3221/3572/3222 3203/3554/3204
f 3203/3554/3204 3221/3572/3222 3222/3573/3223 3205/3556/3206
f 3205/3556/3206 3222/3573/3223 3223/3574/3224 3207/3558/3208
f 3207/3558/3208 3223/3574/3224 3224/3575/3225 3209/3560/3210
f 3209/3560/3210 3224/3575/3225 3225/3576/3226 3211/3562/3212
f 3211/3562/3212 3225/3576/3226 3226/3577/3227 3213/3564/3214
f 3213/3564/3214 3226/3577/3227 3227/3578/3228 3215/3566/3216
f 3215/3566/3216 3227/3578/3228 3228/3579/3229 3217/3568/3218
f 3219/3570/3220 3229/3580/3230 3230/3581/3231 3220/3571/3221
f 3220/3571/3221 3230/3581/3231 3231/3582/3232 3221/3572/3222
f 3221/3572/3222 3231/3582/3232 3232/3583/3233 3222/3573/3223
f 3222/3573/3223 3232/3583/3233 3233/3584/3234 3223/3574/3224
f 3223/3574/3224 3233/3584/3234 3234/3585/3235 3224/3575/3225
f 3224/3575/3225 3234/3585/3235 3235/3586/3236 3225/3576/3226
f 3225/3576/3226 3235/3586/3236 3236/3587/3237 3226/3577/3227
f 3226/3577/3227 3236/3587/3237 3237/3588/3238 3227/3578/3228
f 3227/3578/3228 3237/3588/3238 3238/3589/3239 3228/3579/3229
f 3239/3590/3240 3240/3591/3241 3200/3551/3201 3199/3550/3200
f 3240/3591/3241 3241/3592/3242 3219/3570/3220 3200/3551/3201
f 3241/3592/3242 3242/3593/3243 3229/3580/3230 3219/3570/3220
f 3242/3593/3243 3243/3594/3244 3244/3595/3245 3229/3580/3230
f 3229/3580/3230 3244/3595/3245 3245/3596/3246 3230/3581/3231
f 3230/3581/3231 3245/3596/3246 3246/3597/3247 3231/3582/3232
f 3231/3582/3232 3246/3597/3247 3247/3598/3248 3232/3583/3233
f 3232/3583/3233 3247/3598/3248 3248/3599/3249 3233/3584/3234
f 3233/3584/3234 3248/3599/3249 3249/3600/3250 3234/3585/3235
f 3234/3585/3235 3249/3600/3250 3250/3601/3251 3235/3586/3236
f 3235/3586/3236 3250/3601/3251 3251/3602/3252 3236/3587/3237
f 3236/3587/3237 3251/3602/3252 3252/3603/3253 3237/3588/3238
f 3237/3588/3238 3252/3603/3253 3253/3604/3254 3238/3589/3239
f 3238/3605/3239 3253/3606/3254 3254/3607/3255 3255/3608/3256
f 3255/3608/3256 3256/3609/3257 3228/3610/3229 3238/3605/3239
f 3256/3609/3257 3257/3611/3258 3217/3612/3218 3228/3610/3229
f 3257/3611/3258 3258/3613/3259 3218/3614/3219 3217/3612/3218
f 3258/3613/3259 3182/3532/3183 3181/3531/3182 3218/3614/3219
f 3218/3569/3219 3181/3530/3182 3180/3529/3181 3216/3567/3217
f 3216/3567/3217 3180/3529/3181 3179/3528/3180 3214/3565/3215
f 3214/3565/3215 3179/3528/3180 3178/3527/3179 3212/3563/3213
f 3212/3563/3213 3178/3527/3179 3177/3526/3178 3210/3561/3211
f 3210/3561/3211 3177/3526/3178 3176/3525/3177 3208/3559/3209
f 3208/3559/3209 3176/3525/3177 3175/3524/3176 3206/3557/3207
f 3206/3557/3207 3175/3524/3176 3174/3523/3175 3204/3555/3205
f 3204/3555/3205 3174/3523/3175 3173/3522/3174 3202/3553/3203
f 3202/3553/3203 3173/3522/3174 3172/3521/3173 3199/3550/3200
f 3199/3550/3200 3172/3521/3173 3171/3520/3172 3239/3590/3240
f 3259/3615/3260 3260/3616/3261 3261/3617/3262 3262/3618/3263
f 3262/3618/3263 3261/3617/3262 3263/3619/3264 3264/3620/3265
f 3264/3620/3265 3263/3619/3264 3265/3621/3266 3266/3622/3267
f 3266/3622/3267 3265/3621/3266 3267/3623/3268 3268/3624/3269
f 3268/3624/3269 3267/3623/3268 3269/3625/3270 3270/3626/3271
f 3270/3626/3271 3269/3625/3270 3271/3627/3272 3272/3628/3273
f 3272/3628/3273 3271/3627/3272 3273/3629/3274 3274/3630/3275
f 3274/3630/3275 3273/3629/3274 3275/3631/3276 3276/3632/3277
f 3276/3632/3277 3275/3631/3276 3277/3633/3278 3278/3634/3279
f 3260/3616/3261 3279/3635/3280 3280/3636/3281 3261/3617/3262
f 3261/3617/3262 3280/3636/3281 3281/3637/3282 3263/3619/3264
f 3263/3619/3264 3281/3637/3282 3282/3638/3283 3265/3621/3266
f 3265/3621/3266 3282/3638/3283 3283/3639/3284 3267/3623/3268
f 3267/3623/3268 3283/3639/3284 3284/3640/3285 3269/3625/3270
f 3269/3625/3270 3284/3640/3285 3285/3641/3286 3271/3627/3272
f 3271/3627/3272 3285/3641/3286 3286/3642/3287 3273/3629/3274
f 3273/3629/3274 3286/3642/3287 3287/3643/3288 3275/3631/3276
f 3275/3631/3276 3287/3643/3288 3288/3644/3289 3277/3633/3278
f 3279/3635/3280 3289/3645/3290 3290/3646/3291 3280/3636/3281
f 3280/3636/3281 3290/3646/3291 3291/3647/3292 3281/3637/3282
f 3281/3637/3282 3291/3647/3292 3292/3648/3293 3282/3638/3283
f 3282/3638/3283 3292/3648/3293 3293/3649/3294 3283/3639/3284
f 3283/3639/3284 3293/3649/3294 3294/3650/3295 3284/3640/3285
f 3284/3640/3285 3294/3650/3295 3295/3651/3296 3285/3641/3286
f 3285/3641/3286 3295/3651/3296 3296/3652/3297 3286/3642/3287
f 3286/3642/3287 3296/3652/3297 3297/3653/3298 3287/3643/3288
f 3287/3643/3288 3297/3653/3298 3298/3654/3299 3288/3644/3289
f 3299/3655/3300 3300/3656/3301 3260/3616/3261 3259/3615/3260
f 3300/3656/3301 3301/3657/3302 3279/3635/3280 3260/3616/3261
f 3301/3657/3302 3302/3658/3303 3289/3645/3290 3279/3635/3280
f 3302/3658/3303 3303/3659/3304 3304/3660/3305 3289/3645/3290
f 3289/3645/3290 3304/3660/3305 3305/3661/3306 3290/3646/3291
f 3290/3646/3291 3305/3661/3306 3306/3662/3307 3291/3647/3292
f 3291/3647/3292 3306/3662/3307 3307/3663/3308 3292/3648/3293
f 3292/3648/3293 3307/3663/3308 3308/3664/3309 3293/3649/3294
f 3293/3649/3294 3308/3664/3309 3309/3665/3310 3294/3650/3295
f 3294/3650/3295 3309/3665/3310 3310/3666/3311 3295/3651/3296
f 3295/3651/3296 3310/3666/3311 3311/3667/3312 3296/3652/3297
f 3296/3652/3297 3311/3667/3312 3312/3668/3313 3297/3653/3298
f 3297/3653/3298 3312/3668/3313 3313/3669/3314 3298/3654/3299
f 3298/3670/3299 3313/3671/3314 3314/3672/3315 3315/3673/3316
f 3315/3673/3316 3316/3674/3317 3288/3675/3289 3298/3670/3299
f 3316/3674/3317 3317/3676/3318 3277/3677/3278 3288/3675/3289
f 3317/3676/3318 3318/3678/3319 3278/3679/3279 3277/3677/3278
f 3318/3678/3319 3254/3607/3255 3253/3606/3254 3278/3679/3279
f 3278/3634/3279 3253/3604/3254 3252/3603/3253 3276/3632/3277
f 3276/3632/3277 3252/3603/3253 3251/3602/3252 3274/3630/3275
f 3274/3630/3275 3251/3602/3252 3250/3601/3251 3272/3628/3273
f 3272/3628/3273 3250/3601/3251 3249/3600/3250 3270/3626/3271
f 3270/3626/3271 3249/3600/3250 3248/3599/3249 3268/3624/3269
f 3268/3624/3269 3248/3599/3249 3247/3598/3248 3266/3622/3267
f 3266/3622/3267 3247/3598/3248 3246/3597/3247 3264/3620/3265
f 3264/3620/3265 3246/3597/3247 3245/3596/3246 3262/3618/3263
f 3262/3618/3263 3245/3596/3246 3244/3595/3245 3259/3615/3260
f 3259/3615/3260 3244/3595/3245 3243/3594/3244 3299/3655/3300
f 3319/3680/3320 3320/3681/3321 3321/3682/3322 3322/3683/3323
f 3322/3683/3323 3321/3682/3322 3323/3684/3324 3324/3685/3325
f 3324/3685/3325 3323/3684/3324 3325/3686/3326 3326/3687/3327
f 3326/3687/3327 3325/3686/3326 3327/3688/3328 3328/3689/3329
f 3328/3689/3329 3327/3688/3328 3329/3690/3330 3330/3691/3331
f 3330/3691/3331 3329/3690/3330 3331/3692/3332 3332/3693/3333
f 3332/3693/3333 3331/3692/3332 3333/3694/3334 3334/3695/3335
f 3334/3695/3335 3333/3694/3334 3335/3696/3336 3336/3697/3337
f 3336/3697/3337 3335/3696/3336 3337/3698/3338 3338/3699/3339
f 3320/3681/3321 3339/3700/3340 3340/3701/3341 3321/3682/3322
f 3321/3682/3322 3340/3701/3341 3341/3702/3342 3323/3684/3324
f 3323/3684/3324 3341/3702/3342 3342/3703/3343 3325/3686/3326
f 3325/3686/3326 3342/3703/3343 3343/3704/3344 3327/3688/3328
f 3327/3688/3328 3343/3704/3344 3344/3705/3345 3329/3690/3330
f 3329/3690/3330 3344/3705/3345 3345/3706/3346 3331/3692/3332
f 3331/3692/3332 3345/3706/3346 3346/3707/3347 3333/3694/3334
f 3333/3694/3334 3346/3707/3347 3347/3708/3348 3335/3696/3336
f 3335/3696/3336 3347/3708/3348 3348/3709/3349 3337/3698/3338
f 3339/3710/3340 3349/3711/3350 3350/3712/3351 3340/3713/3341
f 3340/3713/3341 3350/3712/3351 3351/3714/3352 3341/3715/3342
f 3341/3715/3342 3351/3714/3352 3352/3716/3353 3342/3717/3343
f 3342/3717/3343 3352/3716/3353 3353/3718/3354 3343/3719/3344
f 3343/3719/3344 3353/3718/3354 3354/3720/3355 3344/3721/3345
f 3344/3721/3345 3354/3720/3355 3355/3722/3356 3345/3723/3346
f 3345/3723/3346 3355/3722/3356 3356/3724/3357 3346/3725/3347
f 3346/3725/3347 3356/3724/3357 3357/3726/3358 3347/3727/3348
f 3347/3727/3348 3357/3726/3358 3358/3728/3359 3348/3729/3349
f 3359/3730/3360 3360/3731/3361 3320/3681/3321 3319/3680/3320
f 3360/3731/3361 3361/3732/3362 3339/3700/3340 3320/3681/3321
f 3361/3733/3362 3362/3734/3363 3349/3711/3350 3339/3710/3340
f 3362/3734/3363 3198/3549/3199 3197/3548/3198 3349/3711/3350
f 3349/3711/3350 3197/3548/3198 3196/3547/3197 3350/3712/3351
f 3350/3712/3351 3196/3547/3197 3195/3546/3196 3351/3714/3352
f 3351/3714/3352 3195/3546/3196 3194/3545/3195 3352/3716/3353
f 3352/3716/3353 3194/3545/3195 3193/3544/3194 3353/3718/3354
f 3353/3718/3354 3193/3544/3194 3192/3543/3193 3354/3720/3355
f 3354/3720/3355 3192/3543/3193 3191/3542/3192 3355/3722/3356
f 3355/3722/3356 3191/3542/3192 3190/3541/3191 3356/3724/3357
f 3356/3724/3357 3190/3541/3191 3189/3540/3190 3357/3726/3358
f 3357/3726/3358 3189/3540/3190 3188/3539/3189 3358/3728/3359
f 3358/3735/3359 3188/3538/3189 3187/3537/3188 3363/3736/3364
f 3363/3736/3364 3364/3737/3365 3348/3738/3349 3358/3735/3359
f 3364/3737/3365 3365/3739/3366 3337/3740/3338 3348/3738/3349
f 3365/3739/3366 3366/3741/3367 3338/3742/3339 3337/3740/3338
f 3366/3741/3367 3314/3672/3315 3313/3671/3314 3338/3742/3339
f 3338/3699/3339 3313/3669/3314 3312/3668/3313 3336/3697/3337
f 3336/3697/3337 3312/3668/3313 3311/3667/3312 3334/3695/3335
f 3334/3695/3335 3311/3667/3312 3310/3666/3311 3332/3693/3333
f 3332/3693/3333 3310/3666/3311 3309/3665/3310 3330/3691/3331
f 3330/3691/3331 3309/3665/3310 3308/3664/3309 3328/3689/3329
f 3328/3689/3329 3308/3664/3309 3307/3663/3308 3326/3687/3327
f 3326/3687/3327 3307/3663/3308 3306/3662/3307 3324/3685/3325
f 3324/3685/3325 3306/3662/3307 3305/3661/3306 3322/3683/3323
f 3322/3683/3323 3305/3661/3306 3304/3660/3305 3319/3680/3320
f 3319/3680/3320 3304/3660/3305 3303/3659/3304 3359/3730/3360
f 3367/3743/3368 3368/3744/3369 3369/3745/3370 3370/3746/3371
f 3370/3746/3371 3369/3745/3370 3371/3747/3372 3372/3748/3373
f 3372/3748/3373 3371/3747/3372 3373/3749/3374 3374/3750/3375
f 3368/3744/3369 3375/3751/3376 3376/3752/3377 3369/3745/3370
f 3369/3745/3370 3376/3752/3377 3377/3753/3378 3371/3747/3372
f 3371/3747/3372 3377/3753/3378 3378/3754/3379 3373/3749/3374
f 3375/3751/3376 3379/3755/3380 3380/3756/3381 3376/3752/3377
f 3376/3752/3377 3380/3756/3381 3381/3757/3382 3377/3753/3378
f 3377/3753/3378 3381/3757/3382 3382/3758/3383 3378/3754/3379
f 3186/3536/3187 3185/3535/3186 3368/3744/3369 3367/3743/3368
f 3185/3535/3186 3184/3534/3185 3375/3751/3376 3368/3744/3369
f 3184/3534/3185 3183/3533/3184 3379/3755/3380 3375/3751/3376
f 3183/3533/3184 3182/3532/3183 3258/3613/3259 3379/3755/3380
f 3379/3755/3380 3258/3613/3259 3257/3611/3258 3380/3756/3381
f 3380/3756/3381 3257/3611/3258 3256/3609/3257 3381/3757/3382
f 3381/3757/3382 3256/3609/3257 3255/3608/3256 3382/3758/3383
f 3382/3758/3383 3255/3608/3256 3254/3607/3255 3318/3678/3319
f 3318/3678/3319 3317/3676/3318 3378/3754/3379 3382/3758/3383
f 3317/3676/3318 3316/3674/3317 3373/3749/3374 3378/3754/3379
f 3316/3674/3317 3315/3673/3316 3374/3750/3375 3373/3749/3374
f 3315/3673/3316 3314/3672/3315 3366/3741/3367 3374/3750/3375
f 3374/3750/3375 3366/3741/3367 3365/3739/3366 3372/3748/3373
f 3372/3748/3373 3365/3739/3366 3364/3737/3365 3370/3746/3371
f 3370/3746/3371 3364/3737/3365 3363/3736/3364 3367/3743/3368
f 3367/3743/3368 3363/3736/3364 3187/3537/3188 3186/3536/3187
f 3086/3435/3087 3122/3471/3123 3383/3759/3384 3083/3432/3084
f 3109/3458/3110 3118/3467/3119 3384/3760/3385 3110/3459/3111
f 3100/3449/3101 3114/3463/3115 3385/3761/3386 3101/3450/3102
f 3126/3475/3127 3386/3762/3387 3077/3426/3078 3076/3425/3077
f 3386/3762/3387 3111/3460/3112 3087/3436/3088 3077/3426/3078
f 3078/3427/3079 3077/3426/3078 3087/3436/3088 3090/3439/3091
f 3081/3430/3082 3080/3429/3081 3091/3440/3092 3094/3443/3095
f 3085/3434/3086 3084/3433/3085 3095/3444/3096 3098/3447/3099
f 3120/3469/3121 3121/3470/3122 3085/3434/3086 3098/3447/3099
f 3083/3432/3084 3383/3759/3384 3123/3472/3124 3082/3431/3083
f 3082/3431/3083 3081/3430/3082 3084/3433/3085 3083/3432/3084
f 3095/3444/3096 3084/3433/3085 3081/3430/3082 3094/3443/3095
f 3094/3443/3095 3093/3442/3094 3096/3445/3097 3095/3444/3096
f 3106/3455/3107 3105/3454/3106 3108/3457/3109 3107/3456/3108
f 3097/3446/3098 3110/3459/3111 3384/3760/3385 3119/3468/3120
f 3096/3445/3097 3107/3456/3108 3110/3459/3111 3097/3446/3098
f 3093/3442/3094 3106/3455/3107 3107/3456/3108 3096/3445/3097
f 3092/3441/3093 3103/3452/3104 3106/3455/3107 3093/3442/3094
f 3088/3437/3089 3099/3448/3100 3102/3451/3103 3089/3438/3090
f 3112/3461/3113 3113/3462/3114 3099/3448/3100 3088/3437/3089
f 3101/3450/3102 3385/3761/3386 3115/3464/3116 3104/3453/3105
f 3102/3451/3103 3101/3450/3102 3104/3453/3105 3103/3452/3104
f 3089/3438/3090 3102/3451/3103 3103/3452/3104 3092/3441/3093
f 3090/3439/3091 3089/3438/3090 3092/3441/3093 3091/3440/3092
f 3080/3429/3081 3078/3427/3079 3090/3439/3091 3091/3440/3092
f 3079/3428/3080 3075/3424/3076 3078/3427/3079 3080/3429/3081
f 3124/3473/3125 3125/3474/3126 3075/3424/3076 3079/3428/3080
f 3302/3763/3303 3386/3762/3387 3126/3475/3127 3303/3764/3304
f 3386/3762/3387 3302/3763/3303 3301/3765/3302 3111/3460/3112
f 3111/3460/3112 3301/3765/3302 3300/3766/3301 3112/3461/3113
f 3112/3461/3113 3300/3766/3301 3299/3767/3300 3113/3462/3114
f 3113/3462/3114 3299/3767/3300 3243/3768/3244 3114/3463/3115
f 3114/3463/3115 3243/3768/3244 3242/3769/3243 3385/3761/3386
f 3385/3761/3386 3242/3769/3243 3241/3770/3242 3115/3464/3116
f 3115/3464/3116 3241/3770/3242 3240/3771/3241 3116/3465/3117
f 3116/3465/3117 3240/3771/3241 3239/3772/3240 3117/3466/3118
f 3117/3466/3118 3239/3772/3240 3171/3520/3172 3118/3467/3119
f 3118/3467/3119 3171/3520/3172 3170/3519/3171 3384/3760/3385
f 3384/3760/3385 3170/3519/3171 3169/3518/3170 3119/3468/3120
f 3119/3468/3120 3169/3518/3170 3168/3517/3169 3120/3469/3121
f 3120/3469/3121 3168/3517/3169 3167/3516/3168 3121/3470/3122
f 3121/3470/3122 3167/3516/3168 3198/3549/3199 3122/3471/3123
f 3122/3471/3123 3198/3549/3199 3362/3773/3363 3383/3759/3384
f 3383/3759/3384 3362/3773/3363 3361/3774/3362 3123/3472/3124
f 3123/3472/3124 3361/3774/3362 3360/3775/3361 3124/3473/3125
f 3124/3473/3125 3360/3775/3361 3359/3776/3360 3125/3474/3126
f 3125/3474/3126 3359/3776/3360 3303/3764/3304 3126/3475/3127
g default
v -12.125143 1.829950 7.559975
v -12.240906 1.858659 7.476131
v -12.273927 1.838609 7.564354
v -12.146036 1.817999 7.625665
v -12.286884 1.792894 7.619014
v -12.164125 1.784105 7.689294
v -12.303383 1.724626 7.716216
v -12.193191 1.727499 7.786594
v -12.324814 1.677354 7.821964
v -12.216063 1.712122 7.863878
v -12.349573 1.659132 7.897595
v -12.243876 1.698751 7.943683
v -12.370858 1.630685 7.970042
v -12.274683 1.683099 8.037815
v -12.379546 1.838552 7.408968
v -12.404104 1.826517 7.495996
v -12.409157 1.782709 7.559520
v -12.414987 1.709882 7.656156
v -12.429115 1.646486 7.762033
v -12.452171 1.622667 7.845425
v -12.469702 1.592744 7.911786
v -12.490076 1.759405 7.379788
v -12.507158 1.743303 7.448599
v -12.503948 1.705824 7.513787
v -12.515179 1.649358 7.618350
v -12.540598 1.612062 7.728282
v -12.561020 1.590585 7.807849
v -12.580692 1.568102 7.875947
v -12.098130 1.786668 7.464183
v -12.212486 1.805070 7.390646
v -12.232500 1.853860 7.452336
v -12.117435 1.826074 7.534201
v -12.328944 1.788072 7.329153
v -12.369158 1.833398 7.385676
v -12.438261 1.726274 7.291471
v -12.479674 1.757635 7.354901
v -12.500019 1.664796 7.263270
v -12.560074 1.675066 7.316090
v -12.572156 1.671186 7.338954
v -12.582752 1.643159 7.409627
v -12.581531 1.604910 7.479775
v -12.602841 1.569891 7.592712
v -12.639937 1.550603 7.702736
v -12.664309 1.540750 7.783255
v -12.688454 1.530405 7.862712
v -12.583343 1.558401 7.896339
v -12.688454 1.523813 7.884734
v -12.665983 1.490411 7.950419
v -12.581677 1.513357 7.967459
v -12.489832 1.531911 8.004497
v -12.474113 1.582014 7.930616
v -12.387538 1.568243 8.060488
v -12.375393 1.619936 7.989418
v -12.286998 1.607450 8.112724
v -12.279520 1.672552 8.056717
v -12.197836 1.610857 8.136804
v -12.168443 1.652845 8.103748
v -12.159865 1.663374 8.085955
v -12.135347 1.686414 7.999119
v -12.107790 1.702165 7.914693
v -12.083893 1.717306 7.836926
v -12.049004 1.749902 7.738349
v -12.027224 1.768022 7.669488
v -12.016243 1.772752 7.610084
v -12.014990 1.769731 7.581831
v -12.023527 1.745782 7.505253
v -12.166328 1.462026 8.186253
v -12.205677 1.520185 8.173883
v -12.294514 1.482999 8.167874
v -12.269256 1.424448 8.168930
v -12.479589 1.485761 8.063227
v -12.389647 1.512441 8.104506
v -12.380165 1.455083 8.141130
v -12.467659 1.431318 8.110785
v -12.443682 1.369810 8.117588
v -12.355346 1.394300 8.149509
v -12.415369 1.314741 8.104112
v -12.325068 1.341039 8.135637
v -12.287751 1.293325 8.107884
v -12.388275 1.262216 8.078202
v -12.362237 1.215494 8.024218
v -12.240320 1.257242 8.054710
v -12.550684 1.413126 8.068606
v -12.529411 1.348867 8.082724
v -12.610681 1.449739 7.999277
v -12.564206 1.466657 8.023293
v -12.606293 1.336530 8.027948
v -12.680521 1.328214 7.957977
v -12.638788 1.255735 7.956076
v -12.574278 1.280679 8.016902
v -12.142349 1.559743 8.161412
v -12.095002 1.492220 8.177649
v -12.077957 1.263872 7.985752
v -12.205994 1.226225 7.936362
v -12.193856 1.239282 7.855679
v -12.067866 1.275827 7.904065
v -12.182186 1.270704 7.767110
v -12.052246 1.298299 7.812785
v -12.154854 1.286111 7.632430
v -12.024700 1.301935 7.687242
v -12.123323 1.279726 7.500378
v -11.975479 1.279302 7.561400
v -12.112638 1.292623 7.412355
v -11.964309 1.298109 7.466098
v -12.108442 1.320459 7.337312
v -11.967880 1.329530 7.392147
v -12.334654 1.183321 7.901050
v -12.323938 1.203321 7.815921
v -12.312263 1.238779 7.725486
v -12.286825 1.258939 7.584201
v -12.263378 1.247820 7.444998
v -12.250086 1.254099 7.352129
v -12.238430 1.286455 7.271987
v -12.466990 1.145418 7.874080
v -12.453857 1.169096 7.782402
v -12.441618 1.200246 7.686879
v -12.417869 1.218992 7.547998
v -12.401110 1.197736 7.405711
v -12.386987 1.206636 7.299763
v -12.370911 1.247217 7.214534
v -12.123476 1.310354 8.091156
v -12.210964 1.227720 7.958272
v -12.084007 1.266866 8.006961
v -12.338701 1.184034 7.923233
v -12.487253 1.185983 7.982035
v -12.470724 1.147016 7.896115
v -12.581343 1.196550 7.947718
v -12.599361 1.151636 7.874746
v -12.599534 1.148565 7.853271
v -12.584221 1.167360 7.760711
v -12.570531 1.195215 7.659903
v -12.546839 1.231508 7.521371
v -12.538883 1.227129 7.376581
v -12.527640 1.232843 7.276377
v -12.501239 1.273557 7.188572
v -12.367466 1.265802 7.195134
v -12.490964 1.290533 7.171171
v -12.441879 1.375002 7.138950
v -12.360033 1.367559 7.146139
v -12.231590 1.390100 7.184098
v -12.235823 1.303411 7.249372
v -12.106295 1.408815 7.237933
v -12.107458 1.336137 7.312134
v -11.983692 1.421804 7.304239
v -11.970495 1.346624 7.368202
v -11.922750 1.441816 7.365499
v -11.874820 1.399252 7.433950
v -11.865969 1.389055 7.460329
v -11.859070 1.371877 7.535246
v -11.877682 1.363321 7.625710
v -11.924370 1.372732 7.742628
v -11.947016 1.357935 7.868971
v -11.972200 1.342317 7.963451
v -11.992224 1.333566 8.047462
v -12.003498 1.335062 8.066071
v -12.066700 1.358911 8.115013
v -12.091455 1.601663 7.349042
v -12.059483 1.541814 7.307120
v -12.144735 1.533216 7.248635
v -12.170517 1.597093 7.301788
v -12.188948 1.652002 7.331674
v -12.107140 1.656782 7.380318
v -12.230054 1.458982 7.183953
v -12.124483 1.474130 7.227560
v -12.238496 1.517847 7.205997
v -12.258986 1.583986 7.260293
v -12.274504 1.638853 7.290014
v -12.201090 1.735880 7.355183
v -12.296626 1.715818 7.303668
v -12.331671 1.437315 7.157135
v -12.329485 1.503069 7.178810
v -12.340539 1.569749 7.220875
v -12.365961 1.615617 7.255716
v -11.985863 1.544046 7.362225
v -12.010015 1.598177 7.406857
v -11.924809 1.591409 7.474791
v -11.901223 1.508154 7.422240
v -12.742718 1.436029 7.871309
v -12.731449 1.451589 7.780574
v -12.729666 1.326334 7.868558
v -12.730017 1.338880 7.774101
v -12.677954 1.231729 7.855296
v -12.671082 1.245439 7.764300
v -12.716398 1.469015 7.692503
v -12.729347 1.356802 7.675711
v -12.664005 1.262991 7.663705
v -12.662649 1.483232 7.573357
v -12.685863 1.385439 7.538358
v -12.632019 1.295015 7.518379
v -12.633682 1.511106 7.443461
v -12.659844 1.411085 7.396358
v -12.613958 1.311941 7.369677
v -12.627203 1.542638 7.359425
v -12.644443 1.439443 7.302672
v -12.602942 1.330595 7.270565
v -12.604353 1.571790 7.287918
v -12.603876 1.471616 7.227097
v -12.565548 1.374502 7.173612
v -12.589086 1.579301 7.267223
v -12.528261 1.590574 7.226950
v -12.586273 1.481886 7.210007
v -12.523719 1.510515 7.182652
v -12.550924 1.388666 7.157751
v -12.499026 1.433447 7.141865
v -12.674356 1.232763 7.877403
v -12.723760 1.325067 7.890098
v -12.738382 1.430833 7.893087
v -12.699699 1.410452 7.953787
v -11.856430 1.496099 7.505268
v -11.841913 1.483915 7.582466
v -11.862627 1.471338 7.674586
v -11.899416 1.464166 7.806001
v -11.920970 1.444555 7.940320
v -11.952659 1.431890 8.022816
v -11.981712 1.421373 8.097312
v -11.882229 1.598531 7.551522
v -11.871433 1.591688 7.628021
v -11.893385 1.578588 7.714681
v -11.925905 1.566316 7.844593
v -11.953529 1.547197 7.959522
v -11.985180 1.532301 8.049170
v -12.016506 1.517084 8.130877
v -11.935730 1.693285 7.590805
v -11.935822 1.689520 7.658371
v -11.953404 1.678522 7.738015
v -11.988089 1.658781 7.857461
v -12.016369 1.641473 7.950654
v -12.045433 1.623815 8.028399
v -12.082096 1.599565 8.114476
v -11.866705 1.500188 7.478174
v -11.892029 1.598287 7.524631
v -11.962049 1.678388 7.505658
v -11.940657 1.691187 7.562192
v -12.094421 1.591386 8.130566
v -12.030260 1.511789 8.146816
v -12.059334 1.421152 8.156775
v -11.995830 1.419454 8.115156
v -12.130140 1.361120 8.136570
v -12.196708 1.332342 8.126752
v -12.237267 1.371950 8.156332
v -12.134064 1.400598 8.170811
v -12.501412 1.295335 8.064991
v -12.482629 1.245401 8.039780
v -12.546520 1.241754 8.002239
v -12.621178 1.403722 8.012315
v -12.305207 1.539785 8.141315
v -12.238604 1.556612 8.153686
v -12.111558 1.728143 7.411291
v -12.436733 1.598108 7.237349
v -12.427824 1.543642 7.198241
v -12.034966 1.659494 7.435960
v -12.025984 1.484357 7.284604
v -12.411230 1.486456 7.163426
v -12.390100 1.670503 7.269403
v -12.392765 1.437967 7.151476
v -12.438103 1.644586 7.259021
v -12.058432 1.706598 7.448599
v -11.980070 1.498430 7.332190
vt 0.893171 0.969235
vt 0.888335 0.971023
vt 0.887837 0.968245
vt 0.892705 0.967131
vt 0.887658 0.966071
vt 0.892482 0.964852
vt 0.887566 0.962359
vt 0.892134 0.961179
vt 0.887536 0.958670
vt 0.891981 0.958585
vt 0.887374 0.956091
vt 0.891737 0.955962
vt 0.887207 0.953561
vt 0.891607 0.953044
vt 0.882681 0.971658
vt 0.882911 0.969090
vt 0.882989 0.966913
vt 0.883025 0.963230
vt 0.883013 0.959307
vt 0.882918 0.956451
vt 0.882738 0.954059
vt 0.878051 0.970913
vt 0.878357 0.968812
vt 0.878581 0.966580
vt 0.878568 0.962891
vt 0.878519 0.959123
vt 0.878470 0.956426
vt 0.878258 0.954073
vt 0.838043 0.989773
vt 0.842597 0.991348
vt 0.841737 0.994206
vt 0.836927 0.992351
vt 0.847379 0.991737
vt 0.847623 0.994791
vt 0.852078 0.990673
vt 0.852716 0.993371
vt 0.855161 0.989146
vt 0.856924 0.991214
vt 0.874195 0.970604
vt 0.874279 0.968352
vt 0.874220 0.965933
vt 0.874270 0.962219
vt 0.874246 0.958536
vt 0.874302 0.955942
vt 0.874291 0.953449
vt 0.878268 0.953346
vt 0.874382 0.952786
vt 0.875118 0.950202
vt 0.878553 0.950609
vt 0.882435 0.950448
vt 0.882682 0.953349
vt 0.886953 0.949992
vt 0.887159 0.952838
vt 0.891381 0.949661
vt 0.891579 0.952429
vt 0.895274 0.949708
vt 0.895707 0.951762
vt 0.895784 0.952425
vt 0.895867 0.955147
vt 0.896145 0.957858
vt 0.896392 0.960426
vt 0.896846 0.963840
vt 0.897243 0.966127
vt 0.897615 0.968018
vt 0.833307 0.989347
vt 0.835294 0.987741
vt 0.836787 0.942531
vt 0.837403 0.940038
vt 0.841061 0.940217
vt 0.841010 0.942489
vt 0.844066 0.935748
vt 0.848758 0.935667
vt 0.848325 0.937749
vt 0.844456 0.937949
vt 0.844552 0.940138
vt 0.848082 0.939927
vt 0.847976 0.942177
vt 0.844447 0.942414
vt 0.847861 0.944407
vt 0.844279 0.944630
vt 0.843955 0.946968
vt 0.847869 0.946692
vt 0.848111 0.949276
vt 0.843392 0.949658
vt 0.851527 0.939453
vt 0.851428 0.941795
vt 0.852630 0.935072
vt 0.856081 0.934721
vt 0.854037 0.937121
vt 0.851918 0.937268
vt 0.854896 0.941184
vt 0.858763 0.940357
vt 0.858334 0.943567
vt 0.854735 0.943675
vt 0.834513 0.939425
vt 0.833621 0.942517
vt 0.838927 0.953842
vt 0.843811 0.953750
vt 0.844052 0.956204
vt 0.839195 0.956291
vt 0.844198 0.958984
vt 0.839227 0.959147
vt 0.844388 0.963019
vt 0.839413 0.963002
vt 0.844562 0.966969
vt 0.839213 0.966925
vt 0.844881 0.969475
vt 0.839418 0.969334
vt 0.845192 0.971709
vt 0.839860 0.971329
vt 0.848756 0.953365
vt 0.849014 0.955948
vt 0.849158 0.958814
vt 0.849442 0.963017
vt 0.850031 0.967091
vt 0.850431 0.969696
vt 0.850547 0.972090
vt 0.853668 0.952754
vt 0.853903 0.955615
vt 0.854188 0.958642
vt 0.854530 0.962888
vt 0.855226 0.967000
vt 0.855700 0.969694
vt 0.855991 0.972116
vt 0.838585 0.949483
vt 0.843742 0.953058
vt 0.838863 0.953154
vt 0.848670 0.952683
vt 0.853068 0.948798
vt 0.853600 0.952055
vt 0.857457 0.947489
vt 0.858181 0.951581
vt 0.858268 0.952298
vt 0.858504 0.955230
vt 0.858889 0.958373
vt 0.859317 0.962721
vt 0.859825 0.966836
vt 0.860149 0.969372
vt 0.860672 0.971980
vt 0.856071 0.972856
vt 0.860460 0.975264
vt 0.857706 0.977651
vt 0.854902 0.976547
vt 0.850046 0.976144
vt 0.850513 0.972897
vt 0.845268 0.975589
vt 0.845258 0.972556
vt 0.840484 0.974908
vt 0.840032 0.972101
vt 0.837257 0.974699
vt 0.834493 0.972005
vt 0.834535 0.971055
vt 0.834574 0.968913
vt 0.834682 0.966483
vt 0.834663 0.962806
vt 0.834594 0.958901
vt 0.834796 0.955866
vt 0.834826 0.953154
vt 0.834892 0.952404
vt 0.835613 0.948549
vt 0.841213 0.982490
vt 0.841485 0.979687
vt 0.845061 0.980080
vt 0.844482 0.983018
vt 0.844117 0.985353
vt 0.840715 0.984818
vt 0.849275 0.978333
vt 0.845296 0.977842
vt 0.848695 0.980436
vt 0.848015 0.983389
vt 0.847595 0.985674
vt 0.843392 0.988528
vt 0.847359 0.988650
vt 0.853086 0.978591
vt 0.852093 0.980831
vt 0.851307 0.983523
vt 0.851279 0.985750
vt 0.838265 0.979112
vt 0.837680 0.981702
vt 0.833719 0.980780
vt 0.834734 0.977067
vt 0.870740 0.952492
vt 0.870567 0.955153
vt 0.866720 0.952087
vt 0.866648 0.954885
vt 0.862348 0.952228
vt 0.862606 0.955003
vt 0.870541 0.957710
vt 0.866794 0.957668
vt 0.862907 0.957986
vt 0.870531 0.961653
vt 0.866834 0.961889
vt 0.863104 0.962427
vt 0.870501 0.965752
vt 0.866898 0.966094
vt 0.863345 0.966635
vt 0.870700 0.968390
vt 0.867324 0.968713
vt 0.863674 0.969177
vt 0.871044 0.970782
vt 0.868027 0.971147
vt 0.864162 0.971865
vt 0.859596 0.987774
vt 0.857360 0.986660
vt 0.861274 0.983753
vt 0.858601 0.983481
vt 0.861698 0.979468
vt 0.859017 0.980242
vt 0.862265 0.951513
vt 0.861941 0.948328
vt 0.866748 0.951384
vt 0.866783 0.948369
vt 0.870812 0.951817
vt 0.871103 0.949045
vt 0.830717 0.970288
vt 0.830925 0.968254
vt 0.831067 0.965702
vt 0.830973 0.961670
vt 0.831128 0.957511
vt 0.831292 0.954743
vt 0.831492 0.952100
vt 0.827302 0.970103
vt 0.827123 0.967887
vt 0.827226 0.965049
vt 0.827337 0.960871
vt 0.827423 0.957102
vt 0.827348 0.954081
vt 0.827534 0.950724
vt 0.904218 0.969225
vt 0.901257 0.968417
vt 0.901034 0.966334
vt 0.904227 0.967009
vt 0.900713 0.963842
vt 0.904124 0.964172
vt 0.900284 0.959993
vt 0.904013 0.959993
vt 0.900014 0.956972
vt 0.903927 0.956224
vt 0.899708 0.954423
vt 0.903477 0.953204
vt 0.899334 0.951573
vt 0.902966 0.950415
vt 0.832300 0.976744
vt 0.831546 0.981008
vt 0.833745 0.984595
vt 0.831783 0.985334
vt 0.898639 0.948931
vt 0.899203 0.950935
vt 0.901734 0.947759
vt 0.902569 0.949786
vt 0.827643 0.946892
vt 0.831598 0.948183
vt 0.831572 0.951282
vt 0.827538 0.949851
vt 0.837538 0.947032
vt 0.840287 0.947005
vt 0.840792 0.944754
vt 0.836730 0.945151
vt 0.851389 0.944057
vt 0.851640 0.946205
vt 0.854512 0.945699
vt 0.854803 0.938652
vt 0.858335 0.937122
vt 0.839437 0.935704
vt 0.840830 0.938086
vt 0.838168 0.938311
vt 0.836011 0.936821
vt 0.833592 0.945610
vt 0.839779 0.987532
vt 0.854058 0.985883
vt 0.854754 0.983546
vt 0.837459 0.984379
vt 0.841404 0.977268
vt 0.855152 0.981132
vt 0.851319 0.987997
vt 0.855184 0.979255
vt 0.853350 0.987651
vt 0.837635 0.986402
vt 0.839083 0.977336
vt 0.893441 0.970083
vt 0.897820 0.968960
vt 0.888454 0.971824
vt 0.882600 0.972471
vt 0.877847 0.971735
vt 0.874136 0.971409
vt 0.871175 0.971659
vt 0.901395 0.969357
vt 0.860870 0.972794
vt 0.864292 0.972471
vt 0.830606 0.971047
vt 0.868390 0.971906
vt 0.827293 0.970807
vt 0.904194 0.970107
vn 0.301144 0.949869 0.084034
vn 0.035012 0.999303 0.012959
vn -0.161840 0.918602 0.360526
vn 0.102219 0.931812 0.348249
vn -0.283327 0.809067 0.514914
vn -0.070786 0.885268 0.459662
vn -0.325070 0.852571 0.409210
vn -0.141059 0.930299 0.338594
vn -0.351868 0.912646 0.208004
vn -0.158639 0.971627 0.175429
vn -0.408166 0.903133 0.133235
vn -0.194395 0.970267 0.144197
vn -0.505661 0.830268 0.234440
vn -0.281712 0.917542 0.280634
vn -0.339819 0.933355 -0.115633
vn -0.475621 0.837286 0.269699
vn -0.511337 0.723847 0.463227
vn -0.467052 0.789009 0.399159
vn -0.393967 0.885692 0.245641
vn -0.370127 0.906954 0.201097
vn -0.399491 0.863298 0.308422
vn -0.636271 0.757999 -0.143516
vn -0.733999 0.653675 0.184266
vn -0.726165 0.614233 0.308872
vn -0.628179 0.746252 0.220225
vn -0.481366 0.866024 0.135236
vn -0.387333 0.911352 0.139325
vn -0.345004 0.899592 0.267780
vn 0.550850 0.642164 -0.533095
vn 0.380350 0.662138 -0.645684
vn 0.220886 0.918673 -0.327488
vn 0.453130 0.867605 -0.204780
vn 0.097477 0.632026 -0.768792
vn -0.160256 0.873988 -0.458762
vn -0.137656 0.573397 -0.807630
vn -0.456198 0.756043 -0.469341
vn -0.219562 0.525211 -0.822159
vn -0.612242 0.613567 -0.498693
vn -0.807231 0.564448 -0.172559
vn -0.867791 0.484411 0.110833
vn -0.839837 0.523117 0.144989
vn -0.749287 0.662123 -0.012738
vn -0.660190 0.749220 -0.053083
vn -0.638914 0.769200 -0.011020
vn -0.640895 0.754534 0.141183
vn -0.329876 0.839856 0.431073
vn -0.598099 0.682816 0.419571
vn -0.520533 0.529524 0.669813
vn -0.372940 0.708154 0.599528
vn -0.450510 0.704375 0.548541
vn -0.421951 0.807203 0.412772
vn -0.540134 0.622863 0.565948
vn -0.557816 0.737000 0.381671
vn -0.403476 0.576130 0.710832
vn -0.380314 0.767996 0.515309
vn -0.100192 0.522473 0.846749
vn 0.067715 0.726445 0.683880
vn 0.211865 0.871755 0.441765
vn 0.249457 0.925092 0.286315
vn 0.234320 0.937644 0.256744
vn 0.245031 0.913532 0.324683
vn 0.328540 0.864226 0.381019
vn 0.464421 0.845097 0.264811
vn 0.564759 0.824007 0.045400
vn 0.613107 0.765802 -0.194030
vn 0.616379 0.603231 -0.506151
vn 0.009247 -0.039006 0.999196
vn -0.107245 0.256356 0.960614
vn -0.267566 0.188938 0.944834
vn -0.141730 -0.142831 0.979547
vn -0.460752 0.562419 0.686581
vn -0.477119 0.489998 0.729561
vn -0.375777 0.211851 0.902170
vn -0.430382 0.255228 0.865812
vn -0.319383 -0.194071 0.927540
vn -0.232551 -0.176799 0.956380
vn -0.217814 -0.450291 0.865907
vn -0.107620 -0.432474 0.895201
vn 0.032814 -0.647003 0.761781
vn -0.096200 -0.645236 0.757902
vn 0.087223 -0.849654 0.520077
vn 0.159292 -0.833972 0.528316
vn -0.533340 0.239364 0.811328
vn -0.452167 -0.214555 0.865743
vn -0.508133 0.416912 0.753648
vn -0.468177 0.532538 0.705134
vn -0.582052 -0.226240 0.781045
vn -0.721959 -0.270412 0.636909
vn -0.603213 -0.514200 0.609698
vn -0.466357 -0.487263 0.738300
vn 0.097314 0.403033 0.909997
vn 0.265917 0.111028 0.957581
vn 0.412863 -0.906032 0.093004
vn 0.292895 -0.956129 0.005542
vn 0.321423 -0.927295 -0.191865
vn 0.450891 -0.887580 -0.094333
vn 0.267943 -0.950100 -0.159741
vn 0.398135 -0.914717 -0.069145
vn 0.152315 -0.988008 0.025315
vn 0.303810 -0.946633 0.107633
vn 0.134794 -0.990868 -0.003473
vn 0.310855 -0.948464 0.061517
vn 0.231005 -0.946424 -0.225650
vn 0.400158 -0.890977 -0.214556
vn 0.320911 -0.845405 -0.426974
vn 0.454132 -0.781440 -0.427921
vn 0.295774 -0.954698 -0.032693
vn 0.321685 -0.919286 -0.226788
vn 0.304423 -0.934714 -0.183401
vn 0.252689 -0.967270 0.023154
vn 0.267650 -0.962708 0.039463
vn 0.352692 -0.918722 -0.177645
vn 0.417603 -0.809112 -0.413456
vn 0.137761 -0.988971 -0.054384
vn 0.186650 -0.951520 -0.244483
vn 0.184417 -0.960172 -0.209905
vn 0.109703 -0.993886 -0.012471
vn 0.069926 -0.997176 0.027403
vn 0.124853 -0.965469 -0.228653
vn 0.193669 -0.831799 -0.520195
vn 0.204026 -0.759964 0.617113
vn 0.234282 -0.936359 0.261427
vn 0.297735 -0.876305 0.378739
vn 0.228356 -0.945521 0.232043
vn -0.123682 -0.811058 0.571741
vn 0.043475 -0.963026 0.265879
vn -0.404248 -0.683036 0.608314
vn -0.418977 -0.850332 0.318423
vn -0.391612 -0.918536 -0.054150
vn -0.322834 -0.912063 -0.252823
vn -0.290966 -0.919131 -0.265586
vn -0.370605 -0.919022 -0.134352
vn -0.469681 -0.879922 -0.071677
vn -0.465938 -0.824977 -0.319867
vn -0.344880 -0.687374 -0.639198
vn 0.231688 -0.609074 -0.758518
vn -0.163170 -0.461722 -0.871888
vn 0.014708 -0.081279 -0.996583
vn 0.216817 -0.203616 -0.954741
vn 0.388635 -0.289690 -0.874667
vn 0.428873 -0.650792 -0.626529
vn 0.446720 -0.321653 -0.834854
vn 0.383807 -0.699579 -0.602729
vn 0.591754 -0.193092 -0.782651
vn 0.513836 -0.609998 -0.603220
vn 0.750530 0.109151 -0.651760
vn 0.834579 -0.197629 -0.514218
vn 0.875066 -0.353384 -0.330725
vn 0.872915 -0.482594 -0.071571
vn 0.785792 -0.583909 0.203915
vn 0.747081 -0.634097 0.199474
vn 0.762341 -0.641451 0.085893
vn 0.779391 -0.616273 0.112946
vn 0.731544 -0.618284 0.287346
vn 0.508870 -0.647286 0.567514
vn 0.298777 -0.626183 0.720158
vn 0.431807 0.604330 -0.669573
vn 0.437942 0.593628 -0.675139
vn 0.337349 0.560184 -0.756564
vn 0.326407 0.603117 -0.727811
vn 0.404474 0.424784 -0.809913
vn 0.502031 0.452717 -0.736894
vn 0.298344 0.183737 -0.936606
vn 0.417083 0.225633 -0.880416
vn 0.235688 0.506987 -0.829105
vn 0.232500 0.597667 -0.767293
vn 0.290606 0.424735 -0.857408
vn 0.443026 0.393706 -0.805434
vn 0.277842 0.360958 -0.890232
vn 0.168342 0.193415 -0.966567
vn 0.139952 0.448144 -0.882938
vn 0.124896 0.584473 -0.801743
vn 0.149186 0.461203 -0.874663
vn 0.552845 0.554751 -0.621783
vn 0.518738 0.576989 -0.630868
vn 0.653015 0.523843 -0.546955
vn 0.726005 0.409077 -0.552786
vn -0.971658 0.225390 0.071281
vn -0.946058 0.313888 -0.080302
vn -0.951065 -0.303501 0.057978
vn -0.958208 -0.269452 -0.096092
vn -0.798342 -0.602205 0.000740
vn -0.759439 -0.628199 -0.169168
vn -0.894673 0.412272 -0.172023
vn -0.955693 -0.192499 -0.222699
vn -0.722370 -0.645070 -0.249131
vn -0.883613 0.434563 -0.174308
vn -0.961068 -0.098383 -0.258204
vn -0.754813 -0.613727 -0.231508
vn -0.930516 0.365844 -0.017247
vn -0.986399 -0.059763 -0.153120
vn -0.825461 -0.539177 -0.167042
vn -0.946200 0.317041 -0.064736
vn -0.964917 -0.000139 -0.262556
vn -0.838693 -0.425795 -0.339549
vn -0.875930 0.354612 -0.327103
vn -0.854814 0.125756 -0.503466
vn -0.735661 -0.267535 -0.622276
vn -0.677088 0.428232 -0.598472
vn -0.259180 0.489250 -0.832743
vn -0.652029 0.273311 -0.707220
vn -0.278017 0.437787 -0.855014
vn -0.511686 -0.070603 -0.856266
vn -0.172106 0.196901 -0.965199
vn -0.750994 -0.572635 0.328781
vn -0.878819 -0.314585 0.358768
vn -0.905641 0.161954 0.391901
vn -0.721843 0.129165 0.679896
vn 0.958809 0.169822 -0.227697
vn 0.997860 0.049647 0.042557
vn 0.964522 -0.061568 0.256724
vn 0.968594 -0.084744 0.233761
vn 0.966434 -0.085661 0.242214
vn 0.944825 -0.078742 0.317972
vn 0.875333 -0.114484 0.469771
vn 0.882201 0.438104 -0.172589
vn 0.922523 0.373643 0.096652
vn 0.907911 0.319920 0.270829
vn 0.896506 0.348772 0.273193
vn 0.865652 0.381895 0.323733
vn 0.829665 0.394736 0.394765
vn 0.753041 0.363475 0.548466
vn 0.770671 0.633744 -0.066599
vn 0.762728 0.624594 0.167716
vn 0.712881 0.629537 0.309003
vn 0.662456 0.678115 0.318295
vn 0.623872 0.706040 0.335099
vn 0.597587 0.704339 0.383140
vn 0.519592 0.672599 0.526911
vn 0.874066 0.263972 -0.407833
vn 0.797550 0.474841 -0.372076
vn 0.630378 0.550154 -0.547680
vn 0.732728 0.615937 -0.289362
vn 0.337021 0.564974 0.753141
vn 0.546262 0.251122 0.799084
vn 0.365145 -0.340185 0.866570
vn 0.643291 -0.234682 0.728767
vn 0.187101 -0.607474 0.771990
vn 0.113464 -0.628349 0.769613
vn -0.016194 -0.432634 0.901424
vn 0.130428 -0.414693 0.900566
vn -0.345361 -0.479466 0.806746
vn -0.273569 -0.610091 0.743605
vn -0.393680 -0.571159 0.720273
vn -0.600834 0.168074 0.781505
vn -0.362112 0.421907 0.831185
vn -0.191916 0.393981 0.898859
vn 0.554498 0.413729 -0.722053
vn 0.053583 0.477624 -0.876929
vn 0.012835 0.536974 -0.843501
vn 0.546668 0.477593 -0.687793
vn 0.534545 0.327999 -0.778896
vn 0.049169 0.380296 -0.923557
vn 0.120551 0.351775 -0.928290
vn 0.094530 0.202822 -0.974642
vn 0.067153 0.379584 -0.922717
vn 0.582951 0.437254 -0.684819
vn 0.618262 0.391504 -0.681525
s 1
g Feet M_Skeleton R_F_Middle_Phalanx_4
usemtl Skeleton_Feet_SG
f 3387/3777/3388 3388/3778/3389 3389/3779/3390 3390/3780/3391
f 3390/3780/3391 3389/3779/3390 3391/3781/3392 3392/3782/3393
f 3392/3782/3393 3391/3781/3392 3393/3783/3394 3394/3784/3395
f 3394/3784/3395 3393/3783/3394 3395/3785/3396 3396/3786/3397
f 3396/3786/3397 3395/3785/3396 3397/3787/3398 3398/3788/3399
f 3398/3788/3399 3397/3787/3398 3399/3789/3400 3400/3790/3401
f 3388/3778/3389 3401/3791/3402 3402/3792/3403 3389/3779/3390
f 3389/3779/3390 3402/3792/3403 3403/3793/3404 3391/3781/3392
f 3391/3781/3392 3403/3793/3404 3404/3794/3405 3393/3783/3394
f 3393/3783/3394 3404/3794/3405 3405/3795/3406 3395/3785/3396
f 3395/3785/3396 3405/3795/3406 3406/3796/3407 3397/3787/3398
f 3397/3787/3398 3406/3796/3407 3407/3797/3408 3399/3789/3400
f 3401/3791/3402 3408/3798/3409 3409/3799/3410 3402/3792/3403
f 3402/3792/3403 3409/3799/3410 3410/3800/3411 3403/3793/3404
f 3403/3793/3404 3410/3800/3411 3411/3801/3412 3404/3794/3405
f 3404/3794/3405 3411/3801/3412 3412/3802/3413 3405/3795/3406
f 3405/3795/3406 3412/3802/3413 3413/3803/3414 3406/3796/3407
f 3406/3796/3407 3413/3803/3414 3414/3804/3415 3407/3797/3408
f 3415/3805/3416 3416/3806/3417 3417/3807/3418 3418/3808/3419
f 3416/3806/3417 3419/3809/3420 3420/3810/3421 3417/3807/3418
f 3419/3809/3420 3421/3811/3422 3422/3812/3423 3420/3810/3421
f 3421/3811/3422 3423/3813/3424 3424/3814/3425 3422/3812/3423
f 3408/3798/3409 3425/3815/3426 3426/3816/3427 3409/3799/3410
f 3409/3799/3410 3426/3816/3427 3427/3817/3428 3410/3800/3411
f 3410/3800/3411 3427/3817/3428 3428/3818/3429 3411/3801/3412
f 3411/3801/3412 3428/3818/3429 3429/3819/3430 3412/3802/3413
f 3412/3802/3413 3429/3819/3430 3430/3820/3431 3413/3803/3414
f 3413/3803/3414 3430/3820/3431 3431/3821/3432 3414/3804/3415
f 3432/3822/3433 3433/3823/3434 3434/3824/3435 3435/3825/3436
f 3435/3825/3436 3436/3826/3437 3437/3827/3438 3432/3822/3433
f 3436/3826/3437 3438/3828/3439 3439/3829/3440 3437/3827/3438
f 3438/3828/3439 3440/3830/3441 3441/3831/3442 3439/3829/3440
f 3440/3830/3441 3442/3832/3443 3443/3833/3444 3441/3831/3442
f 3400/3790/3401 3444/3834/3445 3445/3835/3446 3398/3788/3399
f 3398/3788/3399 3445/3835/3446 3446/3836/3447 3396/3786/3397
f 3396/3786/3397 3446/3836/3447 3447/3837/3448 3394/3784/3395
f 3394/3784/3395 3447/3837/3448 3448/3838/3449 3392/3782/3393
f 3392/3782/3393 3448/3838/3449 3449/3839/3450 3390/3780/3391
f 3390/3780/3391 3449/3839/3450 3450/3840/3451 3387/3777/3388
f 3418/3808/3419 3451/3841/3452 3452/3842/3453 3415/3805/3416
f 3453/3843/3454 3454/3844/3455 3455/3845/3456 3456/3846/3457
f 3438/3847/3439 3436/3848/3437 3457/3849/3458 3458/3850/3459
f 3459/3851/3460 3460/3852/3461 3461/3853/3462 3462/3854/3463
f 3462/3854/3463 3461/3853/3462 3463/3855/3464 3464/3856/3465
f 3465/3857/3466 3466/3858/3467 3467/3859/3468 3468/3860/3469
f 3460/3852/3461 3469/3861/3470 3470/3862/3471 3461/3853/3462
f 3435/3863/3436 3434/3864/3435 3471/3865/3472 3472/3866/3473
f 3473/3867/3474 3474/3868/3475 3475/3869/3476 3476/3870/3477
f 3477/3871/3478 3454/3844/3455 3453/3843/3454 3478/3872/3479
f 3479/3873/3480 3480/3874/3481 3481/3875/3482 3482/3876/3483
f 3482/3876/3483 3481/3875/3482 3483/3877/3484 3484/3878/3485
f 3484/3878/3485 3483/3877/3484 3485/3879/3486 3486/3880/3487
f 3486/3880/3487 3485/3879/3486 3487/3881/3488 3488/3882/3489
f 3488/3882/3489 3487/3881/3488 3489/3883/3490 3490/3884/3491
f 3490/3884/3491 3489/3883/3490 3491/3885/3492 3492/3886/3493
f 3480/3874/3481 3493/3887/3494 3494/3888/3495 3481/3875/3482
f 3481/3875/3482 3494/3888/3495 3495/3889/3496 3483/3877/3484
f 3483/3877/3484 3495/3889/3496 3496/3890/3497 3485/3879/3486
f 3485/3879/3486 3496/3890/3497 3497/3891/3498 3487/3881/3488
f 3487/3881/3488 3497/3891/3498 3498/3892/3499 3489/3883/3490
f 3489/3883/3490 3498/3892/3499 3499/3893/3500 3491/3885/3492
f 3493/3887/3494 3500/3894/3501 3501/3895/3502 3494/3888/3495
f 3494/3888/3495 3501/3895/3502 3502/3896/3503 3495/3889/3496
f 3495/3889/3496 3502/3896/3503 3503/3897/3504 3496/3890/3497
f 3496/3890/3497 3503/3897/3504 3504/3898/3505 3497/3891/3498
f 3497/3891/3498 3504/3898/3505 3505/3899/3506 3498/3892/3499
f 3498/3892/3499 3505/3899/3506 3506/3900/3507 3499/3893/3500
f 3507/3901/3508 3468/3860/3469 3508/3902/3509 3509/3903/3510
f 3468/3860/3469 3467/3859/3468 3510/3904/3511 3508/3902/3509
f 3467/3859/3468 3511/3905/3512 3512/3906/3513 3510/3904/3511
f 3511/3905/3512 3513/3907/3514 3514/3908/3515 3512/3906/3513
f 3500/3894/3501 3515/3909/3516 3516/3910/3517 3501/3895/3502
f 3501/3895/3502 3516/3910/3517 3517/3911/3518 3502/3896/3503
f 3502/3896/3503 3517/3911/3518 3518/3912/3519 3503/3897/3504
f 3503/3897/3504 3518/3912/3519 3519/3913/3520 3504/3898/3505
f 3504/3898/3505 3519/3913/3520 3520/3914/3521 3505/3899/3506
f 3505/3899/3506 3520/3914/3521 3521/3915/3522 3506/3900/3507
f 3522/3916/3523 3523/3917/3524 3524/3918/3525 3525/3919/3526
f 3525/3919/3526 3526/3920/3527 3527/3921/3528 3522/3916/3523
f 3526/3920/3527 3528/3922/3529 3529/3923/3530 3527/3921/3528
f 3528/3922/3529 3530/3924/3531 3531/3925/3532 3529/3923/3530
f 3530/3924/3531 3532/3926/3533 3533/3927/3534 3531/3925/3532
f 3492/3886/3493 3534/3928/3535 3535/3929/3536 3490/3884/3491
f 3490/3884/3491 3535/3929/3536 3536/3930/3537 3488/3882/3489
f 3488/3882/3489 3536/3930/3537 3537/3931/3538 3486/3880/3487
f 3486/3880/3487 3537/3931/3538 3538/3932/3539 3484/3878/3485
f 3484/3878/3485 3538/3932/3539 3539/3933/3540 3482/3876/3483
f 3482/3876/3483 3539/3933/3540 3540/3934/3541 3479/3873/3480
f 3509/3903/3510 3541/3935/3542 3542/3936/3543 3507/3901/3508
f 3543/3937/3544 3544/3938/3545 3545/3939/3546 3546/3940/3547
f 3543/3937/3544 3546/3940/3547 3547/3941/3548 3548/3942/3549
f 3528/3922/3529 3526/3920/3527 3549/3943/3550 3550/3944/3551
f 3545/3939/3546 3551/3945/3552 3552/3946/3553 3546/3940/3547
f 3546/3940/3547 3552/3946/3553 3553/3947/3554 3547/3941/3548
f 3554/3948/3555 3555/3949/3556 3419/3809/3420 3416/3806/3417
f 3556/3950/3557 3549/3943/3550 3526/3920/3527 3525/3919/3526
f 3551/3945/3552 3557/3951/3558 3558/3952/3559 3552/3946/3553
f 3552/3946/3553 3558/3952/3559 3559/3953/3560 3553/3947/3554
f 3560/3954/3561 3561/3955/3562 3562/3956/3563 3563/3957/3564
f 3564/3958/3565 3431/3821/3432 3430/3820/3431 3565/3959/3566
f 3566/3960/3567 3564/3958/3565 3565/3959/3566 3567/3961/3568
f 3568/3962/3569 3566/3960/3567 3567/3961/3568 3569/3963/3570
f 3515/3909/3516 3568/3962/3569 3569/3963/3570 3516/3910/3517
f 3430/3820/3431 3429/3819/3430 3570/3964/3571 3565/3959/3566
f 3565/3959/3566 3570/3964/3571 3571/3965/3572 3567/3961/3568
f 3567/3961/3568 3571/3965/3572 3572/3966/3573 3569/3963/3570
f 3569/3963/3570 3572/3966/3573 3517/3911/3518 3516/3910/3517
f 3429/3819/3430 3428/3818/3429 3573/3967/3574 3570/3964/3571
f 3570/3964/3571 3573/3967/3574 3574/3968/3575 3571/3965/3572
f 3571/3965/3572 3574/3968/3575 3575/3969/3576 3572/3966/3573
f 3572/3966/3573 3575/3969/3576 3518/3912/3519 3517/3911/3518
f 3428/3818/3429 3427/3817/3428 3576/3970/3577 3573/3967/3574
f 3573/3967/3574 3576/3970/3577 3577/3971/3578 3574/3968/3575
f 3574/3968/3575 3577/3971/3578 3578/3972/3579 3575/3969/3576
f 3575/3969/3576 3578/3972/3579 3519/3913/3520 3518/3912/3519
f 3427/3817/3428 3426/3816/3427 3579/3973/3580 3576/3970/3577
f 3576/3970/3577 3579/3973/3580 3580/3974/3581 3577/3971/3578
f 3577/3971/3578 3580/3974/3581 3581/3975/3582 3578/3972/3579
f 3578/3972/3579 3581/3975/3582 3520/3914/3521 3519/3913/3520
f 3426/3816/3427 3425/3815/3426 3582/3976/3583 3579/3973/3580
f 3579/3973/3580 3582/3976/3583 3583/3977/3584 3580/3974/3581
f 3580/3974/3581 3583/3977/3584 3584/3978/3585 3581/3975/3582
f 3581/3975/3582 3584/3978/3585 3521/3915/3522 3520/3914/3521
f 3585/3979/3586 3424/3814/3425 3423/3813/3424 3586/3980/3587
f 3587/3981/3588 3585/3979/3586 3586/3980/3587 3588/3982/3589
f 3589/3983/3590 3587/3981/3588 3588/3982/3589 3590/3984/3591
f 3523/3917/3524 3589/3983/3590 3590/3984/3591 3524/3918/3525
f 3591/3985/3592 3514/3908/3515 3513/3907/3514 3475/3986/3476
f 3592/3987/3593 3591/3985/3592 3475/3986/3476 3474/3988/3475
f 3593/3989/3594 3592/3987/3593 3474/3988/3475 3594/3990/3595
f 3433/3823/3434 3593/3989/3594 3594/3990/3595 3434/3824/3435
f 3534/3928/3535 3595/3991/3596 3596/3992/3597 3535/3929/3536
f 3535/3929/3536 3596/3992/3597 3597/3993/3598 3536/3930/3537
f 3536/3930/3537 3597/3993/3598 3598/3994/3599 3537/3931/3538
f 3537/3931/3538 3598/3994/3599 3599/3995/3600 3538/3932/3539
f 3538/3932/3539 3599/3995/3600 3600/3996/3601 3539/3933/3540
f 3539/3933/3540 3600/3996/3601 3601/3997/3602 3540/3934/3541
f 3595/3991/3596 3602/3998/3603 3603/3999/3604 3596/3992/3597
f 3596/3992/3597 3603/3999/3604 3604/4000/3605 3597/3993/3598
f 3597/3993/3598 3604/4000/3605 3605/4001/3606 3598/3994/3599
f 3598/3994/3599 3605/4001/3606 3606/4002/3607 3599/3995/3600
f 3599/3995/3600 3606/4002/3607 3607/4003/3608 3600/3996/3601
f 3600/3996/3601 3607/4003/3608 3608/4004/3609 3601/3997/3602
f 3602/4005/3603 3609/4006/3610 3610/4007/3611 3603/4008/3604
f 3603/4008/3604 3610/4007/3611 3611/4009/3612 3604/4010/3605
f 3604/4010/3605 3611/4009/3612 3612/4011/3613 3605/4012/3606
f 3605/4012/3606 3612/4011/3613 3613/4013/3614 3606/4014/3607
f 3606/4014/3607 3613/4013/3614 3614/4015/3615 3607/4016/3608
f 3607/4016/3608 3614/4015/3615 3615/4017/3616 3608/4018/3609
f 3609/4006/3610 3450/3840/3451 3449/3839/3450 3610/4007/3611
f 3610/4007/3611 3449/3839/3450 3448/3838/3449 3611/4009/3612
f 3611/4009/3612 3448/3838/3449 3447/3837/3448 3612/4011/3613
f 3612/4011/3613 3447/3837/3448 3446/3836/3447 3613/4013/3614
f 3613/4013/3614 3446/3836/3447 3445/3835/3446 3614/4015/3615
f 3614/4015/3615 3445/3835/3446 3444/3834/3445 3615/4017/3616
f 3532/3926/3533 3563/3957/3564 3616/4019/3617 3533/3927/3534
f 3563/3957/3564 3562/3956/3563 3617/4020/3618 3616/4019/3617
f 3562/3956/3563 3618/4021/3619 3619/4022/3620 3617/4020/3618
f 3618/4021/3619 3452/3842/3453 3451/3841/3452 3619/4022/3620
f 3442/3832/3443 3477/4023/3478 3620/4024/3621 3443/3833/3444
f 3477/4023/3478 3478/4025/3479 3621/4026/3622 3620/4024/3621
f 3478/4027/3479 3622/4028/3623 3623/4029/3624 3621/4030/3622
f 3622/4028/3623 3542/3936/3543 3541/3935/3542 3623/4029/3624
f 3624/4031/3625 3625/4032/3626 3507/3901/3508 3542/3936/3543
f 3453/3843/3454 3456/3846/3457 3626/4033/3627 3627/4034/3628
f 3461/3853/3462 3470/3862/3471 3628/4035/3629 3463/3855/3464
f 3513/3907/3514 3511/3905/3512 3629/4036/3630 3630/4037/3631
f 3631/4038/3632 3594/4039/3595 3474/3868/3475 3473/3867/3474
f 3440/4040/3441 3632/4041/3633 3633/4042/3634 3442/4043/3443
f 3478/3872/3479 3453/3843/3454 3627/4034/3628 3622/4044/3623
f 3511/3905/3512 3467/3859/3468 3466/3858/3467 3629/4036/3630
f 3472/3866/3473 3457/3849/3458 3436/3848/3437 3435/3863/3436
f 3475/3869/3476 3513/3907/3514 3630/4037/3631 3476/3870/3477
f 3463/3855/3464 3628/4035/3629 3629/4036/3630 3466/3858/3467
f 3464/3856/3465 3463/3855/3464 3466/3858/3467 3465/3857/3466
f 3627/4034/3628 3626/4033/3627 3625/4032/3626 3624/4031/3625
f 3627/4034/3628 3624/4031/3625 3542/3936/3543 3622/4044/3623
f 3442/4043/3443 3633/4042/3634 3454/3844/3455 3477/3871/3478
f 3455/3845/3456 3454/3844/3455 3633/4042/3634 3632/4041/3633
f 3458/3850/3459 3457/3849/3458 3460/3852/3461 3459/3851/3460
f 3457/3849/3458 3472/3866/3473 3469/3861/3470 3460/3852/3461
f 3471/3865/3472 3434/3864/3435 3594/4039/3595 3631/4038/3632
f 3469/3861/3470 3472/3866/3473 3471/3865/3472 3631/4038/3632
f 3470/3862/3471 3469/3861/3470 3631/4038/3632 3473/3867/3474
f 3628/4035/3629 3470/3862/3471 3473/3867/3474 3476/3870/3477
f 3629/4036/3630 3628/4035/3629 3476/3870/3477 3630/4037/3631
f 3458/3850/3459 3632/4041/3633 3440/4040/3441 3438/3847/3439
f 3459/3851/3460 3455/3845/3456 3632/4041/3633 3458/3850/3459
f 3456/3846/3457 3455/3845/3456 3459/3851/3460 3462/3854/3463
f 3626/4033/3627 3456/3846/3457 3462/3854/3463 3464/3856/3465
f 3625/4032/3626 3626/4033/3627 3464/3856/3465 3465/3857/3466
f 3465/3857/3466 3468/3860/3469 3507/3901/3508 3625/4032/3626
f 3554/3948/3555 3416/3806/3417 3415/3805/3416 3634/4045/3635
f 3586/3980/3587 3635/4046/3636 3636/4047/3637 3588/3982/3589
f 3637/4048/3638 3618/4021/3619 3562/3956/3563 3561/3955/3562
f 3550/3944/3551 3638/4049/3639 3530/3924/3531 3528/3922/3529
f 3636/4047/3637 3639/4050/3640 3590/3984/3591 3588/3982/3589
f 3421/3811/3422 3419/3809/3420 3555/3949/3556 3640/4051/3641
f 3641/4052/3642 3556/3950/3557 3525/3919/3526 3524/3918/3525
f 3558/3952/3559 3557/3951/3558 3639/4050/3640 3636/4047/3637
f 3559/3953/3560 3558/3952/3559 3636/4047/3637 3635/4046/3636
f 3421/3811/3422 3640/4051/3641 3642/4053/3643 3423/3813/3424
f 3634/4045/3635 3415/3805/3416 3452/3842/3453 3643/4054/3644
f 3561/3955/3562 3543/3937/3544 3548/3942/3549 3637/4048/3638
f 3561/3955/3562 3560/3954/3561 3544/3938/3545 3543/3937/3544
f 3530/3924/3531 3638/4049/3639 3644/4055/3645 3532/3926/3533
f 3644/4055/3645 3560/3954/3561 3563/3957/3564 3532/3926/3533
f 3544/3938/3545 3560/3954/3561 3644/4055/3645 3638/4049/3639
f 3545/3939/3546 3544/3938/3545 3638/4049/3639 3550/3944/3551
f 3550/3944/3551 3549/3943/3550 3551/3945/3552 3545/3939/3546
f 3549/3943/3550 3556/3950/3557 3557/3951/3558 3551/3945/3552
f 3639/4050/3640 3557/3951/3558 3556/3950/3557 3641/4052/3642
f 3590/3984/3591 3639/4050/3640 3641/4052/3642 3524/3918/3525
f 3423/3813/3424 3642/4053/3643 3635/4046/3636 3586/3980/3587
f 3640/4051/3641 3559/3953/3560 3635/4046/3636 3642/4053/3643
f 3553/3947/3554 3559/3953/3560 3640/4051/3641 3555/3949/3556
f 3547/3941/3548 3553/3947/3554 3555/3949/3556 3554/3948/3555
f 3548/3942/3549 3547/3941/3548 3554/3948/3555 3634/4045/3635
f 3637/4048/3638 3548/3942/3549 3634/4045/3635 3643/4054/3644
f 3643/4054/3644 3452/3842/3453 3618/4021/3619 3637/4048/3638
f 3418/4056/3419 3387/3777/3388 3450/3840/3451 3451/4057/3452
f 3387/3777/3388 3418/4056/3419 3417/4058/3418 3388/3778/3389
f 3388/3778/3389 3417/4058/3418 3420/4059/3421 3401/3791/3402
f 3401/3791/3402 3420/4059/3421 3422/4060/3423 3408/3798/3409
f 3408/3798/3409 3422/4060/3423 3424/4061/3425 3425/3815/3426
f 3425/3815/3426 3424/4061/3425 3585/4062/3586 3582/3976/3583
f 3451/4057/3452 3450/3840/3451 3609/4006/3610 3619/4063/3620
f 3492/3886/3493 3531/3925/3532 3533/3927/3534 3534/3928/3535
f 3531/3925/3532 3492/3886/3493 3491/3885/3492 3529/3923/3530
f 3529/3923/3530 3491/3885/3492 3499/3893/3500 3527/3921/3528
f 3527/3921/3528 3499/3893/3500 3506/3900/3507 3522/3916/3523
f 3522/3916/3523 3506/3900/3507 3521/3915/3522 3523/4064/3524
f 3523/4064/3524 3521/3915/3522 3584/3978/3585 3589/4065/3590
f 3534/3928/3535 3533/3927/3534 3616/4066/3617 3595/3991/3596
f 3582/3976/3583 3585/4062/3586 3587/4067/3588 3583/3977/3584
f 3583/3977/3584 3587/4067/3588 3589/4065/3590 3584/3978/3585
f 3595/3991/3596 3616/4066/3617 3617/4068/3618 3602/3998/3603
f 3602/4005/3603 3617/4069/3618 3619/4063/3620 3609/4006/3610
f 3400/3790/3401 3441/3831/3442 3443/3833/3444 3444/3834/3445
f 3441/3831/3442 3400/3790/3401 3399/3789/3400 3439/3829/3440
f 3439/3829/3440 3399/3789/3400 3407/3797/3408 3437/3827/3438
f 3437/3827/3438 3407/3797/3408 3414/3804/3415 3432/3822/3433
f 3432/3822/3433 3414/3804/3415 3431/3821/3432 3433/3823/3434
f 3433/3823/3434 3431/3821/3432 3564/3958/3565 3593/3989/3594
f 3444/3834/3445 3443/3833/3444 3620/4024/3621 3615/4017/3616
f 3509/3903/3510 3479/3873/3480 3540/3934/3541 3541/3935/3542
f 3479/3873/3480 3509/3903/3510 3508/3902/3509 3480/3874/3481
f 3480/3874/3481 3508/3902/3509 3510/3904/3511 3493/3887/3494
f 3493/3887/3494 3510/3904/3511 3512/3906/3513 3500/3894/3501
f 3500/3894/3501 3512/3906/3513 3514/3908/3515 3515/3909/3516
f 3515/3909/3516 3514/3908/3515 3591/3985/3592 3568/3962/3569
f 3541/3935/3542 3540/3934/3541 3601/3997/3602 3623/4029/3624
f 3593/3989/3594 3564/3958/3565 3566/3960/3567 3592/3987/3593
f 3592/3987/3593 3566/3960/3567 3568/3962/3569 3591/3985/3592
f 3623/4029/3624 3601/3997/3602 3608/4004/3609 3621/4030/3622
f 3621/4026/3622 3608/4018/3609 3615/4017/3616 3620/4024/3621
g default
v -13.840756 1.046915 6.415652
v -13.696999 1.048692 6.431600
v -13.708826 1.001161 6.503036
v -13.854032 1.003358 6.477326
v -13.876562 0.949636 6.550037
v -13.728401 0.965257 6.591875
v -13.739973 0.953405 6.670355
v -13.885509 0.935293 6.643411
v -13.893360 0.936338 6.743416
v -13.753553 0.946535 6.771165
v -13.761259 0.943681 6.836943
v -13.896763 0.936952 6.820163
v -13.763928 0.932973 6.899889
v -13.892623 0.944868 6.888316
v -13.567845 1.023309 6.522271
v -13.570018 0.979230 6.584138
v -13.582890 0.931474 6.657797
v -13.598858 0.939119 6.727247
v -13.616356 0.953645 6.807426
v -13.628576 0.954519 6.864305
v -13.637630 0.946954 6.919349
v -13.415226 1.053243 6.673584
v -13.388963 1.001192 6.725338
v -13.403574 0.977441 6.792084
v -13.431077 0.986173 6.837622
v -13.460527 0.994672 6.901837
v -13.476643 0.995023 6.945460
v -13.491114 0.991659 6.992138
v -13.815826 1.144334 6.453450
v -13.688747 1.136228 6.481879
v -13.695041 1.059583 6.429005
v -13.837370 1.058549 6.411923
v -13.570370 1.114610 6.558724
v -13.567210 1.035875 6.518164
v -13.466394 1.101049 6.631656
v -13.424772 1.064977 6.662661
v -13.541164 1.016962 7.034286
v -13.652283 0.999853 6.995341
v -13.640316 0.951166 6.934382
v -13.499962 0.994520 7.004836
v -13.769218 0.990011 6.977950
v -13.764742 0.936971 6.914701
v -13.887503 0.998506 6.969835
v -13.891682 0.950773 6.903555
v -13.975004 1.015516 6.964537
v -14.002078 0.983179 6.911589
v -14.007214 0.978479 6.896729
v -14.021606 0.973085 6.828990
v -14.027321 0.974237 6.749857
v -14.028242 0.978948 6.653724
v -14.024164 0.994642 6.574614
v -13.990072 1.035001 6.507648
v -13.966476 1.075704 6.471059
v -13.957596 1.087671 6.466338
v -13.904923 1.152975 6.475411
v -14.010191 1.169839 6.534021
v -14.061485 1.126455 6.567764
v -14.018990 1.272592 6.595488
v -14.064867 1.239442 6.641126
v -14.003276 1.370573 6.666985
v -14.033344 1.343610 6.717544
v -14.091566 1.101953 6.620962
v -14.100014 1.076189 6.711305
v -14.086987 1.213998 6.687882
v -14.099974 1.183450 6.773754
v -14.035826 1.309408 6.761520
v -14.043579 1.275594 6.829825
v -14.099531 1.062032 6.777211
v -14.091089 1.050199 6.858009
v -14.104561 1.166715 6.827510
v -14.110976 1.148332 6.901387
v -14.051323 1.260709 6.873495
v -14.056046 1.238176 6.926271
v -14.069000 1.044115 6.927828
v -14.089752 1.130663 6.963388
v -14.046497 1.213636 6.975478
v -14.060389 1.045438 6.941550
v -14.009833 1.062418 6.988533
v -14.079810 1.127439 6.975380
v -14.023869 1.119653 7.008128
v -14.039015 1.205923 6.987449
v -14.004536 1.183149 7.013115
v -13.990118 1.256288 7.004507
v -13.974325 1.228284 7.014982
v -13.993941 1.267377 6.994491
v -13.993258 1.291006 6.951828
v -13.984592 1.309248 6.904897
v -13.976032 1.328683 6.863368
v -13.972513 1.361673 6.812339
v -13.980139 1.401292 6.770567
v -13.962526 1.420629 6.720793
v -13.991875 1.373548 6.656952
v -13.953771 1.422044 6.707911
v -13.918102 1.413679 6.676022
v -13.943830 1.370363 6.634445
v -14.005923 1.278680 6.588291
v -13.945491 1.296438 6.573052
v -13.997215 1.178949 6.529613
v -13.935189 1.215463 6.524015
v -13.756500 1.453436 6.792627
v -13.879698 1.447580 6.757303
v -13.887861 1.430673 6.798475
v -13.765940 1.441492 6.833933
v -13.636055 1.434431 6.831979
v -13.645043 1.421682 6.869933
v -13.518755 1.401926 6.872734
v -13.525085 1.396238 6.906501
v -13.776428 1.418832 6.887344
v -13.891056 1.403452 6.849275
v -13.896025 1.373155 6.898614
v -13.786621 1.392683 6.938941
v -13.656567 1.406564 6.923217
v -13.669050 1.385229 6.974324
v -13.535274 1.390081 6.957091
v -13.549345 1.372160 7.003830
v -13.796894 1.371667 6.980426
v -13.906718 1.350351 6.937158
v -13.920338 1.333376 6.977506
v -13.807444 1.351930 7.019559
v -13.680329 1.367578 7.016338
v -13.691126 1.353044 7.053934
v -13.562685 1.349969 7.042517
v -13.573566 1.330694 7.073718
v -13.925315 1.303560 7.018883
v -13.817583 1.323251 7.056599
v -13.704599 1.321443 7.088220
v -13.588455 1.306524 7.107080
v -13.924832 1.290403 7.027188
v -13.917545 1.244325 7.035493
v -13.819815 1.309888 7.064707
v -13.822243 1.264524 7.073341
v -13.707539 1.307531 7.093644
v -13.710764 1.261724 7.090600
v -13.595257 1.294218 7.113531
v -13.613319 1.259092 7.113397
v -13.632706 1.434663 6.816363
v -13.517504 1.401292 6.856590
v -13.518677 1.392450 6.820598
v -13.625201 1.422739 6.777317
v -13.751804 1.453184 6.777380
v -13.735786 1.439344 6.736513
v -13.873962 1.448114 6.742908
v -13.850218 1.433588 6.704701
v -13.386610 1.240820 6.819010
v -13.436067 1.330724 6.859346
v -13.435409 1.325159 6.892355
v -13.382376 1.230753 6.854161
v -13.380468 1.144476 6.760845
v -13.371206 1.124273 6.809235
v -13.373068 1.219896 6.907618
v -13.429552 1.324323 6.945490
v -13.436033 1.315225 6.996246
v -13.376749 1.207861 6.955729
v -13.363024 1.106252 6.861487
v -13.370811 1.094411 6.903649
v -13.400944 1.193346 7.003069
v -13.460770 1.290853 7.035591
v -13.484291 1.268915 7.063337
v -13.429131 1.181684 7.034392
v -13.395579 1.084856 6.961964
v -13.417923 1.082094 7.001716
v -13.501465 1.252924 7.096146
v -13.451927 1.173204 7.063003
v -13.440238 1.080587 7.039380
v -13.513447 1.245813 7.103369
v -13.576437 1.217855 7.104810
v -13.465576 1.169759 7.070931
v -13.536978 1.157034 7.082205
v -13.452823 1.080759 7.048715
v -13.526228 1.085016 7.066244
v -13.388710 1.149931 6.748076
v -13.449986 1.169458 6.703561
v -13.393902 1.243852 6.805583
v -13.450626 1.250391 6.757475
v -13.441376 1.332552 6.844342
v -13.481562 1.336038 6.791579
v -13.571486 1.187608 6.639163
v -13.577419 1.272131 6.694973
v -13.595976 1.366262 6.731642
v -13.695513 1.207510 6.574543
v -13.705473 1.292081 6.634518
v -13.717279 1.385007 6.681138
v -13.828131 1.221994 6.524968
v -13.838079 1.304407 6.584470
v -13.844675 1.384355 6.645539
v -13.782290 1.059423 7.015991
v -13.913025 1.055585 7.006011
v -13.797400 1.130983 7.047883
v -13.927158 1.121229 7.032660
v -13.812939 1.204485 7.072984
v -13.925825 1.190843 7.042319
v -13.654888 1.066503 7.040847
v -13.669882 1.139745 7.065641
v -13.692916 1.206373 7.084688
vt 0.144079 0.642127
vt 0.137444 0.641582
vt 0.138012 0.638305
vt 0.143970 0.639049
vt 0.144254 0.635635
vt 0.138763 0.634663
vt 0.139192 0.631702
vt 0.144341 0.632319
vt 0.144644 0.628746
vt 0.139683 0.627966
vt 0.139966 0.625526
vt 0.144866 0.625899
vt 0.140046 0.623191
vt 0.144800 0.623274
vt 0.132143 0.638154
vt 0.132726 0.635264
vt 0.133687 0.632224
vt 0.134285 0.629812
vt 0.134840 0.626870
vt 0.135227 0.624750
vt 0.135553 0.622670
vt 0.126129 0.632951
vt 0.127140 0.630405
vt 0.127991 0.628226
vt 0.128573 0.626532
vt 0.129195 0.623953
vt 0.129554 0.622099
vt 0.129887 0.620022
vt 0.173635 0.647885
vt 0.178254 0.646735
vt 0.178817 0.650047
vt 0.173423 0.651535
vt 0.182981 0.644829
vt 0.184059 0.648000
vt 0.187127 0.642880
vt 0.189419 0.642993
vt 0.131564 0.617895
vt 0.135839 0.619105
vt 0.135608 0.622077
vt 0.130059 0.619348
vt 0.140194 0.619592
vt 0.140064 0.622639
vt 0.144686 0.619475
vt 0.144791 0.622643
vt 0.148327 0.619026
vt 0.149863 0.621713
vt 0.149834 0.622539
vt 0.149698 0.625552
vt 0.149413 0.628563
vt 0.149097 0.631943
vt 0.149012 0.634685
vt 0.148816 0.637828
vt 0.149047 0.640482
vt 0.168694 0.650410
vt 0.170314 0.647729
vt 0.153300 0.638863
vt 0.152785 0.636014
vt 0.157860 0.637163
vt 0.157178 0.634481
vt 0.161922 0.634910
vt 0.161580 0.632651
vt 0.152875 0.633684
vt 0.153074 0.630443
vt 0.156906 0.632404
vt 0.156969 0.629065
vt 0.161251 0.630682
vt 0.161061 0.627806
vt 0.153264 0.628098
vt 0.153616 0.625141
vt 0.157046 0.627024
vt 0.157278 0.624305
vt 0.160977 0.626038
vt 0.160786 0.623886
vt 0.154016 0.622353
vt 0.157634 0.621841
vt 0.160660 0.621699
vt 0.152148 0.617812
vt 0.149608 0.616723
vt 0.152808 0.614347
vt 0.150122 0.614429
vt 0.151240 0.611287
vt 0.149516 0.612047
vt 0.149304 0.609232
vt 0.148519 0.610240
vt 0.163880 0.621183
vt 0.163952 0.623187
vt 0.164152 0.625185
vt 0.164421 0.626963
vt 0.164730 0.629259
vt 0.164948 0.631359
vt 0.165408 0.633334
vt 0.164841 0.637493
vt 0.165628 0.633900
vt 0.167476 0.635222
vt 0.166911 0.637803
vt 0.165150 0.642087
vt 0.167547 0.641461
vt 0.166386 0.646459
vt 0.168616 0.644964
vt 0.173314 0.630430
vt 0.168957 0.631869
vt 0.168571 0.630298
vt 0.172976 0.628905
vt 0.177639 0.628984
vt 0.177363 0.627453
vt 0.182422 0.627356
vt 0.181992 0.625891
vt 0.172577 0.626787
vt 0.168320 0.628188
vt 0.167983 0.626011
vt 0.172157 0.624612
vt 0.176949 0.625326
vt 0.176485 0.623194
vt 0.181396 0.623884
vt 0.180861 0.621959
vt 0.171737 0.622824
vt 0.167511 0.624300
vt 0.167029 0.622576
vt 0.171300 0.621108
vt 0.176069 0.621435
vt 0.175668 0.619879
vt 0.180430 0.620232
vt 0.180074 0.618801
vt 0.166629 0.620545
vt 0.170776 0.619249
vt 0.175129 0.618069
vt 0.179577 0.617174
vt 0.146687 0.607734
vt 0.146210 0.609460
vt 0.142439 0.606640
vt 0.142336 0.608412
vt 0.137931 0.606466
vt 0.137996 0.608265
vt 0.133459 0.606803
vt 0.134139 0.608180
vt 0.177750 0.629574
vt 0.182646 0.628068
vt 0.182433 0.629739
vt 0.178075 0.631082
vt 0.173482 0.630960
vt 0.174100 0.632440
vt 0.169173 0.632373
vt 0.170079 0.633813
vt 0.190184 0.625622
vt 0.185862 0.626361
vt 0.185835 0.624989
vt 0.190346 0.624193
vt 0.123147 0.630423
vt 0.120692 0.628648
vt 0.120877 0.626878
vt 0.123869 0.628361
vt 0.190284 0.622188
vt 0.185561 0.622978
vt 0.185155 0.621160
vt 0.189951 0.620247
vt 0.124514 0.626296
vt 0.121224 0.624796
vt 0.121574 0.622717
vt 0.124975 0.624669
vt 0.189182 0.618318
vt 0.184669 0.619317
vt 0.184192 0.617726
vt 0.188416 0.616816
vt 0.125571 0.622273
vt 0.122113 0.620484
vt 0.122717 0.618771
vt 0.125978 0.620504
vt 0.183673 0.616163
vt 0.187415 0.615059
vt 0.123532 0.617500
vt 0.126393 0.618755
vt 0.130289 0.608776
vt 0.132749 0.609794
vt 0.128523 0.612017
vt 0.131289 0.612306
vt 0.128055 0.615612
vt 0.130923 0.615116
vt 0.190076 0.638207
vt 0.187300 0.639056
vt 0.189029 0.634021
vt 0.186509 0.635343
vt 0.186404 0.630716
vt 0.184378 0.632143
vt 0.182480 0.640767
vt 0.181441 0.637031
vt 0.179629 0.633559
vt 0.177588 0.642483
vt 0.176460 0.638717
vt 0.175113 0.635087
vt 0.172543 0.644070
vt 0.171451 0.640331
vt 0.170564 0.636617
vt 0.140689 0.616603
vt 0.145715 0.616862
vt 0.141270 0.613615
vt 0.146263 0.614161
vt 0.141865 0.610664
vt 0.146290 0.611520
vt 0.135819 0.616034
vt 0.136373 0.613078
vt 0.137255 0.610410
vt 0.144117 0.642647
vt 0.149156 0.641261
vt 0.137247 0.641986
vt 0.131868 0.638620
vt 0.125898 0.633654
vt 0.122909 0.631073
vt 0.153451 0.639536
vt 0.158067 0.637781
vt 0.161954 0.635466
vt 0.185754 0.627066
vt 0.190153 0.626267
vt 0.120597 0.629342
vt 0.126604 0.618126
vt 0.154165 0.621721
vt 0.157785 0.621232
vt 0.160627 0.621033
vt 0.163906 0.620511
vt 0.166465 0.619914
vt 0.170577 0.618626
vt 0.174971 0.617487
vt 0.179364 0.616605
vt 0.183395 0.615590
vt 0.187142 0.614492
vt 0.123810 0.616902
vn -0.165385 -0.508769 -0.844868
vn 0.242503 -0.597152 -0.764593
vn 0.120788 -0.857733 -0.499704
vn -0.119380 -0.794297 -0.595686
vn -0.087998 -0.926986 -0.364627
vn 0.051846 -0.959080 -0.278347
vn 0.016562 -0.998953 -0.042642
vn -0.088663 -0.991678 -0.093342
vn -0.100173 -0.994869 -0.014216
vn 0.048840 -0.998807 0.000482
vn 0.058395 -0.997303 -0.044453
vn -0.126148 -0.991694 0.025091
vn 0.011607 -0.994101 0.107838
vn -0.164297 -0.965968 0.199780
vn 0.537432 -0.479182 -0.693939
vn 0.331742 -0.801402 -0.497697
vn 0.122987 -0.976937 -0.174552
vn 0.021933 -0.995405 0.093206
vn 0.096718 -0.992382 0.076319
vn 0.174854 -0.984219 -0.027177
vn 0.157614 -0.982321 0.101012
vn 0.820380 -0.136330 -0.555330
vn 0.824236 -0.440062 -0.356343
vn 0.675350 -0.736605 0.036287
vn 0.478373 -0.835895 0.269145
vn 0.459150 -0.857936 0.230493
vn 0.505338 -0.847583 0.161976
vn 0.452609 -0.837509 0.306143
vn 0.023744 0.582894 -0.812201
vn 0.364986 0.597568 -0.713931
vn 0.371484 0.086771 -0.924376
vn -0.109522 0.135888 -0.984652
vn 0.532906 0.519367 -0.668033
vn 0.632873 0.072052 -0.770896
vn 0.595577 0.449717 -0.665615
vn 0.734200 0.183413 -0.653689
vn 0.000247 -0.614685 0.788773
vn -0.090129 -0.659450 0.746326
vn 0.030839 -0.888293 0.458241
vn 0.219599 -0.756416 0.616125
vn -0.081102 -0.662342 0.744799
vn -0.050021 -0.883535 0.465687
vn -0.140489 -0.676295 0.723110
vn -0.169193 -0.864959 0.472461
vn -0.258523 -0.681713 0.684421
vn -0.353134 -0.783686 0.511012
vn -0.450785 -0.846956 0.281883
vn -0.516478 -0.852169 0.084022
vn -0.555288 -0.831421 -0.019867
vn -0.598136 -0.792041 -0.122085
vn -0.622239 -0.658482 -0.423345
vn -0.586344 -0.424065 -0.690195
vn -0.557565 -0.116640 -0.821898
vn -0.415911 0.261880 -0.870883
vn -0.230382 0.501527 -0.833903
vn -0.653446 0.257341 -0.711888
vn -0.813782 0.087125 -0.574602
vn -0.691909 0.430887 -0.579309
vn -0.870923 0.358117 -0.336518
vn -0.698687 0.629467 -0.340012
vn -0.858406 0.512915 0.007600
vn -0.941121 -0.115586 -0.317698
vn -0.958982 -0.265638 -0.098945
vn -0.950790 0.293968 -0.097885
vn -0.965037 0.262098 -0.002965
vn -0.846820 0.491856 0.202422
vn -0.791285 0.592845 0.149676
vn -0.932529 -0.360251 -0.024678
vn -0.877187 -0.466872 0.112132
vn -0.974984 0.221253 0.021299
vn -0.974705 0.121522 0.187570
vn -0.774614 0.619014 0.129592
vn -0.782957 0.561406 0.267961
vn -0.756051 -0.551298 0.352786
vn -0.874475 -0.008961 0.484988
vn -0.736497 0.423224 0.527686
vn -0.574791 -0.560946 0.595781
vn -0.333006 -0.516521 0.788869
vn -0.668127 -0.111108 0.735705
vn -0.397467 -0.193173 0.897053
vn -0.585395 0.246928 0.772230
vn -0.405719 0.109338 0.907435
vn -0.498031 0.296662 0.814835
vn -0.393927 0.165530 0.904114
vn -0.611341 0.556838 0.562311
vn -0.617058 0.725210 0.305466
vn -0.597911 0.771775 0.216486
vn -0.620854 0.727780 0.291337
vn -0.647873 0.635548 0.419928
vn -0.629780 0.713563 0.306927
vn -0.503696 0.862415 -0.050304
vn -0.450735 0.685138 -0.572210
vn -0.309696 0.881924 -0.355386
vn -0.125799 0.819301 -0.559393
vn -0.145860 0.693597 -0.705442
vn -0.467082 0.497667 -0.730864
vn -0.164606 0.567080 -0.807047
vn -0.463270 0.389608 -0.795981
vn -0.195284 0.528899 -0.825912
vn 0.001581 0.986763 0.162161
vn -0.216917 0.969040 0.117938
vn -0.314252 0.872274 0.374678
vn -0.073451 0.938237 0.338108
vn 0.153251 0.974567 0.163506
vn 0.082044 0.954664 0.286156
vn 0.444135 0.889105 0.110619
vn 0.381622 0.903305 0.195972
vn -0.133830 0.907240 0.398755
vn -0.394682 0.802306 0.447808
vn -0.432391 0.816032 0.383575
vn -0.181693 0.892347 0.413164
vn 0.024060 0.940965 0.337648
vn -0.024805 0.912203 0.408988
vn 0.307154 0.915298 0.260548
vn 0.237728 0.858552 0.454285
vn -0.195908 0.904619 0.378529
vn -0.423899 0.853327 0.303549
vn -0.430558 0.821484 0.373878
vn -0.224503 0.856547 0.464678
vn -0.027069 0.905984 0.422446
vn -0.049602 0.848830 0.526334
vn 0.237670 0.791229 0.563445
vn 0.258511 0.744103 0.616022
vn -0.447207 0.635290 0.629613
vn -0.278324 0.650168 0.706977
vn -0.121303 0.629710 0.767301
vn 0.187759 0.569408 0.800326
vn -0.412844 0.315794 0.854303
vn -0.359233 0.126886 0.924582
vn -0.298384 0.306307 0.903960
vn -0.256696 0.047948 0.965302
vn -0.183702 0.254453 0.949477
vn -0.177245 -0.061068 0.982270
vn 0.026690 0.180773 0.983163
vn -0.098738 -0.109421 0.989079
vn 0.247842 0.963555 -0.100682
vn 0.491655 0.857224 -0.153110
vn 0.493789 0.774472 -0.395430
vn 0.355294 0.830533 -0.428931
vn 0.094722 0.986561 -0.133135
vn 0.201002 0.861736 -0.465842
vn -0.099238 0.974102 -0.203168
vn 0.026396 0.854161 -0.519338
vn 0.907141 0.375791 -0.189412
vn 0.763417 0.645484 -0.023339
vn 0.759653 0.647514 0.060433
vn 0.945153 0.320137 -0.064793
vn 0.925055 0.159955 -0.344512
vn 0.989050 0.024104 -0.145598
vn 0.960032 0.278172 0.030963
vn 0.735020 0.664355 0.135567
vn 0.683703 0.577874 0.445658
vn 0.932282 0.148877 0.329674
vn 0.985857 -0.149363 0.076005
vn 0.895306 -0.330953 0.298157
vn 0.821026 0.050441 0.568658
vn 0.601671 0.448454 0.660970
vn 0.609148 0.429314 0.666805
vn 0.786771 0.063464 0.613973
vn 0.816891 -0.408849 0.406855
vn 0.805829 -0.391173 0.444549
vn 0.546039 0.309102 0.778651
vn 0.686160 0.006266 0.727424
vn 0.704181 -0.378893 0.600474
vn 0.283177 -0.018072 0.958897
vn -0.004620 -0.243596 0.969866
vn 0.370281 -0.162511 0.914594
vn 0.041596 -0.280389 0.958985
vn 0.394803 -0.375217 0.838656
vn 0.039718 -0.376439 0.925590
vn 0.759185 0.332849 -0.559329
vn 0.557543 0.497342 -0.664678
vn 0.743204 0.462696 -0.483280
vn 0.551120 0.478155 -0.683837
vn 0.698965 0.643573 -0.311868
vn 0.566184 0.589113 -0.576525
vn 0.455783 0.593172 -0.663633
vn 0.450918 0.475051 -0.755645
vn 0.433586 0.564943 -0.702027
vn 0.373614 0.640114 -0.671317
vn 0.373843 0.517632 -0.769609
vn 0.309851 0.613358 -0.726488
vn 0.134404 0.636078 -0.759830
vn 0.165715 0.577032 -0.799733
vn 0.120955 0.667260 -0.734938
vn -0.094417 -0.461019 0.882353
vn -0.130079 -0.471882 0.872013
vn -0.113073 -0.340766 0.933324
vn -0.182212 -0.277949 0.943156
vn -0.177261 -0.153021 0.972195
vn -0.287972 -0.017222 0.957484
vn -0.128427 -0.422782 0.897085
vn -0.109273 -0.336948 0.935161
vn -0.125656 -0.252460 0.959414
s 1
g Feet M_Skeleton R_F_Middle_Phalanx_5
usemtl Skeleton_Feet_SG
f 3645/4070/3646 3646/4071/3647 3647/4072/3648 3648/4073/3649
f 3649/4074/3650 3650/4075/3651 3651/4076/3652 3652/4077/3653
f 3653/4078/3654 3654/4079/3655 3655/4080/3656 3656/4081/3657
f 3656/4081/3657 3655/4080/3656 3657/4082/3658 3658/4083/3659
f 3646/4071/3647 3659/4084/3660 3660/4085/3661 3647/4072/3648
f 3650/4075/3651 3661/4086/3662 3662/4087/3663 3651/4076/3652
f 3654/4079/3655 3663/4088/3664 3664/4089/3665 3655/4080/3656
f 3655/4080/3656 3664/4089/3665 3665/4090/3666 3657/4082/3658
f 3659/4084/3660 3666/4091/3667 3667/4092/3668 3660/4085/3661
f 3661/4086/3662 3668/4093/3669 3669/4094/3670 3662/4087/3663
f 3663/4088/3664 3670/4095/3671 3671/4096/3672 3664/4089/3665
f 3664/4089/3665 3671/4096/3672 3672/4097/3673 3665/4090/3666
f 3673/4098/3674 3674/4099/3675 3675/4100/3676 3676/4101/3677
f 3674/4099/3675 3677/4102/3678 3678/4103/3679 3675/4100/3676
f 3677/4102/3678 3679/4104/3680 3680/4105/3681 3678/4103/3679
f 3681/4106/3682 3682/4107/3683 3683/4108/3684 3684/4109/3685
f 3682/4107/3683 3685/4110/3686 3686/4111/3687 3683/4108/3684
f 3685/4110/3686 3687/4112/3688 3688/4113/3689 3686/4111/3687
f 3687/4112/3688 3689/4114/3690 3690/4115/3691 3688/4113/3689
f 3658/4083/3659 3691/4116/3692 3692/4117/3693 3656/4081/3657
f 3656/4081/3657 3692/4117/3693 3693/4118/3694 3653/4078/3654
f 3652/4077/3653 3694/4119/3695 3695/4120/3696 3649/4074/3650
f 3648/4073/3649 3696/4121/3697 3697/4122/3698 3645/4070/3646
f 3676/4101/3677 3698/4123/3699 3699/4124/3700 3673/4098/3674
f 3700/4125/3701 3697/4122/3698 3696/4121/3697 3701/4126/3702
f 3702/4127/3703 3700/4125/3701 3701/4126/3702 3703/4128/3704
f 3704/4129/3705 3702/4127/3703 3703/4128/3704 3705/4130/3706
f 3706/4131/3707 3695/4120/3696 3694/4119/3695 3707/4132/3708
f 3708/4133/3709 3706/4131/3707 3707/4132/3708 3709/4134/3710
f 3710/4135/3711 3708/4133/3709 3709/4134/3710 3711/4136/3712
f 3712/4137/3713 3693/4118/3694 3692/4117/3693 3713/4138/3714
f 3714/4139/3715 3712/4137/3713 3713/4138/3714 3715/4140/3716
f 3716/4141/3717 3714/4139/3715 3715/4140/3716 3717/4142/3718
f 3692/4117/3693 3691/4116/3692 3718/4143/3719 3713/4138/3714
f 3713/4138/3714 3718/4143/3719 3719/4144/3720 3715/4140/3716
f 3715/4140/3716 3719/4144/3720 3720/4145/3721 3717/4142/3718
f 3721/4146/3722 3690/4115/3691 3689/4114/3690 3722/4147/3723
f 3723/4148/3724 3721/4146/3722 3722/4147/3723 3724/4149/3725
f 3725/4150/3726 3723/4148/3724 3724/4149/3725 3726/4151/3727
f 3727/4152/3728 3725/4150/3726 3726/4151/3727 3728/4153/3729
f 3720/4145/3721 3729/4154/3730 3730/4155/3731 3717/4142/3718
f 3730/4155/3731 3731/4156/3732 3716/4141/3717 3717/4142/3718
f 3711/4136/3712 3732/4157/3733 3733/4158/3734 3710/4135/3711
f 3705/4130/3706 3734/4159/3735 3735/4160/3736 3704/4129/3705
f 3736/4161/3737 3737/4162/3738 3738/4163/3739 3739/4164/3740
f 3740/4165/3741 3736/4161/3737 3739/4164/3740 3741/4166/3742
f 3742/4167/3743 3740/4165/3741 3741/4166/3742 3743/4168/3744
f 3698/4123/3699 3742/4167/3743 3743/4168/3744 3699/4124/3700
f 3744/4169/3745 3745/4170/3746 3746/4171/3747 3747/4172/3748
f 3748/4173/3749 3744/4169/3745 3747/4172/3748 3749/4174/3750
f 3750/4175/3751 3748/4173/3749 3749/4174/3750 3751/4176/3752
f 3752/4177/3753 3753/4178/3754 3754/4179/3755 3755/4180/3756
f 3756/4181/3757 3752/4177/3753 3755/4180/3756 3757/4182/3758
f 3758/4183/3759 3756/4181/3757 3757/4182/3758 3759/4184/3760
f 3760/4185/3761 3761/4186/3762 3762/4187/3763 3763/4188/3764
f 3764/4189/3765 3760/4185/3761 3763/4188/3764 3765/4190/3766
f 3766/4191/3767 3764/4189/3765 3765/4190/3766 3767/4192/3768
f 3762/4187/3763 3768/4193/3769 3769/4194/3770 3763/4188/3764
f 3763/4188/3764 3769/4194/3770 3770/4195/3771 3765/4190/3766
f 3765/4190/3766 3770/4195/3771 3771/4196/3772 3767/4192/3768
f 3745/4170/3746 3735/4160/3736 3734/4159/3735 3746/4171/3747
f 3753/4178/3754 3733/4158/3734 3732/4157/3733 3754/4179/3755
f 3761/4186/3762 3731/4156/3732 3730/4155/3731 3762/4187/3763
f 3730/4155/3731 3729/4154/3730 3768/4193/3769 3762/4187/3763
f 3772/4197/3773 3727/4152/3728 3728/4153/3729 3773/4198/3774
f 3774/4199/3775 3772/4197/3773 3773/4198/3774 3775/4200/3776
f 3776/4201/3777 3774/4199/3775 3775/4200/3776 3777/4202/3778
f 3778/4203/3779 3776/4201/3777 3777/4202/3778 3779/4204/3780
f 3780/4205/3781 3781/4206/3782 3782/4207/3783 3783/4208/3784
f 3784/4209/3785 3780/4205/3781 3783/4208/3784 3785/4210/3786
f 3786/4211/3787 3784/4209/3785 3785/4210/3786 3787/4212/3788
f 3737/4162/3738 3786/4211/3787 3787/4212/3788 3738/4163/3739
f 3788/4213/3789 3789/4214/3790 3790/4215/3791 3791/4216/3792
f 3792/4217/3793 3788/4218/3789 3791/4219/3792 3793/4220/3794
f 3666/4091/3667 3792/4217/3793 3793/4220/3794 3667/4092/3668
f 3794/4221/3795 3795/4222/3796 3796/4223/3797 3797/4224/3798
f 3798/4225/3799 3794/4226/3795 3797/4227/3798 3799/4228/3800
f 3668/4093/3669 3798/4225/3799 3799/4228/3800 3669/4094/3670
f 3800/4229/3801 3801/4230/3802 3802/4231/3803 3803/4232/3804
f 3804/4233/3805 3800/4234/3801 3803/4235/3804 3805/4236/3806
f 3670/4095/3671 3804/4233/3805 3805/4236/3806 3671/4096/3672
f 3802/4231/3803 3806/4237/3807 3807/4238/3808 3803/4232/3804
f 3803/4235/3804 3807/4239/3808 3808/4240/3809 3805/4236/3806
f 3805/4236/3806 3808/4240/3809 3672/4097/3673 3671/4096/3672
f 3789/4214/3790 3750/4175/3751 3751/4176/3752 3790/4215/3791
f 3795/4222/3796 3758/4183/3759 3759/4184/3760 3796/4223/3797
f 3801/4230/3802 3766/4191/3767 3767/4192/3768 3802/4231/3803
f 3767/4192/3768 3771/4196/3772 3806/4237/3807 3802/4231/3803
f 3809/4241/3810 3778/4203/3779 3779/4204/3780 3810/4242/3811
f 3811/4243/3812 3809/4241/3810 3810/4242/3811 3812/4244/3813
f 3813/4245/3814 3811/4243/3812 3812/4244/3813 3814/4246/3815
f 3684/4109/3685 3813/4245/3814 3814/4246/3815 3681/4106/3682
f 3815/4247/3816 3680/4105/3681 3679/4104/3680 3816/4248/3817
f 3817/4249/3818 3815/4247/3816 3816/4248/3817 3818/4250/3819
f 3819/4251/3820 3817/4249/3818 3818/4250/3819 3820/4252/3821
f 3781/4206/3782 3819/4251/3820 3820/4252/3821 3782/4207/3783
f 3679/4104/3680 3677/4102/3678 3821/4253/3822 3816/4248/3817
f 3816/4248/3817 3821/4253/3822 3822/4254/3823 3818/4250/3819
f 3818/4250/3819 3822/4254/3823 3823/4255/3824 3820/4252/3821
f 3677/4102/3678 3674/4099/3675 3824/4256/3825 3821/4253/3822
f 3821/4253/3822 3824/4256/3825 3825/4257/3826 3822/4254/3823
f 3822/4254/3823 3825/4257/3826 3826/4258/3827 3823/4255/3824
f 3674/4099/3675 3673/4098/3674 3827/4259/3828 3824/4256/3825
f 3824/4256/3825 3827/4259/3828 3828/4260/3829 3825/4257/3826
f 3825/4257/3826 3828/4260/3829 3829/4261/3830 3826/4258/3827
f 3673/4098/3674 3699/4124/3700 3743/4168/3744 3827/4259/3828
f 3827/4259/3828 3743/4168/3744 3741/4166/3742 3828/4260/3829
f 3828/4260/3829 3741/4166/3742 3739/4164/3740 3829/4261/3830
f 3829/4261/3830 3739/4164/3740 3738/4163/3739 3787/4212/3788
f 3787/4212/3788 3785/4210/3786 3826/4258/3827 3829/4261/3830
f 3785/4210/3786 3783/4208/3784 3823/4255/3824 3826/4258/3827
f 3783/4208/3784 3782/4207/3783 3820/4252/3821 3823/4255/3824
f 3687/4112/3688 3685/4110/3686 3830/4262/3831 3831/4263/3832
f 3831/4263/3832 3830/4262/3831 3832/4264/3833 3833/4265/3834
f 3833/4265/3834 3832/4264/3833 3834/4266/3835 3835/4267/3836
f 3685/4110/3686 3682/4107/3683 3836/4268/3837 3830/4262/3831
f 3830/4262/3831 3836/4268/3837 3837/4269/3838 3832/4264/3833
f 3832/4264/3833 3837/4269/3838 3838/4270/3839 3834/4266/3835
f 3682/4107/3683 3681/4106/3682 3814/4246/3815 3836/4268/3837
f 3836/4268/3837 3814/4246/3815 3812/4244/3813 3837/4269/3838
f 3837/4269/3838 3812/4244/3813 3810/4242/3811 3838/4270/3839
f 3779/4204/3780 3777/4202/3778 3838/4270/3839 3810/4242/3811
f 3777/4202/3778 3775/4200/3776 3834/4266/3835 3838/4270/3839
f 3775/4200/3776 3773/4198/3774 3835/4267/3836 3834/4266/3835
f 3773/4198/3774 3728/4153/3729 3726/4151/3727 3835/4267/3836
f 3835/4267/3836 3726/4151/3727 3724/4149/3725 3833/4265/3834
f 3833/4265/3834 3724/4149/3725 3722/4147/3723 3831/4263/3832
f 3831/4263/3832 3722/4147/3723 3689/4114/3690 3687/4112/3688
f 3652/4077/3653 3653/4078/3654 3693/4118/3694 3694/4119/3695
f 3653/4078/3654 3652/4077/3653 3651/4076/3652 3654/4079/3655
f 3654/4079/3655 3651/4076/3652 3662/4087/3663 3663/4088/3664
f 3663/4088/3664 3662/4087/3663 3669/4094/3670 3670/4095/3671
f 3670/4095/3671 3669/4094/3670 3799/4228/3800 3804/4233/3805
f 3694/4119/3695 3693/4118/3694 3712/4137/3713 3707/4132/3708
f 3707/4132/3708 3712/4137/3713 3714/4139/3715 3709/4134/3710
f 3709/4134/3710 3714/4139/3715 3716/4141/3717 3711/4136/3712
f 3711/4136/3712 3716/4141/3717 3731/4156/3732 3732/4157/3733
f 3732/4157/3733 3731/4156/3732 3761/4186/3762 3754/4179/3755
f 3754/4179/3755 3761/4186/3762 3760/4185/3761 3755/4180/3756
f 3755/4180/3756 3760/4185/3761 3764/4189/3765 3757/4182/3758
f 3757/4182/3758 3764/4189/3765 3766/4191/3767 3759/4184/3760
f 3759/4184/3760 3766/4191/3767 3801/4230/3802 3796/4223/3797
f 3796/4223/3797 3801/4230/3802 3800/4229/3801 3797/4224/3798
f 3797/4227/3798 3800/4234/3801 3804/4233/3805 3799/4228/3800
f 3648/4073/3649 3649/4074/3650 3695/4120/3696 3696/4121/3697
f 3649/4074/3650 3648/4073/3649 3647/4072/3648 3650/4075/3651
f 3650/4075/3651 3647/4072/3648 3660/4085/3661 3661/4086/3662
f 3661/4086/3662 3660/4085/3661 3667/4092/3668 3668/4093/3669
f 3668/4093/3669 3667/4092/3668 3793/4220/3794 3798/4225/3799
f 3696/4121/3697 3695/4120/3696 3706/4131/3707 3701/4126/3702
f 3701/4126/3702 3706/4131/3707 3708/4133/3709 3703/4128/3704
f 3703/4128/3704 3708/4133/3709 3710/4135/3711 3705/4130/3706
f 3705/4130/3706 3710/4135/3711 3733/4158/3734 3734/4159/3735
f 3734/4159/3735 3733/4158/3734 3753/4178/3754 3746/4171/3747
f 3746/4171/3747 3753/4178/3754 3752/4177/3753 3747/4172/3748
f 3747/4172/3748 3752/4177/3753 3756/4181/3757 3749/4174/3750
f 3749/4174/3750 3756/4181/3757 3758/4183/3759 3751/4176/3752
f 3751/4176/3752 3758/4183/3759 3795/4222/3796 3790/4215/3791
f 3790/4215/3791 3795/4222/3796 3794/4221/3795 3791/4216/3792
f 3791/4219/3792 3794/4226/3795 3798/4225/3799 3793/4220/3794
f 3676/4271/3677 3645/4070/3646 3697/4122/3698 3698/4272/3699
f 3645/4070/3646 3676/4271/3677 3675/4273/3676 3646/4071/3647
f 3646/4071/3647 3675/4273/3676 3678/4274/3679 3659/4084/3660
f 3659/4084/3660 3678/4274/3679 3680/4275/3681 3666/4091/3667
f 3666/4091/3667 3680/4275/3681 3815/4276/3816 3792/4217/3793
f 3698/4272/3699 3697/4122/3698 3700/4125/3701 3742/4277/3743
f 3742/4277/3743 3700/4125/3701 3702/4127/3703 3740/4278/3741
f 3740/4278/3741 3702/4127/3703 3704/4129/3705 3736/4279/3737
f 3736/4279/3737 3704/4129/3705 3735/4160/3736 3737/4162/3738
f 3737/4162/3738 3735/4160/3736 3745/4170/3746 3786/4211/3787
f 3786/4211/3787 3745/4170/3746 3744/4169/3745 3784/4209/3785
f 3784/4209/3785 3744/4169/3745 3748/4173/3749 3780/4205/3781
f 3780/4205/3781 3748/4173/3749 3750/4175/3751 3781/4206/3782
f 3781/4206/3782 3750/4175/3751 3789/4214/3790 3819/4280/3820
f 3819/4280/3820 3789/4214/3790 3788/4213/3789 3817/4281/3818
f 3817/4282/3818 3788/4218/3789 3792/4217/3793 3815/4276/3816
f 3658/4083/3659 3688/4113/3689 3690/4115/3691 3691/4116/3692
f 3688/4113/3689 3658/4083/3659 3657/4082/3658 3686/4111/3687
f 3686/4111/3687 3657/4082/3658 3665/4090/3666 3683/4108/3684
f 3683/4108/3684 3665/4090/3666 3672/4097/3673 3684/4109/3685
f 3684/4109/3685 3672/4097/3673 3808/4240/3809 3813/4283/3814
f 3691/4116/3692 3690/4115/3691 3721/4284/3722 3718/4143/3719
f 3718/4143/3719 3721/4284/3722 3723/4285/3724 3719/4144/3720
f 3719/4144/3720 3723/4285/3724 3725/4286/3726 3720/4145/3721
f 3720/4145/3721 3725/4286/3726 3727/4287/3728 3729/4154/3730
f 3729/4154/3730 3727/4287/3728 3772/4288/3773 3768/4193/3769
f 3768/4193/3769 3772/4288/3773 3774/4289/3775 3769/4194/3770
f 3769/4194/3770 3774/4289/3775 3776/4290/3777 3770/4195/3771
f 3770/4195/3771 3776/4290/3777 3778/4291/3779 3771/4196/3772
f 3771/4196/3772 3778/4291/3779 3809/4292/3810 3806/4237/3807
f 3806/4237/3807 3809/4292/3810 3811/4293/3812 3807/4238/3808
f 3807/4239/3808 3811/4294/3812 3813/4283/3814 3808/4240/3809
