g default
v -9.094810 2.139855 6.979970
v -8.944704 2.153207 7.064857
v -8.945601 2.028767 7.029682
v -9.110078 2.034612 6.943933
v -8.928157 1.936871 7.000309
v -9.089565 1.927472 6.918448
v -8.803429 2.280167 7.115272
v -8.657354 2.284467 7.124770
v -8.645330 2.167992 7.105444
v -8.793224 2.171559 7.098561
v -8.628185 2.043313 7.071964
v -8.779865 2.036259 7.067635
v -8.617223 1.956200 7.050226
v -8.767179 1.949208 7.042418
v -8.752645 1.869370 7.010498
v -8.609944 1.877465 7.020365
v -8.600122 1.805180 6.995238
v -8.743276 1.795205 6.981379
v -8.497109 2.170754 7.091996
v -8.484533 2.051217 7.065022
v -8.472913 1.963403 7.037339
v -8.823242 2.479989 7.108132
v -8.657891 2.478299 7.122236
v -8.660904 2.376031 7.130584
v -8.813774 2.379697 7.119648
v -8.479914 2.405000 7.108768
v -8.514698 2.335938 7.116019
v -8.328431 2.162900 7.062184
v -8.245019 2.180398 7.045847
v -8.206099 2.080540 6.999459
v -8.290041 2.069863 7.024136
v -8.195713 1.966668 6.969563
v -8.282996 1.968144 6.997590
v -8.231637 1.857323 6.960800
v -8.300463 1.772202 6.952000
v -8.371572 1.819947 6.983117
v -8.326396 1.877225 6.989058
v -8.587701 1.740350 6.954801
v -8.744224 1.727418 6.931562
v -8.910662 1.725694 6.903831
v -9.013215 1.732724 6.883420
v -8.967114 1.785794 6.925727
v -8.905653 1.784898 6.947891
v -9.166857 1.919995 6.856324
v -9.189251 2.040761 6.882009
v -9.176706 2.158784 6.924518
v -9.138170 2.258057 6.988789
v -9.076698 2.351762 7.037942
v -9.013758 2.286195 7.056954
v -9.054779 2.226647 7.027707
v -8.940712 1.607178 6.914632
v -8.749101 1.618470 6.946206
v -8.768940 1.567982 7.021782
v -8.972828 1.556420 6.982551
v -8.790028 1.539494 7.110903
v -9.001953 1.511971 7.072301
v -8.806291 1.528825 7.204082
v -9.019359 1.506345 7.174583
v -8.819923 1.545251 7.296916
v -9.027975 1.516702 7.276342
v -8.833298 1.593488 7.429321
v -9.024254 1.571126 7.415657
v -8.570982 1.639314 6.984881
v -8.578279 1.596360 7.062724
v -8.587727 1.560136 7.145281
v -8.602013 1.553677 7.236588
v -8.619110 1.573266 7.325782
v -8.646030 1.625291 7.451185
v -8.379591 1.644627 7.002501
v -8.375520 1.608285 7.074210
v -8.378164 1.583371 7.169104
v -8.391361 1.578469 7.266268
v -8.414519 1.598943 7.358709
v -8.459797 1.657777 7.479059
v -8.914413 1.705380 6.898767
v -8.744883 1.707040 6.927154
v -8.584159 1.720288 6.952992
v -8.409821 1.734212 6.957110
v -8.285234 1.758450 6.954725
v -8.235181 1.692895 7.018098
v -8.230833 1.671155 7.103804
v -8.235990 1.659856 7.194218
v -8.252216 1.662114 7.290670
v -8.279937 1.680249 7.377788
v -8.338757 1.729569 7.494566
v -8.397778 1.780850 7.611653
v -8.504301 1.712613 7.597371
v -8.670889 1.672673 7.576575
v -8.841016 1.644425 7.558724
v -9.012333 1.632088 7.545929
v -9.125014 1.685933 7.542700
v -9.156682 1.623090 7.405593
v -9.182992 1.564748 7.266965
v -9.180527 1.553635 7.157846
v -9.164440 1.563432 7.061950
v -9.124990 1.599896 6.970933
v -9.079006 1.646546 6.895391
v -9.026764 1.715928 6.879312
v -9.217970 2.286465 7.045268
v -9.274677 2.167844 6.976047
v -9.290035 2.147111 7.065397
v -9.225918 2.272252 7.126105
v -9.300020 2.130978 7.157301
v -9.227777 2.257478 7.209449
v -9.301384 2.121011 7.251149
v -9.226027 2.245282 7.292777
v -9.284410 2.111501 7.342609
v -9.215171 2.233430 7.375546
v -9.243687 2.104527 7.474042
v -9.198444 2.221947 7.498440
v -9.303270 2.029420 6.912608
v -9.332616 2.005521 7.007744
v -9.337803 1.985673 7.109887
v -9.331886 1.975777 7.211974
v -9.309501 1.972394 7.310446
v -9.261475 1.978902 7.450722
v -9.285846 1.875104 6.862797
v -9.327320 1.846474 6.961403
v -9.340174 1.829106 7.072140
v -9.333313 1.822808 7.181043
v -9.304718 1.829510 7.284011
v -9.257767 1.852101 7.430327
v -9.197688 1.736157 6.865406
v -9.245472 1.702767 6.953777
v -9.276486 1.679646 7.056430
v -9.286604 1.673177 7.165120
v -9.270613 1.686524 7.270581
v -9.223490 1.728104 7.412110
v -9.156770 2.264870 6.991470
v -9.195801 2.161713 6.924347
v -9.208874 2.040238 6.878807
v -9.186304 1.914933 6.850430
v -9.116638 1.804929 6.853137
v -9.183874 1.772431 7.550735
v -9.212970 1.880128 7.573075
v -9.223015 1.992936 7.591084
v -9.219131 2.106255 7.607474
v -9.185567 2.214253 7.621512
v -9.125802 2.310487 7.633368
v -9.128267 2.326867 7.521523
v -9.132098 2.344247 7.409595
v -9.134884 2.359273 7.319571
v -9.137239 2.371850 7.244466
v -9.136968 2.384789 7.159101
v -9.136022 2.395306 7.094127
v -9.091318 2.364548 7.043427
v -8.477487 2.466798 7.170963
v -8.656214 2.527413 7.164506
v -8.665615 2.532655 7.218850
v -8.489813 2.473950 7.227753
v -8.678273 2.528706 7.294427
v -8.503396 2.468877 7.301216
v -8.688925 2.516805 7.362948
v -8.518663 2.460954 7.377048
v -8.700306 2.504350 7.441311
v -8.534724 2.449380 7.451720
v -8.715977 2.491490 7.559243
v -8.556738 2.435406 7.564286
v -8.838178 2.529279 7.147150
v -8.856829 2.538361 7.200293
v -8.863932 2.528867 7.282154
v -8.867660 2.512364 7.347681
v -8.873121 2.498029 7.427370
v -8.884018 2.486005 7.548057
v -9.026342 2.463525 7.122416
v -9.035898 2.475259 7.180219
v -9.036671 2.463834 7.261993
v -9.032602 2.444176 7.339971
v -9.031443 2.428445 7.417266
v -9.035082 2.412312 7.533661
v -8.475208 2.422772 7.117055
v -8.657286 2.497346 7.129936
v -8.827075 2.498883 7.114874
v -8.998129 2.422349 7.075396
v -9.039865 2.397988 7.651216
v -8.894636 2.472394 7.668777
v -8.731352 2.480771 7.678092
v -8.576625 2.424428 7.677599
v -8.476955 2.350919 7.670908
v -8.450977 2.364617 7.562168
v -8.421403 2.382169 7.454751
v -8.402875 2.392232 7.382686
v -8.384165 2.401517 7.310205
v -8.365400 2.412114 7.236725
v -8.356606 2.412686 7.167055
v -8.369247 2.369691 7.110721
v -8.283615 1.831147 7.515485
v -8.215050 1.796662 7.398301
v -8.190064 1.927903 7.417360
v -8.255905 1.946324 7.539106
v -8.202689 2.059644 7.435017
v -8.264498 2.064790 7.553847
v -8.248861 2.184247 7.447981
v -8.303755 2.177876 7.561818
v -8.326004 2.291631 7.454024
v -8.366831 2.279576 7.565444
v -8.175506 1.782849 7.312319
v -8.148417 1.922349 7.332329
v -8.171385 2.060166 7.349643
v -8.219419 2.189721 7.366972
v -8.300361 2.301404 7.378009
v -8.152380 1.781022 7.217156
v -8.119442 1.923913 7.239487
v -8.147593 2.064709 7.261120
v -8.200306 2.196049 7.282999
v -8.275866 2.313680 7.300524
v -8.147932 1.792161 7.119703
v -8.108431 1.932553 7.141265
v -8.137367 2.072182 7.169254
v -8.192799 2.201333 7.195472
v -8.261651 2.319798 7.220040
v -8.153702 1.809640 7.026933
v -8.113110 1.945763 7.045924
v -8.132520 2.082410 7.078197
v -8.190884 2.204579 7.111248
v -8.256023 2.314503 7.144620
v -8.213480 1.850171 6.964931
v -8.177404 1.964326 6.974393
v -8.188116 2.081998 7.005358
v -8.227460 2.185925 7.053323
v -8.286085 2.283261 7.086603
v -8.408226 2.268906 7.674697
v -8.352555 2.177045 7.674900
v -8.325298 2.073972 7.669304
v -8.320589 1.967873 7.656433
v -8.347687 1.867451 7.631561
v -8.413766 1.901643 7.778575
v -8.390662 1.988385 7.802194
v -8.448992 2.005212 7.952141
v -8.472605 1.929910 7.929142
v -8.491040 2.014664 8.107703
v -8.516646 1.948205 8.086510
v -8.518047 2.016694 8.267080
v -8.545403 1.955334 8.248432
v -8.531751 2.012261 8.428616
v -8.562473 1.953278 8.412260
v -8.543667 2.003964 8.589776
v -8.576433 1.946496 8.576438
v -8.537703 1.986043 8.750528
v -8.579430 1.929669 8.739651
v -8.389013 2.079827 7.817754
v -8.441895 2.084737 7.969398
v -8.480436 2.086716 8.125364
v -8.508354 2.084134 8.283394
v -8.518651 2.078572 8.443995
v -8.523398 2.068776 8.604567
v -8.517721 2.053345 8.764795
v -8.408050 2.170724 7.827465
v -8.451991 2.165463 7.982018
v -8.488153 2.159646 8.138666
v -8.515577 2.152734 8.296803
v -8.520027 2.147210 8.458263
v -8.525547 2.136613 8.619226
v -8.530191 2.123090 8.779239
v -8.447649 2.255910 7.831810
v -8.481836 2.243481 7.989760
v -8.516501 2.228936 8.147526
v -8.535300 2.219678 8.307971
v -8.547308 2.210736 8.469826
v -8.561009 2.198067 8.631108
v -8.570210 2.185544 8.789430
v -8.500913 2.333447 7.832384
v -8.528563 2.312924 7.992968
v -8.554695 2.293488 8.153818
v -8.574711 2.281152 8.316585
v -8.594326 2.267190 8.478551
v -8.613781 2.252633 8.640018
v -8.631563 2.239476 8.797403
v -8.645175 2.222199 8.937279
v -8.576701 2.165131 8.929255
v -8.531893 2.099847 8.918121
v -8.516278 2.027280 8.902853
v -8.526150 1.956933 8.887478
v -8.556772 1.909459 8.877621
v -8.566342 1.895116 8.874659
v -8.627098 1.845300 8.863955
v -8.629457 1.879998 8.730305
v -8.619189 1.895478 8.563108
v -8.602779 1.901223 8.395317
v -8.581167 1.898740 8.234562
v -8.551985 1.887540 8.073250
v -8.510398 1.863591 7.915009
v -8.458190 1.827431 7.760569
v -8.596796 2.407571 7.838828
v -8.747705 2.464227 7.838657
v -8.764827 2.443856 7.999211
v -8.620153 2.385976 7.999285
v -8.782778 2.418942 8.159095
v -8.640043 2.367703 8.160277
v -8.803065 2.388860 8.317827
v -8.665909 2.344537 8.320284
v -8.822232 2.362569 8.477144
v -8.685419 2.325402 8.481528
v -8.841276 2.337224 8.636322
v -8.702981 2.306077 8.642892
v -8.861279 2.309823 8.790267
v -8.726667 2.287171 8.800648
v -8.907513 2.456754 7.828619
v -8.920902 2.437867 7.988360
v -8.934582 2.413308 8.147655
v -8.949705 2.388757 8.306670
v -8.966253 2.362599 8.465452
v -8.983414 2.332383 8.623139
v -8.998998 2.300622 8.774815
v -9.046292 2.380177 7.809780
v -9.055634 2.363904 7.968747
v -9.068119 2.347661 8.127930
v -9.084467 2.331429 8.286510
v -9.100864 2.311749 8.445324
v -9.115164 2.285283 8.603153
v -9.128345 2.260892 8.757559
v -9.126984 2.293065 7.792192
v -9.129591 2.276372 7.951344
v -9.139153 2.263131 8.110584
v -9.160282 2.254575 8.269014
v -9.179118 2.240891 8.427351
v -9.194717 2.219537 8.584785
v -9.205696 2.200661 8.735861
v -9.220421 2.189641 8.865495
v -9.137770 2.242638 8.891723
v -9.013212 2.276299 8.914013
v -8.877268 2.283051 8.929972
v -8.748503 2.262822 8.937113
v -9.175724 2.204747 7.778565
v -9.207502 2.109330 7.763834
v -9.193041 2.111096 7.919373
v -9.172343 2.197163 7.935636
v -9.196875 2.113568 8.075614
v -9.175416 2.190285 8.092999
v -9.203268 2.114133 8.232619
v -9.189983 2.185544 8.250083
v -9.211452 2.110787 8.388737
v -9.202773 2.176602 8.407269
v -9.224727 2.104840 8.544609
v -9.221993 2.163625 8.562935
v -9.258907 2.092774 8.696369
v -9.244164 2.147031 8.715582
v -9.207626 2.008496 7.746449
v -9.192820 2.022500 7.902367
v -9.183129 2.035748 8.058563
v -9.189046 2.042760 8.215711
v -9.196609 2.047299 8.373060
v -9.209946 2.047402 8.529623
v -9.244102 2.038491 8.682397
v -9.186660 1.911519 7.726876
v -9.174773 1.935757 7.884002
v -9.158657 1.959855 8.040452
v -9.162573 1.975606 8.199429
v -9.169025 1.987691 8.358612
v -9.181654 1.995736 8.517932
v -9.215624 1.988004 8.672993
v -9.150936 1.820901 7.709954
v -9.137747 1.855908 7.861885
v -9.126299 1.888234 8.021371
v -9.126244 1.913647 8.182747
v -9.133823 1.932072 8.345138
v -9.144919 1.946778 8.507664
v -9.178839 1.942818 8.667571
v -9.102162 1.741582 7.694734
v -9.085670 1.791577 7.858630
v -9.079090 1.829266 8.016791
v -9.082087 1.859696 8.178802
v -9.093563 1.881642 8.340305
v -9.107705 1.900700 8.503664
v -9.134979 1.904324 8.664516
v -9.168432 1.877225 8.787191
v -9.207845 1.907140 8.783273
v -9.225332 1.921674 8.783036
v -9.263426 1.967961 8.786841
v -9.285295 2.022256 8.798402
v -9.287484 2.078301 8.817295
v -9.268503 2.134965 8.840305
v -9.001776 1.689370 7.701262
v -8.849327 1.686383 7.718305
v -8.859789 1.720116 7.878433
v -8.997313 1.735658 7.858983
v -8.870443 1.749650 8.038340
v -8.996617 1.776128 8.019045
v -8.885830 1.771569 8.199111
v -9.004565 1.805592 8.181075
v -8.905128 1.787328 8.360268
v -9.020148 1.825761 8.344374
v -8.924594 1.797173 8.522179
v -9.036280 1.842938 8.507980
v -8.946332 1.800580 8.683587
v -9.059324 1.849950 8.671037
v -8.697799 1.716309 7.732988
v -8.721769 1.746606 7.891932
v -8.741408 1.766507 8.052572
v -8.762127 1.782548 8.213903
v -8.783842 1.792001 8.375198
v -8.804010 1.795838 8.537042
v -8.823978 1.792825 8.698642
v -8.550421 1.761021 7.747558
v -8.590808 1.797437 7.902759
v -8.622797 1.820557 8.062155
v -8.649456 1.835236 8.224516
v -8.672580 1.841363 8.388060
v -8.691710 1.840115 8.551970
v -8.707305 1.830704 8.715753
v -8.718054 1.808373 8.847778
v -8.838346 1.789700 8.829857
v -8.964731 1.799905 8.813404
v -9.082034 1.833676 8.799368
v -9.111614 1.813767 8.901522
v -8.983740 1.786816 8.925274
v -8.992043 1.778802 8.964549
v -9.119439 1.800660 8.946537
v -9.001689 1.767541 9.016385
v -9.129386 1.785409 8.991999
v -9.183956 1.716992 9.155845
v -9.178091 1.733025 9.117204
v -9.021528 1.736802 9.146592
v -9.024746 1.731660 9.167521
v -8.846207 1.773766 8.943988
v -8.847023 1.764134 8.987516
v -8.847496 1.752141 9.041015
v -8.847983 1.713708 9.192724
v -8.847315 1.720349 9.170757
v -8.713477 1.778458 8.962874
v -8.704914 1.763501 9.005297
v -8.694378 1.741452 9.054047
v -8.698334 1.654771 9.195995
v -8.683647 1.670403 9.160477
v -8.600119 1.643281 9.200113
v -8.645849 1.633508 9.223022
v -8.611364 1.810494 8.978856
v -8.605233 1.782407 9.029623
v -8.601112 1.748906 9.077676
v -8.644300 1.620839 9.286470
v -8.727989 1.638299 9.262049
v -8.860394 1.702828 9.236546
v -9.028114 1.720788 9.215347
v -9.192990 1.704385 9.206194
v -9.252848 1.707539 9.148111
v -9.288347 1.701592 9.195831
v -9.275934 1.720509 9.116343
v -9.205441 1.813618 8.954187
v -9.205338 1.850735 8.883709
v -8.533618 1.879262 9.002261
v -8.510709 1.921090 9.016693
v -8.503366 1.894845 9.110800
v -8.516401 1.850312 9.091524
v -8.492552 1.860780 9.209190
v -8.499962 1.815606 9.182773
v -8.489681 1.827027 9.308681
v -8.507788 1.790765 9.406198
v -8.500994 1.738248 9.363373
v -8.490598 1.779103 9.271658
v -8.568422 1.772904 9.476686
v -8.550800 1.701474 9.431246
v -8.505404 1.995065 9.038181
v -8.504857 1.965993 9.135784
v -8.495699 1.935094 9.238199
v -8.497782 1.905339 9.339881
v -8.516196 1.875588 9.439568
v -8.597483 1.846886 9.512004
v -8.525457 2.072514 9.053897
v -8.530148 2.042649 9.158997
v -8.525990 2.015816 9.261883
v -8.526585 1.988778 9.356299
v -8.542071 1.954263 9.458448
v -8.630428 1.921746 9.533754
v -8.578005 2.140137 9.060994
v -8.581188 2.113820 9.173965
v -8.577662 2.090836 9.277657
v -8.573513 2.065663 9.370443
v -8.579548 2.024777 9.464296
v -8.665114 1.984868 9.538465
v -8.552264 1.850495 8.995488
v -8.652108 2.200269 9.067974
v -8.655656 2.176461 9.184456
v -8.652993 2.158570 9.288313
v -8.661946 2.106705 9.458814
v -8.713154 2.050565 9.530905
v -8.681074 1.981072 9.548667
v -8.725891 2.042107 9.541554
v -8.762486 2.026757 9.560333
v -8.744656 1.976441 9.578903
v -8.646502 1.918240 9.543914
v -8.720919 1.910485 9.578421
v -8.613241 1.842488 9.521934
v -8.702184 1.822991 9.559637
v -8.583851 1.768838 9.485992
v -8.684514 1.744447 9.506642
v -8.565413 1.696420 9.438986
v -8.669567 1.683461 9.445244
v -8.657601 1.652604 9.381532
v -8.552483 1.651799 9.383017
v -8.535067 1.818097 9.070516
v -8.517137 1.776631 9.148762
v -8.546336 1.755769 9.117046
v -8.554951 1.804196 9.055788
v -8.761493 2.237317 9.064888
v -8.889281 2.253209 9.058095
v -8.897805 2.227151 9.172577
v -8.768350 2.213479 9.180371
v -8.902666 2.209821 9.275765
v -8.768627 2.198933 9.286673
v -8.922287 2.137185 9.477823
v -8.797903 2.108678 9.508212
v -8.779065 2.152875 9.457623
v -8.916191 2.163583 9.439406
v -9.025257 2.248627 9.042924
v -9.035043 2.221726 9.159950
v -9.041554 2.203049 9.257309
v -9.059350 2.140931 9.456867
v -9.056141 2.163594 9.415441
v -9.149281 2.223756 9.017388
v -9.163303 2.204476 9.133080
v -9.175621 2.194142 9.229851
v -9.189301 2.122086 9.455588
v -9.191490 2.156892 9.382200
v -9.237477 2.175740 8.986851
v -9.255421 2.159032 9.098381
v -9.275205 2.148755 9.194934
v -9.279710 2.079011 9.457158
v -9.307394 2.127080 9.360647
v -8.803399 2.095197 9.519988
v -8.818330 2.057244 9.544978
v -9.295473 2.120801 8.958775
v -9.321872 2.060330 8.933270
v -9.355272 2.039094 9.040438
v -9.320021 2.101826 9.068954
v -9.387731 2.021664 9.130842
v -9.344877 2.086999 9.162443
v -9.369980 2.070596 9.260761
v -9.414337 1.999032 9.234717
v -9.422195 1.980408 9.341234
v -9.379492 2.049783 9.352052
v -9.370062 1.960027 9.441797
v -9.334307 2.028516 9.449618
v -9.328465 2.001916 8.906511
v -9.373587 1.976392 9.009338
v -9.414048 1.953225 9.097227
v -9.446800 1.923905 9.205267
v -9.447020 1.895669 9.317575
v -9.393671 1.876962 9.419038
v -9.311639 1.943452 8.889853
v -9.359383 1.913960 8.983683
v -9.410227 1.880769 9.069610
v -9.446114 1.843694 9.178099
v -9.456136 1.814450 9.286957
v -9.413247 1.803521 9.373564
v -9.273865 1.897797 8.883146
v -9.324850 1.863644 8.968800
v -9.377489 1.826363 9.047699
v -9.416774 1.784940 9.139984
v -9.432141 1.746495 9.237933
v -9.415970 1.733929 9.300449
v -9.253969 1.822438 8.957589
v -9.399075 1.801873 9.385208
v -9.403772 1.731938 9.315746
v -9.320839 1.736440 9.342938
v -9.321069 1.798348 9.401163
v -9.380123 1.874390 9.430909
v -9.314775 1.867219 9.454837
v -9.357621 1.956921 9.455050
v -9.299712 1.946736 9.490463
v -9.322162 2.024518 9.463480
v -9.269501 2.010655 9.498006
v -9.068407 2.034753 9.550152
v -9.066015 1.945481 9.551111
v -8.940973 1.932301 9.566718
v -8.941429 2.022488 9.570816
v -9.055240 1.846276 9.493805
v -8.933366 1.836419 9.510814
v -8.822646 1.916470 9.571045
v -8.807526 1.827168 9.536369
v -9.043435 1.785851 9.420222
v -8.919331 1.770966 9.437273
v -8.791376 1.754842 9.476768
v -9.032309 1.748322 9.355099
v -8.900568 1.731187 9.374207
v -8.771323 1.702466 9.414311
v -8.458369 1.883321 7.007678
v -8.444412 1.815354 6.989492
v -8.516944 2.263070 7.108196
v -8.946321 2.250012 7.075807
v -8.988417 2.405515 7.069726
v -8.948654 2.326348 7.086771
v -9.030913 1.838036 6.914767
v -9.098936 1.815285 6.859236
v -8.417429 1.753850 6.957215
v -8.445000 2.292897 7.106094
v -8.379746 2.354592 7.101873
v -8.302264 2.274163 7.078661
v -8.390201 2.242963 7.090848
v -8.914732 1.852685 6.971959
v -8.825363 1.992783 9.584456
v -9.207916 1.792672 9.414785
v -9.203652 1.740750 9.353635
v -9.214973 1.856030 9.477713
v -9.203592 1.942818 9.527346
v -9.188353 2.021596 9.526619
v -9.198521 1.713548 9.267729
v -9.030893 1.720086 9.273807
v -8.876215 1.705369 9.292577
v -8.755539 1.662598 9.349124
v -8.933294 2.088956 9.524009
v -9.063108 2.100209 9.508391
v -9.178984 2.082719 9.502821
v -9.241482 2.056733 9.495453
v -8.847044 1.725362 9.152717
v -9.018832 1.741162 9.128627
v -9.014205 1.748704 9.097010
v -8.847046 1.734238 9.117670
v -8.647863 2.142197 9.379377
v -8.767792 2.187020 9.386488
v -8.908558 2.191541 9.372281
v -9.049437 2.181462 9.349812
v -9.185575 2.176713 9.319631
v -9.296228 2.141595 9.288153
v -9.187292 2.111882 9.470829
v -9.270041 2.071259 9.471437
v -9.060499 2.130486 9.472201
v -8.925068 2.125069 9.491649
v -9.173317 1.740296 9.100351
v -9.158525 1.756207 9.065020
v -9.276632 1.729829 9.099459
v -9.263052 1.747823 9.072433
v -8.533135 1.670934 9.229432
v -8.557318 1.643552 9.266639
v -8.590877 1.652795 9.186697
v -8.587737 1.683892 9.149614
v -8.538265 1.656712 9.374050
v -8.500920 1.694974 9.304295
v -8.680021 1.679284 9.144443
v -8.678910 1.699384 9.114423
v -9.302273 1.712441 9.260379
v -9.242455 1.767640 9.038606
v -9.142399 1.770646 9.030243
v -8.503943 1.738972 9.225124
v -8.535238 1.713597 9.176332
v -8.847288 1.742135 9.084185
v -8.685799 1.718739 9.088411
v -9.009034 1.756760 9.062880
v -8.571637 1.635777 9.275973
v -9.377840 1.712773 9.230370
v -9.398674 1.728524 9.180479
v -9.389748 1.716981 9.214578
v -9.377561 1.764005 9.108608
v -9.340437 1.800759 9.032757
v -9.292640 1.839616 8.962190
v -9.245764 1.873879 8.882190
v -9.342764 1.708928 9.162584
v -9.351143 1.715787 9.146410
v -9.351984 1.729699 9.119192
v -9.327154 1.759324 9.066344
v -8.595577 1.715054 9.115856
v -9.296121 1.787419 9.018846
v -9.224256 1.791096 8.997613
vt 0.406081 0.180687
vt 0.400076 0.181525
vt 0.400571 0.177011
vt 0.407030 0.176785
vt 0.400384 0.173619
vt 0.406761 0.172812
vt 0.394620 0.185944
vt 0.389416 0.185703
vt 0.389448 0.181454
vt 0.394621 0.182010
vt 0.389385 0.176859
vt 0.394667 0.177130
vt 0.389404 0.173717
vt 0.394594 0.173989
vt 0.394477 0.171045
vt 0.389531 0.170829
vt 0.389543 0.168229
vt 0.394503 0.168386
vt 0.384193 0.180872
vt 0.384345 0.176444
vt 0.384390 0.173144
vt 0.394868 0.193380
vt 0.388725 0.192858
vt 0.389211 0.189043
vt 0.394713 0.189584
vt 0.382479 0.189365
vt 0.384077 0.186985
vt 0.378142 0.179572
vt 0.374910 0.179669
vt 0.374163 0.175367
vt 0.377273 0.175669
vt 0.374410 0.170617
vt 0.377641 0.171701
vt 0.376642 0.166834
vt 0.379738 0.165056
vt 0.381746 0.167318
vt 0.379815 0.168832
vt 0.389466 0.165640
vt 0.394978 0.165691
vt 0.400767 0.165763
vt 0.404557 0.165745
vt 0.402542 0.167952
vt 0.400230 0.168128
vt 0.410238 0.172137
vt 0.410501 0.176641
vt 0.409505 0.180976
vt 0.407524 0.184999
vt 0.404799 0.188714
vt 0.402413 0.186311
vt 0.404162 0.184043
vt 0.401707 0.162042
vt 0.395352 0.162238
vt 0.395720 0.159483
vt 0.402375 0.159526
vt 0.396016 0.156702
vt 0.402824 0.156734
vt 0.396126 0.153965
vt 0.402951 0.154000
vt 0.396112 0.151213
vt 0.402883 0.151278
vt 0.395867 0.147019
vt 0.402417 0.147111
vt 0.389141 0.162103
vt 0.389196 0.159331
vt 0.389250 0.156623
vt 0.389282 0.153904
vt 0.389288 0.151174
vt 0.389263 0.147014
vt 0.382834 0.161601
vt 0.382643 0.159343
vt 0.382464 0.156656
vt 0.382404 0.154002
vt 0.382424 0.151341
vt 0.382625 0.147245
vt 0.400940 0.165099
vt 0.395076 0.165032
vt 0.389420 0.164956
vt 0.383451 0.164690
vt 0.379365 0.164521
vt 0.378146 0.161572
vt 0.377608 0.159114
vt 0.377293 0.156579
vt 0.377153 0.153886
vt 0.377192 0.151303
vt 0.377591 0.147214
vt 0.378282 0.142772
vt 0.382977 0.142915
vt 0.389230 0.142717
vt 0.395451 0.142676
vt 0.401639 0.142731
vt 0.406093 0.142108
vt 0.407275 0.146806
vt 0.407975 0.151047
vt 0.408170 0.153933
vt 0.408089 0.156542
vt 0.407568 0.159489
vt 0.406618 0.162451
vt 0.405048 0.165116
vt 0.440349 0.162342
vt 0.434040 0.163265
vt 0.433702 0.159831
vt 0.439782 0.159251
vt 0.433635 0.156411
vt 0.439612 0.156097
vt 0.433996 0.153049
vt 0.439737 0.152979
vt 0.434654 0.149766
vt 0.440121 0.149867
vt 0.436066 0.144897
vt 0.440969 0.145252
vt 0.427417 0.163875
vt 0.427165 0.160169
vt 0.427216 0.156423
vt 0.427861 0.152744
vt 0.429066 0.149293
vt 0.431168 0.144305
vt 0.420717 0.163894
vt 0.420407 0.160208
vt 0.420403 0.156225
vt 0.420645 0.151706
vt 0.423514 0.148323
vt 0.426527 0.143524
vt 0.412616 0.164030
vt 0.413408 0.160219
vt 0.413692 0.156658
vt 0.413633 0.153245
vt 0.412973 0.150048
vt 0.418419 0.148093
vt 0.411384 0.145433
vt 0.415424 0.143294
vt 0.408164 0.185347
vt 0.410128 0.181138
vt 0.413066 0.182585
vt 0.410403 0.187397
vt 0.411184 0.176658
vt 0.414716 0.177020
vt 0.410958 0.171968
vt 0.414647 0.170862
vt 0.408932 0.167593
vt 0.409505 0.140764
vt 0.412531 0.138674
vt 0.429069 0.138512
vt 0.433316 0.139316
vt 0.437625 0.140024
vt 0.441930 0.140632
vt 0.446182 0.141179
vt 0.445791 0.145521
vt 0.445424 0.149868
vt 0.445191 0.153364
vt 0.445036 0.156272
vt 0.444969 0.159591
vt 0.444984 0.162144
vt 0.406875 0.191550
vt 0.405276 0.189288
vt 0.470138 0.162899
vt 0.463560 0.163072
vt 0.463315 0.160782
vt 0.469796 0.160612
vt 0.463107 0.157683
vt 0.469629 0.157661
vt 0.463012 0.154871
vt 0.469452 0.154619
vt 0.462937 0.151674
vt 0.469289 0.151600
vt 0.462860 0.146940
vt 0.469042 0.147090
vt 0.456677 0.162966
vt 0.456350 0.160648
vt 0.456437 0.157351
vt 0.456501 0.154663
vt 0.456580 0.151427
vt 0.456682 0.146610
vt 0.449375 0.162343
vt 0.449626 0.160008
vt 0.449857 0.156838
vt 0.450060 0.153728
vt 0.450236 0.150647
vt 0.450483 0.146054
vt 0.382214 0.190060
vt 0.388615 0.193617
vt 0.388276 0.195350
vt 0.381723 0.192595
vt 0.394931 0.194135
vt 0.395153 0.195882
vt 0.401596 0.191485
vt 0.402480 0.193919
vt 0.450770 0.141457
vt 0.456797 0.141850
vt 0.462782 0.142243
vt 0.468784 0.142603
vt 0.473341 0.142825
vt 0.473737 0.147160
vt 0.474092 0.151481
vt 0.474286 0.154349
vt 0.474455 0.157231
vt 0.474546 0.160172
vt 0.474517 0.162933
vt 0.377351 0.190170
vt 0.378530 0.187688
vt 0.373457 0.146167
vt 0.372425 0.150481
vt 0.367191 0.149001
vt 0.369333 0.144572
vt 0.492134 0.144802
vt 0.495141 0.149231
vt 0.489473 0.150196
vt 0.487429 0.145710
vt 0.484079 0.150804
vt 0.482770 0.146348
vt 0.478976 0.151190
vt 0.478208 0.146788
vt 0.371999 0.153377
vt 0.365866 0.152159
vt 0.496999 0.152389
vt 0.490527 0.153311
vt 0.484694 0.153849
vt 0.479313 0.154166
vt 0.371944 0.156390
vt 0.365129 0.155624
vt 0.498033 0.155854
vt 0.491173 0.156556
vt 0.484974 0.156943
vt 0.479443 0.157191
vt 0.372386 0.159560
vt 0.365199 0.159287
vt 0.497936 0.159516
vt 0.491355 0.159933
vt 0.484912 0.160163
vt 0.479322 0.160226
vt 0.373557 0.162908
vt 0.366392 0.164211
vt 0.496906 0.163062
vt 0.491367 0.163352
vt 0.484655 0.163291
vt 0.479081 0.163054
vt 0.376056 0.166296
vt 0.369691 0.168842
vt 0.373704 0.170363
vt 0.370139 0.176513
vt 0.373494 0.175431
vt 0.371885 0.181479
vt 0.374186 0.179910
vt 0.373921 0.186031
vt 0.375852 0.184014
vt 0.477310 0.142419
vt 0.481309 0.141960
vt 0.485259 0.141317
vt 0.489173 0.140570
vt 0.371443 0.140341
vt 0.374747 0.141790
vt 0.376358 0.136336
vt 0.373625 0.135056
vt 0.375275 0.129629
vt 0.377673 0.130690
vt 0.376191 0.123985
vt 0.378465 0.124824
vt 0.376440 0.118183
vt 0.378719 0.118806
vt 0.376105 0.112287
vt 0.378517 0.112699
vt 0.375704 0.106368
vt 0.378100 0.106511
vt 0.374541 0.100430
vt 0.377197 0.100257
vt 0.486110 0.135286
vt 0.482991 0.135690
vt 0.481235 0.129987
vt 0.483796 0.129859
vt 0.480190 0.124163
vt 0.482510 0.124215
vt 0.479906 0.118242
vt 0.482161 0.118413
vt 0.480210 0.112279
vt 0.482630 0.112517
vt 0.480777 0.106326
vt 0.483193 0.106598
vt 0.481972 0.100380
vt 0.484826 0.100660
vt 0.479731 0.136021
vt 0.478502 0.130097
vt 0.477737 0.124121
vt 0.477518 0.118093
vt 0.477724 0.112052
vt 0.478246 0.106062
vt 0.479086 0.100136
vt 0.476380 0.136290
vt 0.475619 0.130201
vt 0.475151 0.124089
vt 0.475035 0.117965
vt 0.475189 0.111868
vt 0.475547 0.105839
vt 0.476083 0.099986
vt 0.473006 0.136537
vt 0.472680 0.130307
vt 0.472500 0.124077
vt 0.472398 0.117849
vt 0.472466 0.111707
vt 0.472626 0.105651
vt 0.472798 0.099829
vt 0.473067 0.094694
vt 0.476795 0.094828
vt 0.480177 0.094968
vt 0.483423 0.095197
vt 0.486567 0.095473
vt 0.375514 0.094948
vt 0.376202 0.094856
vt 0.379392 0.094578
vt 0.379962 0.100095
vt 0.380603 0.106683
vt 0.380946 0.113136
vt 0.381064 0.119242
vt 0.380853 0.125334
vt 0.380253 0.131327
vt 0.379325 0.137171
vt 0.468648 0.136328
vt 0.462844 0.136007
vt 0.462914 0.129837
vt 0.468507 0.130109
vt 0.462983 0.123711
vt 0.468457 0.123931
vt 0.463007 0.117600
vt 0.468337 0.117760
vt 0.463036 0.111527
vt 0.468410 0.111627
vt 0.463051 0.105525
vt 0.468591 0.105569
vt 0.463020 0.099756
vt 0.468531 0.099708
vt 0.457040 0.135655
vt 0.457264 0.129537
vt 0.457440 0.123449
vt 0.457563 0.117401
vt 0.457572 0.111394
vt 0.457469 0.105433
vt 0.457405 0.099703
vt 0.451225 0.135327
vt 0.451649 0.129239
vt 0.451980 0.123177
vt 0.452140 0.117186
vt 0.452102 0.111235
vt 0.451912 0.105297
vt 0.451815 0.099487
vt 0.446831 0.135089
vt 0.447454 0.129032
vt 0.447949 0.122999
vt 0.448177 0.117030
vt 0.448103 0.111122
vt 0.447760 0.105208
vt 0.447616 0.099524
vt 0.447641 0.094667
vt 0.452003 0.094499
vt 0.457467 0.094525
vt 0.463120 0.094571
vt 0.468484 0.094643
vt 0.443093 0.134757
vt 0.439356 0.134402
vt 0.440948 0.128792
vt 0.444162 0.128911
vt 0.442202 0.123108
vt 0.445007 0.123049
vt 0.442889 0.117382
vt 0.445450 0.117210
vt 0.443018 0.111669
vt 0.445474 0.111392
vt 0.442799 0.105889
vt 0.445146 0.105549
vt 0.442203 0.100092
vt 0.444668 0.099756
vt 0.435621 0.134013
vt 0.437779 0.128670
vt 0.439544 0.123185
vt 0.440442 0.117564
vt 0.440703 0.111911
vt 0.440528 0.106200
vt 0.439854 0.100484
vt 0.431938 0.133572
vt 0.434658 0.128537
vt 0.437039 0.123265
vt 0.438168 0.117726
vt 0.438480 0.112128
vt 0.438395 0.106455
vt 0.437543 0.100855
vt 0.410381 0.133620
vt 0.407600 0.135242
vt 0.406213 0.129929
vt 0.408867 0.128307
vt 0.404877 0.124299
vt 0.407170 0.123035
vt 0.404065 0.118500
vt 0.406366 0.117496
vt 0.403545 0.112615
vt 0.405682 0.111898
vt 0.403341 0.106642
vt 0.405280 0.106225
vt 0.404180 0.100509
vt 0.406370 0.100440
vt 0.404721 0.136737
vt 0.403413 0.130809
vt 0.402357 0.125046
vt 0.401687 0.119063
vt 0.401344 0.113056
vt 0.401322 0.106889
vt 0.401964 0.100620
vt 0.402393 0.095509
vt 0.404322 0.095705
vt 0.405202 0.095758
vt 0.407483 0.095939
vt 0.436571 0.096354
vt 0.439005 0.095891
vt 0.441503 0.095415
vt 0.444295 0.094976
vt 0.400609 0.137274
vt 0.394934 0.137202
vt 0.394472 0.131470
vt 0.399677 0.131559
vt 0.393999 0.125547
vt 0.398849 0.125615
vt 0.393674 0.119447
vt 0.398303 0.119516
vt 0.393503 0.113221
vt 0.398036 0.113305
vt 0.393408 0.106854
vt 0.397991 0.106976
vt 0.393499 0.100363
vt 0.398357 0.100490
vt 0.389216 0.137229
vt 0.389224 0.131483
vt 0.389133 0.125532
vt 0.389017 0.119399
vt 0.388907 0.113147
vt 0.388742 0.106758
vt 0.388612 0.100243
vt 0.383510 0.137400
vt 0.384022 0.131603
vt 0.384339 0.125599
vt 0.384424 0.119413
vt 0.384330 0.113108
vt 0.384073 0.106691
vt 0.383675 0.100122
vt 0.383480 0.094648
vt 0.388485 0.094866
vt 0.393635 0.095054
vt 0.398544 0.095210
vt 0.399057 0.090907
vt 0.393805 0.090442
vt 0.393905 0.088813
vt 0.399026 0.089022
vt 0.393981 0.086686
vt 0.399062 0.087111
vt 0.451321 0.048807
vt 0.451364 0.047344
vt 0.458161 0.047409
vt 0.458166 0.048191
vt 0.388284 0.090168
vt 0.388134 0.088385
vt 0.387940 0.086222
vt 0.465793 0.047292
vt 0.465636 0.046542
vt 0.382940 0.089821
vt 0.382558 0.088017
vt 0.382190 0.085902
vt 0.472212 0.045127
vt 0.472436 0.043563
vt 0.476015 0.043628
vt 0.474436 0.045291
vt 0.378418 0.089805
vt 0.378235 0.087510
vt 0.378265 0.085263
vt 0.474850 0.047480
vt 0.471644 0.047892
vt 0.465671 0.048993
vt 0.458347 0.049955
vt 0.451224 0.050696
vt 0.448360 0.048802
vt 0.447136 0.050594
vt 0.447197 0.047629
vt 0.402359 0.088293
vt 0.403099 0.091352
vt 0.373924 0.090099
vt 0.371951 0.090275
vt 0.370487 0.086991
vt 0.372640 0.086721
vt 0.369268 0.083178
vt 0.371567 0.083185
vt 0.368401 0.079360
vt 0.368136 0.075529
vt 0.371001 0.076387
vt 0.370952 0.079819
vt 0.368797 0.072713
vt 0.371915 0.073457
vt 0.488460 0.090505
vt 0.484972 0.090098
vt 0.486071 0.086404
vt 0.489596 0.086868
vt 0.487092 0.082541
vt 0.490955 0.083006
vt 0.491831 0.079074
vt 0.487548 0.078791
vt 0.487402 0.075160
vt 0.491767 0.075034
vt 0.486975 0.071433
vt 0.490947 0.071556
vt 0.481338 0.089952
vt 0.482208 0.086046
vt 0.482916 0.082287
vt 0.483304 0.078925
vt 0.483396 0.075329
vt 0.481951 0.071419
vt 0.477589 0.089998
vt 0.478220 0.085867
vt 0.478763 0.082157
vt 0.479205 0.078914
vt 0.479661 0.075575
vt 0.477021 0.071422
vt 0.375332 0.089858
vt 0.473519 0.089926
vt 0.473982 0.085700
vt 0.474391 0.082032
vt 0.474576 0.075877
vt 0.473024 0.071676
vt 0.474819 0.068051
vt 0.472466 0.071002
vt 0.470907 0.069895
vt 0.471689 0.067700
vt 0.476176 0.065363
vt 0.472705 0.065137
vt 0.477310 0.061740
vt 0.473410 0.061661
vt 0.478219 0.057742
vt 0.474067 0.057880
vt 0.478612 0.053484
vt 0.474545 0.054312
vt 0.474789 0.051406
vt 0.478824 0.050017
vt 0.374488 0.086767
vt 0.373854 0.083509
vt 0.375752 0.084102
vt 0.375691 0.086996
vt 0.468686 0.089942
vt 0.463342 0.089830
vt 0.463616 0.085648
vt 0.468992 0.085745
vt 0.463940 0.081989
vt 0.469358 0.082012
vt 0.464156 0.074454
vt 0.469102 0.073410
vt 0.469524 0.075908
vt 0.464199 0.076087
vt 0.457644 0.089756
vt 0.457928 0.085468
vt 0.458289 0.081992
vt 0.458846 0.074735
vt 0.458728 0.076356
vt 0.452194 0.089869
vt 0.452369 0.085633
vt 0.452677 0.082195
vt 0.453935 0.074062
vt 0.453304 0.076812
vt 0.447651 0.090149
vt 0.447675 0.086020
vt 0.447820 0.082514
vt 0.450343 0.072927
vt 0.448491 0.076732
vt 0.468962 0.072733
vt 0.468540 0.071016
vt 0.443880 0.090460
vt 0.440661 0.090879
vt 0.439956 0.086686
vt 0.443559 0.086292
vt 0.439532 0.083197
vt 0.443438 0.082806
vt 0.443528 0.079216
vt 0.439376 0.079309
vt 0.440106 0.075516
vt 0.444096 0.075902
vt 0.442335 0.071703
vt 0.447482 0.071865
vt 0.437784 0.091538
vt 0.436537 0.087294
vt 0.435706 0.083757
vt 0.435140 0.079579
vt 0.435471 0.075295
vt 0.437210 0.071165
vt 0.434939 0.092189
vt 0.433295 0.088114
vt 0.431922 0.084454
vt 0.430805 0.080003
vt 0.430779 0.075405
vt 0.432410 0.071452
vt 0.408626 0.091774
vt 0.406380 0.091545
vt 0.407572 0.087676
vt 0.410037 0.087884
vt 0.408738 0.084086
vt 0.411476 0.084224
vt 0.412519 0.079773
vt 0.409436 0.080284
vt 0.409432 0.076652
vt 0.412397 0.075503
vt 0.409205 0.074286
vt 0.411363 0.072166
vt 0.404275 0.087908
vt 0.443626 0.060623
vt 0.442908 0.055867
vt 0.446708 0.056749
vt 0.447217 0.060411
vt 0.444914 0.064555
vt 0.448116 0.064085
vt 0.446280 0.068193
vt 0.449368 0.067516
vt 0.448262 0.071274
vt 0.450872 0.069903
vt 0.459014 0.069774
vt 0.459067 0.066571
vt 0.463992 0.065925
vt 0.463917 0.069197
vt 0.459079 0.062226
vt 0.464113 0.061701
vt 0.468647 0.065283
vt 0.469268 0.061554
vt 0.459055 0.058460
vt 0.464356 0.057784
vt 0.469792 0.057816
vt 0.459088 0.055449
vt 0.464833 0.054730
vt 0.470434 0.054501
vt 0.384317 0.170128
vt 0.384213 0.167710
vt 0.384474 0.184333
vt 0.399934 0.184998
vt 0.401299 0.190783
vt 0.399818 0.187800
vt 0.404906 0.169587
vt 0.408177 0.168099
vt 0.383610 0.165343
vt 0.381732 0.185100
vt 0.379015 0.187085
vt 0.376528 0.183647
vt 0.379974 0.182967
vt 0.400280 0.170545
vt 0.468447 0.068207
vt 0.452145 0.059748
vt 0.451774 0.056540
vt 0.452497 0.063304
vt 0.453574 0.066961
vt 0.454318 0.069734
vt 0.451399 0.053027
vt 0.458618 0.052140
vt 0.465390 0.051223
vt 0.470919 0.051463
vt 0.463978 0.072088
vt 0.458983 0.072475
vt 0.454605 0.071994
vt 0.452120 0.071423
vt 0.387473 0.081828
vt 0.393979 0.082161
vt 0.393990 0.083427
vt 0.387623 0.083188
vt 0.474696 0.078914
vt 0.469640 0.078618
vt 0.464173 0.078602
vt 0.458572 0.078701
vt 0.453032 0.079047
vt 0.448130 0.079234
vt 0.454111 0.073439
vt 0.450840 0.072375
vt 0.458888 0.074097
vt 0.464120 0.073806
vt 0.399895 0.082529
vt 0.399595 0.083995
vt 0.403066 0.081491
vt 0.403044 0.082782
vt 0.375729 0.079460
vt 0.376258 0.078023
vt 0.378655 0.080325
vt 0.378306 0.081830
vt 0.374588 0.074713
vt 0.373405 0.077667
vt 0.382139 0.081768
vt 0.381870 0.083101
vt 0.446938 0.053159
vt 0.402777 0.084385
vt 0.399256 0.085480
vt 0.373347 0.080590
vt 0.375606 0.081591
vt 0.387764 0.084503
vt 0.381980 0.084312
vt 0.393992 0.084801
vt 0.477523 0.045898
vt 0.443458 0.052055
vt 0.407726 0.078393
vt 0.407467 0.077283
vt 0.407514 0.081143
vt 0.406883 0.084360
vt 0.405955 0.087726
vt 0.404943 0.091426
vt 0.373300 0.095244
vt 0.444594 0.049321
vt 0.405648 0.079344
vt 0.405920 0.080399
vt 0.405631 0.082690
vt 0.378329 0.083396
vt 0.405100 0.084919
vt 0.402600 0.086289
vt 0.479311 0.053238
vt 0.479445 0.049450
vt 0.478979 0.057609
vt 0.478122 0.061782
vt 0.445380 0.068378
vt 0.444040 0.064668
vt 0.442791 0.060462
vt 0.442134 0.055288
vt 0.476314 0.042866
vt 0.472411 0.042883
vt 0.478090 0.045204
vt 0.458157 0.046765
vt 0.451477 0.046709
vt 0.465504 0.045948
vt 0.442789 0.051390
vt 0.477038 0.065521
vt 0.475767 0.068225
vt 0.447067 0.046962
vt 0.444096 0.048630
vn 0.506868 0.221351 -0.833119
vn 0.327143 0.206791 -0.922071
vn 0.326013 0.281745 -0.902405
vn 0.523193 0.258426 -0.812087
vn 0.310561 0.333309 -0.890201
vn 0.494566 0.320790 -0.807773
vn 0.140900 0.116544 -0.983140
vn -0.015139 0.114467 -0.993312
vn -0.020236 0.198398 -0.979913
vn 0.125150 0.200995 -0.971565
vn -0.024085 0.250359 -0.967853
vn 0.115814 0.270017 -0.955865
vn -0.028100 0.308425 -0.950834
vn 0.116878 0.330392 -0.936579
vn 0.115073 0.364126 -0.924213
vn -0.018947 0.336238 -0.941586
vn -0.000662 0.426267 -0.904597
vn 0.104452 0.471435 -0.875694
vn -0.124805 0.204549 -0.970867
vn -0.140731 0.247054 -0.958728
vn -0.140628 0.273317 -0.951589
vn 0.124597 0.137128 -0.982686
vn 0.036872 0.150857 -0.987868
vn -0.013793 -0.005413 -0.999890
vn 0.158596 -0.004311 -0.987334
vn 0.006171 0.184478 -0.982817
vn -0.098329 0.038543 -0.994407
vn -0.204842 0.229609 -0.951483
vn -0.012848 0.361423 -0.932314
vn -0.017562 0.328454 -0.944357
vn -0.244596 0.251482 -0.936445
vn -0.012883 0.177031 -0.984121
vn -0.238619 0.225138 -0.944656
vn -0.019260 0.111184 -0.993613
vn -0.042920 0.149090 -0.987892
vn -0.149421 0.307352 -0.939792
vn -0.195760 0.230919 -0.953076
vn 0.042993 0.325612 -0.944525
vn 0.123762 0.388740 -0.912997
vn 0.183272 0.374610 -0.908889
vn 0.310108 0.261008 -0.914171
vn 0.365902 0.391575 -0.844266
vn 0.228610 0.452695 -0.861861
vn 0.403688 0.260602 -0.876997
vn 0.382414 0.272868 -0.882781
vn 0.341927 0.340934 -0.875700
vn 0.286416 0.355604 -0.889669
vn 0.238003 0.263085 -0.934955
vn 0.387628 0.115975 -0.914491
vn 0.442392 0.194116 -0.875562
vn 0.069655 -0.552654 -0.830495
vn 0.198268 -0.583390 -0.787620
vn 0.173148 -0.890812 -0.420089
vn -0.022244 -0.866563 -0.498572
vn 0.145489 -0.969141 -0.198995
vn -0.059270 -0.964966 -0.255593
vn 0.112362 -0.992073 0.056269
vn -0.088919 -0.995968 0.011883
vn 0.095195 -0.957474 0.272365
vn -0.110940 -0.961913 0.249832
vn 0.088663 -0.923452 0.373329
vn -0.142256 -0.903939 0.403309
vn 0.153137 -0.642880 -0.750503
vn 0.144475 -0.906097 -0.397637
vn 0.132790 -0.972868 -0.189459
vn 0.105937 -0.990945 0.082497
vn 0.085272 -0.946329 0.311754
vn 0.100769 -0.912501 0.396469
vn 0.188987 -0.704091 -0.684500
vn 0.260169 -0.909192 -0.325089
vn 0.299990 -0.946897 -0.115722
vn 0.294008 -0.944860 0.144215
vn 0.254227 -0.889113 0.380587
vn 0.248983 -0.843449 0.476026
vn 0.158755 -0.021104 -0.987092
vn 0.171751 -0.028565 -0.984726
vn 0.111851 -0.117134 -0.986797
vn 0.064760 -0.240837 -0.968403
vn 0.232937 -0.251673 -0.939362
vn 0.530199 -0.616958 -0.581594
vn 0.646534 -0.741924 -0.177606
vn 0.666017 -0.745764 0.016028
vn 0.647064 -0.722792 0.242653
vn 0.588070 -0.669584 0.453686
vn 0.547927 -0.637308 0.541862
vn 0.576991 -0.652693 0.490992
vn 0.306564 -0.851998 0.424403
vn 0.149682 -0.925817 0.347072
vn 0.079465 -0.938627 0.335657
vn -0.191977 -0.904053 0.381880
vn -0.599856 -0.699319 0.388749
vn -0.571424 -0.707168 0.416399
vn -0.565896 -0.783468 0.256788
vn -0.543460 -0.839254 -0.017452
vn -0.477898 -0.824320 -0.303496
vn -0.361461 -0.764533 -0.533699
vn -0.118563 -0.522934 -0.844087
vn 0.162788 -0.078562 -0.983528
vn -0.684261 0.624640 -0.376313
vn -0.734308 0.490945 -0.468791
vn -0.924145 0.379265 -0.045975
vn -0.845285 0.533222 0.034178
vn -0.930305 0.365795 0.026951
vn -0.837725 0.541262 0.072477
vn -0.935526 0.328466 0.130004
vn -0.836537 0.531834 0.131753
vn -0.933637 0.266624 0.239234
vn -0.852380 0.490894 0.180199
vn -0.951136 0.207182 0.228944
vn -0.883362 0.441636 0.156937
vn -0.726084 0.273210 -0.630998
vn -0.975459 0.160157 -0.151093
vn -0.991842 0.127475 -0.000233
vn -0.987163 0.073937 0.141575
vn -0.961765 0.020366 0.273117
vn -0.957609 -0.011835 0.287828
vn -0.595170 -0.075637 -0.800033
vn -0.928209 -0.210143 -0.307031
vn -0.978214 -0.191280 -0.080679
vn -0.976570 -0.173823 0.126874
vn -0.941272 -0.175134 0.288678
vn -0.924307 -0.191472 0.330143
vn -0.340284 -0.403715 -0.849247
vn -0.683124 -0.570660 -0.455728
vn -0.809310 -0.543341 -0.223155
vn -0.868162 -0.494440 0.042702
vn -0.856241 -0.435802 0.277360
vn -0.830947 -0.411467 0.374463
vn -0.172836 0.560994 -0.809576
vn -0.165507 0.485389 -0.858490
vn -0.104805 0.312884 -0.943991
vn 0.018149 0.135180 -0.990655
vn 0.129731 -0.042607 -0.990633
vn -0.836699 -0.434098 0.333907
vn -0.935525 -0.232569 0.265904
vn -0.980050 -0.054638 0.191094
vn -0.977188 0.166161 0.132265
vn -0.907062 0.409318 0.098478
vn -0.789374 0.608555 0.080930
vn -0.763027 0.636524 0.112371
vn -0.738379 0.659720 0.139879
vn -0.729940 0.666612 0.151051
vn -0.735721 0.666229 0.121876
vn -0.722840 0.689441 0.046622
vn -0.550950 0.743068 -0.379874
vn -0.129224 0.554384 -0.822168
vn 0.351533 0.876931 -0.327747
vn 0.181826 0.905766 -0.382789
vn 0.171393 0.985170 0.008058
vn 0.379764 0.922291 0.071826
vn 0.151583 0.977220 0.148537
vn 0.388058 0.904915 0.174755
vn 0.133367 0.972677 0.190032
vn 0.393556 0.895302 0.208682
vn 0.132385 0.978556 0.157804
vn 0.405846 0.889286 0.210853
vn 0.141366 0.981985 0.125384
vn 0.436423 0.880015 0.187371
vn -0.090481 0.884365 -0.457942
vn -0.155104 0.986774 -0.047113
vn -0.189189 0.969151 0.157968
vn -0.213183 0.957883 0.192389
vn -0.230282 0.964583 0.128650
vn -0.246579 0.964972 0.089605
vn -0.335778 0.827993 -0.449089
vn -0.491969 0.870214 -0.026335
vn -0.526511 0.835769 0.155810
vn -0.526549 0.830167 0.183218
vn -0.537145 0.833735 0.127911
vn -0.565592 0.819828 0.089373
vn 0.211397 0.582612 -0.784776
vn 0.131679 0.575868 -0.806868
vn 0.016259 0.553875 -0.832441
vn -0.063271 0.551204 -0.831968
vn -0.596112 0.799662 0.072052
vn -0.263378 0.961009 0.084228
vn 0.146370 0.982131 0.118301
vn 0.466362 0.869475 0.162849
vn 0.666330 0.712561 0.219683
vn 0.615911 0.743110 0.261611
vn 0.583520 0.766039 0.269609
vn 0.566138 0.783251 0.256916
vn 0.555673 0.799635 0.227620
vn 0.559886 0.819640 0.121318
vn 0.513813 0.802467 -0.303386
vn 0.290754 0.565293 -0.771950
vn 0.748258 -0.392742 0.534662
vn 0.791723 -0.379139 0.478986
vn 0.882302 -0.103591 0.459143
vn 0.853625 -0.145240 0.500230
vn 0.897025 0.163286 0.410711
vn 0.882868 0.131948 0.450704
vn 0.836005 0.404857 0.370387
vn 0.836516 0.379612 0.395140
vn 0.722436 0.610356 0.324888
vn 0.740258 0.585002 0.331348
vn 0.859048 -0.397060 0.323079
vn 0.934833 -0.066875 0.348735
vn 0.926235 0.204821 0.316445
vn 0.857036 0.419132 0.299697
vn 0.722900 0.624088 0.296530
vn 0.902351 -0.414490 0.118157
vn 0.981930 -0.046374 0.183475
vn 0.948767 0.249474 0.193918
vn 0.882511 0.426458 0.198261
vn 0.745027 0.624484 0.234424
vn 0.907890 -0.414818 -0.060517
vn 0.998667 -0.044735 0.025749
vn 0.956927 0.278256 0.082855
vn 0.893003 0.440801 0.090777
vn 0.774748 0.622281 0.111947
vn 0.814398 -0.344686 -0.466849
vn 0.926486 0.002928 -0.376317
vn 0.893735 0.346790 -0.284560
vn 0.813079 0.513826 -0.273653
vn 0.706432 0.643994 -0.293643
vn 0.433345 -0.130714 -0.891698
vn 0.522632 0.099694 -0.846710
vn 0.510452 0.387849 -0.767471
vn 0.445148 0.504634 -0.739722
vn 0.382285 0.526100 -0.759656
vn 0.785212 0.549115 0.286207
vn 0.868180 0.345327 0.356389
vn 0.902367 0.096161 0.420103
vn 0.863908 -0.179533 0.470564
vn 0.759699 -0.423367 0.493576
vn 0.792916 -0.440993 0.420487
vn 0.888555 -0.216121 0.404676
vn 0.911222 -0.260298 0.319248
vn 0.825980 -0.452742 0.335831
vn 0.930878 -0.293432 0.217635
vn 0.852101 -0.471038 0.228138
vn 0.942257 -0.312508 0.120378
vn 0.854871 -0.502395 0.129600
vn 0.936060 -0.347225 0.056801
vn 0.837166 -0.542893 0.066491
vn 0.919364 -0.393233 -0.011722
vn 0.810216 -0.586127 -0.002022
vn 0.914189 -0.391549 -0.104633
vn 0.788458 -0.597118 -0.147595
vn 0.932048 0.037863 0.360351
vn 0.957844 -0.022570 0.286402
vn 0.976640 -0.052238 0.208437
vn 0.991486 -0.060833 0.115133
vn 0.994662 -0.092196 0.046340
vn 0.994592 -0.103821 0.002904
vn 0.998553 -0.046116 -0.027647
vn 0.910235 0.283836 0.301513
vn 0.940647 0.225645 0.253511
vn 0.959750 0.198868 0.198320
vn 0.975139 0.192278 0.110148
vn 0.975494 0.212239 0.058010
vn 0.960567 0.273135 0.052041
vn 0.938037 0.341600 0.058272
vn 0.836987 0.491446 0.240696
vn 0.868208 0.441655 0.226176
vn 0.889430 0.418667 0.183390
vn 0.893085 0.433965 0.118630
vn 0.858451 0.502883 0.100850
vn 0.806623 0.581818 0.104147
vn 0.767446 0.630892 0.114030
vn 0.706873 0.678780 0.198968
vn 0.731704 0.650592 0.203323
vn 0.743504 0.644712 0.177619
vn 0.718071 0.680246 0.147103
vn 0.667563 0.731364 0.139525
vn 0.617496 0.774298 0.138422
vn 0.562963 0.812373 0.152063
vn 0.513388 0.840488 0.173241
vn 0.740618 0.659564 0.128301
vn 0.918127 0.391925 0.058629
vn 0.998206 0.038765 -0.045631
vn 0.933054 -0.319341 -0.165625
vn 0.837428 -0.494489 -0.232799
vn 0.746623 -0.612507 -0.259594
vn 0.537645 -0.804763 -0.251584
vn 0.622043 -0.774873 -0.112402
vn 0.681580 -0.731660 0.011102
vn 0.717602 -0.692253 0.076379
vn 0.740541 -0.657199 0.140316
vn 0.733021 -0.641841 0.225212
vn 0.687754 -0.650758 0.321727
vn 0.630830 -0.661836 0.405003
vn 0.484273 0.858660 0.167875
vn 0.152128 0.979658 0.130875
vn 0.155201 0.976098 0.152135
vn 0.495432 0.849982 0.179103
vn 0.148729 0.973594 0.173187
vn 0.485076 0.855367 0.181790
vn 0.138590 0.974558 0.176151
vn 0.444872 0.878322 0.175040
vn 0.117391 0.979083 0.166179
vn 0.401347 0.902089 0.158609
vn 0.078989 0.981993 0.171613
vn 0.358638 0.919799 0.159211
vn 0.045385 0.982288 0.181800
vn 0.305065 0.935443 0.178555
vn -0.273723 0.957930 0.086288
vn -0.270642 0.957176 0.102799
vn -0.249026 0.961241 0.118326
vn -0.217367 0.967921 0.126016
vn -0.199924 0.969659 0.140683
vn -0.199565 0.967190 0.157217
vn -0.193590 0.968723 0.155237
vn -0.619238 0.783166 0.056527
vn -0.629010 0.776019 0.046280
vn -0.610646 0.791306 0.030756
vn -0.569887 0.821037 0.033593
vn -0.532959 0.843281 0.069509
vn -0.504148 0.858191 0.096658
vn -0.467680 0.879213 0.090889
vn -0.811401 0.582252 0.051098
vn -0.826258 0.562941 0.019886
vn -0.828031 0.559914 -0.029338
vn -0.823887 0.564859 -0.046312
vn -0.814797 0.579460 -0.018225
vn -0.780430 0.625219 0.005455
vn -0.718954 0.695058 0.000949
vn -0.651054 0.759019 -0.004467
vn -0.418760 0.903435 0.091903
vn -0.173280 0.970905 0.165281
vn 0.031885 0.978830 0.202176
vn 0.253050 0.946111 0.202090
vn -0.920358 0.386545 0.059363
vn -0.987114 0.139289 0.078768
vn -0.993602 0.105438 0.040476
vn -0.930062 0.366922 0.018787
vn -0.998002 0.058838 -0.023024
vn -0.935380 0.351107 -0.042275
vn -0.998607 0.009852 -0.051831
vn -0.947769 0.311760 -0.067371
vn -0.996782 -0.031440 -0.073738
vn -0.959298 0.273666 -0.069671
vn -0.989134 -0.022588 -0.145271
vn -0.944163 0.317661 -0.087447
vn -0.973795 0.074496 -0.214883
vn -0.894277 0.434923 -0.105412
vn -0.988206 -0.103739 0.112636
vn -0.984501 -0.153171 0.085417
vn -0.975240 -0.219848 0.023955
vn -0.960837 -0.275775 -0.027209
vn -0.948546 -0.311842 -0.054907
vn -0.933807 -0.324831 -0.149965
vn -0.922705 -0.261088 -0.283633
vn -0.940746 -0.292851 0.170981
vn -0.929657 -0.343386 0.133506
vn -0.920504 -0.382761 0.078531
vn -0.903068 -0.429402 0.009043
vn -0.877507 -0.479011 -0.023008
vn -0.851703 -0.509187 -0.123819
vn -0.821226 -0.484285 -0.301755
vn -0.845226 -0.476165 0.242610
vn -0.834999 -0.519666 0.180897
vn -0.829022 -0.545535 0.122938
vn -0.823739 -0.564820 0.049324
vn -0.809940 -0.586469 0.007178
vn -0.782657 -0.616336 -0.087046
vn -0.692125 -0.659928 -0.292331
vn -0.632360 -0.713072 0.302735
vn -0.649399 -0.724961 0.229592
vn -0.661057 -0.733228 0.159311
vn -0.679222 -0.729378 0.081642
vn -0.696000 -0.717377 0.030887
vn -0.685125 -0.727148 -0.043125
vn -0.605538 -0.769356 -0.203504
vn -0.477680 -0.811127 -0.337483
vn -0.563165 -0.724862 -0.396763
vn -0.656234 -0.625058 -0.422682
vn -0.806702 -0.411080 -0.424554
vn -0.927624 -0.111684 -0.356428
vn -0.946859 0.218230 -0.236290
vn -0.836826 0.535637 -0.113205
vn -0.258262 -0.917980 0.301022
vn 0.055122 -0.964474 0.258361
vn 0.008378 -0.978144 0.207761
vn -0.328866 -0.913400 0.239891
vn -0.051927 -0.985785 0.159788
vn -0.387012 -0.905460 0.174253
vn -0.105308 -0.988754 0.106185
vn -0.432469 -0.896079 0.100066
vn -0.151485 -0.986584 0.060867
vn -0.472178 -0.880096 0.049792
vn -0.195448 -0.980615 0.013967
vn -0.495205 -0.868758 -0.005640
vn -0.207580 -0.977333 -0.041588
vn -0.453385 -0.883794 -0.115548
vn 0.204497 -0.941583 0.267587
vn 0.243711 -0.948088 0.204289
vn 0.254606 -0.954377 0.156014
vn 0.242556 -0.963216 0.115676
vn 0.215290 -0.973939 0.071368
vn 0.175601 -0.984171 0.023913
vn 0.120186 -0.992450 -0.024481
vn 0.383894 -0.858787 0.339280
vn 0.460763 -0.848070 0.261678
vn 0.518853 -0.833362 0.190524
vn 0.537056 -0.832952 0.133273
vn 0.521586 -0.849517 0.079183
vn 0.483831 -0.874881 0.022181
vn 0.411164 -0.909236 -0.065060
vn 0.302941 -0.935584 -0.181409
vn 0.055934 -0.992720 -0.106666
vn -0.169172 -0.978544 -0.117615
vn -0.341356 -0.913272 -0.222285
vn -0.229383 -0.926753 -0.297510
vn -0.120186 -0.971735 -0.203193
vn -0.091970 -0.964973 -0.245699
vn -0.147705 -0.927375 -0.343743
vn -0.068570 -0.963740 -0.257882
vn -0.080410 -0.928003 -0.363792
vn 0.108895 -0.955489 -0.274195
vn 0.103493 -0.925208 -0.365074
vn 0.014107 -0.957608 -0.287728
vn 0.019825 -0.964468 -0.263456
vn 0.009145 -0.978419 -0.206429
vn -0.019707 -0.965923 -0.258079
vn -0.051147 -0.956452 -0.287374
vn -0.196820 -0.925879 -0.322504
vn -0.175549 -0.925428 -0.335806
vn 0.211572 -0.929448 -0.302263
vn 0.149355 -0.908014 -0.391412
vn 0.088455 -0.879858 -0.466933
vn -0.229992 -0.898245 -0.374512
vn -0.170941 -0.873586 -0.455662
vn 0.118831 -0.922071 -0.368327
vn -0.035542 -0.952067 -0.303817
vn 0.468707 -0.795530 -0.383986
vn 0.413058 -0.761456 -0.499568
vn 0.376121 -0.726415 -0.575199
vn -0.039406 -0.999162 0.011062
vn -0.295518 -0.951963 -0.080219
vn -0.235644 -0.961835 -0.139086
vn 0.000786 -0.995214 -0.097720
vn 0.067638 -0.997150 -0.033421
vn 0.059240 -0.962068 -0.266301
vn -0.013632 -0.999159 -0.038664
vn 0.021305 -0.926792 -0.374969
vn -0.171292 -0.873073 -0.456511
vn -0.330526 -0.838190 -0.433809
vn 0.874642 -0.405295 -0.265965
vn 0.963866 -0.213424 -0.159411
vn 0.986429 -0.096311 -0.132975
vn 0.929661 -0.264208 -0.256759
vn 0.996589 -0.008857 -0.082045
vn 0.971032 -0.142036 -0.192151
vn 0.997864 0.002324 0.065281
vn 0.910061 -0.098112 0.402694
vn 0.944705 -0.196058 0.262857
vn 0.994537 -0.094654 -0.044018
vn 0.664680 -0.224919 0.712469
vn 0.710633 -0.394096 0.582828
vn 0.994488 0.102972 -0.019785
vn 0.987091 0.160161 0.000303
vn 0.980866 0.193833 0.018177
vn 0.975696 0.168973 0.139519
vn 0.867710 0.055529 0.493959
vn 0.619665 -0.066127 0.782075
vn 0.903574 0.418608 0.091222
vn 0.895195 0.433718 0.102540
vn 0.896548 0.433165 0.092573
vn 0.901189 0.391033 0.186955
vn 0.795679 0.266692 0.543848
vn 0.565459 0.123235 0.815518
vn 0.727643 0.668462 0.153931
vn 0.737494 0.658918 0.148085
vn 0.762082 0.635922 0.121800
vn 0.775068 0.590689 0.224403
vn 0.669919 0.478910 0.567322
vn 0.490497 0.335437 0.804298
vn 0.729475 -0.577725 -0.366197
vn 0.486629 0.853280 0.187366
vn 0.489368 0.855977 0.166803
vn 0.514290 0.847298 0.132630
vn 0.446039 0.680136 0.581777
vn 0.342982 0.545329 0.764840
vn 0.418595 0.288829 0.861021
vn 0.276027 0.495097 0.823825
vn 0.186878 0.471710 0.861723
vn 0.214151 0.232965 0.948613
vn 0.466979 0.063461 0.881989
vn 0.170150 -0.094274 0.980898
vn 0.470046 -0.169318 0.866249
vn 0.102137 -0.376522 0.920760
vn 0.422288 -0.384117 0.821053
vn 0.013027 -0.614894 0.788502
vn 0.355045 -0.619405 0.700200
vn -0.070170 -0.789077 0.610273
vn -0.084084 -0.926766 0.366108
vn 0.299687 -0.877850 0.373587
vn 0.825241 -0.422744 -0.374519
vn 0.882692 -0.325221 -0.339245
vn 0.670778 -0.548346 -0.499373
vn 0.644247 -0.599917 -0.474389
vn 0.216482 0.953254 0.210814
vn 0.025253 0.975602 0.218091
vn 0.014935 0.981530 0.190724
vn 0.201024 0.962898 0.180044
vn -0.007122 0.985464 0.169737
vn 0.196072 0.969847 0.144748
vn -0.033693 0.787713 0.615120
vn 0.119307 0.699173 0.704927
vn 0.152913 0.817753 0.554885
vn -0.038940 0.881540 0.470501
vn -0.143982 0.971363 0.189007
vn -0.111088 0.978338 0.174681
vn -0.092219 0.979914 0.176816
vn -0.101153 0.840771 0.531857
vn -0.101821 0.915669 0.388822
vn -0.367320 0.923201 0.113029
vn -0.313657 0.944078 0.101671
vn -0.260356 0.959639 0.106336
vn -0.239759 0.822748 0.515366
vn -0.226376 0.910171 0.346903
vn -0.599794 0.799976 0.016933
vn -0.563817 0.825858 0.008330
vn -0.536869 0.843619 -0.008858
vn -0.485619 0.679870 0.549500
vn -0.527820 0.792182 0.306357
vn 0.081595 0.625609 0.775858
vn 0.057750 0.545670 0.836008
vn -0.795437 0.598652 -0.094319
vn -0.910201 0.348874 -0.223208
vn -0.867777 0.452055 -0.206420
vn -0.757148 0.647087 -0.089475
vn -0.851382 0.497890 -0.165090
vn -0.741333 0.664495 -0.094188
vn -0.770810 0.636738 -0.020434
vn -0.884754 0.463806 -0.045760
vn -0.898623 0.351329 0.262765
vn -0.780801 0.566785 0.262877
vn -0.775228 0.196461 0.600354
vn -0.683414 0.449164 0.575498
vn -0.928591 0.051200 -0.367555
vn -0.912802 0.185261 -0.363967
vn -0.923344 0.251498 -0.290145
vn -0.967852 0.227451 -0.107372
vn -0.963089 0.117972 0.241954
vn -0.795394 -0.056271 0.603475
vn -0.819680 -0.312846 -0.479846
vn -0.834572 -0.182793 -0.519688
vn -0.888671 -0.101903 -0.447079
vn -0.965993 -0.096421 -0.239918
vn -0.976752 -0.168636 0.132357
vn -0.791393 -0.324107 0.518317
vn -0.646807 -0.564238 -0.513104
vn -0.657677 -0.459494 -0.596931
vn -0.724679 -0.400227 -0.560944
vn -0.825107 -0.400251 -0.398746
vn -0.844230 -0.527590 -0.094466
vn -0.659531 -0.713624 0.236136
vn -0.283360 -0.784282 -0.551914
vn -0.451072 -0.522095 0.723844
vn -0.333997 -0.839956 0.427691
vn -0.083431 -0.863324 0.497706
vn -0.177393 -0.648281 0.740448
vn -0.531779 -0.264644 0.804472
vn -0.302365 -0.455830 0.837134
vn -0.596901 0.050209 0.800743
vn -0.410884 -0.102661 0.905889
vn -0.560260 0.326696 0.761169
vn -0.410816 0.226287 0.883190
vn -0.145387 0.268547 0.952232
vn -0.158670 -0.258108 0.952998
vn -0.142000 -0.277285 0.950237
vn -0.075488 0.260140 0.962616
vn -0.134842 -0.636175 0.759671
vn -0.182390 -0.614626 0.767443
vn -0.108122 -0.245653 0.963309
vn -0.198766 -0.528849 0.825113
vn -0.108288 -0.800727 0.589160
vn -0.220900 -0.789238 0.572980
vn -0.264760 -0.723467 0.637572
vn -0.075069 -0.904059 0.420765
vn -0.248211 -0.884098 0.395932
vn -0.303769 -0.834513 0.459687
vn -0.114412 0.270245 -0.955969
vn -0.085500 0.355733 -0.930668
vn -0.102554 0.142551 -0.984460
vn 0.305566 0.153036 -0.939792
vn 0.194906 0.178745 -0.964397
vn 0.300785 0.054296 -0.952145
vn 0.449551 0.331670 -0.829396
vn 0.401263 0.213742 -0.890675
vn -0.039186 0.226751 -0.973164
vn -0.122340 0.083969 -0.988930
vn 0.011625 0.239905 -0.970727
vn 0.000615 0.298928 -0.954275
vn -0.153838 0.160203 -0.975023
vn 0.285089 0.345674 -0.893999
vn -0.001374 0.210447 0.977604
vn -0.087174 -0.737567 0.669623
vn -0.013940 -0.878741 0.477096
vn -0.173461 -0.581217 0.795046
vn -0.247256 -0.208204 0.946317
vn -0.256919 0.226192 0.939590
vn 0.025819 -0.977186 0.210811
vn -0.037197 -0.984290 0.172595
vn -0.258475 -0.952388 0.161706
vn -0.315910 -0.913931 0.254817
vn -0.024040 0.613698 0.789175
vn -0.103309 0.630471 0.769307
vn -0.236940 0.554202 0.797947
vn -0.370023 0.443707 0.816215
vn -0.154799 -0.933097 -0.324603
vn 0.001197 -0.959851 -0.280510
vn -0.017084 -0.960789 -0.276755
vn -0.125191 -0.939227 -0.319657
vn 0.525055 0.806101 0.272981
vn 0.183137 0.939322 0.290061
vn -0.032899 0.961820 0.271697
vn -0.092580 0.964553 0.247115
vn -0.222866 0.957287 0.184209
vn -0.530523 0.845262 0.063850
vn -0.233324 0.738999 0.632012
vn -0.431531 0.568109 0.700737
vn -0.091192 0.771440 0.629734
vn -0.028891 0.712040 0.701545
vn 0.071770 -0.923496 -0.376833
vn 0.031317 -0.923733 -0.381754
vn -0.018084 -0.888662 -0.458207
vn -0.038693 -0.870862 -0.490003
vn 0.699306 -0.631911 -0.334155
vn 0.525417 -0.834325 -0.166848
vn 0.257424 -0.848264 -0.462797
vn 0.351971 -0.739694 -0.573558
vn 0.679556 -0.688083 0.254451
vn 0.906335 -0.422561 -0.000369
vn -0.112140 -0.865293 -0.488561
vn -0.041801 -0.849719 -0.525576
vn -0.037384 -0.981052 0.190106
vn -0.058926 -0.868370 -0.492404
vn -0.020007 -0.926532 -0.375683
vn 0.932166 -0.278800 -0.230948
vn 0.724945 -0.510045 -0.462935
vn -0.088568 -0.946289 -0.310954
vn 0.026109 -0.849208 -0.527412
vn -0.041655 -0.962374 -0.268515
vn 0.276709 -0.960119 -0.040052
vn -0.207237 -0.975948 0.067667
vn -0.612356 -0.720685 -0.325013
vn -0.427891 -0.898735 -0.095840
vn -0.625609 -0.579955 -0.521790
vn -0.525657 -0.591996 -0.610922
vn -0.479844 -0.635080 -0.605329
vn -0.506418 -0.702135 -0.500547
vn -0.144003 -0.972897 -0.180928
vn -0.251508 -0.903866 -0.346079
vn -0.325925 -0.811441 -0.485114
vn -0.329055 -0.752744 -0.570175
vn 0.377710 -0.688381 -0.619247
vn -0.284366 -0.754916 -0.590963
vn -0.105375 -0.865366 -0.489937
s 1
g R_F_Proximal_Phalanx_2 Feet M_Skeleton
usemtl Skeleton_Feet_SG
f 1/1/1 2/2/2 3/3/3 4/4/4
f 4/4/4 3/3/3 5/5/5 6/6/6
f 7/7/7 8/8/8 9/9/9 10/10/10
f 10/10/10 9/9/9 11/11/11 12/12/12
f 12/12/12 11/11/11 13/13/13 14/14/14
f 15/15/15 16/16/16 17/17/17 18/18/18
f 9/9/9 19/19/19 20/20/20 11/11/11
f 11/11/11 20/20/20 21/21/21 13/13/13
f 22/22/22 23/23/23 24/24/24 25/25/25
f 23/23/23 26/26/26 27/27/27 24/24/24
f 28/28/28 29/29/29 30/30/30 31/31/31
f 31/31/31 30/30/30 32/32/32 33/33/33
f 34/34/34 35/35/35 36/36/36 37/37/37
f 38/38/38 39/39/39 18/18/18 17/17/17
f 40/40/40 41/41/41 42/42/42 43/43/43
f 6/6/6 44/44/44 45/45/45 4/4/4
f 4/4/4 45/45/45 46/46/46 1/1/1
f 47/47/47 48/48/48 49/49/49 50/50/50
f 51/51/51 52/52/52 53/53/53 54/54/54
f 54/54/54 53/53/53 55/55/55 56/56/56
f 56/56/56 55/55/55 57/57/57 58/58/58
f 58/58/58 57/57/57 59/59/59 60/60/60
f 60/60/60 59/59/59 61/61/61 62/62/62
f 52/52/52 63/63/63 64/64/64 53/53/53
f 53/53/53 64/64/64 65/65/65 55/55/55
f 55/55/55 65/65/65 66/66/66 57/57/57
f 57/57/57 66/66/66 67/67/67 59/59/59
f 59/59/59 67/67/67 68/68/68 61/61/61
f 63/63/63 69/69/69 70/70/70 64/64/64
f 64/64/64 70/70/70 71/71/71 65/65/65
f 65/65/65 71/71/71 72/72/72 66/66/66
f 66/66/66 72/72/72 73/73/73 67/67/67
f 67/67/67 73/73/73 74/74/74 68/68/68
f 75/75/75 76/76/76 52/52/52 51/51/51
f 76/76/76 77/77/77 63/63/63 52/52/52
f 77/77/77 78/78/78 69/69/69 63/63/63
f 78/78/78 79/79/79 80/80/80 69/69/69
f 69/69/69 80/80/80 81/81/81 70/70/70
f 70/70/70 81/81/81 82/82/82 71/71/71
f 71/71/71 82/82/82 83/83/83 72/72/72
f 72/72/72 83/83/83 84/84/84 73/73/73
f 73/73/73 84/84/84 85/85/85 74/74/74
f 74/74/74 85/85/85 86/86/86 87/87/87
f 87/87/87 88/88/88 68/68/68 74/74/74
f 88/88/88 89/89/89 61/61/61 68/68/68
f 89/89/89 90/90/90 62/62/62 61/61/61
f 90/90/90 91/91/91 92/92/92 62/62/62
f 62/62/62 92/92/92 93/93/93 60/60/60
f 60/60/60 93/93/93 94/94/94 58/58/58
f 58/58/58 94/94/94 95/95/95 56/56/56
f 56/56/56 95/95/95 96/96/96 54/54/54
f 54/54/54 96/96/96 97/97/97 51/51/51
f 51/51/51 97/97/97 98/98/98 75/75/75
f 99/99/99 100/100/100 101/101/101 102/102/102
f 102/102/102 101/101/101 103/103/103 104/104/104
f 104/104/104 103/103/103 105/105/105 106/106/106
f 106/106/106 105/105/105 107/107/107 108/108/108
f 108/108/108 107/107/107 109/109/109 110/110/110
f 100/100/100 111/111/111 112/112/112 101/101/101
f 101/101/101 112/112/112 113/113/113 103/103/103
f 103/103/103 113/113/113 114/114/114 105/105/105
f 105/105/105 114/114/114 115/115/115 107/107/107
f 107/107/107 115/115/115 116/116/116 109/109/109
f 111/111/111 117/117/117 118/118/118 112/112/112
f 112/112/112 118/118/118 119/119/119 113/113/113
f 113/113/113 119/119/119 120/120/120 114/114/114
f 114/114/114 120/120/120 121/121/121 115/115/115
f 115/115/115 121/121/121 122/122/122 116/116/116
f 117/117/117 123/123/123 124/124/124 118/118/118
f 118/118/118 124/124/124 125/125/125 119/119/119
f 119/119/119 125/125/125 126/126/126 120/120/120
f 120/120/120 126/126/126 127/127/127 121/128/121
f 121/128/121 127/127/127 128/129/128 122/130/122
f 129/131/129 130/132/130 100/133/100 99/134/99
f 130/132/130 131/135/131 111/136/111 100/133/100
f 131/135/131 132/137/132 117/138/117 111/136/111
f 132/137/132 133/139/133 123/123/123 117/138/117
f 133/139/133 98/98/98 97/97/97 123/123/123
f 123/123/123 97/97/97 96/96/96 124/124/124
f 124/124/124 96/96/96 95/95/95 125/125/125
f 125/125/125 95/95/95 94/94/94 126/126/126
f 126/126/126 94/94/94 93/93/93 127/127/127
f 127/127/127 93/93/93 92/92/92 128/129/128
f 128/129/128 92/92/92 91/91/91 134/140/134
f 134/140/134 135/141/135 122/130/122 128/129/128
f 135/142/135 136/143/136 116/116/116 122/122/122
f 136/143/136 137/144/137 109/109/109 116/116/116
f 137/144/137 138/145/138 110/110/110 109/109/109
f 138/145/138 139/146/139 140/147/140 110/110/110
f 110/110/110 140/147/140 141/148/141 108/108/108
f 108/108/108 141/148/141 142/149/142 106/106/106
f 106/106/106 142/149/142 143/150/143 104/104/104
f 104/104/104 143/150/143 144/151/144 102/102/102
f 102/102/102 144/151/144 145/152/145 99/99/99
f 99/134/99 145/153/145 146/154/146 129/131/129
f 147/155/147 148/156/148 149/157/149 150/158/150
f 150/158/150 149/157/149 151/159/151 152/160/152
f 152/160/152 151/159/151 153/161/153 154/162/154
f 154/162/154 153/161/153 155/163/155 156/164/156
f 156/164/156 155/163/155 157/165/157 158/166/158
f 148/156/148 159/167/159 160/168/160 149/157/149
f 149/157/149 160/168/160 161/169/161 151/159/151
f 151/159/151 161/169/161 162/170/162 153/161/153
f 153/161/153 162/170/162 163/171/163 155/163/155
f 155/163/155 163/171/163 164/172/164 157/165/157
f 159/167/159 165/173/165 166/174/166 160/168/160
f 160/168/160 166/174/166 167/175/167 161/169/161
f 161/169/161 167/175/167 168/176/168 162/170/162
f 162/170/162 168/176/168 169/177/169 163/171/163
f 163/171/163 169/177/169 170/178/170 164/172/164
f 171/179/171 172/180/172 148/181/148 147/182/147
f 172/180/172 173/183/173 159/184/159 148/181/148
f 173/183/173 174/185/174 165/186/165 159/184/159
f 174/185/174 146/154/146 145/153/145 165/186/165
f 165/173/165 145/152/145 144/151/144 166/174/166
f 166/174/166 144/151/144 143/150/143 167/175/167
f 167/175/167 143/150/143 142/149/142 168/176/168
f 168/176/168 142/149/142 141/148/141 169/177/169
f 169/177/169 141/148/141 140/147/140 170/178/170
f 170/178/170 140/147/140 139/146/139 175/187/175
f 175/187/175 176/188/176 164/172/164 170/178/170
f 176/188/176 177/189/177 157/165/157 164/172/164
f 177/189/177 178/190/178 158/166/158 157/165/157
f 178/190/178 179/191/179 180/192/180 158/166/158
f 158/166/158 180/192/180 181/193/181 156/164/156
f 156/164/156 181/193/181 182/194/182 154/162/154
f 154/162/154 182/194/182 183/195/183 152/160/152
f 152/160/152 183/195/183 184/196/184 150/158/150
f 150/158/150 184/196/184 185/197/185 147/155/147
f 147/182/147 185/198/185 186/199/186 171/179/171
f 187/200/187 188/201/188 189/202/189 190/203/190
f 190/204/190 189/205/189 191/206/191 192/207/192
f 192/207/192 191/206/191 193/208/193 194/209/194
f 194/209/194 193/208/193 195/210/195 196/211/196
f 188/201/188 197/212/197 198/213/198 189/202/189
f 189/205/189 198/214/198 199/215/199 191/206/191
f 191/206/191 199/215/199 200/216/200 193/208/193
f 193/208/193 200/216/200 201/217/201 195/210/195
f 197/212/197 202/218/202 203/219/203 198/213/198
f 198/214/198 203/220/203 204/221/204 199/215/199
f 199/215/199 204/221/204 205/222/205 200/216/200
f 200/216/200 205/222/205 206/223/206 201/217/201
f 202/218/202 207/224/207 208/225/208 203/219/203
f 203/220/203 208/226/208 209/227/209 204/221/204
f 204/221/204 209/227/209 210/228/210 205/222/205
f 205/222/205 210/228/210 211/229/211 206/223/206
f 207/224/207 212/230/212 213/231/213 208/225/208
f 208/226/208 213/232/213 214/233/214 209/227/209
f 209/227/209 214/233/214 215/234/215 210/228/210
f 210/228/210 215/234/215 216/235/216 211/229/211
f 85/85/85 84/84/84 188/201/188 187/200/187
f 84/84/84 83/83/83 197/212/197 188/201/188
f 83/83/83 82/82/82 202/218/202 197/212/197
f 82/82/82 81/81/81 207/224/207 202/218/202
f 81/81/81 80/80/80 212/230/212 207/224/207
f 212/230/212 80/80/80 79/79/79 217/236/217
f 213/237/213 212/230/212 217/236/217 218/238/218
f 214/239/214 213/237/213 218/238/218 219/240/219
f 215/241/215 214/239/214 219/240/219 220/242/220
f 216/243/216 215/241/215 220/242/220 221/244/221
f 185/198/185 216/243/216 221/244/221 186/199/186
f 216/235/216 185/197/185 184/196/184 211/229/211
f 184/196/184 183/195/183 206/223/206 211/229/211
f 183/195/183 182/194/182 201/217/201 206/223/206
f 182/194/182 181/193/181 195/210/195 201/217/201
f 181/193/181 180/192/180 196/211/196 195/210/195
f 180/192/180 179/191/179 222/245/222 196/211/196
f 196/211/196 222/245/222 223/246/223 194/209/194
f 194/209/194 223/246/223 224/247/224 192/207/192
f 192/207/192 224/247/224 225/248/225 190/204/190
f 190/203/190 225/249/225 226/250/226 187/200/187
f 187/200/187 226/250/226 86/86/86 85/85/85
f 227/251/227 228/252/228 229/253/229 230/254/230
f 230/254/230 229/253/229 231/255/231 232/256/232
f 232/256/232 231/255/231 233/257/233 234/258/234
f 234/258/234 233/257/233 235/259/235 236/260/236
f 236/260/236 235/259/235 237/261/237 238/262/238
f 238/262/238 237/261/237 239/263/239 240/264/240
f 228/265/228 241/266/241 242/267/242 229/268/229
f 229/268/229 242/267/242 243/269/243 231/270/231
f 231/270/231 243/269/243 244/271/244 233/272/233
f 233/272/233 244/271/244 245/273/245 235/274/235
f 235/274/235 245/273/245 246/275/246 237/276/237
f 237/276/237 246/275/246 247/277/247 239/278/239
f 241/266/241 248/279/248 249/280/249 242/267/242
f 242/267/242 249/280/249 250/281/250 243/269/243
f 243/269/243 250/281/250 251/282/251 244/271/244
f 244/271/244 251/282/251 252/283/252 245/273/245
f 245/273/245 252/283/252 253/284/253 246/275/246
f 246/275/246 253/284/253 254/285/254 247/277/247
f 248/279/248 255/286/255 256/287/256 249/280/249
f 249/280/249 256/287/256 257/288/257 250/281/250
f 250/281/250 257/288/257 258/289/258 251/282/251
f 251/282/251 258/289/258 259/290/259 252/283/252
f 252/283/252 259/290/259 260/291/260 253/284/253
f 253/284/253 260/291/260 261/292/261 254/285/254
f 226/250/226 225/249/225 228/252/228 227/251/227
f 225/248/225 224/247/224 241/266/241 228/265/228
f 224/247/224 223/246/223 248/279/248 241/266/241
f 223/246/223 222/245/222 255/286/255 248/279/248
f 222/245/222 179/191/179 262/293/262 255/286/255
f 255/286/255 262/293/262 263/294/263 256/287/256
f 256/287/256 263/294/263 264/295/264 257/288/257
f 257/288/257 264/295/264 265/296/265 258/289/258
f 258/289/258 265/296/265 266/297/266 259/290/259
f 259/290/259 266/297/266 267/298/267 260/291/260
f 260/291/260 267/298/267 268/299/268 261/292/261
f 261/292/261 268/299/268 269/300/269 270/301/270
f 270/301/270 271/302/271 254/285/254 261/292/261
f 271/302/271 272/303/272 247/277/247 254/285/254
f 272/303/272 273/304/273 239/278/239 247/277/247
f 274/305/274 275/306/275 240/264/240
f 275/306/275 276/307/276 277/308/277 240/264/240
f 240/264/240 277/308/277 278/309/278 238/262/238
f 238/262/238 278/309/278 279/310/279 236/260/236
f 236/260/236 279/310/279 280/311/280 234/258/234
f 234/258/234 280/311/280 281/312/281 232/256/232
f 232/256/232 281/312/281 282/313/282 230/254/230
f 230/254/230 282/313/282 283/314/283 227/251/227
f 227/251/227 283/314/283 86/86/86 226/250/226
f 284/315/284 285/316/285 286/317/286 287/318/287
f 287/318/287 286/317/286 288/319/288 289/320/289
f 289/320/289 288/319/288 290/321/290 291/322/291
f 291/322/291 290/321/290 292/323/292 293/324/293
f 293/324/293 292/323/292 294/325/294 295/326/295
f 295/326/295 294/325/294 296/327/296 297/328/297
f 285/316/285 298/329/298 299/330/299 286/317/286
f 286/317/286 299/330/299 300/331/300 288/319/288
f 288/319/288 300/331/300 301/332/301 290/321/290
f 290/321/290 301/332/301 302/333/302 292/323/292
f 292/323/292 302/333/302 303/334/303 294/325/294
f 294/325/294 303/334/303 304/335/304 296/327/296
f 298/329/298 305/336/305 306/337/306 299/330/299
f 299/330/299 306/337/306 307/338/307 300/331/300
f 300/331/300 307/338/307 308/339/308 301/332/301
f 301/332/301 308/339/308 309/340/309 302/333/302
f 302/333/302 309/340/309 310/341/310 303/334/303
f 303/334/303 310/341/310 311/342/311 304/335/304
f 178/190/178 177/189/177 285/316/285 284/315/284
f 177/189/177 176/188/176 298/329/298 285/316/285
f 176/188/176 175/187/175 305/336/305 298/329/298
f 175/187/175 139/146/139 312/343/312 305/336/305
f 305/336/305 312/343/312 313/344/313 306/337/306
f 306/337/306 313/344/313 314/345/314 307/338/307
f 307/338/307 314/345/314 315/346/315 308/339/308
f 308/339/308 315/346/315 316/347/316 309/340/309
f 309/340/309 316/347/316 317/348/317 310/341/310
f 310/341/310 317/348/317 318/349/318 311/342/311
f 311/342/311 318/349/318 319/350/319 320/351/320
f 320/351/320 321/352/321 304/335/304 311/342/311
f 321/352/321 322/353/322 296/327/296 304/335/304
f 322/353/322 323/354/323 297/328/297 296/327/296
f 323/354/323 269/300/269 268/299/268 297/328/297
f 297/328/297 268/299/268 267/298/267 295/326/295
f 295/326/295 267/298/267 266/297/266 293/324/293
f 293/324/293 266/297/266 265/296/265 291/322/291
f 291/322/291 265/296/265 264/295/264 289/320/289
f 289/320/289 264/295/264 263/294/263 287/318/287
f 287/318/287 263/294/263 262/293/262 284/315/284
f 284/315/284 262/293/262 179/191/179 178/190/178
f 324/355/324 325/356/325 326/357/326 327/358/327
f 327/358/327 326/357/326 328/359/328 329/360/329
f 329/360/329 328/359/328 330/361/330 331/362/331
f 331/362/331 330/361/330 332/363/332 333/364/333
f 333/364/333 332/363/332 334/365/334 335/366/335
f 335/366/335 334/365/334 336/367/336 337/368/337
f 325/356/325 338/369/338 339/370/339 326/357/326
f 326/357/326 339/370/339 340/371/340 328/359/328
f 328/359/328 340/371/340 341/372/341 330/361/330
f 330/361/330 341/372/341 342/373/342 332/363/332
f 332/363/332 342/373/342 343/374/343 334/365/334
f 334/365/334 343/374/343 344/375/344 336/367/336
f 338/369/338 345/376/345 346/377/346 339/370/339
f 339/370/339 346/377/346 347/378/347 340/371/340
f 340/371/340 347/378/347 348/379/348 341/372/341
f 341/372/341 348/379/348 349/380/349 342/373/342
f 342/373/342 349/380/349 350/381/350 343/374/343
f 343/374/343 350/381/350 351/382/351 344/375/344
f 345/383/345 352/384/352 353/385/353 346/386/346
f 346/386/346 353/385/353 354/387/354 347/388/347
f 347/388/347 354/387/354 355/389/355 348/390/348
f 348/390/348 355/389/355 356/391/356 349/392/349
f 349/392/349 356/391/356 357/393/357 350/394/350
f 350/394/350 357/393/357 358/395/358 351/396/351
f 138/145/138 137/144/137 325/356/325 324/355/324
f 137/144/137 136/143/136 338/369/338 325/356/325
f 136/143/136 135/142/135 345/376/345 338/369/338
f 135/141/135 134/140/134 352/384/352 345/383/345
f 134/140/134 91/91/91 359/397/359 352/384/352
f 352/384/352 359/397/359 360/398/360 353/385/353
f 353/385/353 360/398/360 361/399/361 354/387/354
f 354/387/354 361/399/361 362/400/362 355/389/355
f 355/389/355 362/400/362 363/401/363 356/391/356
f 356/391/356 363/401/363 364/402/364 357/393/357
f 357/393/357 364/402/364 365/403/365 358/395/358
f 358/395/358 365/403/365 366/404/366 367/405/367
f 368/406/368 369/407/369 351/396/351 358/395/358
f 369/408/369 370/409/370 344/375/344 351/382/351
f 370/409/370 371/410/371 336/367/336 344/375/344
f 371/410/371 372/411/372 337/368/337 336/367/336
f 372/411/372 319/350/319 318/349/318 337/368/337
f 337/368/337 318/349/318 317/348/317 335/366/335
f 335/366/335 317/348/317 316/347/316 333/364/333
f 333/364/333 316/347/316 315/346/315 331/362/331
f 331/362/331 315/346/315 314/345/314 329/360/329
f 329/360/329 314/345/314 313/344/313 327/358/327
f 327/358/327 313/344/313 312/343/312 324/355/324
f 324/355/324 312/343/312 139/146/139 138/145/138
f 373/412/373 374/413/374 375/414/375 376/415/376
f 376/415/376 375/414/375 377/416/377 378/417/378
f 378/417/378 377/416/377 379/418/379 380/419/380
f 380/419/380 379/418/379 381/420/381 382/421/382
f 382/421/382 381/420/381 383/422/383 384/423/384
f 384/423/384 383/422/383 385/424/385 386/425/386
f 374/413/374 387/426/387 388/427/388 375/414/375
f 375/414/375 388/427/388 389/428/389 377/416/377
f 377/416/377 389/428/389 390/429/390 379/418/379
f 379/418/379 390/429/390 391/430/391 381/420/381
f 381/420/381 391/430/391 392/431/392 383/422/383
f 383/422/383 392/431/392 393/432/393 385/424/385
f 387/426/387 394/433/394 395/434/395 388/427/388
f 388/427/388 395/434/395 396/435/396 389/428/389
f 389/428/389 396/435/396 397/436/397 390/429/390
f 390/429/390 397/436/397 398/437/398 391/430/391
f 391/430/391 398/437/398 399/438/399 392/431/392
f 392/431/392 399/438/399 400/439/400 393/432/393
f 90/90/90 89/89/89 374/413/374 373/412/373
f 89/89/89 88/88/88 387/426/387 374/413/374
f 88/88/88 87/87/87 394/433/394 387/426/387
f 87/87/87 86/86/86 283/314/283 394/433/394
f 394/433/394 283/314/283 282/313/282 395/434/395
f 395/434/395 282/313/282 281/312/281 396/435/396
f 396/435/396 281/312/281 280/311/280 397/436/397
f 397/436/397 280/311/280 279/310/279 398/437/398
f 398/437/398 279/310/279 278/309/278 399/438/399
f 399/438/399 278/309/278 277/308/277 400/439/400
f 400/439/400 277/308/277 276/307/276 401/440/401
f 401/440/401 402/441/402 393/432/393 400/439/400
f 402/441/402 403/442/403 385/424/385 393/432/393
f 403/442/403 404/443/404 386/425/386 385/424/385
f 404/443/404 366/404/366 365/403/365 386/425/386
f 386/425/386 365/403/365 364/402/364 384/423/384
f 384/423/384 364/402/364 363/401/363 382/421/382
f 382/421/382 363/401/363 362/400/362 380/419/380
f 380/419/380 362/400/362 361/399/361 378/417/378
f 378/417/378 361/399/361 360/398/360 376/415/376
f 376/415/376 360/398/360 359/397/359 373/412/373
f 373/412/373 359/397/359 91/91/91 90/90/90
f 405/444/405 406/445/406 407/446/407 408/447/408
f 408/447/408 407/446/407 409/448/409 410/449/410
f 411/450/411 412/451/412 413/452/413 414/453/414
f 406/445/406 415/454/415 416/455/416 407/446/407
f 407/446/407 416/455/416 417/456/417 409/448/409
f 418/457/418 414/453/414 413/452/413 419/458/419
f 415/454/415 420/459/420 421/460/421 416/455/416
f 416/455/416 421/460/421 422/461/422 417/456/417
f 423/462/423 424/463/424 425/464/425 426/465/426
f 404/443/404 403/442/403 406/445/406 405/444/405
f 403/442/403 402/441/402 415/454/415 406/445/406
f 402/441/402 401/440/401 420/459/420 415/454/415
f 401/440/401 276/307/276 427/466/427 420/459/420
f 420/459/420 427/466/427 428/467/428 421/460/421
f 421/460/421 428/467/428 429/468/429 422/461/422
f 423/462/423 426/465/426 430/469/430 431/470/431
f 414/453/414 418/457/418 432/471/432 433/472/433
f 411/450/411 414/453/414 433/472/433 434/473/434
f 435/474/435 411/450/411 434/473/434 436/475/436
f 411/450/411 435/474/435 437/476/437 412/451/412
f 408/447/408 438/477/438 439/478/439 405/444/405
f 405/444/405 439/478/439 366/404/366 404/443/404
f 440/479/440 441/480/441 442/481/442 443/482/443
f 443/482/443 442/481/442 444/483/444 445/484/445
f 446/485/446 447/486/447 448/487/448 449/488/449
f 448/487/448 447/486/447 450/489/450 451/490/451
f 441/491/441 452/492/452 453/493/453 442/494/442
f 442/494/442 453/493/453 454/495/454 444/496/444
f 446/497/446 455/498/455 456/499/456 447/500/447
f 457/501/457 450/502/450 447/500/447 456/499/456
f 452/492/452 458/503/458 459/504/459 453/493/453
f 453/493/453 459/504/459 460/505/460 454/495/454
f 455/498/455 461/506/461 462/507/462 456/499/456
f 456/499/456 462/507/462 463/508/463 457/501/457
f 458/503/458 464/509/464 465/510/465 459/504/459
f 459/504/459 465/510/465 466/511/466 460/505/460
f 461/506/461 467/512/467 468/513/468 462/507/462
f 462/507/462 468/513/468 469/514/469 463/508/463
f 275/306/275 274/305/274 440/479/440 470/515/470
f 273/304/273 272/303/272 452/492/452 441/491/441
f 272/303/272 271/302/271 458/503/458 452/492/452
f 271/302/271 270/301/270 464/509/464 458/503/458
f 270/301/270 269/300/269 471/516/471 464/509/464
f 464/509/464 471/516/471 472/517/472 465/510/465
f 465/510/465 472/517/472 473/518/473 466/511/466
f 468/513/468 474/519/474 475/520/475 469/514/469
f 476/521/476 477/522/477 478/523/478 479/524/479
f 480/525/480 476/521/476 479/524/479 481/526/481
f 482/527/482 480/525/480 481/526/481 483/528/483
f 484/529/484 482/527/482 483/528/483 485/530/485
f 486/531/486 484/529/484 485/530/485 487/532/487
f 488/533/488 489/534/489 486/531/486 487/532/487
f 490/535/490 491/536/491 492/537/492 493/538/493
f 493/538/493 428/467/428 427/466/427 470/515/470
f 470/515/470 427/466/427 276/307/276 275/306/275
f 494/539/494 495/540/495 496/541/496 497/542/497
f 497/542/497 496/541/496 498/543/498 499/544/499
f 500/545/500 501/546/501 502/547/502 503/548/503
f 495/540/495 504/549/504 505/550/505 496/541/496
f 496/541/496 505/550/505 506/551/506 498/543/498
f 507/552/507 500/545/500 503/548/503 508/553/508
f 504/549/504 509/554/509 510/555/510 505/550/505
f 505/550/505 510/555/510 511/556/511 506/551/506
f 512/557/512 507/552/507 508/553/508 513/558/513
f 323/354/323 322/353/322 495/540/495 494/539/494
f 322/353/322 321/352/321 504/549/504 495/540/495
f 321/352/321 320/351/320 509/554/509 504/549/504
f 320/351/320 319/350/319 514/559/514 509/554/509
f 509/554/509 514/559/514 515/560/515 510/555/510
f 510/555/510 515/560/515 516/561/516 511/556/511
f 517/562/517 512/557/512 513/558/513 518/563/518
f 477/522/477 519/564/519 520/565/520 478/523/478
f 499/544/499 473/518/473 472/517/472 497/542/497
f 497/542/497 472/517/472 471/516/471 494/539/494
f 494/539/494 471/516/471 269/300/269 323/354/323
f 521/566/521 522/567/522 523/568/523 524/569/524
f 524/569/524 523/568/523 525/570/525 526/571/526
f 527/572/527 528/573/528 529/574/529 530/575/530
f 530/575/530 529/574/529 531/576/531 532/577/532
f 522/567/522 533/578/533 534/579/534 523/568/523
f 523/568/523 534/579/534 535/580/535 525/570/525
f 528/573/528 536/581/536 537/582/537 529/574/529
f 529/574/529 537/582/537 538/583/538 531/576/531
f 533/578/533 539/584/539 540/585/540 534/579/534
f 534/579/534 540/585/540 541/586/541 535/580/535
f 536/581/536 542/587/542 543/588/543 537/582/537
f 537/582/537 543/588/543 544/589/544 538/583/538
f 539/590/539 545/591/545 546/592/546 540/593/540
f 540/593/540 546/592/546 547/594/547 541/595/541
f 542/596/542 548/597/548 549/598/549 543/599/543
f 550/600/550 544/601/544 543/599/543 549/598/549
f 372/411/372 371/410/371 522/567/522 521/566/521
f 371/410/371 370/409/370 533/578/533 522/567/522
f 370/409/370 369/408/369 539/584/539 533/578/533
f 545/591/545 539/590/539 369/407/369 368/406/368
f 551/602/551 439/478/439 438/477/438
f 552/603/552 553/604/553 554/605/554 555/606/555
f 556/607/556 552/603/552 555/606/555 557/608/557
f 558/609/558 556/607/556 557/608/557 559/610/559
f 560/611/560 558/609/558 559/610/559 561/612/561
f 530/575/530 532/577/532 517/562/517 518/563/518
f 526/571/526 516/561/516 515/560/515 524/569/524
f 524/569/524 515/560/515 514/559/514 521/566/521
f 521/566/521 514/559/514 319/350/319 372/411/372
f 562/613/562 563/614/563 564/615/564 565/616/565
f 563/614/563 566/617/566 567/618/567 564/615/564
f 568/619/568 569/620/569 483/528/483 481/526/481
f 566/617/566 570/621/570 571/622/571 567/618/567
f 569/620/569 572/623/572 485/530/485 483/528/483
f 570/621/570 573/624/573 574/625/574 571/622/571
f 487/532/487 485/530/485 572/623/572 575/626/575
f 16/16/16 576/627/576 577/628/577 17/17/17
f 8/8/8 578/629/578 19/19/19 9/9/9
f 1/1/1 50/50/50 579/630/579 2/2/2
f 48/48/48 580/631/580 581/632/581 49/49/49
f 582/633/582 583/634/583 44/44/44 6/6/6
f 577/628/577 584/635/584 38/38/38 17/17/17
f 585/636/585 586/637/586 587/638/587 588/639/588
f 14/14/14 13/13/13 16/16/16 15/15/15
f 582/633/582 589/640/589 43/43/43 42/42/42
f 6/6/6 5/5/5 589/640/589 582/633/582
f 13/13/13 21/21/21 576/627/576 16/16/16
f 2/2/2 579/630/579 7/7/7 10/10/10
f 3/3/3 2/2/2 10/10/10 12/12/12
f 5/5/5 3/3/3 12/12/12 14/14/14
f 589/640/589 5/5/5 14/14/14 15/15/15
f 43/43/43 589/640/589 15/15/15 18/18/18
f 50/50/50 49/49/49 581/632/581 579/630/579
f 7/7/7 579/630/579 581/632/581 25/25/25
f 25/25/25 24/24/24 8/8/8 7/7/7
f 24/24/24 27/27/27 578/629/578 8/8/8
f 27/27/27 585/636/585 588/639/588 578/629/578
f 19/19/19 578/629/578 588/639/588 28/28/28
f 20/20/20 19/19/19 28/28/28 31/31/31
f 21/21/21 20/20/20 31/31/31 33/33/33
f 576/627/576 21/21/21 33/33/33 37/37/37
f 577/628/577 576/627/576 37/37/37 36/36/36
f 26/26/26 586/637/586 585/636/585 27/27/27
f 588/639/588 587/638/587 29/29/29 28/28/28
f 32/32/32 34/34/34 37/37/37 33/33/33
f 36/36/36 35/35/35 584/635/584 577/628/577
f 39/39/39 40/40/40 43/43/43 18/18/18
f 42/42/42 41/41/41 583/634/583 582/633/582
f 46/46/46 47/47/47 50/50/50 1/1/1
f 580/631/580 22/22/22 25/25/25 581/632/581
f 590/641/590 568/619/568 481/526/481 479/524/479
f 565/616/565 564/615/564 568/619/568 590/641/590
f 564/615/564 567/618/567 569/620/569 568/619/568
f 567/618/567 571/622/571 572/623/572 569/620/569
f 591/642/591 592/643/592 573/624/573 570/621/570
f 593/644/593 591/642/591 570/621/570 566/617/566
f 594/645/594 593/644/593 566/617/566 563/614/563
f 562/613/562 595/646/595 594/645/594 563/614/563
f 573/624/573 592/643/592 596/647/596 597/648/597
f 574/625/574 573/624/573 597/648/597 598/649/598
f 599/650/599 488/533/488 487/532/487 575/626/575
f 520/565/520 590/641/590 479/524/479 478/523/478
f 600/651/600 565/616/565 590/641/590 520/565/520
f 601/652/601 562/613/562 565/616/565 600/651/600
f 601/652/601 602/653/602 595/646/595 562/613/562
f 602/653/602 603/654/603 561/612/561 595/646/595
f 604/655/604 605/656/605 606/657/606 607/658/607
f 444/483/444 446/485/446 449/488/449 445/484/445
f 446/497/446 444/496/444 454/495/454 455/498/455
f 455/498/455 454/495/454 460/505/460 461/506/461
f 461/506/461 460/505/460 466/511/466 467/512/467
f 467/512/467 466/511/466 473/518/473 608/659/608
f 608/659/608 473/518/473 499/544/499 609/660/609
f 609/660/609 499/544/499 498/543/498 610/661/610
f 610/661/610 498/543/498 506/551/506 611/662/611
f 611/662/611 506/551/506 511/556/511 612/663/612
f 612/663/612 511/556/511 516/561/516 613/664/613
f 613/664/613 516/561/516 526/571/526 527/572/527
f 527/572/527 526/571/526 525/570/525 528/573/528
f 528/573/528 525/570/525 535/580/535 536/581/536
f 536/581/536 535/580/535 541/586/541 542/587/542
f 542/596/542 541/595/541 547/594/547 548/597/548
f 614/665/614 615/666/615 603/654/603 602/653/602
f 601/652/601 616/667/616 614/665/614 602/653/602
f 600/651/600 617/668/617 616/667/616 601/652/601
f 519/564/519 617/668/617 600/651/600 520/565/520
f 501/546/501 475/520/475 474/519/474 502/547/502
f 605/656/605 618/669/618 619/670/619 606/657/606
f 618/669/618 620/671/620 621/672/621 619/670/619
f 622/673/622 623/674/623 624/675/624 625/676/625
f 451/490/451 626/677/626 627/678/627 448/487/448
f 624/675/624 628/679/628 629/680/629 625/676/625
f 628/679/628 604/655/604 607/658/607 629/680/629
f 467/512/467 608/659/608 474/519/474 468/513/468
f 502/547/502 474/519/474 608/659/608 609/660/609
f 609/660/609 610/661/610 503/548/503 502/547/502
f 610/661/610 611/662/611 508/553/508 503/548/503
f 611/662/611 612/663/612 513/558/513 508/553/508
f 612/663/612 613/664/613 518/563/518 513/558/513
f 530/575/530 518/563/518 613/664/613 527/572/527
f 554/605/554 630/681/630 596/647/596 592/643/592
f 555/606/555 554/605/554 592/643/592 591/642/591
f 557/608/557 555/606/555 591/642/591 593/644/593
f 559/610/559 557/608/557 593/644/593 594/645/594
f 561/612/561 559/610/559 594/645/594 595/646/595
f 619/670/619 621/672/621 631/682/631 632/683/632
f 492/537/492 491/536/491 633/684/633 634/685/634
f 635/686/635 636/687/636 629/680/629 607/658/607
f 637/688/637 635/686/635 607/658/607 606/657/606
f 632/683/632 637/688/637 606/657/606 619/670/619
f 571/622/571 574/625/574 575/626/575 572/623/572
f 598/649/598 599/650/599 575/626/575 574/625/574
f 423/462/423 431/470/431 432/471/432 418/457/418
f 426/465/426 425/464/425 638/689/638 430/469/430
f 419/458/419 424/463/424 423/462/423 418/457/418
f 603/654/603 615/666/615 560/611/560 561/612/561
f 553/604/553 639/690/639 630/681/630 554/605/554
f 549/598/549 640/691/640 641/692/641 550/600/550
f 642/693/642 640/691/640 549/598/549 548/597/548
f 643/694/643 642/693/642 548/597/548 547/594/547
f 546/592/546 644/695/644 643/694/643 547/594/547
f 545/591/545 645/696/645 644/695/644 546/592/546
f 449/488/449 448/487/448 627/678/627 633/684/633
f 445/484/445 449/488/449 633/684/633 491/536/491
f 490/535/490 443/482/443 445/484/445 491/536/491
f 470/515/470 440/479/440 443/482/443 490/535/490
f 645/696/645 367/405/367 366/404/366 439/478/439
f 545/591/545 368/406/368 367/405/367 645/696/645
f 358/395/358 367/405/367 368/406/368
f 273/697/273 274/305/274 240/264/240 239/263/239
f 440/479/440 274/305/274 273/697/273 441/480/441
f 433/472/433 597/648/597 596/647/596 434/473/434
f 597/648/597 433/472/433 432/471/432 598/649/598
f 598/649/598 432/471/432 431/470/431 599/650/599
f 599/650/599 431/470/431 430/469/430 488/533/488
f 434/473/434 596/647/596 630/681/630 436/475/436
f 436/475/436 630/681/630 639/690/639 646/698/646
f 622/673/622 627/678/627 626/677/626 623/674/623
f 627/678/627 622/673/622 634/685/634 633/684/633
f 638/689/638 489/534/489 488/533/488 430/469/430
f 647/699/647 641/692/641 640/691/640 648/700/648
f 648/700/648 640/691/640 642/693/642 649/701/649
f 650/702/650 429/468/429 492/537/492 634/685/634
f 493/538/493 492/537/492 429/468/429 428/467/428
f 643/694/643 651/703/651 649/701/649 642/693/642
f 644/695/644 551/602/551 651/703/651 643/694/643
f 645/696/645 439/478/439 551/602/551 644/695/644
f 646/698/646 437/476/437 435/474/435 436/475/436
f 621/672/621 620/671/620 647/699/647 648/700/648
f 649/701/649 631/682/631 621/672/621 648/700/648
f 438/477/438 652/704/652 651/703/651 551/602/551
f 651/703/651 652/704/652 631/682/631 649/701/649
f 625/676/625 650/702/650 634/685/634 622/673/622
f 451/705/451 486/531/486 489/534/489 626/706/626
f 486/531/486 451/705/451 450/707/450 484/529/484
f 484/529/484 450/707/450 457/708/457 482/527/482
f 615/666/615 517/562/517 532/577/532 560/611/560
f 517/562/517 615/666/615 614/665/614 512/557/512
f 512/557/512 614/665/614 616/667/616 507/552/507
f 560/611/560 532/577/532 531/709/531 558/609/558
f 558/609/558 531/709/531 538/710/538 556/607/556
f 556/607/556 538/710/538 544/711/544 552/603/552
f 552/603/552 544/711/544 550/712/550 553/604/553
f 624/713/624 425/464/425 424/463/424 628/714/628
f 425/464/425 624/713/624 623/715/623 638/689/638
f 638/689/638 623/715/623 626/706/626 489/534/489
f 605/716/605 413/452/413 412/451/412 618/717/618
f 413/452/413 605/716/605 604/718/604 419/458/419
f 419/458/419 604/718/604 628/714/628 424/463/424
f 553/604/553 550/712/550 641/719/641 639/690/639
f 507/552/507 616/667/616 617/668/617 500/545/500
f 500/545/500 617/668/617 519/564/519 501/546/501
f 501/546/501 519/564/519 477/522/477 475/520/475
f 482/527/482 457/708/457 463/720/463 480/525/480
f 480/525/480 463/720/463 469/721/469 476/521/476
f 476/521/476 469/721/469 475/520/475 477/522/477
f 618/717/618 412/451/412 437/476/437 620/722/620
f 639/690/639 641/719/641 647/723/647 646/698/646
f 646/698/646 647/723/647 620/722/620 437/476/437
f 174/185/174 580/631/580 48/48/48 146/154/146
f 580/631/580 174/185/174 173/183/173 22/22/22
f 22/22/22 173/183/173 172/180/172 23/23/23
f 23/23/23 172/180/172 171/179/171 26/26/26
f 26/26/26 171/179/171 186/199/186 586/637/586
f 586/637/586 186/199/186 221/244/221 587/638/587
f 587/638/587 221/244/221 220/242/220 29/29/29
f 29/29/29 220/242/220 219/240/219 30/30/30
f 30/30/30 219/240/219 218/238/218 32/32/32
f 32/32/32 218/238/218 217/236/217 34/34/34
f 34/34/34 217/236/217 79/79/79 35/35/35
f 35/35/35 79/79/79 78/78/78 584/635/584
f 584/635/584 78/78/78 77/77/77 38/38/38
f 38/38/38 77/77/77 76/76/76 39/39/39
f 39/39/39 76/76/76 75/75/75 40/40/40
f 40/40/40 75/75/75 98/98/98 41/41/41
f 41/41/41 98/98/98 133/139/133 583/634/583
f 583/634/583 133/139/133 132/137/132 44/44/44
f 44/44/44 132/137/132 131/135/131 45/45/45
f 45/45/45 131/135/131 130/132/130 46/46/46
f 46/46/46 130/132/130 129/131/129 47/47/47
f 47/47/47 129/131/129 146/154/146 48/48/48
f 636/687/636 650/702/650 625/676/625 629/680/629
f 410/449/410 652/704/652 438/477/438 408/447/408
f 422/461/422 636/687/636 635/686/635 417/456/417
f 417/456/417 635/686/635 637/688/637 409/448/409
f 409/448/409 637/688/637 632/683/632 410/449/410
f 650/702/650 636/687/636 422/461/422 429/468/429
f 652/704/652 410/449/410 632/683/632 631/682/631
f 490/535/490 493/538/493 470/515/470
g default
v -9.051065 2.014893 9.572216
v -9.116369 2.003613 9.567643
v -9.164032 2.055306 9.562613
v -9.057894 2.092522 9.570413
v -9.326167 1.802617 9.485239
v -9.290970 1.907037 9.522163
v -9.187113 1.883622 9.530574
v -9.212274 1.801873 9.496923
v -9.104058 1.873208 9.529957
v -9.124411 1.799504 9.493929
v -8.709849 2.014493 9.642049
v -8.651977 1.944547 9.638060
v -8.751749 1.920590 9.614760
v -8.773230 1.964436 9.619116
v -8.835499 1.842908 9.561528
v -8.743811 1.832413 9.583082
v -8.749033 1.739846 9.544912
v -8.838006 1.763631 9.523195
v -8.635761 1.824265 9.606047
v -8.642502 1.709458 9.555148
v -8.666599 1.636197 9.496723
v -8.766046 1.680306 9.501331
v -9.142831 1.653165 9.416039
v -9.182083 1.587411 9.382395
v -9.275574 1.613648 9.402101
v -9.206587 1.659043 9.418232
v -9.329071 2.020490 9.602594
v -9.394809 1.914071 9.568541
v -9.430045 1.900983 9.642931
v -9.360191 2.010144 9.679197
v -9.441162 1.883012 9.734991
v -9.375832 1.990205 9.769464
v -9.428173 1.859784 9.824023
v -9.365435 1.953427 9.854943
v -9.417181 1.839314 9.913661
v -9.360742 1.921201 9.942165
v -9.439735 1.800710 9.527730
v -9.485023 1.784959 9.597357
v -9.495043 1.770654 9.698747
v -9.464527 1.752251 9.790854
v -9.442240 1.741986 9.886893
v -9.444701 1.675256 9.489674
v -9.484536 1.651456 9.562905
v -9.496575 1.638589 9.667431
v -9.472699 1.638249 9.767052
v -9.447501 1.640981 9.866156
v -9.237456 2.004929 9.551811
v -9.333676 1.726636 9.451298
v -9.320269 1.648194 9.416496
v -9.392839 1.599202 9.454706
v -9.421829 1.573026 9.536124
v -9.433476 1.561913 9.642180
v -9.427106 1.571378 9.755995
v -9.409630 1.579934 9.857774
v -9.273124 1.979314 9.973163
v -9.268500 2.019212 9.887049
v -9.268400 2.063634 9.802175
v -9.256237 2.098180 9.710794
v -9.231652 2.102387 9.620810
v -9.348852 1.515576 9.517116
v -9.327220 1.554299 9.437466
v -9.214238 1.524274 9.424768
v -9.237358 1.478387 9.509869
v -9.347991 1.505257 9.628672
v -9.247015 1.473103 9.626255
v -9.340210 1.513669 9.747642
v -9.247302 1.488202 9.742456
v -9.329348 1.527520 9.854764
v -9.244974 1.502354 9.859001
v -9.079495 1.516217 9.449802
v -9.094694 1.473195 9.536402
v -9.105230 1.472974 9.649420
v -9.112988 1.497021 9.761719
v -9.126852 1.504998 9.876204
v -9.006500 1.473325 9.553991
v -8.988072 1.507108 9.464230
v -8.889746 1.494492 9.476062
v -8.897219 1.448724 9.561918
v -9.014099 1.469991 9.663202
v -8.905068 1.446194 9.677070
v -9.031200 1.486485 9.774161
v -8.919796 1.471406 9.789055
v -9.050863 1.499574 9.889218
v -8.945692 1.492451 9.899940
v -8.791331 1.479646 9.485484
v -8.795430 1.431729 9.573648
v -8.807065 1.424104 9.692424
v -8.825861 1.454007 9.807239
v -8.841640 1.488023 9.923304
v -9.061455 1.580235 9.404349
v -8.967907 1.571526 9.419443
v -8.879114 1.561845 9.432852
v -8.799758 1.563100 9.439777
v -8.588245 1.561784 9.553234
v -8.556472 1.665532 9.610876
v -8.528020 1.635846 9.693814
v -8.581327 1.512440 9.642488
v -8.571387 1.623761 9.803531
v -8.612325 1.488221 9.758517
v -8.627832 1.636067 9.898101
v -8.670355 1.520798 9.860434
v -8.671497 1.650624 9.997602
v -8.715721 1.557797 9.958971
v -8.549981 1.801976 9.667879
v -8.523917 1.783482 9.752268
v -8.567838 1.762921 9.854957
v -8.621862 1.755856 9.943043
v -8.673332 1.753960 10.032332
v -8.591996 1.933919 9.716848
v -8.586268 1.919858 9.801619
v -8.621857 1.895547 9.891947
v -8.668999 1.871789 9.974706
v -8.712835 1.852502 10.059459
v -8.667879 2.055989 9.706139
v -8.679674 2.044740 9.792484
v -8.720592 2.005593 9.901362
v -8.758181 1.967412 9.983630
v -8.791594 1.933034 10.069172
v -8.776669 1.504929 9.934595
v -8.733720 1.459542 9.831017
v -8.696774 1.431096 9.720448
v -8.674030 1.446786 9.601241
v -8.676609 1.493207 9.509183
v -8.720772 1.578942 9.455017
v -8.791916 2.121625 9.670452
v -8.799758 2.133107 9.766714
v -8.835675 2.094403 9.869247
v -8.870735 2.042046 9.960859
v -8.902898 1.995335 10.055645
v -8.906082 2.148064 9.644345
v -8.920228 2.160912 9.739101
v -8.948573 2.125603 9.847623
v -8.972898 2.067040 9.941966
v -8.996786 2.013650 10.038340
v -8.981165 2.163544 9.729179
v -8.967045 2.151460 9.635374
v -9.085323 2.138120 9.627192
v -9.106497 2.146485 9.716759
v -9.009268 2.128545 9.837121
v -9.126373 2.108506 9.818954
v -9.033407 2.069348 9.929968
v -9.135980 2.052361 9.908283
v -9.057460 2.016862 10.025605
v -9.151793 2.008527 10.003420
v -8.793379 2.077233 9.606905
v -8.892937 2.092454 9.583796
v -8.954935 2.096009 9.575274
v -9.289443 1.932381 10.084711
v -9.312540 1.889500 10.210873
v -9.201075 1.917916 10.241924
v -9.175279 1.962800 10.117914
v -9.115705 1.921052 10.262775
v -9.086076 1.965844 10.137749
v -9.025107 1.961926 10.149967
v -9.054558 1.918549 10.274598
v -8.968620 1.908444 10.286922
v -8.936894 1.947522 10.165709
v -8.861751 1.862588 10.295994
v -8.828608 1.895486 10.175714
v -9.346914 1.846967 10.381822
v -9.238225 1.870164 10.398458
v -9.147337 1.878300 10.409819
v -9.085828 1.876771 10.421213
v -8.997057 1.864606 10.438500
v -8.896992 1.830151 10.460341
v -9.375999 1.827241 10.512725
v -9.265820 1.846074 10.528983
v -9.180116 1.847813 10.543429
v -9.107376 1.848615 10.552155
v -9.017089 1.842366 10.561707
v -8.915591 1.819505 10.587584
v -9.399507 1.834069 10.600082
v -9.283878 1.841492 10.624430
v -9.198565 1.835648 10.637877
v -9.127116 1.834081 10.648008
v -9.040934 1.834401 10.661240
v -8.925730 1.817124 10.673512
v -9.418540 1.829892 10.679749
v -9.296750 1.830144 10.704303
v -9.214278 1.820779 10.712916
v -9.145431 1.820138 10.723799
v -9.061594 1.828355 10.740677
v -8.937340 1.810586 10.749938
v -9.300548 1.823132 10.722825
v -9.422150 1.824086 10.698446
v -9.416168 1.779946 10.763984
v -9.316231 1.779443 10.789309
v -9.218460 1.813618 10.732132
v -9.232790 1.775918 10.798229
v -9.164216 1.777493 10.809378
v -9.079914 1.783280 10.826831
v -9.066226 1.822919 10.759241
v -9.149673 1.813618 10.742313
v -8.941897 1.805611 10.768722
v -8.974279 1.771607 10.829502
v -9.431459 1.635648 9.996852
v -9.448130 1.613435 10.141333
v -9.473973 1.692685 10.161504
v -9.442558 1.721722 10.017955
v -9.453497 1.775986 10.180429
v -9.424268 1.808392 10.039040
v -9.395433 1.841653 10.195939
v -9.371683 1.880971 10.061084
v -9.489955 1.567117 10.327373
v -9.525315 1.649510 10.349840
v -9.503611 1.737355 10.367335
v -9.437608 1.803300 10.377195
v -9.538792 1.519494 10.457740
v -9.568333 1.615605 10.489252
v -9.543145 1.713887 10.507877
v -9.473634 1.786675 10.514111
v -9.574397 1.486676 10.543195
v -9.594519 1.597997 10.584126
v -9.563251 1.701917 10.603764
v -9.501629 1.788834 10.604765
v -9.573208 1.476670 10.629135
v -9.591176 1.584878 10.672956
v -9.563192 1.686356 10.685730
v -9.511522 1.777985 10.688246
v -9.409835 1.574040 10.136527
v -9.442569 1.539403 10.303726
v -9.472549 1.495484 10.430906
v -9.504175 1.460046 10.517786
v -9.472209 1.490464 10.723715
v -9.565852 1.477746 10.647379
v -9.506545 1.439214 10.601261
v -9.433870 1.449288 10.665802
v -9.507807 1.772511 10.706196
v -9.556343 1.681916 10.702730
v -9.480936 1.652180 10.796326
v -9.454153 1.732159 10.787244
v -9.398153 1.587769 9.991301
v -8.849311 1.525994 10.215692
v -8.903349 1.509610 10.196181
v -8.872824 1.511006 10.051250
v -8.815937 1.531598 10.066360
v -8.972028 1.505158 10.029191
v -8.996565 1.507588 10.168158
v -9.088148 1.502026 10.161488
v -9.071869 1.506604 10.017117
v -9.142447 1.510190 10.005273
v -9.160973 1.506757 10.144211
v -9.256729 1.513787 10.127647
v -9.247313 1.514291 9.989521
v -8.925853 1.473325 10.378951
v -9.019457 1.480447 10.349293
v -9.112040 1.481522 10.326904
v -9.285864 1.490010 10.300015
v -9.374437 1.509328 10.292471
v -9.348897 1.537606 10.130817
v -8.934003 1.421483 10.507619
v -9.027264 1.444737 10.476214
v -9.126036 1.461350 10.459846
v -9.188467 1.483392 10.313624
v -9.210033 1.467831 10.445118
v -9.310069 1.468362 10.425011
v -9.400321 1.474843 10.418772
v -8.955488 1.370885 10.580595
v -9.041080 1.399140 10.554943
v -9.144696 1.432252 10.565679
v -9.223113 1.441453 10.545971
v -9.321229 1.445863 10.512770
v -9.423064 1.442769 10.501478
v -9.073593 1.395745 10.691984
v -9.058418 1.376519 10.615469
v -8.971675 1.346795 10.653433
v -9.004083 1.378781 10.707186
v -9.155758 1.416428 10.636252
v -9.160919 1.424466 10.682488
v -9.326643 1.436551 10.640659
v -9.326180 1.422639 10.578416
v -9.235973 1.425069 10.618889
v -9.234080 1.433869 10.667110
v -9.401634 1.434541 10.623400
v -9.428228 1.422910 10.573021
v -9.327154 1.539796 9.989189
v -8.759123 1.823411 10.169428
v -8.794557 1.794724 10.297729
v -8.761132 1.714249 10.291139
v -8.726146 1.737546 10.151063
v -8.758390 1.630814 10.271394
v -8.724424 1.649819 10.123776
v -8.796023 1.564095 10.242235
v -8.762962 1.574151 10.090980
v -8.820463 1.767571 10.475606
v -8.775484 1.683381 10.482950
v -8.768693 1.588193 10.470470
v -8.811144 1.511506 10.441386
v -8.831268 1.755032 10.610756
v -8.770336 1.664990 10.627897
v -8.751613 1.549390 10.616909
v -8.791249 1.438058 10.575119
v -8.841406 1.748433 10.700731
v -8.781851 1.652905 10.724039
v -8.756458 1.527528 10.716412
v -8.794275 1.394048 10.667919
v -8.860271 1.738541 10.778683
v -8.814509 1.639806 10.803269
v -8.795216 1.517323 10.799170
v -8.834820 1.389901 10.748621
v -8.946438 1.715012 10.863518
v -8.870309 1.734814 10.795704
v -8.964486 1.392995 10.766476
v -8.901260 1.349175 10.705045
v -8.846540 1.393647 10.764120
v -8.926080 1.439626 10.834298
v -8.892984 1.346013 10.681458
v -8.879045 1.367337 10.615827
v -8.879702 1.418999 10.531245
v -8.875691 1.481835 10.401634
v -9.074687 1.722779 10.863985
v -9.069689 1.630666 10.890121
v -8.922651 1.622449 10.893061
v -9.068427 1.535947 10.870598
v -8.918524 1.524377 10.876490
v -9.071634 1.453175 10.821213
v -9.168190 1.721322 10.843934
v -9.170863 1.635083 10.859108
v -9.172251 1.550141 10.837236
v -9.172164 1.480588 10.783149
v -9.239347 1.638089 10.846140
v -9.236734 1.721585 10.831336
v -9.329941 1.725743 10.821356
v -9.344918 1.641484 10.844646
v -9.239998 1.556248 10.821688
v -9.349900 1.552613 10.820039
v -9.240761 1.489949 10.767538
v -9.348413 1.483983 10.759633
v -9.487983 1.571606 10.770967
v -9.235785 1.454350 10.715864
v -9.340874 1.447026 10.701977
v -9.167995 1.444535 10.731718
v -9.069849 1.409238 10.761238
v -9.157125 1.960007 9.559632
v -9.080791 1.949689 9.552641
v -9.132653 1.741555 9.464023
v -9.222584 1.740006 9.464607
v -8.852436 1.707440 9.489747
v -8.838783 1.996842 9.603292
v -8.836900 1.924626 9.587237
v -8.832421 1.620881 9.453916
v -8.887070 1.626405 9.446800
v -8.986287 2.012173 9.577338
v -9.016335 1.941693 9.556133
v -9.032172 1.865754 9.533394
v -9.043472 1.793980 9.495920
v -9.047861 1.735909 9.465826
v -9.056527 1.647481 9.423794
v -8.966084 1.637296 9.435356
v -8.953564 1.725529 9.474901
v -8.944895 1.783601 9.504038
v -8.934072 1.854874 9.543079
v -8.924599 1.931588 9.567274
v -8.913132 2.006448 9.587293
v -8.799359 1.645009 9.472870
v -8.874475 1.665120 9.466082
v -8.961397 1.679856 9.454854
v -9.136591 1.693578 9.439699
v -9.051237 1.689729 9.445173
v -9.218936 1.688252 9.435087
v -9.514408 1.438336 10.576592
v -9.324162 1.423955 10.554550
v -9.431702 1.423962 10.543564
v -9.231531 1.426694 10.598882
v -9.054482 1.377164 10.590717
v -9.152825 1.417874 10.610175
v -8.963741 1.347138 10.624504
v -8.828084 1.636498 10.818417
v -9.582576 1.582799 10.689007
v -8.808371 1.516873 10.813139
vt 0.129713 0.358681
vt 0.132049 0.358156
vt 0.133873 0.359932
vt 0.130092 0.361446
vt 0.139463 0.349911
vt 0.138336 0.354069
vt 0.134464 0.353530
vt 0.135270 0.350309
vt 0.131444 0.353284
vt 0.132098 0.350325
vt 0.117350 0.359977
vt 0.115204 0.357434
vt 0.118651 0.356262
vt 0.119524 0.357808
vt 0.121645 0.352916
vt 0.118231 0.352874
vt 0.118335 0.349272
vt 0.121714 0.349764
vt 0.114205 0.352912
vt 0.114363 0.348277
vt 0.115531 0.345071
vt 0.119074 0.346721
vt 0.132541 0.344536
vt 0.133729 0.342137
vt 0.137028 0.342597
vt 0.134762 0.344589
vt 0.157658 0.333209
vt 0.152927 0.333896
vt 0.152635 0.331436
vt 0.156899 0.330781
vt 0.152377 0.328561
vt 0.156435 0.327991
vt 0.152182 0.325535
vt 0.156134 0.325011
vt 0.152036 0.322220
vt 0.155843 0.321747
vt 0.149871 0.334867
vt 0.149078 0.332460
vt 0.148671 0.329478
vt 0.148320 0.326384
vt 0.148197 0.322833
vt 0.146442 0.336091
vt 0.145445 0.333466
vt 0.144919 0.330384
vt 0.144577 0.327216
vt 0.144378 0.323570
vt 0.136479 0.357925
vt 0.142509 0.354747
vt 0.140200 0.359064
vt 0.144038 0.350153
vt 0.139519 0.346835
vt 0.144028 0.345207
vt 0.138746 0.343778
vt 0.141995 0.342201
vt 0.142859 0.337668
vt 0.142352 0.334705
vt 0.141969 0.331299
vt 0.141880 0.327571
vt 0.141652 0.323854
vt 0.159769 0.321249
vt 0.160195 0.324512
vt 0.160569 0.327545
vt 0.161092 0.330445
vt 0.161562 0.333196
vt 0.136688 0.362398
vt 0.139129 0.335870
vt 0.139218 0.339765
vt 0.134613 0.339668
vt 0.135047 0.336348
vt 0.138648 0.332030
vt 0.135060 0.332394
vt 0.138309 0.327964
vt 0.134926 0.328326
vt 0.138043 0.324015
vt 0.134734 0.324014
vt 0.129967 0.339406
vt 0.130115 0.336031
vt 0.130128 0.332071
vt 0.130133 0.327964
vt 0.130329 0.323686
vt 0.126954 0.335851
vt 0.126699 0.339285
vt 0.123152 0.339253
vt 0.123023 0.335963
vt 0.126895 0.331982
vt 0.123012 0.332073
vt 0.127186 0.327906
vt 0.123223 0.328037
vt 0.127501 0.323543
vt 0.123659 0.323774
vt 0.119588 0.339211
vt 0.119524 0.335977
vt 0.119689 0.332158
vt 0.119938 0.328156
vt 0.119851 0.323711
vt 0.129680 0.342144
vt 0.126346 0.342084
vt 0.123137 0.342007
vt 0.120345 0.342253
vt 0.109972 0.338203
vt 0.107078 0.336975
vt 0.108379 0.333621
vt 0.111845 0.334910
vt 0.109694 0.329616
vt 0.113368 0.331219
vt 0.110630 0.325725
vt 0.114189 0.327322
vt 0.111418 0.321652
vt 0.114647 0.323129
vt 0.104070 0.335067
vt 0.104735 0.331240
vt 0.105820 0.327130
vt 0.107338 0.323524
vt 0.108743 0.319896
vt 0.188537 0.334433
vt 0.184662 0.333256
vt 0.184151 0.330234
vt 0.188380 0.331371
vt 0.183185 0.326821
vt 0.187295 0.327261
vt 0.182099 0.323415
vt 0.185777 0.323656
vt 0.180984 0.319930
vt 0.184372 0.320027
vt 0.110270 0.347437
vt 0.111379 0.343072
vt 0.110194 0.352953
vt 0.111954 0.358150
vt 0.115138 0.362409
vt 0.181496 0.333272
vt 0.180308 0.330508
vt 0.179006 0.326596
vt 0.178121 0.323305
vt 0.177333 0.319825
vt 0.117449 0.323772
vt 0.116889 0.328123
vt 0.116247 0.331943
vt 0.115384 0.335779
vt 0.114622 0.339534
vt 0.117564 0.342847
vt 0.176764 0.333343
vt 0.175871 0.330726
vt 0.174772 0.327429
vt 0.173901 0.323942
vt 0.173096 0.320160
vt 0.172412 0.333699
vt 0.171853 0.330983
vt 0.171044 0.327648
vt 0.170415 0.324155
vt 0.169794 0.320353
vt 0.169836 0.330994
vt 0.170095 0.333689
vt 0.165612 0.333300
vt 0.165663 0.330782
vt 0.169091 0.327685
vt 0.165245 0.327614
vt 0.168365 0.324243
vt 0.164816 0.324328
vt 0.167655 0.320498
vt 0.164272 0.320761
vt 0.120820 0.361616
vt 0.120066 0.364295
vt 0.124323 0.361825
vt 0.124498 0.364842
vt 0.126824 0.364783
vt 0.126465 0.361787
vt 0.131260 0.364018
vt 0.159003 0.316742
vt 0.158280 0.311440
vt 0.162825 0.311052
vt 0.163526 0.316210
vt 0.166087 0.310729
vt 0.166835 0.315925
vt 0.169066 0.315767
vt 0.168373 0.310594
vt 0.171544 0.310537
vt 0.172281 0.315585
vt 0.175667 0.310387
vt 0.176476 0.315391
vt 0.157748 0.304211
vt 0.162056 0.304422
vt 0.165515 0.304582
vt 0.167836 0.304480
vt 0.171170 0.304208
vt 0.174988 0.303629
vt 0.157550 0.298791
vt 0.161780 0.299074
vt 0.165014 0.299062
vt 0.167714 0.299130
vt 0.171031 0.299165
vt 0.174823 0.298452
vt 0.157496 0.295291
vt 0.161752 0.295365
vt 0.164894 0.295353
vt 0.167517 0.295323
vt 0.170665 0.295172
vt 0.174856 0.294922
vt 0.157444 0.292287
vt 0.161811 0.292415
vt 0.164769 0.292482
vt 0.167274 0.292400
vt 0.170331 0.292134
vt 0.175037 0.291570
vt 0.161798 0.291710
vt 0.157434 0.291577
vt 0.158121 0.288989
vt 0.161698 0.288981
vt 0.164735 0.291726
vt 0.164627 0.289021
vt 0.167085 0.288983
vt 0.170046 0.288814
vt 0.170249 0.291443
vt 0.167224 0.291677
vt 0.175134 0.290615
vt 0.173733 0.288357
vt 0.144038 0.318200
vt 0.143599 0.311806
vt 0.147185 0.311169
vt 0.147750 0.317523
vt 0.150822 0.311029
vt 0.151478 0.317160
vt 0.154439 0.311214
vt 0.155161 0.316960
vt 0.142964 0.303589
vt 0.146617 0.302921
vt 0.150243 0.302945
vt 0.153875 0.303466
vt 0.142645 0.298029
vt 0.146404 0.297256
vt 0.150096 0.297196
vt 0.153700 0.297765
vt 0.142617 0.294865
vt 0.146456 0.293791
vt 0.150186 0.293527
vt 0.153666 0.294010
vt 0.142985 0.292144
vt 0.146535 0.290642
vt 0.150374 0.290476
vt 0.153623 0.290358
vt 0.141254 0.312105
vt 0.140826 0.304814
vt 0.140226 0.299518
vt 0.140124 0.296124
vt 0.155461 0.278543
vt 0.151420 0.277508
vt 0.152737 0.274444
vt 0.155716 0.275607
vt 0.153634 0.289396
vt 0.151856 0.285213
vt 0.156290 0.284372
vt 0.157045 0.287068
vt 0.141542 0.318422
vt 0.118360 0.311674
vt 0.120541 0.312172
vt 0.120201 0.318358
vt 0.117916 0.318129
vt 0.123978 0.318580
vt 0.124153 0.312853
vt 0.127630 0.312646
vt 0.127752 0.318490
vt 0.130483 0.318625
vt 0.130526 0.312975
vt 0.134403 0.313159
vt 0.134617 0.318861
vt 0.120414 0.304525
vt 0.123947 0.305453
vt 0.127471 0.305918
vt 0.134253 0.305970
vt 0.137885 0.305683
vt 0.138274 0.312582
vt 0.119937 0.299365
vt 0.123310 0.300485
vt 0.126946 0.300767
vt 0.130416 0.306031
vt 0.130126 0.300900
vt 0.134010 0.300977
vt 0.137465 0.300488
vt 0.119921 0.296430
vt 0.122920 0.297252
vt 0.126620 0.296699
vt 0.129647 0.297044
vt 0.133545 0.297648
vt 0.137314 0.297207
vt 0.122810 0.292370
vt 0.122794 0.294983
vt 0.119632 0.294078
vt 0.120245 0.292162
vt 0.126249 0.294031
vt 0.126050 0.292365
vt 0.132537 0.292941
vt 0.133084 0.295161
vt 0.129392 0.294283
vt 0.128887 0.292564
vt 0.135380 0.293151
vt 0.136745 0.294731
vt 0.137990 0.318634
vt 0.179896 0.315343
vt 0.178891 0.310092
vt 0.181663 0.309815
vt 0.183057 0.315273
vt 0.110058 0.315142
vt 0.110599 0.309684
vt 0.113183 0.310185
vt 0.112561 0.316338
vt 0.115884 0.310949
vt 0.115415 0.317460
vt 0.178329 0.303039
vt 0.181281 0.302535
vt 0.110088 0.302404
vt 0.112891 0.302175
vt 0.115797 0.302598
vt 0.178480 0.297741
vt 0.182274 0.297132
vt 0.109095 0.297001
vt 0.112240 0.296720
vt 0.115384 0.297247
vt 0.178436 0.294229
vt 0.182376 0.293462
vt 0.108992 0.293332
vt 0.112008 0.293416
vt 0.115095 0.294361
vt 0.178050 0.291141
vt 0.181591 0.290302
vt 0.108881 0.290171
vt 0.111896 0.290359
vt 0.114626 0.291863
vt 0.174664 0.286192
vt 0.177940 0.287499
vt 0.174454 0.274553
vt 0.176736 0.272080
vt 0.178888 0.274631
vt 0.175730 0.277260
vt 0.117123 0.293564
vt 0.117546 0.295517
vt 0.118115 0.298581
vt 0.118478 0.303815
vt 0.170389 0.286560
vt 0.170736 0.283612
vt 0.175454 0.283215
vt 0.170851 0.280665
vt 0.175820 0.280214
vt 0.170707 0.277644
vt 0.167140 0.286750
vt 0.167177 0.283862
vt 0.167092 0.281024
vt 0.166838 0.278264
vt 0.164708 0.284019
vt 0.164696 0.286847
vt 0.161453 0.286924
vt 0.161109 0.284176
vt 0.164570 0.281230
vt 0.160732 0.281399
vt 0.164213 0.278562
vt 0.160246 0.278613
vt 0.155635 0.281711
vt 0.128521 0.290775
vt 0.132533 0.290682
vt 0.125922 0.290558
vt 0.122166 0.289971
vt 0.118242 0.290356
vt 0.133453 0.356510
vt 0.130701 0.356189
vt 0.132317 0.348007
vt 0.135530 0.347797
vt 0.122264 0.347465
vt 0.122036 0.358646
vt 0.121817 0.356000
vt 0.121540 0.344219
vt 0.123502 0.344277
vt 0.127382 0.358729
vt 0.128368 0.356037
vt 0.128838 0.353161
vt 0.129197 0.350265
vt 0.129311 0.347953
vt 0.129559 0.344550
vt 0.126352 0.344437
vt 0.125944 0.347816
vt 0.125655 0.350111
vt 0.125277 0.353013
vt 0.125039 0.355921
vt 0.124745 0.358726
vt 0.120332 0.345225
vt 0.123057 0.345779
vt 0.126197 0.346067
vt 0.132385 0.346134
vt 0.129392 0.346188
vt 0.135277 0.345711
vt 0.139767 0.294181
vt 0.133237 0.295995
vt 0.137128 0.295648
vt 0.129423 0.295026
vt 0.122854 0.295797
vt 0.126394 0.294981
vt 0.119699 0.294930
vt 0.179640 0.283801
vt 0.150870 0.281460
vt 0.180418 0.279293
vt 0.177813 0.290392
vt 0.143150 0.291473
vt 0.146514 0.289965
vt 0.139306 0.293482
vt 0.150520 0.289801
vt 0.181166 0.289655
vt 0.108911 0.289524
vt 0.111900 0.289674
vt 0.114433 0.291263
vt 0.116905 0.292880
vt 0.136203 0.291503
vt 0.170465 0.275121
vt 0.166666 0.276415
vt 0.164062 0.276759
vt 0.160067 0.276438
vn 0.051572 0.115272 -0.991994
vn 0.063686 0.093251 -0.993604
vn -0.070376 0.346921 -0.935250
vn -0.012120 0.385303 -0.922711
vn -0.134944 0.385208 -0.912910
vn -0.101584 0.373477 -0.922061
vn 0.075998 0.322494 -0.943516
vn 0.048602 0.403729 -0.913587
vn 0.039061 0.359146 -0.932464
vn 0.028870 0.440690 -0.897195
vn 0.460991 0.318152 -0.828412
vn 0.456902 0.347246 -0.818939
vn 0.241941 0.263904 -0.933713
vn 0.268005 0.125715 -0.955180
vn 0.252707 0.353915 -0.900491
vn 0.238497 0.346353 -0.907281
vn 0.252572 0.446365 -0.858467
vn 0.257011 0.429241 -0.865851
vn 0.438967 0.344067 -0.830016
vn 0.440669 0.378129 -0.814143
vn 0.438931 0.310189 -0.843281
vn 0.232156 0.482606 -0.844509
vn 0.057353 0.434616 -0.898788
vn -0.004773 -0.064938 -0.997878
vn -0.188726 0.079096 -0.978839
vn -0.015333 0.454546 -0.890591
vn -0.554326 0.638999 -0.533294
vn -0.605690 0.517605 -0.604338
vn -0.842688 0.513074 -0.163194
vn -0.733422 0.676215 -0.069469
vn -0.891220 0.434181 0.131201
vn -0.750025 0.631671 0.196096
vn -0.896223 0.367649 0.248231
vn -0.735034 0.608922 0.298228
vn -0.914203 0.380692 0.138944
vn -0.724623 0.653727 0.218089
vn -0.638371 0.369676 -0.675146
vn -0.925782 0.285072 -0.248316
vn -0.975745 0.188783 0.110829
vn -0.959341 0.125928 0.252602
vn -0.985746 0.105728 0.130867
vn -0.681792 0.076160 -0.727571
vn -0.921040 -0.215585 -0.324359
vn -0.945557 -0.323025 0.039711
vn -0.923603 -0.312186 0.222479
vn -0.942037 -0.298422 0.153332
vn -0.093702 0.344402 -0.934134
vn -0.195559 0.360917 -0.911864
vn -0.226282 0.234358 -0.945448
vn -0.612693 -0.281472 -0.738499
vn -0.715415 -0.627234 -0.307831
vn -0.689175 -0.724551 -0.007937
vn -0.675042 -0.722000 0.151771
vn -0.693538 -0.706825 0.139296
vn -0.451987 0.836492 0.309822
vn -0.455625 0.802267 0.385713
vn -0.470422 0.821586 0.322025
vn -0.471838 0.880286 0.049660
vn -0.366291 0.809606 -0.458660
vn -0.466686 -0.833858 -0.294763
vn -0.406946 -0.545123 -0.732964
vn -0.101023 -0.711812 -0.695067
vn -0.149317 -0.950172 -0.273637
vn -0.439660 -0.898154 0.004218
vn -0.152757 -0.987306 0.043502
vn -0.411441 -0.902695 0.125926
vn -0.130183 -0.983213 0.127843
vn -0.417274 -0.900851 0.119790
vn -0.139661 -0.985435 0.097020
vn 0.064320 -0.772015 -0.632342
vn 0.009924 -0.973739 -0.227449
vn -0.031201 -0.996787 0.073766
vn -0.044628 -0.990878 0.127156
vn -0.041285 -0.996791 0.068586
vn -0.082282 -0.970993 -0.224505
vn 0.005327 -0.770725 -0.637145
vn -0.032371 -0.739048 -0.672874
vn -0.154993 -0.954268 -0.255636
vn -0.130608 -0.989207 0.066417
vn -0.205916 -0.976488 0.063794
vn -0.130453 -0.982845 0.130378
vn -0.172134 -0.970070 0.171273
vn -0.086318 -0.993335 0.076382
vn -0.084642 -0.987436 0.133439
vn 0.104137 -0.707309 -0.699192
vn 0.011467 -0.960996 -0.276324
vn -0.077877 -0.993844 0.078800
vn -0.083139 -0.963681 0.253785
vn 0.030059 -0.971019 0.237103
vn 0.139884 -0.171571 -0.975190
vn 0.123698 -0.185893 -0.974753
vn 0.099010 -0.159530 -0.982216
vn 0.146952 -0.087015 -0.985309
vn 0.778054 -0.197110 -0.596473
vn 0.838304 0.107770 -0.534445
vn 0.982688 -0.185264 0.001068
vn 0.819290 -0.560578 -0.120483
vn 0.858593 -0.306642 0.410840
vn 0.698294 -0.645476 0.309429
vn 0.806307 -0.327806 0.492355
vn 0.611132 -0.621777 0.489807
vn 0.846728 -0.329883 0.417408
vn 0.643692 -0.647053 0.408635
vn 0.836628 0.294836 -0.461656
vn 0.983304 0.149418 0.103861
vn 0.886228 0.014464 0.463023
vn 0.863364 0.000604 0.504581
vn 0.893682 0.040672 0.446853
vn 0.823078 0.470998 -0.317336
vn 0.857749 0.460314 0.228864
vn 0.776590 0.394479 0.491217
vn 0.761524 0.388439 0.518841
vn 0.778843 0.415520 0.469837
vn 0.697107 0.664225 -0.269901
vn 0.646207 0.711654 0.275617
vn 0.557580 0.661103 0.502043
vn 0.531520 0.667315 0.521706
vn 0.532298 0.702799 0.471945
vn 0.329098 -0.873219 0.359422
vn 0.245244 -0.885708 0.394179
vn 0.296229 -0.942558 0.154379
vn 0.409297 -0.879458 -0.242961
vn 0.461098 -0.564884 -0.684320
vn 0.316991 0.081614 -0.944911
vn 0.430033 0.843131 -0.322802
vn 0.360900 0.910300 0.202745
vn 0.287710 0.826578 0.483727
vn 0.255728 0.813842 0.521790
vn 0.242261 0.849901 0.467951
vn 0.191133 0.904580 -0.381056
vn 0.118237 0.985880 0.118580
vn 0.051461 0.897852 0.437279
vn 0.026094 0.862602 0.505210
vn 0.024954 0.892695 0.449970
vn -0.059675 0.994370 0.087559
vn 0.019065 0.911458 -0.410951
vn -0.148287 0.896962 -0.416497
vn -0.223252 0.970598 0.089992
vn -0.120888 0.906237 0.405118
vn -0.257633 0.886431 0.384532
vn -0.138462 0.869538 0.474059
vn -0.257743 0.863006 0.434498
vn -0.108329 0.903882 0.413838
vn -0.237875 0.900190 0.364791
vn 0.374876 0.337815 -0.863336
vn 0.212460 0.379223 -0.900584
vn 0.085285 0.387118 -0.918077
vn -0.439167 0.864697 0.243785
vn -0.400031 0.898093 0.182771
vn -0.199299 0.944542 0.261000
vn -0.218806 0.923846 0.314059
vn -0.062916 0.953346 0.295251
vn -0.073389 0.931946 0.355091
vn 0.029134 0.925928 0.376574
vn 0.028984 0.951325 0.306825
vn 0.207630 0.925128 0.317849
vn 0.227726 0.890009 0.395000
vn 0.506025 0.803991 0.312309
vn 0.529862 0.745543 0.404242
vn -0.340507 0.933568 0.111830
vn -0.165667 0.967273 0.192190
vn -0.059344 0.970781 0.232513
vn 0.024071 0.969272 0.244813
vn 0.172976 0.956223 0.236045
vn 0.453233 0.866340 0.209842
vn -0.282817 0.959078 -0.013567
vn -0.097005 0.991271 0.089286
vn -0.027866 0.987442 0.155508
vn 0.012222 0.985711 0.168002
vn 0.122786 0.982027 0.143343
vn 0.407546 0.904396 0.126392
vn -0.254645 0.966654 -0.027117
vn -0.021123 0.996584 0.079840
vn 0.012524 0.988982 0.147507
vn -0.019031 0.990300 0.137636
vn 0.062828 0.992398 0.105825
vn 0.387387 0.912714 0.129944
vn -0.263390 0.949291 0.171677
vn 0.005577 0.971355 0.237569
vn 0.018610 0.963861 0.265755
vn -0.070833 0.971736 0.225195
vn 0.005852 0.980359 0.197133
vn 0.364369 0.893956 0.260916
vn -0.025402 0.897460 0.440363
vn -0.273828 0.856859 0.436819
vn -0.250827 0.708634 0.659488
vn -0.096158 0.706154 0.701499
vn -0.013307 0.905370 0.424415
vn -0.075413 0.717387 0.692581
vn -0.156058 0.722522 0.673504
vn -0.065925 0.719114 0.691758
vn -0.034000 0.920359 0.389594
vn -0.114429 0.916405 0.383546
vn 0.305099 0.823232 0.478752
vn 0.189502 0.697581 0.690992
vn -0.931289 -0.360655 -0.051270
vn -0.856874 -0.455154 -0.242080
vn -0.976604 0.022813 -0.213830
vn -0.995331 0.068066 -0.068439
vn -0.875821 0.473182 -0.095061
vn -0.906095 0.423040 -0.005311
vn -0.639233 0.766643 0.060335
vn -0.693421 0.709038 0.128188
vn -0.783567 -0.504293 -0.362920
vn -0.959803 0.017164 -0.280149
vn -0.853845 0.501353 -0.139981
vn -0.588198 0.808716 -0.001422
vn -0.758086 -0.485425 -0.435510
vn -0.955126 0.066215 -0.288702
vn -0.856157 0.488731 -0.167742
vn -0.581492 0.807421 -0.099686
vn -0.810334 -0.510754 -0.287210
vn -0.989924 0.075167 -0.120000
vn -0.894934 0.441787 -0.062587
vn -0.633937 0.769876 -0.073579
vn -0.786676 -0.608388 0.104903
vn -0.971086 -0.006837 0.238631
vn -0.900737 0.364871 0.235675
vn -0.677394 0.714057 0.176807
vn -0.616293 -0.760654 -0.203931
vn -0.507636 -0.795168 -0.331684
vn -0.414062 -0.806056 -0.422880
vn -0.399694 -0.831526 -0.385758
vn -0.344481 -0.707600 0.616956
vn -0.573876 -0.674857 0.463933
vn -0.239661 -0.942045 0.234765
vn -0.154710 -0.922412 0.353866
vn -0.629014 0.606804 0.485933
vn -0.798473 0.237783 0.553082
vn -0.538931 0.084721 0.838079
vn -0.415403 0.477864 0.774007
vn -0.688215 -0.725222 -0.020329
vn 0.439178 -0.897171 -0.046979
vn 0.167196 -0.983347 -0.071241
vn 0.140822 -0.983998 0.109170
vn 0.420080 -0.890999 0.172202
vn -0.002979 -0.998657 0.051722
vn 0.032538 -0.996782 -0.073267
vn -0.000252 -0.997143 -0.075537
vn -0.036498 -0.999196 0.016604
vn -0.046779 -0.998831 0.012155
vn -0.041866 -0.995689 -0.082769
vn -0.151043 -0.983647 -0.098106
vn -0.161656 -0.986574 0.023238
vn 0.125343 -0.955768 -0.266076
vn -0.006001 -0.977577 -0.210495
vn -0.011636 -0.988058 -0.153641
vn -0.101098 -0.978566 -0.179407
vn -0.299401 -0.918664 -0.257713
vn -0.382517 -0.912166 -0.147087
vn 0.076919 -0.889744 -0.449933
vn -0.093223 -0.922314 -0.375028
vn -0.080602 -0.963443 -0.255502
vn -0.025639 -0.989833 -0.139905
vn -0.008415 -0.980032 -0.198661
vn -0.019762 -0.972002 -0.234140
vn -0.195475 -0.921448 -0.335742
vn 0.051994 -0.872134 -0.486497
vn -0.188206 -0.853955 -0.485118
vn -0.167695 -0.917696 -0.360155
vn 0.021391 -0.957367 -0.288081
vn 0.061089 -0.941408 -0.331692
vn -0.129660 -0.908074 -0.398233
vn -0.315426 -0.921844 0.225189
vn -0.346109 -0.936722 0.052544
vn -0.233768 -0.961125 0.146940
vn -0.270500 -0.916293 0.295360
vn -0.248094 -0.968016 0.037341
vn -0.265161 -0.935769 0.232433
vn -0.048425 -0.973085 0.225303
vn -0.009333 -0.996602 0.081834
vn -0.066938 -0.996056 0.058232
vn -0.115906 -0.961252 0.250123
vn -0.061914 -0.970445 0.233244
vn -0.073520 -0.989856 0.121569
vn -0.421090 -0.906991 0.007072
vn 0.798050 0.461789 0.387127
vn 0.795175 0.543488 0.268920
vn 0.962345 0.190127 0.194279
vn 0.934164 0.103876 0.341389
vn 0.961848 -0.254887 0.099408
vn 0.909175 -0.306532 0.281851
vn 0.737616 -0.675196 0.005843
vn 0.701377 -0.677575 0.221275
vn 0.758282 0.632602 0.157555
vn 0.955799 0.286451 0.066280
vn 0.984545 -0.159121 -0.073158
vn 0.746724 -0.623963 -0.230375
vn 0.723857 0.679456 0.119876
vn 0.931960 0.355014 0.073593
vn 0.995128 -0.076194 -0.062565
vn 0.753723 -0.579556 -0.309864
vn 0.712999 0.671334 0.202343
vn 0.896953 0.356898 0.260959
vn 0.970210 -0.095136 0.222805
vn 0.749625 -0.661294 -0.027444
vn 0.671137 0.629372 0.391748
vn 0.796713 0.306063 0.521127
vn 0.822444 -0.158811 0.546228
vn 0.611915 -0.707310 0.353939
vn 0.266923 0.483960 0.833388
vn 0.562101 0.563426 0.605470
vn -0.147446 -0.873313 0.464310
vn 0.018542 -0.937990 0.346165
vn 0.383182 -0.691284 0.612615
vn 0.055953 -0.662914 0.746602
vn 0.242635 -0.970072 0.009414
vn 0.324273 -0.887447 -0.327545
vn 0.337769 -0.830914 -0.442147
vn 0.394371 -0.872962 -0.287068
vn -0.101348 0.393202 0.913850
vn -0.152505 0.027835 0.987911
vn 0.288815 0.128116 0.948774
vn -0.210744 -0.355244 0.910708
vn 0.227252 -0.298724 0.926888
vn -0.263042 -0.651389 0.711689
vn -0.195185 0.362697 0.911238
vn -0.242592 -0.020495 0.969912
vn -0.290948 -0.405846 0.866394
vn -0.322212 -0.680817 0.657774
vn -0.116763 -0.034151 0.992573
vn -0.112477 0.368664 0.922733
vn -0.150579 0.393808 0.906775
vn -0.179241 -0.010195 0.983752
vn -0.122106 -0.458908 0.880053
vn -0.172914 -0.451057 0.875584
vn -0.124611 -0.736032 0.665379
vn -0.130388 -0.743276 0.656156
vn -0.508246 -0.331253 0.794958
vn -0.121289 -0.891840 0.435788
vn -0.076692 -0.919302 0.386008
vn -0.308156 -0.853327 0.420562
vn -0.286546 -0.862537 0.417039
vn 0.070967 0.216446 -0.973712
vn 0.035693 0.274589 -0.960899
vn 0.024837 0.454935 -0.890179
vn 0.021223 0.452091 -0.891719
vn 0.233841 0.429998 -0.872021
vn 0.266479 0.078787 -0.960615
vn 0.263173 0.262294 -0.928408
vn 0.145186 0.347930 -0.926211
vn 0.160638 0.323809 -0.932386
vn 0.106305 0.095793 -0.989709
vn 0.111046 0.255229 -0.960483
vn 0.103328 0.358485 -0.927800
vn 0.093894 0.446224 -0.889982
vn 0.093958 0.427315 -0.899207
vn 0.141454 0.363670 -0.920725
vn 0.167932 0.321079 -0.932045
vn 0.169287 0.411458 -0.895569
vn 0.176256 0.439101 -0.880979
vn 0.178705 0.360545 -0.915463
vn 0.183649 0.250896 -0.950434
vn 0.181194 0.074833 -0.980596
vn 0.184294 0.422470 -0.887443
vn 0.194577 0.404325 -0.893679
vn 0.165851 0.394350 -0.903870
vn 0.043524 0.468420 -0.882433
vn 0.110977 0.424109 -0.898786
vn 0.003490 0.461647 -0.887057
vn -0.369477 -0.923630 -0.101953
vn 0.063113 -0.972804 -0.222865
vn -0.104143 -0.970368 -0.218037
vn 0.010471 -0.980348 -0.196999
vn -0.297284 -0.907533 -0.296657
vn -0.232727 -0.942719 -0.238997
vn -0.061615 -0.970523 -0.233001
vn 0.642856 0.231862 0.730052
vn -0.798172 -0.149453 0.583597
vn 0.619022 -0.212676 0.756030
s 1
g Feet M_Skeleton R_F_Middle_Phalanx_2
usemtl Skeleton_Feet_SG
f 653/724/653 654/725/654 655/726/655 656/727/656
f 657/728/657 658/729/658 659/730/659 660/731/660
f 659/730/659 661/732/661 662/733/662 660/731/660
f 663/734/663 664/735/664 665/736/665 666/737/666
f 667/738/667 668/739/668 669/740/669 670/741/670
f 668/739/668 671/742/671 672/743/672 669/740/669
f 672/743/672 673/744/673 674/745/674 669/740/669
f 675/746/675 676/747/676 677/748/677 678/749/678
f 679/750/679 680/751/680 681/752/681 682/753/682
f 682/753/682 681/752/681 683/754/683 684/755/684
f 684/755/684 683/754/683 685/756/685 686/757/686
f 686/757/686 685/756/685 687/758/687 688/759/688
f 680/751/680 689/760/689 690/761/690 681/752/681
f 681/752/681 690/761/690 691/762/691 683/754/683
f 683/754/683 691/762/691 692/763/692 685/756/685
f 685/756/685 692/763/692 693/764/693 687/758/687
f 689/760/689 694/765/694 695/766/695 690/761/690
f 690/761/690 695/766/695 696/767/696 691/762/691
f 691/762/691 696/767/696 697/768/697 692/763/692
f 692/763/692 697/768/697 698/769/698 693/764/693
f 699/770/699 658/729/658 680/771/680 679/772/679
f 658/729/658 657/728/657 689/773/689 680/771/680
f 657/728/657 700/774/700 694/775/694 689/773/689
f 700/774/700 701/776/701 702/777/702 694/775/694
f 694/765/694 702/778/702 703/779/703 695/766/695
f 695/766/695 703/779/703 704/780/704 696/767/696
f 696/767/696 704/780/704 705/781/705 697/768/697
f 697/768/697 705/781/705 706/782/706 698/769/698
f 688/759/688 707/783/707 708/784/708 686/757/686
f 686/757/686 708/784/708 709/785/709 684/755/684
f 684/755/684 709/785/709 710/786/710 682/753/682
f 682/753/682 710/786/710 711/787/711 679/750/679
f 679/772/679 711/788/711 655/726/655 699/770/699
f 712/789/712 713/790/713 714/791/714 715/792/715
f 716/793/716 712/789/712 715/792/715 717/794/717
f 718/795/718 716/793/716 717/794/717 719/796/719
f 720/797/720 718/795/718 719/796/719 721/798/721
f 714/791/714 722/799/722 723/800/723 715/792/715
f 715/792/715 723/800/723 724/801/724 717/794/717
f 717/794/717 724/801/724 725/802/725 719/796/719
f 719/796/719 725/802/725 726/803/726 721/798/721
f 727/804/727 728/805/728 729/806/729 730/807/730
f 731/808/731 727/804/727 730/807/730 732/809/732
f 733/810/733 731/808/731 732/809/732 734/811/734
f 735/812/735 733/810/733 734/811/734 736/813/736
f 729/806/729 737/814/737 738/815/738 730/807/730
f 730/807/730 738/815/738 739/816/739 732/809/732
f 732/809/732 739/816/739 740/817/740 734/811/734
f 734/811/734 740/817/740 741/818/741 736/813/736
f 713/790/713 677/748/677 676/747/676 714/791/714
f 676/747/676 742/819/742 722/799/722 714/791/714
f 728/805/728 743/820/743 744/821/744 729/806/729
f 744/821/744 745/822/745 737/814/737 729/806/729
f 746/823/746 747/824/747 748/825/748 749/826/749
f 749/826/749 748/825/748 750/827/750 751/828/751
f 751/828/751 750/827/750 752/829/752 753/830/753
f 753/830/753 752/829/752 754/831/754 755/832/755
f 747/824/747 756/833/756 757/834/757 748/825/748
f 748/825/748 757/834/757 758/835/758 750/827/750
f 750/827/750 758/835/758 759/836/759 752/829/752
f 752/829/752 759/836/759 760/837/760 754/831/754
f 756/838/756 761/839/761 762/840/762 757/841/757
f 757/841/757 762/840/762 763/842/763 758/843/758
f 758/843/758 763/842/763 764/844/764 759/845/759
f 759/845/759 764/844/764 765/846/765 760/847/760
f 673/744/673 672/743/672 747/848/747 746/849/746
f 672/743/672 671/742/671 756/850/756 747/848/747
f 671/742/671 664/735/664 761/851/761 756/850/756
f 664/735/664 663/734/663 766/852/766 761/851/761
f 761/839/761 766/853/766 767/854/767 762/840/762
f 762/840/762 767/854/767 768/855/768 763/842/763
f 763/842/763 768/855/768 769/856/769 764/844/764
f 764/844/764 769/856/769 770/857/770 765/846/765
f 755/832/755 771/858/771 772/859/772 753/830/753
f 753/830/753 772/859/772 773/860/773 751/828/751
f 751/828/751 773/860/773 774/861/774 749/826/749
f 749/826/749 774/861/774 775/862/775 746/823/746
f 746/849/746 775/862/775 776/863/776 673/744/673
f 766/853/766 777/864/777 778/865/778 767/854/767
f 767/854/767 778/865/778 779/866/779 768/855/768
f 768/855/768 779/866/779 780/867/780 769/856/769
f 769/856/769 780/867/780 781/868/781 770/857/770
f 777/864/777 782/869/782 783/870/783 778/865/778
f 778/865/778 783/870/783 784/871/784 779/866/779
f 779/866/779 784/871/784 785/872/785 780/867/780
f 780/867/780 785/872/785 786/873/786 781/868/781
f 787/874/787 788/875/788 789/876/789 790/877/790
f 791/878/791 787/874/787 790/877/790 792/879/792
f 793/880/793 791/878/791 792/879/792 794/881/794
f 795/882/795 793/880/793 794/881/794 796/883/796
f 789/876/789 711/787/711 710/786/710 790/877/790
f 790/877/790 710/786/710 709/785/709 792/879/792
f 792/879/792 709/785/709 708/784/708 794/881/794
f 794/881/794 708/784/708 707/783/707 796/883/796
f 663/734/663 797/884/797 777/885/777 766/852/766
f 797/884/797 798/886/798 782/887/782 777/885/777
f 788/888/788 799/889/799 656/727/656 789/890/789
f 656/727/656 655/726/655 711/788/711 789/890/789
f 800/891/800 801/892/801 802/893/802 803/894/803
f 803/894/803 802/893/802 804/895/804 805/896/805
f 806/897/806 807/898/807 808/899/808 809/900/809
f 809/900/809 808/899/808 810/901/810 811/902/811
f 801/892/801 812/903/812 813/904/813 802/893/802
f 802/893/802 813/904/813 814/905/814 804/895/804
f 814/905/814 815/906/815 807/898/807 804/895/804
f 808/899/808 816/907/816 817/908/817 810/901/810
f 812/903/812 818/909/818 819/910/819 813/904/813
f 813/904/813 819/910/819 820/911/820 814/905/814
f 815/906/815 821/912/821 822/913/822 816/907/816
f 816/907/816 822/913/822 823/914/823 817/908/817
f 818/909/818 824/915/824 825/916/825 819/910/819
f 819/910/819 825/916/825 826/917/826 820/911/820
f 821/912/821 827/918/827 828/919/828 822/913/822
f 822/913/822 828/919/828 829/920/829 823/914/823
f 824/915/824 830/921/830 831/922/831 825/916/825
f 825/916/825 831/922/831 832/923/832 826/917/826
f 827/918/827 833/924/833 834/925/834 828/919/828
f 828/919/828 834/925/834 835/926/835 829/920/829
f 836/927/836 837/928/837 838/929/838 839/930/839
f 840/931/840 836/927/836 839/930/839 841/932/841
f 842/933/842 843/934/843 844/935/844 845/936/845
f 846/937/846 844/935/844 843/934/843 847/938/847
f 811/902/811 770/857/770 781/868/781 809/900/809
f 809/900/809 781/868/781 786/873/786 806/897/806
f 805/896/805 795/882/795 796/883/796 803/894/803
f 803/894/803 796/883/796 707/783/707 800/891/800
f 848/939/848 849/940/849 850/941/850 851/942/851
f 851/942/851 850/941/850 852/943/852 853/944/853
f 853/944/853 852/943/852 854/945/854 855/946/855
f 849/940/849 856/947/856 857/948/857 850/941/850
f 850/941/850 857/948/857 858/949/858 852/943/852
f 852/943/852 858/949/858 859/950/859 854/945/854
f 856/947/856 860/951/860 861/952/861 857/948/857
f 857/948/857 861/952/861 862/953/862 858/949/858
f 858/949/858 862/953/862 863/954/863 859/950/859
f 860/951/860 864/955/864 865/956/865 861/952/861
f 861/952/861 865/956/865 866/957/866 862/953/862
f 862/953/862 866/957/866 867/958/867 863/954/863
f 864/955/864 868/959/868 869/960/869 865/956/865
f 865/956/865 869/960/869 870/961/870 866/957/866
f 866/957/866 870/961/870 871/962/871 867/958/867
f 872/963/872 873/964/873 856/947/856 849/940/849
f 873/964/873 874/965/874 860/951/860 856/947/856
f 874/965/874 875/966/875 864/955/864 860/951/860
f 876/967/876 877/968/877 878/969/878 879/970/879
f 880/971/880 881/972/881 882/973/882 883/974/883
f 838/929/838 837/928/837 880/971/880 883/974/883
f 871/962/871 830/921/830 824/915/824 867/958/867
f 824/915/824 818/909/818 863/954/863 867/958/867
f 818/909/818 812/903/812 859/950/859 863/954/863
f 812/903/812 801/892/801 854/945/854 859/950/859
f 801/892/801 800/891/800 855/946/855 854/945/854
f 800/891/800 707/783/707 688/759/688 855/946/855
f 855/946/855 688/759/688 687/758/687 853/944/853
f 853/944/853 687/758/687 693/764/693 851/942/851
f 851/942/851 693/764/693 698/769/698 848/939/848
f 848/939/848 698/769/698 706/782/706 884/975/884
f 885/976/885 886/977/886 887/978/887 888/979/888
f 889/980/889 890/981/890 891/982/891 892/983/892
f 893/984/893 894/985/894 895/986/895 896/987/896
f 886/977/886 897/988/897 898/989/898 890/981/890
f 899/990/899 891/982/891 890/981/890 898/989/898
f 895/986/895 900/991/900 901/992/901 902/993/902
f 897/988/897 903/994/903 904/995/904 898/989/898
f 898/989/898 904/995/904 905/996/905 899/990/899
f 906/997/906 907/998/907 908/999/908 900/991/900
f 900/991/900 908/999/908 909/1000/909 901/992/901
f 903/994/903 910/1001/910 911/1002/911 904/995/904
f 904/995/904 911/1002/911 912/1003/912 905/996/905
f 907/998/907 913/1004/913 914/1005/914 908/999/908
f 908/999/908 914/1005/914 915/1006/915 909/1000/909
f 916/1007/916 917/1008/917 918/1009/918 919/1010/919
f 920/1011/920 917/1008/917 916/1007/916 921/1012/921
f 922/1013/922 923/1014/923 924/1015/924 925/1016/925
f 926/1017/926 927/1018/927 923/1014/923 922/1013/922
f 928/1019/928 720/797/720 721/798/721 896/987/896
f 896/987/896 721/798/721 726/803/726 893/984/893
f 892/983/892 735/812/735 736/813/736 889/980/889
f 889/980/889 736/813/736 741/818/741 887/978/887
f 929/1020/929 930/1021/930 931/1022/931 932/1023/932
f 932/1024/932 931/1025/931 933/1026/933 934/1027/934
f 934/1027/934 933/1026/933 935/1028/935 936/1029/936
f 930/1021/930 937/1030/937 938/1031/938 931/1022/931
f 931/1025/931 938/1032/938 939/1033/939 933/1026/933
f 933/1026/933 939/1033/939 940/1034/940 935/1028/935
f 937/1030/937 941/1035/941 942/1036/942 938/1031/938
f 938/1032/938 942/1037/942 943/1038/943 939/1033/939
f 939/1033/939 943/1038/943 944/1039/944 940/1034/940
f 941/1035/941 945/1040/945 946/1041/946 942/1036/942
f 942/1037/942 946/1042/946 947/1043/947 943/1038/943
f 943/1038/943 947/1043/947 948/1044/948 944/1039/944
f 945/1040/945 949/1045/949 950/1046/950 946/1041/946
f 946/1042/946 950/1047/950 951/1048/951 947/1043/947
f 947/1043/947 951/1048/951 952/1049/952 948/1044/948
f 811/902/811 810/901/810 930/1021/930 929/1020/929
f 810/901/810 817/908/817 937/1030/937 930/1021/930
f 817/908/817 823/914/823 941/1035/941 937/1030/937
f 823/914/823 829/920/829 945/1040/945 941/1035/941
f 829/920/829 835/926/835 949/1045/949 945/1040/945
f 953/1050/953 954/1051/954 846/937/846 847/938/847
f 955/1052/955 956/1053/956 957/1054/957 958/1055/958
f 952/1049/952 959/1056/959 960/1057/960 948/1044/948
f 960/1057/960 961/1058/961 944/1039/944 948/1044/948
f 961/1058/961 962/1059/962 940/1034/940 944/1039/944
f 962/1059/962 885/976/885 935/1028/935 940/1034/940
f 888/979/888 771/858/771 755/832/755 936/1029/936
f 936/1029/936 755/832/755 754/831/754 934/1027/934
f 934/1027/934 754/831/754 760/837/760 932/1024/932
f 932/1023/932 760/847/760 765/846/765 929/1020/929
f 929/1020/929 765/846/765 770/857/770 811/902/811
f 953/1050/953 963/1060/963 964/1061/964 965/1062/965
f 965/1062/965 964/1061/964 966/1063/966 967/1064/967
f 967/1064/967 966/1063/966 968/1065/968 958/1055/958
f 963/1060/963 969/1066/969 970/1067/970 964/1061/964
f 964/1061/964 970/1067/970 971/1068/971 966/1063/966
f 966/1063/966 971/1068/971 972/1069/972 968/1065/968
f 973/1070/973 974/1071/974 975/1072/975 976/1073/976
f 977/1074/977 973/1070/973 976/1073/976 978/1075/978
f 979/1076/979 977/1074/977 978/1075/978 980/1077/980
f 975/1072/975 883/974/883 882/973/882 976/1073/976
f 976/1073/976 882/973/882 981/1078/981 978/1075/978
f 978/1075/978 981/1078/981 876/967/876 980/1077/980
f 847/938/847 843/934/843 963/1060/963 953/1050/953
f 843/934/843 842/933/842 969/1066/969 963/1060/963
f 974/1071/974 841/932/841 839/930/839 975/1072/975
f 839/930/839 838/929/838 883/974/883 975/1072/975
f 922/1013/922 925/1016/925 982/1079/982 983/1080/983
f 984/1081/984 921/1012/921 916/1007/916 985/1082/985
f 916/1007/916 919/1010/919 955/1083/955 985/1082/985
f 986/1084/986 654/725/654 653/724/653 987/1085/987
f 660/731/660 662/733/662 988/1086/988 989/1087/989
f 670/741/670 669/740/669 674/745/674 990/1088/990
f 991/1089/991 666/737/666 665/736/665 992/1090/992
f 989/1087/989 700/774/700 657/728/657 660/731/660
f 993/1091/993 745/822/745 744/821/744 994/1092/994
f 797/884/797 663/734/663 666/737/666 991/1089/991
f 654/725/654 986/1084/986 699/770/699 655/726/655
f 799/889/799 995/1093/995 653/724/653 656/727/656
f 987/1085/987 653/724/653 995/1093/995 996/1094/996
f 662/733/662 661/732/661 997/1095/997 998/1096/998
f 988/1086/988 662/733/662 998/1096/998 999/1097/999
f 1000/1098/1000 742/819/742 676/747/676 675/746/675
f 994/1092/994 744/821/744 743/820/743 1001/1099/1001
f 1002/1100/1002 1003/1101/1003 670/741/670 990/1088/990
f 1003/1101/1003 1004/1102/1004 667/738/667 670/741/670
f 1005/1103/1005 1006/1104/1006 991/1089/991 992/1090/992
f 1006/1104/1006 798/886/798 797/884/797 991/1089/991
f 664/735/664 671/742/671 668/739/668 665/736/665
f 992/1090/992 665/736/665 668/739/668 667/738/667
f 1004/1102/1004 1005/1103/1005 992/1090/992 667/738/667
f 661/732/661 987/1085/987 996/1094/996 997/1095/997
f 659/730/659 986/1084/986 987/1085/987 661/732/661
f 658/729/658 699/770/699 986/1084/986 659/730/659
f 673/744/673 776/863/776 1007/1105/1007 674/745/674
f 1008/1106/1008 1007/1105/1007 993/1091/993 994/1092/994
f 1001/1099/1001 1009/1107/1009 1008/1106/1008 994/1092/994
f 675/746/675 1010/1108/1010 1011/1109/1011 1000/1098/1000
f 1012/1110/1012 1010/1108/1010 675/746/675 678/749/678
f 1012/1110/1012 701/776/701 700/774/700 989/1087/989
f 875/966/875 1013/1111/1013 868/959/868 864/955/864
f 914/1005/914 1014/1112/1014 1015/1113/1015 915/1006/915
f 913/1004/913 1016/1114/1016 1014/1112/1014 914/1005/914
f 911/1002/911 1017/1115/1017 1018/1116/1018 912/1003/912
f 910/1001/910 1019/1117/1019 1017/1115/1017 911/1002/911
f 815/906/815 814/905/814 820/911/820 821/912/821
f 821/912/821 820/911/820 826/917/826 827/918/827
f 827/918/827 826/917/826 832/923/832 833/924/833
f 845/936/845 840/931/840 841/932/841 842/933/842
f 842/933/842 841/932/841 974/1071/974 969/1066/969
f 906/997/906 899/990/899 905/996/905 907/998/907
f 907/998/907 905/996/905 912/1003/912 913/1004/913
f 913/1004/913 912/1003/912 1018/1116/1018 1016/1114/1016
f 924/1015/924 920/1011/920 921/1012/921 925/1016/925
f 925/1016/925 921/1012/921 984/1081/984 982/1079/982
f 969/1066/969 974/1071/974 973/1070/973 970/1067/970
f 970/1067/970 973/1070/973 977/1074/977 971/1068/971
f 971/1068/971 977/1074/977 979/1076/979 972/1069/972
f 891/982/891 899/990/899 906/997/906 894/985/894
f 807/898/807 815/906/815 816/907/816 808/899/808
f 894/985/894 906/997/906 900/991/900 895/986/895
f 1006/1104/1006 995/1093/995 799/889/799 798/886/798
f 995/1093/995 1006/1104/1006 1005/1103/1005 996/1094/996
f 996/1094/996 1005/1103/1005 1004/1102/1004 997/1095/997
f 997/1095/997 1004/1102/1004 1003/1101/1003 998/1096/998
f 998/1096/998 1003/1101/1003 1002/1100/1002 999/1097/999
f 1011/1109/1011 1009/1107/1009 1001/1099/1001 1000/1098/1000
f 728/805/728 722/799/722 742/819/742 743/820/743
f 722/799/722 728/805/728 727/804/727 723/800/723
f 723/800/723 727/804/727 731/808/731 724/801/724
f 724/801/724 731/808/731 733/810/733 725/802/725
f 725/802/725 733/810/733 735/812/735 726/803/726
f 726/803/726 735/812/735 892/983/892 893/984/893
f 788/888/788 782/887/782 798/886/798 799/889/799
f 782/869/782 788/875/788 787/874/787 783/870/783
f 783/870/783 787/874/787 791/878/791 784/871/784
f 784/871/784 791/878/791 793/880/793 785/872/785
f 785/872/785 793/880/793 795/882/795 786/873/786
f 786/873/786 795/882/795 805/896/805 806/897/806
f 806/897/806 805/896/805 804/895/804 807/898/807
f 893/984/893 892/983/892 891/982/891 894/985/894
f 1000/1098/1000 1001/1099/1001 743/820/743 742/819/742
f 953/1050/953 965/1062/965 1020/1118/1020 954/1051/954
f 1021/1119/1021 877/968/877 876/967/876 981/1078/981
f 881/972/881 1021/1119/1021 981/1078/981 882/973/882
f 957/1054/957 1022/1120/1022 967/1064/967 958/1055/958
f 967/1064/967 1022/1120/1022 1020/1118/1020 965/1062/965
f 831/922/831 836/927/836 840/931/840 832/923/832
f 836/927/836 831/922/831 830/921/830 837/928/837
f 837/928/837 830/921/830 871/962/871 880/971/880
f 832/923/832 840/931/840 845/936/845 833/924/833
f 844/935/844 834/925/834 833/924/833 845/936/845
f 834/925/834 844/935/844 846/937/846 835/926/835
f 835/926/835 846/937/846 954/1121/954 949/1045/949
f 868/959/868 877/1122/877 1021/1123/1021 869/960/869
f 877/1122/877 868/959/868 1013/1111/1013 878/1124/878
f 869/960/869 1021/1123/1021 881/1125/881 870/961/870
f 880/971/880 871/962/871 870/961/870 881/1125/881
f 949/1045/949 954/1121/954 1020/1126/1020 950/1046/950
f 950/1047/950 1020/1127/1020 1022/1128/1022 951/1048/951
f 951/1048/951 1022/1128/1022 957/1129/957 952/1049/952
f 952/1049/952 957/1129/957 956/1130/956 959/1056/959
f 1019/1117/1019 918/1009/918 917/1008/917 1017/1115/1017
f 927/1018/927 1015/1113/1015 1014/1112/1014 923/1014/923
f 923/1014/923 1014/1112/1014 1016/1114/1016 924/1015/924
f 924/1015/924 1016/1114/1016 1018/1116/1018 920/1011/920
f 1017/1115/1017 917/1008/917 920/1011/920 1018/1116/1018
f 885/976/885 888/979/888 936/1029/936 935/1028/935
f 886/977/886 885/976/885 962/1059/962 897/988/897
f 897/988/897 962/1059/962 961/1058/961 903/994/903
f 903/994/903 961/1058/961 960/1057/960 910/1001/910
f 910/1001/910 960/1057/960 959/1056/959 1019/1117/1019
f 1019/1117/1019 959/1056/959 956/1130/956 918/1009/918
f 955/1083/955 919/1010/919 918/1009/918 956/1130/956
f 879/1131/879 926/1017/926 922/1013/922 983/1080/983
f 872/963/872 902/993/902 901/992/901 873/964/873
f 873/964/873 901/992/901 909/1000/909 874/965/874
f 874/965/874 909/1000/909 915/1006/915 875/966/875
f 875/966/875 915/1006/915 1015/1113/1015 1013/1111/1013
f 1013/1111/1013 1015/1113/1015 927/1018/927 878/1124/878
f 926/1017/926 879/1131/879 878/1124/878 927/1018/927
f 886/977/886 890/981/890 889/980/889 887/978/887
f 985/1132/985 955/1052/955 958/1055/958 968/1065/968
f 972/1069/972 984/1133/984 985/1132/985 968/1065/968
f 982/1134/982 984/1133/984 972/1069/972 979/1076/979
f 983/1135/983 982/1134/982 979/1076/979 980/1077/980
f 879/970/879 983/1135/983 980/1077/980 876/967/876
f 928/1019/928 896/987/896 895/986/895 902/993/902
f 884/975/884 872/963/872 849/940/849 848/939/848
f 713/790/713 702/777/702 701/776/701 677/748/677
f 702/778/702 713/790/713 712/789/712 703/779/703
f 703/779/703 712/789/712 716/793/716 704/780/704
f 704/780/704 716/793/716 718/795/718 705/781/705
f 705/781/705 718/795/718 720/797/720 706/782/706
f 706/782/706 720/797/720 928/1019/928 884/975/884
f 775/862/775 737/814/737 745/822/745 776/863/776
f 737/814/737 775/862/775 774/861/774 738/815/738
f 738/815/738 774/861/774 773/860/773 739/816/739
f 739/816/739 773/860/773 772/859/772 740/817/740
f 740/817/740 772/859/772 771/858/771 741/818/741
f 741/818/741 771/858/771 888/979/888 887/978/887
f 993/1091/993 1007/1105/1007 776/863/776 745/822/745
f 1012/1110/1012 678/749/678 677/748/677 701/776/701
f 872/963/872 884/975/884 928/1019/928 902/993/902
f 989/1087/989 988/1086/988 1010/1108/1010 1012/1110/1012
f 1011/1109/1011 1010/1108/1010 988/1086/988 999/1097/999
f 999/1097/999 1002/1100/1002 1009/1107/1009 1011/1109/1011
f 1008/1106/1008 1009/1107/1009 1002/1100/1002 990/1088/990
f 990/1088/990 674/745/674 1007/1105/1007 1008/1106/1008
g default
v -9.404026 1.204263 10.756105
v -9.413563 1.163682 10.838740
v -9.496547 1.196610 10.822038
v -9.484312 1.234891 10.743065
v -9.420489 1.141640 10.953142
v -9.498202 1.173959 10.950356
v -9.426903 1.128915 11.044386
v -9.502687 1.154649 11.039108
v -9.428923 1.128140 11.148769
v -9.493974 1.153165 11.135221
v -9.439164 1.095002 11.279093
v -9.504951 1.117604 11.263269
v -9.457384 1.070634 11.360117
v -9.526434 1.094418 11.338583
v -9.533035 1.061932 11.382090
v -9.470044 1.043229 11.422417
v -9.485363 0.996980 11.466466
v -9.557962 1.019521 11.426619
v -9.556486 0.999432 11.468715
v -9.489497 0.984895 11.501844
v -9.496409 0.986905 11.580025
v -9.562832 0.998277 11.559317
v -9.495559 1.009778 11.670952
v -9.551121 1.019933 11.649917
v -9.239307 1.163411 10.797644
v -9.243739 1.121854 10.882661
v -9.330578 1.130765 10.855440
v -9.323739 1.173646 10.769140
v -9.262457 1.097371 10.992857
v -9.344586 1.108563 10.962559
v -9.276774 1.092160 11.082341
v -9.350775 1.107629 11.056330
v -9.295797 1.100629 11.181099
v -9.363873 1.103120 11.162306
v -9.304482 1.074963 11.314838
v -9.374187 1.074780 11.294101
v -9.319715 1.054219 11.404341
v -9.389643 1.057454 11.382253
v -9.402588 1.031144 11.451053
v -9.329975 1.034047 11.453234
v -9.337271 0.992268 11.495356
v -9.412565 0.982446 11.489763
v -9.422680 0.973676 11.523756
v -9.352120 0.984013 11.535676
v -9.370132 0.989980 11.610449
v -9.431838 0.978928 11.599386
v -9.387409 1.007870 11.697105
v -9.441286 1.002675 11.690015
v -9.460724 1.321973 10.710783
v -9.377975 1.296086 10.725191
v -9.399409 1.220998 10.746407
v -9.479656 1.251698 10.732979
v -9.295225 1.270211 10.739597
v -9.211584 1.257615 10.768948
v -9.234799 1.180238 10.788305
v -9.319155 1.190282 10.759817
v -9.127943 1.244996 10.798294
v -9.007841 1.239201 10.864741
v -9.001081 1.205781 10.877714
v -9.150444 1.170190 10.816803
v -9.000462 1.157857 10.972915
v -9.156900 1.112954 10.909889
v -9.154871 1.153153 10.826143
v -8.998379 1.189225 10.889631
v -9.026569 1.123410 11.090055
v -9.182133 1.085400 11.029774
v -9.062471 1.125016 11.165886
v -9.202431 1.081151 11.115028
v -9.113022 1.132703 11.237661
v -9.227723 1.098126 11.199892
v -9.144197 1.113534 11.360155
v -9.234726 1.076287 11.334332
v -9.170442 1.090100 11.454355
v -9.248495 1.059632 11.421637
v -9.257669 1.041489 11.461912
v -9.176527 1.075414 11.498005
v -9.178223 1.063157 11.543013
v -9.261600 1.009187 11.502497
v -9.279974 0.996850 11.535713
v -9.191018 1.057492 11.582394
v -9.213008 1.049256 11.642931
v -9.308268 1.001279 11.621580
v -9.250826 1.049817 11.715615
v -9.333192 1.013573 11.704638
v -9.293037 1.058205 11.780571
v -9.358974 1.046422 11.793835
v -9.405313 1.047597 11.789835
v -9.451209 1.049245 11.785048
v -9.494352 1.053876 11.762117
v -9.538008 1.059159 11.737917
v -9.596582 1.072522 11.693095
v -9.634810 1.062909 11.615982
v -9.666747 1.063519 11.527195
v -9.673428 1.076367 11.454496
v -9.667276 1.099240 11.413685
v -9.646897 1.147317 11.361864
v -9.630023 1.164304 11.329565
v -9.602729 1.195596 11.245970
v -9.598516 1.226563 11.116482
v -9.630768 1.244725 11.018375
v -9.645069 1.258630 10.925071
v -9.641267 1.295968 10.798375
v -9.624823 1.330403 10.715059
v -9.612785 1.342053 10.705762
v -9.582387 1.367509 10.697438
v -8.902027 1.271828 11.023722
v -8.892795 1.318890 10.926400
v -8.930406 1.229165 11.138268
v -8.980760 1.219521 11.212932
v -9.045874 1.219804 11.274329
v -9.101604 1.192914 11.391699
v -9.134818 1.164456 11.490628
v -9.140235 1.150403 11.535853
v -9.138352 1.135003 11.586620
v -9.148419 1.125600 11.628885
v -9.172695 1.110089 11.698188
v -9.222633 1.102677 11.768379
v -8.887544 1.419865 11.075798
v -8.871269 1.465268 10.977947
v -8.931032 1.378609 11.180084
v -8.983736 1.351487 11.242491
v -9.049091 1.329167 11.304192
v -9.106684 1.285481 11.416728
v -9.141352 1.250745 11.515637
v -9.147627 1.237073 11.559555
v -9.145157 1.221902 11.613061
v -9.155071 1.210313 11.653040
v -9.175832 1.190995 11.722568
v -9.224087 1.172040 11.793856
v -8.960684 1.556046 11.120053
v -8.936555 1.597222 11.034645
v -9.006234 1.507127 11.221164
v -9.048012 1.465318 11.280298
v -9.100973 1.423409 11.338940
v -9.153512 1.367551 11.442210
v -9.185443 1.329339 11.535339
v -9.192685 1.314881 11.577869
v -9.191334 1.301511 11.630646
v -9.201586 1.287518 11.667618
v -9.217698 1.268132 11.732536
v -9.253319 1.239602 11.809034
v -8.945266 1.347638 10.887206
v -8.904302 1.327882 10.912413
v -8.939330 1.468060 10.927481
v -8.882954 1.468201 10.963422
v -8.987232 1.572602 10.985002
v -8.945399 1.594651 11.019485
v -9.306425 1.208813 11.863301
v -9.284876 1.156487 11.846636
v -9.280913 1.102185 11.822548
v -9.253458 1.756429 10.974774
v -9.277111 1.744023 11.105488
v -9.188071 1.707349 11.116464
v -9.169132 1.726044 11.003271
v -9.301542 1.701684 11.219494
v -9.219707 1.661252 11.230057
v -9.317730 1.616822 11.257420
v -9.241440 1.585160 11.268876
v -9.344178 1.554219 11.331612
v -9.276505 1.529721 11.342850
v -9.374138 1.483189 11.448475
v -9.311817 1.461392 11.455716
v -9.396265 1.444035 11.556995
v -9.332124 1.423734 11.562228
v -9.341503 1.409600 11.608461
v -9.405269 1.429860 11.604076
v -9.413382 1.420529 11.655151
v -9.345377 1.400758 11.661125
v -9.357621 1.381795 11.699614
v -9.422214 1.399724 11.694643
v -9.438653 1.362428 11.768436
v -9.373111 1.351014 11.773856
v -9.461792 1.288853 11.837827
v -9.402042 1.282113 11.845634
v -9.434437 1.766927 10.933876
v -9.460149 1.746133 11.043896
v -9.368631 1.745087 11.074692
v -9.343949 1.761674 10.954319
v -9.474624 1.692464 11.158381
v -9.388086 1.697072 11.188937
v -9.475422 1.610894 11.199397
v -9.396576 1.613858 11.228408
v -9.483089 1.550683 11.279240
v -9.413634 1.552460 11.305428
v -9.499146 1.479401 11.391649
v -9.436645 1.481290 11.420062
v -9.522297 1.434884 11.489570
v -9.459040 1.440961 11.524406
v -9.467346 1.425107 11.570196
v -9.529436 1.420338 11.536345
v -9.546542 1.407639 11.580493
v -9.479889 1.416421 11.619476
v -9.484696 1.394471 11.659039
v -9.547176 1.389226 11.623479
v -9.561568 1.354630 11.692118
v -9.500112 1.358529 11.730278
v -9.570562 1.288884 11.760221
v -9.516180 1.288876 11.799019
v -9.180874 1.650193 10.925636
v -9.262799 1.669228 10.904663
v -9.253696 1.745229 10.959661
v -9.169891 1.716351 10.986639
v -9.346664 1.674752 10.883585
v -9.430530 1.680276 10.862504
v -9.432610 1.756200 10.918621
v -9.343151 1.750714 10.939142
v -9.556143 1.676560 10.834430
v -9.588003 1.713357 10.857222
v -9.618895 1.688252 10.953178
v -9.598040 1.720628 10.869635
v -9.631639 1.636571 11.072066
v -9.615176 1.566445 11.118673
v -9.601759 1.514943 11.203065
v -9.601122 1.444093 11.314795
v -9.604915 1.396588 11.415525
v -9.615158 1.381944 11.456311
v -9.637886 1.366395 11.498548
v -9.646231 1.351365 11.534029
v -9.655034 1.322495 11.599039
v -9.648005 1.271275 11.672239
v -9.627622 1.213998 11.733093
v -9.570399 1.202565 11.800465
v -9.525357 1.198056 11.832674
v -9.480312 1.193524 11.864874
v -9.429981 1.195504 11.874206
v -9.379654 1.197495 11.883547
v -9.342296 1.275384 11.853442
v -9.307568 1.339612 11.779276
v -9.293021 1.363984 11.704651
v -9.277485 1.376260 11.663500
v -9.277764 1.389298 11.612998
v -9.267687 1.400456 11.565485
v -9.249498 1.439584 11.462950
v -9.208835 1.505208 11.354090
v -9.165149 1.553487 11.280336
v -9.137870 1.620831 11.240629
v -9.099029 1.670663 11.127439
v -9.084805 1.695626 11.031755
v -9.086092 1.687470 11.013623
v -9.098949 1.631165 10.946619
v -9.716787 1.585591 10.860931
v -9.687310 1.622186 10.765820
v -9.735789 1.542237 10.983482
v -9.706942 1.490987 11.064556
v -9.663218 1.439996 11.140827
v -9.643513 1.370271 11.261008
v -9.653204 1.320409 11.364588
v -9.675047 1.306332 11.400728
v -9.693920 1.287648 11.449734
v -9.701735 1.273766 11.488552
v -9.700867 1.244386 11.563827
v -9.673949 1.203851 11.647484
v -9.723826 1.437314 10.802338
v -9.701857 1.475373 10.702465
v -9.739621 1.390202 10.923414
v -9.708811 1.360375 11.018929
v -9.659408 1.332219 11.104788
v -9.651155 1.276551 11.235721
v -9.668032 1.226968 11.332990
v -9.689606 1.206315 11.366770
v -9.706386 1.187760 11.419666
v -9.712505 1.172993 11.462511
v -9.702875 1.151406 11.539528
v -9.667848 1.130433 11.627953
v -9.625382 1.594453 10.755715
v -9.672753 1.618237 10.758740
v -9.634733 1.485692 10.689907
v -9.686404 1.479504 10.694755
v -9.618731 1.117223 11.704800
v -9.631140 1.165448 11.716986
v -9.272182 1.424668 10.690521
v -9.171373 1.405309 10.727286
v -9.270064 1.551335 10.784212
v -9.170594 1.532391 10.811617
v -9.479280 1.463712 10.663102
v -9.375731 1.444196 10.676814
v -9.471569 1.578751 10.752115
v -9.370817 1.565038 10.768163
v -9.071121 1.513455 10.839020
v -9.070568 1.385941 10.764058
v -9.409370 1.088113 11.838461
v -9.461758 1.088452 11.831451
v -9.508912 1.095315 11.799628
v -9.556328 1.102135 11.767618
v -9.417650 1.138970 11.869094
v -9.472381 1.137585 11.861677
v -9.520573 1.143971 11.825399
v -9.568788 1.150349 11.789044
v -9.356784 1.087880 11.845190
v -9.362896 1.140385 11.876444
vt 0.675172 0.682545
vt 0.675163 0.679991
vt 0.678051 0.680531
vt 0.677950 0.683078
vt 0.675177 0.676748
vt 0.678065 0.676797
vt 0.675202 0.674060
vt 0.678062 0.674087
vt 0.675135 0.670848
vt 0.677843 0.671068
vt 0.674777 0.666569
vt 0.677539 0.666690
vt 0.674834 0.663795
vt 0.677722 0.663952
vt 0.677258 0.662189
vt 0.674669 0.661663
vt 0.674600 0.659602
vt 0.677232 0.660085
vt 0.676755 0.658898
vt 0.674444 0.658557
vt 0.674147 0.656384
vt 0.676486 0.656377
vt 0.673440 0.653712
vt 0.675505 0.653629
vt 0.669923 0.681869
vt 0.669621 0.679364
vt 0.672370 0.679590
vt 0.672552 0.682071
vt 0.669669 0.676267
vt 0.672436 0.676656
vt 0.669710 0.673690
vt 0.672404 0.673991
vt 0.669887 0.670611
vt 0.672486 0.670728
vt 0.669505 0.666414
vt 0.672170 0.666498
vt 0.669584 0.663516
vt 0.672211 0.663656
vt 0.672189 0.661414
vt 0.669714 0.661875
vt 0.669768 0.660034
vt 0.672138 0.659484
vt 0.672225 0.658513
vt 0.669972 0.658808
vt 0.669958 0.656615
vt 0.671988 0.656461
vt 0.669807 0.653994
vt 0.671569 0.653801
vt 0.677854 0.686326
vt 0.674922 0.685805
vt 0.675149 0.683165
vt 0.677960 0.683745
vt 0.672125 0.685291
vt 0.669334 0.685082
vt 0.669855 0.682464
vt 0.672507 0.682628
vt 0.666505 0.684798
vt 0.661994 0.684470
vt 0.661874 0.682937
vt 0.667182 0.682250
vt 0.661203 0.679336
vt 0.666858 0.679227
vt 0.667290 0.681661
vt 0.661791 0.682104
vt 0.661282 0.675777
vt 0.666914 0.675847
vt 0.661699 0.673362
vt 0.667033 0.673395
vt 0.662631 0.670620
vt 0.667280 0.670594
vt 0.663162 0.666562
vt 0.666858 0.666384
vt 0.663638 0.663336
vt 0.666898 0.663539
vt 0.667108 0.662117
vt 0.663747 0.661863
vt 0.663678 0.660438
vt 0.667297 0.660546
vt 0.667723 0.659466
vt 0.663778 0.659116
vt 0.664112 0.656962
vt 0.667885 0.656805
vt 0.664794 0.654109
vt 0.668011 0.654170
vt 0.665858 0.651708
vt 0.668078 0.651194
vt 0.669542 0.650931
vt 0.670987 0.650660
vt 0.672515 0.650705
vt 0.674134 0.650750
vt 0.676688 0.650908
vt 0.679823 0.653175
vt 0.681030 0.656695
vt 0.681518 0.658806
vt 0.681935 0.660115
vt 0.682694 0.662417
vt 0.682704 0.663811
vt 0.682673 0.667139
vt 0.682905 0.671744
vt 0.683688 0.675086
vt 0.683868 0.677977
vt 0.684098 0.682107
vt 0.684328 0.685559
vt 0.683842 0.686189
vt 0.682715 0.687361
vt 0.654729 0.679059
vt 0.654956 0.682899
vt 0.655132 0.675238
vt 0.656530 0.672594
vt 0.658535 0.670271
vt 0.659896 0.666238
vt 0.660548 0.662920
vt 0.660491 0.661480
vt 0.660135 0.659935
vt 0.660258 0.658571
vt 0.661004 0.655230
vt 0.662269 0.651347
vt 0.724760 0.673617
vt 0.728339 0.672092
vt 0.729598 0.674194
vt 0.725785 0.675928
vt 0.723142 0.671064
vt 0.726632 0.669568
vt 0.721690 0.669023
vt 0.724613 0.667367
vt 0.719827 0.666656
vt 0.722282 0.665490
vt 0.717810 0.662835
vt 0.720210 0.661773
vt 0.716496 0.659486
vt 0.718963 0.658628
vt 0.718757 0.657202
vt 0.716089 0.658063
vt 0.715733 0.656417
vt 0.718826 0.655618
vt 0.718456 0.654300
vt 0.715328 0.655170
vt 0.714443 0.652983
vt 0.717557 0.652123
vt 0.712720 0.650198
vt 0.715718 0.649925
vt 0.720921 0.674453
vt 0.722203 0.676653
vt 0.719139 0.671718
vt 0.717938 0.669622
vt 0.716451 0.667155
vt 0.714706 0.663340
vt 0.713463 0.660078
vt 0.713043 0.658663
vt 0.712673 0.657006
vt 0.712274 0.655736
vt 0.711473 0.653556
vt 0.710068 0.650451
vt 0.658897 0.689544
vt 0.656655 0.689125
vt 0.658904 0.694701
vt 0.656498 0.695360
vt 0.660562 0.699210
vt 0.658880 0.700432
vt 0.664486 0.645196
vt 0.664340 0.647332
vt 0.661580 0.647542
vt 0.661549 0.644659
vt 0.664826 0.649621
vt 0.710835 0.678201
vt 0.709638 0.675745
vt 0.712861 0.675352
vt 0.714294 0.677725
vt 0.708594 0.673411
vt 0.711292 0.672742
vt 0.707829 0.671084
vt 0.710622 0.670414
vt 0.706676 0.668340
vt 0.709272 0.667806
vt 0.705325 0.664142
vt 0.707846 0.663765
vt 0.704395 0.660444
vt 0.706896 0.660235
vt 0.706482 0.658713
vt 0.704065 0.658878
vt 0.703798 0.657274
vt 0.706207 0.657077
vt 0.705815 0.655690
vt 0.703541 0.655878
vt 0.703118 0.653243
vt 0.705333 0.653091
vt 0.702401 0.649535
vt 0.704632 0.649373
vt 0.704033 0.679137
vt 0.703572 0.677022
vt 0.706584 0.676338
vt 0.707434 0.678669
vt 0.703041 0.674487
vt 0.705822 0.673816
vt 0.702088 0.672257
vt 0.704930 0.671497
vt 0.701330 0.669535
vt 0.703991 0.668842
vt 0.700214 0.665487
vt 0.702788 0.664769
vt 0.699258 0.661965
vt 0.701909 0.661192
vt 0.701657 0.659639
vt 0.699120 0.660353
vt 0.698681 0.658798
vt 0.701350 0.658024
vt 0.701212 0.656580
vt 0.698757 0.657295
vt 0.698462 0.654784
vt 0.700854 0.653987
vt 0.698252 0.651614
vt 0.700326 0.650576
vt 0.668224 0.701073
vt 0.671319 0.701469
vt 0.670922 0.704855
vt 0.667652 0.704188
vt 0.674455 0.701378
vt 0.677601 0.701240
vt 0.677681 0.704592
vt 0.674298 0.704733
vt 0.682320 0.700666
vt 0.683528 0.702193
vt 0.698069 0.678942
vt 0.698577 0.680888
vt 0.697556 0.676131
vt 0.696740 0.674049
vt 0.696384 0.671307
vt 0.695355 0.667232
vt 0.694888 0.663444
vt 0.694634 0.661893
vt 0.694042 0.660204
vt 0.693834 0.658914
vt 0.693622 0.656493
vt 0.693515 0.652897
vt 0.675161 0.641914
vt 0.678555 0.643168
vt 0.676883 0.645037
vt 0.674312 0.645077
vt 0.672575 0.645065
vt 0.672935 0.641716
vt 0.670761 0.645127
vt 0.668944 0.645077
vt 0.667036 0.641901
vt 0.670034 0.641518
vt 0.667158 0.645144
vt 0.664811 0.642283
vt 0.706863 0.649210
vt 0.707448 0.653080
vt 0.708050 0.655552
vt 0.708632 0.656921
vt 0.708847 0.658508
vt 0.709397 0.660028
vt 0.710318 0.663488
vt 0.711836 0.667458
vt 0.713416 0.670085
vt 0.714084 0.672269
vt 0.716072 0.674975
vt 0.717727 0.676930
vt 0.664372 0.703507
vt 0.665120 0.700627
vt 0.693436 0.680426
vt 0.693782 0.682710
vt 0.693151 0.677625
vt 0.692710 0.675355
vt 0.692214 0.672532
vt 0.691169 0.668024
vt 0.690394 0.664002
vt 0.689998 0.662421
vt 0.689667 0.660596
vt 0.689519 0.659290
vt 0.689286 0.656763
vt 0.688747 0.653391
vt 0.689126 0.681569
vt 0.689593 0.684171
vt 0.688732 0.678390
vt 0.688353 0.675763
vt 0.687740 0.672682
vt 0.686799 0.667853
vt 0.685917 0.663895
vt 0.685590 0.662318
vt 0.685468 0.660509
vt 0.685319 0.659199
vt 0.684979 0.656890
vt 0.684106 0.653940
vt 0.684903 0.696787
vt 0.686779 0.697663
vt 0.684992 0.692115
vt 0.687055 0.692007
vt 0.677083 0.648829
vt 0.679780 0.648636
vt 0.677222 0.646867
vt 0.679765 0.645762
vt 0.672013 0.690556
vt 0.668548 0.690282
vt 0.671853 0.695783
vt 0.668257 0.695472
vt 0.679118 0.691242
vt 0.675506 0.690908
vt 0.679117 0.696214
vt 0.675452 0.696033
vt 0.664635 0.695090
vt 0.665032 0.689958
vt 0.669152 0.648980
vt 0.670804 0.648783
vt 0.672525 0.648819
vt 0.674318 0.648837
vt 0.668941 0.647026
vt 0.670718 0.646944
vt 0.672532 0.646937
vt 0.674383 0.646936
vt 0.667483 0.649178
vt 0.667163 0.647151
vt 0.655822 0.688888
vt 0.687740 0.691942
vt 0.655872 0.695519
vt 0.658424 0.700779
vt 0.664199 0.704110
vt 0.667527 0.704811
vt 0.670855 0.705512
vt 0.674296 0.705366
vt 0.677738 0.705222
vt 0.683911 0.702661
vt 0.687368 0.697928
vn -0.155083 -0.706213 -0.690805
vn -0.302497 -0.895212 -0.327249
vn -0.393701 -0.860885 -0.322298
vn -0.239805 -0.689002 -0.683937
vn -0.339950 -0.925239 -0.168426
vn -0.427840 -0.886512 -0.176209
vn -0.327327 -0.941473 -0.080529
vn -0.448623 -0.891094 -0.068476
vn -0.299817 -0.943776 -0.139271
vn -0.446155 -0.887008 -0.119003
vn -0.233904 -0.931697 -0.277902
vn -0.394739 -0.861693 -0.318851
vn -0.115872 -0.920291 -0.373681
vn -0.304498 -0.828959 -0.469157
vn -0.164605 -0.751272 -0.639136
vn 0.059783 -0.813903 -0.577917
vn 0.048065 -0.844288 -0.533730
vn -0.183046 -0.796085 -0.576838
vn -0.323503 -0.917298 -0.232185
vn -0.117731 -0.978490 -0.169401
vn -0.198326 -0.971914 0.126688
vn -0.387775 -0.916217 0.100887
vn -0.264311 -0.906278 0.329848
vn -0.414408 -0.850213 0.324660
vn 0.135175 -0.738957 -0.660053
vn 0.001584 -0.943431 -0.331566
vn -0.152055 -0.929404 -0.336286
vn -0.009181 -0.729664 -0.683745
vn -0.085532 -0.986050 -0.142796
vn -0.217700 -0.965225 -0.144735
vn -0.130390 -0.991448 -0.005405
vn -0.226961 -0.972761 -0.047159
vn -0.044855 -0.996760 -0.066765
vn -0.167666 -0.978213 -0.122420
vn 0.054158 -0.980184 -0.190541
vn -0.089688 -0.969370 -0.228643
vn 0.086364 -0.956238 -0.279552
vn -0.023508 -0.952227 -0.304485
vn 0.068947 -0.822031 -0.565253
vn 0.126243 -0.835458 -0.534858
vn 0.168619 -0.876771 -0.450379
vn 0.082848 -0.857798 -0.507267
vn 0.016760 -0.996011 -0.087637
vn 0.168373 -0.985104 -0.034934
vn 0.129606 -0.977985 0.163547
vn -0.028145 -0.987679 0.153940
vn 0.047870 -0.949921 0.308802
vn -0.100874 -0.938379 0.330559
vn 0.003437 -0.286956 -0.957938
vn 0.065193 -0.299534 -0.951856
vn 0.009260 -0.393089 -0.919454
vn -0.039619 -0.400597 -0.915397
vn 0.169603 -0.308165 -0.936093
vn 0.269879 -0.319000 -0.908518
vn 0.246281 -0.416207 -0.875281
vn 0.130447 -0.403995 -0.905413
vn 0.383900 -0.314455 -0.868181
vn 0.501146 -0.253013 -0.827549
vn 0.513422 -0.325856 -0.793861
vn 0.340876 -0.412610 -0.844722
vn 0.580167 -0.788887 -0.202641
vn 0.176302 -0.935813 -0.305240
vn 0.276311 -0.729589 -0.625582
vn 0.592763 -0.604363 -0.532332
vn 0.511158 -0.858244 0.046216
vn 0.105377 -0.988900 -0.104746
vn 0.419095 -0.857695 0.297858
vn 0.051911 -0.994729 0.088431
vn 0.501990 -0.836041 0.221454
vn 0.120790 -0.992433 0.022073
vn 0.635270 -0.771870 0.025476
vn 0.226760 -0.963166 -0.144538
vn 0.697287 -0.713643 -0.067112
vn 0.280511 -0.931059 -0.233329
vn 0.349272 -0.840730 -0.413741
vn 0.743737 -0.639315 -0.195274
vn 0.740196 -0.667180 -0.083556
vn 0.395510 -0.867523 -0.301621
vn 0.352890 -0.935341 0.024636
vn 0.663013 -0.739796 0.114520
vn 0.571084 -0.790067 0.222839
vn 0.285093 -0.943021 0.171564
vn 0.462763 -0.808526 0.363505
vn 0.199106 -0.934361 0.295511
vn 0.374907 -0.781125 0.499288
vn 0.129121 -0.850213 0.510358
vn -0.047664 -0.854179 0.517790
vn -0.208721 -0.832069 0.513904
vn -0.376367 -0.778918 0.501632
vn -0.488259 -0.716167 0.498706
vn -0.647829 -0.604317 0.463808
vn -0.694210 -0.635182 0.338550
vn -0.753535 -0.646958 0.116753
vn -0.752890 -0.625144 -0.205793
vn -0.651867 -0.556108 -0.515571
vn -0.563457 -0.536306 -0.628404
vn -0.607359 -0.601050 -0.519474
vn -0.687069 -0.655964 -0.312485
vn -0.728845 -0.684004 -0.030374
vn -0.706323 -0.705699 0.055644
vn -0.682503 -0.718666 -0.133072
vn -0.665729 -0.674476 -0.319198
vn -0.489759 -0.543900 -0.681402
vn -0.168854 -0.304452 -0.937442
vn -0.074220 -0.220578 -0.972541
vn 0.917646 -0.396802 0.021760
vn 0.881717 -0.262954 -0.391701
vn 0.847350 -0.437364 0.301182
vn 0.703743 -0.442185 0.556074
vn 0.779622 -0.399776 0.482046
vn 0.911233 -0.309866 0.271362
vn 0.960530 -0.235631 0.147854
vn 0.983224 -0.182370 -0.003459
vn 0.971325 -0.230079 0.059932
vn 0.923066 -0.317772 0.216725
vn 0.842116 -0.401861 0.359650
vn 0.690840 -0.474011 0.545943
vn 0.948703 0.092462 0.302348
vn 0.953342 0.235027 -0.189476
vn 0.854516 0.060665 0.515870
vn 0.734259 0.006897 0.678835
vn 0.788899 0.040179 0.613208
vn 0.891638 0.131852 0.433125
vn 0.933132 0.203088 0.296680
vn 0.955593 0.265545 0.127778
vn 0.950305 0.257256 0.175328
vn 0.923669 0.209830 0.320636
vn 0.882188 0.137117 0.450493
vn 0.758118 -0.007888 0.652070
vn 0.731481 0.513392 0.448737
vn 0.743963 0.667079 -0.039061
vn 0.656541 0.405508 0.636017
vn 0.582620 0.334914 0.740531
vn 0.641743 0.394380 0.657746
vn 0.722914 0.475998 0.500820
vn 0.768129 0.526814 0.363930
vn 0.788518 0.575045 0.218087
vn 0.781675 0.563132 0.268080
vn 0.764417 0.524821 0.374472
vn 0.743843 0.475455 0.469723
vn 0.633272 0.316115 0.706426
vn 0.589815 0.021112 -0.807262
vn 0.648986 -0.039930 -0.759752
vn 0.553971 0.431427 -0.712030
vn 0.633549 0.369672 -0.679675
vn 0.473885 0.578366 -0.664022
vn 0.526695 0.617957 -0.583714
vn 0.475364 0.114159 0.872351
vn 0.523332 -0.170534 0.834890
vn 0.480589 -0.540691 0.690426
vn 0.253420 0.942918 -0.216066
vn 0.133269 0.953957 0.268711
vn 0.320672 0.890740 0.322104
vn 0.394729 0.908072 -0.139977
vn -0.017579 0.724659 0.688884
vn 0.211819 0.677679 0.704190
vn -0.082723 0.619848 0.780349
vn 0.133828 0.601923 0.787260
vn -0.017175 0.815214 0.578906
vn 0.198441 0.775076 0.599899
vn 0.016253 0.898418 0.438841
vn 0.241379 0.851334 0.465797
vn 0.034650 0.944304 0.327245
vn 0.274211 0.897749 0.344753
vn 0.282873 0.923372 0.259553
vn 0.047959 0.969410 0.240715
vn 0.008817 0.945916 0.324291
vn 0.260224 0.906166 0.333386
vn 0.198499 0.879139 0.433258
vn -0.056118 0.894244 0.444049
vn -0.135326 0.820549 0.555325
vn 0.101297 0.820497 0.562604
vn -0.279711 0.537100 0.795792
vn -0.051196 0.546838 0.835672
vn -0.061480 0.974084 -0.217669
vn -0.257697 0.930416 0.260613
vn -0.074417 0.964886 0.251906
vn 0.093656 0.967718 -0.233987
vn -0.400571 0.680460 0.613610
vn -0.249305 0.723359 0.643894
vn -0.420574 0.592459 0.687102
vn -0.288028 0.624473 0.725998
vn -0.383285 0.775102 0.502304
vn -0.230840 0.817299 0.527954
vn -0.390053 0.833306 0.391740
vn -0.215545 0.889448 0.403017
vn -0.390389 0.880241 0.269762
vn -0.210820 0.932013 0.294799
vn -0.192587 0.958311 0.211068
vn -0.360088 0.917104 0.171046
vn -0.394260 0.889813 0.229767
vn -0.241530 0.928062 0.283486
vn -0.299382 0.869157 0.393619
vn -0.437087 0.834762 0.334855
vn -0.493489 0.749031 0.442065
vn -0.359525 0.791417 0.494370
vn -0.599830 0.496291 0.627613
vn -0.487612 0.523509 0.698694
vn 0.348578 0.634639 -0.689730
vn 0.284556 0.621811 -0.729643
vn 0.308551 0.676834 -0.668350
vn 0.407066 0.691171 -0.597143
vn 0.219376 0.628831 -0.745953
vn 0.170955 0.637698 -0.751076
vn 0.136583 0.717023 -0.683537
vn 0.204546 0.694487 -0.689818
vn 0.149947 0.628660 -0.763087
vn 0.051240 0.714951 -0.697294
vn -0.604232 0.777982 0.172185
vn -0.359416 0.892852 -0.271360
vn -0.663036 0.576894 0.477050
vn -0.654351 0.460799 0.599574
vn -0.693572 0.563597 0.448684
vn -0.738083 0.602857 0.302982
vn -0.711426 0.690057 0.133020
vn -0.648984 0.760712 0.011728
vn -0.671891 0.737229 0.071112
vn -0.718050 0.669814 0.189087
vn -0.766919 0.552765 0.326015
vn -0.809715 0.321709 0.490781
vn -0.808441 0.078331 0.583342
vn -0.681001 0.090017 0.726729
vn -0.585193 0.093856 0.805445
vn -0.375185 0.107984 0.920639
vn -0.144947 0.116879 0.982512
vn 0.117939 0.128591 0.984660
vn 0.243860 0.523221 0.816561
vn 0.401051 0.743998 0.534439
vn 0.465192 0.784489 0.410089
vn 0.498570 0.805735 0.319716
vn 0.507051 0.822523 0.257595
vn 0.488403 0.792952 0.364267
vn 0.431866 0.752403 0.497376
vn 0.359840 0.687033 0.631270
vn 0.297215 0.562915 0.771226
vn 0.369308 0.619165 0.692998
vn 0.448164 0.795754 0.407338
vn 0.486661 0.871788 -0.056096
vn 0.450340 0.698139 -0.556593
vn 0.430442 0.624828 -0.651391
vn -0.914703 0.402978 -0.030451
vn -0.664347 0.583229 -0.467427
vn -0.931842 0.265376 0.247478
vn -0.870753 0.126860 0.475075
vn -0.922038 0.153720 0.355269
vn -0.962533 0.239691 0.126800
vn -0.918382 0.380669 -0.108012
vn -0.865407 0.449284 -0.221845
vn -0.907913 0.403731 -0.112672
vn -0.946681 0.319550 0.041031
vn -0.954940 0.184184 0.232736
vn -0.914003 -0.001143 0.405707
vn -0.949772 -0.200674 -0.240133
vn -0.751478 -0.053908 -0.657552
vn -0.955550 -0.294819 -0.002506
vn -0.902123 -0.341578 0.263625
vn -0.935595 -0.313065 0.163255
vn -0.962333 -0.233373 -0.139469
vn -0.903156 -0.131211 -0.408770
vn -0.872093 -0.083009 -0.482249
vn -0.945118 -0.101413 -0.310591
vn -0.986737 -0.141043 -0.080350
vn -0.959388 -0.222367 0.173575
vn -0.873386 -0.316933 0.369798
vn 0.075007 0.584393 -0.807997
vn -0.085615 0.583355 -0.807692
vn -0.057182 0.180704 -0.981874
vn -0.239540 0.125266 -0.962772
vn -0.751997 -0.418763 0.509056
vn -0.820101 -0.186637 0.540927
vn 0.251123 0.134465 -0.958570
vn 0.341510 0.103934 -0.934114
vn 0.273449 0.622455 -0.733332
vn 0.335703 0.597784 -0.727982
vn 0.045177 0.171215 -0.984197
vn 0.155802 0.154095 -0.975695
vn 0.126472 0.635801 -0.761421
vn 0.210839 0.636490 -0.741908
vn 0.482910 0.534337 -0.693745
vn 0.499674 0.046788 -0.864949
vn -0.097302 -0.657353 0.747275
vn -0.303207 -0.650853 0.696029
vn -0.500759 -0.591333 0.632112
vn -0.595040 -0.521831 0.611244
vn -0.132468 -0.332113 0.933892
vn -0.370540 -0.338284 0.865023
vn -0.582823 -0.329213 0.742924
vn -0.669195 -0.302037 0.678934
vn 0.122981 -0.631031 0.765947
vn 0.114662 -0.303242 0.945990
s 1
g Feet M_Skeleton R_F_Distal_Phalanx_2
usemtl Skeleton_Feet_SG
f 1023/1136/1023 1024/1137/1024 1025/1138/1025 1026/1139/1026
f 1025/1138/1025 1024/1137/1024 1027/1140/1027 1028/1141/1028
f 1028/1141/1028 1027/1140/1027 1029/1142/1029 1030/1143/1030
f 1030/1143/1030 1029/1142/1029 1031/1144/1031 1032/1145/1032
f 1032/1145/1032 1031/1144/1031 1033/1146/1033 1034/1147/1034
f 1034/1147/1034 1033/1146/1033 1035/1148/1035 1036/1149/1036
f 1037/1150/1037 1038/1151/1038 1039/1152/1039 1040/1153/1040
f 1041/1154/1041 1042/1155/1042 1043/1156/1043 1044/1157/1044
f 1044/1157/1044 1043/1156/1043 1045/1158/1045 1046/1159/1046
f 1047/1160/1047 1048/1161/1048 1049/1162/1049 1050/1163/1050
f 1049/1162/1049 1048/1161/1048 1051/1164/1051 1052/1165/1052
f 1052/1165/1052 1051/1164/1051 1053/1166/1053 1054/1167/1054
f 1054/1167/1054 1053/1166/1053 1055/1168/1055 1056/1169/1056
f 1056/1169/1056 1055/1168/1055 1057/1170/1057 1058/1171/1058
f 1058/1171/1058 1057/1170/1057 1059/1172/1059 1060/1173/1060
f 1061/1174/1061 1062/1175/1062 1063/1176/1063 1064/1177/1064
f 1065/1178/1065 1066/1179/1066 1067/1180/1067 1068/1181/1068
f 1068/1181/1068 1067/1180/1067 1069/1182/1069 1070/1183/1070
f 1071/1184/1071 1072/1185/1072 1073/1186/1073 1074/1187/1074
f 1075/1188/1075 1076/1189/1076 1077/1190/1077 1078/1191/1078
f 1079/1192/1079 1080/1193/1080 1081/1194/1081 1082/1195/1082
f 1083/1196/1083 1084/1197/1084 1085/1198/1085 1086/1199/1086
f 1084/1197/1084 1083/1196/1083 1087/1200/1087 1088/1201/1088
f 1088/1201/1088 1087/1200/1087 1089/1202/1089 1090/1203/1090
f 1090/1203/1090 1089/1202/1089 1091/1204/1091 1092/1205/1092
f 1092/1205/1092 1091/1204/1091 1093/1206/1093 1094/1207/1094
f 1094/1207/1094 1093/1206/1093 1095/1208/1095 1096/1209/1096
f 1097/1210/1097 1098/1211/1098 1099/1212/1099 1100/1213/1100
f 1101/1214/1101 1102/1215/1102 1103/1216/1103 1104/1217/1104
f 1104/1217/1104 1103/1216/1103 1105/1218/1105 1106/1219/1106
f 1106/1219/1106 1105/1218/1105 1107/1220/1107 1108/1221/1108
f 1109/1222/1109 1110/1223/1110 1070/1183/1070 1069/1182/1069
f 1111/1224/1111 1112/1225/1112 1046/1159/1046 1045/1158/1045
f 1112/1225/1112 1113/1226/1113 1114/1227/1114 1046/1159/1046
f 1046/1159/1046 1114/1227/1114 1115/1228/1115 1044/1157/1044
f 1044/1157/1044 1115/1228/1115 1116/1229/1116 1041/1154/1041
f 1040/1153/1040 1117/1230/1117 1118/1231/1118 1037/1150/1037
f 1036/1149/1036 1119/1232/1119 1120/1233/1120 1034/1147/1034
f 1034/1147/1034 1120/1233/1120 1121/1234/1121 1032/1145/1032
f 1032/1145/1032 1121/1234/1121 1122/1235/1122 1030/1143/1030
f 1030/1143/1030 1122/1235/1122 1123/1236/1123 1028/1141/1028
f 1028/1141/1028 1123/1236/1123 1124/1237/1124 1025/1138/1025
f 1025/1138/1025 1124/1237/1124 1125/1238/1125 1026/1139/1026
f 1074/1187/1074 1126/1239/1126 1127/1240/1127 1071/1184/1071
f 1128/1241/1128 1083/1196/1083 1086/1199/1086 1129/1242/1129
f 1083/1196/1083 1128/1241/1128 1130/1243/1130 1087/1200/1087
f 1087/1200/1087 1130/1243/1130 1131/1244/1131 1089/1202/1089
f 1089/1202/1089 1131/1244/1131 1132/1245/1132 1091/1204/1091
f 1091/1204/1091 1132/1245/1132 1133/1246/1133 1093/1206/1093
f 1093/1206/1093 1133/1246/1133 1134/1247/1134 1095/1208/1095
f 1098/1211/1098 1135/1248/1135 1136/1249/1136 1099/1212/1099
f 1102/1215/1102 1137/1250/1137 1138/1251/1138 1103/1216/1103
f 1103/1216/1103 1138/1251/1138 1139/1252/1139 1105/1218/1105
f 1140/1253/1140 1128/1254/1128 1129/1255/1129 1141/1256/1141
f 1128/1254/1128 1140/1253/1140 1142/1257/1142 1130/1258/1130
f 1130/1258/1130 1142/1257/1142 1143/1259/1143 1131/1260/1131
f 1131/1260/1131 1143/1259/1143 1144/1261/1144 1132/1262/1132
f 1132/1262/1132 1144/1261/1144 1145/1263/1145 1133/1264/1133
f 1133/1264/1133 1145/1263/1145 1146/1265/1146 1134/1266/1134
f 1135/1267/1135 1147/1268/1147 1148/1269/1148 1136/1270/1136
f 1137/1271/1137 1149/1272/1149 1150/1273/1150 1138/1274/1138
f 1138/1274/1138 1150/1273/1150 1151/1275/1151 1139/1276/1139
f 1152/1277/1152 1140/1253/1140 1141/1256/1141 1153/1278/1153
f 1140/1253/1140 1152/1277/1152 1154/1279/1154 1142/1257/1142
f 1142/1257/1142 1154/1279/1154 1155/1280/1155 1143/1259/1143
f 1143/1259/1143 1155/1280/1155 1156/1281/1156 1144/1261/1144
f 1144/1261/1144 1156/1281/1156 1157/1282/1157 1145/1263/1145
f 1145/1263/1145 1157/1282/1157 1158/1283/1158 1146/1265/1146
f 1147/1268/1147 1159/1284/1159 1160/1285/1160 1148/1269/1148
f 1149/1272/1149 1161/1286/1161 1162/1287/1162 1150/1273/1150
f 1150/1273/1150 1162/1287/1162 1163/1288/1163 1151/1275/1151
f 1080/1193/1080 1164/1289/1164 1165/1290/1165 1081/1194/1081
f 1164/1289/1164 1166/1291/1166 1167/1292/1167 1165/1290/1165
f 1166/1291/1166 1168/1293/1168 1169/1294/1169 1167/1292/1167
f 1170/1295/1170 1171/1296/1171 1151/1297/1151 1163/1298/1163
f 1171/1296/1171 1172/1299/1172 1139/1252/1139 1151/1297/1151
f 1172/1299/1172 1107/1220/1107 1105/1218/1105 1139/1252/1139
f 1173/1300/1173 1174/1301/1174 1175/1302/1175 1176/1303/1176
f 1175/1302/1175 1174/1301/1174 1177/1304/1177 1178/1305/1178
f 1178/1305/1178 1177/1304/1177 1179/1306/1179 1180/1307/1180
f 1180/1307/1180 1179/1306/1179 1181/1308/1181 1182/1309/1182
f 1182/1309/1182 1181/1308/1181 1183/1310/1183 1184/1311/1184
f 1185/1312/1185 1186/1313/1186 1184/1311/1184 1183/1310/1183
f 1187/1314/1187 1188/1315/1188 1189/1316/1189 1190/1317/1190
f 1191/1318/1191 1192/1319/1192 1193/1320/1193 1194/1321/1194
f 1194/1321/1194 1193/1320/1193 1195/1322/1195 1196/1323/1196
f 1197/1324/1197 1198/1325/1198 1199/1326/1199 1200/1327/1200
f 1199/1326/1199 1198/1325/1198 1201/1328/1201 1202/1329/1202
f 1202/1329/1202 1201/1328/1201 1203/1330/1203 1204/1331/1204
f 1204/1331/1204 1203/1330/1203 1205/1332/1205 1206/1333/1206
f 1206/1333/1206 1205/1332/1205 1207/1334/1207 1208/1335/1208
f 1209/1336/1209 1210/1337/1210 1208/1335/1208 1207/1334/1207
f 1211/1338/1211 1212/1339/1212 1213/1340/1213 1214/1341/1214
f 1215/1342/1215 1216/1343/1216 1217/1344/1217 1218/1345/1218
f 1218/1345/1218 1217/1344/1217 1219/1346/1219 1220/1347/1220
f 1221/1348/1221 1222/1349/1222 1223/1350/1223 1224/1351/1224
f 1225/1352/1225 1226/1353/1226 1227/1354/1227 1228/1355/1228
f 1226/1353/1226 1229/1356/1229 1230/1357/1230 1227/1354/1227
f 1231/1358/1231 1198/1325/1198 1197/1324/1197 1232/1359/1232
f 1198/1325/1198 1231/1358/1231 1233/1360/1233 1201/1328/1201
f 1201/1328/1201 1233/1360/1233 1234/1361/1234 1203/1330/1203
f 1203/1330/1203 1234/1361/1234 1235/1362/1235 1205/1332/1205
f 1205/1332/1205 1235/1362/1235 1236/1363/1236 1207/1334/1207
f 1207/1334/1207 1236/1363/1236 1237/1364/1237 1209/1336/1209
f 1212/1339/1212 1238/1365/1238 1239/1366/1239 1213/1340/1213
f 1216/1343/1216 1240/1367/1240 1241/1368/1241 1217/1344/1217
f 1217/1344/1217 1241/1368/1241 1242/1369/1242 1219/1346/1219
f 1219/1370/1219 1242/1371/1242 1243/1372/1243 1244/1373/1244
f 1244/1373/1244 1245/1374/1245 1220/1375/1220 1219/1370/1219
f 1246/1376/1246 1247/1377/1247 1196/1378/1196 1195/1379/1195
f 1248/1380/1248 1170/1295/1170 1163/1298/1163 1249/1381/1249
f 1249/1382/1249 1163/1288/1163 1162/1287/1162 1250/1383/1250
f 1250/1383/1250 1162/1287/1162 1161/1286/1161 1251/1384/1251
f 1252/1385/1252 1160/1285/1160 1159/1284/1159 1253/1386/1253
f 1254/1387/1254 1158/1283/1158 1157/1282/1157 1255/1388/1255
f 1255/1388/1255 1157/1282/1157 1156/1281/1156 1256/1389/1256
f 1256/1389/1256 1156/1281/1156 1155/1280/1155 1257/1390/1257
f 1257/1390/1257 1155/1280/1155 1154/1279/1154 1258/1391/1258
f 1258/1391/1258 1154/1279/1154 1152/1277/1152 1259/1392/1259
f 1259/1392/1259 1152/1277/1152 1153/1278/1153 1260/1393/1260
f 1261/1394/1261 1169/1294/1169 1168/1293/1168 1262/1395/1262
f 1263/1396/1263 1231/1358/1231 1232/1359/1232 1264/1397/1264
f 1231/1358/1231 1263/1396/1263 1265/1398/1265 1233/1360/1233
f 1233/1360/1233 1265/1398/1265 1266/1399/1266 1234/1361/1234
f 1234/1361/1234 1266/1399/1266 1267/1400/1267 1235/1362/1235
f 1235/1362/1235 1267/1400/1267 1268/1401/1268 1236/1363/1236
f 1236/1363/1236 1268/1401/1268 1269/1402/1269 1237/1364/1237
f 1238/1365/1238 1270/1403/1270 1271/1404/1271 1239/1366/1239
f 1240/1367/1240 1272/1405/1272 1273/1406/1273 1241/1368/1241
f 1241/1368/1241 1273/1406/1273 1274/1407/1274 1242/1369/1242
f 1275/1408/1275 1263/1396/1263 1264/1397/1264 1276/1409/1276
f 1263/1396/1263 1275/1408/1275 1277/1410/1277 1265/1398/1265
f 1265/1398/1265 1277/1410/1277 1278/1411/1278 1266/1399/1266
f 1266/1399/1266 1278/1411/1278 1279/1412/1279 1267/1400/1267
f 1267/1400/1267 1279/1412/1279 1280/1413/1280 1268/1401/1268
f 1268/1401/1268 1280/1413/1280 1281/1414/1281 1269/1402/1269
f 1270/1403/1270 1282/1415/1282 1283/1416/1283 1271/1404/1271
f 1272/1405/1272 1284/1417/1284 1285/1418/1285 1273/1406/1273
f 1273/1406/1273 1285/1418/1285 1286/1419/1286 1274/1407/1274
f 1124/1237/1124 1275/1408/1275 1276/1409/1276 1125/1238/1125
f 1275/1408/1275 1124/1237/1124 1123/1236/1123 1277/1410/1277
f 1277/1410/1277 1123/1236/1123 1122/1235/1122 1278/1411/1278
f 1278/1411/1278 1122/1235/1122 1121/1234/1121 1279/1412/1279
f 1279/1412/1279 1121/1234/1121 1120/1233/1120 1280/1413/1280
f 1280/1413/1280 1120/1233/1120 1119/1232/1119 1281/1414/1281
f 1282/1415/1282 1118/1231/1118 1117/1230/1117 1283/1416/1283
f 1284/1417/1284 1116/1229/1116 1115/1228/1115 1285/1418/1285
f 1285/1418/1285 1115/1228/1115 1114/1227/1114 1286/1419/1286
f 1229/1356/1229 1287/1420/1287 1288/1421/1288 1230/1357/1230
f 1287/1420/1287 1289/1422/1289 1290/1423/1290 1288/1421/1288
f 1289/1422/1289 1127/1240/1127 1126/1239/1126 1290/1423/1290
f 1113/1226/1113 1291/1424/1291 1286/1425/1286 1114/1227/1114
f 1291/1424/1291 1292/1426/1292 1274/1427/1274 1286/1425/1286
f 1292/1426/1292 1243/1372/1243 1242/1371/1242 1274/1427/1274
f 1076/1189/1076 1075/1188/1075 1293/1428/1293 1294/1429/1294
f 1294/1429/1294 1293/1428/1293 1295/1430/1295 1296/1431/1296
f 1296/1431/1296 1295/1430/1295 1222/1349/1222 1221/1348/1221
f 1072/1185/1072 1071/1184/1071 1297/1432/1297 1298/1433/1298
f 1298/1433/1298 1297/1432/1297 1299/1434/1299 1300/1435/1300
f 1300/1435/1300 1299/1434/1299 1226/1353/1226 1225/1352/1225
f 1071/1184/1071 1127/1240/1127 1289/1422/1289 1297/1432/1297
f 1297/1432/1297 1289/1422/1289 1287/1420/1287 1299/1434/1299
f 1299/1434/1299 1287/1420/1287 1229/1356/1229 1226/1353/1226
f 1262/1395/1262 1168/1293/1168 1166/1291/1166 1301/1436/1301
f 1301/1436/1301 1166/1291/1166 1164/1289/1164 1302/1437/1302
f 1302/1437/1302 1164/1289/1164 1080/1193/1080 1079/1192/1079
f 1109/1222/1109 1303/1438/1303 1304/1439/1304 1110/1223/1110
f 1111/1224/1111 1305/1440/1305 1306/1441/1306 1112/1225/1112
f 1303/1438/1303 1307/1442/1307 1308/1443/1308 1304/1439/1304
f 1305/1440/1305 1309/1444/1309 1310/1445/1310 1306/1441/1306
f 1307/1442/1307 1247/1377/1247 1246/1376/1246 1308/1443/1308
f 1309/1444/1309 1245/1374/1245 1244/1373/1244 1310/1445/1310
f 1107/1220/1107 1172/1299/1172 1311/1446/1311 1108/1221/1108
f 1172/1299/1172 1171/1296/1171 1312/1447/1312 1311/1446/1311
f 1171/1296/1171 1170/1295/1170 1248/1380/1248 1312/1447/1312
f 1243/1372/1243 1292/1426/1292 1310/1445/1310 1244/1373/1244
f 1292/1426/1292 1291/1424/1291 1306/1441/1306 1310/1445/1310
f 1291/1424/1291 1113/1226/1113 1112/1225/1112 1306/1441/1306
f 1074/1187/1074 1026/1139/1026 1125/1238/1125 1126/1239/1126
f 1026/1139/1026 1074/1187/1074 1073/1186/1073 1023/1136/1023
f 1050/1163/1050 1078/1191/1078 1077/1190/1077 1047/1160/1047
f 1085/1198/1085 1082/1195/1082 1081/1194/1081 1086/1199/1086
f 1086/1199/1086 1081/1194/1081 1165/1290/1165 1129/1448/1129
f 1126/1239/1126 1125/1238/1125 1276/1449/1276 1290/1423/1290
f 1129/1448/1129 1165/1290/1165 1167/1292/1167 1141/1450/1141
f 1141/1450/1141 1167/1292/1167 1169/1294/1169 1153/1451/1153
f 1153/1451/1153 1169/1294/1169 1261/1394/1261 1260/1452/1260
f 1176/1453/1176 1224/1351/1224 1223/1350/1223 1173/1454/1173
f 1200/1455/1200 1228/1355/1228 1227/1354/1227 1197/1456/1197
f 1197/1456/1197 1227/1354/1227 1230/1357/1230 1232/1457/1232
f 1232/1457/1232 1230/1357/1230 1288/1421/1288 1264/1458/1264
f 1264/1458/1264 1288/1421/1288 1290/1423/1290 1276/1449/1276
f 1256/1389/1256 1182/1309/1182 1184/1311/1184 1255/1388/1255
f 1257/1390/1257 1180/1307/1180 1182/1309/1182 1256/1389/1256
f 1258/1391/1258 1178/1305/1178 1180/1307/1180 1257/1390/1257
f 1259/1392/1259 1175/1302/1175 1178/1305/1178 1258/1391/1258
f 1175/1302/1175 1259/1392/1259 1260/1393/1260 1176/1303/1176
f 1260/1452/1260 1261/1394/1261 1224/1351/1224 1176/1453/1176
f 1262/1395/1262 1221/1348/1221 1224/1351/1224 1261/1394/1261
f 1301/1436/1301 1296/1431/1296 1221/1348/1221 1262/1395/1262
f 1302/1437/1302 1294/1429/1294 1296/1431/1296 1301/1436/1301
f 1079/1192/1079 1076/1189/1076 1294/1429/1294 1302/1437/1302
f 1077/1190/1077 1076/1189/1076 1079/1192/1079 1082/1195/1082
f 1047/1160/1047 1077/1190/1077 1082/1195/1082 1085/1198/1085
f 1085/1198/1085 1084/1197/1084 1048/1161/1048 1047/1160/1047
f 1051/1164/1051 1048/1161/1048 1084/1197/1084 1088/1201/1088
f 1053/1166/1053 1051/1164/1051 1088/1201/1088 1090/1203/1090
f 1055/1168/1055 1053/1166/1053 1090/1203/1090 1092/1205/1092
f 1057/1170/1057 1055/1168/1055 1092/1205/1092 1094/1207/1094
f 1096/1209/1096 1059/1172/1059 1057/1170/1057 1094/1207/1094
f 1100/1213/1100 1063/1176/1063 1062/1175/1062 1097/1210/1097
f 1067/1180/1067 1066/1179/1066 1101/1214/1101 1104/1217/1104
f 1069/1182/1069 1067/1180/1067 1104/1217/1104 1106/1219/1106
f 1108/1221/1108 1109/1222/1109 1069/1182/1069 1106/1219/1106
f 1108/1221/1108 1311/1446/1311 1303/1438/1303 1109/1222/1109
f 1311/1446/1311 1312/1447/1312 1307/1442/1307 1303/1438/1303
f 1312/1447/1312 1248/1380/1248 1247/1377/1247 1307/1442/1307
f 1196/1378/1196 1247/1377/1247 1248/1380/1248 1249/1381/1249
f 1250/1383/1250 1194/1321/1194 1196/1323/1196 1249/1382/1249
f 1251/1384/1251 1191/1318/1191 1194/1321/1194 1250/1383/1250
f 1253/1386/1253 1187/1314/1187 1190/1317/1190 1252/1385/1252
f 1255/1388/1255 1184/1311/1184 1186/1313/1186 1254/1387/1254
f 1181/1308/1181 1206/1333/1206 1208/1335/1208 1183/1310/1183
f 1179/1306/1179 1204/1331/1204 1206/1333/1206 1181/1308/1181
f 1177/1304/1177 1202/1329/1202 1204/1331/1204 1179/1306/1179
f 1174/1301/1174 1199/1326/1199 1202/1329/1202 1177/1304/1177
f 1199/1326/1199 1174/1301/1174 1173/1300/1173 1200/1327/1200
f 1173/1454/1173 1223/1350/1223 1228/1355/1228 1200/1455/1200
f 1222/1349/1222 1225/1352/1225 1228/1355/1228 1223/1350/1223
f 1295/1430/1295 1300/1435/1300 1225/1352/1225 1222/1349/1222
f 1293/1428/1293 1298/1433/1298 1300/1435/1300 1295/1430/1295
f 1075/1188/1075 1072/1185/1072 1298/1433/1298 1293/1428/1293
f 1073/1186/1073 1072/1185/1072 1075/1188/1075 1078/1191/1078
f 1023/1136/1023 1073/1186/1073 1078/1191/1078 1050/1163/1050
f 1050/1163/1050 1049/1162/1049 1024/1137/1024 1023/1136/1023
f 1027/1140/1027 1024/1137/1024 1049/1162/1049 1052/1165/1052
f 1029/1142/1029 1027/1140/1027 1052/1165/1052 1054/1167/1054
f 1031/1144/1031 1029/1142/1029 1054/1167/1054 1056/1169/1056
f 1033/1146/1033 1031/1144/1031 1056/1169/1056 1058/1171/1058
f 1060/1173/1060 1035/1148/1035 1033/1146/1033 1058/1171/1058
f 1064/1177/1064 1039/1152/1039 1038/1151/1038 1061/1174/1061
f 1043/1156/1043 1042/1155/1042 1065/1178/1065 1068/1181/1068
f 1045/1158/1045 1043/1156/1043 1068/1181/1068 1070/1183/1070
f 1110/1223/1110 1111/1224/1111 1045/1158/1045 1070/1183/1070
f 1110/1223/1110 1304/1439/1304 1305/1440/1305 1111/1224/1111
f 1304/1439/1304 1308/1443/1308 1309/1444/1309 1305/1440/1305
f 1308/1443/1308 1246/1376/1246 1245/1374/1245 1309/1444/1309
f 1220/1375/1220 1245/1374/1245 1246/1376/1246 1195/1379/1195
f 1193/1320/1193 1218/1345/1218 1220/1347/1220 1195/1322/1195
f 1192/1319/1192 1215/1342/1215 1218/1345/1218 1193/1320/1193
f 1188/1315/1188 1211/1338/1211 1214/1341/1214 1189/1316/1189
f 1183/1310/1183 1208/1335/1208 1210/1337/1210 1185/1312/1185
f 1065/1178/1065 1064/1177/1064 1063/1176/1063 1066/1179/1066
f 1064/1177/1064 1065/1178/1065 1042/1155/1042 1039/1152/1039
f 1039/1152/1039 1042/1155/1042 1041/1154/1041 1040/1153/1040
f 1101/1214/1101 1100/1213/1100 1099/1212/1099 1102/1215/1102
f 1100/1213/1100 1101/1214/1101 1066/1179/1066 1063/1176/1063
f 1102/1215/1102 1099/1212/1099 1136/1249/1136 1137/1250/1137
f 1040/1153/1040 1041/1154/1041 1116/1229/1116 1117/1230/1117
f 1117/1230/1117 1116/1229/1116 1284/1417/1284 1283/1416/1283
f 1137/1271/1137 1136/1270/1136 1148/1269/1148 1149/1272/1149
f 1149/1272/1149 1148/1269/1148 1160/1285/1160 1161/1286/1161
f 1161/1286/1161 1160/1285/1160 1252/1385/1252 1251/1384/1251
f 1192/1319/1192 1189/1316/1189 1214/1341/1214 1215/1342/1215
f 1189/1316/1189 1192/1319/1192 1191/1318/1191 1190/1317/1190
f 1190/1317/1190 1191/1318/1191 1251/1384/1251 1252/1385/1252
f 1216/1343/1216 1213/1340/1213 1239/1366/1239 1240/1367/1240
f 1213/1340/1213 1216/1343/1216 1215/1342/1215 1214/1341/1214
f 1240/1367/1240 1239/1366/1239 1271/1404/1271 1272/1405/1272
f 1272/1405/1272 1271/1404/1271 1283/1416/1283 1284/1417/1284
f 1061/1174/1061 1060/1173/1060 1059/1172/1059 1062/1175/1062
f 1060/1173/1060 1061/1174/1061 1038/1151/1038 1035/1148/1035
f 1035/1148/1035 1038/1151/1038 1037/1150/1037 1036/1149/1036
f 1097/1210/1097 1096/1209/1096 1095/1208/1095 1098/1211/1098
f 1096/1209/1096 1097/1210/1097 1062/1175/1062 1059/1172/1059
f 1098/1211/1098 1095/1208/1095 1134/1247/1134 1135/1248/1135
f 1036/1149/1036 1037/1150/1037 1118/1231/1118 1119/1232/1119
f 1119/1232/1119 1118/1231/1118 1282/1415/1282 1281/1414/1281
f 1135/1267/1135 1134/1266/1134 1146/1265/1146 1147/1268/1147
f 1147/1268/1147 1146/1265/1146 1158/1283/1158 1159/1284/1159
f 1159/1284/1159 1158/1283/1158 1254/1387/1254 1253/1386/1253
f 1188/1315/1188 1185/1312/1185 1210/1337/1210 1211/1338/1211
f 1185/1312/1185 1188/1315/1188 1187/1314/1187 1186/1313/1186
f 1186/1313/1186 1187/1314/1187 1253/1386/1253 1254/1387/1254
f 1212/1339/1212 1209/1336/1209 1237/1364/1237 1238/1365/1238
f 1209/1336/1209 1212/1339/1212 1211/1338/1211 1210/1337/1210
f 1238/1365/1238 1237/1364/1237 1269/1402/1269 1270/1403/1270
f 1270/1403/1270 1269/1402/1269 1281/1414/1281 1282/1415/1282
g default
v -6.409232 1.113122 10.783283
v -6.553384 1.105771 10.752394
v -6.548697 1.131837 10.650284
v -6.411199 1.127076 10.675547
v -6.402380 1.117673 10.980633
v -6.545142 1.099671 10.966413
v -6.395041 1.109387 11.146187
v -6.521997 1.095452 11.177336
v -6.279366 1.107617 10.787986
v -6.280237 1.116418 10.673825
v -6.277552 1.114793 10.975279
v -6.278836 1.104214 11.117802
v -6.156083 1.089810 10.777743
v -6.149267 1.100900 10.661290
v -6.161771 1.092751 10.963177
v -6.168664 1.081612 11.106350
v -6.031783 1.074147 10.759504
v -6.016357 1.097424 10.649698
v -6.049212 1.058888 10.950284
v -6.064138 1.043168 11.111900
v -5.902493 1.064553 10.734396
v -5.882277 1.101682 10.631721
v -5.933780 1.016476 10.930984
v -5.960892 0.988202 11.120852
v -5.763856 1.038235 10.687214
v -5.746228 1.088494 10.585905
v -5.802373 0.966492 10.897544
v -5.839594 0.917081 11.121372
v -6.541363 1.153203 10.602818
v -6.412729 1.141633 10.613074
v -6.282565 1.131947 10.600598
v -6.147016 1.122414 10.580393
v -6.008025 1.122968 10.567429
v -5.870075 1.133797 10.554689
v -5.738900 1.137776 10.519483
v -5.597866 1.053082 10.502049
v -5.603214 1.131917 10.444389
v -5.601426 0.983903 10.615097
v -5.632704 0.908002 10.855139
v -5.674555 0.844392 11.116777
v -5.733370 0.829888 11.416078
v -5.882527 0.877221 11.390180
v -5.997561 0.925309 11.368515
v -6.098518 0.965470 11.357572
v -6.199774 0.994992 11.352194
v -6.304477 1.013585 11.361725
v -6.412247 1.022969 11.386674
v -6.522669 1.027791 11.416836
v -6.661741 1.082665 11.198120
v -6.712883 1.088654 10.924873
v -6.722363 1.112683 10.666770
v -6.430606 0.942395 11.626677
v -6.526833 0.970872 11.638662
v -6.439367 0.895371 11.800063
v -6.526000 0.936600 11.803344
v -6.438459 0.864121 11.953018
v -6.523983 0.902917 11.958543
v -6.417127 0.863751 12.149149
v -6.494558 0.887036 12.122423
v -6.413866 0.842736 12.208055
v -6.488028 0.866170 12.162601
v -6.408521 0.807057 12.239578
v -6.480858 0.818719 12.199541
v -6.476522 0.757142 12.235339
v -6.403971 0.766633 12.273266
v -6.408613 0.702214 12.348165
v -6.482553 0.706502 12.305002
v -6.420208 0.665658 12.433455
v -6.498033 0.668130 12.411251
v -6.437640 0.646973 12.543630
v -6.515728 0.649686 12.526976
v -6.451675 0.660909 12.621256
v -6.526696 0.663098 12.607481
v -6.329009 0.923859 11.616394
v -6.342198 0.871556 11.796373
v -6.346570 0.840768 11.951933
v -6.337230 0.849698 12.160230
v -6.336210 0.837846 12.258822
v -6.335486 0.809869 12.309366
v -6.335102 0.782304 12.350374
v -6.339447 0.707074 12.411196
v -6.347534 0.666993 12.474171
v -6.360539 0.650227 12.560425
v -6.373638 0.663258 12.639513
v -6.227060 0.908593 11.610428
v -6.242523 0.860947 11.792078
v -6.251415 0.834008 11.948570
v -6.253475 0.840497 12.166710
v -6.255474 0.838235 12.289379
v -6.257499 0.818707 12.344990
v -6.259263 0.797402 12.386922
v -6.265759 0.721864 12.443295
v -6.273375 0.674237 12.502353
v -6.284708 0.657994 12.582323
v -6.294002 0.666634 12.655189
v -6.125832 0.890984 11.606131
v -6.142703 0.854810 11.785903
v -6.156801 0.833897 11.948868
v -6.168643 0.838338 12.164843
v -6.174015 0.834340 12.293682
v -6.177035 0.817502 12.348181
v -6.179845 0.798928 12.387454
v -6.188838 0.732407 12.443680
v -6.197555 0.681069 12.507839
v -6.208085 0.662415 12.598799
v -6.214334 0.671284 12.669065
v -6.024052 0.873204 11.602226
v -6.043199 0.849366 11.783070
v -6.062093 0.838940 11.946238
v -6.083177 0.843198 12.157488
v -6.090766 0.831124 12.269287
v -6.095146 0.814008 12.313524
v -6.100767 0.787679 12.352926
v -6.111980 0.729977 12.419706
v -6.121491 0.681569 12.494287
v -6.130369 0.661851 12.596008
v -6.136225 0.674638 12.681496
v -5.916905 0.853524 11.608166
v -5.942474 0.846734 11.777983
v -5.968246 0.848561 11.944286
v -5.998625 0.850713 12.147603
v -6.005711 0.825127 12.232965
v -6.011727 0.800988 12.269178
v -6.019480 0.768624 12.309335
v -6.031575 0.713837 12.385077
v -6.042577 0.672429 12.486300
v -6.051744 0.662556 12.609396
v -6.061452 0.679402 12.697080
v -5.796401 0.842545 11.623795
v -5.843808 0.855714 11.789837
v -5.881722 0.870339 11.952934
v -5.917985 0.865559 12.144144
v -5.915481 0.821973 12.198198
v -5.916331 0.785077 12.231576
v -5.919497 0.746354 12.277421
v -5.929353 0.699551 12.377750
v -5.946822 0.674550 12.505859
v -5.966240 0.678506 12.636477
v -5.989738 0.698247 12.721440
v -6.138653 0.692300 12.751867
v -6.072884 0.697976 12.762701
v -6.217623 0.688371 12.743035
v -6.302623 0.682866 12.729221
v -6.387031 0.681409 12.711224
v -6.464002 0.680867 12.690565
v -6.528373 0.683137 12.676092
v -6.598887 0.679269 12.612814
v -6.600941 0.663869 12.532274
v -6.593961 0.676808 12.413210
v -6.583904 0.708371 12.296249
v -6.575688 0.745778 12.219376
v -6.569897 0.811536 12.173891
v -6.566087 0.879632 12.142406
v -6.567512 0.908624 12.113895
v -6.586574 0.950188 11.964388
v -6.595469 0.981892 11.806080
v -6.610439 1.006806 11.647274
v -6.633862 1.038789 11.442419
v -5.745064 1.195737 10.484454
v -5.831397 1.198781 10.493631
v -5.775476 1.233788 10.458817
v -5.678605 1.211987 10.452194
v -5.623066 1.340798 10.505013
v -5.485421 1.299763 10.486063
v -5.583080 1.241612 10.432318
v -5.702431 1.277493 10.447875
v -5.580146 1.422726 10.608845
v -5.433108 1.377797 10.597555
v -5.583585 1.512791 10.699697
v -5.445542 1.466786 10.710149
v -5.611646 1.596288 10.756025
v -5.494812 1.548112 10.785624
v -5.639572 1.699223 10.836374
v -5.522082 1.613576 10.844275
v -5.540932 1.606866 10.821601
v -5.634874 1.662015 10.798912
v -5.926394 1.252774 10.463488
v -5.966904 1.197533 10.501039
v -5.821116 1.414281 10.490837
v -5.876724 1.320096 10.453558
v -5.787692 1.519612 10.582775
v -5.784604 1.608735 10.661610
v -5.790839 1.678246 10.708721
v -5.810926 1.796883 10.796455
v -5.804845 1.746373 10.756131
v -6.105652 1.263070 10.486169
v -6.124101 1.199963 10.517654
v -6.044971 1.450280 10.523137
v -6.078987 1.342267 10.485250
v -6.021629 1.569157 10.603825
v -6.017542 1.671025 10.666117
v -6.020022 1.749730 10.690565
v -6.022906 1.877858 10.755157
v -6.022379 1.817506 10.723259
v -6.284455 1.265488 10.524659
v -6.281261 1.205277 10.544935
v -6.268774 1.447278 10.589109
v -6.280848 1.342736 10.536256
v -6.255739 1.566254 10.667353
v -6.249947 1.681371 10.727329
v -6.249035 1.752110 10.738764
v -6.236896 1.885682 10.781136
v -6.242781 1.823735 10.756031
v -6.446206 1.260659 10.553620
v -6.420386 1.207436 10.565936
v -6.474540 1.432381 10.636055
v -6.466691 1.333085 10.572730
v -6.466367 1.539273 10.734985
v -6.453508 1.651357 10.803825
v -6.444681 1.715695 10.811359
v -6.418620 1.838147 10.860891
v -6.424692 1.785672 10.831060
v -6.647601 1.423199 10.631766
v -6.618181 1.321996 10.565559
v -6.639490 1.528897 10.742722
v -6.608267 1.629872 10.828568
v -6.670666 1.709065 10.921103
v -6.559906 1.785962 10.930098
v -6.550489 1.778039 10.907477
v -6.643161 1.708726 10.897449
v -5.737841 1.175534 10.495719
v -5.854133 1.169587 10.520017
v -5.991362 1.160859 10.530381
v -6.136902 1.160569 10.544575
v -6.280171 1.167249 10.567042
v -6.143769 1.136079 10.560930
v -6.282081 1.144948 10.581362
v -6.413527 1.173634 10.583250
v -6.413214 1.155042 10.594337
v -6.808714 1.417764 10.574421
v -6.754128 1.304917 10.512665
v -6.783666 1.530270 10.719339
v -6.719037 1.629788 10.838289
v -5.268561 1.431950 10.736690
v -5.205415 1.316106 10.568098
v -5.320174 1.350159 10.577633
v -5.348179 1.445550 10.713161
v -5.281588 1.222234 10.403917
v -5.378388 1.266343 10.448011
v -5.447926 1.146996 10.348221
v -5.500126 1.204354 10.397408
v -6.817377 1.614312 10.889084
v -6.697433 1.694039 10.986421
v -6.683705 1.706105 10.940921
v -6.787595 1.627160 10.858545
v -6.834175 1.584607 10.936771
v -6.823594 1.493516 11.091271
v -6.673736 1.552110 11.170704
v -6.696904 1.655053 11.045271
v -6.778899 1.402123 11.307030
v -6.653852 1.467942 11.342522
v -6.841179 1.533356 10.708954
v -6.767690 1.630421 10.848034
v -6.951797 1.490212 10.781776
v -6.959723 1.409928 10.994053
v -6.879849 1.316197 11.271612
v -6.893630 1.419133 10.519503
v -7.005755 1.352250 10.595863
v -6.986140 1.267548 10.900837
v -6.893677 1.203954 11.234583
v -6.825938 1.283097 10.462027
v -6.926604 1.185429 10.554631
v -6.886230 1.139092 10.884727
v -6.800169 1.113969 11.212324
v -6.637010 1.222916 10.547811
v -6.664588 1.203431 10.544762
v -6.733193 1.078858 11.463787
v -6.797256 1.155827 11.480857
v -6.786752 1.248704 11.501196
v -6.719368 1.319463 11.527266
v -6.649246 1.400258 11.560238
v -6.535127 1.628796 11.217287
v -6.532949 1.547219 11.374848
v -6.555417 1.733868 11.081333
v -6.564404 1.775685 11.001013
v -6.564404 1.786748 10.953772
v -5.373740 1.136128 11.337540
v -5.267406 1.221574 11.124022
v -5.457372 1.333474 11.176149
v -5.544304 1.259724 11.359070
v -5.198047 1.311799 10.916225
v -5.383837 1.422829 11.001217
v -5.200793 1.383160 10.815721
v -5.363839 1.490201 10.904778
v -5.249746 1.424214 10.749424
v -5.369485 1.516820 10.845690
v -5.266365 0.994691 11.289867
v -5.159569 1.069707 11.017036
v -5.092043 1.160435 10.737427
v -5.121299 1.240125 10.616190
v -5.186387 1.304978 10.572430
v -5.306307 0.871728 11.212115
v -5.212614 0.934106 10.904900
v -5.169194 1.020036 10.590607
v -5.192786 1.108300 10.448717
v -5.265251 1.208554 10.403704
v -5.477158 0.822243 11.144625
v -5.414464 0.869675 10.840492
v -5.384492 0.941109 10.551748
v -5.402046 1.020104 10.395612
v -5.437169 1.128354 10.346177
v -5.529392 1.086774 11.552909
v -5.646826 1.214761 11.582096
v -5.429343 0.957452 11.534375
v -5.438670 0.850793 11.501459
v -5.567293 0.806763 11.451740
v -5.513408 1.592160 10.952299
v -5.508942 1.610284 10.888231
v -5.543370 1.544907 11.045125
v -5.619535 1.455556 11.211715
v -5.684988 1.392331 11.383933
v -5.751490 1.339391 11.613012
v -5.681313 0.859460 11.638300
v -5.749991 0.886575 11.804852
v -5.806684 0.909478 11.966735
v -5.847753 0.896840 12.157783
v -5.833556 0.844285 12.205061
v -5.821214 0.805016 12.241762
v -5.813525 0.769055 12.293459
v -5.824856 0.733796 12.403559
v -5.850043 0.716489 12.542642
v -5.889609 0.726693 12.667282
v -5.927494 0.741097 12.747847
v -5.604444 0.912099 11.662773
v -5.691653 0.950543 11.819389
v -5.755305 0.967389 11.982489
v -5.799347 0.947076 12.185356
v -5.787971 0.908784 12.248579
v -5.773814 0.882333 12.289558
v -5.762705 0.857331 12.338156
v -5.771137 0.826764 12.437760
v -5.796835 0.808392 12.569372
v -5.844480 0.806554 12.690235
v -5.889619 0.810269 12.768179
v -5.594598 0.999593 11.693657
v -5.681299 1.027989 11.852898
v -5.737446 1.034993 12.018429
v -5.781325 1.016217 12.222091
v -5.777230 0.989579 12.298119
v -5.769228 0.973393 12.340773
v -5.762534 0.958245 12.384661
v -5.763476 0.934720 12.466961
v -5.788284 0.912358 12.597069
v -5.834220 0.898137 12.715322
v -5.882472 0.889607 12.786458
v -5.642776 1.100446 11.734003
v -5.707464 1.111939 11.900133
v -5.749204 1.107758 12.061171
v -5.782952 1.088662 12.263070
v -5.788174 1.071317 12.342990
v -5.782228 1.062566 12.383437
v -5.776287 1.053826 12.423899
v -5.780337 1.036309 12.508769
v -5.809158 1.011887 12.629096
v -5.861475 0.984887 12.736115
v -5.909993 0.962949 12.804165
v -5.712672 1.202626 11.775106
v -5.749117 1.194672 11.933842
v -5.783444 1.180898 12.092487
v -5.813841 1.163712 12.292400
v -5.819386 1.155122 12.368580
v -5.821115 1.148534 12.413150
v -5.825430 1.140237 12.456614
v -5.840305 1.123963 12.537301
v -5.873461 1.096379 12.649372
v -5.921769 1.059682 12.751907
v -5.967554 1.025307 12.820606
v -5.789153 1.304936 11.799768
v -5.818760 1.276189 11.955730
v -5.850786 1.253396 12.112995
v -5.885922 1.234540 12.312765
v -5.895910 1.223340 12.388752
v -5.904768 1.216176 12.431082
v -5.914259 1.208554 12.472462
v -5.932911 1.191899 12.551369
v -5.965998 1.160558 12.662907
v -6.009079 1.115845 12.766246
v -6.045771 1.072228 12.835367
v -6.073987 1.035645 12.882977
v -6.008276 0.998326 12.870972
v -5.960581 0.946133 12.857040
v -5.935365 0.881570 12.842510
v -5.939739 0.811375 12.825116
v -5.969863 0.751859 12.804502
v -6.017890 0.715344 12.782536
v -6.703387 1.277566 11.702473
v -6.648917 1.343449 11.735605
v -6.692920 1.232060 11.857201
v -6.653444 1.293797 11.878187
v -6.697531 1.182164 12.010455
v -6.666676 1.245259 12.027599
v -6.722473 1.104111 12.199531
v -6.691564 1.173634 12.223766
v -6.737625 1.082677 12.244635
v -6.756980 1.061631 12.280815
v -6.715163 1.139664 12.314535
v -6.704127 1.154347 12.275217
v -6.776132 1.040505 12.323116
v -6.725325 1.124474 12.356226
v -6.791708 1.013615 12.395171
v -6.736013 1.100438 12.423796
v -6.788532 0.977845 12.503298
v -6.740599 1.064526 12.522989
v -6.772082 0.939721 12.617693
v -6.730752 1.019986 12.625920
v -6.743542 0.912671 12.693804
v -6.714858 0.980859 12.704642
v -6.731247 1.206342 11.665040
v -6.705407 1.164838 11.830795
v -6.699162 1.116326 11.993328
v -6.719990 1.030904 12.176113
v -6.733291 1.007096 12.211668
v -6.763553 0.975121 12.241884
v -6.793833 0.943890 12.281374
v -6.819046 0.911786 12.354321
v -6.805464 0.877293 12.477718
v -6.773815 0.852250 12.596008
v -6.741599 0.839200 12.676542
v -6.726650 1.128823 11.645313
v -6.688581 1.096719 11.812102
v -6.677747 1.052251 11.977276
v -6.688246 0.969247 12.150002
v -6.699879 0.941220 12.177190
v -6.732482 0.891866 12.200655
v -6.761889 0.845349 12.247438
v -6.782434 0.807969 12.323019
v -6.769835 0.780537 12.449433
v -6.741040 0.770520 12.570723
v -6.714757 0.769143 12.653975
v -6.678160 1.059602 11.647032
v -6.643411 1.037263 11.806543
v -6.635395 0.998750 11.968494
v -6.634713 0.929929 12.124846
v -6.641852 0.896458 12.146014
v -6.664080 0.828622 12.167145
v -6.681713 0.773061 12.223538
v -6.694212 0.736409 12.304315
v -6.693072 0.710210 12.427887
v -6.682028 0.702855 12.551850
v -6.664715 0.713754 12.631804
v -6.583480 0.696938 12.682657
v -6.635369 0.724412 12.701448
v -6.677486 0.769967 12.724660
v -6.703387 0.829285 12.746493
v -6.706765 0.892823 12.761400
v -6.684175 0.949006 12.770306
v -6.640349 0.992692 12.787022
v -6.652567 1.034177 12.726428
v -6.661717 1.082276 12.648187
v -6.660725 1.131726 12.546522
v -6.651511 1.169156 12.450598
v -6.643663 1.192994 12.384202
v -6.631358 1.218560 12.302975
v -6.638100 1.206094 12.342993
v -6.620430 1.236287 12.244503
v -6.597897 1.304848 12.043332
v -6.578429 1.352731 11.900655
v -6.563991 1.405843 11.761227
v -6.550066 1.470944 11.586774
v -6.554268 0.706403 12.740676
v -6.524633 0.695180 12.723323
v -6.548797 0.768029 12.857903
v -6.624862 0.769456 12.791723
v -6.590885 0.729806 12.764211
v -6.525684 0.729897 12.822848
v -6.569658 0.824040 12.887087
v -6.648796 0.824151 12.816212
v -6.578945 0.884473 12.897711
v -6.655550 0.881730 12.828485
v -6.576317 0.934598 12.890189
v -6.645302 0.930188 12.830980
v -6.568636 1.022183 12.825724
v -6.626679 0.964333 12.830620
v -6.568936 0.977341 12.869121
v -6.412292 0.704011 12.822771
v -6.497885 0.706071 12.784665
v -6.476771 0.694989 12.747454
v -6.399530 0.694932 12.774949
v -6.446011 0.767838 12.914886
v -6.429163 0.726804 12.872257
v -6.462630 0.828763 12.948340
v -6.473263 0.894749 12.956617
v -6.476631 0.948964 12.941925
v -6.473577 1.044785 12.864655
v -6.475878 0.996068 12.911673
v -6.311523 0.705479 12.847317
v -6.308245 0.696145 12.796291
v -6.324977 0.773724 12.944973
v -6.316413 0.730550 12.900634
v -6.336748 0.838357 12.980114
v -6.349069 0.907246 12.988312
v -6.359194 0.962544 12.972063
v -6.367010 1.059323 12.892511
v -6.365972 1.010461 12.940475
v -6.209368 0.711896 12.853273
v -6.215961 0.701691 12.807225
v -6.201507 0.785409 12.940697
v -6.201578 0.739590 12.901186
v -6.208414 0.851163 12.973806
v -6.222655 0.918206 12.984230
v -6.240177 0.971314 12.973906
v -6.258210 1.062856 12.904044
v -6.254442 1.016339 12.947753
v -6.119448 0.719872 12.843895
v -6.135546 0.706986 12.808502
v -6.091138 0.799310 12.908125
v -6.099238 0.752118 12.879169
v -6.093481 0.863599 12.935486
v -6.110184 0.926816 12.949360
v -6.135448 0.976468 12.949686
v -6.156804 1.056187 12.898975
v -6.156780 1.016278 12.935366
v -6.056259 0.722333 12.823259
v -6.084320 0.709073 12.803486
v -6.004036 0.807908 12.869164
v -6.024752 0.754910 12.845743
v -6.002893 0.873845 12.890484
v -6.023512 0.935040 12.904892
v -6.092104 1.011758 12.916139
v -6.116809 1.149808 12.773802
v -6.142832 1.099973 12.845295
v -6.231658 1.163632 12.770127
v -6.250288 1.111245 12.845427
v -6.346734 1.163029 12.754496
v -6.360521 1.109135 12.831535
v -6.459228 1.149979 12.726171
v -6.468278 1.095525 12.803576
v -6.566613 1.123509 12.687064
v -6.568491 1.071072 12.764658
v -6.081376 1.199643 12.668856
v -6.203121 1.217835 12.663336
v -6.324482 1.219514 12.647465
v -6.443457 1.206033 12.621308
v -6.557647 1.177686 12.584900
v -6.051222 1.237874 12.558628
v -6.176240 1.261601 12.553333
v -6.301925 1.265298 12.538105
v -6.425832 1.250653 12.515453
v -6.544721 1.218026 12.484132
v -6.032887 1.258950 12.480703
v -6.159090 1.288022 12.476403
v -6.286910 1.294137 12.461657
v -6.413295 1.278638 12.439693
v -6.535503 1.243600 12.412579
v -6.023633 1.268353 12.439716
v -6.013989 1.277322 12.397905
v -6.141950 1.310071 12.393866
v -6.150548 1.299321 12.435469
v -6.271479 1.318459 12.379935
v -6.279171 1.306313 12.420794
v -6.399433 1.303490 12.356868
v -6.406488 1.291920 12.398512
v -6.523662 1.269318 12.328074
v -6.529960 1.257493 12.370232
v -5.998964 1.292630 12.323091
v -6.126898 1.328072 12.319636
v -6.257670 1.337827 12.306436
v -6.387397 1.324132 12.287057
v -6.512876 1.288594 12.264389
v -5.960953 1.329438 12.118977
v -6.086632 1.374600 12.118375
v -6.219990 1.391015 12.108400
v -6.354154 1.384717 12.092254
v -6.484650 1.356068 12.068985
v -5.927647 1.362435 11.968112
v -6.054735 1.415215 11.966675
v -6.191360 1.433396 11.959343
v -6.329235 1.430642 11.946198
v -6.463394 1.404446 11.925983
v -5.890406 1.400929 11.816163
v -6.019083 1.464536 11.818122
v -6.160623 1.489117 11.809431
v -6.304885 1.487500 11.797697
v -6.445424 1.461583 11.781597
v -5.852392 1.448605 11.629793
v -5.978514 1.525922 11.636349
v -6.124628 1.557565 11.630634
v -6.275843 1.557313 11.621315
v -6.422778 1.529015 11.607964
v -5.799474 1.512975 11.390274
v -5.929077 1.608846 11.396876
v -6.080215 1.654912 11.392323
v -6.241381 1.654572 11.388372
v -6.395078 1.613587 11.386472
v -5.749041 1.590241 11.218293
v -5.885467 1.701695 11.215548
v -6.047644 1.759061 11.204977
v -6.222889 1.756501 11.207699
v -6.388400 1.708707 11.217816
v -5.683830 1.678078 11.044051
v -5.840895 1.799222 11.024743
v -6.023920 1.878499 11.000420
v -6.217962 1.880719 11.010697
v -6.399286 1.814965 11.053715
v -5.650179 1.710854 10.941689
v -5.820466 1.821904 10.899130
v -6.018330 1.919644 10.848803
v -6.227600 1.924317 10.865526
v -6.410883 1.850533 10.951424
v -5.640214 1.713647 10.880099
v -5.813267 1.818780 10.838800
v -6.023775 1.916158 10.790457
v -6.233891 1.919102 10.809235
v -6.416882 1.855748 10.900937
v -6.914106 1.519402 10.732763
v -6.863684 1.531548 10.711142
v -6.966098 1.393235 10.528933
v -6.914380 1.415025 10.515348
v -6.892134 1.235043 10.465315
v -6.845046 1.272881 10.456450
v -6.705856 1.145009 10.580502
v -6.680780 1.186974 10.549868
v -6.561033 1.247056 10.559595
v -6.513015 1.207288 10.570871
v -6.570961 1.702458 10.861669
v -6.530970 1.752793 10.873907
v -6.058195 0.981499 12.913628
v -6.529413 1.184022 10.579853
v -5.627222 1.182999 10.442838
v -5.382886 1.524297 10.826778
v -5.425058 1.531758 10.802208
v -5.513276 1.613679 10.864212
v -6.418504 1.850354 10.878206
v -6.535522 1.168622 10.586763
v -6.002034 1.137292 10.547400
v -5.863191 1.149758 10.534410
v -5.737741 1.157143 10.503633
v -5.610571 1.153806 10.438616
v -5.638690 1.708978 10.856813
v -5.811515 1.811269 10.816787
v -6.024405 1.905480 10.771915
v -6.235798 1.907742 10.791786
vt 0.245030 0.107169
vt 0.250357 0.108437
vt 0.250226 0.111221
vt 0.244976 0.110258
vt 0.245177 0.101383
vt 0.250437 0.102409
vt 0.245434 0.096404
vt 0.250411 0.095959
vt 0.240054 0.106765
vt 0.239877 0.110139
vt 0.240476 0.101172
vt 0.240943 0.096909
vt 0.235185 0.106877
vt 0.234707 0.110375
vt 0.235964 0.101271
vt 0.236647 0.096948
vt 0.230187 0.107296
vt 0.229429 0.110704
vt 0.231381 0.101442
vt 0.232432 0.096472
vt 0.224936 0.108044
vt 0.224041 0.111374
vt 0.226480 0.101810
vt 0.227987 0.095844
vt 0.219104 0.109331
vt 0.218408 0.112714
vt 0.220812 0.102559
vt 0.222569 0.095455
vt 0.250021 0.112535
vt 0.244982 0.112047
vt 0.239872 0.112321
vt 0.234549 0.112848
vt 0.229035 0.113288
vt 0.223509 0.113872
vt 0.218288 0.115079
vt 0.211577 0.114975
vt 0.211975 0.117928
vt 0.211963 0.111076
vt 0.213725 0.103592
vt 0.215698 0.095391
vt 0.218641 0.085934
vt 0.224732 0.086785
vt 0.229618 0.087674
vt 0.233910 0.088298
vt 0.238110 0.088756
vt 0.242428 0.088763
vt 0.246933 0.088339
vt 0.251659 0.087852
vt 0.255911 0.096238
vt 0.256134 0.104585
vt 0.255987 0.111280
vt 0.248425 0.079510
vt 0.252884 0.079598
vt 0.249131 0.072852
vt 0.253399 0.073085
vt 0.249200 0.066953
vt 0.253363 0.066784
vt 0.248437 0.059400
vt 0.252017 0.060235
vt 0.248054 0.057057
vt 0.251468 0.058535
vt 0.247878 0.055282
vt 0.250904 0.056316
vt 0.250652 0.053890
vt 0.247822 0.053454
vt 0.247921 0.050277
vt 0.250592 0.051246
vt 0.248076 0.047339
vt 0.250822 0.047831
vt 0.248532 0.043681
vt 0.251352 0.044160
vt 0.248997 0.040911
vt 0.251871 0.041343
vt 0.243968 0.079541
vt 0.244813 0.072797
vt 0.245162 0.067007
vt 0.244974 0.059181
vt 0.244702 0.055612
vt 0.244560 0.053642
vt 0.244490 0.052017
vt 0.245032 0.048810
vt 0.245307 0.046281
vt 0.245636 0.043266
vt 0.245977 0.040371
vt 0.239611 0.079544
vt 0.240556 0.072887
vt 0.241167 0.067162
vt 0.241507 0.059119
vt 0.241541 0.054846
vt 0.241546 0.052954
vt 0.241560 0.051494
vt 0.242010 0.048338
vt 0.242349 0.045643
vt 0.242655 0.042696
vt 0.242848 0.039962
vt 0.235311 0.079555
vt 0.236330 0.073103
vt 0.237222 0.067186
vt 0.238076 0.059256
vt 0.238505 0.054805
vt 0.238677 0.052976
vt 0.238813 0.051623
vt 0.239033 0.048683
vt 0.239316 0.045735
vt 0.239599 0.042333
vt 0.239680 0.039647
vt 0.231003 0.079640
vt 0.232128 0.073251
vt 0.233237 0.067330
vt 0.234568 0.059479
vt 0.235316 0.055564
vt 0.235611 0.053999
vt 0.235819 0.052437
vt 0.236068 0.049459
vt 0.236346 0.046390
vt 0.236565 0.042713
vt 0.236569 0.039422
vt 0.226501 0.079466
vt 0.227879 0.073549
vt 0.229233 0.067491
vt 0.230966 0.059752
vt 0.231848 0.056562
vt 0.232204 0.055060
vt 0.232507 0.053320
vt 0.232953 0.050297
vt 0.233418 0.046817
vt 0.233538 0.042616
vt 0.233560 0.039206
vt 0.221519 0.079067
vt 0.223734 0.073295
vt 0.225437 0.067278
vt 0.227357 0.059849
vt 0.228033 0.057215
vt 0.228425 0.055508
vt 0.228844 0.053675
vt 0.229513 0.050483
vt 0.230071 0.046558
vt 0.230204 0.042210
vt 0.230376 0.038814
vt 0.236472 0.036501
vt 0.233834 0.036242
vt 0.239624 0.036721
vt 0.243023 0.037077
vt 0.246377 0.037628
vt 0.249432 0.038279
vt 0.252100 0.038395
vt 0.254724 0.041447
vt 0.254376 0.044157
vt 0.254010 0.047692
vt 0.253885 0.051097
vt 0.253983 0.053496
vt 0.254355 0.055982
vt 0.255002 0.058757
vt 0.255528 0.060386
vt 0.257018 0.066709
vt 0.257224 0.073402
vt 0.257030 0.079921
vt 0.256516 0.087775
vt 0.308464 0.126965
vt 0.312110 0.126435
vt 0.309892 0.128628
vt 0.305645 0.128330
vt 0.304604 0.135312
vt 0.298437 0.134720
vt 0.301734 0.130420
vt 0.307133 0.131047
vt 0.303901 0.140927
vt 0.297395 0.140243
vt 0.305193 0.146025
vt 0.299122 0.145494
vt 0.307411 0.149976
vt 0.302194 0.149481
vt 0.309781 0.155403
vt 0.304193 0.152706
vt 0.304814 0.151977
vt 0.309164 0.153182
vt 0.316268 0.128292
vt 0.317748 0.125422
vt 0.313347 0.136129
vt 0.314659 0.131429
vt 0.313339 0.142259
vt 0.314358 0.147391
vt 0.315461 0.151080
vt 0.317555 0.157750
vt 0.316781 0.154788
vt 0.323708 0.127364
vt 0.324283 0.124301
vt 0.322758 0.136324
vt 0.323117 0.131005
vt 0.323306 0.142917
vt 0.324361 0.148452
vt 0.325235 0.152336
vt 0.326778 0.159312
vt 0.326070 0.155940
vt 0.331358 0.126127
vt 0.330990 0.123310
vt 0.332462 0.135235
vt 0.331802 0.129760
vt 0.333392 0.141837
vt 0.334326 0.147887
vt 0.334698 0.151276
vt 0.335364 0.158126
vt 0.334979 0.154838
vt 0.338430 0.124664
vt 0.337037 0.122265
vt 0.341401 0.133469
vt 0.339944 0.128073
vt 0.342528 0.139917
vt 0.343057 0.145769
vt 0.342869 0.148707
vt 0.342760 0.154887
vt 0.342481 0.152156
vt 0.348653 0.131539
vt 0.346417 0.126288
vt 0.349597 0.137976
vt 0.349330 0.143679
vt 0.352738 0.147439
vt 0.348668 0.152017
vt 0.348009 0.151414
vt 0.351407 0.147337
vt 0.308069 0.126116
vt 0.312964 0.124810
vt 0.318656 0.123402
vt 0.324725 0.122220
vt 0.330841 0.121401
vt 0.324952 0.120930
vt 0.330864 0.120242
vt 0.336602 0.120584
vt 0.336512 0.119607
vt 0.355133 0.129177
vt 0.351835 0.123883
vt 0.355462 0.136207
vt 0.353905 0.142547
vt 0.291560 0.146107
vt 0.287366 0.139661
vt 0.292415 0.139822
vt 0.294916 0.145437
vt 0.289152 0.132911
vt 0.293588 0.133949
vt 0.295147 0.127430
vt 0.297855 0.129436
vt 0.280430 0.112123
vt 0.285416 0.109033
vt 0.286146 0.110664
vt 0.281924 0.113583
vt 0.279101 0.110162
vt 0.276932 0.104109
vt 0.282470 0.101118
vt 0.284454 0.106695
vt 0.275219 0.096079
vt 0.280576 0.094376
vt 0.357837 0.135608
vt 0.355985 0.142205
vt 0.272392 0.113804
vt 0.271483 0.106786
vt 0.270352 0.097492
vt 0.358486 0.127814
vt 0.266409 0.115925
vt 0.266473 0.108101
vt 0.266078 0.097948
vt 0.354440 0.121822
vt 0.261336 0.114963
vt 0.261574 0.107053
vt 0.261310 0.097203
vt 0.346385 0.121653
vt 0.347356 0.120677
vt 0.261157 0.088224
vt 0.265425 0.088785
vt 0.269483 0.088460
vt 0.273655 0.087216
vt 0.278312 0.085958
vt 0.288464 0.099520
vt 0.286377 0.093214
vt 0.290270 0.105539
vt 0.290954 0.108719
vt 0.291283 0.110479
vt 0.334192 0.081641
vt 0.339570 0.089081
vt 0.331934 0.090172
vt 0.327947 0.083374
vt 0.343978 0.096665
vt 0.335319 0.097237
vt 0.345037 0.101203
vt 0.336132 0.101737
vt 0.345130 0.104834
vt 0.336098 0.104262
vt 0.339093 0.079582
vt 0.347370 0.087343
vt 0.352520 0.096741
vt 0.353640 0.101993
vt 0.354008 0.105392
vt 0.201310 0.092845
vt 0.197618 0.103092
vt 0.191589 0.099289
vt 0.196217 0.089379
vt 0.196033 0.113586
vt 0.188904 0.111005
vt 0.195804 0.118600
vt 0.187961 0.118112
vt 0.195305 0.123317
vt 0.187308 0.123613
vt 0.208237 0.094713
vt 0.205486 0.104220
vt 0.203842 0.112894
vt 0.203720 0.117419
vt 0.204518 0.120699
vt 0.328352 0.074432
vt 0.323022 0.075928
vt 0.332044 0.072712
vt 0.205140 0.079157
vt 0.207505 0.082947
vt 0.212367 0.084901
vt 0.330288 0.102444
vt 0.331108 0.104933
vt 0.328719 0.098572
vt 0.325282 0.091673
vt 0.321792 0.085352
vt 0.317441 0.077489
vt 0.216712 0.078578
vt 0.219659 0.072836
vt 0.221881 0.066836
vt 0.223939 0.059447
vt 0.224809 0.056771
vt 0.225220 0.055045
vt 0.225531 0.053294
vt 0.226023 0.050101
vt 0.226443 0.045934
vt 0.226731 0.041696
vt 0.227065 0.038414
vt 0.213077 0.077192
vt 0.216378 0.071849
vt 0.218839 0.066166
vt 0.220974 0.058727
vt 0.221682 0.056023
vt 0.221983 0.054352
vt 0.222188 0.052651
vt 0.222470 0.049498
vt 0.222782 0.045290
vt 0.223259 0.041057
vt 0.223737 0.037938
vt 0.211089 0.074680
vt 0.214375 0.069949
vt 0.216563 0.064705
vt 0.218401 0.057856
vt 0.218758 0.054951
vt 0.218525 0.053339
vt 0.218340 0.051702
vt 0.218501 0.048703
vt 0.218969 0.044064
vt 0.219788 0.039833
vt 0.220241 0.036966
vt 0.323667 0.069119
vt 0.327676 0.068251
vt 0.319589 0.064118
vt 0.323386 0.063862
vt 0.316230 0.059080
vt 0.319427 0.058388
vt 0.312718 0.053172
vt 0.316245 0.053164
vt 0.311455 0.050446
vt 0.315069 0.050459
vt 0.310909 0.049063
vt 0.314381 0.048713
vt 0.310394 0.047719
vt 0.309181 0.045019
vt 0.312837 0.044431
vt 0.313967 0.047127
vt 0.307235 0.041138
vt 0.310409 0.039855
vt 0.305226 0.037244
vt 0.308505 0.036823
vt 0.303537 0.033730
vt 0.305896 0.032657
vt 0.318980 0.069820
vt 0.315854 0.064761
vt 0.312869 0.059673
vt 0.309330 0.053503
vt 0.308090 0.051064
vt 0.307451 0.049640
vt 0.306834 0.048253
vt 0.305603 0.045688
vt 0.303798 0.041974
vt 0.301953 0.038011
vt 0.300551 0.034569
vt 0.314298 0.071103
vt 0.311745 0.065736
vt 0.308991 0.060488
vt 0.305496 0.054119
vt 0.304367 0.051672
vt 0.303674 0.050327
vt 0.302998 0.049009
vt 0.301766 0.046471
vt 0.300007 0.042738
vt 0.298182 0.038852
vt 0.296687 0.035822
vt 0.295132 0.033746
vt 0.299569 0.031569
vt 0.302086 0.030261
vt 0.304172 0.029225
vt 0.224742 0.035142
vt 0.220820 0.034738
vt 0.227756 0.035376
vt 0.230930 0.035749
vt 0.272473 0.079944
vt 0.276469 0.078796
vt 0.271414 0.073215
vt 0.274975 0.072752
vt 0.270344 0.066490
vt 0.273695 0.066411
vt 0.268894 0.058371
vt 0.272343 0.058365
vt 0.268495 0.056437
vt 0.268025 0.054848
vt 0.271687 0.054860
vt 0.271966 0.056346
vt 0.267684 0.053205
vt 0.271464 0.053365
vt 0.267546 0.050880
vt 0.271253 0.051105
vt 0.267595 0.047679
vt 0.271100 0.047971
vt 0.267677 0.044164
vt 0.271014 0.044654
vt 0.267964 0.041450
vt 0.271070 0.041898
vt 0.268711 0.081297
vt 0.267921 0.073891
vt 0.267088 0.066623
vt 0.265471 0.058436
vt 0.265055 0.056747
vt 0.264449 0.054897
vt 0.264054 0.053099
vt 0.263958 0.050847
vt 0.264056 0.047531
vt 0.264190 0.044030
vt 0.264264 0.041245
vt 0.264858 0.081639
vt 0.264335 0.074186
vt 0.263692 0.066777
vt 0.262108 0.058878
vt 0.261654 0.057290
vt 0.260957 0.055082
vt 0.260647 0.052978
vt 0.260628 0.050765
vt 0.260659 0.047504
vt 0.260801 0.044035
vt 0.260906 0.041286
vt 0.260931 0.080767
vt 0.260682 0.073879
vt 0.260331 0.066805
vt 0.258874 0.059730
vt 0.258322 0.058053
vt 0.257620 0.055432
vt 0.257327 0.053134
vt 0.257322 0.050815
vt 0.257352 0.047518
vt 0.257550 0.044004
vt 0.257718 0.041399
vt 0.254589 0.038508
vt 0.257343 0.038658
vt 0.260654 0.038309
vt 0.263880 0.038234
vt 0.269183 0.038423
vt 0.271838 0.039266
vt 0.274377 0.039444
vt 0.274315 0.041804
vt 0.274481 0.044616
vt 0.274872 0.047999
vt 0.275293 0.051162
vt 0.275585 0.053422
vt 0.275987 0.056298
vt 0.275763 0.054860
vt 0.276379 0.058471
vt 0.277800 0.066390
vt 0.279361 0.072219
vt 0.281169 0.077957
vt 0.283491 0.084969
vt 0.270445 0.025341
vt 0.267683 0.024773
vt 0.269270 0.021671
vt 0.270801 0.023421
vt 0.274081 0.029344
vt 0.270568 0.030643
vt 0.270286 0.027853
vt 0.273549 0.026989
vt 0.274808 0.031877
vt 0.271319 0.033508
vt 0.275610 0.033969
vt 0.272313 0.035719
vt 0.276353 0.035482
vt 0.273577 0.037015
vt 0.277372 0.038726
vt 0.274738 0.037729
vt 0.277006 0.036855
vt 0.276697 0.023251
vt 0.273268 0.024590
vt 0.272975 0.022494
vt 0.276090 0.021088
vt 0.277903 0.027897
vt 0.277279 0.025563
vt 0.278618 0.030408
vt 0.279266 0.032581
vt 0.279777 0.034263
vt 0.280752 0.037808
vt 0.280249 0.035869
vt 0.280480 0.021933
vt 0.279700 0.019846
vt 0.281964 0.026498
vt 0.281278 0.024187
vt 0.282657 0.029103
vt 0.283172 0.031408
vt 0.283487 0.033199
vt 0.284267 0.036855
vt 0.283788 0.034891
vt 0.284389 0.020754
vt 0.283513 0.018983
vt 0.286259 0.025137
vt 0.285420 0.022821
vt 0.286979 0.027900
vt 0.287318 0.030363
vt 0.287348 0.032253
vt 0.287850 0.035871
vt 0.287410 0.033948
vt 0.287994 0.019561
vt 0.286886 0.018075
vt 0.290678 0.023746
vt 0.289466 0.021454
vt 0.291652 0.026679
vt 0.291799 0.029413
vt 0.291324 0.031498
vt 0.291502 0.034886
vt 0.290965 0.033151
vt 0.290539 0.018288
vt 0.289065 0.017426
vt 0.294642 0.022391
vt 0.292462 0.019888
vt 0.296337 0.025534
vt 0.296443 0.028638
vt 0.293808 0.032574
vt 0.275053 0.017949
vt 0.271997 0.019703
vt 0.278568 0.016735
vt 0.282513 0.016369
vt 0.286023 0.015429
vt 0.297704 0.020949
vt 0.294247 0.018079
vt 0.301103 0.024278
vt 0.300817 0.027835
vt 0.268211 0.035282
vt 0.267254 0.031388
vt 0.267155 0.028124
vt 0.294001 0.039821
vt 0.292580 0.037041
vt 0.289901 0.040830
vt 0.288693 0.038104
vt 0.285982 0.041833
vt 0.284989 0.039106
vt 0.282147 0.042851
vt 0.281367 0.040095
vt 0.278276 0.043860
vt 0.277769 0.041070
vt 0.295775 0.043541
vt 0.291496 0.044484
vt 0.287310 0.045449
vt 0.283164 0.046396
vt 0.278993 0.047324
vt 0.297406 0.047263
vt 0.292997 0.048189
vt 0.288600 0.049117
vt 0.284166 0.049944
vt 0.279676 0.050687
vt 0.298524 0.049833
vt 0.294007 0.050776
vt 0.289484 0.051711
vt 0.284877 0.052521
vt 0.280144 0.053130
vt 0.299127 0.051174
vt 0.299768 0.052541
vt 0.295088 0.053533
vt 0.294539 0.052140
vt 0.290414 0.054486
vt 0.289945 0.053090
vt 0.285648 0.055373
vt 0.285259 0.053934
vt 0.280708 0.056085
vt 0.280421 0.054602
vt 0.300875 0.055010
vt 0.296089 0.056041
vt 0.291280 0.057019
vt 0.286352 0.057841
vt 0.281245 0.058390
vt 0.304014 0.061877
vt 0.298987 0.063028
vt 0.293853 0.064084
vt 0.288579 0.065010
vt 0.283134 0.065838
vt 0.306534 0.067160
vt 0.301343 0.068517
vt 0.295990 0.069589
vt 0.290492 0.070558
vt 0.284842 0.071460
vt 0.309173 0.072587
vt 0.303845 0.074052
vt 0.298352 0.075321
vt 0.292637 0.076352
vt 0.286777 0.077244
vt 0.312241 0.079250
vt 0.306884 0.080835
vt 0.301259 0.082170
vt 0.295345 0.083228
vt 0.289304 0.084101
vt 0.316487 0.087738
vt 0.310937 0.089735
vt 0.305176 0.091307
vt 0.298952 0.092272
vt 0.292580 0.092698
vt 0.319622 0.094314
vt 0.314080 0.096823
vt 0.308217 0.098732
vt 0.301663 0.099480
vt 0.294983 0.099509
vt 0.323229 0.101037
vt 0.317395 0.103863
vt 0.311137 0.106531
vt 0.304067 0.107184
vt 0.296779 0.106097
vt 0.325571 0.104492
vt 0.319743 0.107697
vt 0.313098 0.111609
vt 0.305013 0.112149
vt 0.297243 0.109585
vt 0.327013 0.106346
vt 0.321009 0.109429
vt 0.313801 0.113646
vt 0.305139 0.114128
vt 0.297289 0.111175
vt 0.273365 0.116172
vt 0.274541 0.118302
vt 0.266778 0.118244
vt 0.267485 0.120039
vt 0.260817 0.117259
vt 0.260023 0.118661
vt 0.255805 0.113489
vt 0.255370 0.114722
vt 0.343357 0.123168
vt 0.341031 0.121533
vt 0.348245 0.147442
vt 0.346877 0.150126
vt 0.295255 0.031057
vt 0.341602 0.120249
vt 0.303231 0.127413
vt 0.297460 0.150078
vt 0.299223 0.149570
vt 0.303821 0.153236
vt 0.343059 0.155717
vt 0.291922 0.016054
vt 0.289163 0.015389
vt 0.341764 0.119410
vt 0.319032 0.122153
vt 0.313276 0.123801
vt 0.307955 0.125336
vt 0.302297 0.126238
vt 0.309812 0.156312
vt 0.317686 0.158886
vt 0.327172 0.160948
vt 0.335575 0.159335
vt 0.349245 0.152551
vt 0.343458 0.156523
vt 0.353524 0.147613
vt 0.356924 0.142153
vt 0.286443 0.139691
vt 0.288347 0.132749
vt 0.290691 0.146405
vt 0.296786 0.150506
vt 0.294666 0.126851
vt 0.301978 0.125255
vt 0.358795 0.135502
vt 0.359263 0.127624
vt 0.355004 0.121195
vt 0.347784 0.119860
vt 0.341880 0.118358
vt 0.303519 0.153880
vt 0.309809 0.157239
vt 0.335823 0.160313
vt 0.336453 0.118605
vt 0.307959 0.124403
vt 0.313528 0.122790
vt 0.317739 0.159923
vt 0.327315 0.162010
vt 0.330896 0.119271
vt 0.325088 0.119911
vt 0.319244 0.121121
vn 0.010593 -0.997749 -0.066219
vn 0.062914 -0.988530 -0.137298
vn 0.057845 -0.934817 -0.350386
vn -0.029705 -0.978537 -0.203918
vn 0.032454 -0.999280 -0.019645
vn 0.080062 -0.996107 -0.036893
vn -0.028752 -0.980802 -0.192873
vn 0.029603 -0.987831 -0.152685
vn -0.098459 -0.994578 -0.033462
vn -0.101330 -0.982042 -0.159140
vn -0.109906 -0.993719 -0.021067
vn -0.150953 -0.965081 -0.214082
vn -0.150715 -0.986311 -0.066898
vn -0.096211 -0.977029 -0.190150
vn -0.223395 -0.973365 -0.051540
vn -0.254222 -0.941428 -0.221548
vn -0.151895 -0.973830 -0.169063
vn -0.044835 -0.963041 -0.265599
vn -0.294378 -0.947478 -0.125007
vn -0.347698 -0.909330 -0.228527
vn -0.230704 -0.923949 -0.305112
vn -0.126528 -0.911766 -0.390735
vn -0.360406 -0.905090 -0.225654
vn -0.413135 -0.880027 -0.234248
vn -0.369813 -0.843652 -0.389216
vn -0.343589 -0.783861 -0.517212
vn -0.395440 -0.871360 -0.290447
vn -0.398774 -0.889599 -0.222695
vn 0.050021 -0.799852 -0.598110
vn -0.064437 -0.894674 -0.442048
vn -0.117845 -0.907477 -0.403236
vn -0.087505 -0.901372 -0.424112
vn -0.015177 -0.889631 -0.456427
vn -0.078279 -0.833600 -0.546793
vn -0.310380 -0.671106 -0.673262
vn -0.431884 -0.691907 -0.578568
vn -0.459972 -0.477560 -0.748573
vn -0.357627 -0.849895 -0.387017
vn -0.289543 -0.915386 -0.279701
vn -0.245664 -0.952636 -0.179260
vn -0.177651 -0.983312 -0.039215
vn -0.308760 -0.936788 -0.164608
vn -0.330506 -0.909220 -0.253151
vn -0.282155 -0.908523 -0.308179
vn -0.219813 -0.915765 -0.336239
vn -0.177408 -0.922134 -0.343795
vn -0.144191 -0.936108 -0.320797
vn -0.137657 -0.957762 -0.252471
vn -0.129137 -0.987812 -0.086898
vn -0.104879 -0.993421 -0.045990
vn -0.069322 -0.971284 -0.227600
vn -0.243618 -0.927911 -0.282191
vn -0.328789 -0.920640 -0.210526
vn -0.313011 -0.923712 -0.220864
vn -0.459928 -0.870731 -0.174051
vn -0.311980 -0.946387 -0.083786
vn -0.453733 -0.884957 -0.104769
vn -0.182210 -0.973641 -0.137198
vn -0.257666 -0.927091 -0.272233
vn 0.162272 -0.845217 -0.509192
vn 0.087987 -0.735549 -0.671733
vn 0.454644 -0.586388 -0.670409
vn 0.290356 -0.523712 -0.800887
vn 0.278874 -0.673277 -0.684782
vn 0.512218 -0.598259 -0.616213
vn 0.363542 -0.799254 -0.478571
vn 0.130695 -0.888523 -0.439824
vn 0.136403 -0.952646 -0.271772
vn -0.013603 -0.970359 -0.241284
vn 0.008622 -0.999962 0.001390
vn -0.091817 -0.995765 0.004676
vn -0.049278 -0.975737 0.213328
vn -0.130581 -0.967155 0.218081
vn -0.177996 -0.935458 -0.305344
vn -0.173369 -0.956895 -0.233015
vn -0.161619 -0.983861 -0.076791
vn -0.095991 -0.994201 -0.048485
vn 0.153726 -0.933706 -0.323361
vn 0.420446 -0.752854 -0.506396
vn 0.519884 -0.634731 -0.571697
vn 0.440003 -0.709500 -0.550461
vn 0.231405 -0.918581 -0.320406
vn 0.071055 -0.997462 -0.004619
vn -0.007627 -0.979952 0.199088
vn -0.163351 -0.942791 -0.290623
vn -0.098436 -0.972411 -0.211490
vn -0.058494 -0.995920 -0.068713
vn -0.044284 -0.998995 -0.006864
vn 0.032323 -0.978421 -0.204079
vn 0.142359 -0.900205 -0.411539
vn 0.219553 -0.753607 -0.619575
vn 0.237410 -0.706116 -0.667111
vn 0.179181 -0.905646 -0.384318
vn 0.081688 -0.996417 -0.021893
vn 0.018474 -0.983476 0.180097
vn -0.179051 -0.951475 -0.250273
vn -0.071629 -0.983781 -0.164451
vn 0.000687 -0.998774 -0.049499
vn 0.001242 -0.999941 -0.010836
vn -0.053290 -0.980932 -0.186900
vn -0.113433 -0.909229 -0.400545
vn -0.139995 -0.769025 -0.623700
vn -0.078612 -0.724623 -0.684647
vn 0.009147 -0.912073 -0.409926
vn 0.030467 -0.999066 -0.030656
vn 0.019694 -0.983466 0.180019
vn -0.186959 -0.964586 -0.186064
vn -0.048689 -0.993963 -0.098324
vn 0.046081 -0.998804 -0.016361
vn 0.027056 -0.998302 -0.051581
vn -0.132360 -0.953967 -0.269124
vn -0.304929 -0.825689 -0.474611
vn -0.374260 -0.708368 -0.598452
vn -0.295652 -0.746941 -0.595541
vn -0.123954 -0.926464 -0.355388
vn -0.014540 -0.999876 -0.006118
vn 0.012176 -0.979593 0.200620
vn -0.146462 -0.985309 -0.087837
vn 0.018355 -0.999811 -0.006429
vn 0.125447 -0.991683 0.028770
vn 0.058748 -0.987164 -0.148510
vn -0.185081 -0.874446 -0.448429
vn -0.361368 -0.730011 -0.580083
vn -0.373216 -0.723634 -0.580572
vn -0.251481 -0.843982 -0.473763
vn -0.063066 -0.971487 -0.228550
vn 0.049347 -0.996710 0.064292
vn 0.080888 -0.966397 0.243998
vn -0.016388 -0.997469 0.069182
vn 0.172595 -0.977286 0.122980
vn 0.287840 -0.953357 0.090879
vn 0.250075 -0.925971 -0.282914
vn 0.048928 -0.755540 -0.653273
vn -0.056300 -0.732303 -0.678648
vn -0.015526 -0.841388 -0.540209
vn 0.102971 -0.944132 -0.313068
vn 0.218728 -0.973894 -0.060736
vn 0.273118 -0.945541 0.177086
vn 0.281373 -0.901082 0.329971
vn 0.032373 -0.969110 0.244496
vn 0.105659 -0.951397 0.289275
vn 0.027897 -0.975131 0.219867
vn 0.002259 -0.977433 0.211234
vn -0.038813 -0.974304 0.221868
vn -0.073825 -0.967496 0.241872
vn -0.147483 -0.954379 0.259634
vn -0.286417 -0.928948 0.234565
vn -0.276756 -0.960244 0.036574
vn -0.215477 -0.957762 -0.190427
vn -0.122531 -0.917935 -0.377334
vn -0.010039 -0.749641 -0.661769
vn 0.067441 -0.508131 -0.858636
vn -0.040022 -0.582963 -0.811513
vn -0.341556 -0.823911 -0.452227
vn -0.575013 -0.803499 -0.154111
vn -0.620679 -0.777688 -0.099789
vn -0.484324 -0.870592 -0.086596
vn -0.275090 -0.952310 -0.132026
vn -0.207588 -0.553835 -0.806333
vn -0.093589 -0.606248 -0.789750
vn -0.105782 -0.375657 -0.920702
vn -0.239399 -0.297326 -0.924276
vn 0.181991 0.608290 -0.772569
vn 0.071627 0.721394 -0.688811
vn -0.100937 0.332563 -0.937664
vn 0.010366 0.208974 -0.977866
vn 0.283462 0.689823 -0.666179
vn 0.152615 0.780314 -0.606481
vn 0.354932 0.658079 -0.664045
vn 0.243320 0.750823 -0.614053
vn 0.424836 0.620640 -0.659030
vn 0.354448 0.700996 -0.618847
vn 0.527822 0.688983 -0.496695
vn 0.480481 0.729745 -0.486426
vn 0.442661 0.661994 -0.604827
vn 0.476616 0.619474 -0.623771
vn -0.099816 -0.298739 -0.949101
vn -0.076515 -0.559627 -0.825205
vn 0.105410 0.514414 -0.851039
vn -0.034662 0.172782 -0.984350
vn 0.215336 0.619007 -0.755288
vn 0.273792 0.566355 -0.777354
vn 0.325842 0.532564 -0.781154
vn 0.436307 0.632202 -0.640279
vn 0.380980 0.564506 -0.732248
vn -0.174078 -0.181790 -0.967806
vn -0.139399 -0.474548 -0.869121
vn -0.136405 0.500137 -0.855135
vn -0.177490 0.233369 -0.956052
vn -0.083940 0.568471 -0.818410
vn -0.048083 0.445954 -0.893764
vn 0.007853 0.389102 -0.921161
vn 0.135898 0.531012 -0.836396
vn 0.080231 0.464105 -0.882139
vn -0.194908 -0.098599 -0.975853
vn -0.159138 -0.418903 -0.893977
vn -0.238753 0.523848 -0.817668
vn -0.220490 0.304151 -0.926756
vn -0.266543 0.538177 -0.799575
vn -0.292429 0.343165 -0.892594
vn -0.288748 0.256518 -0.922401
vn -0.280981 0.485248 -0.828000
vn -0.279720 0.376692 -0.883097
vn -0.099386 -0.061816 -0.993127
vn -0.087023 -0.372675 -0.923872
vn -0.133656 0.592384 -0.794492
vn -0.106120 0.349913 -0.930752
vn -0.201126 0.605884 -0.769709
vn -0.288795 0.407577 -0.866302
vn -0.366564 0.310403 -0.877087
vn -0.475919 0.562668 -0.675948
vn -0.430191 0.415045 -0.801669
vn 0.091264 0.647000 -0.757009
vn 0.129960 0.360275 -0.923749
vn 0.005291 0.693110 -0.720812
vn -0.139890 0.576565 -0.804987
vn -0.434046 0.806521 -0.401408
vn -0.502112 0.798204 -0.332798
vn -0.460078 0.634217 -0.621367
vn -0.322248 0.672886 -0.665868
vn -0.271633 -0.432268 -0.859860
vn -0.087599 -0.566419 -0.819449
vn -0.054214 -0.582402 -0.811091
vn -0.120573 -0.536843 -0.835022
vn -0.143929 -0.510009 -0.848042
vn -0.107849 -0.685096 -0.720425
vn -0.137353 -0.680117 -0.720122
vn -0.073207 -0.473696 -0.877640
vn -0.071631 -0.656825 -0.750633
vn 0.282659 0.662116 -0.694050
vn 0.354513 0.347236 -0.868186
vn 0.132491 0.753026 -0.644514
vn -0.088513 0.725431 -0.682580
vn 0.418022 0.829578 -0.370213
vn 0.368334 0.777766 -0.509323
vn 0.153031 0.816566 -0.556598
vn 0.238353 0.808585 -0.537939
vn 0.222256 0.615164 -0.756423
vn 0.043648 0.746678 -0.663752
vn -0.203802 0.225173 -0.952765
vn -0.205069 0.422015 -0.883091
vn -0.608679 0.793296 0.013851
vn -0.580641 0.782992 0.223115
vn -0.527176 0.843811 -0.100339
vn -0.425852 0.862437 -0.273591
vn -0.682890 0.667019 0.297904
vn -0.634293 0.656263 0.408646
vn -0.552099 0.681745 0.480011
vn -0.577753 0.665707 0.472266
vn -0.632797 0.663698 0.398840
vn -0.577480 0.737040 0.351124
vn -0.003149 0.836263 -0.548320
vn -0.228016 0.834910 -0.500933
vn -0.832390 0.550496 0.063887
vn -0.880776 0.382714 0.278862
vn -0.861933 0.322678 0.391088
vn 0.179300 0.680361 -0.710606
vn -0.983269 0.011730 -0.181781
vn -0.956854 -0.264730 0.119782
vn -0.901088 -0.364298 0.235219
vn 0.330225 0.190525 -0.924474
vn -0.594261 -0.741669 -0.311095
vn -0.563687 -0.825988 0.000020
vn -0.519350 -0.853801 0.036055
vn 0.270696 -0.078283 -0.959477
vn 0.274463 -0.304490 -0.912116
vn -0.584988 -0.809370 0.052044
vn -0.891208 -0.360365 0.275474
vn -0.890945 0.254982 0.375769
vn -0.751130 0.579738 0.315765
vn -0.662085 0.704791 0.254782
vn -0.467288 0.730393 0.498165
vn -0.506550 0.793208 0.337976
vn -0.431318 0.746788 0.506233
vn -0.448051 0.844207 0.294220
vn -0.488599 0.872489 -0.005936
vn 0.680349 0.512937 0.523470
vn 0.721648 0.498508 0.480327
vn 0.576542 0.625219 0.526024
vn 0.621523 0.619141 0.479973
vn 0.773722 0.501792 0.386729
vn 0.593613 0.612368 0.522138
vn 0.760853 0.629710 0.156742
vn 0.621226 0.695954 0.360176
vn 0.626662 0.768628 -0.128476
vn 0.588152 0.806474 0.060641
vn 0.889800 -0.021619 0.455839
vn 0.954113 -0.073987 0.290163
vn 0.997839 0.017527 0.063320
vn 0.914420 0.325497 -0.240601
vn 0.662299 0.615075 -0.427835
vn 0.635234 -0.756190 0.157019
vn 0.662478 -0.748925 -0.015298
vn 0.722383 -0.639493 -0.263082
vn 0.716484 -0.242255 -0.654189
vn 0.501774 0.265454 -0.823260
vn 0.091622 -0.992130 -0.085343
vn 0.083688 -0.975556 -0.203189
vn 0.056683 -0.924108 -0.377904
vn -0.007131 -0.674972 -0.737809
vn -0.106826 -0.224663 -0.968563
vn 0.722271 0.473479 0.504126
vn 0.724441 0.570816 0.386464
vn 0.786957 0.018989 0.616716
vn 0.546753 -0.696722 0.464370
vn 0.092558 -0.984265 0.150515
vn 0.605224 0.705851 0.368072
vn 0.601974 0.792430 0.098403
vn 0.590181 0.612184 0.526228
vn 0.611414 0.596596 0.519852
vn 0.671026 0.608211 0.424033
vn 0.726183 0.606111 0.324480
vn 0.235082 -0.920872 0.311017
vn 0.443567 -0.848472 0.288692
vn 0.549819 -0.817204 0.172850
vn 0.628100 -0.725190 -0.282117
vn 0.583852 -0.505918 -0.634952
vn 0.596900 -0.537387 -0.595757
vn 0.634595 -0.678388 -0.370241
vn 0.646289 -0.756204 -0.102305
vn 0.639347 -0.759780 0.118193
vn 0.607231 -0.729643 0.314471
vn 0.557942 -0.694464 0.454336
vn 0.582104 -0.586441 0.563242
vn 0.742022 -0.530854 0.409386
vn 0.816830 -0.524346 0.240520
vn 0.912801 -0.396236 -0.098951
vn 0.922828 -0.165640 -0.347782
vn 0.941031 -0.114889 -0.318215
vn 0.968373 -0.204191 -0.143385
vn 0.951943 -0.300492 0.059235
vn 0.907536 -0.349511 0.232853
vn 0.832709 -0.374124 0.408200
vn 0.743016 -0.375527 0.553992
vn 0.813572 -0.021712 0.581059
vn 0.912785 -0.100930 0.395774
vn 0.954967 -0.157718 0.251322
vn 0.993552 -0.097631 0.057638
vn 0.991602 0.052611 -0.118145
vn 0.981246 0.121284 -0.149825
vn 0.995904 0.080808 -0.040576
vn 0.992127 0.014206 0.124425
vn 0.955635 -0.022397 0.293701
vn 0.879631 -0.037877 0.474147
vn 0.780803 -0.047250 0.622988
vn 0.837202 0.368005 0.404556
vn 0.919661 0.253509 0.299929
vn 0.956766 0.184726 0.224667
vn 0.975144 0.180007 0.129199
vn 0.970048 0.242434 0.015222
vn 0.953937 0.298752 -0.027423
vn 0.949002 0.309708 0.058967
vn 0.929675 0.304841 0.206824
vn 0.877065 0.300210 0.375009
vn 0.790013 0.288428 0.541007
vn 0.703449 0.262059 0.660670
vn 0.806501 0.516348 0.287994
vn 0.837865 0.488920 0.242777
vn 0.843613 0.494669 0.208854
vn 0.841220 0.515525 0.163041
vn 0.828152 0.545715 0.127899
vn 0.800488 0.583761 0.135800
vn 0.765834 0.610722 0.201286
vn 0.725729 0.620839 0.296439
vn 0.674181 0.601182 0.429024
vn 0.610904 0.547828 0.571560
vn 0.557799 0.494176 0.666821
vn 0.734229 0.620993 0.274366
vn 0.700689 0.665776 0.256469
vn 0.653916 0.723237 0.222086
vn 0.602752 0.773485 0.195989
vn 0.559255 0.801210 0.212832
vn 0.530345 0.811908 0.244009
vn 0.506932 0.816656 0.275848
vn 0.478434 0.813216 0.331333
vn 0.441329 0.784419 0.435793
vn 0.402981 0.719257 0.565929
vn 0.378142 0.654243 0.654961
vn 0.373170 0.619104 0.690980
vn 0.527129 0.443695 0.724755
vn 0.623439 0.201609 0.755432
vn 0.659351 -0.081592 0.747395
vn 0.619684 -0.375852 0.689004
vn 0.487740 -0.663312 0.567562
vn 0.283039 -0.871279 0.400951
vn -0.869746 0.445200 0.212928
vn -0.721903 0.657655 0.215280
vn -0.935697 0.330371 0.123799
vn -0.758839 0.627752 0.173468
vn -0.966793 0.255018 0.016659
vn -0.794451 0.594613 0.123623
vn -0.963639 0.242266 -0.112723
vn -0.807146 0.587070 0.062165
vn -0.918083 0.311319 -0.245364
vn -0.886086 0.383396 -0.260496
vn -0.778288 0.627859 0.007838
vn -0.793994 0.607921 0.002220
vn -0.902654 0.406214 -0.142145
vn -0.769619 0.635351 0.063377
vn -0.928682 0.368696 0.040158
vn -0.771056 0.619533 0.147143
vn -0.939476 0.282769 0.193461
vn -0.779112 0.575764 0.247952
vn -0.931643 0.187226 0.311427
vn -0.777566 0.513804 0.362488
vn -0.894563 0.098114 0.436041
vn -0.763226 0.437178 0.475775
vn -0.963393 0.107305 0.245683
vn -0.995885 -0.039294 0.081661
vn -0.989322 -0.118434 -0.084940
vn -0.950958 -0.105801 -0.290662
vn -0.860413 0.040001 -0.508024
vn -0.828351 0.133511 -0.544067
vn -0.920433 0.085698 -0.381391
vn -0.994613 -0.020965 -0.101512
vn -0.981650 -0.135180 0.134501
vn -0.941461 -0.220653 0.254879
vn -0.884549 -0.282105 0.371469
vn -0.905978 -0.372437 0.201232
vn -0.906556 -0.421387 0.024284
vn -0.868994 -0.463813 -0.172416
vn -0.805048 -0.386993 -0.449593
vn -0.687171 -0.148152 -0.711229
vn -0.675764 -0.116503 -0.727853
vn -0.777279 -0.325203 -0.538591
vn -0.832263 -0.499762 -0.239952
vn -0.825917 -0.562870 0.032229
vn -0.804183 -0.564656 0.185616
vn -0.751226 -0.580104 0.314863
vn -0.697837 -0.713222 0.065869
vn -0.757111 -0.652386 -0.034294
vn -0.698967 -0.686944 -0.198880
vn -0.555420 -0.632611 -0.539734
vn -0.372702 -0.363642 -0.853732
vn -0.347263 -0.384931 -0.855124
vn -0.433031 -0.662223 -0.611511
vn -0.480054 -0.817585 -0.317967
vn -0.525441 -0.845743 -0.092905
vn -0.557014 -0.823737 0.105796
vn -0.524783 -0.807170 0.270333
vn -0.281465 -0.914919 0.289309
vn -0.470471 -0.809146 0.352052
vn -0.665244 -0.611811 0.427946
vn -0.801822 -0.332854 0.496275
vn -0.836042 0.025541 0.548071
vn -0.752064 0.355350 0.555092
vn -0.617959 0.556687 0.555182
vn -0.602932 0.622292 0.499225
vn -0.593382 0.692704 0.409950
vn -0.579992 0.755629 0.304359
vn -0.568767 0.789401 0.230977
vn -0.568153 0.800472 0.190911
vn -0.571333 0.808116 0.143272
vn -0.570339 0.806177 0.157454
vn -0.570016 0.802718 0.175286
vn -0.560066 0.802875 0.204252
vn -0.547193 0.805241 0.228401
vn -0.535788 0.804120 0.257533
vn -0.522427 0.812391 0.259018
vn -0.257010 -0.919961 0.296001
vn -0.156768 -0.956946 0.244293
vn -0.442726 -0.643369 0.624556
vn -0.565467 -0.635348 0.525910
vn -0.413893 -0.814608 0.406332
vn -0.325605 -0.825302 0.461365
vn -0.533301 -0.381321 0.755106
vn -0.683803 -0.374418 0.626278
vn -0.579153 -0.032902 0.814555
vn -0.735823 -0.030952 0.676466
vn -0.555984 0.297761 0.776028
vn -0.694958 0.291105 0.657488
vn -0.478668 0.653116 0.586784
vn -0.618808 0.483751 0.618920
vn -0.507566 0.530714 0.678763
vn -0.102061 -0.951135 0.291422
vn -0.192126 -0.936201 0.294303
vn -0.104512 -0.969824 0.220269
vn -0.053037 -0.979306 0.195311
vn -0.267190 -0.636682 0.723357
vn -0.189790 -0.834354 0.517525
vn -0.330430 -0.356596 0.873874
vn -0.372154 0.013329 0.928075
vn -0.374991 0.355413 0.856191
vn -0.338087 0.700152 0.628875
vn -0.357087 0.579044 0.732937
vn -0.003784 -0.949533 0.313643
vn 0.004602 -0.981240 0.192737
vn -0.042072 -0.602639 0.796904
vn -0.024363 -0.816662 0.576602
vn -0.071028 -0.317635 0.945549
vn -0.116323 0.047691 0.992066
vn -0.156766 0.381045 0.911169
vn -0.178362 0.727768 0.662225
vn -0.177263 0.603606 0.777327
vn 0.090007 -0.926541 0.365268
vn 0.051431 -0.974769 0.217212
vn 0.187502 -0.533288 0.824892
vn 0.143870 -0.759252 0.634695
vn 0.195243 -0.271053 0.942555
vn 0.153866 0.051997 0.986723
vn 0.080128 0.362190 0.928654
vn -0.003787 0.730397 0.683013
vn 0.018843 0.596501 0.802391
vn 0.163585 -0.882108 0.441731
vn 0.073963 -0.959780 0.270836
vn 0.353202 -0.451842 0.819199
vn 0.277255 -0.679432 0.679339
vn 0.384269 -0.217672 0.897193
vn 0.363925 0.052490 0.929948
vn 0.290089 0.317962 0.902634
vn 0.183094 0.705126 0.685035
vn 0.213436 0.565928 0.796349
vn 0.239994 -0.857106 0.455820
vn 0.118674 -0.943095 0.310626
vn 0.476763 -0.397515 0.784014
vn 0.387835 -0.643463 0.659954
vn 0.517878 -0.150619 0.842090
vn 0.512001 0.108292 0.852131
vn 0.362448 0.543111 0.757405
vn 0.190690 0.818649 0.541712
vn 0.181088 0.754477 0.630850
vn 0.011068 0.855918 0.516992
vn -0.003134 0.795809 0.605540
vn -0.144697 0.856446 0.495544
vn -0.167269 0.795866 0.581909
vn -0.292744 0.831362 0.472375
vn -0.318933 0.768566 0.554606
vn -0.436266 0.782024 0.445095
vn -0.461095 0.715303 0.525103
vn 0.220276 0.877326 0.426353
vn 0.039615 0.907963 0.417173
vn -0.115928 0.907939 0.402750
vn -0.264275 0.886875 0.378960
vn -0.411455 0.843077 0.346303
vn 0.260029 0.901977 0.344706
vn 0.073117 0.931974 0.355075
vn -0.094471 0.933262 0.346549
vn -0.249206 0.914583 0.318487
vn -0.397547 0.873214 0.281875
vn 0.293728 0.908719 0.296572
vn 0.102598 0.945814 0.308074
vn -0.078839 0.950134 0.301711
vn -0.242039 0.928930 0.280190
vn -0.392114 0.885350 0.249803
vn 0.313122 0.909930 0.271998
vn 0.331378 0.908551 0.254408
vn 0.134467 0.954912 0.264693
vn 0.121034 0.953078 0.277477
vn -0.058326 0.965297 0.254560
vn -0.067359 0.961197 0.267512
vn -0.228446 0.945568 0.231762
vn -0.234177 0.940867 0.244809
vn -0.381919 0.901980 0.201421
vn -0.386130 0.896677 0.216505
vn 0.374463 0.896677 0.236111
vn 0.162433 0.953365 0.254383
vn -0.035111 0.966822 0.253026
vn -0.210087 0.945966 0.247005
vn -0.374225 0.899117 0.227034
vn 0.438544 0.861890 0.254608
vn 0.204168 0.940652 0.271090
vn 0.001988 0.963012 0.269452
vn -0.171968 0.948420 0.266321
vn -0.354399 0.901199 0.249482
vn 0.498377 0.812781 0.301675
vn 0.242075 0.915532 0.321248
vn 0.030012 0.948283 0.316005
vn -0.141047 0.941849 0.305004
vn -0.338179 0.899251 0.277458
vn 0.558714 0.765028 0.320267
vn 0.287452 0.889577 0.355000
vn 0.051935 0.932760 0.356737
vn -0.125873 0.931486 0.341306
vn -0.330728 0.892741 0.305995
vn 0.608122 0.721333 0.331461
vn 0.350988 0.862348 0.364915
vn 0.083810 0.923997 0.373103
vn -0.121708 0.927987 0.352176
vn -0.330647 0.892668 0.306296
vn 0.613554 0.675026 0.409745
vn 0.395047 0.809851 0.433682
vn 0.112308 0.890654 0.440592
vn -0.121169 0.899262 0.420293
vn -0.332428 0.863890 0.378399
vn 0.577283 0.644557 0.501289
vn 0.400016 0.767994 0.500173
vn 0.134605 0.852638 0.504866
vn -0.102370 0.857557 0.504100
vn -0.299756 0.812503 0.499985
vn 0.553984 0.692121 0.462677
vn 0.422366 0.815288 0.396122
vn 0.178006 0.902739 0.391634
vn -0.095824 0.904227 0.416163
vn -0.279599 0.844815 0.456193
vn 0.565363 0.780918 0.265576
vn 0.465008 0.872869 0.147880
vn 0.221065 0.969904 0.102060
vn -0.135583 0.980646 0.141245
vn -0.323812 0.916624 0.234407
vn 0.578336 0.815768 0.007110
vn 0.493061 0.860305 -0.129488
vn 0.226896 0.938078 -0.261780
vn -0.207069 0.951320 -0.228281
vn -0.407612 0.910991 -0.062835
vn -0.606198 0.767442 -0.208701
vn -0.301540 0.860657 -0.410297
vn -0.695118 0.410207 -0.590373
vn -0.211094 0.634930 -0.743171
vn -0.333599 -0.451613 -0.827501
vn 0.061328 -0.087575 -0.994268
vn 0.072264 -0.830953 -0.551629
vn 0.184697 -0.596335 -0.781199
vn 0.096200 -0.056941 -0.993732
vn 0.030018 -0.308343 -0.950801
vn -0.312427 0.488593 -0.814657
vn -0.418266 0.494645 -0.761827
vn 0.450163 0.356114 0.818863
vn 0.079688 -0.356371 -0.930940
vn -0.384625 -0.104311 -0.917160
vn 0.480464 0.836448 -0.263646
vn 0.347966 0.777313 -0.524123
vn 0.560798 0.802984 -0.201796
vn -0.478640 0.773753 -0.414982
vn 0.073194 -0.548648 -0.832843
vn -0.035583 -0.694936 -0.718190
vn -0.085456 -0.644561 -0.759762
vn -0.303246 -0.473203 -0.827116
vn -0.456178 -0.199859 -0.867155
vn 0.570124 0.781802 -0.252477
vn 0.486643 0.764679 -0.422428
vn 0.192381 0.738432 -0.646304
vn -0.270888 0.727231 -0.630678
s 1
g Feet M_Skeleton R_F_Distal_Phalanx_1
usemtl Skeleton_Feet_SG
f 1313/1459/1313 1314/1460/1314 1315/1461/1315 1316/1462/1316
f 1314/1460/1314 1313/1459/1313 1317/1463/1317 1318/1464/1318
f 1318/1464/1318 1317/1463/1317 1319/1465/1319 1320/1466/1320
f 1321/1467/1321 1313/1459/1313 1316/1462/1316 1322/1468/1322
f 1321/1467/1321 1323/1469/1323 1317/1463/1317 1313/1459/1313
f 1323/1469/1323 1324/1470/1324 1319/1465/1319 1317/1463/1317
f 1325/1471/1325 1321/1467/1321 1322/1468/1322 1326/1472/1326
f 1325/1471/1325 1327/1473/1327 1323/1469/1323 1321/1467/1321
f 1327/1473/1327 1328/1474/1328 1324/1470/1324 1323/1469/1323
f 1329/1475/1329 1325/1471/1325 1326/1472/1326 1330/1476/1330
f 1329/1475/1329 1331/1477/1331 1327/1473/1327 1325/1471/1325
f 1331/1477/1331 1332/1478/1332 1328/1474/1328 1327/1473/1327
f 1333/1479/1333 1329/1475/1329 1330/1476/1330 1334/1480/1334
f 1333/1479/1333 1335/1481/1335 1331/1477/1331 1329/1475/1329
f 1335/1481/1335 1336/1482/1336 1332/1478/1332 1331/1477/1331
f 1337/1483/1337 1333/1479/1333 1334/1480/1334 1338/1484/1338
f 1337/1483/1337 1339/1485/1339 1335/1481/1335 1333/1479/1333
f 1339/1485/1339 1340/1486/1340 1336/1482/1336 1335/1481/1335
f 1316/1462/1316 1315/1461/1315 1341/1487/1341 1342/1488/1342
f 1322/1468/1322 1316/1462/1316 1342/1488/1342 1343/1489/1343
f 1326/1472/1326 1322/1468/1322 1343/1489/1343 1344/1490/1344
f 1330/1476/1330 1326/1472/1326 1344/1490/1344 1345/1491/1345
f 1334/1480/1334 1330/1476/1330 1345/1491/1345 1346/1492/1346
f 1338/1484/1338 1334/1480/1334 1346/1492/1346 1347/1493/1347
f 1348/1494/1348 1338/1484/1338 1347/1493/1347 1349/1495/1349
f 1348/1494/1348 1350/1496/1350 1337/1483/1337 1338/1484/1338
f 1350/1496/1350 1351/1497/1351 1339/1485/1339 1337/1483/1337
f 1351/1497/1351 1352/1498/1352 1340/1486/1340 1339/1485/1339
f 1352/1498/1352 1353/1499/1353 1354/1500/1354 1340/1486/1340
f 1354/1500/1354 1355/1501/1355 1336/1482/1336 1340/1486/1340
f 1355/1501/1355 1356/1502/1356 1332/1478/1332 1336/1482/1336
f 1356/1502/1356 1357/1503/1357 1328/1474/1328 1332/1478/1332
f 1357/1503/1357 1358/1504/1358 1324/1470/1324 1328/1474/1328
f 1358/1504/1358 1359/1505/1359 1319/1465/1319 1324/1470/1324
f 1359/1505/1359 1360/1506/1360 1320/1466/1320 1319/1465/1319
f 1361/1507/1361 1362/1508/1362 1318/1464/1318 1320/1466/1320
f 1362/1508/1362 1363/1509/1363 1314/1460/1314 1318/1464/1318
f 1360/1506/1360 1359/1505/1359 1364/1510/1364 1365/1511/1365
f 1365/1511/1365 1364/1510/1364 1366/1512/1366 1367/1513/1367
f 1368/1514/1368 1369/1515/1369 1367/1513/1367 1366/1512/1366
f 1370/1516/1370 1371/1517/1371 1369/1515/1369 1368/1514/1368
f 1372/1518/1372 1373/1519/1373 1371/1517/1371 1370/1516/1370
f 1374/1520/1374 1375/1521/1375 1373/1519/1373 1372/1518/1372
f 1376/1522/1376 1377/1523/1377 1378/1524/1378 1379/1525/1379
f 1379/1525/1379 1378/1524/1378 1380/1526/1380 1381/1527/1381
f 1382/1528/1382 1383/1529/1383 1381/1527/1381 1380/1526/1380
f 1383/1529/1383 1382/1528/1382 1384/1530/1384 1385/1531/1385
f 1359/1505/1359 1358/1504/1358 1386/1532/1386 1364/1510/1364
f 1386/1532/1386 1387/1533/1387 1366/1512/1366 1364/1510/1364
f 1387/1533/1387 1388/1534/1388 1368/1514/1368 1366/1512/1366
f 1388/1534/1388 1389/1535/1389 1370/1516/1370 1368/1514/1368
f 1389/1535/1389 1390/1536/1390 1372/1518/1372 1370/1516/1370
f 1372/1518/1372 1390/1536/1390 1391/1537/1391 1374/1520/1374
f 1392/1538/1392 1393/1539/1393 1378/1524/1378 1377/1523/1377
f 1393/1539/1393 1394/1540/1394 1380/1526/1380 1378/1524/1378
f 1394/1540/1394 1395/1541/1395 1382/1528/1382 1380/1526/1380
f 1395/1541/1395 1396/1542/1396 1384/1530/1384 1382/1528/1382
f 1358/1504/1358 1357/1503/1357 1397/1543/1397 1386/1532/1386
f 1397/1543/1397 1398/1544/1398 1387/1533/1387 1386/1532/1386
f 1398/1544/1398 1399/1545/1399 1388/1534/1388 1387/1533/1387
f 1399/1545/1399 1400/1546/1400 1389/1535/1389 1388/1534/1388
f 1400/1546/1400 1401/1547/1401 1390/1536/1390 1389/1535/1389
f 1390/1536/1390 1401/1547/1401 1402/1548/1402 1391/1537/1391
f 1403/1549/1403 1404/1550/1404 1393/1539/1393 1392/1538/1392
f 1404/1550/1404 1405/1551/1405 1394/1540/1394 1393/1539/1393
f 1405/1551/1405 1406/1552/1406 1395/1541/1395 1394/1540/1394
f 1406/1552/1406 1407/1553/1407 1396/1542/1396 1395/1541/1395
f 1357/1503/1357 1356/1502/1356 1408/1554/1408 1397/1543/1397
f 1408/1554/1408 1409/1555/1409 1398/1544/1398 1397/1543/1397
f 1409/1555/1409 1410/1556/1410 1399/1545/1399 1398/1544/1398
f 1410/1556/1410 1411/1557/1411 1400/1546/1400 1399/1545/1399
f 1411/1557/1411 1412/1558/1412 1401/1547/1401 1400/1546/1400
f 1401/1547/1401 1412/1558/1412 1413/1559/1413 1402/1548/1402
f 1414/1560/1414 1415/1561/1415 1404/1550/1404 1403/1549/1403
f 1415/1561/1415 1416/1562/1416 1405/1551/1405 1404/1550/1404
f 1416/1562/1416 1417/1563/1417 1406/1552/1406 1405/1551/1405
f 1417/1563/1417 1418/1564/1418 1407/1553/1407 1406/1552/1406
f 1356/1502/1356 1355/1501/1355 1419/1565/1419 1408/1554/1408
f 1419/1565/1419 1420/1566/1420 1409/1555/1409 1408/1554/1408
f 1420/1566/1420 1421/1567/1421 1410/1556/1410 1409/1555/1409
f 1421/1567/1421 1422/1568/1422 1411/1557/1411 1410/1556/1410
f 1422/1568/1422 1423/1569/1423 1412/1558/1412 1411/1557/1411
f 1412/1558/1412 1423/1569/1423 1424/1570/1424 1413/1559/1413
f 1425/1571/1425 1426/1572/1426 1415/1561/1415 1414/1560/1414
f 1426/1572/1426 1427/1573/1427 1416/1562/1416 1415/1561/1415
f 1427/1573/1427 1428/1574/1428 1417/1563/1417 1416/1562/1416
f 1428/1574/1428 1429/1575/1429 1418/1564/1418 1417/1563/1417
f 1355/1501/1355 1354/1500/1354 1430/1576/1430 1419/1565/1419
f 1430/1576/1430 1431/1577/1431 1420/1566/1420 1419/1565/1419
f 1431/1577/1431 1432/1578/1432 1421/1567/1421 1420/1566/1420
f 1432/1578/1432 1433/1579/1433 1422/1568/1422 1421/1567/1421
f 1433/1579/1433 1434/1580/1434 1423/1569/1423 1422/1568/1422
f 1423/1569/1423 1434/1580/1434 1435/1581/1435 1424/1570/1424
f 1436/1582/1436 1437/1583/1437 1426/1572/1426 1425/1571/1425
f 1437/1583/1437 1438/1584/1438 1427/1573/1427 1426/1572/1426
f 1438/1584/1438 1439/1585/1439 1428/1574/1428 1427/1573/1427
f 1439/1585/1439 1440/1586/1440 1429/1575/1429 1428/1574/1428
f 1354/1500/1354 1353/1499/1353 1441/1587/1441 1430/1576/1430
f 1441/1587/1441 1442/1588/1442 1431/1577/1431 1430/1576/1430
f 1442/1588/1442 1443/1589/1443 1432/1578/1432 1431/1577/1431
f 1443/1589/1443 1444/1590/1444 1433/1579/1433 1432/1578/1432
f 1444/1590/1444 1445/1591/1445 1434/1580/1434 1433/1579/1433
f 1434/1580/1434 1445/1591/1445 1446/1592/1446 1435/1581/1435
f 1447/1593/1447 1448/1594/1448 1437/1583/1437 1436/1582/1436
f 1448/1594/1448 1449/1595/1449 1438/1584/1438 1437/1583/1437
f 1449/1595/1449 1450/1596/1450 1439/1585/1439 1438/1584/1438
f 1450/1596/1450 1451/1597/1451 1440/1586/1440 1439/1585/1439
f 1452/1598/1452 1429/1575/1429 1440/1586/1440 1453/1599/1453
f 1454/1600/1454 1418/1564/1418 1429/1575/1429 1452/1598/1452
f 1455/1601/1455 1407/1553/1407 1418/1564/1418 1454/1600/1454
f 1455/1601/1455 1456/1602/1456 1396/1542/1396 1407/1553/1407
f 1456/1602/1456 1457/1603/1457 1384/1530/1384 1396/1542/1396
f 1458/1604/1458 1385/1531/1385 1384/1530/1384 1457/1603/1457
f 1459/1605/1459 1460/1606/1460 1383/1529/1383 1385/1531/1385
f 1460/1606/1460 1461/1607/1461 1381/1527/1381 1383/1529/1383
f 1461/1607/1461 1462/1608/1462 1379/1525/1379 1381/1527/1381
f 1462/1608/1462 1463/1609/1463 1376/1522/1376 1379/1525/1379
f 1463/1609/1463 1464/1610/1464 1375/1521/1375 1376/1522/1376
f 1464/1610/1464 1465/1611/1465 1373/1519/1373 1375/1521/1375
f 1373/1519/1373 1465/1611/1465 1466/1612/1466 1371/1517/1371
f 1466/1612/1466 1467/1613/1467 1369/1515/1369 1371/1517/1371
f 1467/1613/1467 1468/1614/1468 1367/1513/1367 1369/1515/1369
f 1468/1614/1468 1469/1615/1469 1365/1511/1365 1367/1513/1367
f 1470/1616/1470 1360/1506/1360 1365/1511/1365 1469/1615/1469
f 1470/1616/1470 1361/1507/1361 1320/1466/1320 1360/1506/1360
f 1471/1617/1471 1472/1618/1472 1473/1619/1473 1474/1620/1474
f 1475/1621/1475 1476/1622/1476 1477/1623/1477 1478/1624/1478
f 1479/1625/1479 1480/1626/1480 1476/1622/1476 1475/1621/1475
f 1481/1627/1481 1482/1628/1482 1480/1626/1480 1479/1625/1479
f 1483/1629/1483 1484/1630/1484 1482/1628/1482 1481/1627/1481
f 1485/1631/1485 1486/1632/1486 1487/1633/1487 1488/1634/1488
f 1489/1635/1489 1473/1619/1473 1472/1618/1472 1490/1636/1490
f 1491/1637/1491 1475/1621/1475 1478/1624/1478 1492/1638/1492
f 1493/1639/1493 1479/1625/1479 1475/1621/1475 1491/1637/1491
f 1494/1640/1494 1481/1627/1481 1479/1625/1479 1493/1639/1493
f 1495/1641/1495 1483/1629/1483 1481/1627/1481 1494/1640/1494
f 1496/1642/1496 1485/1631/1485 1488/1634/1488 1497/1643/1497
f 1498/1644/1498 1489/1635/1489 1490/1636/1490 1499/1645/1499
f 1500/1646/1500 1491/1637/1491 1492/1638/1492 1501/1647/1501
f 1502/1648/1502 1493/1639/1493 1491/1637/1491 1500/1646/1500
f 1503/1649/1503 1494/1640/1494 1493/1639/1493 1502/1648/1502
f 1504/1650/1504 1495/1641/1495 1494/1640/1494 1503/1649/1503
f 1505/1651/1505 1496/1642/1496 1497/1643/1497 1506/1652/1506
f 1507/1653/1507 1498/1644/1498 1499/1645/1499 1508/1654/1508
f 1509/1655/1509 1500/1646/1500 1501/1647/1501 1510/1656/1510
f 1511/1657/1511 1502/1648/1502 1500/1646/1500 1509/1655/1509
f 1512/1658/1512 1503/1649/1503 1502/1648/1502 1511/1657/1511
f 1513/1659/1513 1504/1650/1504 1503/1649/1503 1512/1658/1512
f 1514/1660/1514 1505/1651/1505 1506/1652/1506 1515/1661/1515
f 1516/1662/1516 1507/1653/1507 1508/1654/1508 1517/1663/1517
f 1518/1664/1518 1509/1655/1509 1510/1656/1510 1519/1665/1519
f 1520/1666/1520 1511/1657/1511 1509/1655/1509 1518/1664/1518
f 1521/1667/1521 1512/1658/1512 1511/1657/1511 1520/1666/1520
f 1522/1668/1522 1513/1659/1513 1512/1658/1512 1521/1667/1521
f 1523/1669/1523 1514/1660/1514 1515/1661/1515 1524/1670/1524
f 1525/1671/1525 1518/1664/1518 1519/1665/1519 1526/1672/1526
f 1527/1673/1527 1520/1666/1520 1518/1664/1518 1525/1671/1525
f 1528/1674/1528 1521/1667/1521 1520/1666/1520 1527/1673/1527
f 1529/1675/1529 1530/1676/1530 1531/1677/1531 1532/1678/1532
f 1471/1617/1471 1533/1679/1533 1534/1680/1534 1472/1618/1472
f 1534/1680/1534 1535/1681/1535 1490/1636/1490 1472/1618/1472
f 1535/1681/1535 1536/1682/1536 1499/1645/1499 1490/1636/1490
f 1537/1683/1537 1536/1682/1536 1538/1684/1538 1539/1685/1539
f 1540/1686/1540 1537/1683/1537 1539/1685/1539 1541/1687/1541
f 1542/1688/1542 1525/1671/1525 1526/1672/1526 1543/1689/1543
f 1544/1690/1544 1527/1673/1527 1525/1671/1525 1542/1688/1542
f 1545/1691/1545 1528/1674/1528 1527/1673/1527 1544/1690/1544
f 1546/1692/1546 1547/1693/1547 1548/1694/1548 1549/1695/1549
f 1547/1693/1547 1550/1696/1550 1551/1697/1551 1548/1694/1548
f 1550/1696/1550 1552/1698/1552 1553/1699/1553 1551/1697/1551
f 1554/1700/1554 1555/1701/1555 1556/1702/1556 1557/1703/1557
f 1558/1704/1558 1559/1705/1559 1560/1706/1560 1561/1707/1561
f 1559/1705/1559 1562/1708/1562 1563/1709/1563 1560/1706/1560
f 1544/1690/1544 1564/1710/1564 1565/1711/1565 1545/1691/1545
f 1566/1712/1566 1567/1713/1567 1559/1705/1559 1558/1704/1558
f 1567/1713/1567 1568/1714/1568 1562/1708/1562 1559/1705/1559
f 1542/1688/1542 1569/1715/1569 1564/1710/1564 1544/1690/1544
f 1570/1716/1570 1571/1717/1571 1567/1713/1567 1566/1712/1566
f 1571/1717/1571 1572/1718/1572 1568/1714/1568 1567/1713/1567
f 1543/1689/1543 1573/1719/1573 1569/1715/1569 1542/1688/1542
f 1574/1720/1574 1575/1721/1575 1571/1717/1571 1570/1716/1570
f 1575/1721/1575 1576/1722/1576 1572/1718/1572 1571/1717/1571
f 1577/1723/1577 1578/1724/1578 1573/1719/1573 1543/1689/1543
f 1363/1509/1363 1362/1508/1362 1575/1721/1575 1574/1720/1574
f 1362/1508/1362 1361/1507/1361 1576/1722/1576 1575/1721/1575
f 1470/1616/1470 1579/1725/1579 1576/1722/1576 1361/1507/1361
f 1579/1725/1579 1580/1726/1580 1572/1718/1572 1576/1722/1576
f 1580/1726/1580 1581/1727/1581 1568/1714/1568 1572/1718/1572
f 1581/1727/1581 1582/1728/1582 1562/1708/1562 1568/1714/1568
f 1582/1728/1582 1583/1729/1583 1563/1709/1563 1562/1708/1562
f 1584/1730/1584 1560/1706/1560 1563/1709/1563 1585/1731/1585
f 1560/1706/1560 1584/1730/1584 1586/1732/1586 1561/1707/1561
f 1555/1701/1555 1561/1707/1561 1586/1732/1586 1587/1733/1587
f 1555/1701/1555 1587/1733/1587 1588/1734/1588 1556/1702/1556
f 1589/1735/1589 1590/1736/1590 1591/1737/1591 1592/1738/1592
f 1590/1736/1590 1593/1739/1593 1594/1740/1594 1591/1737/1591
f 1593/1739/1593 1595/1741/1595 1596/1742/1596 1594/1740/1594
f 1596/1742/1596 1595/1741/1595 1597/1743/1597 1598/1744/1598
f 1599/1745/1599 1600/1746/1600 1590/1736/1590 1589/1735/1589
f 1600/1746/1600 1601/1747/1601 1593/1739/1593 1590/1736/1590
f 1601/1747/1601 1602/1748/1602 1595/1741/1595 1593/1739/1593
f 1595/1741/1595 1602/1748/1602 1603/1749/1603 1597/1743/1597
f 1604/1750/1604 1605/1751/1605 1600/1752/1600 1599/1753/1599
f 1605/1751/1605 1606/1754/1606 1601/1755/1601 1600/1752/1600
f 1606/1754/1606 1607/1756/1607 1602/1757/1602 1601/1755/1601
f 1602/1757/1602 1607/1756/1607 1608/1758/1608 1603/1759/1603
f 1609/1760/1609 1610/1761/1610 1605/1751/1605 1604/1750/1604
f 1610/1761/1610 1611/1762/1611 1606/1754/1606 1605/1751/1605
f 1611/1762/1611 1612/1763/1612 1607/1756/1607 1606/1754/1606
f 1607/1756/1607 1612/1763/1612 1613/1764/1613 1608/1758/1608
f 1352/1498/1352 1351/1497/1351 1610/1761/1610 1609/1760/1609
f 1351/1497/1351 1350/1496/1350 1611/1762/1611 1610/1761/1610
f 1350/1496/1350 1348/1494/1348 1612/1763/1612 1611/1762/1611
f 1612/1763/1612 1348/1494/1348 1349/1495/1349 1613/1764/1613
f 1614/1765/1614 1589/1735/1589 1592/1738/1592 1615/1766/1615
f 1614/1765/1614 1616/1767/1616 1599/1745/1599 1589/1735/1589
f 1616/1768/1616 1617/1769/1617 1604/1750/1604 1599/1753/1599
f 1617/1769/1617 1618/1770/1618 1609/1760/1609 1604/1750/1604
f 1618/1770/1618 1353/1499/1353 1352/1498/1352 1609/1760/1609
f 1619/1771/1619 1596/1742/1596 1598/1744/1598 1620/1772/1620
f 1596/1742/1596 1619/1771/1619 1621/1773/1621 1594/1740/1594
f 1594/1740/1594 1621/1773/1621 1622/1774/1622 1591/1737/1591
f 1623/1775/1623 1592/1738/1592 1591/1737/1591 1622/1774/1622
f 1624/1776/1624 1615/1766/1615 1592/1738/1592 1623/1775/1623
f 1353/1499/1353 1618/1770/1618 1625/1777/1625 1441/1587/1441
f 1625/1777/1625 1626/1778/1626 1442/1588/1442 1441/1587/1441
f 1626/1778/1626 1627/1779/1627 1443/1589/1443 1442/1588/1442
f 1627/1779/1627 1628/1780/1628 1444/1590/1444 1443/1589/1443
f 1628/1780/1628 1629/1781/1629 1445/1591/1445 1444/1590/1444
f 1629/1781/1629 1630/1782/1630 1446/1592/1446 1445/1591/1445
f 1631/1783/1631 1632/1784/1632 1448/1594/1448 1447/1593/1447
f 1632/1784/1632 1633/1785/1633 1449/1595/1449 1448/1594/1448
f 1633/1785/1633 1634/1786/1634 1450/1596/1450 1449/1595/1449
f 1634/1786/1634 1635/1787/1635 1451/1597/1451 1450/1596/1450
f 1618/1770/1618 1617/1769/1617 1636/1788/1636 1625/1777/1625
f 1636/1788/1636 1637/1789/1637 1626/1778/1626 1625/1777/1625
f 1637/1789/1637 1638/1790/1638 1627/1779/1627 1626/1778/1626
f 1638/1790/1638 1639/1791/1639 1628/1780/1628 1627/1779/1627
f 1639/1791/1639 1640/1792/1640 1629/1781/1629 1628/1780/1628
f 1629/1781/1629 1640/1792/1640 1641/1793/1641 1630/1782/1630
f 1642/1794/1642 1643/1795/1643 1632/1784/1632 1631/1783/1631
f 1643/1795/1643 1644/1796/1644 1633/1785/1633 1632/1784/1632
f 1644/1796/1644 1645/1797/1645 1634/1786/1634 1633/1785/1633
f 1645/1797/1645 1646/1798/1646 1635/1787/1635 1634/1786/1634
f 1617/1769/1617 1616/1768/1616 1647/1799/1647 1636/1788/1636
f 1647/1799/1647 1648/1800/1648 1637/1789/1637 1636/1788/1636
f 1648/1800/1648 1649/1801/1649 1638/1790/1638 1637/1789/1637
f 1649/1801/1649 1650/1802/1650 1639/1791/1639 1638/1790/1638
f 1650/1802/1650 1651/1803/1651 1640/1792/1640 1639/1791/1639
f 1640/1792/1640 1651/1803/1651 1652/1804/1652 1641/1793/1641
f 1653/1805/1653 1654/1806/1654 1643/1795/1643 1642/1794/1642
f 1654/1806/1654 1655/1807/1655 1644/1796/1644 1643/1795/1643
f 1655/1807/1655 1656/1808/1656 1645/1797/1645 1644/1796/1644
f 1656/1808/1656 1657/1809/1657 1646/1798/1646 1645/1797/1645
f 1616/1767/1616 1614/1765/1614 1658/1810/1658 1647/1811/1647
f 1658/1810/1658 1659/1812/1659 1648/1813/1648 1647/1811/1647
f 1659/1812/1659 1660/1814/1660 1649/1815/1649 1648/1813/1648
f 1660/1814/1660 1661/1816/1661 1650/1817/1650 1649/1815/1649
f 1661/1816/1661 1662/1818/1662 1651/1819/1651 1650/1817/1650
f 1651/1819/1651 1662/1818/1662 1663/1820/1663 1652/1821/1652
f 1664/1822/1664 1665/1823/1665 1654/1824/1654 1653/1825/1653
f 1665/1823/1665 1666/1826/1666 1655/1827/1655 1654/1824/1654
f 1666/1826/1666 1667/1828/1667 1656/1829/1656 1655/1827/1655
f 1667/1828/1667 1668/1830/1668 1657/1831/1657 1656/1829/1656
f 1614/1765/1614 1615/1766/1615 1669/1832/1669 1658/1810/1658
f 1669/1832/1669 1670/1833/1670 1659/1812/1659 1658/1810/1658
f 1670/1833/1670 1671/1834/1671 1660/1814/1660 1659/1812/1659
f 1671/1834/1671 1672/1835/1672 1661/1816/1661 1660/1814/1660
f 1672/1835/1672 1673/1836/1673 1662/1818/1662 1661/1816/1661
f 1662/1818/1662 1673/1836/1673 1674/1837/1674 1663/1820/1663
f 1675/1838/1675 1676/1839/1676 1665/1823/1665 1664/1822/1664
f 1676/1839/1676 1677/1840/1677 1666/1826/1666 1665/1823/1665
f 1677/1840/1677 1678/1841/1678 1667/1828/1667 1666/1826/1666
f 1678/1841/1678 1679/1842/1679 1668/1830/1668 1667/1828/1667
f 1615/1766/1615 1624/1776/1624 1680/1843/1680 1669/1832/1669
f 1680/1843/1680 1681/1844/1681 1670/1833/1670 1669/1832/1669
f 1681/1844/1681 1682/1845/1682 1671/1834/1671 1670/1833/1670
f 1682/1845/1682 1683/1846/1683 1672/1835/1672 1671/1834/1671
f 1683/1846/1683 1684/1847/1684 1673/1836/1673 1672/1835/1672
f 1673/1836/1673 1684/1847/1684 1685/1848/1685 1674/1837/1674
f 1686/1849/1686 1687/1850/1687 1676/1839/1676 1675/1838/1675
f 1687/1850/1687 1688/1851/1688 1677/1840/1677 1676/1839/1676
f 1688/1851/1688 1689/1852/1689 1678/1841/1678 1677/1840/1677
f 1689/1852/1689 1690/1853/1690 1679/1842/1679 1678/1841/1678
f 1679/1842/1679 1690/1853/1690 1691/1854/1691 1692/1855/1692
f 1692/1855/1692 1693/1856/1693 1668/1830/1668 1679/1842/1679
f 1694/1857/1694 1657/1831/1657 1668/1830/1668 1693/1856/1693
f 1695/1858/1695 1646/1798/1646 1657/1809/1657 1694/1859/1694
f 1696/1860/1696 1635/1787/1635 1646/1798/1646 1695/1858/1695
f 1697/1861/1697 1451/1597/1451 1635/1787/1635 1696/1860/1696
f 1453/1599/1453 1440/1586/1440 1451/1597/1451 1697/1861/1697
f 1583/1729/1583 1582/1728/1582 1698/1862/1698 1699/1863/1699
f 1698/1862/1698 1700/1864/1700 1701/1865/1701 1699/1863/1699
f 1700/1864/1700 1702/1866/1702 1703/1867/1703 1701/1865/1701
f 1702/1866/1702 1704/1868/1704 1705/1869/1705 1703/1867/1703
f 1706/1870/1706 1707/1871/1707 1708/1872/1708 1709/1873/1709
f 1707/1871/1707 1710/1874/1710 1711/1875/1711 1708/1872/1708
f 1710/1874/1710 1712/1876/1712 1713/1877/1713 1711/1875/1711
f 1712/1876/1712 1714/1878/1714 1715/1879/1715 1713/1877/1713
f 1714/1878/1714 1716/1880/1716 1717/1881/1717 1715/1879/1715
f 1716/1880/1716 1718/1882/1718 1719/1883/1719 1717/1881/1717
f 1582/1728/1582 1581/1727/1581 1720/1884/1720 1698/1862/1698
f 1720/1884/1720 1721/1885/1721 1700/1864/1700 1698/1862/1698
f 1721/1885/1721 1722/1886/1722 1702/1866/1702 1700/1864/1700
f 1722/1886/1722 1723/1887/1723 1704/1868/1704 1702/1866/1702
f 1724/1888/1724 1725/1889/1725 1707/1871/1707 1706/1870/1706
f 1725/1889/1725 1726/1890/1726 1710/1874/1710 1707/1871/1707
f 1726/1890/1726 1727/1891/1727 1712/1876/1712 1710/1874/1710
f 1727/1891/1727 1728/1892/1728 1714/1878/1714 1712/1876/1712
f 1728/1892/1728 1729/1893/1729 1716/1880/1716 1714/1878/1714
f 1729/1893/1729 1730/1894/1730 1718/1882/1718 1716/1880/1716
f 1581/1727/1581 1580/1726/1580 1731/1895/1731 1720/1884/1720
f 1731/1895/1731 1732/1896/1732 1721/1885/1721 1720/1884/1720
f 1732/1896/1732 1733/1897/1733 1722/1886/1722 1721/1885/1721
f 1733/1897/1733 1734/1898/1734 1723/1887/1723 1722/1886/1722
f 1735/1899/1735 1736/1900/1736 1725/1889/1725 1724/1888/1724
f 1736/1900/1736 1737/1901/1737 1726/1890/1726 1725/1889/1725
f 1737/1901/1737 1738/1902/1738 1727/1891/1727 1726/1890/1726
f 1738/1902/1738 1739/1903/1739 1728/1892/1728 1727/1891/1727
f 1739/1903/1739 1740/1904/1740 1729/1893/1729 1728/1892/1728
f 1740/1904/1740 1741/1905/1741 1730/1894/1730 1729/1893/1729
f 1580/1726/1580 1579/1725/1579 1742/1906/1742 1731/1895/1731
f 1742/1906/1742 1743/1907/1743 1732/1896/1732 1731/1895/1731
f 1743/1907/1743 1744/1908/1744 1733/1897/1733 1732/1896/1732
f 1744/1908/1744 1745/1909/1745 1734/1898/1734 1733/1897/1733
f 1746/1910/1746 1747/1911/1747 1736/1900/1736 1735/1899/1735
f 1747/1911/1747 1748/1912/1748 1737/1901/1737 1736/1900/1736
f 1748/1912/1748 1749/1913/1749 1738/1902/1738 1737/1901/1737
f 1749/1913/1749 1750/1914/1750 1739/1903/1739 1738/1902/1738
f 1750/1914/1750 1751/1915/1751 1740/1904/1740 1739/1903/1739
f 1751/1915/1751 1752/1916/1752 1741/1905/1741 1740/1904/1740
f 1579/1725/1579 1470/1616/1470 1469/1615/1469 1742/1906/1742
f 1469/1615/1469 1468/1614/1468 1743/1907/1743 1742/1906/1742
f 1468/1614/1468 1467/1613/1467 1744/1908/1744 1743/1907/1743
f 1467/1613/1467 1466/1612/1466 1745/1909/1745 1744/1908/1744
f 1465/1611/1465 1464/1610/1464 1747/1911/1747 1746/1910/1746
f 1464/1610/1464 1463/1609/1463 1748/1912/1748 1747/1911/1747
f 1463/1609/1463 1462/1608/1462 1749/1913/1749 1748/1912/1748
f 1462/1608/1462 1461/1607/1461 1750/1914/1750 1749/1913/1749
f 1461/1607/1461 1460/1606/1460 1751/1915/1751 1750/1914/1750
f 1460/1606/1460 1459/1605/1459 1752/1916/1752 1751/1915/1751
f 1459/1605/1459 1385/1531/1385 1458/1604/1458 1753/1917/1753
f 1753/1917/1753 1754/1918/1754 1752/1916/1752 1459/1605/1459
f 1754/1918/1754 1755/1919/1755 1741/1905/1741 1752/1916/1752
f 1755/1919/1755 1756/1920/1756 1730/1894/1730 1741/1905/1741
f 1756/1920/1756 1757/1921/1757 1718/1882/1718 1730/1894/1730
f 1757/1921/1757 1758/1922/1758 1719/1883/1719 1718/1882/1718
f 1759/1923/1759 1760/1924/1760 1719/1883/1719 1758/1922/1758
f 1719/1883/1719 1760/1924/1760 1761/1925/1761 1717/1881/1717
f 1717/1881/1717 1761/1925/1761 1762/1926/1762 1715/1879/1715
f 1763/1927/1763 1713/1877/1713 1715/1879/1715 1762/1926/1762
f 1713/1877/1713 1763/1927/1763 1764/1928/1764 1711/1875/1711
f 1765/1929/1765 1709/1873/1709 1708/1872/1708 1766/1930/1766
f 1703/1867/1703 1705/1869/1705 1767/1931/1767 1768/1932/1768
f 1769/1933/1769 1701/1865/1701 1703/1867/1703 1768/1932/1768
f 1770/1934/1770 1699/1863/1699 1701/1865/1701 1769/1933/1769
f 1771/1935/1771 1583/1729/1583 1699/1863/1699 1770/1934/1770
f 1585/1731/1585 1563/1709/1563 1583/1729/1583 1771/1935/1771
f 1772/1936/1772 1753/1937/1753 1458/1938/1458 1773/1939/1773
f 1774/1940/1774 1775/1941/1775 1776/1942/1776 1777/1943/1777
f 1778/1944/1778 1779/1945/1779 1775/1941/1775 1774/1940/1774
f 1780/1946/1780 1781/1947/1781 1779/1945/1779 1778/1944/1778
f 1782/1948/1782 1783/1949/1783 1781/1947/1781 1780/1946/1780
f 1784/1950/1784 1759/1923/1759 1785/1951/1785 1786/1952/1786
f 1787/1953/1787 1788/1954/1788 1789/1955/1789 1790/1956/1790
f 1791/1957/1791 1774/1940/1774 1777/1943/1777 1792/1958/1792
f 1793/1959/1793 1778/1944/1778 1774/1940/1774 1791/1957/1791
f 1794/1960/1794 1780/1946/1780 1778/1944/1778 1793/1959/1793
f 1795/1961/1795 1782/1948/1782 1780/1946/1780 1794/1960/1794
f 1796/1962/1796 1784/1950/1784 1786/1952/1786 1797/1963/1797
f 1798/1964/1798 1787/1953/1787 1790/1956/1790 1799/1965/1799
f 1800/1966/1800 1791/1957/1791 1792/1958/1792 1801/1967/1801
f 1802/1968/1802 1793/1959/1793 1791/1957/1791 1800/1966/1800
f 1803/1969/1803 1794/1960/1794 1793/1959/1793 1802/1968/1802
f 1804/1970/1804 1795/1961/1795 1794/1960/1794 1803/1969/1803
f 1805/1971/1805 1796/1962/1796 1797/1963/1797 1806/1972/1806
f 1807/1973/1807 1798/1964/1798 1799/1965/1799 1808/1974/1808
f 1809/1975/1809 1800/1966/1800 1801/1967/1801 1810/1976/1810
f 1811/1977/1811 1802/1968/1802 1800/1966/1800 1809/1975/1809
f 1812/1978/1812 1803/1969/1803 1802/1968/1802 1811/1977/1811
f 1813/1979/1813 1804/1970/1804 1803/1969/1803 1812/1978/1812
f 1814/1980/1814 1805/1971/1805 1806/1972/1806 1815/1981/1815
f 1816/1982/1816 1807/1973/1807 1808/1974/1808 1817/1983/1817
f 1818/1984/1818 1809/1975/1809 1810/1976/1810 1819/1985/1819
f 1820/1986/1820 1811/1977/1811 1809/1975/1809 1818/1984/1818
f 1821/1987/1821 1812/1978/1812 1811/1977/1811 1820/1986/1820
f 1822/1988/1822 1813/1979/1813 1812/1978/1812 1821/1987/1821
f 1823/1989/1823 1814/1980/1814 1815/1981/1815 1824/1990/1824
f 1825/1991/1825 1816/1982/1816 1817/1983/1817 1826/1992/1826
f 1827/1993/1827 1818/1984/1818 1819/1985/1819 1828/1994/1828
f 1829/1995/1829 1820/1986/1820 1818/1984/1818 1827/1993/1827
f 1830/1996/1830 1821/1987/1821 1820/1986/1820 1829/1995/1829
f 1823/1989/1823 1824/1990/1824 1831/1997/1831 1691/1854/1691
f 1456/1998/1456 1790/1956/1790 1789/1955/1789 1457/1999/1457
f 1456/1998/1456 1455/2000/1455 1799/1965/1799 1790/1956/1790
f 1455/2000/1455 1454/2001/1454 1808/1974/1808 1799/1965/1799
f 1452/2002/1452 1817/1983/1817 1808/1974/1808 1454/2001/1454
f 1695/2003/1695 1827/1993/1827 1828/1994/1828 1696/2004/1696
f 1694/2005/1694 1829/1995/1829 1827/1993/1827 1695/2003/1695
f 1693/2006/1693 1830/1996/1830 1829/1995/1829 1694/2005/1694
f 1779/1945/1779 1781/1947/1781 1757/1921/1757 1756/2007/1756
f 1775/1941/1775 1779/1945/1779 1756/2007/1756 1755/2008/1755
f 1776/1942/1776 1775/1941/1775 1755/2008/1755 1754/2009/1754
f 1690/1853/1690 1689/1852/1689 1832/2010/1832 1833/2011/1833
f 1834/2012/1834 1835/2013/1835 1833/2011/1833 1832/2010/1832
f 1836/2014/1836 1837/2015/1837 1835/2013/1835 1834/2012/1834
f 1838/2016/1838 1839/2017/1839 1837/2015/1837 1836/2014/1836
f 1840/2018/1840 1841/2019/1841 1839/2017/1839 1838/2016/1838
f 1761/1925/1761 1760/1924/1760 1841/2019/1841 1840/2018/1840
f 1689/1852/1689 1688/1851/1688 1842/2020/1842 1832/2010/1832
f 1843/2021/1843 1834/2012/1834 1832/2010/1832 1842/2020/1842
f 1844/2022/1844 1836/2014/1836 1834/2012/1834 1843/2021/1843
f 1845/2023/1845 1838/2016/1838 1836/2014/1836 1844/2022/1844
f 1846/2024/1846 1840/2018/1840 1838/2016/1838 1845/2023/1845
f 1762/1926/1762 1761/1925/1761 1840/2018/1840 1846/2024/1846
f 1687/1850/1687 1847/2025/1847 1842/2020/1842 1688/1851/1688
f 1848/2026/1848 1843/2021/1843 1842/2020/1842 1847/2025/1847
f 1849/2027/1849 1844/2022/1844 1843/2021/1843 1848/2026/1848
f 1850/2028/1850 1845/2023/1845 1844/2022/1844 1849/2027/1849
f 1851/2029/1851 1846/2024/1846 1845/2023/1845 1850/2028/1850
f 1763/1927/1763 1762/1926/1762 1846/2024/1846 1851/2029/1851
f 1687/1850/1687 1686/1849/1686 1852/2030/1852 1847/2025/1847
f 1853/2031/1853 1848/2026/1848 1847/2025/1847 1852/2030/1852
f 1854/2032/1854 1849/2027/1849 1848/2026/1848 1853/2031/1853
f 1855/2033/1855 1850/2028/1850 1849/2027/1849 1854/2032/1854
f 1856/2034/1856 1851/2029/1851 1850/2028/1850 1855/2033/1855
f 1764/1928/1764 1763/1927/1763 1851/2029/1851 1856/2034/1856
f 1686/1849/1686 1685/1848/1685 1857/2035/1857 1852/2030/1852
f 1858/2036/1858 1859/2037/1859 1860/2038/1860 1857/2035/1857
f 1859/2037/1859 1861/2039/1861 1862/2040/1862 1860/2038/1860
f 1861/2039/1861 1863/2041/1863 1864/2042/1864 1862/2040/1862
f 1863/2041/1863 1865/2043/1865 1866/2044/1866 1864/2042/1864
f 1865/2043/1865 1765/1929/1765 1766/1930/1766 1866/2044/1866
f 1684/1847/1684 1683/1846/1683 1867/2045/1867 1858/2036/1858
f 1868/2046/1868 1859/2037/1859 1858/2036/1858 1867/2045/1867
f 1869/2047/1869 1861/2039/1861 1859/2037/1859 1868/2046/1868
f 1870/2048/1870 1863/2041/1863 1861/2039/1861 1869/2047/1869
f 1871/2049/1871 1865/2043/1865 1863/2041/1863 1870/2048/1870
f 1767/1931/1767 1765/1929/1765 1865/2043/1865 1871/2049/1871
f 1683/1846/1683 1682/1845/1682 1872/2050/1872 1867/2045/1867
f 1873/2051/1873 1868/2046/1868 1867/2045/1867 1872/2050/1872
f 1874/2052/1874 1869/2047/1869 1868/2046/1868 1873/2051/1873
f 1875/2053/1875 1870/2048/1870 1869/2047/1869 1874/2052/1874
f 1876/2054/1876 1871/2049/1871 1870/2048/1870 1875/2053/1875
f 1768/1932/1768 1767/1931/1767 1871/2049/1871 1876/2054/1876
f 1681/1844/1681 1877/2055/1877 1872/2050/1872 1682/1845/1682
f 1878/2056/1878 1873/2051/1873 1872/2050/1872 1877/2055/1877
f 1879/2057/1879 1874/2052/1874 1873/2051/1873 1878/2056/1878
f 1880/2058/1880 1875/2053/1875 1874/2052/1874 1879/2057/1879
f 1881/2059/1881 1876/2054/1876 1875/2053/1875 1880/2058/1880
f 1769/1933/1769 1768/1932/1768 1876/2054/1876 1881/2059/1881
f 1680/1843/1680 1882/2060/1882 1877/2055/1877 1681/1844/1681
f 1883/2061/1883 1878/2056/1878 1877/2055/1877 1882/2060/1882
f 1884/2062/1884 1879/2057/1879 1878/2056/1878 1883/2061/1883
f 1885/2063/1885 1880/2058/1880 1879/2057/1879 1884/2062/1884
f 1886/2064/1886 1881/2059/1881 1880/2058/1880 1885/2063/1885
f 1770/1934/1770 1769/1933/1769 1881/2059/1881 1886/2064/1886
f 1624/1776/1624 1887/2065/1887 1882/2060/1882 1680/1843/1680
f 1887/2065/1887 1888/2066/1888 1883/2061/1883 1882/2060/1882
f 1888/2066/1888 1889/2067/1889 1884/2062/1884 1883/2061/1883
f 1889/2067/1889 1890/2068/1890 1885/2063/1885 1884/2062/1884
f 1890/2068/1890 1891/2069/1891 1886/2064/1886 1885/2063/1885
f 1891/2069/1891 1771/1935/1771 1770/1934/1770 1886/2064/1886
f 1623/1775/1623 1892/2070/1892 1887/2065/1887 1624/1776/1624
f 1893/2071/1893 1888/2066/1888 1887/2065/1887 1892/2070/1892
f 1894/2072/1894 1889/2067/1889 1888/2066/1888 1893/2071/1893
f 1895/2073/1895 1890/2068/1890 1889/2067/1889 1894/2072/1894
f 1896/2074/1896 1891/2069/1891 1890/2068/1890 1895/2073/1895
f 1585/1731/1585 1771/1935/1771 1891/2069/1891 1896/2074/1896
f 1784/1950/1784 1841/2019/1841 1760/1924/1760 1759/1923/1759
f 1839/2017/1839 1841/2019/1841 1784/1950/1784 1796/1962/1796
f 1837/2015/1837 1839/2017/1839 1796/1962/1796 1805/1971/1805
f 1835/2013/1835 1837/2015/1837 1805/1971/1805 1814/1980/1814
f 1833/2011/1833 1835/2013/1835 1814/1980/1814 1823/1989/1823
f 1690/1853/1690 1833/2011/1833 1823/1989/1823 1691/1854/1691
f 1622/1774/1622 1897/2075/1897 1892/2070/1892 1623/1775/1623
f 1898/2076/1898 1893/2071/1893 1892/2070/1892 1897/2075/1897
f 1899/2077/1899 1894/2072/1894 1893/2071/1893 1898/2076/1898
f 1900/2078/1900 1895/2073/1895 1894/2072/1894 1899/2077/1899
f 1901/2079/1901 1896/2074/1896 1895/2073/1895 1900/2078/1900
f 1584/1730/1584 1585/1731/1585 1896/2074/1896 1901/2079/1901
f 1622/1774/1622 1621/1773/1621 1902/2080/1902 1897/2075/1897
f 1903/2081/1903 1898/2076/1898 1897/2075/1897 1902/2080/1902
f 1904/2082/1904 1899/2077/1899 1898/2076/1898 1903/2081/1903
f 1905/2083/1905 1900/2078/1900 1899/2077/1899 1904/2082/1904
f 1906/2084/1906 1901/2079/1901 1900/2078/1900 1905/2083/1905
f 1586/1732/1586 1584/1730/1584 1901/2079/1901 1906/2084/1906
f 1621/1773/1621 1619/1771/1619 1907/2085/1907 1902/2080/1902
f 1908/2086/1908 1903/2081/1903 1902/2080/1902 1907/2085/1907
f 1909/2087/1909 1904/2082/1904 1903/2081/1903 1908/2086/1908
f 1910/2088/1910 1905/2083/1905 1904/2082/1904 1909/2087/1909
f 1911/2089/1911 1906/2084/1906 1905/2083/1905 1910/2088/1910
f 1587/1733/1587 1586/1732/1586 1906/2084/1906 1911/2089/1911
f 1907/2085/1907 1619/1771/1619 1620/1772/1620 1912/2090/1912
f 1908/2086/1908 1907/2085/1907 1912/2090/1912 1913/2091/1913
f 1909/2087/1909 1908/2086/1908 1913/2091/1913 1914/2092/1914
f 1910/2088/1910 1909/2087/1909 1914/2092/1914 1915/2093/1915
f 1911/2089/1911 1910/2088/1910 1915/2093/1915 1916/2094/1916
f 1587/1733/1587 1911/2089/1911 1916/2094/1916 1588/1734/1588
f 1917/2095/1917 1554/1700/1554 1557/1703/1557 1918/2096/1918
f 1919/2097/1919 1917/2095/1917 1918/2096/1918 1920/2098/1920
f 1921/2099/1921 1919/2097/1919 1920/2098/1920 1922/2100/1922
f 1923/2101/1923 1921/2099/1921 1922/2100/1922 1924/2102/1924
f 1925/2103/1925 1516/1662/1516 1517/1663/1517 1926/2104/1926
f 1522/1668/1522 1927/2105/1927 1928/2106/1928 1524/1670/1524
f 1819/1985/1819 1816/1982/1816 1825/1991/1825 1828/1994/1828
f 1783/1949/1783 1758/1922/1758 1757/1921/1757 1781/1947/1781
f 1822/1988/1822 1929/2107/1929 1831/1997/1831 1824/1990/1824
f 1772/1936/1772 1776/1942/1776 1754/2009/1754 1753/1937/1753
f 1517/1663/1517 1540/1686/1540 1930/2108/1930 1926/2104/1926
f 1492/1638/1492 1478/1624/1478 1473/1619/1473 1489/1635/1489
f 1501/1647/1501 1492/1638/1492 1489/1635/1489 1498/1644/1498
f 1510/1656/1510 1501/1647/1501 1498/1644/1498 1507/1653/1507
f 1519/1665/1519 1510/1656/1510 1507/1653/1507 1516/1662/1516
f 1526/1672/1526 1519/1665/1519 1516/1662/1516 1925/2103/1925
f 1543/1689/1543 1526/1672/1526 1925/2103/1925 1577/1723/1577
f 1477/1623/1477 1553/1699/1553 1931/2109/1931 1474/1620/1474
f 1478/1624/1478 1477/1623/1477 1474/1620/1474 1473/1619/1473
f 1474/1620/1474 1931/2109/1931 1533/1679/1533 1471/1617/1471
f 1524/1670/1524 1515/1661/1515 1513/1659/1513 1522/1668/1522
f 1515/1661/1515 1506/1652/1506 1504/1650/1504 1513/1659/1513
f 1506/1652/1506 1497/1643/1497 1495/1641/1495 1504/1650/1504
f 1497/1643/1497 1488/1634/1488 1483/1629/1483 1495/1641/1495
f 1488/1634/1488 1487/1633/1487 1484/1630/1484 1483/1629/1483
f 1932/2110/1932 1546/1692/1546 1549/1695/1549 1933/2111/1933
f 1934/2112/1934 1932/2110/1932 1933/2111/1933 1486/1632/1486
f 1521/1667/1521 1528/1674/1528 1927/2105/1927 1522/1668/1522
f 1528/1674/1528 1545/1691/1545 1532/1678/1532 1927/2105/1927
f 1530/1676/1530 1935/2113/1935 1523/1669/1523 1531/1677/1531
f 1792/1958/1792 1777/1943/1777 1788/1954/1788 1787/1953/1787
f 1801/1967/1801 1792/1958/1792 1787/1953/1787 1798/1964/1798
f 1810/1976/1810 1801/1967/1801 1798/1964/1798 1807/1973/1807
f 1819/1985/1819 1810/1976/1810 1807/1973/1807 1816/1982/1816
f 1696/2004/1696 1828/1994/1828 1825/1991/1825 1697/2114/1697
f 1777/1943/1777 1776/1942/1776 1772/1936/1772 1788/1954/1788
f 1452/2002/1452 1453/2115/1453 1826/1992/1826 1817/1983/1817
f 1788/1954/1788 1772/1936/1772 1773/1939/1773 1789/1955/1789
f 1697/2114/1697 1825/1991/1825 1826/1992/1826 1453/2115/1453
f 1457/1999/1457 1789/1955/1789 1773/1939/1773 1458/1938/1458
f 1797/1963/1797 1786/1952/1786 1782/1948/1782 1795/1961/1795
f 1806/1972/1806 1797/1963/1797 1795/1961/1795 1804/1970/1804
f 1815/1981/1815 1806/1972/1806 1804/1970/1804 1813/1979/1813
f 1824/1990/1824 1815/1981/1815 1813/1979/1813 1822/1988/1822
f 1786/1952/1786 1785/1951/1785 1783/1949/1783 1782/1948/1782
f 1785/1951/1785 1759/1923/1759 1758/1922/1758 1783/1949/1783
f 1830/1996/1830 1693/2006/1693 1692/1855/1692 1929/2107/1929
f 1821/1987/1821 1830/1996/1830 1929/2107/1929 1822/1988/1822
f 1929/2107/1929 1692/1855/1692 1691/1854/1691 1831/1997/1831
f 1577/1723/1577 1930/2108/1930 1936/2116/1936 1578/1724/1578
f 1923/2101/1923 1315/1461/1315 1314/1460/1314 1363/1509/1363
f 1541/1687/1541 1936/2116/1936 1930/2108/1930 1540/1686/1540
f 1517/1663/1517 1508/1654/1508 1537/1683/1537 1540/1686/1540
f 1508/1654/1508 1499/1645/1499 1536/1682/1536 1537/1683/1537
f 1937/2117/1937 1538/1684/1538 1536/1682/1536 1535/1681/1535
f 1938/2118/1938 1937/2117/1937 1535/1681/1535 1534/1680/1534
f 1939/2119/1939 1938/2118/1938 1534/1680/1534 1533/1679/1533
f 1940/2120/1940 1939/2119/1939 1533/1679/1533 1931/2109/1931
f 1552/1698/1552 1940/2120/1940 1931/2109/1931 1553/1699/1553
f 1477/1623/1477 1476/1622/1476 1551/1697/1551 1553/1699/1553
f 1476/1622/1476 1480/1626/1480 1548/1694/1548 1551/1697/1551
f 1480/1626/1480 1482/1628/1482 1549/1695/1549 1548/1694/1548
f 1482/1628/1482 1484/1630/1484 1933/2111/1933 1549/1695/1549
f 1484/1630/1484 1487/1633/1487 1486/1632/1486 1933/2111/1933
f 1941/2121/1941 1934/2112/1934 1486/1632/1486 1485/1631/1485
f 1942/2122/1942 1941/2121/1941 1485/1631/1485 1496/1642/1496
f 1943/2123/1943 1942/2122/1942 1496/1642/1496 1505/1651/1505
f 1944/2124/1944 1943/2123/1943 1505/1651/1505 1514/1660/1514
f 1935/2113/1935 1944/2124/1944 1514/1660/1514 1523/1669/1523
f 1524/1670/1524 1928/2106/1928 1531/1677/1531 1523/1669/1523
f 1928/2106/1928 1927/2105/1927 1532/1678/1532 1531/1677/1531
f 1925/2103/1925 1926/2104/1926 1930/2108/1930 1577/1723/1577
f 1565/1711/1565 1529/1675/1529 1532/1678/1532 1545/1691/1545
f 1566/1712/1566 1558/1704/1558 1554/1700/1554 1917/2095/1917
f 1570/1716/1570 1566/1712/1566 1917/2095/1917 1919/2097/1919
f 1574/1720/1574 1570/1716/1570 1919/2097/1919 1921/2099/1921
f 1363/1509/1363 1574/1720/1574 1921/2099/1921 1923/2101/1923
f 1558/1704/1558 1561/1707/1561 1555/1701/1555 1554/1700/1554
f 1315/1461/1315 1923/2101/1923 1924/2102/1924 1341/1487/1341
f 1706/1870/1706 1709/1873/1709 1705/1869/1705 1704/1868/1704
f 1724/1888/1724 1706/1870/1706 1704/1868/1704 1723/1887/1723
f 1735/1899/1735 1724/1888/1724 1723/1887/1723 1734/1898/1734
f 1746/1910/1746 1735/1899/1735 1734/1898/1734 1745/1909/1745
f 1465/1611/1465 1746/1910/1746 1745/1909/1745 1466/1612/1466
f 1709/1873/1709 1765/1929/1765 1767/1931/1767 1705/1869/1705
f 1392/1538/1392 1377/1523/1377 1374/1520/1374 1391/1537/1391
f 1403/1549/1403 1392/1538/1392 1391/1537/1391 1402/1548/1402
f 1414/1560/1414 1403/1549/1403 1402/1548/1402 1413/1559/1413
f 1425/1571/1425 1414/1560/1414 1413/1559/1413 1424/1570/1424
f 1436/1582/1436 1425/1571/1425 1424/1570/1424 1435/1581/1435
f 1447/1593/1447 1436/1582/1436 1435/1581/1435 1446/1592/1446
f 1631/1783/1631 1447/1593/1447 1446/1592/1446 1630/1782/1630
f 1642/1794/1642 1631/1783/1631 1630/1782/1630 1641/1793/1641
f 1653/1805/1653 1642/1794/1642 1641/1793/1641 1652/1804/1652
f 1664/1822/1664 1653/1825/1653 1652/1821/1652 1663/1820/1663
f 1675/1838/1675 1664/1822/1664 1663/1820/1663 1674/1837/1674
f 1686/1849/1686 1675/1838/1675 1674/1837/1674 1685/1848/1685
f 1684/1847/1684 1858/2036/1858 1857/2035/1857 1685/1848/1685
f 1853/2031/1853 1852/2030/1852 1857/2035/1857 1860/2038/1860
f 1854/2032/1854 1853/2031/1853 1860/2038/1860 1862/2040/1862
f 1855/2033/1855 1854/2032/1854 1862/2040/1862 1864/2042/1864
f 1856/2034/1856 1855/2033/1855 1864/2042/1864 1866/2044/1866
f 1764/1928/1764 1856/2034/1856 1866/2044/1866 1766/1930/1766
f 1377/1523/1377 1376/1522/1376 1375/1521/1375 1374/1520/1374
f 1711/1875/1711 1764/1928/1764 1766/1930/1766 1708/1872/1708
f 1530/1676/1530 1588/2125/1588 1916/2126/1916 1935/2113/1935
f 1588/2125/1588 1530/1676/1530 1529/1675/1529 1556/2127/1556
f 1556/2127/1556 1529/1675/1529 1565/1711/1565 1557/2128/1557
f 1547/1693/1547 1603/2129/1603 1608/2130/1608 1550/1696/1550
f 1603/2129/1603 1547/1693/1547 1546/1692/1546 1597/2131/1597
f 1597/2131/1597 1546/1692/1546 1932/2110/1932 1598/2132/1598
f 1550/1696/1550 1608/2130/1608 1613/2133/1613 1552/1698/1552
f 1552/1698/1552 1613/2133/1613 1349/2134/1349 1940/2120/1940
f 1557/2128/1557 1565/1711/1565 1564/1710/1564 1918/2135/1918
f 1918/2135/1918 1564/1710/1564 1569/1715/1569 1920/2136/1920
f 1920/2136/1920 1569/1715/1569 1573/1719/1573 1922/2137/1922
f 1922/2137/1922 1573/1719/1573 1578/1724/1578 1924/2138/1924
f 1924/2138/1924 1578/1724/1578 1936/2116/1936 1341/2139/1341
f 1598/2132/1598 1932/2110/1932 1934/2112/1934 1620/2140/1620
f 1620/2140/1620 1934/2112/1934 1941/2121/1941 1912/2141/1912
f 1935/2113/1935 1916/2126/1916 1915/2142/1915 1944/2124/1944
f 1341/2139/1341 1936/2116/1936 1541/1687/1541 1342/2143/1342
f 1939/2119/1939 1347/2144/1347 1346/2145/1346 1938/2118/1938
f 1347/2144/1347 1939/2119/1939 1940/2120/1940 1349/2134/1349
f 1912/2141/1912 1941/2121/1941 1942/2122/1942 1913/2146/1913
f 1913/2146/1913 1942/2122/1942 1943/2123/1943 1914/2147/1914
f 1914/2147/1914 1943/2123/1943 1944/2124/1944 1915/2142/1915
f 1342/2143/1342 1541/1687/1541 1539/1685/1539 1343/2148/1343
f 1343/2148/1343 1539/1685/1539 1538/1684/1538 1344/2149/1344
f 1344/2149/1344 1538/1684/1538 1937/2117/1937 1345/2150/1345
f 1345/2150/1345 1937/2117/1937 1938/2118/1938 1346/2145/1346
g default
v -6.796250 1.531396 8.607687
v -6.640480 1.460194 8.509834
v -6.592003 1.490933 8.759628
v -6.739653 1.553918 8.813327
v -6.547791 1.514653 8.996855
v -6.685626 1.588704 9.016602
v -6.496410 1.505391 9.459225
v -6.647297 1.547318 9.467653
v -6.654189 1.591378 9.233393
v -6.518571 1.521119 9.221375
v -6.455647 1.443330 8.447965
v -6.416889 1.468625 8.723154
v -6.379268 1.489186 8.982182
v -6.350807 1.494641 9.214154
v -6.324427 1.485329 9.456118
v -6.260609 1.458096 8.433979
v -6.232622 1.476910 8.711526
v -6.202210 1.485390 8.976383
v -6.145089 1.475896 9.455578
v -6.173759 1.484879 9.211897
v -6.069062 1.492440 8.451467
v -6.050908 1.502335 8.718903
v -6.028447 1.509801 8.976480
v -5.965624 1.473244 9.461500
v -5.998429 1.494321 9.213486
v -5.892160 1.553536 8.500089
v -5.887678 1.552823 8.740768
v -5.871239 1.550744 8.984415
v -5.800285 1.488404 9.465736
v -5.839547 1.526295 9.219431
v -5.769907 1.626393 8.542695
v -5.763590 1.621571 8.764709
v -5.743558 1.606908 8.992507
v -5.646595 1.519364 9.468752
v -5.701992 1.567460 9.224998
v -6.858802 1.499505 8.376349
v -6.687927 1.425580 8.261770
v -6.487538 1.422246 8.162428
v -6.279758 1.449326 8.131792
v -6.074630 1.481393 8.165733
v -5.889087 1.552293 8.239745
v -5.762765 1.631928 8.291494
v -5.584104 1.435265 9.678049
v -5.758928 1.432641 9.659974
v -5.939162 1.442818 9.630321
v -6.128162 1.453267 9.604156
v -6.315892 1.449620 9.619826
v -6.495955 1.444817 9.650581
v -6.681660 1.415204 9.673111
v -6.755015 1.602639 9.478674
v -6.767418 1.642033 9.250112
v -6.795423 1.651788 9.041347
v -6.844990 1.641019 8.866646
v -6.889819 1.632230 8.694883
v -6.964449 1.613587 8.466980
v -6.509743 1.352624 9.781751
v -6.733120 1.259614 9.821692
v -6.727689 1.201382 9.952434
v -6.924926 1.223229 10.101748
v -6.918859 1.280457 9.877876
v -6.408910 1.258790 10.154120
v -6.549021 1.233254 10.260036
v -6.613215 1.191537 10.187884
v -6.438748 1.251569 10.064414
v -6.681920 1.190812 10.082247
v -6.871984 1.220658 10.273403
v -6.311395 1.397404 9.742954
v -6.244833 1.291707 10.092538
v -6.264430 1.297795 9.997187
v -6.381609 1.336980 10.408481
v -6.383765 1.290101 10.241794
v -6.233860 1.314519 10.208564
v -6.237691 1.347279 10.406137
v -6.117857 1.415929 9.719737
v -6.074016 1.297444 10.075366
v -6.085811 1.307286 9.978379
v -5.925414 1.405560 9.736914
v -5.904495 1.258157 10.103824
v -5.916737 1.278668 10.005911
v -5.724601 1.373025 9.783718
v -5.736604 1.191998 10.187837
v -5.728977 1.204514 10.082026
v -5.584017 1.141972 10.326481
v -5.531222 1.096780 10.219005
v -5.511091 1.322949 9.844778
v -5.463294 1.197442 10.488985
v -5.361967 1.177815 10.410110
v -6.822536 1.454308 9.684945
v -6.775250 1.533719 7.407507
v -6.996902 1.551747 7.446625
v -6.990790 1.636411 7.305087
v -6.780569 1.608010 7.273549
v -6.771852 1.475125 7.540410
v -7.007557 1.486604 7.573710
v -6.767979 1.411546 7.673185
v -7.010653 1.439542 7.710518
v -6.755340 1.360055 7.849982
v -6.986158 1.436398 7.908195
v -6.720585 1.377282 8.066937
v -6.916590 1.468194 8.169670
v -6.554635 1.532151 7.362243
v -6.571027 1.615445 7.239845
v -6.542327 1.459836 7.486293
v -6.530301 1.408364 7.622866
v -6.504939 1.393296 7.762810
v -6.498864 1.403550 7.922301
v -6.336303 1.548978 7.307070
v -6.369777 1.637776 7.176754
v -6.311450 1.478570 7.433808
v -6.294438 1.433736 7.574237
v -6.289393 1.437032 7.719810
v -6.286783 1.441853 7.881074
v -6.115496 1.575757 7.249074
v -6.163908 1.676942 7.121275
v -6.079409 1.508706 7.386993
v -6.056691 1.462506 7.534884
v -6.049845 1.441903 7.691066
v -6.062111 1.467591 7.898266
v -5.891625 1.644345 7.233793
v -5.957506 1.739434 7.096791
v -5.843729 1.577645 7.371491
v -5.810015 1.517564 7.518848
v -5.808387 1.494702 7.723992
v -5.853875 1.532109 7.950456
v -5.736111 1.724919 7.215126
v -5.816105 1.800641 7.065721
v -5.674150 1.664388 7.351721
v -5.636825 1.618901 7.503096
v -5.655269 1.605912 7.750715
v -5.716253 1.623433 8.001735
v -6.917340 1.744324 7.322309
v -6.767816 1.724133 7.301648
v -6.779819 1.632623 7.264013
v -6.984673 1.660096 7.294536
v -6.570916 1.731889 7.261061
v -6.573120 1.642175 7.229639
v -6.378568 1.757314 7.199943
v -6.374290 1.663571 7.167801
v -6.186157 1.798821 7.131729
v -6.171385 1.703030 7.111195
v -5.988668 1.842809 7.090421
v -5.968178 1.764447 7.084265
v -5.890849 1.884137 7.089794
v -5.834012 1.819676 7.057210
v -7.047728 1.588403 8.245777
v -7.154787 1.554219 7.969908
v -7.220509 1.547108 7.743210
v -7.227289 1.581723 7.581923
v -7.195774 1.653165 7.439523
v -7.146671 1.751145 7.321693
v -7.126294 1.765763 7.315592
v -6.976296 1.809819 7.377348
v -6.812930 2.183472 7.593607
v -7.062029 2.165040 7.575134
v -7.022400 2.394894 7.615695
v -6.804381 2.430444 7.636132
v -6.797198 1.966748 7.474590
v -7.038826 1.948346 7.472826
v -6.768153 1.821152 7.372365
v -6.581882 2.214452 7.564098
v -6.595354 2.471753 7.617344
v -6.574145 1.991719 7.435617
v -6.562984 1.829690 7.331952
v -6.366209 2.244969 7.507604
v -6.391228 2.499116 7.579761
v -6.361833 2.016633 7.385148
v -6.370907 1.862347 7.268711
v -6.154795 2.276059 7.428210
v -6.188222 2.511781 7.523543
v -6.160843 2.059697 7.298539
v -6.190539 1.913857 7.179469
v -5.928958 2.309792 7.331494
v -5.985506 2.521375 7.436821
v -5.943120 2.100179 7.214334
v -5.991493 1.950917 7.118974
v -5.762452 2.355931 7.251489
v -5.846320 2.561959 7.373211
v -5.768569 2.117608 7.147482
v -5.827950 1.949609 7.075390
v -7.002625 2.541325 7.609602
v -6.825585 2.603574 7.604607
v -6.627153 2.660279 7.585510
v -6.424739 2.687802 7.560631
v -6.221702 2.686650 7.534047
v -6.029992 2.671429 7.487625
v -5.919320 2.675027 7.439735
v -7.216764 1.943471 7.403017
v -7.240780 2.187310 7.507965
v -7.175969 2.424771 7.560256
v -6.927415 2.384888 8.530613
v -6.768614 2.528104 8.491104
v -6.816656 2.603795 8.271742
v -6.992394 2.465314 8.306707
v -6.850327 2.657800 8.118547
v -7.044905 2.534955 8.137815
v -6.883697 2.713963 7.923228
v -7.082408 2.588830 7.951670
v -6.906685 2.755860 7.790902
v -7.101412 2.619145 7.826467
v -6.924062 2.787885 7.653328
v -7.116778 2.648175 7.687255
v -6.878617 2.734204 7.558329
v -7.067924 2.631440 7.586935
v -6.565828 2.623566 8.446353
v -6.609774 2.687241 8.238773
v -6.636820 2.738351 8.084651
v -6.664083 2.793679 7.901637
v -6.680493 2.832578 7.768590
v -6.690691 2.876492 7.631198
v -6.670921 2.807923 7.532223
v -6.370543 2.668015 8.405629
v -6.393925 2.731290 8.216222
v -6.411355 2.777127 8.060472
v -6.431023 2.817418 7.895568
v -6.444039 2.846497 7.768150
v -6.450174 2.871613 7.639932
v -6.456423 2.833913 7.520199
v -6.169889 2.640271 8.376708
v -6.183116 2.708417 8.189710
v -6.191700 2.768124 8.032738
v -6.202581 2.802972 7.887336
v -6.212401 2.826016 7.766097
v -6.224683 2.837468 7.645015
v -6.242534 2.819054 7.523232
v -5.966820 2.572755 8.342364
v -5.966972 2.648015 8.156079
v -5.960271 2.716302 8.001363
v -5.973998 2.755719 7.864079
v -5.989162 2.774323 7.744339
v -6.009300 2.783757 7.627377
v -6.042727 2.784299 7.499618
v -5.822112 2.481564 8.321643
v -5.811350 2.559518 8.140124
v -5.796845 2.645535 7.978642
v -5.798062 2.701966 7.831097
v -5.815969 2.730828 7.712687
v -5.848352 2.741788 7.596209
v -5.896134 2.754826 7.459456
v -6.862691 2.300912 8.782117
v -6.712493 2.436864 8.760187
v -6.512949 2.537377 8.722526
v -6.333114 2.574475 8.688693
v -6.144317 2.547562 8.650124
v -5.947631 2.476933 8.614590
v -6.044963 2.767060 7.481740
v -5.905729 2.739747 7.441816
v -6.242228 2.800793 7.509700
v -6.453732 2.813229 7.509716
v -6.663819 2.783585 7.525618
v -6.866486 2.711621 7.551359
v -7.051482 2.615037 7.576891
v -7.271150 2.431058 7.665244
v -7.201749 2.428799 7.568667
v -7.275450 2.405072 7.800611
v -7.252584 2.371136 7.931409
v -7.191468 2.313336 8.131434
v -7.109757 2.248425 8.337311
v -7.035109 2.190022 8.550661
v -6.961535 2.127782 8.790035
v -6.698097 2.039143 9.684517
v -6.543811 2.131066 9.695967
v -6.580043 2.201604 9.446556
v -6.729867 2.102597 9.432041
v -6.661538 2.353085 8.989476
v -6.809951 2.229710 8.994019
v -6.765375 2.165200 9.207115
v -6.618419 2.274613 9.214992
v -6.351391 2.184426 9.693375
v -6.396476 2.267281 9.445973
v -6.428357 2.349149 9.208706
v -6.475070 2.438168 8.970419
v -6.199534 2.200047 9.686478
v -6.228608 2.288987 9.436570
v -6.295550 2.470738 8.946903
v -6.261088 2.374673 9.195876
v -6.024107 2.189652 9.667903
v -6.053347 2.275147 9.418667
v -6.111720 2.451802 8.917284
v -6.085226 2.358773 9.174310
v -5.851705 2.149770 9.659868
v -5.879634 2.230828 9.398211
v -5.929714 2.393269 8.886827
v -5.902512 2.307812 9.147032
v -5.719110 2.093777 9.641667
v -5.741981 2.163201 9.374083
v -5.791060 2.307030 8.863289
v -5.771408 2.233517 9.120680
v -5.814496 2.390385 8.594387
v -6.685815 1.982529 9.912784
v -6.511533 2.061734 9.934719
v -6.329843 2.104035 9.925848
v -6.175200 2.105542 9.921026
v -6.000107 2.101888 9.912713
v -5.820764 2.067570 9.912861
v -5.694366 2.025483 9.901803
v -6.907399 2.078107 8.979222
v -6.866217 2.032422 9.171792
v -6.836266 1.982186 9.389713
v -6.815786 1.931306 9.633657
v -6.811005 1.875085 9.878778
v -6.511083 1.997918 10.231320
v -6.690184 1.918351 10.262530
v -6.666592 1.905522 10.371220
v -6.497547 1.991448 10.329980
v -6.520631 2.017617 10.099166
v -6.690931 1.944096 10.107497
v -6.335295 2.035668 10.218338
v -6.328493 2.025914 10.297029
v -6.329730 2.059254 10.089583
v -6.153188 2.023682 10.198325
v -6.146771 2.014561 10.275765
v -6.162102 2.055234 10.078533
v -5.975201 2.013848 10.192556
v -5.967283 1.999192 10.274865
v -5.986106 2.051801 10.073820
v -5.799876 1.988877 10.193542
v -5.792895 1.978509 10.281042
v -5.808331 2.025754 10.071553
v -5.643783 1.941273 10.192905
v -5.638982 1.916821 10.304317
v -5.662971 1.985009 10.065516
v -5.798841 1.904126 10.445376
v -5.686487 1.845158 10.487859
v -5.642829 1.891610 10.407883
v -5.786747 1.967049 10.358943
v -6.837961 1.826184 10.090642
v -6.840319 1.790284 10.275450
v -6.803782 1.773274 10.417381
v -6.666561 1.750233 10.609505
v -6.570942 1.865361 10.554634
v -6.638086 1.909772 10.470018
v -6.762328 1.775204 10.530713
v -6.726320 1.402898 10.580106
v -6.726254 1.584275 10.640377
v -6.863723 1.590714 10.578392
v -6.879215 1.384183 10.567764
v -6.661615 1.274960 10.427128
v -6.776380 1.233033 10.393142
v -6.394814 1.616147 10.684245
v -6.400747 1.444184 10.578573
v -6.255613 1.457001 10.571761
v -6.241823 1.618611 10.658266
v -6.444797 1.932080 10.500735
v -6.477790 1.986749 10.417047
v -6.059978 1.312844 10.200127
v -6.046145 1.351746 10.389706
v -6.058361 1.622407 10.620514
v -6.048970 1.468716 10.556232
v -6.079356 1.739072 10.572285
v -6.250138 1.767690 10.626441
v -6.295923 1.960549 10.444486
v -6.124546 1.953168 10.411865
v -6.139272 2.002980 10.335091
v -6.321446 2.018842 10.361218
v -5.888813 1.263348 10.232663
v -5.868685 1.312119 10.422253
v -5.864392 1.606095 10.629971
v -5.854362 1.420960 10.590173
v -5.888300 1.732594 10.587611
v -5.949756 1.934380 10.416447
v -5.962714 1.982327 10.339688
v -5.425974 1.340848 10.591202
v -5.302647 1.347459 10.521108
v -5.481979 1.543351 10.599115
v -5.397039 1.572461 10.529068
v -5.584151 1.727349 10.548534
v -5.522595 1.756703 10.473432
v -5.632567 1.169968 10.394420
v -5.579743 1.224091 10.536541
v -5.722202 1.261250 10.492578
v -5.741775 1.205247 10.308985
v -6.973315 1.607037 10.257393
v -6.946367 1.588315 10.433092
v -7.023040 1.401120 10.208359
v -6.991918 1.392480 10.394661
v -5.679137 1.729096 8.317419
v -5.623819 1.735165 8.028908
v -5.544299 1.920571 8.062940
v -5.607488 1.886174 8.341719
v -5.551114 2.182980 8.088933
v -5.601070 2.120869 8.322818
v -5.664796 2.420007 8.114508
v -5.694901 2.340157 8.318654
v -5.553081 1.724236 7.778960
v -5.462749 1.944398 7.813227
v -5.478567 2.251469 7.870445
v -5.629370 2.508736 7.931104
v -5.507070 1.734902 7.514387
v -5.398973 1.983926 7.538345
v -5.444653 2.323445 7.624530
v -5.618482 2.582791 7.741630
v -5.541663 1.775437 7.342290
v -5.437766 2.024327 7.361840
v -5.475718 2.362248 7.465892
v -5.639658 2.620580 7.602081
v -5.621861 1.838219 7.199793
v -5.524744 2.072385 7.213067
v -5.515109 2.405381 7.303262
v -5.682608 2.647572 7.463156
v -5.711738 1.907010 7.047997
v -5.630042 2.128735 7.077639
v -5.628657 2.417638 7.179827
v -5.759039 2.641335 7.335766
v -5.734839 1.918450 7.039285
v -5.653546 2.131970 7.072722
v -5.653094 2.412225 7.175582
v -5.778944 2.629502 7.327191
v -5.696875 2.257024 8.603103
v -5.612412 2.058289 8.603319
v -5.619775 1.854131 8.582245
v -5.689644 1.711499 8.565670
v -5.551622 1.574921 9.477223
v -5.609087 1.638207 9.237193
v -5.535101 1.745461 9.257638
v -5.456690 1.672353 9.497244
v -5.532966 1.907201 9.297719
v -5.462846 1.849751 9.556061
v -5.620440 2.058610 9.341358
v -5.584570 2.000508 9.609447
v -5.680096 1.707932 8.784039
v -5.610269 1.832604 8.803607
v -5.583220 1.788323 9.023183
v -5.661534 1.679124 9.005507
v -5.608438 2.008755 8.830080
v -5.579772 1.960378 9.057650
v -5.680243 2.180833 8.849672
v -5.659809 2.121926 9.093349
v -5.541684 1.932252 9.871160
v -5.399707 1.772122 9.808747
v -5.369619 1.594651 9.741385
v -5.463457 1.488251 9.700190
v -5.306212 1.283452 10.079002
v -5.229462 1.434338 10.150196
v -5.250099 1.383111 10.348574
v -5.313066 1.215333 10.261980
v -5.332672 1.651841 10.193274
v -5.348816 1.612351 10.368733
v -5.479209 1.831216 10.201752
v -5.496921 1.796281 10.337866
v -5.361896 1.376481 9.894438
v -5.274494 1.499493 9.952989
v -5.343768 1.700135 10.017046
v -5.490232 1.877778 10.057354
v -5.484118 1.219804 9.983417
v -6.987591 1.440015 9.961510
v -6.897021 1.568536 9.720413
v -6.954024 1.644345 10.040828
v -6.905432 1.729008 9.797024
v -6.877066 1.799111 9.561138
v -6.832039 1.677586 9.499177
v -6.911704 1.758267 8.911325
v -6.952573 1.757806 8.747697
v -6.940916 1.913819 8.949168
v -6.988096 1.938500 8.775537
v -6.871705 1.743211 9.077028
v -6.905693 1.883733 9.122881
v -6.849904 1.719533 9.280024
v -6.882188 1.845681 9.332070
v -7.065033 1.972997 8.543414
v -7.036771 1.760800 8.508078
v -7.326288 1.864304 7.491045
v -7.242336 1.934491 7.407120
v -7.345327 2.157285 7.602569
v -7.268000 2.185201 7.514156
v -7.359620 1.805852 7.637460
v -7.369453 2.122811 7.736567
v -7.343702 1.769330 7.796495
v -7.347557 2.086667 7.875060
v -7.263503 1.753629 8.017086
v -7.276040 2.043484 8.091848
v -7.132032 1.758267 8.297569
v -7.156430 2.003091 8.333815
v -5.719792 1.814824 10.532172
v -5.805970 1.841714 10.505120
v -5.780606 1.722127 10.584469
v -5.666008 1.715836 10.592030
v -5.746921 1.587830 10.647110
v -5.711629 1.372491 10.630486
v -5.563933 1.353879 10.642771
v -5.602927 1.552644 10.645720
v -6.405792 1.773476 10.644132
v -6.548209 1.754651 10.651247
v -6.574590 1.601029 10.677088
v -6.303631 1.359532 9.834208
v -6.504220 1.301812 9.887188
v -6.109160 1.383492 9.804866
v -5.916897 1.369218 9.825469
v -5.708685 1.314351 9.890612
v -6.288942 1.331376 9.912544
v -6.480936 1.276097 9.977907
v -6.099396 1.353345 9.882143
v -5.913050 1.332059 9.905121
v -5.708957 1.260365 9.979843
v -5.489906 1.136067 10.098463
v -5.936160 1.866998 10.478100
v -6.529281 1.306886 10.420300
v -6.484705 1.264958 10.284113
v -6.567143 1.427499 10.582661
v -6.413287 1.875916 10.569771
v -6.509950 1.841412 10.603689
v -6.274852 1.895749 10.514250
v -6.108691 1.883252 10.471062
v -5.382096 1.580098 10.494853
v -5.287611 1.360036 10.485329
v -5.341572 1.190430 10.379143
v -5.514927 1.104485 10.188722
v -5.718811 1.214921 10.053164
v -5.911716 1.290322 9.973705
v -6.087672 1.318700 9.945271
v -6.272077 1.302678 9.967508
v -6.452800 1.252499 10.033194
v -6.637059 1.185330 10.156637
v -6.805901 1.232793 10.368673
v -6.907038 1.391267 10.537655
v -6.884178 1.596249 10.544962
v -6.778162 1.778249 10.495176
v -6.649436 1.911397 10.438032
v -6.486846 1.990212 10.389721
v -6.326407 2.024789 10.341485
v -6.140401 2.009763 10.316471
v -5.962022 1.990151 10.319507
v -5.782191 1.974259 10.334946
v -5.630811 1.896409 10.376478
v -5.506519 1.761330 10.439342
vt 0.335792 0.234692
vt 0.330124 0.237216
vt 0.329894 0.228621
vt 0.335321 0.227411
vt 0.329879 0.219992
vt 0.335340 0.219733
vt 0.330649 0.202667
vt 0.336762 0.202548
vt 0.335815 0.211610
vt 0.330207 0.211613
vt 0.324045 0.238395
vt 0.323917 0.229110
vt 0.323884 0.219851
vt 0.324006 0.211337
vt 0.324089 0.202437
vt 0.317795 0.238210
vt 0.317763 0.228853
vt 0.317681 0.219455
vt 0.317403 0.201963
vt 0.317570 0.210864
vt 0.311611 0.237283
vt 0.311695 0.228166
vt 0.311595 0.218936
vt 0.310901 0.201089
vt 0.311304 0.210225
vt 0.305691 0.235507
vt 0.306071 0.227129
vt 0.306007 0.218274
vt 0.304964 0.200201
vt 0.305603 0.209487
vt 0.301197 0.234033
vt 0.301409 0.226148
vt 0.301231 0.217744
vt 0.299390 0.199379
vt 0.300608 0.208855
vt 0.336378 0.242464
vt 0.330489 0.245224
vt 0.324070 0.247328
vt 0.317515 0.247663
vt 0.311105 0.246427
vt 0.305026 0.244130
vt 0.300423 0.242597
vt 0.298119 0.190764
vt 0.304184 0.192809
vt 0.310481 0.194941
vt 0.317243 0.196623
vt 0.324302 0.196481
vt 0.331146 0.195459
vt 0.338006 0.193518
vt 0.341516 0.202621
vt 0.340339 0.211496
vt 0.339748 0.219335
vt 0.339832 0.225888
vt 0.340158 0.232005
vt 0.341073 0.239921
vt 0.332063 0.189991
vt 0.339587 0.186857
vt 0.339904 0.183209
vt 0.345851 0.179933
vt 0.344554 0.185108
vt 0.212387 0.149688
vt 0.207588 0.151295
vt 0.205266 0.148230
vt 0.211139 0.147267
vt 0.339329 0.179859
vt 0.346285 0.175470
vt 0.324514 0.191864
vt 0.218413 0.149196
vt 0.217382 0.147349
vt 0.214115 0.157365
vt 0.213668 0.152293
vt 0.219244 0.151919
vt 0.219511 0.157407
vt 0.317209 0.192424
vt 0.224987 0.148417
vt 0.224166 0.146782
vt 0.310318 0.191030
vt 0.231842 0.147079
vt 0.230812 0.145461
vt 0.303453 0.187940
vt 0.238850 0.145778
vt 0.238972 0.142981
vt 0.244298 0.146714
vt 0.245524 0.141849
vt 0.296743 0.183370
vt 0.248830 0.151659
vt 0.252850 0.148649
vt 0.343129 0.192953
vt 0.332102 0.269922
vt 0.339182 0.269143
vt 0.340616 0.274209
vt 0.332771 0.274360
vt 0.331711 0.265884
vt 0.338605 0.265223
vt 0.331418 0.261915
vt 0.338251 0.261520
vt 0.331164 0.257109
vt 0.337886 0.256434
vt 0.330710 0.251181
vt 0.337021 0.248954
vt 0.324442 0.270608
vt 0.324810 0.274892
vt 0.324241 0.266607
vt 0.324143 0.262639
vt 0.323686 0.258772
vt 0.323784 0.254313
vt 0.316616 0.271412
vt 0.316902 0.275651
vt 0.316495 0.267498
vt 0.316556 0.263540
vt 0.316801 0.259541
vt 0.317106 0.255010
vt 0.308758 0.272537
vt 0.308870 0.277164
vt 0.308768 0.268443
vt 0.308975 0.264409
vt 0.309402 0.260286
vt 0.310175 0.254442
vt 0.301040 0.273057
vt 0.300824 0.277894
vt 0.301225 0.268943
vt 0.301572 0.264898
vt 0.302354 0.259723
vt 0.303685 0.253181
vt 0.295536 0.273791
vt 0.295191 0.279008
vt 0.295728 0.269664
vt 0.296062 0.265716
vt 0.297153 0.259407
vt 0.298786 0.251979
vt 0.214608 0.319268
vt 0.220143 0.320589
vt 0.219463 0.324315
vt 0.211819 0.322395
vt 0.227686 0.321226
vt 0.227384 0.324856
vt 0.235279 0.321350
vt 0.235189 0.325055
vt 0.242976 0.320963
vt 0.243141 0.324555
vt 0.250606 0.320206
vt 0.251048 0.323110
vt 0.254357 0.318982
vt 0.256397 0.321676
vt 0.342177 0.247246
vt 0.343436 0.255596
vt 0.344222 0.261506
vt 0.344745 0.265432
vt 0.345351 0.269578
vt 0.346410 0.274225
vt 0.206873 0.317966
vt 0.212552 0.316037
vt 0.219230 0.300997
vt 0.210409 0.301401
vt 0.212441 0.293010
vt 0.220340 0.292218
vt 0.219370 0.309733
vt 0.210653 0.309891
vt 0.220232 0.316162
vt 0.227464 0.300659
vt 0.227690 0.291476
vt 0.227590 0.309767
vt 0.227941 0.316747
vt 0.235406 0.300484
vt 0.234866 0.291050
vt 0.235544 0.309773
vt 0.235494 0.316733
vt 0.243657 0.300524
vt 0.242438 0.291110
vt 0.243649 0.309693
vt 0.243052 0.316457
vt 0.252885 0.300862
vt 0.250908 0.291795
vt 0.252410 0.309684
vt 0.250808 0.316149
vt 0.259989 0.300693
vt 0.257237 0.291563
vt 0.259381 0.310186
vt 0.257033 0.316872
vt 0.213498 0.287375
vt 0.220599 0.286141
vt 0.227479 0.285085
vt 0.234173 0.284513
vt 0.241302 0.284550
vt 0.249089 0.285298
vt 0.254508 0.285639
vt 0.203894 0.310708
vt 0.203608 0.301163
vt 0.206725 0.292157
vt 0.212639 0.248048
vt 0.218825 0.249664
vt 0.218831 0.257349
vt 0.212335 0.256204
vt 0.218808 0.262636
vt 0.212160 0.262418
vt 0.218815 0.269093
vt 0.211911 0.268880
vt 0.218863 0.273411
vt 0.211670 0.273292
vt 0.219039 0.277637
vt 0.211229 0.278400
vt 0.220076 0.281156
vt 0.210878 0.283043
vt 0.225526 0.250697
vt 0.225471 0.257769
vt 0.225578 0.262906
vt 0.225745 0.268750
vt 0.225931 0.272772
vt 0.226323 0.276628
vt 0.226951 0.280032
vt 0.231626 0.251278
vt 0.232088 0.257685
vt 0.232447 0.262784
vt 0.232693 0.268017
vt 0.232862 0.271945
vt 0.233119 0.275747
vt 0.233357 0.279464
vt 0.237788 0.250855
vt 0.238561 0.257331
vt 0.239217 0.262710
vt 0.239744 0.267456
vt 0.240111 0.271389
vt 0.240332 0.275311
vt 0.240340 0.279430
vt 0.244350 0.250238
vt 0.245537 0.256924
vt 0.246663 0.262486
vt 0.247276 0.267178
vt 0.247845 0.271274
vt 0.248297 0.275428
vt 0.248254 0.280240
vt 0.249431 0.249103
vt 0.250894 0.255783
vt 0.252131 0.261945
vt 0.253221 0.267102
vt 0.253949 0.271213
vt 0.254717 0.275549
vt 0.256224 0.281514
vt 0.212775 0.238947
vt 0.218670 0.240142
vt 0.225340 0.241150
vt 0.230894 0.241539
vt 0.236714 0.241341
vt 0.243014 0.240544
vt 0.248395 0.281267
vt 0.255716 0.282660
vt 0.240463 0.280266
vt 0.233469 0.280199
vt 0.227068 0.280820
vt 0.220257 0.282020
vt 0.211633 0.283972
vt 0.204513 0.278563
vt 0.205373 0.283816
vt 0.204181 0.273418
vt 0.204184 0.268665
vt 0.204652 0.261407
vt 0.205549 0.253771
vt 0.206507 0.246025
vt 0.207212 0.237416
vt 0.210755 0.206863
vt 0.216695 0.206775
vt 0.217360 0.215421
vt 0.211654 0.215561
vt 0.218422 0.231830
vt 0.212655 0.231212
vt 0.212322 0.223520
vt 0.217957 0.223666
vt 0.223211 0.206509
vt 0.223545 0.215204
vt 0.224286 0.223626
vt 0.224649 0.232263
vt 0.228132 0.206084
vt 0.228885 0.214801
vt 0.230228 0.232295
vt 0.229533 0.223342
vt 0.233785 0.205483
vt 0.234404 0.214138
vt 0.235872 0.231883
vt 0.234987 0.222758
vt 0.239338 0.204153
vt 0.239969 0.213141
vt 0.241623 0.231040
vt 0.240783 0.221858
vt 0.243920 0.203137
vt 0.244716 0.212161
vt 0.246371 0.229892
vt 0.245326 0.220939
vt 0.247616 0.239394
vt 0.209576 0.199232
vt 0.216070 0.198705
vt 0.222331 0.198606
vt 0.227406 0.197979
vt 0.233099 0.197162
vt 0.238893 0.195596
vt 0.243169 0.194528
vt 0.207412 0.230585
vt 0.207291 0.223756
vt 0.206603 0.216173
vt 0.205472 0.207900
vt 0.203822 0.199755
vt 0.214544 0.189401
vt 0.207913 0.188187
vt 0.208459 0.184979
vt 0.214688 0.186547
vt 0.214795 0.193432
vt 0.208436 0.192971
vt 0.220472 0.189450
vt 0.220288 0.187138
vt 0.221346 0.193348
vt 0.226488 0.189062
vt 0.226238 0.186725
vt 0.226886 0.192827
vt 0.232299 0.188089
vt 0.232088 0.185570
vt 0.232612 0.191902
vt 0.237952 0.186666
vt 0.237623 0.184095
vt 0.238352 0.190514
vt 0.243086 0.184981
vt 0.242530 0.181664
vt 0.243120 0.189156
vt 0.236696 0.178903
vt 0.240187 0.176365
vt 0.241746 0.178784
vt 0.237357 0.181872
vt 0.201751 0.192827
vt 0.200782 0.186889
vt 0.201766 0.182273
vt 0.206932 0.176420
vt 0.211130 0.179580
vt 0.209557 0.182353
vt 0.203807 0.179013
vt 0.202027 0.163566
vt 0.202794 0.171124
vt 0.195741 0.172807
vt 0.196730 0.162462
vt 0.203843 0.156486
vt 0.199778 0.154526
vt 0.214871 0.170323
vt 0.213906 0.163804
vt 0.219219 0.163664
vt 0.220109 0.169706
vt 0.215526 0.181366
vt 0.215088 0.184157
vt 0.225919 0.151159
vt 0.226940 0.156385
vt 0.226951 0.169036
vt 0.227169 0.163048
vt 0.226628 0.173453
vt 0.220449 0.174539
vt 0.220474 0.182379
vt 0.226181 0.182116
vt 0.226130 0.184905
vt 0.220182 0.185296
vt 0.232839 0.149884
vt 0.233992 0.155183
vt 0.234115 0.167905
vt 0.234798 0.161382
vt 0.233326 0.172405
vt 0.231939 0.180832
vt 0.231889 0.183573
vt 0.250058 0.157451
vt 0.255637 0.155797
vt 0.248088 0.165069
vt 0.252333 0.166111
vt 0.243720 0.171996
vt 0.246206 0.173852
vt 0.242901 0.149690
vt 0.244781 0.153917
vt 0.239792 0.154617
vt 0.238832 0.149199
vt 0.191467 0.186540
vt 0.191984 0.179610
vt 0.358654 0.178607
vt 0.351854 0.178360
vt 0.353070 0.173324
vt 0.359771 0.172241
vt 0.296453 0.241847
vt 0.294462 0.251422
vt 0.288521 0.250715
vt 0.291294 0.241174
vt 0.281436 0.249603
vt 0.284972 0.241714
vt 0.256778 0.254082
vt 0.254506 0.246649
vt 0.259836 0.242730
vt 0.263605 0.250257
vt 0.292750 0.259125
vt 0.285677 0.259055
vt 0.274870 0.258992
vt 0.267806 0.259706
vt 0.258734 0.261120
vt 0.291443 0.266002
vt 0.283783 0.266677
vt 0.271994 0.266464
vt 0.260351 0.267532
vt 0.290957 0.270260
vt 0.283199 0.271259
vt 0.271935 0.271655
vt 0.260995 0.272120
vt 0.290758 0.274722
vt 0.282602 0.275982
vt 0.271764 0.276870
vt 0.261261 0.276967
vt 0.290803 0.280199
vt 0.281835 0.281234
vt 0.271460 0.282412
vt 0.261094 0.282249
vt 0.260546 0.318489
vt 0.264385 0.310836
vt 0.265203 0.300089
vt 0.261120 0.290172
vt 0.252126 0.236753
vt 0.257258 0.233494
vt 0.287011 0.232248
vt 0.292693 0.232795
vt 0.297526 0.233265
vt 0.295533 0.199022
vt 0.296606 0.208431
vt 0.292275 0.208222
vt 0.290989 0.198825
vt 0.287291 0.208608
vt 0.285611 0.199712
vt 0.249680 0.211069
vt 0.249242 0.202043
vt 0.255818 0.200968
vt 0.255067 0.209983
vt 0.297508 0.225466
vt 0.293051 0.224948
vt 0.293189 0.216929
vt 0.297540 0.217292
vt 0.288073 0.224576
vt 0.288044 0.216833
vt 0.255690 0.225954
vt 0.250929 0.228057
vt 0.249954 0.219685
vt 0.255079 0.218241
vt 0.249007 0.193186
vt 0.256233 0.192008
vt 0.288555 0.189209
vt 0.282817 0.190571
vt 0.293505 0.189742
vt 0.291021 0.174865
vt 0.285880 0.173776
vt 0.285459 0.167286
vt 0.291192 0.169095
vt 0.277565 0.173839
vt 0.276971 0.166732
vt 0.257196 0.178419
vt 0.249230 0.182009
vt 0.247986 0.177807
vt 0.256125 0.171736
vt 0.291765 0.181331
vt 0.286809 0.180493
vt 0.279287 0.182015
vt 0.256686 0.184530
vt 0.249427 0.186772
vt 0.296547 0.177883
vt 0.349721 0.184956
vt 0.347781 0.193613
vt 0.356669 0.185795
vt 0.353649 0.194201
vt 0.197705 0.201546
vt 0.193810 0.193513
vt 0.200691 0.209339
vt 0.351017 0.202273
vt 0.345728 0.202745
vt 0.344026 0.224366
vt 0.344290 0.230157
vt 0.348509 0.222930
vt 0.349098 0.228788
vt 0.202191 0.235810
vt 0.202768 0.229867
vt 0.343829 0.218370
vt 0.348476 0.217050
vt 0.202854 0.223952
vt 0.344484 0.210988
vt 0.349154 0.209995
vt 0.202215 0.216934
vt 0.200888 0.243856
vt 0.345763 0.238512
vt 0.351308 0.236662
vt 0.352214 0.269910
vt 0.353371 0.274384
vt 0.361433 0.269765
vt 0.361254 0.273866
vt 0.195291 0.277816
vt 0.196568 0.284293
vt 0.351404 0.265407
vt 0.360897 0.264339
vt 0.194850 0.272304
vt 0.350693 0.261119
vt 0.360293 0.259597
vt 0.194847 0.267526
vt 0.349613 0.254773
vt 0.358298 0.252147
vt 0.195994 0.259923
vt 0.347529 0.245741
vt 0.354276 0.243812
vt 0.198857 0.251251
vt 0.239033 0.174984
vt 0.236312 0.176380
vt 0.237001 0.171838
vt 0.240824 0.171314
vt 0.238276 0.167030
vt 0.240094 0.159993
vt 0.244993 0.159087
vt 0.243320 0.165599
vt 0.215449 0.175265
vt 0.210845 0.175404
vt 0.208745 0.170732
vt 0.324482 0.188549
vt 0.332144 0.186313
vt 0.317133 0.189328
vt 0.310272 0.187811
vt 0.303257 0.183948
vt 0.324148 0.185814
vt 0.331625 0.183489
vt 0.316988 0.186544
vt 0.310328 0.184951
vt 0.303441 0.180839
vt 0.296943 0.173788
vt 0.232097 0.177976
vt 0.208633 0.157074
vt 0.209975 0.152737
vt 0.207888 0.163921
vt 0.215960 0.178853
vt 0.212739 0.177984
vt 0.220642 0.179588
vt 0.226345 0.179209
vt 0.211410 0.323287
vt 0.206034 0.318356
vt 0.219254 0.325262
vt 0.227241 0.325906
vt 0.235117 0.326048
vt 0.243205 0.325560
vt 0.251274 0.324115
vt 0.256947 0.322483
vt 0.261379 0.318983
vt 0.202889 0.310904
vt 0.202548 0.301155
vt 0.205759 0.291985
vt 0.261967 0.289719
vt 0.265258 0.310962
vt 0.266113 0.299912
vt 0.277161 0.161140
vt 0.285124 0.162498
vt 0.291506 0.165328
vt 0.297492 0.171104
vt 0.303813 0.178444
vt 0.310384 0.182383
vt 0.316720 0.184116
vt 0.323734 0.183768
vt 0.330870 0.181670
vt 0.338642 0.177761
vt 0.345878 0.172179
vt 0.353535 0.168231
vt 0.359946 0.167236
vt 0.194024 0.175149
vt 0.203131 0.180042
vt 0.209192 0.183190
vt 0.214888 0.184882
vt 0.220134 0.185890
vt 0.226197 0.185485
vt 0.232015 0.184204
vt 0.237610 0.182522
vt 0.242341 0.179499
vt 0.247061 0.174617
vt 0.253539 0.167277
vt 0.277561 0.159515
vt 0.285250 0.161114
vt 0.292005 0.164175
vt 0.297848 0.170193
vt 0.304143 0.177743
vt 0.310614 0.181347
vt 0.316729 0.182957
vt 0.323504 0.182790
vt 0.330424 0.180752
vt 0.338199 0.176807
vt 0.345409 0.171118
vt 0.353358 0.166878
vt 0.359511 0.165781
vn -0.451797 -0.865023 0.218208
vn -0.174872 -0.972778 0.152061
vn -0.226448 -0.961631 0.154878
vn -0.448086 -0.868282 0.212852
vn -0.280991 -0.953253 0.111141
vn -0.447416 -0.882789 0.143187
vn -0.164808 -0.963155 -0.212533
vn -0.315401 -0.891000 -0.326560
vn -0.431175 -0.901869 -0.026849
vn -0.281931 -0.959433 -0.001588
vn 0.022420 -0.996195 0.084214
vn -0.029154 -0.995688 0.088063
vn -0.073624 -0.995742 0.055478
vn -0.094750 -0.995498 -0.002358
vn -0.070649 -0.989206 -0.128375
vn 0.122677 -0.991448 0.044522
vn 0.093734 -0.994576 0.045079
vn 0.053208 -0.998535 0.009826
vn -0.019559 -0.993743 -0.109965
vn 0.006305 -0.999486 -0.031432
vn 0.242042 -0.970013 0.022148
vn 0.220770 -0.975254 0.011867
vn 0.185309 -0.981939 -0.038159
vn 0.046051 -0.987476 -0.150898
vn 0.123406 -0.988259 -0.090082
vn 0.420374 -0.907350 0.001048
vn 0.387017 -0.921755 -0.024198
vn 0.327088 -0.940419 -0.092874
vn 0.136374 -0.962021 -0.236471
vn 0.241496 -0.956911 -0.161247
vn 0.630809 -0.775776 -0.015843
vn 0.602306 -0.795633 -0.064777
vn 0.541678 -0.825198 -0.160104
vn 0.348521 -0.873258 -0.340520
vn 0.451957 -0.858273 -0.243111
vn -0.435471 -0.864370 0.251453
vn -0.111081 -0.978402 0.174331
vn 0.098779 -0.991656 0.082834
vn 0.139842 -0.989404 0.039040
vn 0.232584 -0.971618 0.043160
vn 0.419615 -0.906000 0.055560
vn 0.637177 -0.768197 0.062282
vn 0.255437 -0.828235 -0.498778
vn 0.031883 -0.927321 -0.372906
vn -0.006567 -0.961175 -0.275863
vn -0.010481 -0.967111 -0.254137
vn -0.012205 -0.945865 -0.324332
vn 0.003170 -0.884956 -0.465664
vn -0.140186 -0.776318 -0.614556
vn -0.586089 -0.733163 -0.344924
vn -0.588193 -0.807896 -0.036496
vn -0.622331 -0.771803 0.130480
vn -0.679393 -0.698990 0.223247
vn -0.712591 -0.654111 0.253678
vn -0.700919 -0.644709 0.305063
vn 0.142992 -0.856880 -0.495287
vn -0.032399 -0.836098 -0.547623
vn 0.048966 -0.966789 -0.250843
vn -0.587855 -0.804898 -0.081032
vn -0.642673 -0.600313 -0.476021
vn 0.280067 -0.951783 0.125184
vn 0.285056 -0.919532 0.270562
vn 0.194897 -0.971260 0.136636
vn 0.255047 -0.965533 -0.051934
vn 0.066702 -0.990777 -0.117946
vn -0.425082 -0.887560 0.177601
vn 0.057247 -0.910437 -0.409668
vn 0.127550 -0.990172 0.057363
vn 0.121700 -0.982567 -0.140538
vn 0.163263 -0.894024 0.417212
vn 0.247254 -0.937969 0.243062
vn 0.105368 -0.976045 0.190354
vn 0.082279 -0.919540 0.384286
vn 0.007463 -0.935795 -0.352466
vn -0.097998 -0.995121 0.011431
vn -0.050784 -0.977530 -0.204587
vn -0.035367 -0.926778 -0.373941
vn -0.290904 -0.956524 -0.020914
vn -0.197146 -0.948119 -0.249406
vn -0.048021 -0.883580 -0.465811
vn -0.379800 -0.924982 0.012697
vn -0.295451 -0.928649 -0.224322
vn -0.215045 -0.953354 0.211828
vn -0.048094 -0.998795 -0.009795
vn 0.213489 -0.791653 -0.572458
vn 0.154522 -0.809922 0.565818
vn 0.483626 -0.799578 0.356062
vn -0.576754 -0.538432 -0.614366
vn -0.128257 -0.872663 -0.471179
vn -0.281445 -0.820314 -0.497869
vn -0.284525 -0.561434 -0.777070
vn -0.152508 -0.639566 -0.753456
vn -0.127567 -0.903852 -0.408385
vn -0.270777 -0.883830 -0.381478
vn -0.123079 -0.953927 -0.273633
vn -0.331175 -0.930236 -0.158063
vn -0.099879 -0.994635 -0.026938
vn -0.394940 -0.912219 0.108989
vn -0.075458 -0.985096 0.154568
vn -0.420361 -0.873750 0.244657
vn -0.085166 -0.861458 -0.500636
vn -0.142057 -0.632290 -0.761596
vn -0.071179 -0.907864 -0.413178
vn 0.009631 -0.968968 -0.246998
vn 0.123496 -0.991471 -0.041649
vn 0.160689 -0.984504 0.070219
vn -0.038065 -0.851535 -0.522913
vn -0.138138 -0.621309 -0.771293
vn 0.009200 -0.916919 -0.398968
vn 0.071187 -0.979148 -0.190268
vn 0.116756 -0.993158 0.002404
vn 0.138521 -0.988918 0.053417
vn 0.092676 -0.833020 -0.545425
vn -0.007792 -0.609599 -0.792672
vn 0.125474 -0.904744 -0.407056
vn 0.139478 -0.966278 -0.216456
vn 0.142956 -0.989563 0.018145
vn 0.179577 -0.979127 0.095193
vn 0.252566 -0.792804 -0.554683
vn 0.112971 -0.608428 -0.785527
vn 0.299315 -0.847750 -0.437870
vn 0.354535 -0.904717 -0.236204
vn 0.385333 -0.921167 0.054496
vn 0.391253 -0.908605 0.146147
vn 0.421059 -0.709139 -0.565537
vn 0.247141 -0.558440 -0.791875
vn 0.482754 -0.751685 -0.449352
vn 0.585506 -0.790157 -0.181203
vn 0.630228 -0.768102 0.113281
vn 0.628371 -0.758435 0.172989
vn -0.015783 0.490770 -0.871146
vn -0.124394 0.486616 -0.864714
vn -0.158095 0.007784 -0.987393
vn -0.126642 0.078427 -0.988843
vn -0.257472 0.456464 -0.851674
vn -0.235886 -0.012888 -0.971695
vn -0.360087 0.380655 -0.851727
vn -0.283407 -0.054411 -0.957455
vn -0.320071 0.267619 -0.908809
vn -0.183828 -0.117246 -0.975941
vn -0.215722 0.180178 -0.959687
vn -0.098980 -0.147485 -0.984099
vn -0.235201 0.151429 -0.960078
vn -0.097139 -0.117137 -0.988354
vn -0.676323 -0.659550 0.327996
vn -0.671243 -0.694178 0.259903
vn -0.690284 -0.723151 0.023658
vn -0.667806 -0.682714 -0.296542
vn -0.628900 -0.554281 -0.545212
vn -0.489025 -0.230350 -0.841305
vn -0.082423 0.296845 -0.951362
vn 0.056392 0.557151 -0.828494
vn -0.066053 0.325112 -0.943366
vn 0.197135 0.292346 -0.935773
vn 0.212511 0.008765 -0.977119
vn -0.013937 0.013509 -0.999812
vn -0.106326 0.507168 -0.855263
vn 0.135934 0.507847 -0.850655
vn -0.116120 0.570211 -0.813250
vn -0.211959 0.337606 -0.917113
vn -0.141866 0.016176 -0.989754
vn -0.238411 0.503193 -0.830636
vn -0.252299 0.553063 -0.794019
vn -0.312838 0.353396 -0.881614
vn -0.227904 0.068937 -0.971240
vn -0.358641 0.514412 -0.778946
vn -0.382984 0.529514 -0.756926
vn -0.383905 0.378220 -0.842358
vn -0.314596 0.157242 -0.936111
vn -0.405426 0.532496 -0.743019
vn -0.392588 0.486973 -0.780213
vn -0.425914 0.373749 -0.823959
vn -0.407239 0.226965 -0.884671
vn -0.369090 0.507505 -0.778595
vn -0.288662 0.403414 -0.868292
vn -0.536919 0.298148 -0.789193
vn -0.539012 0.193471 -0.819777
vn -0.433429 0.409621 -0.802714
vn -0.310347 0.303687 -0.900810
vn 0.171232 -0.211100 -0.962349
vn 0.037631 -0.281233 -0.958901
vn -0.043886 -0.297398 -0.953744
vn -0.109044 -0.237963 -0.965134
vn -0.201061 -0.112681 -0.973076
vn -0.325683 0.026449 -0.945109
vn -0.460162 0.094824 -0.882757
vn -0.002701 0.422975 -0.906137
vn 0.054254 0.304460 -0.950979
vn 0.048182 0.139292 -0.989078
vn -0.684664 0.614364 0.392163
vn -0.449764 0.810857 0.374464
vn -0.408951 0.826156 0.387589
vn -0.651280 0.628901 0.424639
vn -0.387358 0.849687 0.357752
vn -0.634759 0.664579 0.394228
vn -0.389167 0.864634 0.317738
vn -0.638203 0.700261 0.319893
vn -0.406322 0.866583 0.289718
vn -0.658245 0.711045 0.247240
vn -0.467135 0.870689 -0.153903
vn -0.689494 0.706994 -0.157346
vn -0.348105 0.495218 -0.795979
vn -0.468338 0.455346 -0.757178
vn -0.240603 0.908914 0.340566
vn -0.225661 0.913036 0.339770
vn -0.210238 0.924614 0.317629
vn -0.192437 0.936348 0.293634
vn -0.172169 0.944333 0.280344
vn -0.194613 0.971697 -0.133905
vn -0.183437 0.586885 -0.788617
vn 0.012534 0.948275 0.317204
vn -0.007001 0.948002 0.318188
vn -0.019270 0.958543 0.284294
vn -0.009462 0.970302 0.241713
vn 0.024831 0.976885 0.212318
vn 0.042097 0.996319 -0.074671
vn 0.000488 0.741881 -0.670531
vn 0.256254 0.917367 0.304583
vn 0.217494 0.918568 0.330043
vn 0.172198 0.943187 0.284159
vn 0.151525 0.967984 0.200116
vn 0.165210 0.977277 0.132798
vn 0.167772 0.985023 -0.039787
vn 0.098712 0.845214 -0.525233
vn 0.438225 0.846805 0.301463
vn 0.392117 0.844280 0.365287
vn 0.333442 0.885234 0.324311
vn 0.280472 0.938725 0.200328
vn 0.252050 0.963228 0.093070
vn 0.227806 0.973632 -0.012023
vn 0.106951 0.903370 -0.415313
vn 0.626021 0.726598 0.283113
vn 0.581063 0.719316 0.380724
vn 0.535067 0.766146 0.355982
vn 0.479812 0.851002 0.213488
vn 0.413449 0.907856 0.069694
vn 0.359508 0.931819 -0.049673
vn 0.161469 0.891639 -0.422974
vn -0.700501 0.605568 0.377605
vn -0.470557 0.795928 0.380886
vn -0.241060 0.899013 0.365604
vn 0.025711 0.941236 0.336768
vn 0.267709 0.917873 0.292986
vn 0.454085 0.854739 0.251451
vn -0.156822 0.337822 -0.928053
vn -0.277851 0.426890 -0.860560
vn -0.061457 0.196030 -0.978670
vn -0.046312 0.036535 -0.998259
vn -0.078509 -0.083238 -0.993432
vn -0.084593 -0.104945 -0.990874
vn -0.025248 -0.005154 -0.999668
vn -0.852346 0.463210 -0.242779
vn -0.526832 0.370824 -0.764812
vn -0.882860 0.442803 0.156471
vn -0.859901 0.410584 0.303299
vn -0.840757 0.364132 0.400669
vn -0.844785 0.326358 0.424061
vn -0.873816 0.307705 0.376515
vn -0.889563 0.303789 0.341159
vn -0.611446 0.752190 0.245653
vn -0.378931 0.874493 0.302777
vn -0.427879 0.845294 0.319997
vn -0.660622 0.698632 0.274758
vn -0.468671 0.796795 0.381399
vn -0.702661 0.615581 0.356829
vn -0.691915 0.650074 0.314098
vn -0.455999 0.817925 0.350805
vn -0.160688 0.928309 0.335294
vn -0.203362 0.918917 0.337987
vn -0.223832 0.905891 0.359530
vn -0.232452 0.893858 0.383384
vn 0.007930 0.940177 0.340593
vn 0.003093 0.944126 0.329570
vn 0.020233 0.933778 0.357280
vn 0.007087 0.939731 0.341842
vn 0.154139 0.937977 0.310548
vn 0.186670 0.937214 0.294591
vn 0.246362 0.920565 0.303095
vn 0.213730 0.929820 0.299589
vn 0.314835 0.915024 0.252211
vn 0.364943 0.899970 0.238478
vn 0.439347 0.865295 0.241327
vn 0.406207 0.881881 0.239337
vn 0.500516 0.848175 0.173444
vn 0.563738 0.811153 0.155660
vn 0.644843 0.745110 0.170262
vn 0.615889 0.772273 0.155806
vn 0.647765 0.734898 0.200813
vn -0.557420 0.807418 0.193283
vn -0.326908 0.908648 0.259789
vn -0.111674 0.946283 0.303443
vn 0.019344 0.946765 0.321343
vn 0.115473 0.946369 0.301747
vn 0.258617 0.934189 0.245780
vn 0.442586 0.880847 0.168008
vn -0.895868 0.324656 0.303347
vn -0.894704 0.372240 0.246865
vn -0.874158 0.444470 0.195688
vn -0.829223 0.537021 0.154914
vn -0.777814 0.620423 0.100400
vn -0.293485 0.944487 0.147688
vn -0.514759 0.839568 0.173632
vn -0.537588 0.829445 0.151724
vn -0.305335 0.947566 0.094278
vn -0.298064 0.935126 0.191564
vn -0.521645 0.839851 0.150123
vn -0.062748 0.986353 0.152218
vn -0.057558 0.994826 0.083714
vn -0.079402 0.969918 0.230120
vn 0.064271 0.980311 0.186706
vn 0.080824 0.990011 0.115520
vn 0.039930 0.962513 0.268279
vn 0.095356 0.973194 0.209285
vn 0.097040 0.986114 0.134767
vn 0.093924 0.955390 0.280014
vn 0.216261 0.953727 0.208895
vn 0.234885 0.963254 0.130269
vn 0.219195 0.942260 0.253180
vn 0.427509 0.878301 0.214065
vn 0.481616 0.856858 0.183957
vn 0.412513 0.889240 0.197701
vn 0.076182 0.761479 0.643697
vn 0.256495 0.711030 0.654712
vn 0.405532 0.781073 0.474835
vn 0.166235 0.876310 0.452157
vn -0.747026 0.659848 0.080955
vn -0.725135 0.668587 0.164836
vn -0.714052 0.660949 0.230815
vn -0.363960 0.473800 0.801902
vn -0.251760 0.710144 0.657505
vn -0.405600 0.794681 0.451630
vn -0.563906 0.591668 0.576141
vn -0.024041 -0.544295 0.838550
vn -0.273611 0.016131 0.961705
vn -0.598101 0.216596 0.771596
vn -0.424596 -0.477197 0.769417
vn 0.171638 -0.837361 0.519006
vn -0.071959 -0.903115 0.423325
vn 0.073998 -0.150358 0.985858
vn 0.100289 -0.676428 0.729649
vn 0.108689 -0.666048 0.737948
vn 0.177109 -0.105293 0.978543
vn -0.036102 0.800894 0.597716
vn -0.166199 0.900140 0.402649
vn -0.128666 -0.976402 0.173446
vn -0.120524 -0.910549 0.395443
vn 0.055077 -0.021653 0.998247
vn -0.058262 -0.621025 0.781622
vn 0.126647 0.480970 0.867542
vn 0.215629 0.460895 0.860860
vn 0.122891 0.790321 0.600241
vn 0.116374 0.770976 0.626141
vn 0.111526 0.897015 0.427699
vn 0.044068 0.911582 0.408749
vn -0.355032 -0.917155 0.181047
vn -0.374352 -0.831485 0.410480
vn -0.120353 0.066511 0.990501
vn -0.304419 -0.522548 0.796413
vn -0.013255 0.483129 0.875449
vn 0.036687 0.762218 0.646280
vn 0.066145 0.893631 0.443902
vn 0.410010 -0.271024 0.870883
vn 0.750343 -0.161273 0.641075
vn 0.448062 0.293891 0.844315
vn 0.660757 0.414883 0.625518
vn 0.402174 0.562916 0.722068
vn 0.559363 0.634602 0.533285
vn -0.294028 -0.912709 0.283742
vn -0.143926 -0.803225 0.578027
vn -0.407178 -0.775317 0.482793
vn -0.420410 -0.882493 0.210861
vn -0.912010 0.399023 0.094971
vn -0.874230 0.372629 0.311239
vn -0.988448 -0.149049 0.027479
vn -0.892869 -0.291386 0.343337
vn 0.831585 -0.550719 0.071944
vn 0.816176 -0.543800 0.195290
vn 0.946458 -0.215326 0.240522
vn 0.968357 -0.226292 0.105249
vn 0.932608 0.194522 0.303979
vn 0.966829 0.190594 0.170047
vn 0.776886 0.517919 0.358063
vn 0.816131 0.526174 0.238894
vn 0.814128 -0.553942 0.174195
vn 0.952217 -0.197170 0.233255
vn 0.930470 0.226359 0.288076
vn 0.760516 0.554950 0.337116
vn 0.815842 -0.568961 -0.103373
vn 0.989433 -0.142886 -0.024615
vn 0.946035 0.316608 0.069117
vn 0.746654 0.644231 0.165753
vn 0.731576 -0.518313 -0.442886
vn 0.933701 -0.088877 -0.346847
vn 0.916059 0.370824 -0.152726
vn 0.698137 0.715960 0.002293
vn 0.663174 -0.456065 -0.593468
vn 0.835661 -0.054805 -0.546504
vn 0.822567 0.415904 -0.387825
vn 0.605466 0.773608 -0.186926
vn 0.463182 -0.305448 -0.831964
vn 0.535132 0.081575 -0.840821
vn 0.423989 0.483504 -0.765805
vn 0.276417 0.767947 -0.577799
vn -0.081269 0.065085 -0.994565
vn -0.151628 0.287001 -0.945854
vn -0.287648 0.376240 -0.880740
vn -0.342851 0.427409 -0.836525
vn 0.838729 0.527977 0.133321
vn 0.981449 0.185397 0.048845
vn 0.970857 -0.239177 -0.015191
vn 0.824763 -0.564801 -0.027678
vn 0.628631 -0.664441 -0.404155
vn 0.695519 -0.651283 -0.303454
vn 0.923936 -0.251925 -0.287882
vn 0.909594 -0.216716 -0.354505
vn 0.942708 0.303700 -0.138089
vn 0.912181 0.387644 -0.132886
vn 0.762921 0.645602 0.033901
vn 0.701032 0.710488 0.061334
vn 0.797974 -0.594019 -0.101874
vn 0.962335 -0.252346 -0.101159
vn 0.945467 -0.259904 -0.196324
vn 0.754536 -0.622461 -0.207892
vn 0.979250 0.201220 -0.024066
vn 0.966937 0.238198 -0.091070
vn 0.839418 0.537270 0.081960
vn 0.814832 0.578029 0.043945
vn 0.662559 0.745923 0.067935
vn 0.880641 0.461486 -0.107252
vn 0.913345 -0.106240 -0.393083
vn 0.602556 -0.593511 -0.533546
vn 0.746523 -0.567436 -0.347449
vn 0.997316 0.013144 -0.072026
vn 0.986385 -0.011162 0.164073
vn 0.768323 -0.633173 -0.093654
vn 0.850186 0.509686 0.131923
vn 0.824553 0.500548 0.263751
vn 0.662259 0.721917 0.200623
vn 0.670049 0.697531 0.253938
vn 0.655293 -0.530621 -0.537617
vn 0.949369 0.000193 -0.314162
vn 0.864058 0.502765 -0.025123
vn 0.658668 0.743816 0.113552
vn 0.217748 -0.820477 -0.528587
vn -0.966945 -0.053258 -0.249361
vn -0.914427 -0.150611 -0.375684
vn -0.924978 0.376065 -0.054679
vn -0.955959 0.279589 -0.089285
vn -0.994124 0.107640 -0.011494
vn -0.890085 -0.401647 -0.215474
vn -0.887489 -0.409969 0.210448
vn -0.890222 -0.369590 0.266285
vn -0.970110 -0.048765 0.237717
vn -0.955536 -0.048007 0.290940
vn -0.876464 -0.466030 0.120946
vn -0.985641 -0.032659 0.165669
vn -0.863036 -0.505138 0.001909
vn -0.996041 -0.003571 0.088820
vn -0.934170 -0.027941 0.355734
vn -0.873623 -0.346488 0.341658
vn -0.870776 -0.105899 -0.480140
vn -0.555565 0.161706 -0.815597
vn -0.904929 0.217754 -0.365633
vn -0.533367 0.302782 -0.789838
vn -0.961095 -0.243439 -0.130515
vn -0.990376 0.135526 0.028090
vn -0.939594 -0.299834 0.165114
vn -0.963293 0.087007 0.253961
vn -0.879267 -0.325344 0.347910
vn -0.921577 0.042673 0.385843
vn -0.857086 -0.334835 0.391522
vn -0.909803 0.003656 0.415025
vn 0.113229 0.636784 0.762683
vn 0.003874 0.636912 0.770927
vn -0.005946 0.469453 0.882938
vn 0.168606 0.497598 0.850863
vn -0.070673 0.136950 0.988054
vn -0.273626 -0.430816 0.859957
vn 0.068163 -0.354883 0.932422
vn 0.185760 0.208731 0.960169
vn 0.076634 0.414235 0.906938
vn -0.154653 0.406355 0.900532
vn -0.089708 -0.120791 0.988616
vn 0.102422 -0.923117 -0.370627
vn 0.222314 -0.908511 -0.353815
vn 0.010388 -0.927948 -0.372564
vn -0.062463 -0.907897 -0.414515
vn -0.103104 -0.860349 -0.499169
vn 0.083942 -0.909300 -0.407588
vn 0.187294 -0.921858 -0.339262
vn -0.002899 -0.901842 -0.432057
vn -0.077064 -0.878255 -0.471942
vn -0.141785 -0.853103 -0.502107
vn 0.196162 -0.895406 -0.399711
vn 0.007418 0.637822 0.770148
vn 0.209853 -0.850790 0.481787
vn 0.288573 -0.906310 0.308753
vn 0.072049 -0.631956 0.771648
vn 0.047146 0.690970 0.721344
vn -0.136309 0.647756 0.749554
vn 0.189268 0.687310 0.701273
vn 0.128930 0.655159 0.744408
vn 0.789584 0.481925 0.379876
vn 0.943862 -0.046434 0.327060
vn 0.718373 -0.690780 0.082235
vn 0.142744 -0.955083 -0.259694
vn -0.188067 -0.880816 -0.434505
vn -0.115240 -0.892509 -0.436060
vn -0.022007 -0.918620 -0.394528
vn 0.089055 -0.935260 -0.342577
vn 0.190771 -0.946966 -0.258578
vn 0.079932 -0.996222 -0.033939
vn -0.314124 -0.907141 0.280037
vn -0.755672 -0.380011 0.533434
vn -0.814125 0.320792 0.484037
vn -0.701900 0.644028 0.304245
vn -0.532622 0.826796 0.180892
vn -0.284367 0.948774 0.137706
vn -0.030849 0.986506 0.160792
vn 0.098994 0.971630 0.214790
vn 0.085295 0.967821 0.236744
vn 0.229674 0.948036 0.220174
vn 0.502747 0.824623 0.259312
vn 0.661582 0.670289 0.336187
s 1
g Feet M_Skeleton R_F_Proximal_Phalanx_1
usemtl Skeleton_Feet_SG
f 1945/2151/1945 1946/2152/1946 1947/2153/1947 1948/2154/1948
f 1949/2155/1949 1950/2156/1950 1948/2154/1948 1947/2153/1947
f 1951/2157/1951 1952/2158/1952 1953/2159/1953 1954/2160/1954
f 1955/2161/1955 1956/2162/1956 1947/2153/1947 1946/2152/1946
f 1949/2155/1949 1947/2153/1947 1956/2162/1956 1957/2163/1957
f 1951/2157/1951 1954/2160/1954 1958/2164/1958 1959/2165/1959
f 1960/2166/1960 1961/2167/1961 1956/2162/1956 1955/2161/1955
f 1962/2168/1962 1957/2163/1957 1956/2162/1956 1961/2167/1961
f 1963/2169/1963 1959/2165/1959 1958/2164/1958 1964/2170/1964
f 1965/2171/1965 1966/2172/1966 1961/2167/1961 1960/2166/1960
f 1967/2173/1967 1962/2168/1962 1961/2167/1961 1966/2172/1966
f 1968/2174/1968 1963/2169/1963 1964/2170/1964 1969/2175/1969
f 1970/2176/1970 1971/2177/1971 1966/2172/1966 1965/2171/1965
f 1972/2178/1972 1967/2173/1967 1966/2172/1966 1971/2177/1971
f 1973/2179/1973 1968/2174/1968 1969/2175/1969 1974/2180/1974
f 1975/2181/1975 1976/2182/1976 1971/2177/1971 1970/2176/1970
f 1977/2183/1977 1972/2178/1972 1971/2177/1971 1976/2182/1976
f 1978/2184/1978 1973/2179/1973 1974/2180/1974 1979/2185/1979
f 1980/2186/1980 1981/2187/1981 1946/2152/1946 1945/2151/1945
f 1982/2188/1982 1955/2161/1955 1946/2152/1946 1981/2187/1981
f 1983/2189/1983 1960/2166/1960 1955/2161/1955 1982/2188/1982
f 1984/2190/1984 1965/2171/1965 1960/2166/1960 1983/2189/1983
f 1985/2191/1985 1970/2176/1970 1965/2171/1965 1984/2190/1984
f 1986/2192/1986 1975/2181/1975 1970/2176/1970 1985/2191/1985
f 1973/2179/1973 1978/2184/1978 1987/2193/1987 1988/2194/1988
f 1989/2195/1989 1968/2174/1968 1973/2179/1973 1988/2194/1988
f 1990/2196/1990 1963/2169/1963 1968/2174/1968 1989/2195/1989
f 1991/2197/1991 1959/2165/1959 1963/2169/1963 1990/2196/1990
f 1992/2198/1992 1951/2157/1951 1959/2165/1959 1991/2197/1991
f 1993/2199/1993 1952/2158/1952 1951/2157/1951 1992/2198/1992
f 1994/2200/1994 1995/2201/1995 1953/2159/1953 1952/2158/1952
f 1996/2202/1996 1997/2203/1997 1948/2154/1948 1950/2156/1950
f 1997/2203/1997 1998/2204/1998 1945/2151/1945 1948/2154/1948
f 1998/2204/1998 1999/2205/1999 1980/2186/1980 1945/2151/1945
f 2000/2206/2000 2001/2207/2001 1993/2199/1993 1992/2198/1992
f 2001/2207/2001 2002/2208/2002 2003/2209/2003 2004/2210/2004
f 2005/2211/2005 2006/2212/2006 2007/2213/2007 2008/2214/2008
f 2003/2209/2003 2002/2208/2002 2009/2215/2009 2010/2216/2010
f 2011/2217/2011 2000/2206/2000 1992/2198/1992 1991/2197/1991
f 2012/2218/2012 2005/2211/2005 2008/2214/2008 2013/2219/2013
f 2014/2220/2014 2015/2221/2015 2016/2222/2016 2017/2223/2017
f 2018/2224/2018 2011/2217/2011 1991/2197/1991 1990/2196/1990
f 2019/2225/2019 2012/2218/2012 2013/2219/2013 2020/2226/2020
f 2021/2227/2021 2018/2224/2018 1990/2196/1990 1989/2195/1989
f 2022/2228/2022 2019/2225/2019 2020/2226/2020 2023/2229/2023
f 2024/2230/2024 2021/2227/2021 1989/2195/1989 1988/2194/1988
f 2025/2231/2025 2022/2228/2022 2023/2229/2023 2026/2232/2026
f 2027/2233/2027 2025/2231/2025 2026/2232/2026 2028/2234/2028
f 1987/2193/1987 2029/2235/2029 2024/2230/2024 1988/2194/1988
f 2030/2236/2030 2027/2233/2027 2028/2234/2028 2031/2237/2031
f 2004/2210/2004 2032/2238/2032 1993/2199/1993 2001/2207/2001
f 1994/2200/1994 1952/2158/1952 1993/2199/1993 2032/2238/2032
f 2033/2239/2033 2034/2240/2034 2035/2241/2035 2036/2242/2036
f 2034/2240/2034 2033/2239/2033 2037/2243/2037 2038/2244/2038
f 2038/2244/2038 2037/2243/2037 2039/2245/2039 2040/2246/2040
f 2040/2246/2040 2039/2245/2039 2041/2247/2041 2042/2248/2042
f 2042/2248/2042 2041/2247/2041 2043/2249/2043 2044/2250/2044
f 1981/2187/1981 1980/2186/1980 2044/2250/2044 2043/2249/2043
f 2045/2251/2045 2033/2239/2033 2036/2242/2036 2046/2252/2046
f 2045/2251/2045 2047/2253/2047 2037/2243/2037 2033/2239/2033
f 2047/2253/2047 2048/2254/2048 2039/2245/2039 2037/2243/2037
f 2048/2254/2048 2049/2255/2049 2041/2247/2041 2039/2245/2039
f 2049/2255/2049 2050/2256/2050 2043/2249/2043 2041/2247/2041
f 1981/2187/1981 2043/2249/2043 2050/2256/2050 1982/2188/1982
f 2051/2257/2051 2045/2251/2045 2046/2252/2046 2052/2258/2052
f 2051/2257/2051 2053/2259/2053 2047/2253/2047 2045/2251/2045
f 2053/2259/2053 2054/2260/2054 2048/2254/2048 2047/2253/2047
f 2054/2260/2054 2055/2261/2055 2049/2255/2049 2048/2254/2048
f 2055/2261/2055 2056/2262/2056 2050/2256/2050 2049/2255/2049
f 1983/2189/1983 1982/2188/1982 2050/2256/2050 2056/2262/2056
f 2057/2263/2057 2051/2257/2051 2052/2258/2052 2058/2264/2058
f 2057/2263/2057 2059/2265/2059 2053/2259/2053 2051/2257/2051
f 2059/2265/2059 2060/2266/2060 2054/2260/2054 2053/2259/2053
f 2060/2266/2060 2061/2267/2061 2055/2261/2055 2054/2260/2054
f 2061/2267/2061 2062/2268/2062 2056/2262/2056 2055/2261/2055
f 1984/2190/1984 1983/2189/1983 2056/2262/2056 2062/2268/2062
f 2063/2269/2063 2057/2263/2057 2058/2264/2058 2064/2270/2064
f 2063/2269/2063 2065/2271/2065 2059/2265/2059 2057/2263/2057
f 2065/2271/2065 2066/2272/2066 2060/2266/2060 2059/2265/2059
f 2066/2272/2066 2067/2273/2067 2061/2267/2061 2060/2266/2060
f 2067/2273/2067 2068/2274/2068 2062/2268/2062 2061/2267/2061
f 1985/2191/1985 1984/2190/1984 2062/2268/2062 2068/2274/2068
f 2069/2275/2069 2063/2269/2063 2064/2270/2064 2070/2276/2070
f 2069/2275/2069 2071/2277/2071 2065/2271/2065 2063/2269/2063
f 2071/2277/2071 2072/2278/2072 2066/2272/2066 2065/2271/2065
f 2072/2278/2072 2073/2279/2073 2067/2273/2067 2066/2272/2066
f 2073/2279/2073 2074/2280/2074 2068/2274/2068 2067/2273/2067
f 1986/2192/1986 1985/2191/1985 2068/2274/2068 2074/2280/2074
f 2075/2281/2075 2076/2282/2076 2077/2283/2077 2078/2284/2078
f 2079/2285/2079 2080/2286/2080 2077/2283/2077 2076/2282/2076
f 2081/2287/2081 2082/2288/2082 2080/2286/2080 2079/2285/2079
f 2083/2289/2083 2084/2290/2084 2082/2288/2082 2081/2287/2081
f 2085/2291/2085 2086/2292/2086 2084/2290/2084 2083/2289/2083
f 2087/2293/2087 2088/2294/2088 2086/2292/2086 2085/2291/2085
f 1999/2205/1999 2089/2295/2089 2044/2250/2044 1980/2186/1980
f 2089/2295/2089 2090/2296/2090 2042/2248/2042 2044/2250/2044
f 2090/2296/2090 2091/2297/2091 2040/2246/2040 2042/2248/2042
f 2091/2297/2091 2092/2298/2092 2038/2244/2038 2040/2246/2040
f 2092/2298/2092 2093/2299/2093 2034/2240/2034 2038/2244/2038
f 2034/2240/2034 2093/2299/2093 2094/2300/2094 2035/2241/2035
f 2078/2284/2078 2095/2301/2095 2096/2302/2096 2075/2281/2075
f 2097/2303/2097 2098/2304/2098 2099/2305/2099 2100/2306/2100
f 2101/2307/2101 2102/2308/2102 2098/2304/2098 2097/2303/2097
f 2103/2309/2103 2096/2302/2096 2102/2308/2102 2101/2307/2101
f 2104/2310/2104 2097/2303/2097 2100/2306/2100 2105/2311/2105
f 2101/2307/2101 2097/2303/2097 2104/2310/2104 2106/2312/2106
f 2103/2309/2103 2101/2307/2101 2106/2312/2106 2107/2313/2107
f 2108/2314/2108 2104/2310/2104 2105/2311/2105 2109/2315/2109
f 2110/2316/2110 2106/2312/2106 2104/2310/2104 2108/2314/2108
f 2111/2317/2111 2107/2313/2107 2106/2312/2106 2110/2316/2110
f 2112/2318/2112 2108/2314/2108 2109/2315/2109 2113/2319/2113
f 2114/2320/2114 2110/2316/2110 2108/2314/2108 2112/2318/2112
f 2115/2321/2115 2111/2317/2111 2110/2316/2110 2114/2320/2114
f 2116/2322/2116 2112/2318/2112 2113/2319/2113 2117/2323/2117
f 2118/2324/2118 2114/2320/2114 2112/2318/2112 2116/2322/2116
f 2119/2325/2119 2115/2321/2115 2114/2320/2114 2118/2324/2118
f 2120/2326/2120 2116/2322/2116 2117/2323/2117 2121/2327/2121
f 2122/2328/2122 2118/2324/2118 2116/2322/2116 2120/2326/2120
f 2123/2329/2123 2119/2325/2119 2118/2324/2118 2122/2328/2122
f 2124/2330/2124 2125/2331/2125 2100/2306/2100 2099/2305/2099
f 2126/2332/2126 2105/2311/2105 2100/2306/2100 2125/2331/2125
f 2127/2333/2127 2109/2315/2109 2105/2311/2105 2126/2332/2126
f 2128/2334/2128 2113/2319/2113 2109/2315/2109 2127/2333/2127
f 2129/2335/2129 2117/2323/2117 2113/2319/2113 2128/2334/2128
f 2130/2336/2130 2121/2327/2121 2117/2323/2117 2129/2335/2129
f 2119/2325/2119 2123/2329/2123 2087/2293/2087 2085/2291/2085
f 2085/2291/2085 2083/2289/2083 2115/2321/2115 2119/2325/2119
f 2083/2289/2083 2081/2287/2081 2111/2317/2111 2115/2321/2115
f 2081/2287/2081 2079/2285/2079 2107/2313/2107 2111/2317/2111
f 2103/2309/2103 2107/2313/2107 2079/2285/2079 2076/2282/2076
f 2076/2282/2076 2075/2281/2075 2096/2302/2096 2103/2309/2103
f 2095/2301/2095 2131/2337/2131 2102/2308/2102 2096/2302/2096
f 2131/2337/2131 2132/2338/2132 2098/2304/2098 2102/2308/2102
f 2132/2338/2132 2133/2339/2133 2099/2305/2099 2098/2304/2098
f 2134/2340/2134 2135/2341/2135 2136/2342/2136 2137/2343/2137
f 2138/2344/2138 2139/2345/2139 2137/2343/2137 2136/2342/2136
f 2139/2345/2139 2138/2344/2138 2140/2346/2140 2141/2347/2141
f 2141/2347/2141 2140/2346/2140 2142/2348/2142 2143/2349/2143
f 2143/2349/2143 2142/2348/2142 2144/2350/2144 2145/2351/2145
f 2146/2352/2146 2147/2353/2147 2145/2351/2145 2144/2350/2144
f 2148/2354/2148 2149/2355/2149 2136/2342/2136 2135/2341/2135
f 2138/2344/2138 2136/2342/2136 2149/2355/2149 2150/2356/2150
f 2150/2356/2150 2151/2357/2151 2140/2346/2140 2138/2344/2138
f 2151/2357/2151 2152/2358/2152 2142/2348/2142 2140/2346/2140
f 2152/2358/2152 2153/2359/2153 2144/2350/2144 2142/2348/2142
f 2146/2352/2146 2144/2350/2144 2153/2359/2153 2154/2360/2154
f 2155/2361/2155 2156/2362/2156 2149/2355/2149 2148/2354/2148
f 2157/2363/2157 2150/2356/2150 2149/2355/2149 2156/2362/2156
f 2157/2363/2157 2158/2364/2158 2151/2357/2151 2150/2356/2150
f 2158/2364/2158 2159/2365/2159 2152/2358/2152 2151/2357/2151
f 2159/2365/2159 2160/2366/2160 2153/2359/2153 2152/2358/2152
f 2153/2359/2153 2160/2366/2160 2161/2367/2161 2154/2360/2154
f 2162/2368/2162 2163/2369/2163 2156/2362/2156 2155/2361/2155
f 2164/2370/2164 2157/2363/2157 2156/2362/2156 2163/2369/2163
f 2164/2370/2164 2165/2371/2165 2158/2364/2158 2157/2363/2157
f 2165/2371/2165 2166/2372/2166 2159/2365/2159 2158/2364/2158
f 2166/2372/2166 2167/2373/2167 2160/2366/2160 2159/2365/2159
f 2160/2366/2160 2167/2373/2167 2168/2374/2168 2161/2367/2161
f 2169/2375/2169 2170/2376/2170 2163/2369/2163 2162/2368/2162
f 2171/2377/2171 2164/2370/2164 2163/2369/2163 2170/2376/2170
f 2171/2377/2171 2172/2378/2172 2165/2371/2165 2164/2370/2164
f 2172/2378/2172 2173/2379/2173 2166/2372/2166 2165/2371/2165
f 2173/2379/2173 2174/2380/2174 2167/2373/2167 2166/2372/2166
f 2167/2373/2167 2174/2380/2174 2175/2381/2175 2168/2374/2168
f 2176/2382/2176 2177/2383/2177 2170/2376/2170 2169/2375/2169
f 2178/2384/2178 2171/2377/2171 2170/2376/2170 2177/2383/2177
f 2178/2384/2178 2179/2385/2179 2172/2378/2172 2171/2377/2171
f 2179/2385/2179 2180/2386/2180 2173/2379/2173 2172/2378/2172
f 2180/2386/2180 2181/2387/2181 2174/2380/2174 2173/2379/2173
f 2174/2380/2174 2181/2387/2181 2182/2388/2182 2175/2381/2175
f 2183/2389/2183 2184/2390/2184 2135/2341/2135 2134/2340/2134
f 2148/2354/2148 2135/2341/2135 2184/2390/2184 2185/2391/2185
f 2185/2391/2185 2186/2392/2186 2155/2361/2155 2148/2354/2148
f 2186/2392/2186 2187/2393/2187 2162/2368/2162 2155/2361/2155
f 2187/2393/2187 2188/2394/2188 2169/2375/2169 2162/2368/2162
f 2189/2395/2189 2190/2396/2190 2130/2336/2130 2129/2335/2129
f 2129/2335/2129 2128/2334/2128 2191/2397/2191 2189/2395/2189
f 2128/2334/2128 2127/2333/2127 2192/2398/2192 2191/2397/2191
f 2127/2333/2127 2126/2332/2126 2193/2399/2193 2192/2398/2192
f 2194/2400/2194 2193/2399/2193 2126/2332/2126 2125/2331/2125
f 2125/2331/2125 2124/2330/2124 2195/2401/2195 2194/2400/2194
f 2099/2305/2099 2133/2339/2133 2195/2401/2195 2124/2330/2124
f 2196/2402/2196 2145/2351/2145 2147/2353/2147 2197/2403/2197
f 2196/2402/2196 2198/2404/2198 2143/2349/2143 2145/2351/2145
f 2198/2404/2198 2199/2405/2199 2141/2347/2141 2143/2349/2143
f 2199/2405/2199 2200/2406/2200 2139/2345/2139 2141/2347/2141
f 2200/2406/2200 2201/2407/2201 2137/2343/2137 2139/2345/2139
f 2201/2407/2201 2202/2408/2202 2134/2340/2134 2137/2343/2137
f 2203/2409/2203 2183/2389/2183 2134/2340/2134 2202/2408/2202
f 2204/2410/2204 2205/2411/2205 2206/2412/2206 2207/2413/2207
f 2208/2414/2208 2209/2415/2209 2210/2416/2210 2211/2417/2211
f 2184/2390/2184 2183/2389/2183 2209/2415/2209 2208/2414/2208
f 2212/2418/2212 2213/2419/2213 2206/2412/2206 2205/2411/2205
f 2208/2414/2208 2211/2417/2211 2214/2420/2214 2215/2421/2215
f 2184/2390/2184 2208/2414/2208 2215/2421/2215 2185/2391/2185
f 2216/2422/2216 2217/2423/2217 2213/2419/2213 2212/2418/2212
f 2218/2424/2218 2215/2421/2215 2214/2420/2214 2219/2425/2219
f 2186/2392/2186 2185/2391/2185 2215/2421/2215 2218/2424/2218
f 2220/2426/2220 2221/2427/2221 2217/2423/2217 2216/2422/2216
f 2222/2428/2222 2218/2424/2218 2219/2425/2219 2223/2429/2223
f 2187/2393/2187 2186/2392/2186 2218/2424/2218 2222/2428/2222
f 2224/2430/2224 2225/2431/2225 2221/2427/2221 2220/2426/2220
f 2226/2432/2226 2222/2428/2222 2223/2429/2223 2227/2433/2227
f 2188/2394/2188 2187/2393/2187 2222/2428/2222 2226/2432/2226
f 2228/2434/2228 2229/2435/2229 2225/2431/2225 2224/2430/2224
f 2230/2436/2230 2226/2432/2226 2227/2433/2227 2231/2437/2231
f 2232/2438/2232 2188/2394/2188 2226/2432/2226 2230/2436/2230
f 2233/2439/2233 2234/2440/2234 2205/2411/2205 2204/2410/2204
f 2235/2441/2235 2212/2418/2212 2205/2411/2205 2234/2440/2234
f 2236/2442/2236 2216/2422/2216 2212/2418/2212 2235/2441/2235
f 2237/2443/2237 2220/2426/2220 2216/2422/2216 2236/2442/2236
f 2238/2444/2238 2224/2430/2224 2220/2426/2220 2237/2443/2237
f 2239/2445/2239 2228/2434/2228 2224/2430/2224 2238/2444/2238
f 2188/2394/2188 2232/2438/2232 2176/2382/2176 2169/2375/2169
f 2203/2409/2203 2240/2446/2240 2209/2415/2209 2183/2389/2183
f 2240/2446/2240 2241/2447/2241 2210/2416/2210 2209/2415/2209
f 2242/2448/2242 2243/2449/2243 2204/2410/2204 2207/2413/2207
f 2243/2449/2243 2244/2450/2244 2233/2439/2233 2204/2410/2204
f 2245/2451/2245 2246/2452/2246 2247/2453/2247 2248/2454/2248
f 2249/2455/2249 2250/2456/2250 2246/2452/2246 2245/2451/2245
f 2234/2440/2234 2233/2439/2233 2250/2456/2250 2249/2455/2249
f 2251/2457/2251 2245/2451/2245 2248/2454/2248 2252/2458/2252
f 2253/2459/2253 2249/2455/2249 2245/2451/2245 2251/2457/2251
f 2235/2441/2235 2234/2440/2234 2249/2455/2249 2253/2459/2253
f 2254/2460/2254 2251/2457/2251 2252/2458/2252 2255/2461/2255
f 2256/2462/2256 2253/2459/2253 2251/2457/2251 2254/2460/2254
f 2236/2442/2236 2235/2441/2235 2253/2459/2253 2256/2462/2256
f 2257/2463/2257 2254/2460/2254 2255/2461/2255 2258/2464/2258
f 2259/2465/2259 2256/2462/2256 2254/2460/2254 2257/2463/2257
f 2237/2443/2237 2236/2442/2236 2256/2462/2256 2259/2465/2259
f 2260/2466/2260 2257/2463/2257 2258/2464/2258 2261/2467/2261
f 2262/2468/2262 2259/2465/2259 2257/2463/2257 2260/2466/2260
f 2238/2444/2238 2237/2443/2237 2259/2465/2259 2262/2468/2262
f 2263/2469/2263 2260/2466/2260 2261/2467/2261 2264/2470/2264
f 2265/2471/2265 2262/2468/2262 2260/2466/2260 2263/2469/2263
f 2239/2445/2239 2238/2444/2238 2262/2468/2262 2265/2471/2265
f 2266/2472/2266 2267/2473/2267 2268/2474/2268 2269/2475/2269
f 2244/2450/2244 2270/2476/2270 2250/2456/2250 2233/2439/2233
f 2270/2476/2270 2271/2477/2271 2246/2452/2246 2250/2456/2250
f 2246/2452/2246 2271/2477/2271 2272/2478/2272 2247/2453/2247
f 2273/2479/2273 2274/2480/2274 2275/2481/2275 2276/2482/2276
f 2277/2483/2277 2278/2484/2278 2279/2485/2279 2280/2486/2280
f 2278/2484/2278 2273/2479/2273 2276/2482/2276 2279/2485/2279
f 2006/2212/2006 2281/2487/2281 2282/2488/2282 2007/2213/2007
f 2283/2489/2283 2284/2490/2284 2285/2491/2285 2286/2492/2286
f 2274/2480/2274 2287/2493/2287 2288/2494/2288 2275/2481/2275
f 2016/2222/2016 2289/2495/2289 2290/2496/2290 2017/2223/2017
f 2291/2497/2291 2286/2492/2286 2285/2491/2285 2292/2498/2292
f 2293/2499/2293 2294/2500/2294 2286/2492/2286 2291/2497/2291
f 2295/2501/2295 2296/2502/2296 2297/2503/2297 2298/2504/2298
f 2289/2495/2289 2299/2505/2299 2300/2506/2300 2290/2496/2290
f 2301/2507/2301 2291/2497/2291 2292/2498/2292 2302/2508/2302
f 2303/2509/2303 2293/2499/2293 2291/2497/2291 2301/2507/2301
f 2296/2502/2296 2304/2510/2304 2305/2511/2305 2297/2503/2297
f 2306/2512/2306 2030/2236/2030 2031/2237/2031 2307/2513/2307
f 2308/2514/2308 2306/2512/2306 2307/2513/2307 2309/2515/2309
f 2267/2473/2267 2310/2516/2310 2311/2517/2311 2268/2474/2268
f 2310/2516/2310 2308/2514/2308 2309/2515/2309 2311/2517/2311
f 2312/2518/2312 2313/2519/2313 2314/2520/2314 2315/2521/2315
f 2271/2477/2271 2316/2522/2316 2317/2523/2317 2272/2478/2272
f 2316/2524/2316 2318/2525/2318 2319/2526/2319 2317/2527/2317
f 2320/2528/2320 2321/2529/2321 2322/2530/2322 2323/2531/2323
f 2324/2532/2324 2325/2533/2325 2323/2531/2323 2322/2530/2322
f 2326/2534/2326 2327/2535/2327 2325/2536/2325 2324/2537/2324
f 2177/2383/2177 2176/2382/2176 2327/2535/2327 2326/2534/2326
f 2328/2538/2328 2329/2539/2329 2322/2530/2322 2321/2529/2321
f 2329/2539/2329 2330/2540/2330 2324/2532/2324 2322/2530/2322
f 2330/2541/2330 2331/2542/2331 2326/2534/2326 2324/2537/2324
f 2331/2542/2331 2178/2384/2178 2177/2383/2177 2326/2534/2326
f 2328/2538/2328 2332/2543/2332 2333/2544/2333 2329/2539/2329
f 2334/2545/2334 2330/2540/2330 2329/2539/2329 2333/2544/2333
f 2335/2546/2335 2331/2542/2331 2330/2541/2330 2334/2545/2334
f 2179/2385/2179 2178/2384/2178 2331/2542/2331 2335/2546/2335
f 2332/2543/2332 2336/2547/2336 2337/2548/2337 2333/2544/2333
f 2338/2549/2338 2334/2545/2334 2333/2544/2333 2337/2548/2337
f 2339/2550/2339 2335/2546/2335 2334/2545/2334 2338/2549/2338
f 2180/2386/2180 2179/2385/2179 2335/2546/2335 2339/2550/2339
f 2336/2547/2336 2340/2551/2340 2341/2552/2341 2337/2548/2337
f 2342/2553/2342 2338/2549/2338 2337/2548/2337 2341/2552/2341
f 2343/2554/2343 2339/2550/2339 2338/2549/2338 2342/2553/2342
f 2181/2387/2181 2180/2386/2180 2339/2550/2339 2343/2554/2343
f 2341/2552/2341 2340/2551/2340 2344/2555/2344 2345/2556/2345
f 2342/2553/2342 2341/2552/2341 2345/2556/2345 2346/2557/2346
f 2343/2554/2343 2342/2553/2342 2346/2557/2346 2347/2558/2347
f 2181/2387/2181 2343/2554/2343 2347/2558/2347 2182/2388/2182
f 1986/2192/1986 2074/2280/2074 2321/2529/2321 2320/2528/2320
f 2074/2280/2074 2073/2279/2073 2328/2538/2328 2321/2529/2321
f 2073/2279/2073 2072/2278/2072 2332/2543/2332 2328/2538/2328
f 2072/2278/2072 2071/2277/2071 2336/2547/2336 2332/2543/2332
f 2071/2277/2071 2069/2275/2069 2340/2551/2340 2336/2547/2336
f 2340/2551/2340 2069/2275/2069 2070/2276/2070 2344/2555/2344
f 2348/2559/2348 2088/2294/2088 2087/2293/2087 2123/2329/2123
f 2349/2560/2349 2348/2559/2348 2123/2329/2123 2122/2328/2122
f 2350/2561/2350 2349/2560/2349 2122/2328/2122 2120/2326/2120
f 2351/2562/2351 2350/2561/2350 2120/2326/2120 2121/2327/2121
f 2190/2396/2190 2351/2562/2351 2121/2327/2121 2130/2336/2130
f 2232/2438/2232 2352/2563/2352 2327/2535/2327 2176/2382/2176
f 2352/2563/2352 2353/2564/2353 2325/2536/2325 2327/2535/2327
f 2353/2565/2353 2354/2566/2354 2323/2531/2323 2325/2533/2325
f 2354/2566/2354 2355/2567/2355 2320/2528/2320 2323/2531/2323
f 2356/2568/2356 2357/2569/2357 2358/2570/2358 2359/2571/2359
f 2360/2572/2360 2361/2573/2361 2359/2571/2359 2358/2570/2358
f 2362/2574/2362 2363/2575/2363 2361/2576/2361 2360/2577/2360
f 2229/2435/2229 2228/2434/2228 2363/2575/2363 2362/2574/2362
f 2364/2578/2364 2365/2579/2365 2366/2580/2366 2367/2581/2367
f 2365/2579/2365 2368/2582/2368 2369/2583/2369 2366/2580/2366
f 2368/2584/2368 2370/2585/2370 2371/2586/2371 2369/2587/2369
f 2370/2585/2370 2230/2436/2230 2231/2437/2231 2371/2586/2371
f 2355/2567/2355 2354/2566/2354 2365/2579/2365 2364/2578/2364
f 2354/2566/2354 2353/2565/2353 2368/2582/2368 2365/2579/2365
f 2353/2564/2353 2352/2563/2352 2370/2585/2370 2368/2584/2368
f 2352/2563/2352 2232/2438/2232 2230/2436/2230 2370/2585/2370
f 1978/2184/1978 1979/2185/1979 2357/2569/2357 2356/2568/2356
f 1977/2183/1977 1976/2182/1976 2364/2578/2364 2367/2581/2367
f 1976/2182/1976 1975/2181/1975 2355/2567/2355 2364/2578/2364
f 1975/2181/1975 1986/2192/1986 2320/2528/2320 2355/2567/2355
f 2363/2575/2363 2228/2434/2228 2239/2445/2239 2372/2588/2372
f 2373/2589/2373 2361/2576/2361 2363/2575/2363 2372/2588/2372
f 2374/2590/2374 2359/2571/2359 2361/2573/2361 2373/2591/2373
f 2359/2571/2359 2374/2590/2374 2375/2592/2375 2356/2568/2356
f 2356/2568/2356 2375/2592/2375 1987/2193/1987 1978/2184/1978
f 2376/2593/2376 2377/2594/2377 2378/2595/2378 2379/2596/2379
f 2377/2594/2377 2380/2597/2380 2381/2598/2381 2378/2595/2378
f 2380/2599/2380 2382/2600/2382 2383/2601/2383 2381/2602/2381
f 2383/2601/2383 2382/2600/2382 2263/2469/2263 2264/2470/2264
f 2384/2603/2384 2385/2604/2385 2377/2594/2377 2376/2593/2376
f 2385/2604/2385 2386/2605/2386 2380/2597/2380 2377/2594/2377
f 2386/2606/2386 2387/2607/2387 2382/2600/2382 2380/2599/2380
f 2387/2607/2387 2265/2471/2265 2263/2469/2263 2382/2600/2382
f 2375/2592/2375 2374/2590/2374 2385/2604/2385 2384/2603/2384
f 2374/2590/2374 2373/2591/2373 2386/2605/2386 2385/2604/2385
f 2373/2589/2373 2372/2588/2372 2387/2607/2387 2386/2606/2386
f 2372/2588/2372 2239/2445/2239 2265/2471/2265 2387/2607/2387
f 2376/2593/2376 2388/2608/2388 2029/2235/2029 2384/2603/2384
f 1987/2193/1987 2375/2592/2375 2384/2603/2384 2029/2235/2029
f 2004/2210/2004 2389/2609/2389 2390/2610/2390 2032/2238/2032
f 2391/2611/2391 2392/2612/2392 2390/2610/2390 2389/2609/2389
f 2270/2476/2270 2244/2450/2244 2392/2613/2392 2391/2614/2391
f 2003/2209/2003 2318/2525/2318 2389/2609/2389 2004/2210/2004
f 2318/2525/2318 2316/2524/2316 2391/2611/2391 2389/2609/2389
f 2316/2522/2316 2271/2477/2271 2270/2476/2270 2391/2614/2391
f 2318/2525/2318 2003/2209/2003 2010/2216/2010 2319/2526/2319
f 2243/2449/2243 2393/2615/2393 2392/2613/2392 2244/2450/2244
f 2393/2616/2393 2394/2617/2394 2390/2610/2390 2392/2612/2392
f 2394/2617/2394 1994/2200/1994 2032/2238/2032 2390/2610/2390
f 1998/2204/1998 1997/2203/1997 2395/2618/2395 2396/2619/2396
f 2397/2620/2397 2398/2621/2398 2396/2619/2396 2395/2618/2395
f 2240/2446/2240 2203/2409/2203 2398/2622/2398 2397/2623/2397
f 1996/2202/1996 2399/2624/2399 2395/2618/2395 1997/2203/1997
f 2399/2624/2399 2400/2625/2400 2397/2620/2397 2395/2618/2395
f 2400/2626/2400 2241/2447/2241 2240/2446/2240 2397/2623/2397
f 1994/2200/1994 2394/2617/2394 2401/2627/2401 1995/2201/1995
f 2394/2617/2394 2393/2616/2393 2402/2628/2402 2401/2627/2401
f 2393/2615/2393 2243/2449/2243 2242/2448/2242 2402/2629/2402
f 2403/2630/2403 2398/2622/2398 2203/2409/2203 2202/2408/2202
f 2404/2631/2404 2396/2619/2396 2398/2621/2398 2403/2632/2403
f 2396/2619/2396 2404/2631/2404 1999/2205/1999 1998/2204/1998
f 2093/2299/2093 2405/2633/2405 2406/2634/2406 2094/2300/2094
f 2405/2633/2405 2407/2635/2407 2408/2636/2408 2406/2634/2406
f 2407/2637/2407 2196/2402/2196 2197/2403/2197 2408/2638/2408
f 2093/2299/2093 2092/2298/2092 2409/2639/2409 2405/2633/2405
f 2410/2640/2410 2407/2635/2407 2405/2633/2405 2409/2639/2409
f 2198/2404/2198 2196/2402/2196 2407/2637/2407 2410/2641/2410
f 2092/2298/2092 2091/2297/2091 2411/2642/2411 2409/2639/2409
f 2412/2643/2412 2410/2640/2410 2409/2639/2409 2411/2642/2411
f 2199/2405/2199 2198/2404/2198 2410/2641/2410 2412/2644/2412
f 2091/2297/2091 2090/2296/2090 2413/2645/2413 2411/2642/2411
f 2414/2646/2414 2412/2643/2412 2411/2642/2411 2413/2645/2413
f 2200/2406/2200 2199/2405/2199 2412/2644/2412 2414/2647/2414
f 2090/2296/2090 2089/2295/2089 2415/2648/2415 2413/2645/2413
f 2416/2649/2416 2414/2646/2414 2413/2645/2413 2415/2648/2415
f 2201/2407/2201 2200/2406/2200 2414/2647/2414 2416/2650/2416
f 1999/2205/1999 2404/2631/2404 2415/2648/2415 2089/2295/2089
f 2404/2631/2404 2403/2632/2403 2416/2649/2416 2415/2648/2415
f 2403/2630/2403 2202/2408/2202 2201/2407/2201 2416/2650/2416
f 2304/2510/2304 2266/2472/2266 2269/2475/2269 2305/2511/2305
f 2287/2493/2287 2295/2501/2295 2298/2504/2298 2288/2494/2288
f 2417/2651/2417 2418/2652/2418 2419/2653/2419 2420/2654/2420
f 2421/2655/2421 2422/2656/2422 2423/2657/2423 2424/2658/2424
f 2285/2491/2285 2284/2490/2284 2014/2220/2014 2017/2223/2017
f 2292/2498/2292 2285/2491/2285 2017/2223/2017 2290/2496/2290
f 2302/2508/2302 2292/2498/2292 2290/2496/2290 2300/2506/2300
f 2423/2657/2423 2422/2656/2422 2314/2520/2314 2313/2519/2313
f 2281/2487/2281 2277/2483/2277 2280/2486/2280 2282/2488/2282
f 2283/2489/2283 2425/2659/2425 2426/2660/2426 2427/2661/2427
f 2428/2662/2428 2429/2663/2429 2000/2206/2000 2011/2217/2011
f 2430/2664/2430 2428/2662/2428 2011/2217/2011 2018/2224/2018
f 2431/2665/2431 2430/2664/2430 2018/2224/2018 2021/2227/2021
f 2432/2666/2432 2431/2665/2431 2021/2227/2021 2024/2230/2024
f 2429/2663/2429 2428/2662/2428 2433/2667/2433 2434/2668/2434
f 2428/2662/2428 2430/2664/2430 2435/2669/2435 2433/2667/2433
f 2430/2664/2430 2431/2665/2431 2436/2670/2436 2435/2669/2435
f 2431/2665/2431 2432/2666/2432 2437/2671/2437 2436/2670/2436
f 2388/2608/2388 2432/2666/2432 2024/2230/2024 2029/2235/2029
f 2432/2666/2432 2388/2608/2388 2438/2672/2438 2437/2671/2437
f 2002/2208/2002 2429/2663/2429 2434/2668/2434 2009/2215/2009
f 2001/2207/2001 2000/2206/2000 2429/2663/2429 2002/2208/2002
f 2388/2608/2388 2376/2593/2376 2379/2596/2379 2438/2672/2438
f 2439/2673/2439 2303/2509/2303 2419/2653/2419 2418/2652/2418
f 2286/2492/2286 2294/2500/2294 2425/2659/2425 2283/2489/2283
f 2301/2507/2301 2302/2508/2302 2422/2656/2422 2421/2655/2421
f 2302/2508/2302 2300/2506/2300 2314/2520/2314 2422/2656/2422
f 2300/2506/2300 2299/2505/2299 2315/2521/2315 2314/2520/2314
f 2440/2674/2440 2441/2675/2441 2015/2221/2015 2014/2220/2014
f 2442/2676/2442 2440/2674/2440 2014/2220/2014 2284/2490/2284
f 2427/2661/2427 2442/2676/2442 2284/2490/2284 2283/2489/2283
f 2443/2677/2443 2444/2678/2444 2426/2660/2426 2425/2659/2425
f 2445/2679/2445 2443/2677/2443 2425/2659/2425 2294/2500/2294
f 2446/2680/2446 2445/2679/2445 2294/2500/2294 2293/2499/2293
f 2439/2673/2439 2446/2680/2446 2293/2499/2293 2303/2509/2303
f 2301/2507/2301 2421/2655/2421 2419/2653/2419 2303/2509/2303
f 2421/2655/2421 2424/2658/2424 2420/2654/2420 2419/2653/2419
f 2095/2301/2095 2078/2284/2078 2035/2681/2035 2094/2682/2094
f 2036/2683/2036 2035/2681/2035 2078/2284/2078 2077/2283/2077
f 2046/2684/2046 2036/2683/2036 2077/2283/2077 2080/2286/2080
f 2052/2685/2052 2046/2684/2046 2080/2286/2080 2082/2288/2082
f 2058/2686/2058 2052/2685/2052 2082/2288/2082 2084/2290/2084
f 2064/2687/2064 2058/2686/2058 2084/2290/2084 2086/2292/2086
f 2070/2688/2070 2064/2687/2064 2086/2292/2086 2088/2294/2088
f 2344/2689/2344 2070/2688/2070 2088/2294/2088 2348/2559/2348
f 2131/2337/2131 2095/2301/2095 2094/2682/2094 2406/2690/2406
f 2132/2338/2132 2131/2337/2131 2406/2690/2406 2408/2691/2408
f 2133/2339/2133 2132/2338/2132 2408/2691/2408 2197/2692/2197
f 2195/2401/2195 2133/2339/2133 2197/2692/2197 2147/2353/2147
f 2194/2400/2194 2195/2401/2195 2147/2353/2147 2146/2352/2146
f 2193/2399/2193 2194/2400/2194 2146/2352/2146 2154/2360/2154
f 2192/2398/2192 2193/2399/2193 2154/2360/2154 2161/2367/2161
f 2191/2397/2191 2192/2398/2192 2161/2367/2161 2168/2374/2168
f 2189/2395/2189 2191/2397/2191 2168/2374/2168 2175/2381/2175
f 2190/2396/2190 2189/2395/2189 2175/2381/2175 2182/2388/2182
f 2351/2562/2351 2190/2396/2190 2182/2388/2182 2347/2693/2347
f 2345/2694/2345 2344/2689/2344 2348/2559/2348 2349/2560/2349
f 2346/2695/2346 2345/2694/2345 2349/2560/2349 2350/2561/2350
f 2351/2562/2351 2347/2693/2347 2346/2695/2346 2350/2561/2350
f 2211/2417/2211 2210/2416/2210 2207/2413/2207 2206/2412/2206
f 2214/2420/2214 2211/2417/2211 2206/2412/2206 2213/2419/2213
f 2219/2425/2219 2214/2420/2214 2213/2419/2213 2217/2423/2217
f 2223/2429/2223 2219/2425/2219 2217/2423/2217 2221/2427/2221
f 2227/2433/2227 2223/2429/2223 2221/2427/2221 2225/2431/2225
f 2231/2437/2231 2227/2433/2227 2225/2431/2225 2229/2435/2229
f 2371/2586/2371 2231/2437/2231 2229/2435/2229 2362/2574/2362
f 2369/2587/2369 2371/2586/2371 2362/2574/2362 2360/2577/2360
f 2366/2580/2366 2369/2583/2369 2360/2572/2360 2358/2570/2358
f 2367/2581/2367 2366/2580/2366 2358/2570/2358 2357/2569/2357
f 1979/2185/1979 1977/2183/1977 2367/2581/2367 2357/2569/2357
f 1979/2185/1979 1974/2180/1974 1972/2178/1972 1977/2183/1977
f 1974/2180/1974 1969/2175/1969 1967/2173/1967 1972/2178/1972
f 1969/2175/1969 1964/2170/1964 1962/2168/1962 1967/2173/1967
f 1964/2170/1964 1958/2164/1958 1957/2163/1957 1962/2168/1962
f 1954/2160/1954 1949/2155/1949 1957/2163/1957 1958/2164/1958
f 1954/2160/1954 1953/2159/1953 1950/2156/1950 1949/2155/1949
f 1995/2201/1995 1996/2202/1996 1950/2156/1950 1953/2159/1953
f 1995/2201/1995 2401/2627/2401 2399/2624/2399 1996/2202/1996
f 2401/2627/2401 2402/2628/2402 2400/2625/2400 2399/2624/2399
f 2402/2629/2402 2242/2448/2242 2241/2447/2241 2400/2626/2400
f 2210/2416/2210 2241/2447/2241 2242/2448/2242 2207/2413/2207
f 2378/2595/2378 2381/2598/2381 2447/2696/2447 2448/2697/2448
f 2379/2596/2379 2378/2595/2378 2448/2697/2448 2449/2698/2449
f 2438/2672/2438 2379/2596/2379 2449/2698/2449 2450/2699/2450
f 2437/2671/2437 2438/2672/2438 2450/2699/2450 2451/2700/2451
f 2436/2670/2436 2437/2671/2437 2451/2700/2451 2452/2701/2452
f 2435/2669/2435 2436/2670/2436 2452/2701/2452 2453/2702/2453
f 2433/2667/2433 2435/2669/2435 2453/2702/2453 2454/2703/2454
f 2434/2668/2434 2433/2667/2433 2454/2703/2454 2455/2704/2455
f 2009/2215/2009 2434/2668/2434 2455/2704/2455 2456/2705/2456
f 2010/2216/2010 2009/2215/2009 2456/2705/2456 2457/2706/2457
f 2319/2526/2319 2010/2216/2010 2457/2706/2457 2458/2707/2458
f 2317/2527/2317 2319/2526/2319 2458/2707/2458 2459/2708/2459
f 2272/2478/2272 2317/2523/2317 2459/2709/2459 2460/2710/2460
f 2247/2453/2247 2272/2478/2272 2460/2710/2460 2461/2711/2461
f 2248/2454/2248 2247/2453/2247 2461/2711/2461 2462/2712/2462
f 2252/2458/2252 2248/2454/2248 2462/2712/2462 2463/2713/2463
f 2255/2461/2255 2252/2458/2252 2463/2713/2463 2464/2714/2464
f 2258/2464/2258 2255/2461/2255 2464/2714/2464 2465/2715/2465
f 2261/2467/2261 2258/2464/2258 2465/2715/2465 2466/2716/2466
f 2264/2470/2264 2261/2467/2261 2466/2716/2466 2467/2717/2467
f 2468/2718/2468 2383/2601/2383 2264/2470/2264 2467/2717/2467
f 2381/2602/2381 2383/2601/2383 2468/2718/2468 2447/2719/2447
f 2289/2495/2289 2019/2225/2019 2022/2228/2022 2299/2505/2299
f 2012/2218/2012 2019/2225/2019 2289/2495/2289 2016/2222/2016
f 2005/2211/2005 2012/2218/2012 2016/2222/2016 2015/2221/2015
f 2006/2212/2006 2005/2211/2005 2015/2221/2015 2441/2675/2441
f 2281/2487/2281 2006/2212/2006 2441/2675/2441 2440/2674/2440
f 2281/2487/2281 2440/2674/2440 2442/2676/2442 2277/2483/2277
f 2278/2484/2278 2277/2483/2277 2442/2676/2442 2427/2661/2427
f 2273/2479/2273 2278/2484/2278 2427/2661/2427 2426/2660/2426
f 2274/2480/2274 2273/2479/2273 2426/2660/2426 2444/2678/2444
f 2287/2493/2287 2274/2480/2274 2444/2678/2444 2443/2677/2443
f 2295/2501/2295 2287/2493/2287 2443/2677/2443 2445/2679/2445
f 2296/2502/2296 2295/2501/2295 2445/2679/2445 2446/2680/2446
f 2304/2510/2304 2296/2502/2296 2446/2680/2446 2439/2673/2439
f 2266/2472/2266 2304/2510/2304 2439/2673/2439 2418/2652/2418
f 2267/2473/2267 2266/2472/2266 2418/2652/2418 2417/2651/2417
f 2310/2516/2310 2267/2473/2267 2417/2651/2417 2420/2654/2420
f 2424/2658/2424 2308/2514/2308 2310/2516/2310 2420/2654/2420
f 2308/2514/2308 2424/2658/2424 2423/2657/2423 2306/2512/2306
f 2306/2512/2306 2423/2657/2423 2313/2519/2313 2030/2236/2030
f 2030/2236/2030 2313/2519/2313 2312/2518/2312 2027/2233/2027
f 2027/2233/2027 2312/2518/2312 2315/2521/2315 2025/2231/2025
f 2299/2505/2299 2022/2228/2022 2025/2231/2025 2315/2521/2315
f 2462/2712/2462 2288/2494/2288 2298/2504/2298 2463/2713/2463
f 2463/2713/2463 2298/2504/2298 2297/2503/2297 2464/2714/2464
f 2464/2714/2464 2297/2503/2297 2305/2511/2305 2465/2715/2465
f 2465/2715/2465 2305/2511/2305 2269/2475/2269 2466/2716/2466
f 2466/2716/2466 2269/2475/2269 2268/2474/2268 2467/2717/2467
f 2467/2717/2467 2268/2474/2268 2311/2517/2311 2468/2718/2468
f 2468/2718/2468 2311/2517/2311 2309/2515/2309 2447/2719/2447
f 2447/2696/2447 2309/2720/2309 2307/2721/2307 2448/2697/2448
f 2448/2697/2448 2307/2721/2307 2031/2722/2031 2449/2698/2449
f 2449/2698/2449 2031/2722/2031 2028/2723/2028 2450/2699/2450
f 2450/2699/2450 2028/2723/2028 2026/2724/2026 2451/2700/2451
f 2451/2700/2451 2026/2724/2026 2023/2725/2023 2452/2701/2452
f 2452/2701/2452 2023/2725/2023 2020/2726/2020 2453/2702/2453
f 2453/2702/2453 2020/2726/2020 2013/2727/2013 2454/2703/2454
f 2454/2703/2454 2013/2727/2013 2008/2728/2008 2455/2704/2455
f 2455/2704/2455 2008/2728/2008 2007/2729/2007 2456/2705/2456
f 2456/2705/2456 2007/2729/2007 2282/2730/2282 2457/2706/2457
f 2457/2706/2457 2282/2730/2282 2280/2731/2280 2458/2707/2458
f 2458/2707/2458 2280/2731/2280 2279/2732/2279 2459/2708/2459
f 2459/2709/2459 2279/2485/2279 2276/2482/2276 2460/2710/2460
f 2460/2710/2460 2276/2482/2276 2275/2481/2275 2461/2711/2461
f 2461/2711/2461 2275/2481/2275 2288/2494/2288 2462/2712/2462
