mtllib material.mtl
v -13.058016 17.659792 -4.497200
v -13.010328 17.653296 -4.416238
v -13.010426 17.220505 -4.539552
v -5.460019 10.728674 -5.118753
v -5.422138 10.737770 -5.199705
v -5.372371 10.292558 -5.160805
v -13.713156 19.020182 -4.983533
v -13.846724 19.052654 -5.349762
v -13.698116 18.580894 -5.025886
v -5.326658 11.237864 -5.753373
v -5.298227 11.247003 -5.838461
v -5.222180 10.801748 -5.795423
v -5.325886 9.999830 -4.661368
v -5.513618 10.226537 -4.525734
v -5.414065 9.908774 -4.640256
v -13.366507 18.589125 -5.008255
v -13.340277 18.149837 -5.050606
v -13.412523 18.596378 -5.093401
v -13.227495 18.128080 -4.795266
v -13.532499 18.549767 -4.665532
v -13.526983 18.110479 -4.707885
v -4.919176 11.287536 -6.137076
v -4.813011 10.851419 -6.179126
v -4.900449 11.315225 -6.418339
v -5.569735 10.237387 -4.657920
v -5.573661 10.701381 -4.875850
v -5.486761 10.265265 -4.917902
v -5.340876 11.719267 -6.148021
v -5.286141 11.746381 -6.411745
v -5.225241 11.283152 -6.190069
v -5.279977 11.256039 -5.926351
v -13.356981 18.080820 -4.354824
v -13.334503 17.641533 -4.397175
v -5.221010 10.262403 -4.797431
v -5.193633 9.935673 -4.844029
v -4.997429 11.322393 -6.523936
v -5.017802 11.751340 -6.376290
v -13.866697 19.491940 -5.307408
v -13.932999 19.518427 -5.588724
v -4.902239 10.813364 -5.812973
v -5.063975 10.300647 -5.141754
v -5.393573 10.746909 -5.284794
v -5.411935 11.210444 -5.498059
v -5.307878 10.774328 -5.540109
v -5.016709 10.775095 -5.452700
v -4.926762 10.338979 -5.494750
v -5.114048 11.758510 -6.481887
v -5.390596 12.191535 -6.457605
v -5.267897 11.755419 -6.499653
v -13.903900 19.970882 -5.651984
v -13.854858 19.531597 -5.694340
v -5.352349 12.192307 -6.453163
v -5.229435 11.756191 -6.495212
v -13.655817 19.089300 -5.662100
v -13.559456 19.506531 -5.360425
v -13.535366 19.067245 -5.402780
v -5.377635 10.234335 -4.559514
v -12.966606 17.214008 -4.458590
v -12.867270 17.633804 -4.173314
v -12.835161 17.194519 -4.215667
v -13.452995 19.043564 -5.139007
v -13.434872 18.604277 -5.181360
v -13.114719 18.106329 -4.539944
v -13.091278 17.667042 -4.582295
v -12.795725 17.157715 -3.823474
v -12.900476 16.717134 -3.899608
v -12.753689 16.718426 -3.865827
v -13.705830 19.528587 -5.619744
v -5.395611 11.692154 -5.884303
v -12.737671 17.172325 -3.955667
v -12.694044 16.733036 -3.998019
v -5.497210 11.183024 -5.242743
v -5.656162 10.673503 -4.615868
v -5.408841 12.182497 -6.369697
v -13.149199 17.613462 -4.052826
v -5.237606 12.194625 -6.439839
v -12.943655 17.156422 -3.857256
v -13.115805 17.174175 -4.095179
v -5.413862 11.683118 -5.796412
v -13.973486 19.957712 -5.546368
v -5.525634 11.173886 -5.157655
v -5.600619 10.662653 -4.483682
v -5.008226 11.249480 -5.770924
v -5.153560 10.736763 -5.099703
v -13.748375 19.967873 -5.577389
v -13.425529 19.035667 -5.051049
v -13.077126 18.099079 -4.454848
v -13.228481 18.567369 -4.752915
v -5.563226 11.164789 -5.076703
v -5.442217 11.673979 -5.711324
v -5.465665 10.670450 -4.517463
v -5.309928 10.698518 -4.755380
v -5.036762 11.723651 -6.095028
v -5.463575 12.155383 -6.105972
v -5.142008 12.187455 -6.334241
v -5.675999 11.137496 -4.833798
v -5.527267 11.646560 -5.456009
v -5.509874 12.627651 -6.415556
v -13.705824 19.459469 -4.941180
v -5.122213 11.211211 -5.410649
v -13.372374 19.028412 -4.965904
v -5.471812 12.628424 -6.411115
v -13.025902 18.092583 -4.373886
v -13.518732 18.989056 -4.623180
v -13.883156 19.931225 -5.265053
v -12.964243 17.595707 -3.814904
v -13.333876 18.520107 -4.312471
v -5.518312 12.128270 -5.842254
v -13.155560 18.052748 -4.010474
v -13.932049 20.410172 -5.609628
v -5.612316 11.619140 -5.200694
v -5.528118 12.618612 -6.327648
v -5.357628 12.630741 -6.397791
v -5.758004 11.109618 -4.573816
v -5.536561 12.119233 -5.754364
v -13.580885 19.945820 -5.318071
v -5.640665 11.610002 -5.115604
v -5.125640 11.685596 -5.728874
v -5.703295 11.098768 -4.441630
v -13.450668 19.482849 -5.096653
v -12.758121 17.611610 -3.913314
v -5.258500 11.172878 -5.057652
v -13.090464 18.545616 -4.497592
v -5.678020 11.600904 -5.034651
v -5.564891 12.110095 -5.669275
v -14.002144 20.397001 -5.504013
v -13.774582 20.407162 -5.535033
v -5.161196 12.159766 -6.052979
v -5.582852 12.591499 -6.063924
v -5.262591 12.623570 -6.292192
v -13.414396 19.474953 -5.008698
v -5.569550 11.106565 -4.475411
v -5.414449 11.134633 -4.713329
v -13.044453 18.538366 -4.412497
v -12.872242 18.073092 -4.130962
v -12.812166 17.597000 -3.781122
v -13.212938 19.006657 -4.710564
v -5.790085 11.573611 -4.791747
v -5.649866 12.082675 -5.413959
v -5.615240 13.063766 -6.373507
v -5.239144 11.647326 -5.368599
v -5.577340 13.064539 -6.369066
v -5.637588 12.564386 -5.800205
v -5.734839 12.055256 -5.158643
v -5.633485 13.054729 -6.285600
v -5.463641 13.066856 -6.355742
v -5.655838 12.555349 -5.712315
v -13.701550 19.898754 -4.898827
v -5.871747 11.545733 -4.531765
v -13.908228 20.370514 -5.222699
v -13.360737 19.467697 -4.923553
v -5.763164 12.046117 -5.073553
v -5.250031 12.121711 -5.686824
v -12.992949 18.531872 -4.331533
v -13.500238 19.428341 -4.580827
v -12.958828 18.034994 -3.772552
v -5.817895 11.534883 -4.399579
v -5.374924 11.608994 -5.015601
v -13.950909 20.849459 -5.567272
v -13.296934 18.959396 -4.270120
v -5.800431 12.037020 -4.992600
v -5.684306 12.546210 -5.627225
v -13.121870 18.492037 -3.968122
v -5.281970 12.595881 -6.010930
v -12.752466 18.050898 -3.870962
v -5.369076 13.059687 -6.250144
v -5.688218 13.027615 -6.021875
v -13.450777 19.922134 -5.054300
v -5.530624 11.570748 -4.671278
v -5.685273 11.542681 -4.433359
v -14.025908 20.836288 -5.461657
v -5.912231 12.009727 -4.749696
v -13.053507 18.984903 -4.455241
v -5.769695 12.518791 -5.371909
v -5.363374 12.083442 -5.326549
v -13.606390 20.385105 -5.275716
v -5.700783 13.499882 -6.331459
v -5.662929 13.500654 -6.327018
v -13.407398 19.914238 -4.966346
v -12.802896 18.036287 -3.738770
v -5.742954 13.000502 -5.758157
v -13.199793 19.445942 -4.668213
v -12.838440 18.512379 -4.088609
v -5.855082 12.491371 -5.116593
v -13.000360 18.977654 -4.370144
v -5.719027 13.490845 -6.243551
v -5.761204 12.991465 -5.670266
v -13.795177 20.846447 -5.492678
v -5.993876 11.981850 -4.489713
v -5.549369 13.502973 -6.313694
v -5.883544 12.482233 -5.031503
v -5.370855 12.557826 -5.644775
v -5.940675 11.970999 -4.357526
v -5.498956 12.045110 -4.973550
v -5.920909 12.473136 -4.950549
v -5.790085 12.982327 -5.585176
v -13.940884 20.809801 -5.180344
v -13.725765 20.338041 -4.856473
v -13.356676 19.906986 -4.881201
v -5.388577 13.031998 -5.968881
v -13.972082 21.288746 -5.524917
v -13.497307 19.867626 -4.538475
v -5.654511 12.006865 -4.629226
v -5.808823 11.978797 -4.391307
v -5.454932 13.495803 -6.208095
v -12.950317 18.971159 -4.289181
v -12.924006 18.474283 -3.730199
v -5.773761 13.463730 -5.979827
v -6.033003 12.445843 -4.707644
v -13.277906 19.398682 -4.227768
v -5.876716 12.954906 -5.329860
v -5.484335 12.519557 -5.284498
v -13.081242 18.931324 -3.925770
v -13.476215 20.361423 -5.011947
v -14.051708 21.275574 -5.419302
v -5.760590 13.935999 -6.289411
v -13.820889 21.285734 -5.450322
v -5.722577 13.936771 -6.284969
v -12.767803 18.475574 -3.696417
v -5.828496 13.436617 -5.716108
v -12.717777 18.490185 -3.828609
v -5.963345 12.927487 -5.074543
v -13.638012 20.824394 -5.233362
v -13.038851 19.424191 -4.412889
v -6.115016 12.417965 -4.447661
v -5.992221 12.918348 -4.989452
v -5.846746 13.427581 -5.628217
v -13.770081 20.777328 -4.814119
v -5.477567 12.993942 -5.602725
v -5.778835 13.926961 -6.201503
v -6.062139 12.407115 -4.315475
v -13.432814 20.353527 -4.923994
v -5.608537 13.939089 -6.271646
v -5.620132 12.481225 -4.931499
v -6.029908 12.909251 -4.908498
v -13.204535 19.885229 -4.625862
v -5.876153 13.418442 -5.543126
v -12.800200 18.951668 -4.046257
v -12.985201 19.416939 -4.327792
v -5.474450 13.468114 -5.926832
v -5.775964 12.442980 -4.587174
v -5.930433 12.414913 -4.349255
v -13.980101 21.249088 -5.137990
v -6.142967 12.881958 -4.665592
v -13.519592 20.800713 -4.969594
v -5.513630 13.931919 -6.166047
v -5.833569 13.899847 -5.937778
v -5.964359 13.391022 -5.287810
v -5.591465 12.955673 -5.242448
v -13.385267 20.346272 -4.838850
v -13.989677 21.728031 -5.482561
v -13.530230 20.306915 -4.496122
v -13.677803 21.263680 -5.191007
v -12.936861 19.410446 -4.246829
v -12.888193 18.913570 -3.687847
v -13.286083 19.837969 -4.185416
v -6.052562 13.363603 -5.032493
v -6.225795 12.854080 -4.405609
v -5.888304 13.872733 -5.674059
v -5.800160 14.372115 -6.247363
v -5.761903 14.372888 -6.242921
v -14.074032 21.714861 -5.376946
v -13.242655 20.324518 -4.583511
v -6.081964 13.354464 -4.947402
v -13.066793 19.370609 -3.883418
v -6.172790 12.843230 -4.273422
v -5.563555 13.430058 -5.560676
v -13.480112 20.792816 -4.881641
v -5.727985 12.917340 -4.889448
v -5.906553 13.863697 -5.586168
v -6.120241 13.345367 -4.866447
v -13.826107 21.216614 -4.771766
v -5.818404 14.363077 -6.159454
v -13.052397 19.863478 -4.370538
v -12.734322 18.914864 -3.654065
v -5.647129 14.375205 -6.229597
v -12.683649 18.929474 -3.786257
v -5.936432 13.854557 -5.501077
v -13.587740 20.746202 -4.453770
v -5.884842 12.879095 -4.545123
v -6.040342 12.851028 -4.307203
v -13.435839 20.785561 -4.796499
v -13.843937 21.725021 -5.407967
v -6.235073 13.318074 -4.623541
v -5.533018 13.904230 -5.884783
v -13.001680 19.856228 -4.285440
v -13.330751 20.277256 -4.143064
v -12.791849 19.390955 -4.003904
v -5.677878 13.391788 -5.200398
v -14.017851 21.688374 -5.095635
v -6.026052 13.827138 -5.245760
v -5.551499 14.368035 -6.123999
v -13.573523 21.239998 -4.927240
v -5.873138 14.335963 -5.895730
v -13.997805 22.167318 -5.440205
v -6.319210 13.290196 -4.363557
v -6.115671 13.799718 -4.990442
v -13.100044 20.302765 -4.328187
v -6.265401 13.279346 -4.231370
v -6.145545 13.790580 -4.905351
v -5.927874 14.308849 -5.632010
v -5.815304 13.353456 -4.847397
v -12.955051 19.849731 -4.204476
v -5.824989 14.808230 -6.205314
v -5.786524 14.809004 -6.200873
v -5.622205 13.866174 -5.518626
v -13.303047 20.763805 -4.541160
v -14.087355 22.154148 -5.334590
v -12.879816 19.352858 -3.645494
v -6.184727 13.781484 -4.824396
v -13.538755 21.232101 -4.839290
v -5.946123 14.299812 -5.544119
v -13.083534 19.809898 -3.841066
v -13.715946 21.702967 -5.148653
v -13.882729 21.655899 -4.729413
v -5.843234 14.799192 -6.117406
v -5.973716 13.315211 -4.503071
v -6.131090 13.287144 -4.265152
v -5.671127 14.811320 -6.187549
v -5.976335 14.290673 -5.459028
v -13.658579 21.185490 -4.411418
v -12.679688 19.368759 -3.743904
v -6.302274 13.754190 -4.581490
v -13.497711 21.224848 -4.754148
v -13.052505 20.295515 -4.243088
v -5.570679 14.340345 -5.842734
v -5.736693 13.827905 -5.158348
v -13.856539 22.164307 -5.365611
v -13.400097 20.716545 -4.100712
v -6.066956 14.263253 -5.203710
v -13.626612 21.679285 -4.884887
v -14.046110 22.127661 -5.053280
v -5.897967 14.772079 -5.853682
v -12.815170 19.830242 -3.961552
v -12.729897 19.354149 -3.611712
v -13.007362 20.289019 -4.162124
v -13.136471 20.249184 -3.798714
v -6.388256 13.726313 -4.321506
v -6.157577 14.235834 -4.948392
v -6.332746 13.715462 -4.189319
v -5.874880 13.789573 -4.805346
v -13.170259 20.742052 -4.285835
v -14.000683 22.606606 -5.397849
v -6.187782 14.226696 -4.863300
v -5.952703 14.744966 -5.589962
v -5.574872 14.804152 -6.081950
v -13.374605 21.203091 -4.498808
v -5.659909 14.302290 -5.476577
v -5.839285 15.244347 -6.163266
v -6.227906 14.217600 -4.782345
v -13.596823 21.671387 -4.796937
v -5.970953 14.735929 -5.502070
v -14.094553 22.593435 -5.292235
v -6.195220 13.723260 -4.223100
v -6.035161 13.751328 -4.461020
v -12.902792 19.792143 -3.603142
v -5.800653 15.245119 -6.158824
v -13.742632 22.142254 -5.106298
v -6.001275 14.726789 -5.416979
v -5.857530 15.235309 -6.075357
v -13.730263 21.624775 -4.369065
v -6.348275 14.190307 -4.539438
v -13.558838 21.664133 -4.711797
v -12.871941 20.269529 -3.919200
v -13.125994 20.734802 -4.200737
v -12.756992 19.793438 -3.569360
v -12.707373 19.808046 -3.701552
v -5.774434 14.264021 -5.116298
v -13.482306 21.155830 -4.058361
v -5.593830 14.776462 -5.800686
v -5.684755 15.247437 -6.145500
v -13.928839 22.095188 -4.687059
v -6.092230 14.699369 -5.161661
v -13.862602 22.603596 -5.323256
v -13.082054 20.728310 -4.119771
v -6.436110 14.162428 -4.279454
v -5.912263 15.208195 -5.811633
v -14.065063 22.566948 -5.010925
v -13.213390 20.688473 -3.756362
v -12.961033 20.231430 -3.560790
v -6.183183 14.671950 -4.906342
v -13.251501 21.181339 -4.243483
v -5.913175 14.225689 -4.763295
v -6.213501 14.662812 -4.821250
v -13.444910 21.642380 -4.456457
v -13.667459 22.118572 -4.842534
v -14.098497 23.032722 -5.249879
v -5.966999 15.181082 -5.547914
v -5.587991 15.240267 -6.039901
v -5.683060 14.738406 -5.434527
v -6.254321 14.653716 -4.740294
v -6.237671 14.159376 -4.181048
v -5.847255 15.680464 -6.121217
v -6.075052 14.187444 -4.418968
v -6.378633 14.151578 -4.147267
v -12.768192 20.247334 -3.659199
v -5.985248 15.172045 -5.460021
v -14.002531 23.045891 -5.355493
v -5.808499 15.681236 -6.116776
v -13.759455 22.581543 -5.063943
v -13.790310 22.064062 -4.326713
v -12.950243 20.708817 -3.876847
v -13.607176 22.103422 -4.669446
v -13.210464 21.174089 -4.158384
v -6.376782 14.626422 -4.497387
v -6.015571 15.162906 -5.374929
v -5.865499 15.671425 -6.033309
v -13.642393 22.110676 -4.754585
v -12.818083 20.232725 -3.527007
v -13.564512 21.595116 -4.016008
v -5.797624 14.700137 -5.074248
v -5.606759 15.212578 -5.758637
v -13.167389 21.167595 -4.077419
v -13.961779 22.534475 -4.644706
v -5.692232 15.683554 -6.103451
v -6.106525 15.135487 -5.119611
v -13.302076 21.127760 -3.714010
v -6.465945 14.598543 -4.237402
v -13.866028 23.042883 -5.280900
v -13.330984 21.620625 -4.201131
v -5.920233 15.644312 -5.769585
v -13.042130 20.670719 -3.518437
v -14.074900 23.006235 -4.968571
v -5.936650 14.661804 -4.721245
v -6.197479 15.108067 -4.864292
v -13.501549 22.081665 -4.414106
v -6.227796 15.098928 -4.779199
v -13.695192 22.557859 -4.800180
v -12.850014 20.686623 -3.616847
v -5.974968 15.617198 -5.505866
v -14.014671 23.485180 -5.313137
v -6.269091 15.089832 -4.698243
v -5.695980 15.174522 -5.392478
v -5.595101 15.676384 -5.997852
v -6.263380 14.595491 -4.138996
v -6.099271 14.623559 -4.376917
v -6.406875 14.587693 -4.105215
v -5.850394 16.116581 -6.079168
v -13.038164 21.148104 -3.834495
v -13.293009 21.613377 -4.116032
v -5.993218 15.608162 -5.417973
v -13.673763 22.549963 -4.712234
v -14.111372 23.472012 -5.207524
v -6.392971 15.062538 -4.455336
v -5.811602 16.117353 -6.074727
v -12.900824 20.672012 -3.484655
v -13.768015 23.020828 -5.021589
v -13.633856 22.034405 -3.973657
v -6.023541 15.599023 -5.332880
v -5.868639 16.107542 -5.991261
v -13.250462 21.606880 -4.035067
v -5.810576 15.136253 -5.032198
v -13.389545 21.567045 -3.671659
v -5.613755 15.648694 -5.716588
v -13.834251 22.503349 -4.284360
v -13.640715 22.542709 -4.627094
v -13.978891 22.973763 -4.602353
v -6.483017 15.034659 -4.195351
v -13.133671 21.110004 -3.476085
v -5.695225 16.119671 -6.061403
v -13.395926 22.059914 -4.158780
v -6.114496 15.571603 -5.077561
v -13.878757 23.482170 -5.238544
v -5.923373 16.080429 -5.727536
v -14.090000 23.445522 -4.926217
v -5.949739 15.097920 -4.679194
v -6.205449 15.544184 -4.822242
v -12.940693 21.125908 -3.574495
v -13.708937 22.997147 -4.757827
v -6.235766 15.535046 -4.737148
v -6.422808 15.023808 -4.063163
v -13.122826 21.587389 -3.792142
v -13.360716 22.052662 -4.073680
v -14.048431 23.924467 -5.270782
v -6.277329 15.525949 -4.656192
v -5.702989 15.610640 -5.350429
v -5.978108 16.053314 -5.463817
v -6.112665 15.059675 -4.334866
v -5.597983 16.112501 -5.955804
v -13.541594 22.520956 -4.371755
v -13.689238 22.989250 -4.669881
v -12.992870 21.111300 -3.442302
v -5.850199 16.552696 -6.037120
v -5.996358 16.044277 -5.375924
v -14.145365 23.911297 -5.165169
v -13.685011 22.473694 -3.931305
v -6.402018 15.498654 -4.413284
v -13.318371 22.046169 -3.992714
v -13.782488 23.460115 -4.979234
v -5.811499 16.553469 -6.032679
v -13.912729 23.921457 -5.196189
v -6.026680 16.035141 -5.290831
v -13.462809 22.006334 -3.629306
v -6.277603 15.031607 -4.096945
v -5.868443 16.543657 -5.949212
v -13.222696 21.549292 -3.433733
v -5.817601 15.572371 -4.990148
v -13.857624 22.942638 -4.242008
v -13.657450 22.981997 -4.584743
v -5.616599 16.084812 -5.674539
v -13.996941 23.413052 -4.559999
v -6.492581 15.470776 -4.153299
v -6.117634 16.007721 -5.035511
v -5.695396 16.555786 -6.019355
v -13.027357 21.565195 -3.532142
v -14.124746 23.884809 -4.883862
v -5.923178 16.516544 -5.685488
v -5.956872 15.534037 -4.637143
v -13.442476 22.499201 -4.116428
v -6.208588 15.980300 -4.780191
v -13.191339 22.026676 -3.749790
v -13.725151 23.436436 -4.715474
v -13.409435 22.491951 -4.031328
v -6.238905 15.971161 -4.695098
v -6.431769 15.459926 -4.021111
v -14.100285 24.363754 -5.228426
v -13.081306 21.550585 -3.399950
v -6.280616 15.962064 -4.614141
v -6.120085 15.495791 -4.292814
v -5.705832 16.046757 -5.308379
v -5.977913 16.489429 -5.421768
v -5.598414 16.548616 -5.913755
v -13.562120 22.960243 -4.329404
v -13.706032 23.428535 -4.627529
v -14.197212 24.350584 -5.122813
v -5.853062 16.988811 -5.995072
v -13.367092 22.485456 -3.950362
v -5.996162 16.480394 -5.333875
v -13.516575 22.445621 -3.586954
v -13.817049 23.899403 -4.936880
v -13.964598 24.360744 -5.153833
v -6.405748 15.934771 -4.371233
v -13.296242 21.988579 -3.391381
v -5.814592 16.989582 -5.990630
v -6.026484 16.471256 -5.248781
v -6.285598 15.467724 -4.054893
v -5.871306 16.979773 -5.907164
v -5.820444 16.008488 -4.948097
v -13.878590 23.381924 -4.199656
v -13.712654 22.912979 -3.888953
v -13.674852 23.421282 -4.542392
v -14.032688 23.852337 -4.517646
v -13.097122 22.004482 -3.489790
v -5.617072 16.520927 -5.632490
v -6.496653 15.906893 -4.111247
v -6.117439 16.443836 -4.993461
v -5.699184 16.991901 -5.977306
v -14.176600 24.324097 -4.841507
v -13.240063 22.465965 -3.707437
v -5.926040 16.952660 -5.643439
v -13.466789 22.938488 -4.074077
v -5.959798 15.970154 -4.595092
v -13.153217 21.989872 -3.357598
v -6.208392 16.416416 -4.738142
v -14.166714 24.803041 -5.186069
v -13.760292 23.875721 -4.673120
v -13.868919 24.338692 -4.894525
v -6.435682 15.896042 -3.979059
v -6.238709 16.407276 -4.653047
v -13.435013 22.931240 -3.988976
v -6.123260 15.931908 -4.250762
v -6.280529 16.398180 -4.572090
v -14.263647 24.789871 -5.080457
v -5.706255 16.482872 -5.266330
v -13.581345 23.399529 -4.287053
v -5.980776 16.925545 -5.379720
v -5.602875 16.984732 -5.871707
v -13.741367 23.867825 -4.585177
v -5.865376 17.424927 -5.953023
v -14.031012 24.800030 -5.111478
v -13.349567 22.427868 -3.349028
v -5.999025 16.916510 -5.291826
v -6.405988 16.370888 -4.329181
v -5.827289 17.425699 -5.948582
v -6.029347 16.907370 -5.206732
v -6.289123 15.903841 -4.012841
v -5.883621 17.415888 -5.865115
v -13.392595 22.924744 -3.908010
v -14.084557 24.291626 -4.475292
v -13.146517 22.443771 -3.447437
v -13.915314 23.821213 -4.157303
v -5.820849 16.444603 -4.906047
v -13.735722 23.352266 -3.846601
v -13.710392 23.860569 -4.500041
v -13.545538 22.884909 -3.544602
v -14.243029 24.763386 -4.799153
v -5.621700 16.957043 -5.590441
v -6.497248 16.343010 -4.069195
v -5.713025 17.428017 -5.935258
v -6.120301 16.879951 -4.951411
v -13.204617 22.429161 -3.315245
v -14.243788 25.242329 -5.143713
v -13.487841 23.377773 -4.031725
v -5.938355 17.388775 -5.601391
v -13.935331 24.777977 -4.852171
v -13.812164 24.315008 -4.630767
v -5.960267 16.406269 -4.553041
v -6.211254 16.852531 -4.696091
v -14.340736 25.229158 -5.038102
v -6.436473 16.332159 -3.937008
v -6.241571 16.843393 -4.610996
v -13.456669 23.370525 -3.946624
v -13.265347 22.905252 -3.665085
v -13.617493 23.838816 -4.244701
v -14.108067 25.239319 -5.069122
v -14.150972 24.730911 -4.432939
v -6.283458 16.834295 -4.530039
v -5.710820 16.918987 -5.224280
v -5.993091 17.361660 -5.337671
v -5.617845 17.420847 -5.829659
v -6.289937 16.339956 -3.970789
v -13.762266 24.299858 -4.457690
v -5.883107 17.861042 -5.910975
v -5.845483 17.861814 -5.906533
v -13.793240 24.307110 -4.542826
v -6.011340 17.352625 -5.249777
v -6.123916 16.368025 -4.208711
v -6.409119 16.807003 -4.287129
v -6.041661 17.343487 -5.164682
v -5.901352 17.852005 -5.823067
v -13.967186 24.260500 -4.114951
v -5.732611 17.864132 -5.893209
v -13.414169 23.364029 -3.865657
v -14.320105 25.202671 -4.756798
v -13.377941 22.867153 -3.306676
v -13.773148 23.791553 -3.804249
v -5.825393 16.880718 -4.863997
v -13.569117 23.324194 -3.502250
v -5.637009 17.393158 -5.548392
v -14.327585 25.681616 -5.101357
v -6.500754 16.779125 -4.027143
v -13.231518 22.868446 -3.272892
v -6.132616 17.316067 -4.909362
v -13.669365 24.278103 -4.202351
v -14.012381 25.217266 -4.809816
v -13.172056 22.883057 -3.405085
v -13.524593 23.817060 -3.989374
v -13.878576 24.754295 -4.588414
v -5.956086 17.824890 -5.559342
v -14.424540 25.668446 -4.995746
v -5.964839 16.842386 -4.510990
v -6.223567 17.288647 -4.654041
v -14.191856 25.678604 -5.026766
v -14.228027 25.170200 -4.390585
v -13.493628 23.809811 -3.904272
v -6.253885 17.279509 -4.568946
v -6.440567 16.768274 -3.894956
v -14.033598 24.699787 -4.072598
v -13.286671 23.344540 -3.622732
v -13.828676 24.739143 -4.415339
v -13.825020 24.230843 -3.761897
v -5.638819 17.856964 -5.787610
v -6.010821 17.797777 -5.295622
v -6.295795 17.270412 -4.487988
v -5.726085 17.355103 -5.182231
v -6.128580 16.804140 -4.166659
v -13.859652 24.746399 -4.500473
v -5.902217 18.297159 -5.868927
v -5.865072 18.297932 -5.864485
v -6.029069 17.788740 -5.207728
v -14.403904 25.641960 -4.714444
v -6.421524 17.243118 -4.245078
v -13.955626 25.193584 -4.546061
v -6.059392 17.779602 -5.122633
v -13.576469 24.256348 -3.947022
v -5.920462 18.288120 -5.781018
v -13.451097 23.803316 -3.823305
v -5.753637 18.300247 -5.851161
v -6.294520 16.776073 -3.928737
v -13.401014 23.306442 -3.264323
v -14.415752 26.120903 -5.059002
v -13.606710 23.763481 -3.459898
v -5.840645 17.316833 -4.821947
v -14.096170 25.656551 -4.767461
v -5.658437 17.829273 -5.506343
v -13.735779 24.717392 -4.159999
v -13.253660 23.307734 -3.230540
v -6.513558 17.215240 -3.985091
v -14.512705 26.107735 -4.953390
v -6.150345 17.752182 -4.867312
v -13.193420 23.322342 -3.362732
v -13.936701 25.185688 -4.458122
v -13.545500 24.249096 -3.861920
v -14.280025 26.117891 -4.984411
v -5.975195 18.261007 -5.517294
v -14.311821 25.609486 -4.348232
v -14.110649 25.139072 -4.030246
v -5.980079 17.278502 -4.468939
v -6.241299 17.724762 -4.611991
v -13.905727 25.178434 -4.372988
v -13.891432 24.670128 -3.719545
v -13.323517 23.783825 -3.580380
v -6.271616 17.715624 -4.526896
v -6.454389 17.204390 -3.852904
v -13.502974 24.242603 -3.780953
v -13.438444 23.745728 -3.221971
v -5.661293 18.293079 -5.745561
v -13.658587 24.202770 -3.417546
v -6.029931 18.233892 -5.253574
v -5.747489 17.791218 -5.140182
v -6.313526 17.706528 -4.445937
v -6.143781 17.240255 -4.124608
v -14.492069 26.081247 -4.672089
v -5.914641 18.733274 -5.826879
v -6.048180 18.224857 -5.165679
v -14.039415 25.632870 -4.503707
v -13.642881 24.695637 -3.904671
v -5.877863 18.734049 -5.822437
v -14.505932 26.560190 -5.016646
v -6.439253 17.679232 -4.203027
v -6.078501 18.215717 -5.080584
v -5.932886 18.724237 -5.738970
v -14.184336 26.095840 -4.725107
v -6.309350 17.212187 -3.886686
v -13.812828 25.156677 -4.117648
v -14.602886 26.547020 -4.911035
v -5.862004 17.752949 -4.779896
v -5.681421 18.265390 -5.464294
v -14.020491 25.624973 -4.415770
v -13.375393 24.223112 -3.538028
v -13.290777 23.747021 -3.188188
v -5.767529 18.736366 -5.809113
v -14.370203 26.557180 -4.942056
v -14.399988 26.048775 -4.305879
v -6.531700 17.651356 -3.943040
v -6.169456 18.188297 -4.825263
v -13.230278 23.761627 -3.320380
v -13.611914 24.688385 -3.819568
v -14.194439 25.578362 -3.987893
v -5.987620 18.697123 -5.475245
v -13.989517 25.617722 -4.330637
v -13.968483 25.109417 -3.677193
v -6.001362 17.714615 -4.426888
v -6.260407 18.160877 -4.569941
v -13.569384 24.681889 -3.738600
v -6.290725 18.151739 -4.484845
v -13.724998 24.642056 -3.375194
v -14.582249 26.520535 -4.629735
v -13.490318 24.185017 -3.179619
v -5.676299 18.729195 -5.703513
v -14.127583 26.072157 -4.461354
v -5.770465 18.227333 -5.098132
v -6.042355 18.670010 -5.211525
v -6.329993 17.648302 -3.844634
v -6.332634 18.142643 -4.403886
v -6.164942 17.676369 -4.082557
v -6.473763 17.640503 -3.810852
v -14.600386 26.999475 -4.974290
v -5.912315 19.169392 -5.784830
v -13.719929 25.134926 -3.862319
v -6.060604 18.660973 -5.123631
v -14.274517 26.535126 -4.682753
v -5.875665 19.170166 -5.780388
v -6.458363 18.115349 -4.160975
v -13.282154 24.200920 -3.278028
v -13.896620 25.595966 -4.075297
v -14.697203 26.986305 -4.868680
v -6.090926 18.651834 -5.038535
v -5.930560 19.160355 -5.696921
v -14.108660 26.064262 -4.373417
v -14.464792 26.996468 -4.899700
v -14.490170 26.488064 -4.263525
v -5.884869 18.189064 -4.737846
v -13.441803 24.662399 -3.495675
v -13.342651 24.186306 -3.145835
v -5.696831 18.701506 -5.422246
v -13.688963 25.127672 -3.777216
v -14.282606 26.017649 -3.945541
v -5.765714 19.172483 -5.767064
v -6.551219 18.087469 -3.900988
v -14.077686 26.057011 -4.288285
v -6.181879 18.624413 -4.783213
v -14.052273 25.548702 -3.634841
v -5.985294 19.133242 -5.433197
v -13.646435 25.121178 -3.696248
v -14.676521 26.959820 -4.587380
v -6.024065 18.150730 -4.384837
v -13.802048 25.081343 -3.332842
v -6.272831 18.596992 -4.527891
v -14.217766 26.511444 -4.419001
v -13.556730 24.624302 -3.137266
v -6.303148 18.587854 -4.442794
v -14.701370 27.438763 -4.931934
v -13.803722 25.574211 -3.819968
v -5.785867 18.663450 -5.056083
v -6.352011 18.084417 -3.802582
v -5.674869 19.165314 -5.661464
v -6.345058 18.578758 -4.361835
v -6.187488 18.112484 -4.040505
v -14.369150 26.974413 -4.640398
v -6.040029 19.106127 -5.169477
v -6.494512 18.076618 -3.768800
v -14.797781 27.425594 -4.826324
v -13.984787 26.035255 -4.032946
v -5.896135 19.605511 -5.742782
v -6.058278 19.097090 -5.081581
v -13.348566 24.640205 -3.235675
v -14.198841 26.503550 -4.331066
v -14.566183 27.435753 -4.857345
v -6.470787 18.551464 -4.118924
v -14.584442 26.927349 -4.221172
v -5.859336 19.606281 -5.738340
v -6.088599 19.087952 -4.996485
v -13.518854 25.101688 -3.453322
v -14.372787 26.456936 -3.903188
v -13.772755 25.566961 -3.734864
v -5.914380 19.596472 -5.654873
v -13.409063 24.625595 -3.103483
v -5.900144 18.625179 -4.695796
v -14.167868 26.496296 -4.245934
v -14.140442 25.987991 -3.592489
v -5.695533 19.137623 -5.380197
v -6.563945 18.523584 -3.858936
v -14.776964 27.399109 -4.545025
v -6.179552 19.060530 -4.741163
v -5.748937 19.608601 -5.725016
v -13.730227 25.560467 -3.653896
v -13.885839 25.520632 -3.290490
v -14.312399 26.950731 -4.376647
v -14.797405 27.878048 -4.889578
v -13.633780 25.063587 -3.094914
v -5.969114 19.569359 -5.391149
v -6.039171 18.586847 -4.342786
v -6.270504 19.033110 -4.485840
v -13.891890 26.013500 -3.777616
v -14.470678 27.413700 -4.598043
v -6.508143 18.512735 -3.726748
v -6.300822 19.023972 -4.400743
v -14.893135 27.864880 -4.783968
v -14.074968 26.474541 -3.990595
v -5.784543 19.099567 -5.014033
v -6.202453 18.548601 -3.998454
v -6.342731 19.014874 -4.319784
v -14.293476 26.942837 -4.288713
v -14.662901 27.875038 -4.814989
v -5.657639 19.601431 -5.619416
v -13.425617 25.079493 -3.193322
v -6.023849 19.542244 -5.127429
v -14.684885 27.366634 -4.178818
v -6.042098 19.533207 -5.039533
v -14.467062 26.896225 -3.860836
v -13.602644 25.540974 -3.410970
v -5.867000 20.041626 -5.700733
v -13.860922 26.006248 -3.692512
v -6.468460 18.987581 -4.076872
v -14.262491 26.935583 -4.203583
v -13.486115 25.064880 -3.061130
v -6.366580 18.520533 -3.760531
v -14.230623 26.427277 -3.550138
v -5.829736 20.042397 -5.696291
v -14.872093 27.838394 -4.502671
v -5.898735 19.061296 -4.653746
v -5.885244 20.032587 -5.612824
v -6.163372 19.496647 -4.699113
v -13.818394 25.999752 -3.611543
v -13.974007 25.959917 -3.248138
v -14.413927 27.390018 -4.334294
v -5.678142 19.573740 -5.338148
v -6.072420 19.524067 -4.954436
v -6.561704 18.959702 -3.816885
v -14.877008 28.317333 -4.847222
v -13.717571 25.502876 -3.052562
v -14.567621 27.852989 -4.555688
v -13.982073 26.452787 -3.735264
v -5.717943 20.044716 -5.682967
v -6.254325 19.469227 -4.443790
v -6.037659 19.022964 -4.300735
v -14.971783 28.304169 -4.741612
v -14.169556 26.913828 -3.948244
v -5.939979 20.005474 -5.349100
v -14.395004 27.382122 -4.246362
v -14.743462 28.314327 -4.772633
v -6.506162 18.948853 -3.684696
v -14.780022 27.805923 -4.136465
v -13.509407 25.518780 -3.150970
v -6.326431 19.450993 -4.277733
v -14.567505 27.335510 -3.818484
v -5.767138 19.535683 -4.971983
v -6.364871 18.956650 -3.718479
v -13.690815 25.980261 -3.368618
v -13.951103 26.445536 -3.650160
v -14.363983 27.374870 -4.161232
v -5.625247 20.037546 -5.577367
v -6.451797 19.423698 -4.034821
v -5.994713 19.978359 -5.085380
v -13.569904 25.504169 -3.018777
v -14.324902 26.866566 -3.507786
v -6.200871 18.984718 -3.956402
v -6.284642 19.460087 -4.358693
v -14.950422 28.277679 -4.460316
v -6.043283 19.960182 -4.912387
v -5.826796 20.477741 -5.658684
v -13.908575 26.439037 -3.569191
v -14.510868 27.829304 -4.291941
v -14.064190 26.399204 -3.205786
v -6.544655 19.395821 -3.774833
v -5.788933 20.478512 -5.654243
v -14.939325 28.756622 -4.804866
v -13.805740 25.942163 -3.010209
v -14.648500 28.292274 -4.513334
v -14.076622 26.892075 -3.692913
v -6.134236 19.932762 -4.657063
v -6.012962 19.969322 -4.997484
v -5.881318 19.497414 -4.611696
v -6.020244 19.459082 -4.258684
v -14.270941 27.353111 -3.905892
v -5.645275 20.009855 -5.296099
v -15.033205 28.743454 -4.699257
v -5.899775 20.441589 -5.307052
v -14.491947 27.821411 -4.204010
v -5.845041 20.468700 -5.570776
v -14.806675 28.753613 -4.730278
v -14.858372 28.245209 -4.094111
v -13.597574 25.958067 -3.108617
v -5.675345 20.480831 -5.640919
v -5.734293 19.971798 -4.929935
v -6.225189 19.905342 -4.401740
v -14.662663 27.774799 -3.776131
v -13.780994 26.419548 -3.326265
v -14.045645 26.884823 -3.607808
v -14.460903 27.814159 -4.118881
v -6.183483 19.420835 -3.914351
v -6.488915 19.384968 -3.642644
v -6.255506 19.896202 -4.316642
v -14.425362 27.305851 -3.465434
v -13.658073 25.943459 -2.976425
v -6.296933 19.887106 -4.235682
v -5.954510 20.414474 -5.043331
v -6.347539 19.392767 -3.676427
v -14.003128 26.878326 -3.526839
v -15.011560 28.716965 -4.417962
v -14.591749 28.268593 -4.249588
v -14.158485 26.838493 -3.163434
v -6.421215 19.859814 -3.992769
v -5.580860 20.473660 -5.535318
v -5.848570 19.933529 -4.569645
v -13.895922 26.381451 -2.967857
v -14.177898 27.331360 -3.650561
v -14.983494 29.195911 -4.762511
v -14.712015 28.731560 -4.470979
v -6.003009 20.396297 -4.870337
v -5.777411 20.913857 -5.616636
v -14.367788 27.792400 -3.863541
v -6.512953 19.831936 -3.732781
v -5.795656 20.904819 -5.528728
v -14.572828 28.260696 -4.161657
v -15.076881 29.182739 -4.656902
v -5.738998 20.914629 -5.612195
v -6.093751 20.368877 -4.615014
v -13.687757 26.397354 -3.066265
v -5.972758 20.405437 -4.955435
v -5.987637 19.895197 -4.216633
v -14.851355 29.192898 -4.687922
v -14.741070 28.214085 -3.733779
v -14.146885 27.324108 -3.565456
v -13.875584 26.858833 -3.283913
v -14.541807 28.253445 -4.076530
v -5.600304 20.445972 -5.254050
v -5.850390 20.877705 -5.265003
v -14.520557 27.745140 -3.423082
v -13.748255 26.382744 -2.934072
v -5.689378 20.407915 -4.887885
v -5.623759 20.916946 -5.598870
v -6.184494 20.341457 -4.359689
v -14.919535 28.684494 -4.051758
v -14.104404 27.317612 -3.484486
v -6.151028 19.856951 -3.872299
v -14.258991 27.277782 -3.121082
v -6.456751 19.821085 -3.600593
v -6.214740 20.332317 -4.274591
v -15.055111 29.156254 -4.375607
v -13.990273 26.820740 -2.925504
v -6.255712 20.323223 -4.193631
v -14.274673 27.770649 -3.608209
v -6.315234 19.828884 -3.634375
v -5.905125 20.850590 -5.001283
v -14.448765 28.231689 -3.821190
v -6.378625 20.295929 -3.950718
v -15.015146 29.635197 -4.720155
v -14.655264 28.707882 -4.207234
v -5.527644 20.909777 -5.493270
v -5.803782 20.369644 -4.527596
v -5.923374 20.841553 -4.913386
v -13.782341 26.836641 -3.023912
v -5.953414 20.832413 -4.828288
v -15.108500 29.622025 -4.614546
v -14.243637 27.763397 -3.523104
v -13.976969 27.298122 -3.241560
v -5.723228 21.349972 -5.574588
v -6.468919 20.268051 -3.690729
v -14.802280 28.653370 -3.691426
v -14.756865 29.170849 -4.428625
v -14.883051 29.632187 -4.645567
v -5.741474 21.340935 -5.486679
v -14.605360 28.692734 -4.034178
v -14.599045 28.184429 -3.380730
v -13.842731 26.822031 -2.891720
v -14.636343 28.699986 -4.119306
v -5.684418 21.350746 -5.570146
v -6.043525 20.804995 -4.572964
v -5.942922 20.331312 -4.174582
v -14.201181 27.756901 -3.442134
v -14.354252 27.717068 -3.078730
v -14.963120 29.123783 -4.009405
v -5.546601 20.882088 -5.212001
v -5.796207 21.313820 -5.222955
v -14.090948 27.260025 -2.883152
v -14.355724 28.209934 -3.565858
v -6.133635 20.777576 -4.317639
v -5.635758 20.844032 -4.845836
v -15.086742 29.595539 -4.333252
v -5.567982 21.353062 -5.556822
v -6.106202 20.293066 -3.830248
v -6.412031 20.257200 -3.558541
v -14.512426 28.670979 -3.778839
v -6.163671 20.768436 -4.232541
v -14.700111 29.147167 -4.164881
v -6.270335 20.264999 -3.592324
v -6.204238 20.759338 -4.151579
v -13.883713 27.275928 -2.981560
v -15.039907 30.074482 -4.677799
v -5.850943 21.286707 -4.959234
v -14.073816 27.737408 -3.199208
v -14.324709 28.202686 -3.480752
v -6.325943 20.732044 -3.908666
v -14.681192 29.139275 -4.076953
v -15.133738 30.061310 -4.572191
v -5.470693 21.345892 -5.451221
v -5.750240 20.805761 -4.485545
v -13.943781 27.261318 -2.849368
v -5.869191 21.277670 -4.871337
v -14.660316 28.623714 -3.338378
v -14.788576 29.610134 -4.386271
v -14.907322 30.071472 -4.603211
v -14.282230 28.196190 -3.399781
v -5.898946 21.268532 -4.786239
v -14.432810 28.156357 -3.036378
v -6.414872 20.704166 -3.648678
v -5.668630 21.786089 -5.532539
v -5.686875 21.777050 -5.444631
v -14.186466 27.699314 -2.840800
v -14.845840 29.092659 -3.649074
v -14.650223 29.132023 -3.991827
v -14.994768 29.563068 -3.967052
v -5.629675 21.786861 -5.528098
v -14.419493 28.649223 -3.523506
v -5.988201 21.241112 -4.530914
v -5.889178 20.767427 -4.132532
v -15.112116 30.034828 -4.290898
v -5.489318 21.318203 -5.169952
v -5.741609 21.749935 -5.180906
v -13.980431 27.715214 -2.939208
v -6.077455 21.213692 -4.275589
v -5.578551 21.280148 -4.803786
v -14.731825 29.586452 -4.122528
v -5.512811 21.789179 -5.514773
v -14.154793 28.176697 -3.156855
v -6.051704 20.729181 -3.788197
v -14.388514 28.641975 -3.438400
v -6.357119 20.693316 -3.516489
v -15.064013 30.513767 -4.635443
v -6.107207 21.204552 -4.190490
v -14.039923 27.700603 -2.807015
v -14.557323 29.110264 -3.736488
v -6.215219 20.701115 -3.550272
v -14.712906 29.578560 -4.034602
v -6.147413 21.195454 -4.109529
v -5.796344 21.722824 -4.917185
v -15.158693 30.500599 -4.529835
v -14.345999 28.635475 -3.357429
v -14.812683 30.049419 -4.343916
v -6.268031 21.168159 -3.866615
v -14.494164 28.595642 -2.994026
v -14.265358 28.138599 -2.798448
v -5.693084 21.241877 -4.443495
v -5.415098 21.782009 -5.409173
v -5.814591 21.713787 -4.829288
v -5.844052 21.704647 -4.744189
v -14.681934 29.571308 -3.949476
v -14.877459 29.531944 -3.606721
v -14.703873 29.063000 -3.296026
v -15.020124 30.002357 -3.924698
v -6.355782 21.140282 -3.606626
v -5.621716 22.222206 -5.490490
v -14.930559 30.510761 -4.560855
v -5.639900 22.213169 -5.402582
v -14.061056 28.154503 -2.896855
v -15.137318 30.474113 -4.248543
v -5.582748 22.222979 -5.486049
v -5.932425 21.677227 -4.488864
v -5.831677 21.203545 -4.090481
v -14.218454 28.615986 -3.114503
v -14.464428 29.088512 -3.481155
v -14.755934 30.025738 -4.080174
v -14.119677 28.139893 -2.764663
v -5.433602 21.754318 -5.127903
v -5.694456 22.186054 -5.138858
v -15.093693 30.953056 -4.593087
v -6.020797 21.649807 -4.233539
v -5.522871 21.716263 -4.761736
v -5.465849 22.225296 -5.472724
v -14.589037 29.549553 -3.694137
v -14.737013 30.017845 -3.992249
v -5.993091 21.165297 -3.746145
v -6.297385 21.129429 -3.474437
v -14.390932 29.074764 -3.315077
v -15.189453 30.939884 -4.487480
v -6.050254 21.640667 -4.148439
v -14.433460 29.081261 -3.396048
v -14.537809 29.034931 -2.951674
v -14.327036 28.577888 -2.756095
v -14.835632 30.488708 -4.301561
v -6.155576 21.137228 -3.508220
v -14.959156 30.950047 -4.518500
v -6.090130 21.631569 -4.067477
v -5.749013 22.158939 -4.875137
v -6.209756 21.604275 -3.824564
v -14.706043 30.010593 -3.907125
v -14.902845 29.971233 -3.564369
v -14.735472 29.502289 -3.253674
v -5.368102 22.218124 -5.367124
v -5.637453 21.677994 -4.401445
v -15.045294 30.441647 -3.882345
v -5.767202 22.149902 -4.787239
v -14.124350 28.593788 -2.854503
v -5.796413 22.140764 -4.702140
v -5.590583 22.658321 -5.448442
v -15.168421 30.913403 -4.206189
v -6.296618 21.576395 -3.564574
v -14.263353 29.055271 -3.072150
v -14.496140 29.527798 -3.438803
v -14.182156 28.579182 -2.722311
v -5.551613 22.659096 -5.444000
v -14.778883 30.465027 -4.037821
v -5.884037 22.113342 -4.446815
v -5.775687 21.639660 -4.048430
v -5.608590 22.649284 -5.360534
v -15.132772 31.392345 -4.550731
v -14.465174 29.520546 -3.353696
v -14.613146 29.988838 -3.651785
v -5.386595 22.190437 -5.085855
v -14.759962 30.457134 -3.949898
v -15.229427 31.379173 -4.445124
v -14.370920 29.017178 -2.713743
v -5.434701 22.661411 -5.430676
v -5.971660 22.085922 -4.191489
v -5.475816 22.152380 -4.719687
v -14.863869 30.927998 -4.259206
v -14.997345 31.389336 -4.476144
v -5.935915 21.601414 -3.704094
v -6.238200 21.565544 -3.432385
v -5.662613 22.622169 -5.096809
v -6.000867 22.076782 -4.106389
v -14.422646 29.514050 -3.272725
v -6.097099 21.573343 -3.466168
v -6.040442 22.067684 -4.025426
v -14.728992 30.449879 -3.864774
v -14.928040 30.410519 -3.522017
v -14.760876 29.941574 -3.211322
v -15.076372 30.880932 -3.839992
v -14.569456 29.474216 -2.909322
v -6.159168 22.040390 -3.782512
v -5.716638 22.595055 -4.833088
v -5.336943 22.654242 -5.325076
v -15.208694 31.352688 -4.163834
v -5.590254 22.114109 -4.359395
v -14.226473 29.018467 -2.679958
v -14.169079 29.033077 -2.812150
v -14.520248 29.967083 -3.396451
v -5.763708 22.576878 -4.660090
v -5.564960 23.094437 -5.406394
v -14.807119 30.904316 -3.995468
v -6.245311 22.012512 -3.522522
v -15.185076 31.831631 -4.508376
v -5.525990 23.095209 -5.401952
v -14.489283 29.959835 -3.311344
v -14.295067 29.494560 -3.029798
v -5.850875 22.549458 -4.404765
v -5.582791 23.085398 -5.318485
v -5.734648 22.586018 -4.745190
v -14.636095 30.428127 -3.609434
v -5.727978 22.075775 -4.006379
v -14.788198 30.896420 -3.907546
v -15.282028 31.818459 -4.402769
v -5.355432 22.626551 -5.043806
v -14.901758 31.367283 -4.216852
v -15.049351 31.828621 -4.433789
v -5.409079 23.097527 -5.388628
v -5.938043 22.522038 -4.149438
v -5.444478 22.588493 -4.677638
v -14.446754 29.953335 -3.230372
v -5.887055 22.037529 -3.662042
v -5.636281 23.058285 -5.054761
v -14.402626 29.456467 -2.671391
v -6.187139 22.001659 -3.390333
v -14.959074 30.849808 -3.479664
v -14.757231 30.889168 -3.822423
v -15.116627 31.320217 -3.797638
v -14.786066 30.380859 -3.168971
v -5.967098 22.512897 -4.064338
v -14.594810 29.913502 -2.866970
v -6.006402 22.503799 -3.983375
v -6.046953 22.009460 -3.424117
v -15.261396 31.791977 -4.121480
v -14.258194 29.457756 -2.637606
v -14.200794 29.472366 -2.769798
v -5.689772 23.031170 -4.791039
v -6.124315 22.476507 -3.740461
v -5.311321 23.090359 -5.283027
v -14.543200 30.406372 -3.354100
v -5.558394 22.550224 -4.317345
v -15.251455 32.270916 -4.466020
v -14.953667 31.806572 -4.174498
v -14.845009 31.343605 -3.953115
v -5.736570 23.012993 -4.618042
v -5.534575 23.530552 -5.364345
v -14.512234 30.399120 -3.268992
v -14.319174 29.933846 -2.987446
v -15.348410 32.257748 -4.360413
v -6.209790 22.448627 -3.480470
v -14.664333 30.867413 -3.567083
v -5.495605 23.531326 -5.359903
v -14.826090 31.335709 -3.865194
v -5.552346 23.521515 -5.276437
v -15.115730 32.267910 -4.391434
v -5.823461 22.985573 -4.362715
v -5.707604 23.022135 -4.703141
v -5.695318 22.511890 -3.964328
v -5.329809 23.062666 -5.001757
v -5.378694 23.533646 -5.346580
v -14.469706 30.392624 -3.188020
v -15.169323 31.759506 -3.755285
v -5.910349 22.958153 -4.107388
v -14.999269 31.289093 -3.437312
v -14.427773 29.895752 -2.629038
v -14.795122 31.328457 -3.780072
v -14.817024 30.820148 -3.126619
v -15.327778 32.231262 -4.079125
v -14.619894 30.352791 -2.824618
v -5.605659 23.494402 -5.012712
v -5.853386 22.473644 -3.619991
v -6.151779 22.437778 -3.348282
v -5.939312 22.949013 -4.022288
v -14.282883 29.897041 -2.595253
v -14.882950 36.447121 -8.914066
v -14.621477 36.481728 -9.180808
v -14.719481 36.269939 -8.867656
v -5.978410 22.939919 -3.941324
v -14.225048 29.911652 -2.727445
v -15.332767 32.710205 -4.423664
v -14.897303 36.239357 -8.613609
v -15.086681 36.413731 -8.639457
v -6.012305 22.445576 -3.382065
v -14.571438 30.845657 -3.311749
v -14.433876 36.305851 -9.138689
v -15.020046 32.245857 -4.132143
v -14.339642 36.514694 -9.423362
v -14.896917 31.782890 -3.910761
v -5.418667 23.024609 -4.635588
v -15.098433 36.202976 -8.307633
v -5.658972 23.467287 -4.748991
v -5.280935 23.526474 -5.240979
v -6.095703 22.912622 -3.698409
v -15.266750 36.378796 -8.340607
v -14.185331 36.336128 -9.364466
v -5.532017 22.986340 -4.275294
v -15.429720 32.697037 -4.318058
v -15.062523 36.973801 -8.892368
v -14.803917 37.007977 -9.157679
v -14.540470 30.838409 -3.226640
v -14.000080 36.548447 -9.653789
v -5.705639 23.449112 -4.575992
v -14.342125 30.373135 -2.945093
v -5.498086 23.966667 -5.322297
v -14.702225 31.306698 -3.524732
v -15.197042 32.707195 -4.349078
v -15.235703 32.198792 -3.712931
v -15.208168 36.172382 -8.029325
v -15.279226 36.939468 -8.610904
v -14.601318 36.545189 -8.841274
v -14.505005 37.041832 -9.405825
v -14.847029 31.767742 -3.737720
v -15.395792 36.345264 -8.038273
v -6.180681 22.884745 -3.438419
v -13.819685 36.371002 -9.596283
v -5.459115 23.967442 -5.317855
v -14.059719 36.555931 -9.326038
v -14.877998 31.774994 -3.822842
v -14.995979 36.479099 -8.299552
v -5.792312 23.421690 -4.320665
v -5.515881 23.957634 -5.234388
v -5.676744 23.458252 -4.661092
v -15.455807 36.905018 -8.314429
v -5.668210 22.948006 -3.922277
v -13.657660 36.579945 -9.859855
v -14.167383 37.075214 -9.635789
v -15.333315 36.135670 -7.693232
v -15.051947 31.728382 -3.394959
v -5.299423 23.498783 -4.959708
v -14.497942 30.831913 -3.145668
v -15.409088 32.670547 -4.036771
v -14.452488 30.335037 -2.586686
v -14.857136 31.259438 -3.084267
v -13.534842 36.399223 -9.787807
v -15.503437 36.310127 -7.712030
v -5.342204 23.969761 -5.304531
v -14.650726 30.792076 -2.782266
v -5.388190 23.460728 -4.593539
v -5.878983 23.394272 -4.065338
v -15.408478 33.149494 -4.381308
v -15.594049 36.870506 -8.004087
v -5.569265 23.930519 -4.970664
v -14.306818 30.336330 -2.552901
v -14.754133 31.745987 -3.482381
v -15.101358 32.685143 -4.089788
v -5.825596 22.909760 -3.577939
v -14.661215 36.869289 -8.675024
v -14.154999 36.811867 -9.172472
v -14.416199 36.902145 -8.928820
v -14.248245 30.350937 -2.685093
v -13.798386 37.107807 -9.846703
v -13.281115 36.610928 -10.048515
v -5.907874 23.385132 -3.980237
v -6.122836 22.873894 -3.306230
v -14.963299 32.222176 -3.868408
v -14.609327 31.284943 -3.269397
v -14.860205 36.836582 -8.414521
v -15.385788 36.105053 -7.395051
v -15.504662 33.136322 -4.275702
v -5.946865 23.376034 -3.899273
v -13.388855 36.633945 -9.732447
v -15.248243 36.450539 -7.693170
v -5.983898 22.881691 -3.340013
v -13.184168 36.428745 -9.969477
v -15.273634 33.146484 -4.306723
v -15.317017 32.638081 -3.670578
v -15.570597 36.276421 -7.386739
v -13.836519 36.843945 -9.392076
v -5.622650 23.903406 -4.706943
v -15.028364 36.803448 -8.130539
v -5.244445 23.962589 -5.198930
v -6.063836 23.348740 -3.656358
v -15.216482 37.731087 -8.810949
v -14.578362 31.277695 -3.184288
v -15.118328 32.167671 -3.352607
v -14.951912 37.765259 -9.074925
v -14.370361 30.812424 -2.902741
v -15.698002 36.835899 -7.681127
v -5.501263 23.422457 -4.233244
v -14.913412 32.207031 -3.695369
v -14.909786 31.698723 -3.041915
v -15.438183 37.696754 -8.530904
v -14.944382 32.214283 -3.780489
v -5.669341 23.885227 -4.533943
v -5.454151 24.402786 -5.280248
v -14.646103 37.799110 -9.321821
v -13.405355 37.139271 -10.037695
v -5.472018 24.393749 -5.192340
v -12.880121 36.640617 -10.215122
v -6.148615 23.320862 -3.396367
v -15.483931 33.109837 -3.994416
v -15.618839 37.662304 -8.235922
v -5.415181 24.403557 -5.275807
v -15.450266 36.067860 -7.034140
v -15.044611 32.661465 -3.826055
v -13.494572 36.910076 -9.586519
v -5.756011 23.857807 -4.278615
v -15.160612 36.855785 -7.820738
v -14.661236 31.724232 -3.227045
v -5.640448 23.894367 -4.619043
v -14.535833 31.271202 -3.103315
v -12.789341 36.457241 -10.124836
v -14.300692 37.832497 -9.550629
v -14.482903 30.774323 -2.544333
v -5.637155 23.384123 -3.880226
v -15.771715 36.801163 -7.346800
v -14.690739 31.231365 -2.739914
v -15.621334 36.240925 -7.038245
v -15.458061 33.588779 -4.338952
v -5.525620 24.366634 -4.928616
v -5.262934 23.934902 -4.917659
v -15.178383 33.124432 -4.047434
v -14.820517 32.185276 -3.440030
v -12.891174 36.672821 -9.958885
v -15.760269 37.627792 -7.927143
v -5.298269 24.405876 -5.262483
v -14.336279 30.775616 -2.510548
v -5.351703 23.896843 -4.551489
v -5.842681 23.830387 -4.023288
v -14.276787 30.790226 -2.642740
v -15.025694 32.653572 -3.738137
v -15.551931 33.575611 -4.233346
v -12.994080 37.169357 -10.208050
v -13.148552 36.939232 -9.766045
v -15.376947 36.344543 -7.051183
v -14.630272 31.716984 -3.141936
v -5.794371 23.345879 -3.535888
v -15.260031 36.822498 -7.511046
v -15.392139 33.077370 -3.628224
v -13.923183 37.865089 -9.760479
v -15.325859 33.585770 -4.264367
v -12.464357 36.668228 -10.355025
v -6.091024 23.310009 -3.264178
v -5.871572 23.821249 -3.938187
v -15.199642 32.606956 -3.310254
v -15.458981 36.037025 -6.720789
v -5.579222 24.339523 -4.664894
v -5.910562 23.812149 -3.857223
v -14.994724 32.646317 -3.653018
v -5.952474 23.317810 -3.297961
v -14.976170 32.138012 -2.999563
v -14.247448 37.338039 -8.984614
v -14.408253 31.251713 -2.860388
v -14.731852 37.327377 -8.490887
v -15.819326 36.766232 -7.002445
v -14.587742 31.710487 -3.060963
v -15.866720 37.593185 -7.605809
v -12.372036 36.482391 -10.237430
v -14.743355 31.670650 -2.697562
v -14.522583 31.213608 -2.501981
v -6.027533 23.784855 -3.614306
v -15.641590 36.206825 -6.695128
v -5.200511 24.398708 -5.156881
v -5.597093 24.330482 -4.576994
v -5.464783 23.858572 -4.191194
v -15.325623 36.701424 -7.200695
v -15.121790 33.100750 -3.783701
v -15.530899 33.549126 -3.952061
v -5.626107 24.321342 -4.491893
v -5.401487 24.838902 -5.238200
v -13.521086 37.896557 -9.950508
v -14.727619 32.163521 -3.184694
v -12.758379 36.967369 -9.919260
v -5.419462 24.829865 -5.150291
v -12.570351 37.197796 -10.357058
v -6.112374 23.756975 -3.354315
v -13.619503 37.362617 -9.411612
v -15.231901 33.563717 -4.005079
v -5.362516 24.839672 -5.233758
v -15.073530 37.299519 -7.934645
v -15.472944 34.028065 -4.296596
v -14.901829 32.624561 -3.397679
v -5.713143 24.293922 -4.236566
v -12.040430 36.695557 -10.489006
v -15.481792 35.999069 -6.340754
v -5.600766 23.820240 -3.838175
v -15.942434 37.558445 -7.273165
v -15.102924 33.092857 -3.695786
v -14.460163 31.690998 -2.818036
v -14.375177 31.214905 -2.468196
v -15.303118 38.600079 -8.678204
v -15.844971 36.731041 -6.649405
v -5.218999 24.371017 -4.875610
v -5.473386 24.802750 -4.886567
v -15.036171 38.634247 -8.938170
v -14.314930 31.229515 -2.600388
v -15.564283 34.014896 -4.190991
v -14.696653 32.156269 -3.099584
v -15.526808 38.565742 -8.402409
v -15.369934 36.667843 -6.870177
v -11.953701 36.511616 -10.392014
v -15.275141 33.046246 -3.267902
v -15.653610 36.170715 -6.329882
v -5.245605 24.841991 -5.220434
v -5.307861 24.332958 -4.509440
v -5.800179 24.266504 -3.981238
v -15.072041 33.085606 -3.610667
v -14.727621 38.668102 -9.181316
v -15.057482 32.577301 -2.957211
v -13.100323 37.926640 -10.120007
v -5.758242 23.781994 -3.493837
v -13.916368 38.287533 -9.046740
v -15.414234 36.223469 -6.384977
v -15.709085 38.531292 -8.111907
v -14.654127 32.149773 -3.018610
v -6.054978 23.746124 -3.222126
v -5.829191 24.257364 -3.896136
v -14.809738 32.109940 -2.655210
v -14.575089 31.652897 -2.459629
v -15.439953 33.516655 -3.585871
v -12.135864 37.224483 -10.484169
v -5.868295 24.248268 -3.815171
v -5.527310 24.775635 -4.622846
v -5.916537 23.753925 -3.255909
v -11.827835 36.781639 -10.299256
v -15.343861 34.025055 -4.222011
v -14.379107 38.701488 -9.406650
v -15.991968 37.523518 -6.930545
v -14.444527 38.713604 -8.562236
v -14.808931 32.602810 -3.142342
v -15.386112 36.514446 -6.567006
v -15.466963 35.967854 -6.017174
v -5.985607 24.220970 -3.572255
v -15.278471 37.232239 -7.327909
v -15.543221 33.988411 -3.909707
v -11.593575 36.720863 -10.593999
v -5.147847 24.834822 -5.114833
v -15.851784 38.496777 -7.807817
v -14.878729 38.648350 -8.071867
v -5.421224 24.294689 -4.149144
v -5.545288 24.766598 -4.534945
v -12.381195 37.201542 -10.013364
v -15.855045 36.695549 -6.289089
v -14.366924 31.668800 -2.558036
v -14.979397 33.063850 -3.355327
v -5.574520 24.757460 -4.449844
v -15.175776 33.540039 -3.741348
v -5.338810 25.275017 -5.196151
v -15.649244 36.136036 -5.974349
v -6.070746 24.193092 -3.312263
v -12.666819 37.955082 -10.268263
v -5.356914 25.265980 -5.108243
v -11.470301 36.538383 -10.497968
v -13.998209 38.734081 -9.613314
v -15.534460 34.454185 -4.148635
v -14.526546 32.130283 -2.775683
v -14.427422 31.654194 -2.425843
v -14.777967 32.595558 -3.057232
v -5.299839 25.275789 -5.191710
v -5.662212 24.730040 -4.194516
v -15.959307 38.462173 -7.491362
v -11.992960 37.105427 -10.155399
v -15.444557 34.467354 -4.254241
v -5.557659 24.256355 -3.796124
v -15.126434 33.524891 -3.568316
v -15.133444 33.016582 -2.914859
v -15.251678 34.003006 -3.962724
v -15.157064 33.532143 -3.653434
v -5.166335 24.807133 -4.833561
v -11.692316 37.249310 -10.588840
v -16.019890 37.488323 -6.579284
v -5.411226 25.238865 -4.844519
v -14.735439 32.589062 -2.976258
v -13.208303 38.488903 -9.403689
v -14.891052 32.549229 -2.612858
v -15.393198 36.480331 -6.220876
v -15.481186 35.927101 -5.606586
v -5.255337 24.769075 -4.467391
v -5.749903 24.702618 -3.939188
v -5.182928 25.278107 -5.178386
v -14.641472 32.092186 -2.417276
v -15.324083 33.485531 -3.225550
v -15.855947 36.659710 -5.922905
v -5.715737 24.218109 -3.451785
v -13.592503 38.765545 -9.800459
v -15.453711 33.955944 -3.543518
v -15.369833 37.073227 -6.700999
v -11.172640 36.743187 -10.677177
v -14.886755 33.042095 -3.099990
v -6.013330 24.182240 -3.180074
v -5.779134 24.693480 -3.854085
v -12.641787 37.547726 -9.836455
v -16.036047 38.427433 -7.163769
v -5.818469 24.684381 -3.773120
v -15.317772 34.464344 -4.179656
v -15.648630 36.098747 -5.593754
v -5.874585 24.190039 -3.213858
v -15.187660 38.923527 -7.437158
v -5.465539 25.211754 -4.580797
v -12.222309 37.981766 -10.394734
v -15.034552 33.503136 -3.312976
v -14.433310 32.108089 -2.515683
v -11.112043 36.559055 -10.585093
v -15.514116 34.427700 -3.867352
v -5.936477 24.657087 -3.530203
v -15.196383 33.979324 -3.698995
v -5.085170 25.270939 -5.072784
v -5.369121 24.730804 -4.107093
v -11.560505 37.130810 -10.265045
v -14.607861 32.569569 -2.733331
v -5.483646 25.202717 -4.492897
v -14.855875 33.034847 -3.014880
v -16.032555 37.452831 -6.220782
v -14.493807 32.093475 -2.383491
v -5.513168 25.193575 -4.407794
v -15.399729 36.691494 -5.887214
v -15.177950 33.971432 -3.611082
v -10.981298 36.788857 -10.479256
v -11.241474 37.272179 -10.670704
v -13.167963 38.795628 -9.967382
v -6.022150 24.629208 -3.270211
v -5.266316 25.711132 -5.154103
v -15.498690 34.893475 -4.106280
v -15.183771 33.455875 -2.872507
v -5.284527 25.702095 -5.066195
v -15.644606 36.062149 -5.218347
v -14.813463 33.028351 -2.933906
v -15.345999 38.505539 -6.843560
v -15.294006 39.491901 -8.503801
v -15.852148 36.623589 -5.552307
v -16.086987 38.392502 -6.826352
v -14.967550 32.988518 -2.570506
v -15.029385 39.526070 -8.757134
v -5.601726 25.166155 -4.152466
v -15.409670 34.906643 -4.211885
v -5.227343 25.711906 -5.149661
v -10.734890 36.763737 -10.736115
v -15.227476 34.442291 -3.920370
v -15.515749 39.457569 -8.235046
v -5.506232 24.692471 -3.754073
v -14.184252 38.623318 -8.801007
v -14.722784 32.531475 -2.374924
v -15.481930 35.889771 -5.225623
v -14.723520 39.559929 -8.994076
v -12.126925 37.620777 -9.996475
v -14.942671 33.481380 -3.057639
v -5.103658 25.243248 -4.791512
v -15.147776 33.964180 -3.525965
v -15.339710 33.924820 -3.183197
v -11.768530 38.006588 -10.498880
v -5.339155 25.674980 -4.802470
v -15.696436 39.423122 -7.951959
v -10.702751 36.578823 -10.644787
v -5.690283 25.138737 -3.897138
v -5.192800 25.205191 -4.425341
v -11.123629 37.067425 -10.365507
v -15.426668 34.395229 -3.501164
v -14.680384 38.681057 -8.326879
v -13.548882 38.598728 -9.209211
v -5.110423 25.714222 -5.136337
v -5.665219 24.654222 -3.409734
v -14.514622 32.547375 -2.473331
v -16.036325 37.416992 -5.856441
v -5.964482 24.618357 -3.138022
v -15.848106 36.587227 -5.178753
v -5.719802 25.129595 -3.812035
v -14.378042 39.593311 -9.213657
v -15.390348 37.959255 -6.311783
v -15.399445 36.584778 -5.517949
v -12.730568 38.824066 -10.113388
v -15.284651 34.903637 -4.137300
v -14.686232 33.008858 -2.690979
v -15.837894 39.388603 -7.655629
v -5.824997 24.626154 -3.171806
v -5.759491 25.120499 -3.731069
v -14.912043 33.474129 -2.972528
v -16.117109 38.357315 -6.480423
v -15.173437 34.418613 -3.656642
v -15.045107 38.700748 -7.786263
v -5.393785 25.647869 -4.538748
v -14.575119 32.532768 -2.341139
v -15.392830 37.061298 -6.046197
v -15.479252 34.866985 -3.824998
v -15.629663 36.026295 -4.845720
v -10.785101 37.292992 -10.729388
v -5.878559 25.093203 -3.488152
v -15.057255 33.942425 -3.270625
v -5.307005 25.166920 -4.065043
v -5.012654 25.707052 -5.030736
v -14.869980 33.467636 -2.891554
v -15.155422 34.410717 -3.568730
v -5.411997 25.638828 -4.450848
v -15.019491 33.427803 -2.528154
v -14.000463 39.625904 -9.415049
v -10.287754 36.782032 -10.768281
v -15.458136 35.854919 -4.860213
v -15.944595 39.353996 -7.347250
v -14.799936 32.970764 -2.332572
v -5.441820 25.629692 -4.365746
v -15.493193 35.332756 -4.063924
v -5.965007 25.065323 -3.228160
v -12.823071 38.899532 -9.488817
v -11.307287 38.029461 -10.580332
v -5.184207 26.147249 -5.112054
v -10.719610 37.086960 -10.424644
v -15.405058 35.345928 -4.169529
v -15.401443 36.175400 -4.946094
v -5.202451 26.138210 -5.024146
v -15.196089 34.881577 -3.878016
v -16.035406 37.380871 -5.487710
v -10.266880 36.595936 -10.667484
v -5.531284 25.602274 -4.110416
v -5.444883 25.128586 -3.712023
v -15.837227 36.551041 -4.803720
v -15.201668 33.895161 -2.830155
v -5.145224 26.148022 -5.107613
v -15.125933 34.403465 -3.483614
v -12.282068 38.850758 -10.237939
v -14.593121 32.986664 -2.430978
v -10.417110 36.813622 -10.535815
v -15.315254 34.364105 -3.140845
v -16.132595 38.321819 -6.127365
v -15.398565 36.582664 -5.145166
v -5.031139 25.679363 -4.749463
v -11.293955 37.576344 -10.209970
v -13.598288 39.657368 -9.597416
v -14.743792 33.448143 -2.648626
v -16.021017 39.319260 -7.028018
v -5.257186 26.111097 -4.760422
v -15.596300 35.991261 -4.473463
v -14.966732 33.920670 -3.015287
v -15.393860 34.834518 -3.458811
v -5.620748 25.574852 -3.855087
v -14.653074 32.972057 -2.298786
v -5.120387 25.641308 -4.383292
v -15.270767 38.632137 -7.194996
v -5.605050 25.090340 -3.367682
v -5.028274 26.150339 -5.094289
v -5.906838 25.054472 -3.095970
v -15.281544 35.342918 -4.094945
v -10.325010 37.311680 -10.764711
v -15.398752 35.821579 -4.496284
v -5.650569 25.565712 -3.769984
v -14.936558 33.913418 -2.930176
v -5.766152 25.062271 -3.129754
v -15.143339 34.857899 -3.614288
v -15.474287 35.306274 -3.782643
v -5.690725 25.556614 -3.689018
v -5.311920 26.083984 -4.496700
v -15.037464 34.381710 -3.228274
v -14.853830 33.410049 -2.290220
v -9.838688 36.797562 -10.771143
v -16.034004 37.344509 -5.116038
v -5.811191 25.529318 -3.446100
v -15.374910 38.357914 -6.609098
v -11.735807 38.935921 -9.821131
v -12.494160 39.372982 -9.516550
v -15.412952 35.675392 -4.137762
v -15.125755 34.850002 -3.526378
v -10.840387 38.050278 -10.638720
v -5.234907 25.603037 -4.022993
v -15.812906 36.515438 -4.428687
v -16.072479 39.284332 -6.699212
v -16.139614 38.285984 -5.768557
v -13.177443 39.687454 -9.760080
v -4.930477 26.143169 -4.988687
v -11.824217 38.875580 -10.340503
v -5.330167 26.074947 -4.408799
v -10.289013 37.103836 -10.446783
v -14.895121 33.906921 -2.849201
v -15.500420 35.662220 -4.032158
v -5.360250 26.065807 -4.323696
v -14.651066 33.425949 -2.388626
v -9.828880 36.608635 -10.643612
v -16.025087 37.308323 -4.742893
v -15.411373 35.794304 -4.219451
v -5.898656 25.501438 -3.186108
v -15.412500 38.416012 -5.998194
v -15.194315 35.320869 -3.835661
v -15.040039 33.867088 -2.485802
v -15.180334 34.334450 -2.787803
v -15.374966 36.548244 -4.784199
v -5.101771 26.583368 -5.070006
v -15.096966 34.842751 -3.441262
v -5.120036 26.574329 -4.982098
v -15.160721 40.317692 -8.297422
v -14.115631 40.046520 -8.615684
v -5.373494 25.564701 -3.669972
v -5.450490 26.038387 -4.068367
v -14.709383 33.411343 -2.256433
v -15.285015 34.803391 -3.098492
v -15.561022 35.892361 -4.104039
v -14.904236 40.351856 -8.541540
v -15.375650 40.283352 -8.038443
v -5.062916 26.584139 -5.065564
v -15.290470 35.672382 -4.063178
v -14.948997 34.359955 -2.972936
v -15.415583 35.785213 -4.127173
v -15.390320 35.273804 -3.416458
v -4.948952 26.115479 -4.707415
v -15.481771 35.635738 -3.750877
v -14.648668 40.035645 -8.171192
v -14.607771 40.385708 -8.769862
v -15.550785 40.248901 -7.765653
v -9.863010 37.328159 -10.776486
v -16.104309 39.249138 -6.362113
v -15.502831 35.772041 -4.021569
v -13.689791 40.049625 -8.879451
v -5.174831 26.547218 -4.718373
v -15.298422 35.935661 -4.067622
v -12.743860 39.715893 -9.902360
v -5.540730 26.010967 -3.813037
v -14.770800 33.887432 -2.606274
v -5.038235 26.077425 -4.341242
v -16.142071 38.249859 -5.405426
v -14.919508 34.352707 -2.887824
v -5.534936 25.526455 -3.325631
v -15.771206 36.480671 -4.055133
v -5.839809 25.490587 -3.053918
v -4.946350 26.586456 -5.052240
v -15.031946 40.007923 -7.668482
v -15.142498 35.297188 -3.571935
v -15.425732 38.555244 -5.320013
v -15.351398 36.429176 -4.457992
v -5.570809 26.001827 -3.727934
v -9.384713 36.812492 -10.765966
v -5.697589 25.498386 -3.087702
v -15.293446 35.782204 -4.052589
v -11.358831 38.898453 -10.420717
v -15.687895 40.214394 -7.480102
v -14.272913 40.419102 -8.981457
v -10.369680 38.068958 -10.673864
v -15.010611 34.820999 -3.185923
v -5.611536 25.992729 -3.646967
v -16.001617 37.272720 -4.369744
v -15.540247 35.920914 -3.726350
v -15.484266 35.745560 -3.740289
v -15.125223 35.289291 -3.484026
v -5.229628 26.520102 -4.454651
v -15.204088 35.650330 -3.803895
v -5.733713 25.965435 -3.404049
v -10.816387 38.636852 -10.044926
v -14.877275 33.849335 -2.247867
v -14.879009 34.346210 -2.806849
v -5.152861 26.039154 -3.980943
v -9.371494 36.625698 -10.658224
v -15.313349 36.396057 -4.112721
v -4.848936 26.579285 -4.946639
v -5.247895 26.511065 -4.366750
v -16.122379 39.213646 -6.018064
v -15.791420 40.179783 -7.182940
v -9.878700 37.326820 -10.413219
v -15.022356 34.306377 -2.443450
v -13.906937 40.451694 -9.175522
v -14.735828 33.850628 -2.214081
v -5.822438 25.937553 -3.144056
v -5.278193 26.501926 -4.281647
v -15.153183 34.773739 -2.745451
v -14.679178 33.865238 -2.346273
v -15.398642 35.603268 -3.384692
v -15.096947 35.282040 -3.398911
v -12.299267 39.742580 -10.023733
v -16.143867 38.213501 -5.039399
v -15.207346 35.760151 -3.793306
v -15.283279 35.242680 -3.056140
v -9.273335 36.891140 -10.525484
v -5.028302 27.019485 -5.027957
v -5.046628 27.010447 -4.940049
v -14.924253 34.799244 -2.930584
v -5.291940 26.000818 -3.627921
v -15.372650 36.960464 -4.645208
v -5.369082 26.474504 -4.026317
v -4.989856 27.020256 -5.023516
v -10.642179 39.220345 -11.991454
v -10.309720 38.918163 -12.063234
v -10.573253 39.046833 -11.504925
v -15.325005 39.920059 -6.943359
v -12.061924 39.037598 -9.717084
v -15.152836 35.626648 -3.540170
v -15.428936 38.872505 -5.680399
v -14.757511 34.326717 -2.563921
v -15.865805 40.145046 -6.875320
v -15.959717 37.237953 -3.998065
v -15.456753 35.888443 -3.360166
v -14.895468 34.791996 -2.845472
v -4.867539 26.551598 -4.665365
v -10.887741 38.919266 -10.478220
v -15.401415 35.713093 -3.374104
v -13.517124 40.483154 -9.351255
v -5.101606 26.983334 -4.676325
v -10.553958 38.673191 -11.463905
v -10.676276 38.684349 -10.985098
v -10.679884 38.787655 -11.436716
v -15.708185 36.446987 -3.684536
v -10.063044 38.926620 -12.063270
v -10.223229 38.806492 -11.562698
v -10.397843 38.602337 -11.481359
v -10.550350 38.569889 -11.012287
v -5.459970 26.447083 -3.770987
v -5.454583 25.962570 -3.283579
v -9.897024 38.085442 -10.685579
v -4.956860 26.513542 -4.299193
v -10.305721 38.803665 -11.562687
v -10.369816 38.861923 -11.548848
v -8.922219 36.824440 -10.726854
v -10.476768 38.959137 -11.525757
v -16.132566 39.177811 -5.668413
v -5.762811 25.926704 -3.011867
v -9.463106 37.219292 -10.432798
v -15.135754 35.618759 -3.452262
v -13.934385 40.470669 -8.674553
v -4.874516 27.022575 -5.010191
v -15.012115 35.260288 -3.143572
v -12.966570 40.217644 -9.189195
v -9.400927 37.342373 -10.764711
v -10.638180 39.105846 -11.490907
v -10.759688 38.831200 -10.950839
v -10.763295 38.934505 -11.402454
v -10.663292 39.150059 -11.480593
v -10.171394 37.680222 -10.314514
v -15.421217 39.760303 -6.353008
v -5.490267 26.437943 -3.685883
v -14.751797 40.494915 -8.012745
v -5.618852 25.934502 -3.045650
v -10.844276 39.468697 -11.406258
v -10.862394 39.608055 -11.901007
v -10.226823 38.582020 -11.487375
v -10.394236 38.499031 -11.029743
v -10.738802 39.283005 -11.449579
v -14.516863 40.527458 -8.243221
v -15.231457 36.364910 -3.761160
v -15.433002 38.653400 -4.921564
v -5.531471 26.428844 -3.604916
v -15.156282 35.736473 -3.529582
v -14.946081 40.461861 -7.773015
v -14.863058 34.288624 -2.205515
v -14.855936 34.785500 -2.764497
v -10.245561 39.118603 -11.364481
v -11.845402 39.767406 -10.123678
v -8.874910 36.637840 -10.607744
v -5.156586 26.956219 -4.412602
v -14.227808 40.561398 -8.460792
v -10.468805 39.797913 -11.860720
v -15.916553 40.110119 -6.558475
v -15.333612 36.877880 -4.197474
v -16.137505 38.177315 -4.671918
v -5.655082 26.401550 -3.361998
v -15.107784 35.611504 -3.367148
v -15.292667 35.572144 -3.024376
v -10.792420 38.996078 -10.912863
v -10.796028 39.099384 -11.364481
v -10.059045 38.812122 -11.562722
v -9.893317 39.043369 -12.037919
v -9.900502 39.056541 -12.034849
v -15.180235 36.011395 -3.583668
v -14.998825 34.745667 -2.401098
v -5.071600 26.475269 -3.938893
v -14.724182 34.289913 -2.171729
v -15.153627 35.213020 -2.703099
v -4.778330 27.015404 -4.904590
v -11.232891 38.876328 -9.932884
v -10.223215 38.478710 -11.035757
v -10.057636 38.614216 -11.481359
v -16.115488 38.141712 -4.304423
v -14.668182 34.304527 -2.303921
v -5.174913 26.947180 -4.324701
v -15.622765 36.414520 -3.318351
v -15.139261 35.728580 -3.441674
v -10.854349 39.486435 -11.402121
v -5.744917 26.373671 -3.102005
v -5.205387 26.938042 -4.239597
v -15.895491 37.204269 -3.629329
v -14.927288 35.238529 -2.888233
v -16.138386 39.141685 -5.314551
v -13.595985 40.536800 -8.856426
v -4.964260 27.455601 -4.985909
v -10.240477 39.300404 -11.449579
v -10.058653 38.812393 -11.562664
v -15.111813 40.514263 -7.492904
v -15.350317 35.857323 -2.999849
v -8.940585 37.354256 -10.729389
v -15.111397 35.721329 -3.356560
v -14.986919 40.910023 -8.101467
v -10.403876 39.768440 -11.867981
v -4.982667 27.446560 -4.898001
v -15.295795 35.681969 -3.013788
v -10.948812 40.043343 -11.800743
v -10.537166 39.856018 -11.846882
v -10.774877 39.266136 -11.326502
v -10.771269 39.162830 -10.874886
v -5.211017 26.436935 -3.585870
v -14.744741 40.943016 -8.328854
v -15.193947 40.874985 -7.844061
v -10.323053 39.758835 -11.870823
v -5.296801 26.910620 -3.984267
v -14.737335 34.766006 -2.521569
v -4.926435 27.456375 -4.981468
v -15.023884 35.589752 -3.111809
v -13.109217 40.513241 -9.508003
v -10.054029 38.510910 -11.029743
v -9.923826 38.905132 -11.542526
v -9.896503 38.942043 -11.534302
v -14.899012 35.231281 -2.803120
v -15.949167 40.074924 -6.233638
v -10.477654 39.801929 -11.859730
v -10.243098 39.774055 -11.867981
v -9.906845 38.695789 -11.463903
v -15.457455 40.141342 -6.101682
v -15.360434 40.842121 -7.593705
v -9.662971 40.186623 -11.778240
v -14.452227 40.977951 -8.557909
v -10.241953 39.015301 -10.912863
v -4.797341 26.987713 -4.623317
v -10.775168 39.651726 -11.364943
v -5.037889 27.419449 -4.634276
v -8.488854 36.833931 -10.672636
v -10.171835 39.812607 -11.859730
v -11.384069 39.790276 -10.201844
v -9.889318 38.928871 -11.537372
v -15.180393 36.341232 -3.497436
v -5.388214 26.883198 -3.728937
v -9.012330 37.231701 -10.401399
v -15.397360 38.244400 -4.331272
v -4.886777 26.949657 -4.257143
v -5.374371 26.398689 -3.241528
v -15.321909 40.451050 -6.982815
v -10.701912 39.418453 -11.292244
v -5.684794 26.362820 -2.969815
v -4.812963 27.458691 -4.968143
v -9.616241 37.738041 -10.308300
v -15.235907 40.482830 -7.245535
v -9.674131 39.825401 -11.860779
v -15.388950 40.329983 -6.691814
v -15.491674 40.808285 -7.323018
v -15.137678 36.327461 -3.344932
v -13.222170 40.568810 -9.029260
v -16.074091 38.106945 -3.938370
v -15.027803 35.699574 -3.101221
v -10.576584 39.925423 -11.830690
v -14.842861 34.727909 -2.163163
v -5.418685 26.874060 -3.643832
v -9.788759 39.191292 -12.004917
v -9.784760 39.076794 -11.504370
v -14.860176 35.224785 -2.722144
v -15.164310 35.542488 -2.671336
v -9.825459 39.027714 -11.515272
v -5.539638 26.370617 -3.003599
v -10.698304 39.315147 -10.840626
v -5.460077 26.864964 -3.562865
v -16.143356 39.105328 -4.957867
v -10.592053 40.003338 -11.812744
v -8.484395 36.647278 -10.566930
v -9.789210 38.818756 -11.436714
v -9.903237 38.592487 -11.012287
v -15.513874 36.383396 -2.958034
v -5.093110 27.392334 -4.370554
v -15.001833 35.184952 -2.358746
v -10.582057 40.082146 -11.794796
v -5.584257 26.837666 -3.319946
v -15.969131 40.039433 -5.902104
v -14.706205 34.729206 -2.129376
v -10.584277 39.541416 -11.265057
v -15.808098 37.171799 -3.264983
v -10.475099 39.728748 -11.539818
v -14.939980 35.567993 -2.856469
v -14.122160 41.011143 -8.759010
v -14.650488 34.743813 -2.261569
v -9.424281 38.099651 -10.673864
v -12.688959 40.541676 -9.645106
v -10.581014 40.084324 -11.794306
v -10.401320 39.695263 -11.548067
v -10.534610 39.782841 -11.526968
v -5.001860 26.911385 -3.896843
v -15.588980 40.774277 -7.040033
v -4.718650 27.451523 -4.862541
v -15.434599 40.294735 -6.384514
v -10.769638 39.493362 -10.672644
v -10.446342 39.843575 -11.834772
v -10.491852 39.849850 -11.666267
v -10.493117 39.886086 -11.824673
v -5.111520 27.383297 -4.282652
v -8.411272 36.910713 -10.422764
v -10.388355 39.817249 -11.841257
v -10.445077 39.807339 -11.676367
v -15.221403 35.827667 -2.646809
v -10.320498 39.685658 -11.550911
v -10.386921 39.036079 -9.997456
v -10.574028 39.852245 -11.510778
v -10.892968 40.483597 -11.700480
v -10.522836 39.904404 -11.653543
v -10.524101 39.940636 -11.811949
v -15.167873 35.652309 -2.660748
v -10.324829 39.809704 -11.843491
v -10.387090 39.781017 -11.682852
v -10.637339 39.795799 -11.333086
v -9.716245 38.971073 -11.402456
v -5.142179 27.374157 -4.197548
v -5.674657 26.809788 -3.059953
v -10.331790 40.009018 -11.797842
v -15.043209 36.301918 -3.052735
v -14.912012 35.560749 -2.771356
v -10.848819 39.328072 -10.709824
v -10.534993 39.965641 -11.639437
v -10.536259 40.001877 -11.797842
v -4.910109 27.891716 -4.943861
v -10.300191 38.645302 -10.870390
v -10.364285 38.703560 -10.856550
v -10.234946 39.142040 -10.757282
v -10.323564 39.773468 -11.685085
v -10.261987 39.821663 -11.841257
v -10.471237 38.800774 -10.833458
v -9.726904 39.157257 -11.486425
v -14.743675 35.205296 -2.479216
v -10.240542 39.700878 -11.548067
v -10.433486 39.622990 -11.247599
v -15.448381 39.771168 -5.948262
v -10.589498 39.930161 -11.492830
v -10.567722 38.888470 -10.812628
v -9.635125 39.404968 -11.957266
v -10.580669 39.438114 -10.813438
v -4.928596 27.882679 -4.855952
v -10.632649 38.947483 -10.798610
v -10.217699 38.648129 -10.870401
v -10.657762 38.991695 -10.788296
v -9.785603 38.715454 -10.985098
v -14.944210 35.677818 -2.845881
v -8.591680 37.241146 -10.350953
v -5.141519 26.873051 -3.543819
v -5.234156 27.346737 -3.942217
v -10.527137 40.027584 -11.625330
v -10.528402 40.063816 -11.783735
v -12.201675 40.309338 -9.431309
v -13.770643 41.044277 -8.952543
v -4.873051 27.892490 -4.939419
v -10.260721 39.785431 -11.682852
v -10.733272 39.124641 -10.757282
v -10.579501 40.008968 -11.474884
v -10.205975 39.851967 -11.834772
v -15.653656 40.740948 -6.752791
v -10.330524 39.972782 -11.639437
v -9.673923 39.828659 -11.860037
v -10.547576 40.154129 -11.778606
v -9.695095 39.137829 -11.364481
v -10.053514 38.653759 -10.870424
v -16.009583 38.073257 -3.575216
v -10.169278 39.739429 -11.539818
v -10.501300 40.120392 -11.771009
v -8.041208 36.840706 -10.585098
v -14.873602 35.554249 -2.690380
v -15.981926 40.003593 -5.565173
v -15.303789 38.179195 -3.664722
v -15.419380 38.363468 -4.646807
v -10.838746 39.310333 -10.713961
v -4.738305 27.423828 -4.581268
v -14.972729 35.951164 -2.890531
v -14.849422 40.821053 -7.896069
v -10.329353 39.939247 -11.492830
v -10.460662 39.891380 -11.312634
v -8.483798 37.363770 -10.670704
v -10.500034 40.084156 -11.612606
v -10.204709 39.815731 -11.676367
v -4.984056 27.855564 -4.592228
v -10.264298 39.655193 -11.241583
v -10.162281 39.897640 -11.824673
v -10.053123 38.654030 -10.870365
v -10.545020 40.080948 -11.458694
v -10.491982 40.212238 -11.765757
v -10.457604 40.166069 -11.760912
v -16.139668 39.069141 -4.599762
v -10.631808 39.637436 -10.640789
v -5.326131 27.319317 -3.686887
v -15.014038 35.514416 -2.326982
v -4.827935 27.385773 -4.215094
v -14.848352 35.167198 -2.120810
v -5.304681 26.834805 -3.199476
v -4.761878 27.894806 -4.926095
v -9.631126 39.290470 -11.456718
v -14.916346 35.670567 -2.760768
v -16.119507 39.033535 -4.241638
v -12.258030 40.568367 -9.762064
v -15.381990 36.353737 -2.604995
v -5.614712 26.798935 -2.927763
v -10.135178 39.954216 -11.811949
v -14.358887 40.887299 -8.347979
v -9.727827 39.302700 -11.326502
v -14.634918 41.130943 -8.156544
v -8.020981 36.653061 -10.462358
v -10.116242 39.870716 -11.846882
v -10.113687 39.797535 -11.526970
v -9.918296 38.746769 -10.850229
v -10.456339 40.129837 -11.602507
v -10.401594 40.196369 -11.754427
v -10.161016 39.861404 -11.666267
v -10.420721 40.250793 -11.757507
v -15.696695 37.140678 -2.906475
v -10.429878 39.519688 -10.795982
v -5.356790 27.310173 -3.601782
v -14.856251 41.101498 -7.958339
v -10.093279 39.634869 -11.247599
v -15.058069 41.064323 -7.683363
v -10.127321 40.016155 -11.797842
v -5.469646 26.806736 -2.961547
v -9.712638 38.867764 -10.950839
v -14.658501 35.183098 -2.219216
v -5.398126 27.301079 -3.520814
v -10.338750 40.208332 -11.752193
v -9.634012 39.321583 -11.449579
v -13.380882 41.076473 -9.125311
v -15.707375 40.705040 -6.438460
v -10.262432 39.929108 -11.305586
v -14.878077 35.664070 -2.679792
v -9.811238 39.449558 -11.292244
v -10.139480 40.077396 -11.783735
v -15.184530 40.793465 -7.390491
v -10.340764 40.266014 -11.754665
v -5.039518 27.828453 -4.328506
v -10.400329 40.160133 -11.596022
v -9.937164 39.564014 -11.265055
v -10.133912 39.917984 -11.653543
v -10.275226 40.200783 -11.754427
v -9.883788 38.770508 -10.845075
v -8.953321 38.111538 -10.638720
v -15.070478 35.799595 -2.302456
v -10.081759 39.942703 -11.830690
v -10.079204 39.869526 -11.510778
v -10.170463 40.131947 -11.771009
v -15.213696 41.036263 -7.476836
v -10.489427 40.139061 -11.445845
v -12.860519 40.804554 -9.133400
v -9.890973 38.783680 -10.842003
v -10.217237 40.174461 -11.760912
v -5.522130 27.273785 -3.277894
v -14.328739 41.169132 -8.407454
v -15.018108 35.624241 -2.316394
v -9.651480 39.509838 -11.406374
v -14.758373 35.534760 -2.447452
v -11.386404 40.264164 -9.626459
v -10.126056 39.979919 -11.639437
v -13.984232 41.201752 -8.595282
v -4.943548 27.347500 -3.854793
v -4.669887 27.887634 -4.820493
v -10.337484 40.172096 -11.593788
v -10.076097 39.987347 -11.820524
v -10.030718 39.499500 -9.910673
v -9.819928 38.869350 -10.822973
v -5.058007 27.819412 -4.240603
v -15.990582 39.967468 -5.224181
v -14.713652 35.168488 -2.087024
v -10.138214 40.041164 -11.625330
v -9.691487 39.034523 -10.912863
v -10.062053 39.905300 -11.312634
v -15.326948 40.750381 -7.042562
v -10.273960 40.164547 -11.596022
v -9.655611 39.554394 -11.396151
v -10.418165 40.177612 -11.437595
v -9.884821 38.713436 -10.568303
v -9.888777 38.720776 -10.567012
v -15.339128 41.004425 -7.226159
v -5.088922 27.810272 -4.155499
v -10.260691 39.551888 -10.789967
v -10.169197 40.095711 -11.612606
v -15.473301 39.794235 -5.298451
v -10.455132 39.733017 -10.620337
v -14.959614 36.280163 -2.797395
v -10.071765 40.021507 -11.812744
v -10.069209 39.948330 -11.492830
v -10.215971 40.138229 -11.602507
v -5.612667 27.245903 -3.017901
v -15.921402 38.040794 -3.216385
v -4.859533 28.327835 -4.901812
v -9.779230 38.918430 -10.812073
v -9.731595 39.688168 -11.364943
v -15.360857 38.211281 -3.996673
v -9.879139 39.822277 -11.333086
v -4.878040 28.318794 -4.813904
v -14.904512 36.269497 -2.671269
v -8.763215 37.706772 -10.251905
v -10.087233 40.099426 -11.794796
v -10.084677 40.026249 -11.474884
v -10.259942 40.256409 -11.757507
v -10.338208 40.192833 -11.434752
v -16.079359 38.998768 -3.884915
v -15.733862 40.669685 -6.120639
v -14.763271 35.644581 -2.436864
v -9.724219 39.199394 -10.874886
v -4.823197 28.328602 -4.897370
v -5.181659 27.782852 -3.900168
v -14.862106 35.496658 -2.089046
v -11.818115 40.593189 -9.858375
v -5.083447 27.309166 -3.501768
v -10.108559 40.136974 -11.786036
v -12.999599 41.105816 -9.274513
v -9.721374 38.998894 -10.794128
v -9.223910 39.040077 -9.988987
v -13.492996 40.934097 -8.864061
v -10.186164 40.222916 -11.765757
v -10.257386 40.183228 -11.437595
v -10.089671 39.531567 -10.795982
v -10.126653 40.168827 -11.778605
v -10.124097 40.095646 -11.458694
v -8.170870 37.247761 -10.270096
v -10.183608 40.149738 -11.445845
v -15.426468 40.972237 -6.960130
v -7.619293 36.845501 -10.486231
v -15.216522 38.145847 -3.310048
v -4.690372 27.859947 -4.539219
v -12.472515 40.831768 -9.257930
v -9.807631 39.346252 -10.840626
v -15.467815 40.943130 -6.707545
v -15.227587 36.325665 -2.260641
v -8.032375 37.370869 -10.588841
v -4.933559 28.291683 -4.550179
v -10.700335 40.885723 -11.610031
v -15.478868 40.352829 -5.793949
v -9.933557 39.460709 -10.813438
v -15.561764 37.111019 -2.555208
v -14.674152 35.512566 -2.187452
v -12.088551 40.735653 -9.392092
v -5.274396 27.755432 -3.644836
v -4.780284 27.821888 -4.173045
v -4.714187 28.330925 -4.884047
v -9.625596 39.132107 -10.764421
v -14.866690 35.606483 -2.078458
v -10.256902 39.770744 -10.613289
v -5.245935 27.270920 -3.157425
v -15.998133 39.931110 -4.880470
v -5.553595 27.235054 -2.885711
v -15.452477 40.644318 -6.466599
v -9.458924 38.968647 -10.512831
v -9.646785 39.960106 -11.830185
v -5.305308 27.746292 -3.559731
v -7.639519 36.658272 -10.380909
v -9.623744 39.922958 -11.518925
v -5.409742 27.242851 -2.919495
v -14.775957 36.247173 -2.399597
v -14.728769 35.497952 -2.055260
v -5.346380 27.737194 -3.478763
v -9.628482 39.163219 -10.757282
v -13.644573 41.236485 -8.803925
v -15.761826 40.633968 -5.799929
v -4.989079 28.264565 -4.286457
v -8.485994 38.121052 -10.580331
v -9.650081 39.396030 -10.703852
v -9.598311 40.036285 -11.813145
v -5.469594 27.709900 -3.235843
v -14.679369 35.622383 -2.176864
v -12.583950 41.134422 -9.405889
v -7.580898 36.920448 -10.229876
v -9.645949 39.351475 -10.714077
v -4.624373 28.323753 -4.778444
v -14.865290 35.711788 -1.985351
v -13.221432 41.270893 -8.982915
v -10.056522 39.746937 -10.620337
v -4.896573 27.783619 -3.812742
v -15.808994 38.009666 -2.863304
v -16.015709 38.965084 -3.531016
v -5.007587 28.255527 -4.198555
v -9.542585 40.097069 -11.799686
v -15.498575 40.316624 -5.469562
v -14.671398 35.772015 -2.152912
v -15.089424 38.108944 -2.907277
v -5.038708 28.246387 -4.113450
v -14.733809 35.607777 -2.044672
v -11.682743 40.759369 -9.478975
v -5.559957 27.682018 -2.975849
v -4.806223 28.763947 -4.859764
v -9.873609 39.663914 -10.640789
v -7.761159 37.252598 -10.177031
v -9.516698 40.125301 -11.793434
v -9.726065 39.529804 -10.672646
v -15.473944 39.648285 -4.445874
v -15.533115 40.904270 -6.373485
v -9.555218 40.011097 -11.499310
v -15.540583 40.868450 -6.048757
v -4.824628 28.754910 -4.771855
v -11.370962 40.616062 -9.933699
v -9.459750 40.157383 -11.786551
v -4.770371 28.764721 -4.855322
v -5.132063 28.218967 -3.858118
v -5.036808 27.745281 -3.459717
v -15.774395 40.597134 -5.464097
v -15.052494 36.299286 -1.926313
v -10.389765 41.210361 -11.538252
v -14.689238 35.603691 -1.986133
v -9.514269 40.055759 -11.489420
v -15.403793 37.082947 -2.212583
v -7.188222 36.847294 -10.352823
v -10.833101 40.715824 -9.621986
v -15.978670 39.859322 -4.190303
v -9.615074 39.674679 -10.433563
v -4.645622 28.296062 -4.497170
v -15.996765 39.894924 -4.535394
v -4.879846 28.727795 -4.508131
v -7.588089 37.375538 -10.484169
v -4.735689 28.258003 -4.130995
v -9.215087 40.223080 -11.773478
v -11.250319 40.695984 -9.574119
v -5.225418 28.191547 -3.602786
v -4.662816 28.767036 -4.841998
v -12.180704 41.160500 -9.517872
v -15.505276 40.244690 -5.125043
v -9.565613 39.151527 -9.983471
v -7.195252 36.658798 -10.228612
v -5.198560 27.707035 -3.115373
v -14.555525 35.591446 -1.810520
v -5.502475 27.671169 -2.843659
v -8.983736 38.980526 -10.478220
v -12.745474 41.085140 -9.145419
v -5.256536 28.182407 -3.517681
v -9.239670 40.146286 -11.470905
v -9.662331 39.488663 -10.386756
v -9.662149 39.491486 -10.386050
v -12.884911 41.298004 -9.122971
v -15.928297 38.932610 -3.181331
v -5.360794 27.678967 -2.877443
v -5.297382 28.173309 -3.436712
v -9.832683 39.872471 -10.386580
v -9.841352 40.120750 -11.471941
v -9.365682 40.483204 -11.392828
v -4.935063 28.700684 -4.244409
v -15.672848 37.980007 -2.517354
v -8.024160 38.128155 -10.498880
v -15.789650 40.562424 -5.148529
v -5.419920 28.146015 -3.193792
v -14.683994 35.753178 -1.683021
v -15.437654 39.565701 -4.017111
v -14.647484 36.220894 -2.081059
v -9.988542 40.379887 -11.411486
v -4.574441 28.759869 -4.736396
v -4.852328 28.219734 -3.770692
v -9.979872 40.131611 -10.326124
v -4.953470 28.691643 -4.156506
v -14.983818 38.085773 -2.645702
v -9.347632 40.534138 -11.701263
v -9.342941 40.529873 -11.702276
v -9.425058 40.604507 -11.684546
v -15.940554 39.824554 -3.846567
v -9.241139 40.483662 -11.713659
v -9.267211 40.427059 -11.406458
v -9.453336 40.654297 -11.672932
v -4.984634 28.682503 -4.071400
v -15.521076 40.211224 -4.824471
v -8.390444 39.057442 -9.876936
v -7.932686 37.719803 -10.095200
v -5.510275 28.118137 -2.933797
v -9.479451 40.700272 -11.662207
v -15.522373 40.608093 -5.653596
v -15.589447 40.832050 -5.731981
v -4.754270 29.200066 -4.817715
v -9.164162 40.474518 -11.716368
v -9.556211 39.962437 -11.303604
v -9.747838 39.983276 -10.568739
v -9.753368 40.141640 -11.261036
v -12.446926 41.327126 -9.248964
v -4.772554 29.191025 -4.729807
v -9.311791 39.851494 -11.330935
v -9.550681 39.804073 -10.611307
v -9.129616 40.470413 -11.717583
v -9.991660 41.425732 -11.492167
v -9.500796 40.807789 -11.637442
v -9.444437 40.573360 -11.371576
v -10.046302 40.670830 -11.344471
v -9.103762 40.234161 -11.771832
v -11.746317 41.185394 -9.608941
v -4.718592 29.200836 -4.813274
v -5.078120 28.655083 -3.816068
v -4.992721 28.181396 -3.417666
v -15.224436 37.056568 -1.879934
v -9.019289 40.491409 -11.713659
v -8.550298 40.430199 -11.731409
v -15.510250 40.176800 -4.506631
v -7.355628 37.254494 -10.052704
v -9.878431 40.213200 -10.515100
v -9.883962 40.371563 -11.207397
v -9.487002 40.916531 -11.612675
v -4.596132 28.732178 -4.455121
v -10.550451 40.357422 -9.711409
v -15.800428 40.526680 -4.822019
v -14.351791 35.565765 -1.469121
v -4.827409 29.163914 -4.466083
v -10.037632 40.422550 -10.259109
v -9.101333 40.164619 -11.467817
v -9.044034 39.819679 -11.340351
v -9.306261 39.693130 -10.638638
v -6.784410 36.847324 -10.210867
v -9.340512 40.460331 -11.398262
v -9.422629 40.534966 -11.380533
v -4.686014 28.694118 -4.088946
v -7.152704 37.377743 -10.357058
v -5.171607 28.627663 -3.560736
v -15.816868 38.901493 -2.837250
v -4.611559 29.203156 -4.799950
v -8.874046 40.212929 -11.778522
v -14.858543 36.274708 -1.603353
v -5.154047 28.143150 -3.073322
v -11.958553 41.082893 -9.377647
v -15.596674 40.792213 -5.370449
v -15.489777 40.057735 -4.201767
v -5.454572 28.107285 -2.801607
v -8.512217 38.990040 -10.420717
v -14.465931 36.197765 -1.784446
v -9.073371 40.659794 -11.147940
v -5.202769 28.618523 -3.475630
v -14.814014 38.054958 -2.287796
v -15.513454 37.951939 -2.179916
v -9.055932 40.160423 -11.469139
v -5.315074 28.115082 -2.835392
v -6.828860 36.659702 -10.107812
v -9.488847 40.690296 -11.344471
v -10.008977 40.965088 -11.277456
v -5.243672 28.609425 -3.394661
v -9.477022 40.630730 -11.358192
v -15.879129 39.790871 -3.505552
v -9.163309 40.405167 -11.412296
v -14.354000 35.845512 -1.580076
v -8.735542 39.051224 -9.932850
v -9.929679 40.471336 -10.455643
v -9.935209 40.629700 -11.147940
v -4.882264 29.136799 -4.202360
v -9.628135 39.607426 -10.356647
v -9.620368 39.645004 -10.347171
v -9.238710 40.414120 -11.409645
v -9.288632 40.639957 -11.816133
v -9.344537 40.590740 -11.351667
v -9.348145 40.694046 -11.803284
v -9.214855 40.606468 -11.824383
v -9.285025 40.536648 -11.364517
v -8.871617 40.143387 -11.474508
v -12.089626 41.351360 -9.356092
v -9.142887 40.850452 -11.769146
v -14.478636 35.729740 -1.364915
v -9.606182 39.667118 -10.341438
v -5.366381 28.582130 -3.151740
v -9.544989 41.510750 -11.476286
v -9.387564 40.763451 -11.787094
v -9.383956 40.660145 -11.335478
v -7.569623 38.132816 -10.394735
v -9.127187 40.400871 -11.413567
v -9.546548 39.762821 -10.413948
v -4.523675 29.195984 -4.694347
v -4.802211 28.655849 -3.728642
v -9.134031 40.596867 -11.827225
v -9.211247 40.503162 -11.372766
v -6.785832 36.920723 -9.951956
v -9.038504 39.661316 -10.648054
v -8.866098 40.144222 -11.474361
v -8.779146 39.870094 -11.330935
v -9.403032 40.841366 -11.769146
v -8.752158 40.231346 -11.775284
v -8.749729 40.161804 -11.471270
v -4.900551 29.127758 -4.114457
v -11.327465 41.207790 -9.681940
v -10.918327 40.636875 -9.987696
v -9.399425 40.738060 -11.317530
v -9.054077 40.612083 -11.824383
v -9.064744 40.412754 -11.411346
v -8.576111 40.376308 -11.743530
v -9.130424 40.493561 -11.375608
v -4.931585 29.118618 -4.029351
v -9.393036 40.920177 -11.751200
v -15.548838 40.521915 -5.012882
v -5.457367 28.554253 -2.891746
v -9.498367 40.738247 -11.333427
v -4.707766 29.636177 -4.775667
v -6.963317 37.254642 -9.918488
v -15.797798 40.490829 -4.490200
v -15.626572 40.761749 -5.101804
v -10.000307 40.716808 -10.192097
v -8.977483 40.443172 -11.405087
v -9.488011 40.819881 -11.314835
v -14.647629 36.252018 -1.293011
v -8.982814 40.650635 -11.816133
v -4.726010 29.627140 -4.687758
v -9.558060 39.728527 -10.325374
v -9.541240 39.746700 -10.320578
v -14.591585 36.684277 -1.980113
v -9.016860 40.421867 -11.409645
v -9.389428 40.816872 -11.299582
v -15.772818 40.455795 -4.158704
v -15.025349 37.031986 -1.558595
v -9.533334 39.755241 -10.318324
v -9.358555 40.992157 -11.735008
v -11.633968 41.376465 -9.439724
v -4.671877 29.636951 -4.771225
v -4.942307 28.617512 -3.375615
v -9.050469 40.508778 -11.372766
v -5.024685 29.091198 -3.774018
v -8.683606 40.216251 -11.459341
v -8.920959 40.544609 -11.702276
v -8.927220 40.708744 -11.803284
v -14.151833 35.548534 -1.215667
v -15.681906 38.871830 -2.500117
v -9.880224 41.233868 -11.217003
v -9.302960 41.050270 -11.722158
v -4.545447 29.168293 -4.413072
v -15.259296 39.480942 -3.166957
v -9.902093 40.890778 -11.088482
v -9.896563 40.732414 -10.396185
v -9.484573 40.846989 -11.308661
v -8.918530 40.475067 -11.398262
v -9.354947 40.888851 -11.283392
v -4.780745 29.600025 -4.424034
v -6.376712 36.844097 -10.033696
v -15.454819 40.024616 -3.877840
v -8.892738 40.780731 -11.787094
v -9.439423 41.015854 -11.590336
v -9.438332 40.943516 -11.286951
v -8.979206 40.547325 -11.364517
v -8.773616 39.711731 -10.638638
v -15.794407 39.758400 -3.168597
v -4.634986 29.130234 -4.046896
v -9.139279 40.747147 -11.317530
v -5.117784 29.063774 -3.518686
v -4.564210 29.639267 -4.757901
v -9.231699 41.088821 -11.713909
v -15.642481 40.727852 -4.797321
v -5.103889 28.579269 -3.031271
v -9.719561 40.426392 -9.717573
v -15.332230 37.925556 -1.852302
v -9.029659 39.872356 -10.257881
v -6.727921 37.377483 -10.208052
v -8.844249 40.624790 -11.684546
v -5.403103 28.543400 -2.759555
v -8.903514 40.490757 -11.394793
v -8.543059 39.997818 -11.303604
v -6.410746 36.654961 -9.910192
v -8.882742 40.859535 -11.769146
v -8.046235 38.997143 -10.340504
v -14.271286 36.175758 -1.484610
v -9.067841 40.501431 -10.455643
v -9.299353 40.946964 -11.270542
v -5.148818 29.054638 -3.433579
v -9.151743 41.104042 -11.711067
v -15.555012 40.475910 -4.594742
v -9.362713 41.096039 -11.572607
v -9.436994 40.946312 -11.286322
v -5.264853 28.551201 -2.793340
v -8.923613 40.605438 -11.351667
v -5.189970 29.045544 -3.352610
v -8.821492 40.672295 -11.673862
v -8.573682 40.306767 -11.439514
v -8.898211 40.937458 -11.751200
v -14.263529 35.709911 -1.079196
v -9.070920 41.094437 -11.713909
v -4.835479 29.572914 -4.160311
v -10.881189 41.228573 -9.731264
v -10.429115 40.940914 -9.608176
v -8.937631 41.006855 -11.735008
v -11.126007 41.089508 -9.532946
v -15.745338 40.420876 -3.827537
v -9.066271 40.456470 -10.259109
v -8.548677 40.358967 -11.427774
v -8.997142 41.060947 -11.722158
v -8.843978 40.552998 -11.381031
v -5.313428 29.018250 -3.109689
v -9.787857 41.129253 -11.034843
v -9.228091 40.985512 -11.262293
v -4.475657 29.632099 -4.652299
v -4.750403 29.091965 -3.686592
v -8.482077 40.572609 -11.699377
v -8.806099 40.629818 -11.363760
v -8.841820 40.555248 -11.380531
v -8.889131 40.677425 -11.335478
v -9.326869 39.841625 -10.284980
v -9.231000 39.898006 -10.385544
v -9.307899 39.852276 -10.281075
v -7.124195 38.135021 -10.268264
v -9.360284 41.026497 -11.268593
v -9.871554 40.985592 -10.131643
v -4.853725 29.563877 -4.072408
v -7.580906 39.065544 -9.682724
v -9.505599 39.807484 -10.404058
v -8.796668 40.724117 -11.662207
v -9.341036 41.036911 -11.266363
v -9.264382 41.149235 -11.561222
v -15.409992 39.991650 -3.562449
v -4.884447 29.554737 -3.987301
v -7.132432 37.723476 -9.854576
v -9.672643 41.450848 -11.169027
v -9.148134 41.000729 -11.259449
v -5.405330 28.990368 -2.849694
v -14.421646 36.231319 -0.996537
v -4.660264 30.072292 -4.733618
v -9.782327 40.970890 -10.342546
v -8.879134 40.756229 -11.317530
v -14.808258 37.009304 -1.249819
v -15.631765 40.692997 -4.475570
v -9.219792 39.874294 -10.269258
v -9.175870 39.877953 -10.265267
v -4.678509 30.063255 -4.645710
v -11.261528 41.397442 -9.512236
v -8.537529 39.839455 -10.611305
v -9.590589 41.467747 -11.165817
v -8.479648 40.503067 -11.395363
v -8.358883 40.190334 -11.261036
v -9.228407 41.156082 -11.559946
v -15.523899 38.843765 -2.171279
v -9.067312 40.991127 -11.262293
v -8.471991 40.874016 -11.630510
v -8.794239 40.654575 -11.358192
v -4.623810 30.073067 -4.729177
v -8.454819 40.787518 -11.650434
v -9.261953 41.079693 -11.257208
v -4.890024 29.053631 -3.333564
v -8.786598 40.714821 -11.344471
v -8.782875 40.832859 -11.637442
v -8.894604 40.834152 -11.299582
v -9.668992 41.452824 -11.168602
v -4.976609 29.527317 -3.731968
v -15.686407 39.727276 -2.837041
v -13.901672 35.526768 -0.894564
v -8.993534 40.957642 -11.270542
v -8.934023 40.903549 -11.283392
v -15.581787 40.659657 -4.155123
v -6.579459 37.251797 -9.752655
v -9.154055 41.170235 -11.557302
v -9.217771 41.088104 -11.255638
v -4.497108 29.604408 -4.371023
v -9.603681 41.321770 -10.992275
v -14.060253 36.156357 -1.212884
v -4.733243 30.036144 -4.381986
v -15.330570 39.962234 -3.268415
v -8.789004 40.806423 -11.323498
v -8.804220 40.940372 -11.612677
v -4.586331 29.566349 -4.004847
v -15.130587 37.900978 -1.535828
v -15.689306 40.387268 -3.499314
v -8.780446 40.763317 -11.333427
v -4.514446 30.075382 -4.715852
v -5.068771 29.499893 -3.476635
v -8.475267 40.537605 -11.387497
v -9.093476 41.457096 -11.492167
v -5.052172 29.015385 -2.989219
v -5.997631 36.839344 -9.850851
v -9.042531 41.156982 -11.561222
v -9.088506 41.093189 -11.255507
v -10.795378 41.418125 -9.552186
v -9.151626 41.100693 -11.253286
v -9.030288 39.881111 -10.255017
v -9.035560 39.881664 -10.255162
v -13.923517 35.806202 -1.014196
v -5.351811 28.979515 -2.717504
v -8.562246 39.881866 -10.201845
v -10.007071 40.956566 -9.616274
v -8.497003 41.000004 -11.601490
v -8.965980 39.873653 -10.250247
v -9.092663 39.916340 -10.382456
v -7.914597 39.063206 -9.772579
v -8.452390 40.717979 -11.346418
v -8.818462 40.900185 -11.301815
v -8.858613 41.036137 -11.590336
v -6.315441 37.374756 -10.037695
v -14.462675 38.007549 -1.705839
v -5.099492 29.490753 -3.391529
v -7.587618 39.001808 -10.237940
v -5.213788 28.987312 -2.751288
v -8.940730 41.110775 -11.572607
v -8.971273 41.056198 -11.264906
v -14.024620 35.690495 -0.787823
v -8.801791 40.870834 -11.308661
v -8.244647 40.428810 -11.207397
v -8.879173 40.987492 -11.281359
v -8.876967 41.052822 -11.586374
v -5.140998 29.481655 -3.310559
v -8.454068 40.726433 -11.344471
v -8.705357 41.280930 -11.535564
v -9.047262 39.912144 -10.383778
v -8.886217 40.394592 -9.663383
v -8.964639 39.873493 -10.250133
v -8.862947 39.895107 -10.389147
v -8.861768 39.861309 -10.241396
v -4.787977 30.009029 -4.118263
v -9.341887 41.421230 -11.178444
v -9.040102 41.087440 -11.257208
v -8.604501 41.189259 -11.557341
v -6.065699 36.651505 -9.751783
v -8.856184 40.966595 -11.286322
v -9.663973 41.202568 -10.083664
v -5.265513 29.454361 -3.067637
v -8.685966 41.263306 -11.539751
v -8.799491 39.869011 -10.232309
v -8.938301 41.041233 -11.268593
v -4.424168 30.068214 -4.610250
v -9.367595 41.449486 -10.964947
v -4.701089 29.528084 -3.644542
v -9.598150 41.163406 -10.299978
v -14.205477 36.640553 -1.400785
v -8.490987 40.912395 -11.301638
v -8.353353 40.031971 -10.568739
v -4.806223 29.999992 -4.030359
v -14.675703 38.034443 -2.040789
v -9.099967 41.392483 -11.186953
v -8.857429 39.895947 -10.389000
v -15.021454 39.422825 -2.541849
v -9.596076 40.849037 -9.635853
v -14.179998 36.212688 -0.715074
v -6.035419 36.949684 -9.581946
v -6.689613 38.134766 -10.120008
v -4.836642 29.990852 -3.945252
v -9.098940 41.392006 -11.187069
v -15.555599 39.697624 -2.512182
v -8.741059 39.913525 -10.385908
v -15.581367 40.624294 -3.832037
v -14.574896 36.988605 -0.954856
v -5.358256 29.426483 -2.807642
v -4.605317 30.508411 -4.691570
v -15.343992 38.817383 -1.852017
v -8.494574 40.930462 -11.297476
v -4.623562 30.499371 -4.603662
v -10.453341 41.246929 -9.764128
v -15.484827 40.348053 -3.750740
v -8.899217 41.300484 -11.209600
v -8.211533 40.689892 -11.147940
v -15.607529 40.355465 -3.179389
v -4.567974 30.509182 -4.687128
v -6.201389 37.333195 -9.553823
v -8.674936 39.967976 -10.373981
v -13.630823 35.512417 -0.643018
v -4.840325 29.489746 -3.291513
v -8.580408 41.081577 -11.262222
v -4.927896 29.963432 -3.689919
v -9.614457 41.445236 -11.003309
v -8.702928 41.211388 -11.231548
v -15.222446 39.930161 -2.929166
v -9.102709 41.499905 -10.955528
v -4.444969 30.040524 -4.328974
v -4.678296 30.472260 -4.339937
v -13.823141 36.137943 -0.931811
v -14.910013 37.878292 -1.231748
v -8.719072 41.218719 -11.229744
v -8.565012 40.058491 -10.354155
v -4.533983 30.002468 -3.962797
v -5.019148 29.936012 -3.434585
v -4.455944 30.511501 -4.673804
v -5.002983 29.451500 -2.947168
v -10.292107 41.218098 -9.578456
v -8.602072 41.119717 -11.253325
v -8.262779 40.948025 -11.088482
v -5.304442 29.415630 -2.675451
v -8.100323 39.888966 -10.123678
v -5.620503 36.831120 -9.632586
v -5.049566 29.926872 -3.349478
v -13.768728 35.674541 -0.525953
v -8.540008 40.110691 -10.342413
v -9.362064 41.291122 -10.272648
v -9.175861 40.860256 -9.604052
v -10.413671 41.435505 -9.588936
v -5.165531 29.423428 -2.709236
v -8.834949 41.468086 -10.964947
v -5.091374 29.917770 -3.268508
v -15.535713 40.590931 -3.512796
v -8.239117 40.270447 -10.515100
v -5.681808 36.641479 -9.511469
v -5.917397 37.369564 -9.846704
v -4.733030 30.445145 -4.076214
v -7.138192 39.004013 -10.113389
v -8.393373 41.177948 -11.034843
v -8.563440 40.013477 -10.157380
v -8.546133 40.048023 -10.142818
v -5.216799 29.890476 -3.025586
v -8.470978 40.254787 -10.310001
v -4.648341 29.964199 -3.602491
v -4.362992 30.504333 -4.568202
v -8.590528 41.357151 -10.992275
v -15.402452 39.669548 -2.195315
v -9.553608 41.262272 -10.070889
v -15.502804 40.325943 -2.873114
v -15.399260 40.305946 -3.338854
v -10.002213 41.263279 -9.770930
v -6.808065 39.064274 -9.409414
v -4.751276 30.436111 -3.988310
v -13.922102 36.196198 -0.449762
v -15.103952 39.901482 -2.629396
v -15.143339 38.792801 -1.543608
v -14.324953 36.969967 -0.674830
v -4.781594 30.426971 -3.903203
v -8.466598 40.289326 -10.302135
v -10.002678 41.088779 -9.847697
v -9.921605 41.161442 -9.814923
v -5.309912 29.862595 -2.765590
v -8.537810 40.064636 -10.135817
v -8.487057 40.165936 -10.093118
v -4.544551 30.944527 -4.649521
v -6.267618 38.132042 -9.950510
v -4.562796 30.935490 -4.561613
v -13.398138 35.495163 -0.374969
v -6.370922 37.755939 -9.522460
v -8.206002 40.531528 -10.455643
v -8.443720 40.469700 -10.261059
v -4.787384 29.925861 -3.249462
v -4.506349 30.945297 -4.645080
v -13.603437 36.123795 -0.708459
v -4.872544 30.399548 -3.647869
v -9.097178 41.341541 -10.263231
v -9.346428 41.208412 -10.084864
v -9.944378 41.451450 -9.584577
v -9.800646 41.269859 -9.767280
v -15.455462 40.561127 -3.214914
v -4.382883 30.476643 -4.286925
v -14.671995 37.857594 -0.941321
v -14.045980 37.967484 -1.170585
v -8.445398 40.478153 -10.259109
v -4.617530 30.908375 -4.297889
v -4.471877 30.438587 -3.920748
v -4.963493 30.372128 -3.392535
v -9.123143 41.161804 -10.097311
v -8.482317 40.664120 -10.216276
v -4.391739 30.947617 -4.631755
v -4.950454 29.887615 -2.905116
v -5.847425 37.325562 -9.348937
v -7.125084 39.065845 -9.531792
v -5.254784 29.851746 -2.633399
v -14.705408 39.372097 -1.960819
v -13.509941 35.659508 -0.272832
v -8.257249 40.789661 -10.396185
v -8.065702 40.407627 -9.516890
v -9.090369 41.146557 -10.101059
v -7.645700 39.893627 -10.023733
v -4.993810 30.362988 -3.307427
v -8.485904 40.682182 -10.212114
v -13.273411 35.766811 -0.364996
v -14.295904 37.990013 -1.477295
v -8.468094 40.209572 -10.075200
v -8.445387 40.382221 -10.012889
v -8.890179 41.053452 -10.123957
v -5.114077 29.859547 -2.667184
v -13.763996 36.604942 -0.879270
v -5.276979 36.821472 -9.411549
v -15.351255 40.536411 -2.955903
v -8.829418 41.309723 -10.272648
v -5.035719 30.353889 -3.226457
v -8.759775 40.869705 -9.556286
v -15.378103 40.295494 -2.552139
v -8.571738 40.833302 -10.176863
v -4.672265 30.881264 -4.034165
v -8.710402 40.970440 -10.144381
v -15.227856 39.643169 -1.887675
v -8.593402 40.871441 -10.167963
v -13.350401 36.110184 -0.478871
v -8.694258 40.963108 -10.146189
v -5.535927 37.361900 -9.635790
v -5.161448 30.326591 -2.983534
v -14.960207 39.874996 -2.331924
v -8.387842 41.019585 -10.342545
v -6.699710 39.003754 -9.967384
v -4.586232 30.400314 -3.560441
v -4.296219 30.940449 -4.526153
v -8.584998 41.198788 -10.299978
v -9.572112 41.277317 -9.763140
v -9.569366 41.216370 -9.789646
v -9.782994 41.270435 -9.766959
v -5.368653 36.633476 -9.317217
v -13.647324 36.181908 -0.201618
v -4.690511 30.872227 -3.946261
v -14.923151 38.770119 -1.247295
v -14.058125 36.953476 -0.410861
v -9.507795 41.200226 -9.793030
v -9.451421 41.192173 -9.576624
v -4.720828 30.863087 -3.861154
v -5.254061 30.298714 -2.723538
v -5.355895 36.891846 -9.150440
v -13.132301 35.482315 -0.141857
v -4.479593 31.380646 -4.607473
v -4.497838 31.371605 -4.519565
v -5.860957 38.126827 -9.760480
v -4.725373 30.361977 -3.207411
v -4.811778 30.835663 -3.605819
v -4.440911 31.381416 -4.603031
v -5.504510 37.228889 -9.146365
v -9.559429 41.464966 -9.584986
v -14.416622 37.838959 -0.665606
v -8.461928 40.511341 -9.971839
v -8.483720 40.619644 -9.938717
v -4.315283 30.912758 -4.244876
v -15.189327 40.246212 -2.721002
v -4.552572 31.344494 -4.255840
v -8.348016 40.876320 -9.485088
v -4.404359 30.874699 -3.878699
v -4.902727 30.808243 -3.350485
v -13.229795 35.647282 -0.042081
v -15.231997 40.268471 -2.255765
v -4.888718 30.323730 -2.863065
v -4.324865 31.383736 -4.589707
v -14.801073 39.849453 -2.047792
v -5.196625 30.287861 -2.591348
v -8.188145 40.714752 -9.858375
v -13.443323 36.586075 -0.575560
v -4.933044 30.799103 -3.265377
v -9.123249 41.288967 -9.727315
v -15.032686 39.618587 -1.590494
v -5.053419 30.295662 -2.625133
v -7.200188 39.895832 -9.902361
v -4.950043 36.807907 -9.155575
v -4.974953 30.790005 -3.184406
v -8.673526 40.880287 -9.861304
v -8.691939 40.896717 -9.855952
v -15.233610 40.503590 -2.618579
v -5.041130 36.617744 -9.037750
v -4.607306 31.317375 -3.992117
v -5.100681 30.762707 -2.941483
v -13.355042 36.169884 0.028347
v -14.684656 38.749416 -0.964318
v -9.094391 41.475918 -9.536385
v -5.176926 37.351654 -9.405825
v -13.088316 36.097473 -0.248376
v -4.518872 30.836430 -3.518391
v -4.227936 31.376564 -4.484104
v -13.774113 36.939190 -0.163967
v -6.273926 39.001030 -9.800459
v -4.625552 31.308342 -3.904212
v -12.852978 35.473839 0.049239
v -13.651455 37.940281 -0.767277
v -4.655869 31.299202 -3.819104
v -5.192541 30.734829 -2.681487
v -4.416597 31.816757 -4.565424
v -15.095404 40.479721 -2.356373
v -4.434842 31.807724 -4.477516
v -12.908936 35.752728 -0.082943
v -14.315641 39.328373 -1.420787
v -4.658204 30.798096 -3.165360
v -4.746819 31.271782 -3.563770
v -5.667252 37.740028 -9.118311
v -4.377699 31.817535 -4.560983
v -14.143991 37.822468 -0.405665
v -5.472383 38.119110 -9.550629
v -13.874474 37.954426 -0.983309
v -15.063820 40.241322 -1.951289
v -6.046712 39.397400 -8.958997
v -12.932888 35.637875 0.163879
v -4.246604 31.348873 -4.202828
v -4.489576 31.780605 -4.213792
v -14.619167 39.826328 -1.769236
v -5.199715 37.216091 -8.905411
v -7.275114 40.411301 -9.292229
v -4.837769 31.244358 -3.308435
v -4.335778 31.310818 -3.836649
v -7.747495 40.719418 -9.762066
v -4.821737 30.759846 -2.821013
v -4.261004 31.819851 -4.547659
v -5.132845 30.723976 -2.549296
v -7.942764 40.881153 -9.397343
v -14.817942 39.595901 -1.304954
v -8.697681 41.298462 -9.678993
v -6.370110 39.145042 -9.188708
v -4.868085 31.235218 -3.223326
v -4.987330 30.731777 -2.583081
v -4.909994 31.226116 -3.142355
v -4.664995 36.792927 -8.899783
v -6.765524 39.895576 -9.760082
v -8.615178 41.211220 -9.482843
v -12.579838 35.469669 0.191243
v -4.544311 31.753494 -3.950068
v -13.044973 36.160168 0.239261
v -14.428333 38.730785 -0.695682
v -5.035723 31.198826 -2.899432
v -13.472605 36.927170 0.064840
v -4.450367 31.272545 -3.476341
v -12.812746 36.089123 -0.059895
v -14.900543 40.192734 -2.135992
v -4.163452 31.812679 -4.442056
v -4.780611 36.604755 -8.810518
v -4.846292 37.338715 -9.157681
v -4.562556 31.744457 -3.862164
v -5.864270 38.995796 -9.613315
v -4.592874 31.735317 -3.777055
v -4.799358 36.861794 -8.644388
v -5.127191 31.170944 -2.639435
v -8.258160 41.305233 -9.601103
v -8.712275 41.485355 -9.500446
v -4.361718 32.252876 -4.523376
v -14.421904 39.804317 -1.505224
v -4.379962 32.243839 -4.435468
v -14.877949 40.217709 -1.673653
v -4.932863 37.200695 -8.658476
v -13.854126 37.808182 -0.162519
v -4.683823 31.707893 -3.521720
v -14.931900 40.450237 -2.034872
v -4.589790 31.234211 -3.123310
v -12.623808 35.631310 0.342623
v -13.123608 37.915215 -0.339026
v -4.322747 32.253651 -4.518935
v -7.545953 40.883053 -9.287870
v -5.108093 38.108765 -9.321822
v -4.181984 31.784988 -4.160779
v -4.434696 32.216724 -4.171743
v -14.584602 39.575203 -1.032238
v -4.774773 31.680473 -3.266385
v -4.271238 31.746933 -3.794600
v -4.753469 31.195961 -2.778962
v -4.205836 32.255966 -4.505610
v -7.315676 40.721619 -9.645107
v -5.066318 31.160095 -2.507244
v -4.805089 31.671333 -3.181276
v -8.258825 41.491138 -9.408371
v -4.535956 36.582935 -8.497349
v -4.919585 31.167892 -2.541029
v -4.414011 36.773556 -8.610394
v -12.484982 36.081615 0.129844
v -4.846998 31.662231 -3.100304
v -14.758432 40.429520 -1.790255
v -12.215147 35.462978 0.391066
v -13.395107 37.926670 -0.545009
v -12.716835 36.152805 0.430252
v -4.489430 32.189610 -3.908020
v -14.154661 38.714294 -0.442389
v -13.153589 36.917450 0.274692
v -4.972726 31.634937 -2.857380
v -6.343449 39.892853 -9.597418
v -13.861925 39.292759 -0.935352
v -4.385854 31.708660 -3.434291
v -4.108077 32.248795 -4.400007
v -4.507676 32.180573 -3.820115
v -4.550250 37.322971 -8.892368
v -12.280762 35.739639 0.276714
v -4.537993 32.171432 -3.735005
v -14.669168 40.194267 -1.390485
v -7.843838 41.310032 -9.513012
v -5.064035 31.607056 -2.597383
v -5.365516 39.027954 -8.572785
v -5.072578 37.675274 -8.654579
v -14.205961 39.784912 -1.249977
v -4.301877 32.688992 -4.481328
v -5.474174 38.988010 -9.406651
v -4.320122 32.679955 -4.393419
v -12.700016 36.558109 -0.021535
v -13.547056 37.796158 0.062813
v -12.280815 35.625889 0.520347
v -4.628943 32.144009 -3.479670
v -4.262906 32.689762 -4.476886
v -4.525309 31.670322 -3.081259
v -4.699605 37.182362 -8.385464
v -14.333414 39.556576 -0.773338
v -4.126563 32.221104 -4.118730
v -4.374856 32.652840 -4.129695
v -7.157925 40.883202 -9.161526
v -4.774291 38.095676 -9.074926
v -4.719893 32.116589 -3.224334
v -4.215844 32.183048 -3.752550
v -14.533789 40.146030 -1.588206
v -4.145995 32.692081 -4.463562
v -6.522764 40.443764 -8.981577
v -4.689081 31.632076 -2.736910
v -5.002688 31.596207 -2.465192
v -6.894373 40.721363 -9.508004
v -7.800726 41.220963 -9.310424
v -11.855108 35.463051 0.518481
v -4.207099 36.752991 -8.324160
v -4.750209 32.107449 -3.139225
v -12.374052 36.147808 0.600608
v -4.855449 31.604008 -2.498978
v -4.792118 32.098351 -3.058253
v -12.148628 36.077011 0.297880
v -13.864006 38.700005 -0.205448
v -4.429590 32.625725 -3.865971
v -4.344648 36.564850 -8.241837
v -12.817043 36.910088 0.464721
v -4.917846 32.071053 -2.815329
v -4.395059 36.820721 -8.078633
v -13.957764 39.766495 -1.002486
v -14.551641 40.403843 -1.489646
v -4.330468 32.144775 -3.392241
v -4.048236 32.684914 -4.357959
v -5.938022 39.887596 -9.415049
v -5.672891 39.127323 -8.781710
v -14.446659 40.174438 -1.135987
v -4.295027 37.304310 -8.610905
v -4.447836 32.616692 -3.778066
v -7.885566 41.496349 -9.336651
v -4.478153 32.607544 -3.692956
v -4.508307 37.161526 -8.109884
v -7.420588 41.311817 -9.394285
v -5.009103 32.043175 -2.555332
v -4.223998 33.125107 -4.439279
v -11.930656 35.623959 0.663955
v -13.223097 37.786442 0.269478
v -4.242242 33.116070 -4.351371
v -5.110085 38.977558 -9.181317
v -6.782321 40.880356 -9.015507
v -4.569102 32.580128 -3.437620
v -4.185027 33.125881 -4.434837
v -4.469934 32.106438 -3.039208
v -13.535362 39.273891 -0.644653
v -14.065107 39.540081 -0.529247
v -14.345648 40.386616 -1.266475
v -4.066723 32.657219 -4.076681
v -4.188974 36.537292 -7.900709
v -4.296976 33.088955 -4.087646
v -4.040465 36.727989 -8.006121
v -4.660051 32.552704 -3.182284
v -4.476508 38.079765 -8.810958
v -4.156003 32.619160 -3.710501
v -4.068116 33.128197 -4.421513
v -11.848888 36.075031 0.421772
v -7.450853 41.496880 -9.202552
v -4.633738 32.068192 -2.694859
v -4.947598 32.032322 -2.423140
v -12.020050 36.145218 0.749615
v -12.433231 37.896976 0.075019
v -11.504879 35.460140 0.673065
v -4.690368 32.543564 -3.097174
v -6.485271 40.718639 -9.351257
v -4.800189 32.040123 -2.456926
v -13.731434 39.752354 -0.793773
v -12.811476 37.905468 -0.136594
v -13.556736 38.687981 0.014134
v -4.732277 32.534462 -3.016201
v -12.466080 36.905090 0.634219
v -4.351710 33.061844 -3.823923
v -4.858006 32.507168 -2.773277
v -14.196671 40.155022 -0.876662
v -4.081291 37.282829 -8.314431
v -4.626737 37.638073 -8.124454
v -4.881010 38.994465 -8.083248
v -4.270627 32.580891 -3.350190
v -3.970356 33.121025 -4.315910
v -12.065569 36.547916 0.302930
v -4.369956 33.052799 -3.736017
v -11.402607 35.736115 0.623035
v -5.553305 39.879753 -9.213658
v -4.352969 37.137894 -7.809601
v -4.400273 33.043663 -3.650907
v -11.576061 35.623100 0.797935
v -4.949262 32.479290 -2.513279
v -7.024047 41.311848 -9.267817
v -11.543514 36.074581 0.532588
v -12.882557 37.779076 0.456623
v -4.145462 33.561222 -4.397231
v -14.088339 40.106716 -1.082832
v -4.163654 33.552189 -4.309322
v -4.491222 33.016239 -3.395571
v -4.410092 32.542553 -2.997157
v -4.778455 38.964302 -8.938171
v -13.780394 39.525795 -0.300925
v -4.106832 33.561996 -4.392789
v -3.911472 36.702293 -7.694169
v -4.065723 36.514622 -7.621784
v -3.988843 33.093338 -4.034632
v -4.142033 36.769703 -7.463694
v -4.218230 33.525070 -4.045598
v -4.220276 38.060944 -8.530933
v -7.020912 41.221241 -9.062080
v -4.582171 32.988819 -3.140234
v -11.656731 36.145027 0.876727
v -4.078123 33.055279 -3.668451
v -4.573896 32.504307 -2.652807
v -5.102637 39.012604 -8.332361
v -4.887756 32.468437 -2.381088
v -14.082924 40.364841 -0.983738
v -3.990943 33.564312 -4.379465
v -11.100986 35.463753 0.779019
v -4.612487 32.979679 -3.055124
v -4.234422 37.112240 -7.510733
v -11.202604 35.625664 0.902926
v -13.233500 38.678268 0.215525
v -12.103825 36.902500 0.782475
v -4.740348 32.476238 -2.414874
v -6.092896 40.713364 -9.175523
v -4.654397 32.970581 -2.974150
v -3.909713 37.258610 -8.004089
v -13.928978 40.139065 -0.643460
v -4.272807 33.497959 -3.781874
v -6.408288 40.961750 -8.826978
v -11.650530 36.546246 0.462314
v -4.780125 32.943287 -2.731225
v -7.092340 41.497772 -9.096184
v -3.989107 36.482185 -7.258157
v -4.192748 33.017006 -3.308140
v -13.471769 39.738739 -0.578825
v -3.894137 33.557140 -4.273861
v -4.290999 33.488918 -3.693968
v -5.648530 40.420547 -8.480194
v -3.821834 36.672398 -7.352517
v -4.871382 32.915409 -2.471228
v -6.623743 41.308620 -9.110126
v -5.195886 39.869179 -8.994077
v -4.321229 33.479778 -3.608857
v -12.528133 37.774082 0.623547
v -13.799931 40.350494 -0.762247
v -11.181986 36.076389 0.642235
v -4.083652 33.997341 -4.355182
v -4.101686 33.988304 -4.267274
v -13.479982 39.513767 -0.089330
v -11.898859 37.891720 0.307026
v -12.779636 39.245922 -0.135135
v -4.332212 32.978672 -2.955106
v -4.411916 33.452358 -3.353521
v -4.483899 38.948200 -8.678232
v -4.046044 33.998116 -4.350740
v -4.005963 38.039314 -8.235973
v -11.285997 36.147251 0.981398
v -4.331123 37.590538 -7.542211
v -3.912759 33.529453 -3.992583
v -6.683218 41.493042 -8.922176
v -4.155790 33.961189 -4.003550
v -4.149019 37.084064 -7.188143
v -12.196812 37.893700 0.187071
v -3.777616 37.231857 -7.681129
v -4.502604 33.424934 -3.098184
v -10.850845 35.629589 0.986104
v -4.001722 33.491394 -3.626402
v -4.496017 32.940426 -2.610756
v -4.809876 32.904560 -2.339036
v -13.199987 39.726025 -0.375869
v -4.543242 38.950344 -7.539538
v -3.933222 34.000431 -4.337416
v -11.732124 36.902313 0.908947
v -6.081028 40.955109 -8.661722
v -12.894945 38.670898 0.397892
v -6.257505 41.304058 -8.950884
v -10.801365 35.465614 0.866142
v -13.658760 40.124043 -0.418125
v -4.532832 33.415798 -3.013073
v -4.662468 32.912357 -2.372822
v -10.690903 35.743809 0.795256
v -4.574621 33.406700 -2.932100
v -5.721778 40.705456 -8.981457
v -3.758754 36.642467 -7.019834
v -3.922624 36.455765 -6.960493
v -10.807285 36.081062 0.725195
v -4.209893 33.934074 -3.739826
v -4.015776 36.710541 -6.809651
v -4.699986 33.379406 -2.689174
v -3.682329 37.202789 -7.346801
v -4.115939 33.453125 -3.266090
v -3.839277 33.993263 -4.231813
v -4.227928 33.925037 -3.651919
v -12.162519 37.771488 0.769552
v -4.089689 37.054554 -6.870996
v -4.791147 33.351528 -2.429176
v -4.257895 33.915897 -3.566808
v -4.872355 39.855755 -8.757135
v -12.919266 39.717678 -0.209907
v -4.054291 34.433460 -4.313134
v -13.164803 39.504055 0.104734
v -5.783391 40.944855 -8.472952
v -10.459454 35.471565 0.925838
v -3.833933 38.014980 -7.927196
v -4.692298 38.973698 -7.814704
v -4.231033 38.929192 -8.402523
v -3.905320 36.419636 -6.579479
v -10.909327 36.151871 1.063261
v -4.017742 34.434235 -4.308692
v -4.254911 33.414791 -2.913055
v -11.341951 37.892567 0.486736
v -4.347797 33.888477 -3.311471
v -10.485235 35.636330 1.045043
v -4.072050 34.424423 -4.225225
v -13.554577 40.333237 -0.526224
v -13.411394 40.067329 -0.500159
v -3.728322 36.608791 -6.659801
v -3.858306 33.965572 -3.950534
v -11.352839 36.904533 1.013091
v -10.958584 36.551098 0.654155
v -6.293304 41.250641 -8.737034
v -5.120240 40.352058 -8.032822
v -4.437697 33.861053 -3.056134
v -3.946315 33.927513 -3.584353
v -3.908097 34.436550 -4.295368
v -12.543295 38.665905 0.560557
v -3.618814 37.171700 -7.002447
v -4.418140 33.376545 -2.568704
v -13.369822 40.111809 -0.212668
v -4.730319 33.340679 -2.296985
v -5.905269 41.296406 -8.767550
v -4.125328 34.397308 -3.961501
v -4.467665 33.851913 -2.971023
v -4.583864 33.348473 -2.330770
v -10.469778 36.086914 0.784333
v -4.509090 33.842815 -2.890049
v -5.378479 40.694775 -8.769863
v -4.057302 37.022907 -6.531100
v -4.167377 37.534298 -6.917717
v -6.360465 41.490658 -8.797279
v -11.595272 37.891266 0.413907
v -4.633370 33.815521 -2.647123
v -10.113590 35.480766 0.953250
v -5.480545 40.845474 -8.269944
v -3.817014 34.429382 -4.189764
v -4.178606 34.370197 -3.697777
v -11.787483 37.771301 0.894103
v -4.059313 33.889240 -3.224040
v -3.701172 37.988148 -7.605857
v -10.227783 35.754013 0.853911
v -12.150639 39.235733 0.167750
v -4.340286 38.896919 -6.950530
v -3.712985 36.575783 -6.311530
v -10.528191 36.158871 1.121945
v -3.980727 36.645473 -6.125803
v -3.879982 36.390476 -6.267344
v -4.073098 34.869576 -4.271085
v -4.225877 34.352016 -3.524759
v -4.037001 34.870350 -4.266644
v -4.586329 39.839447 -8.503845
v -12.835777 39.496685 0.280468
v -4.724243 33.787643 -2.387125
v -4.019851 38.907394 -8.112102
v -12.593365 39.710175 -0.030471
v -3.582035 37.138882 -6.649407
v -13.279274 40.320393 -0.320965
v -4.090453 34.860538 -4.183177
v -3.928711 34.872665 -4.253319
v -4.314406 34.324593 -3.269421
v -4.196366 34.361156 -3.609870
v -4.196809 33.850906 -2.871004
v -4.038827 36.990654 -6.200078
v -10.116468 35.645645 1.078387
v -10.967476 36.909149 1.094541
v -3.836156 34.401691 -3.908485
v -6.029449 41.483864 -8.629438
v -9.802101 35.492371 0.943526
v -3.902966 36.351955 -5.874107
v -13.068235 40.102398 -0.029228
v -12.180759 38.663311 0.702836
v -4.402936 34.297173 -3.014083
v -13.036821 40.053238 -0.251805
v -10.128319 36.096016 0.811188
v -4.358312 33.812660 -2.526653
v -4.142517 34.833424 -3.919453
v -4.665448 33.776791 -2.254933
v -3.723586 36.539616 -5.938582
v -5.581626 41.285744 -8.565709
v -4.432446 34.288033 -2.928972
v -5.226329 40.829964 -8.047047
v -5.866618 41.239132 -8.495550
v -4.521850 33.784592 -2.288719
v -3.604666 37.959049 -7.273208
v -4.473240 34.278934 -2.847998
v -4.425762 38.924713 -7.247334
v -5.069559 40.681187 -8.541541
v -3.922688 34.363632 -3.542303
v -3.838585 34.865498 -4.147716
v -10.144106 36.168224 1.157268
v -4.194582 34.806309 -3.655729
v -11.404793 37.773525 0.996665
v -3.567540 37.104660 -6.289090
v -4.595625 34.251637 -2.605072
v -4.108518 35.305691 -4.229037
v -4.072642 35.306461 -4.224596
v -4.033781 34.325359 -3.181990
v -3.850347 38.882923 -7.808024
v -4.211937 34.797272 -3.567821
v -4.042966 36.956722 -5.847919
v -12.261969 39.705566 0.117488
v -9.755239 35.657299 1.084787
v -10.535147 37.904724 0.640530
v -4.341427 39.820251 -8.235218
v -12.494652 39.491692 0.437215
v -4.101415 37.471489 -6.260648
v -4.125462 35.296650 -4.141129
v -3.965016 35.308784 -4.211271
v -4.685455 34.223759 -2.345073
v -4.240775 34.788132 -3.482710
v -12.995031 40.311920 -0.152701
v -4.741865 40.311287 -7.525669
v -10.577549 36.916157 1.152931
v -9.744568 36.108154 0.821734
v -3.902970 36.321060 -5.551669
v -3.738090 36.504749 -5.580025
v -3.856980 34.837807 -3.866436
v -4.041238 36.803577 -5.534012
v -9.402078 35.505592 0.948475
v -4.168962 34.287022 -2.828953
v -5.729090 41.473484 -8.438648
v -4.242053 38.836220 -6.325854
v -11.738775 39.234066 0.320136
v -9.503654 35.777611 0.866446
v -4.327288 34.760708 -3.227371
v -10.912066 37.897785 0.580988
v -12.760077 40.095837 0.130050
v -3.875162 35.301609 -4.105667
v -12.722866 40.307751 -0.027663
v -3.539196 37.927971 -6.930583
v -11.808990 38.663124 0.824208
v -4.176295 35.269539 -3.877404
v -3.570875 37.069370 -5.922906
v -3.943521 36.281372 -5.151832
v -3.999067 36.523735 -5.433255
v -4.327763 34.248775 -2.484601
v -4.413800 34.733288 -2.972033
v -4.628589 34.212906 -2.212881
v -5.007765 40.811859 -7.804663
v -5.301174 41.272194 -8.350944
v -4.442638 34.724148 -2.886921
v -5.498305 41.460342 -8.244902
v -10.006538 36.572155 0.772623
v -3.941627 34.799751 -3.500254
v -4.227129 35.242424 -3.613680
v -4.488275 34.220711 -2.246667
v -4.797702 40.664700 -8.297452
v -3.719157 38.856003 -7.491549
v -9.371935 35.671059 1.077193
v -4.128995 35.741802 -4.186988
v -4.482503 34.715050 -2.805947
v -11.015972 37.778141 1.076880
v -4.093487 35.742577 -4.182547
v -11.965801 39.703590 0.233507
v -9.076525 35.520760 0.906739
v -4.244073 35.233387 -3.525772
v -3.768173 36.467308 -5.199900
v -4.137231 39.798283 -7.952250
v -3.986961 35.744896 -4.169222
v -4.145647 35.732769 -4.099080
v -9.758581 36.179897 1.169042
v -4.602099 34.687752 -2.563020
v -4.272229 35.224247 -3.440660
v -12.143166 39.489101 0.574319
v -4.061938 36.768463 -5.174810
v -10.184605 36.925507 1.188076
v -9.384720 36.121365 0.812537
v -4.095934 37.351448 -5.592412
v -3.586620 37.033295 -5.552308
v -4.050256 34.761475 -3.139939
v -3.499547 37.895226 -6.579315
v -3.892602 35.273922 -3.824388
v -4.280749 38.867367 -6.639359
v -4.356696 35.196827 -3.185322
v -4.689573 34.659874 -2.303021
v -4.195601 35.705654 -3.835356
v -12.421618 40.090420 0.288225
v -12.412128 40.040154 0.070375
v -4.044641 36.469086 -4.720900
v -3.946149 36.251492 -4.841026
v -11.429630 38.665348 0.924153
v -4.825676 40.790897 -7.555036
v -5.308077 41.173889 -8.077400
v -9.008429 35.686962 1.040267
v -3.792275 36.432079 -4.840923
v -4.182433 34.723137 -2.786902
v -4.441162 35.169403 -2.929983
v -3.622918 38.826866 -7.163936
v -4.084662 36.767635 -4.817853
v -3.897915 35.737724 -4.063619
v -9.038269 36.015602 0.784563
v -4.469317 35.160263 -2.844871
v -4.212266 38.770615 -5.675551
v -4.633069 34.649021 -2.170829
v -3.975403 35.235863 -3.458204
v -4.245557 35.678539 -3.571631
v -5.032902 41.255802 -8.113839
v -4.103461 36.208469 -4.234534
v -8.663124 35.540157 0.852348
v -10.622545 37.785145 1.134382
v -4.337726 34.684891 -2.442550
v -4.508240 35.151165 -2.763895
v -8.784635 35.755993 0.791349
v -4.565588 40.645329 -8.038557
v -3.609354 36.996719 -5.178754
v -4.262208 35.669506 -3.483724
v -4.500289 40.260674 -6.970724
v -3.989830 36.081062 -4.229224
v -3.968905 36.217323 -4.493324
v -9.373138 36.193832 1.157268
v -3.481109 37.861118 -6.220806
v -3.973325 39.773678 -7.655940
v -12.363602 40.301056 0.148285
v -9.790185 36.937180 1.199790
v -4.162007 36.597351 -4.219375
v -4.289877 35.660362 -3.398611
v -4.625008 35.123871 -2.520968
v -11.664000 39.703140 0.336451
v -11.782822 39.488914 0.691276
v -11.055180 39.238914 0.497928
v -4.494987 34.656822 -2.204615
v -3.822972 36.395679 -4.472723
v -9.285843 36.544563 0.760788
v -4.081632 35.197594 -3.097889
v -3.914841 35.710033 -3.782339
v -9.713953 37.928825 0.682716
v -8.297242 35.563236 0.742943
v -8.625252 35.705540 0.982656
v -5.206817 41.444584 -8.007795
v -4.372885 35.632942 -3.143272
v -4.106497 36.733925 -4.474592
v -4.123117 37.244240 -4.905912
v -4.191074 36.695938 -4.054111
v -8.666478 36.034443 0.721181
v -4.709928 35.095989 -2.260969
v -4.186486 38.225449 -5.116736
v -3.556294 38.795811 -6.826497
v -4.677563 40.767605 -7.286732
v -10.154629 37.914650 0.672168
v -12.077244 40.088490 0.416149
v -12.010500 40.301128 0.260476
v -3.637481 36.959812 -4.803720
v -11.044197 38.669964 1.002319
v -4.210881 35.159256 -2.744851
v -3.861723 36.225906 -4.110649
v -4.455892 35.605518 -2.887933
v -4.221964 38.803905 -6.000500
v -3.479269 37.825977 -5.856454
v -5.018244 41.426769 -7.784851
v -4.483562 35.596382 -2.802820
v -8.989304 36.209984 1.121945
v -3.996289 35.671978 -3.416155
v -8.257355 35.726601 0.893907
v -10.226070 37.794498 1.168993
v -4.521811 35.587276 -2.721844
v -4.516969 35.092934 -2.162563
v -4.362744 35.121006 -2.400498
v -4.372380 40.623199 -7.765846
v -3.846067 39.746662 -7.347531
v -11.310246 39.704945 0.432997
v -4.653306 35.085136 -2.128777
v -4.327250 36.111378 -3.308862
v -4.296490 36.628719 -3.494548
v -3.887480 36.212479 -3.736864
v -4.636562 35.559986 -2.478917
v -4.320756 36.473087 -3.366649
v -8.366622 36.293926 0.637262
v -4.819274 41.236732 -7.869462
v -4.100804 35.633705 -3.055839
v -11.415125 39.491135 0.787586
v -3.669406 36.922714 -4.428688
v -3.513947 38.763134 -6.480547
v -4.562540 40.741772 -7.014070
v -9.036018 37.472897 0.660547
v -7.924016 35.583836 0.661841
v -7.867990 35.864082 0.553600
v -4.252568 36.839088 -3.760958
v -7.892107 35.748535 0.795128
v -4.369981 40.202030 -6.376712
v -4.719851 35.532104 -2.218917
v -4.886429 41.136322 -7.596344
v -9.395852 36.951115 1.188076
v -8.608582 36.228287 1.063260
v -3.968719 36.174423 -3.370680
v -3.488972 37.790077 -5.487714
v -11.729065 40.087627 0.535380
v -10.654196 38.676968 1.058355
v -4.227968 35.595371 -2.702800
v -3.505164 37.753700 -5.116038
v -8.031189 36.193306 0.554101
v -4.402987 36.445663 -3.111309
v -8.599087 36.632217 0.654169
v -3.751813 39.717487 -7.028267
v -9.828113 37.806168 1.180530
v -7.535985 35.611794 0.509662
v -3.712541 36.885342 -4.055134
v -4.663715 35.521255 -2.086725
v -4.566206 36.053452 -2.635500
v -4.217243 40.598469 -7.480309
v -4.207077 38.617451 -5.367594
v -4.377361 35.557121 -2.358447
v -4.235036 38.291748 -4.400632
v -3.491156 38.729156 -6.127460
v -4.551823 36.434032 -2.690303
v -4.073005 36.136150 -3.010363
v -11.549238 40.036633 0.380785
v -7.528723 35.773746 0.661749
v -4.476247 40.713982 -6.723667
v -10.939266 39.709618 0.510639
v -9.426779 37.818916 0.677173
v -11.667803 40.298214 0.396590
v -8.232491 36.248672 0.981397
v -4.627830 41.214584 -7.603827
v -4.529203 35.529053 -2.120512
v -11.041534 39.495750 0.862909
v -7.675180 36.217480 0.429892
v -4.743998 35.986893 -2.169597
v -9.003160 36.967270 1.152931
v -3.527884 37.716957 -4.742893
v -10.116369 39.259975 0.607082
v -4.806114 41.404877 -7.517118
v -4.501079 36.484039 -2.827681
v -7.230944 35.633892 0.388860
v -7.198219 35.914021 0.275732
v -8.164881 36.711899 0.542708
v -4.199891 36.097816 -2.657324
v -3.685198 39.686447 -6.699429
v -4.681112 41.382423 -7.272078
v -4.725772 35.839470 -1.984063
v -7.192692 35.798847 0.519793
v -10.261175 38.686321 1.092083
v -4.665499 36.406738 -2.447375
v -11.362402 40.090191 0.628863
v -4.221674 38.463097 -4.712940
v -4.096398 40.571373 -7.183128
v -3.483202 38.694191 -5.768608
v -7.348742 36.242073 0.295675
v -6.883471 35.664841 0.191241
v -7.862497 36.271053 0.876725
v -4.348931 36.059566 -2.312970
v -4.413984 40.684250 -6.432234
v -4.314638 40.137722 -5.753714
v -10.609018 39.715469 0.562711
v -8.780002 37.970654 0.590040
v -3.857125 36.809525 -3.318352
v -6.853699 35.827450 0.342622
v -3.774299 36.847580 -3.684537
v -3.557176 37.679951 -4.369749
v -8.613659 36.985569 1.094540
v -11.272596 40.301826 0.489885
v -4.485403 41.190365 -7.334550
v -7.029529 36.268993 0.129842
v -4.603717 41.088455 -7.065218
v -6.596151 35.689938 0.032995
v -6.577233 35.970123 -0.082835
v -9.430241 37.820107 1.168993
v -4.900950 35.921902 -1.760179
v -10.663523 39.502754 0.916906
v -4.549438 35.998058 -1.990068
v -3.640858 39.653854 -6.362297
v -6.538368 35.855785 0.159816
v -7.500078 36.295349 0.749613
v -6.276531 35.724014 -0.206832
v -7.493148 36.704887 0.306538
v -4.301815 38.713207 -4.003298
v -3.485558 38.658501 -5.405438
v -10.274900 39.724571 0.586358
v -3.963462 36.771252 -2.958036
v -6.723059 36.296780 -0.043410
v -9.866684 38.697994 1.103325
v -4.373344 40.653065 -6.124699
v -4.006072 40.542160 -6.875487
v -4.807021 36.479019 -2.105738
v -11.016954 40.094120 0.702914
v -6.224566 35.887486 -0.058325
v -3.599787 37.642609 -3.998076
v -4.474131 38.011597 -3.099521
v -8.228889 37.005955 1.013090
v -8.527369 38.469997 0.502924
v -6.020949 35.749767 -0.382620
v -6.009465 36.069992 -0.514186
v -5.205207 36.145443 -1.397629
v -5.071162 35.884892 -1.438237
v -7.876412 38.026718 0.348327
v -6.427536 36.326649 -0.248133
v -7.146646 36.321453 0.600606
v -5.938310 35.918121 -0.274746
v -5.762501 35.780560 -0.608645
v -4.748729 36.094032 -1.670438
v -4.092845 36.732910 -2.604996
v -5.277787 35.849079 -1.142469
v -9.396781 39.232937 0.594220
v -4.363912 41.163143 -7.044366
v -4.426554 38.607018 -3.347394
v -9.034025 37.836258 1.134382
v -5.664810 35.950951 -0.517361
v -4.298832 40.016281 -5.117245
v -10.850910 40.044323 0.534469
v -3.614028 39.620007 -6.018205
v -4.946669 36.056969 -1.357195
v -5.172086 36.495804 -1.530150
v -6.139471 36.445137 -0.470120
v -4.542367 41.354996 -6.977269
v -5.511382 35.814350 -0.867672
v -5.406713 35.985352 -0.781102
v -5.166664 36.020714 -1.060898
v -3.493698 38.622349 -5.039396
v -4.992485 36.651009 -1.808345
v -4.472075 41.328594 -6.713700
v -5.622746 36.445484 -0.954117
v -5.884328 36.475525 -0.693098
v -6.803616 36.349270 0.430250
v -10.282581 39.512108 0.949407
v -6.863362 36.758347 -0.014209
v -4.344904 40.620625 -5.819336
v -5.375964 36.460426 -1.237811
v -3.662463 37.604862 -3.629346
v -4.244808 36.694664 -2.260643
v -7.850362 37.028336 0.908946
v -3.940997 40.511139 -6.558620
v -9.894985 39.736713 0.596904
v -10.979416 40.303688 0.566599
v -4.417982 36.656654 -1.926316
v -6.472320 36.378689 0.239259
v -4.740554 38.074760 -2.436852
v -10.657938 40.100857 0.755391
v -4.303857 39.932392 -4.686193
v -4.439067 41.031857 -6.491666
v -7.233436 38.077000 0.075017
v -4.281044 41.134617 -6.754373
v -3.599940 39.585220 -5.668489
v -4.906506 37.039520 -2.007297
v -8.641026 37.854557 1.076879
v -3.747200 37.566799 -3.265005
v -6.154089 36.409595 0.028345
v -6.277341 36.856724 -0.415546
v -7.479582 37.052628 0.782474
v -10.644859 40.309639 0.619162
v -4.331581 40.587315 -5.500491
v -9.472276 38.711929 1.092082
v -5.851410 36.441860 -0.201620
v -4.822852 36.581947 -1.293013
v -9.183508 39.645416 0.557416
v -5.151757 37.031139 -1.625173
v -3.535252 38.548885 -4.304440
v -3.509602 38.585789 -4.671917
v -8.148426 38.129524 0.428278
v -10.397751 40.054527 0.586116
v -3.895908 40.478615 -6.233761
v -5.566770 36.475365 -0.449765
v -9.900213 39.523777 0.960240
v -5.052542 36.545547 -0.996539
v -5.300403 36.509972 -0.715076
v -9.526155 39.751171 0.582711
v -3.855990 37.528530 -2.906503
v -7.117997 37.078735 0.634217
v -4.610998 36.619030 -1.603355
v -6.631887 38.133522 -0.273080
v -4.619810 38.247356 -2.731028
v -8.252804 37.874947 0.996665
v -3.594725 39.549740 -5.314569
v -10.295822 40.110176 0.785101
v -4.324138 40.551422 -5.170345
v -4.213070 41.103371 -6.444125
v -4.399328 39.367157 -3.621861
v -4.360147 41.267319 -6.118377
v -4.316059 40.397900 -4.872718
v -4.390797 41.296646 -6.396000
v -7.497117 38.055325 0.197395
v -3.576483 38.511589 -3.938410
v -3.988358 37.490196 -2.555242
v -6.767055 37.106552 0.464719
v -9.079510 38.728085 1.058354
v -3.866070 40.444889 -5.902199
v -8.955400 39.307686 0.537936
v -5.451248 38.284534 -1.343483
v -10.306433 40.318844 0.643300
v -10.001642 40.330448 0.634736
v -4.143826 37.451946 -2.212622
v -5.749136 38.327290 -1.019766
v -4.358300 40.968750 -5.885264
v -4.927414 38.416565 -2.114536
v -7.870878 37.897324 0.894101
v -6.428117 37.135971 0.274690
v -3.594513 39.513821 -4.957861
v -6.054778 38.547157 -0.740201
v -4.171526 41.071682 -6.138076
v -3.639135 38.473850 -3.575279
v -4.321130 37.413937 -1.879979
v -9.941078 40.121830 0.790852
v -6.102544 37.166878 0.064838
v -4.338575 40.360397 -4.203118
v -9.517929 39.537716 0.949407
v -6.877174 38.109341 -0.120109
v -3.846752 40.410271 -5.565223
v -8.689934 38.746384 1.002319
v -5.107628 38.834026 -1.851769
v -4.519003 37.376312 -1.558645
v -5.792649 37.199142 -0.163969
v -4.326539 40.397308 -4.536401
v -7.496769 37.921619 0.769550
v -4.736454 37.339230 -1.249865
v -9.679798 40.078682 0.595005
v -5.500741 37.232651 -0.410864
v -4.972494 37.302830 -0.954885
v -5.227222 37.267254 -0.674839
v -8.287116 39.399994 0.391733
v -3.724633 38.435795 -3.216471
v -4.136720 41.037659 -5.812705
v -4.307738 41.201057 -5.496479
v -3.603203 39.477459 -4.599761
v -4.315411 41.232162 -5.782987
v -3.624691 39.440651 -4.241662
v -6.297809 38.257030 -0.521755
v -7.131939 37.947727 0.623545
v -8.883183 39.902912 0.498258
v -9.560553 40.135902 0.782526
v -3.834826 40.374985 -5.224194
v -8.305092 38.766773 0.924152
v -9.137236 39.553867 0.916906
v -3.834399 38.397522 -2.863412
v -4.326766 40.900803 -5.249975
v -7.631628 39.392704 0.171475
v -9.593498 40.344917 0.633000
v -5.291839 38.433353 -1.557003
v -4.354258 40.003853 -4.012950
v -6.777846 37.975544 0.456621
v -10.850380 39.264015 -10.397006
v -10.849738 39.262897 -10.397331
v -4.117923 41.003994 -5.495617
v -9.224774 40.363850 0.577967
v -3.663788 39.403397 -3.884974
v -3.967955 38.359188 -2.517484
v -4.659572 39.716911 -2.770291
v -8.522238 39.923107 0.429205
v -7.926492 38.789150 0.824206
v -10.325152 38.604275 -10.576837
v -10.297890 38.579388 -10.582243
v -10.370919 38.646053 -10.567760
v -3.827167 40.339275 -4.880467
v -4.596275 40.183311 -2.963523
v -10.439378 38.708126 -10.552312
v -10.412182 38.683586 -10.558987
v -6.435865 38.004959 0.269476
v -10.262757 38.580776 -10.583061
v -8.190518 39.822491 0.351362
v -4.124819 38.320938 -2.180067
v -8.759634 39.572170 0.862908
v -10.640740 38.898891 -10.501648
v -10.630311 38.880501 -10.505798
v -10.498024 38.761051 -10.537919
v -4.300861 41.124504 -4.795136
v -7.009460 39.446167 -0.127809
v -6.107370 38.035870 0.062811
v -3.725302 39.365677 -3.531110
v -4.526225 39.893013 -3.177465
v -9.191044 40.152748 0.745091
v -4.100083 40.967892 -5.156431
v -4.303870 38.282928 -1.852475
v -10.192029 38.583576 -10.584706
v -4.284721 41.162106 -5.133399
v -7.555643 38.813446 0.702834
v -7.860223 39.846035 0.241890
v -5.794423 38.068134 -0.162521
v -10.848849 39.261353 -10.397781
v -10.713685 39.026184 -10.466392
v -10.671848 38.953407 -10.487672
v -4.503989 38.245304 -1.536020
v -10.936689 39.696198 -10.283162
v -10.927645 39.650955 -10.295342
v -3.829251 40.303093 -4.535393
v -5.499082 38.101635 -0.405668
v -4.724216 38.208218 -1.231929
v -4.948578 39.750660 -2.166343
v -5.221940 38.136242 -0.665634
v -4.963593 38.171818 -0.941428
v -8.386621 39.592556 0.787585
v -3.846552 40.266384 -4.190320
v -3.810055 39.327621 -3.181459
v -8.758017 40.176323 0.484920
v -10.051259 38.589157 -10.588022
v -10.051088 38.589279 -10.588005
v -10.116110 38.586582 -10.586473
v -6.430175 39.544552 -0.502524
v -7.193990 38.839550 0.560555
v -7.537347 39.870628 0.115546
v -4.391089 40.611622 -3.851136
v -4.094877 40.931808 -4.821472
v -10.845028 39.254700 -10.399717
v -10.779984 39.141518 -10.432669
v -4.324824 40.769066 -4.389698
v -8.822867 40.170540 0.698379
v -10.908695 39.556164 -10.320865
v -9.991519 38.630974 -10.582188
v -8.852379 40.380116 0.548460
v -3.918865 39.289345 -2.837411
v -5.745487 39.632252 -1.098706
v -7.224999 39.897552 -0.030473
v -5.306096 39.718117 -1.615695
v -6.842980 38.867367 0.397891
v -3.882857 40.229168 -3.846606
v -8.019657 39.614937 0.691275
v -4.716269 40.180820 -2.647967
v -8.456916 40.403801 0.458529
v -9.976001 38.641838 -10.580671
v -4.051258 39.251007 -2.500312
v -4.086954 40.895779 -4.486066
v -4.437284 40.577213 -3.551734
v -4.524186 40.540482 -3.243995
v -6.921885 39.925339 -0.193422
v -8.452269 40.191750 0.621024
v -4.275522 41.088593 -4.459034
v -6.503977 38.896786 0.215522
v -4.857934 40.142212 -2.340669
v -4.303234 41.047337 -4.091165
v -8.074327 40.164875 0.317854
v -3.941950 40.191460 -3.505615
v -7.660206 39.639233 0.574317
v -4.206756 39.212761 -2.171506
v -9.881586 38.707436 -10.569360
v -9.923565 38.678543 -10.575550
v -10.923911 39.796982 -10.260399
v -10.922152 39.810867 -10.257273
v -6.632413 39.955208 -0.373686
v -6.178344 38.927692 0.014132
v -4.384406 39.174751 -1.852274
v -4.104758 40.857979 -4.142718
v -5.867848 38.959957 -0.205450
v -8.107185 40.213223 0.532933
v -4.583254 39.137131 -1.543895
v -4.024097 40.153404 -3.168682
v -7.309669 39.665333 0.437214
v -5.574260 38.993462 -0.442391
v -8.145887 40.422539 0.386810
v -5.599135 40.087517 -1.268916
v -9.827713 38.794746 -10.552061
v -9.835028 38.785885 -10.553846
v -5.382539 40.122475 -1.518968
v -6.347221 40.073692 -0.583102
v -4.802393 39.100044 -1.247565
v -5.298355 39.028069 -0.695723
v -7.784259 40.449875 0.252711
v -5.040914 39.063641 -0.964478
v -9.795568 38.833694 -10.544215
v -4.132743 40.822475 -3.823550
v -4.389050 40.825161 -3.738872
v -5.023507 40.313835 -2.051796
v -10.880635 40.130417 -10.156528
v -10.885697 40.091465 -10.168839
v -5.860858 40.135994 -0.996661
v -4.312503 41.016891 -3.816048
v -7.425447 40.214539 0.069511
v -5.203578 40.277676 -1.779106
v -4.129564 40.115131 -2.837149
v -6.969448 39.693153 0.280467
v -7.754924 40.238277 0.414207
v -9.777055 38.856125 -10.539697
v -6.093134 40.104076 -0.779438
v -4.477474 40.777065 -3.328001
v -4.187282 40.785492 -3.499331
v -4.359498 40.982037 -3.512797
v -4.257887 40.076794 -2.512312
v -6.640865 39.722572 0.104733
v -9.750591 38.893127 -10.532319
v -7.145778 40.502918 -0.027665
v -7.424943 40.263378 0.287738
v -4.578588 40.907387 -2.901082
v -7.485777 40.471966 0.146343
v -6.816243 40.270634 -0.250837
v -4.408606 40.038548 -2.195467
v -6.325240 39.753479 -0.089333
v -4.269050 40.747646 -3.175984
v -4.760521 40.550831 -2.519971
v -4.447198 40.944847 -3.201209
v -4.580937 40.000538 -1.887847
v -6.024044 39.785748 -0.300927
v -9.706358 38.954983 -10.519986
v -7.092097 40.291977 0.130049
v -4.774097 39.962914 -1.590686
v -5.738744 39.819248 -0.529249
v -4.378727 40.709576 -2.859437
v -4.987244 39.925835 -1.305135
v -5.470266 39.853855 -0.773366
v -10.921180 39.818359 -10.254954
v -6.551540 40.562096 -0.378176
v -5.219533 39.889431 -1.032345
v -6.256910 40.370510 -0.636850
v -4.850032 40.825752 -2.242293
v -5.459106 40.444466 -1.412212
v -6.782423 40.320320 -0.032806
v -6.864549 40.528015 -0.167005
v -5.925164 40.413010 -0.918937
v -5.077140 40.569214 -1.940523
v -4.497377 40.671062 -2.541616
v -9.623408 39.069443 -10.490480
v -9.701762 38.961411 -10.518704
v -4.679262 40.868305 -2.576355
v -5.198092 40.752422 -1.683803
v -5.621111 40.681282 -1.169330
v -6.474244 40.352016 -0.226972
v -4.649865 40.631733 -2.227284
v -6.042705 40.618641 -0.731981
v -9.624711 39.083458 -10.487012
v -9.662357 39.488243 -10.386861
v -6.191809 40.382652 -0.419811
v -4.809321 40.594852 -1.937550
v -6.299946 40.587845 -0.532962
v -5.919302 40.415478 -0.635895
v -5.003411 40.556675 -1.647089
v -9.632541 39.167633 -10.466175
v -4.985417 40.792263 -1.979740
v -5.664347 40.449516 -0.868706
v -5.201757 40.520660 -1.377806
v -5.434562 40.483776 -1.111729
v -5.807274 40.650955 -0.951886
v -10.687818 40.527275 -10.043047
v -10.702409 40.497242 -10.051635
v -5.368927 40.719608 -1.438747
v -9.655966 39.419521 -10.403855
v -9.634377 39.187397 -10.461283
v -10.763330 40.371857 -10.087488
v -10.917140 39.849503 -10.245314
v -9.643271 39.283028 -10.437612
v -9.464418 39.798702 -10.304709
v -9.497334 39.788441 -10.309477
v -10.377008 40.845074 -9.941363
v -10.395288 40.826687 -9.948618
v -9.504849 39.786015 -10.310204
v -10.568608 40.651199 -10.012604
v -10.505611 40.715172 -9.990141
v -9.250121 39.866795 -10.273667
v -10.026557 41.078400 -9.851523
v -10.040725 41.070972 -9.854352
v -9.091659 39.887585 -10.256743
v -10.221145 40.949997 -9.901984
v -9.065246 39.884796 -10.256000
v -10.460459 40.761127 -9.974485
v -8.796657 39.869366 -10.231895
v -10.012650 41.082180 -9.850291
v -8.739763 39.876396 -10.223595
v -10.008164 41.083862 -9.849691
v -8.619230 39.970184 -10.178675
v -8.737354 39.878304 -10.222838
v -8.710116 39.899490 -10.212654
v -8.605389 39.980957 -10.173517
v -8.573306 40.005920 -10.161563
v -9.784016 41.270668 -9.766712
v -9.796533 41.273533 -9.763683
v -8.469125 40.201725 -10.078032
v -8.441656 40.410591 -10.002650
v -8.456509 40.484406 -9.980077
v -8.456735 40.485527 -9.979733
v -9.143496 41.104298 -9.810815
v -9.157091 41.107876 -9.810151
v -8.441705 40.410831 -10.002577
v -8.461488 40.509151 -9.972508
v -9.129230 41.101231 -9.811204
v -9.127172 41.100285 -9.811484
v -9.114388 41.094402 -9.813228
v -8.492312 40.634731 -9.935007
v -8.589791 40.803825 -9.883190
v -8.591121 40.806110 -9.882380
v -8.534749 40.709255 -9.916686
v -8.692672 40.897053 -9.855880
v -9.103056 41.089149 -9.814432
v -8.860448 40.975513 -9.838600
v -8.668400 40.875713 -9.862795
v -9.111876 41.093254 -9.813567
v -8.651914 40.861000 -9.867587
v -10.399624 38.672253 -10.562068
v -10.657434 38.928329 -10.495004
v -5.470749 10.001823 -4.731875
v -5.334241 10.301655 -5.241756
v -5.193609 10.810886 -5.880510
v -12.787556 16.755230 -4.258019
v -5.113554 11.320076 -6.537260
v -13.286934 17.202248 -4.439528
v -13.068398 16.734888 -4.137530
v -12.707254 16.279139 -3.908179
v -13.501886 18.627960 -5.445135
v -5.041005 9.973229 -5.182603
v -13.191057 17.688795 -4.837617
v -13.797527 19.092312 -5.736695
v -4.812130 10.377248 -5.855022
v -5.170507 11.310266 -6.453794
v -13.377882 18.157089 -5.135753
v -5.305457 10.310793 -5.326844
v -13.041969 17.227757 -4.624647
v -5.152263 11.319304 -6.541701
v -5.175359 10.819922 -5.968400
v -13.885994 19.079140 -5.631080
v -12.853830 16.277845 -3.941961
v -4.794461 10.879108 -6.460387
v -5.273736 9.827718 -4.899718
v -12.647810 16.293749 -4.040371
v -12.915123 16.774721 -4.500942
v -5.393914 9.937820 -4.934381
v -5.219103 10.338212 -5.582158
v -4.914949 10.009949 -5.522380
v -13.607214 18.650015 -5.704455
v -4.892024 10.886278 -6.565984
v -13.487631 17.671192 -4.750237
v -13.397762 18.164989 -5.223713
v -13.290836 17.710548 -5.092957
v -13.663052 18.141607 -5.068240
v -13.811104 18.613367 -5.392117
v -5.120623 10.847036 -6.232118
v -4.722843 10.415302 -6.221174
v -5.273321 9.967163 -5.196891
v -5.132747 10.365631 -5.837472
v -5.135907 9.863210 -5.221047
v -13.136591 17.249508 -4.879969
v -5.227767 10.074837 -5.404953
v -5.008739 10.883961 -6.579309
v -5.103956 10.374769 -5.922559
v -12.957647 16.781216 -4.581904
v -5.043853 9.895091 -5.521170
v -5.221596 9.981956 -5.332635
v -4.794827 10.049330 -5.892197
v -5.065888 10.874150 -6.495842
v -13.324110 17.717804 -5.178105
v -12.741383 16.315943 -4.300372
v -5.047644 10.883188 -6.583750
v -13.021654 16.295601 -4.179883
v -13.234766 16.762959 -4.481879
v -12.677618 15.839852 -3.950532
v -13.457373 18.188673 -5.487489
v -13.744505 18.653025 -5.779051
v -5.085705 10.383805 -6.010448
v -13.431814 17.231907 -4.792590
v -12.988621 16.788467 -4.666999
v -4.704351 10.442991 -6.502435
v -5.134724 10.009373 -5.587936
v -13.837790 18.639854 -5.673435
v -12.822849 15.838559 -3.984313
v -4.802109 10.450161 -6.608033
v -4.907257 9.937812 -5.919623
v -12.619535 15.854462 -4.082724
v -12.868942 16.335434 -4.543295
v -4.712570 10.087483 -6.261545
v -13.555384 18.210726 -5.746811
v -5.030970 10.410919 -6.274166
v -13.343138 17.725702 -5.266067
v -13.231216 17.271263 -5.135308
v -5.035419 10.040618 -5.879035
v -13.610313 17.702320 -5.110593
v -13.762676 18.174080 -5.434471
v -4.709414 10.192742 -6.459435
v -5.014454 10.148710 -6.100222
v -4.919020 10.447843 -6.621357
v -13.081535 16.810221 -4.922319
v -4.998405 10.057084 -6.037584
v -4.976235 10.438032 -6.537890
v -4.957991 10.447070 -6.625798
v -12.911465 16.341928 -4.624256
v -13.262772 17.278517 -5.220457
v -12.713566 15.876657 -4.342724
v -13.187986 16.323671 -4.524231
v -13.400192 17.749386 -5.529843
v -13.690462 18.213737 -5.821407
v -12.661032 15.400566 -3.992884
v -13.376898 16.792618 -4.834942
v -4.846093 9.976263 -6.298560
v -13.550518 17.263033 -5.152946
v -4.943665 10.084196 -6.301289
v -13.785324 18.200567 -5.715790
v -4.772019 10.113627 -6.551689
v -4.933364 10.188877 -6.490916
v -12.990250 15.856313 -4.222234
v -4.857077 10.201958 -6.602205
v -12.604965 15.415176 -4.125076
v -13.495695 17.771439 -5.789166
v -12.942438 16.349178 -4.709350
v -13.281761 17.286415 -5.308420
v -13.174450 16.831974 -5.177659
v -13.704281 17.734793 -5.476826
v -12.804232 15.399273 -4.026666
v -4.888931 10.111309 -6.565013
v -12.841133 15.896147 -4.585647
v -13.205437 16.839230 -5.262809
v -13.338694 17.310099 -5.572198
v -13.630074 17.774448 -5.863763
v -13.035358 16.370932 -4.964671
v -12.699678 15.437370 -4.385077
v -12.883657 15.902641 -4.666608
v -13.494282 16.823746 -5.195300
v -12.653742 14.961279 -4.035236
v -13.725534 17.761280 -5.758146
v -13.156574 15.884384 -4.566583
v -12.970922 15.417027 -4.264586
v -13.434134 17.332151 -5.831522
v -13.224396 16.847128 -5.350773
v -13.330086 16.353331 -4.877295
v -12.914631 15.909891 -4.751702
v -13.643124 17.295506 -5.519180
v -12.599852 14.975888 -4.167429
v -12.794687 14.959986 -4.069018
v -13.128284 16.392687 -5.220011
v -12.827257 15.456860 -4.627999
v -13.281237 16.870811 -5.614552
v -13.568638 17.335163 -5.906119
v -13.159271 16.399940 -5.305161
v -13.007544 15.931644 -5.007022
v -12.869783 15.463356 -4.708961
v -12.695292 14.998083 -4.427429
v -13.664280 17.321993 -5.800501
v -12.646461 14.521991 -4.077589
v -13.376684 16.892868 -5.873878
v -13.178211 16.407841 -5.393126
v -13.137159 15.445097 -4.608935
v -13.298573 15.914043 -4.919647
v -12.960409 14.977738 -4.306938
v -13.447435 16.384457 -5.237653
v -13.586409 16.856220 -5.561535
v -12.900755 15.470605 -4.794054
v -12.594049 14.536600 -4.209781
v -13.100460 15.953400 -5.262362
v -12.785643 14.520699 -4.111370
v -12.822872 15.017573 -4.670352
v -13.511463 16.895878 -5.948475
v -13.234995 16.431524 -5.656907
v -13.131447 15.960654 -5.347513
v -13.607422 16.882708 -5.842857
v -12.993658 15.492357 -5.049373
v -12.865400 15.024068 -4.751312
v -12.689661 14.558795 -4.469781
v -12.629908 14.082705 -4.119941
v -13.150381 15.968553 -5.435479
v -13.539522 16.416933 -5.603889
v -13.415806 15.945170 -5.280006
v -13.126366 15.005810 -4.651287
v -13.279001 15.474756 -4.961999
v -12.950336 14.538451 -4.349290
v -12.896372 15.031317 -4.836405
v -12.577427 14.097314 -4.252134
v -13.330307 16.453581 -5.916233
v -13.086565 15.514112 -5.304713
v -12.768532 14.081411 -4.153722
v -13.464838 16.456593 -5.990830
v -13.207146 15.992237 -5.699262
v -12.816879 14.578285 -4.712704
v -13.117548 15.521367 -5.389865
v -13.560577 16.443420 -5.885213
v -12.989271 15.053070 -5.091724
v -12.859287 14.584781 -4.793664
v -12.672047 14.119509 -4.512134
v -12.589663 13.643418 -4.162294
v -13.136482 15.529264 -5.477833
v -13.507845 15.977644 -5.646244
v -13.396095 15.505882 -5.322360
v -13.268017 15.035469 -5.004352
v -13.115860 14.566522 -4.693639
v -12.729170 13.642124 -4.196075
v -12.932339 14.099164 -4.391643
v -12.890377 14.592030 -4.878757
v -13.301962 16.014294 -5.958589
v -12.535812 13.658028 -4.294486
v -13.082174 15.074825 -5.347064
v -13.435055 16.017303 -6.033187
v -13.193247 15.552949 -5.741616
v -12.798178 14.138999 -4.755056
v -13.529367 16.004133 -5.927568
v -13.113155 15.082080 -5.432217
v -12.983641 14.613783 -5.134076
v -12.892761 13.659878 -4.433994
v -12.629200 13.680223 -4.554486
v -12.840223 14.145494 -4.836017
v -12.511311 13.204130 -4.204646
v -13.488087 15.538357 -5.688599
v -13.132092 15.089978 -5.520186
v -12.653372 13.202837 -4.238427
v -13.384998 15.066596 -5.364714
v -13.097317 14.127235 -4.735991
v -13.257530 14.596182 -5.046704
v -12.455051 13.218740 -4.336839
v -12.871677 14.152742 -4.921108
v -12.754456 13.699712 -4.797409
v -13.287331 15.575005 -6.000944
v -12.547874 13.240934 -4.596838
v -13.076906 14.635537 -5.389415
v -13.188856 15.113663 -5.783971
v -13.510342 15.564844 -5.969923
v -12.796209 13.706207 -4.878368
v -13.108009 14.642794 -5.474569
v -12.398796 12.764843 -4.246999
v -12.817955 13.220590 -4.476346
v -13.418226 15.578015 -6.075542
v -12.966026 14.174496 -5.176427
v -12.543377 12.763550 -4.280779
v -12.340458 12.779451 -4.379191
v -13.476955 15.099069 -5.730953
v -13.126945 14.650692 -5.562539
v -13.057390 13.687948 -4.778342
v -13.374687 14.627309 -5.407067
v -13.239460 14.156895 -5.089056
v -12.673397 13.260425 -4.839761
v -12.827932 13.713456 -4.963460
v -12.433271 12.801647 -4.639191
v -13.282099 15.135717 -6.043299
v -12.256062 12.325556 -4.289351
v -13.060381 14.196250 -5.431766
v -12.715242 13.266920 -4.920721
v -12.709291 12.781301 -4.518698
v -13.500053 15.125558 -6.012279
v -13.183710 14.674376 -5.826325
v -12.982744 13.248660 -4.820694
v -12.401426 12.324263 -4.323132
v -13.091846 14.203506 -5.516922
v -12.197350 12.340165 -4.421544
v -12.923101 13.735209 -5.218778
v -13.410467 15.138728 -6.117898
v -12.746817 13.274169 -5.005811
v -12.559565 12.821136 -4.882113
v -12.290596 12.362360 -4.681543
v -13.466669 14.659782 -5.773308
v -13.110785 14.211405 -5.604893
v -13.200020 13.717607 -5.131409
v -13.357319 14.188022 -5.449420
v -12.108923 11.886269 -4.331704
v -13.276306 14.696431 -6.085655
v -12.568140 12.342015 -4.561050
v -12.841532 13.295921 -5.261129
v -12.254141 11.884975 -4.365484
v -12.601665 12.827632 -4.963073
v -13.018272 13.756964 -5.474117
v -12.050657 11.900878 -4.463896
v -12.874512 12.809373 -4.863046
v -13.490383 14.686270 -6.054634
v -13.167549 14.235090 -5.868680
v -12.632944 12.834882 -5.048163
v -13.125425 13.278320 -5.173761
v -13.050011 13.764218 -5.559273
v -12.144430 11.923073 -4.723896
v -12.417515 12.381850 -4.924466
v -13.402727 14.699442 -6.160254
v -11.983196 11.446980 -4.374056
v -13.449450 14.220496 -5.815662
v -13.068964 13.772118 -5.647246
v -12.421225 11.902729 -4.603402
v -12.936253 13.317677 -5.516468
v -13.318531 13.748734 -5.491774
v -12.128147 11.445687 -4.407836
v -12.459824 12.388345 -5.005424
v -12.726770 12.856634 -5.303480
v -11.925304 11.461590 -4.506248
v -12.733822 12.370086 -4.905398
v -13.259993 14.257145 -6.128011
v -12.490934 12.395594 -5.090515
v -12.967840 13.324931 -5.601625
v -12.271778 11.942563 -4.966818
v -12.019361 11.483785 -4.766248
v -13.017004 12.839033 -5.216114
v -13.125790 13.795803 -5.911035
v -13.473211 14.246984 -6.096990
v -13.243961 13.309448 -5.534127
v -12.986855 13.332830 -5.689599
v -11.880161 11.007692 -4.416409
v -12.295267 11.463441 -4.645755
v -13.385971 14.260156 -6.202610
v -12.820597 12.878388 -5.558819
v -12.314230 11.949058 -5.047777
v -12.024981 11.006399 -4.450189
v -12.587257 11.930799 -4.947750
v -12.584255 12.417347 -5.345831
v -13.410820 13.781209 -5.858017
v -11.822399 11.022302 -4.548601
v -12.345259 11.956306 -5.132866
v -13.043848 13.356515 -5.953389
v -12.146887 11.503275 -5.009171
v -12.876081 12.399746 -5.258466
v -13.218662 13.817858 -6.170366
v -11.916498 11.044497 -4.808601
v -12.851889 12.885644 -5.643977
v -13.345770 13.820868 -6.244966
v -13.135201 12.870161 -5.576480
v -12.870939 12.893542 -5.731953
v -11.801098 10.568406 -4.458761
v -12.192049 11.024153 -4.688107
v -13.434145 13.807697 -6.139346
v -13.336317 13.341923 -5.900372
v -12.189400 11.509770 -5.090129
v -12.677580 12.439101 -5.601171
v -12.438334 11.978060 -5.388183
v -12.461403 11.491511 -4.990102
v -11.946175 10.567113 -4.492541
v -13.137806 13.378571 -6.212722
v -11.743050 10.583015 -4.590953
v -12.220390 11.517019 -5.175218
v -12.729324 11.960459 -5.300818
v -12.044022 11.063987 -5.051523
v -12.928049 12.917228 -5.995744
v -12.708704 12.446357 -5.686329
v -11.836952 10.605210 -4.850953
v -12.993855 12.430874 -5.618834
v -12.727718 12.454256 -5.774306
v -13.267708 13.381582 -6.287322
v -12.531412 11.999814 -5.643522
v -11.745699 10.129120 -4.501113
v -12.086535 11.070482 -5.132481
v -12.313345 11.538772 -5.430534
v -13.227535 12.902636 -5.942726
v -12.113354 10.584866 -4.730459
v -12.358177 11.052224 -5.032454
v -13.358797 13.368411 -6.181702
v -11.891306 10.127827 -4.534894
v -12.117523 11.077732 -5.217569
v -13.022997 12.939283 -6.255077
v -12.603399 11.521171 -5.343171
v -11.687101 10.143729 -4.633306
v -12.784714 12.477941 -6.038098
v -12.562456 12.007070 -5.728682
v -11.964363 10.624701 -5.093875
v -12.846745 11.991586 -5.661187
v -11.780733 10.165924 -4.893306
v -12.581411 12.014969 -5.816659
v -12.406305 11.560527 -5.685873
v -13.086073 12.463347 -5.985081
v -12.210480 11.099484 -5.472885
v -13.155560 12.942294 -6.329678
v -12.006840 10.631195 -5.174832
v -12.058706 10.145578 -4.772810
v -12.279514 10.612936 -5.074806
v -11.713654 9.689834 -4.543466
v -13.249241 12.929124 -6.224057
v -12.879807 12.499996 -6.297433
v -12.037865 10.638445 -5.259921
v -12.638237 12.038654 -6.080453
v -12.437307 11.567782 -5.771033
v -12.500181 11.081883 -5.385524
v -11.859953 9.688540 -4.577246
v -11.654402 9.704443 -4.675658
v -12.720709 11.552299 -5.703541
v -11.908043 10.185414 -5.136228
v -12.456247 11.575682 -5.859013
v -12.938850 12.024060 -6.027435
v -12.303442 11.121239 -5.728225
v -13.013109 12.503007 -6.372033
v -12.130936 10.660196 -5.515236
v -11.950483 10.191909 -5.217185
v -13.107555 12.489837 -6.266413
v -12.733091 12.060709 -6.339788
v -11.747845 9.726638 -4.935658
v -12.513014 11.599367 -6.122808
v -12.224926 10.173649 -5.117158
v -11.703415 9.464220 -4.758319
v -12.334446 11.128494 -5.813385
v -12.421539 10.642596 -5.427876
v -11.981544 10.199157 -5.302273
v -11.857380 9.452631 -4.687803
v -12.617496 11.113011 -5.745894
v -12.353386 11.136395 -5.901366
v -12.027639 9.706292 -4.815163
v -11.743387 9.368834 -4.677421
v -12.812773 11.584772 -6.069790
v -12.866144 12.063720 -6.414390
v -12.224010 10.681952 -5.770576
v -12.960394 12.050549 -6.308768
v -12.074717 10.220909 -5.557587
v -12.607716 11.621423 -6.382144
v -11.875191 9.746128 -5.178580
v -12.410152 11.160080 -6.165162
v -11.768600 9.396438 -4.971566
v -12.255053 10.689207 -5.855738
v -11.917645 9.752623 -5.259537
v -12.366987 10.203309 -5.470228
v -11.979418 9.381178 -4.881194
v -12.273993 10.697107 -5.943719
v -12.538868 10.673724 -5.788247
v -11.846716 9.496699 -5.140967
v -12.709566 11.145486 -6.112144
v -12.740458 11.624433 -6.456745
v -12.193926 9.734363 -5.159510
v -11.873306 9.284410 -4.994583
v -12.834417 11.611261 -6.351124
v -11.948692 9.759871 -5.344624
v -12.167892 10.242664 -5.812926
v -12.504812 11.182136 -6.424500
v -12.330761 10.720793 -6.207517
v -12.198969 10.249920 -5.898089
v -11.896019 9.415926 -5.214475
v -12.041830 9.781623 -5.599938
v -11.958502 9.427330 -5.352732
v -12.637423 11.185146 -6.499101
v -12.484335 10.234438 -5.830601
v -12.630943 10.706200 -6.154499
v -12.143385 9.408199 -5.213896
v -12.731253 11.171975 -6.393479
v -12.217909 10.257820 -5.986073
v -12.030159 9.308281 -5.292352
v -12.425516 10.742849 -6.466855
v -12.336033 9.764022 -5.512581
v -12.134970 9.803377 -5.855278
v -12.061745 9.451849 -5.639995
v -12.274677 10.281507 -6.249871
v -12.558416 10.745860 -6.541457
v -12.166033 9.810633 -5.940441
v -12.652534 10.732689 -6.435834
v -12.283432 9.438648 -5.574478
v -12.163937 9.341099 -5.675463
v -12.114933 9.553553 -5.816304
v -12.369627 10.303563 -6.509211
v -12.184975 9.818533 -6.028425
v -12.576416 10.266913 -6.196854
v -12.453405 9.795151 -5.872954
v -12.154831 9.473606 -5.895373
v -12.503111 10.306574 -6.583813
v -12.241743 9.842218 -6.292226
v -12.198612 9.485710 -6.034919
v -12.597813 10.293403 -6.478189
v -12.401051 9.468174 -5.918315
v -12.282238 9.365818 -5.969693
v -12.545494 9.827625 -6.239208
v -12.263973 9.510929 -6.317365
v -12.336945 9.864275 -6.551566
v -12.471184 9.867286 -6.626168
v -12.566641 9.854115 -6.520545
v -12.373381 9.395634 -6.308071
v -12.340425 9.612733 -6.502283
v -12.492908 9.499984 -6.277601
v -12.510511 9.604974 -6.476714
v -12.436615 9.529729 -6.567822
vt 0.361604 0.210749
vt 0.362599 0.212863
vt 0.361604 0.210749
vt 0.637401 0.212863
vt 0.638396 0.210749
vt 0.637401 0.212863
vt 0.348957 0.195031
vt 0.346820 0.185471
vt 0.348957 0.195031
vt 0.643450 0.195193
vt 0.644172 0.192971
vt 0.643450 0.195193
vt 0.637327 0.226744
vt 0.633680 0.229593
vt 0.634699 0.227426
vt 0.356550 0.195193
vt 0.356550 0.195193
vt 0.355828 0.192971
vt 0.358716 0.201860
vt 0.351691 0.204439
vt 0.351691 0.204439
vt 0.653180 0.185471
vt 0.653180 0.185471
vt 0.653640 0.178090
vt 0.632242 0.226031
vt 0.634416 0.219205
vt 0.634416 0.219205
vt 0.645923 0.183790
vt 0.647237 0.176905
vt 0.645923 0.183790
vt 0.644610 0.190676
vt 0.355009 0.213656
vt 0.355009 0.213656
vt 0.641100 0.222647
vt 0.640265 0.222217
vt 0.651346 0.175221
vt 0.653640 0.178090
vt 0.346820 0.185471
vt 0.346360 0.178090
vt 0.651043 0.195031
vt 0.644991 0.213656
vt 0.639118 0.208526
vt 0.641284 0.201860
vt 0.641284 0.201860
vt 0.648309 0.204439
vt 0.648309 0.204439
vt 0.651346 0.175221
vt 0.647675 0.174610
vt 0.647675 0.174610
vt 0.348654 0.175221
vt 0.348654 0.175221
vt 0.648592 0.174763
vt 0.648592 0.174763
vt 0.351845 0.177058
vt 0.354077 0.183790
vt 0.354077 0.183790
vt 0.637156 0.228822
vt 0.362599 0.212863
vt 0.365584 0.219205
vt 0.365584 0.219205
vt 0.355390 0.190676
vt 0.355390 0.190676
vt 0.360882 0.208526
vt 0.360882 0.208526
vt 0.366320 0.229593
vt 0.362844 0.228822
vt 0.366320 0.229593
vt 0.351845 0.177058
vt 0.644610 0.190676
vt 0.367758 0.226031
vt 0.367758 0.226031
vt 0.639118 0.208526
vt 0.632242 0.226031
vt 0.647237 0.176905
vt 0.358900 0.222647
vt 0.651346 0.175221
vt 0.362844 0.228822
vt 0.358900 0.222647
vt 0.644172 0.192971
vt 0.346360 0.178090
vt 0.638396 0.210749
vt 0.633680 0.229593
vt 0.651043 0.195031
vt 0.644991 0.213656
vt 0.351845 0.177058
vt 0.355828 0.192971
vt 0.361604 0.210749
vt 0.358716 0.201860
vt 0.637401 0.212863
vt 0.643450 0.195193
vt 0.637156 0.228822
vt 0.641100 0.222647
vt 0.653180 0.185471
vt 0.645923 0.183790
vt 0.653640 0.178090
vt 0.634416 0.219205
vt 0.641284 0.201860
vt 0.647675 0.174610
vt 0.348957 0.195031
vt 0.648309 0.204439
vt 0.356550 0.195193
vt 0.648592 0.174763
vt 0.362599 0.212863
vt 0.351691 0.204439
vt 0.346820 0.185471
vt 0.362844 0.228822
vt 0.355009 0.213656
vt 0.644610 0.190676
vt 0.358900 0.222647
vt 0.348654 0.175221
vt 0.639118 0.208526
vt 0.647237 0.176905
vt 0.651346 0.175221
vt 0.632242 0.226031
vt 0.644172 0.192971
vt 0.354077 0.183790
vt 0.638396 0.210749
vt 0.651043 0.195031
vt 0.633680 0.229593
vt 0.355390 0.190676
vt 0.367758 0.226031
vt 0.644991 0.213656
vt 0.360882 0.208526
vt 0.637401 0.212863
vt 0.643450 0.195193
vt 0.346360 0.178090
vt 0.351845 0.177058
vt 0.653180 0.185471
vt 0.645923 0.183790
vt 0.653640 0.178090
vt 0.355828 0.192971
vt 0.637156 0.228822
vt 0.641100 0.222647
vt 0.361604 0.210749
vt 0.365584 0.219205
vt 0.366320 0.229593
vt 0.358716 0.201860
vt 0.634416 0.219205
vt 0.641284 0.201860
vt 0.647675 0.174610
vt 0.648309 0.204439
vt 0.648592 0.174763
vt 0.644610 0.190676
vt 0.639118 0.208526
vt 0.647237 0.176905
vt 0.651346 0.175221
vt 0.644172 0.192971
vt 0.348957 0.195031
vt 0.632242 0.226031
vt 0.346820 0.185471
vt 0.356550 0.195193
vt 0.638396 0.210749
vt 0.651043 0.195031
vt 0.362599 0.212863
vt 0.351691 0.204439
vt 0.362844 0.228822
vt 0.633680 0.229593
vt 0.644991 0.213656
vt 0.348654 0.175221
vt 0.355009 0.213656
vt 0.637401 0.212863
vt 0.643450 0.195193
vt 0.358900 0.222647
vt 0.653180 0.185471
vt 0.367758 0.226031
vt 0.653640 0.178090
vt 0.645923 0.183790
vt 0.355390 0.190676
vt 0.641100 0.222647
vt 0.637156 0.228822
vt 0.346360 0.178090
vt 0.634416 0.219205
vt 0.360882 0.208526
vt 0.641284 0.201860
vt 0.648309 0.204439
vt 0.354077 0.183790
vt 0.647675 0.174610
vt 0.648592 0.174763
vt 0.355828 0.192971
vt 0.366320 0.229593
vt 0.644610 0.190676
vt 0.358716 0.201860
vt 0.365584 0.219205
vt 0.639118 0.208526
vt 0.361604 0.210749
vt 0.647237 0.176905
vt 0.644172 0.192971
vt 0.351845 0.177058
vt 0.632242 0.226031
vt 0.651346 0.175221
vt 0.638396 0.210749
vt 0.651043 0.195031
vt 0.633680 0.229593
vt 0.644991 0.213656
vt 0.637401 0.212863
vt 0.643450 0.195193
vt 0.346820 0.185471
vt 0.348957 0.195031
vt 0.356550 0.195193
vt 0.653180 0.185471
vt 0.348654 0.175221
vt 0.351691 0.204439
vt 0.641100 0.222647
vt 0.637156 0.228822
vt 0.653640 0.178090
vt 0.362599 0.212863
vt 0.362844 0.228822
vt 0.645923 0.183790
vt 0.634416 0.219205
vt 0.355009 0.213656
vt 0.641284 0.201860
vt 0.648309 0.204439
vt 0.358900 0.222647
vt 0.355390 0.190676
vt 0.346360 0.178090
vt 0.647675 0.174610
vt 0.351845 0.177058
vt 0.648592 0.174763
vt 0.366320 0.229593
vt 0.644610 0.190676
vt 0.367758 0.226031
vt 0.639118 0.208526
vt 0.354077 0.183790
vt 0.360882 0.208526
vt 0.632242 0.226031
vt 0.638396 0.210749
vt 0.644172 0.192971
vt 0.348957 0.195031
vt 0.651043 0.195031
vt 0.647237 0.176905
vt 0.633680 0.229593
vt 0.355828 0.192971
vt 0.651346 0.175221
vt 0.644991 0.213656
vt 0.637401 0.212863
vt 0.358716 0.201860
vt 0.643450 0.195193
vt 0.365584 0.219205
vt 0.361604 0.210749
vt 0.653180 0.185471
vt 0.641100 0.222647
vt 0.637156 0.228822
vt 0.346820 0.185471
vt 0.634416 0.219205
vt 0.355390 0.190676
vt 0.653640 0.178090
vt 0.645923 0.183790
vt 0.641284 0.201860
vt 0.648309 0.204439
vt 0.356550 0.195193
vt 0.348654 0.175221
vt 0.351691 0.204439
vt 0.354077 0.183790
vt 0.362599 0.212863
vt 0.362844 0.228822
vt 0.355009 0.213656
vt 0.639118 0.208526
vt 0.632242 0.226031
vt 0.644610 0.190676
vt 0.647675 0.174610
vt 0.648592 0.174763
vt 0.346360 0.178090
vt 0.358716 0.201860
vt 0.638396 0.210749
vt 0.358900 0.222647
vt 0.633680 0.229593
vt 0.651043 0.195031
vt 0.355828 0.192971
vt 0.644991 0.213656
vt 0.644172 0.192971
vt 0.637401 0.212863
vt 0.348957 0.195031
vt 0.647237 0.176905
vt 0.360882 0.208526
vt 0.366320 0.229593
vt 0.651346 0.175221
vt 0.367758 0.226031
vt 0.643450 0.195193
vt 0.351691 0.204439
vt 0.641100 0.222647
vt 0.637156 0.228822
vt 0.356550 0.195193
vt 0.351845 0.177058
vt 0.634416 0.219205
vt 0.653180 0.185471
vt 0.361604 0.210749
vt 0.355009 0.213656
vt 0.365584 0.219205
vt 0.648309 0.204439
vt 0.346820 0.185471
vt 0.641284 0.201860
vt 0.653640 0.178090
vt 0.355390 0.190676
vt 0.645923 0.183790
vt 0.348654 0.175221
vt 0.632242 0.226031
vt 0.639118 0.208526
vt 0.360882 0.208526
vt 0.633680 0.229593
vt 0.638396 0.210749
vt 0.644610 0.190676
vt 0.644991 0.213656
vt 0.362599 0.212863
vt 0.647674 0.174610
vt 0.648592 0.174763
vt 0.651043 0.195031
vt 0.358716 0.201860
vt 0.346360 0.178090
vt 0.362844 0.228822
vt 0.637401 0.212863
vt 0.355828 0.192971
vt 0.644172 0.192971
vt 0.358900 0.222647
vt 0.354077 0.183790
vt 0.348957 0.195031
vt 0.647237 0.176905
vt 0.641100 0.222647
vt 0.637156 0.228822
vt 0.651346 0.175221
vt 0.643450 0.195193
vt 0.351691 0.204439
vt 0.367758 0.226031
vt 0.634416 0.219205
vt 0.356550 0.195193
vt 0.361604 0.210749
vt 0.653180 0.185471
vt 0.648309 0.204439
vt 0.351845 0.177058
vt 0.355009 0.213656
vt 0.641284 0.201860
vt 0.355390 0.190676
vt 0.346820 0.185471
vt 0.645923 0.183790
vt 0.365584 0.219205
vt 0.366320 0.229593
vt 0.362599 0.212863
vt 0.358900 0.222647
vt 0.632242 0.226031
vt 0.639118 0.208526
vt 0.633680 0.229593
vt 0.644991 0.213656
vt 0.360882 0.208526
vt 0.348654 0.175221
vt 0.638396 0.210749
vt 0.644610 0.190676
vt 0.653640 0.178090
vt 0.358716 0.201860
vt 0.651043 0.195031
vt 0.647675 0.174610
vt 0.637401 0.212863
vt 0.355828 0.192971
vt 0.644172 0.192971
vt 0.346360 0.178090
vt 0.637156 0.228822
vt 0.641100 0.222647
vt 0.362844 0.228822
vt 0.648592 0.174763
vt 0.354077 0.183790
vt 0.643450 0.195193
vt 0.647237 0.176905
vt 0.351691 0.204439
vt 0.634416 0.219205
vt 0.356550 0.195193
vt 0.365584 0.219205
vt 0.361604 0.210749
vt 0.366320 0.229593
vt 0.367758 0.226031
vt 0.648309 0.204439
vt 0.355009 0.213656
vt 0.653180 0.185471
vt 0.651346 0.175221
vt 0.348957 0.195031
vt 0.641284 0.201860
vt 0.351845 0.177058
vt 0.362599 0.212863
vt 0.632242 0.226031
vt 0.645923 0.183790
vt 0.346820 0.185471
vt 0.358900 0.222647
vt 0.362844 0.228822
vt 0.639118 0.208526
vt 0.360882 0.208526
vt 0.644991 0.213656
vt 0.638396 0.210749
vt 0.358716 0.201860
vt 0.355390 0.190676
vt 0.346360 0.178090
vt 0.644610 0.190676
vt 0.653640 0.178090
vt 0.651043 0.195031
vt 0.637401 0.212863
vt 0.637156 0.228822
vt 0.647675 0.174610
vt 0.641100 0.222647
vt 0.633680 0.229593
vt 0.367758 0.226031
vt 0.644172 0.192971
vt 0.348654 0.175221
vt 0.648592 0.174763
vt 0.354077 0.183790
vt 0.351691 0.204439
vt 0.365584 0.219205
vt 0.356550 0.195193
vt 0.361604 0.210749
vt 0.634416 0.219205
vt 0.643450 0.195193
vt 0.647237 0.176905
vt 0.355828 0.192971
vt 0.366320 0.229593
vt 0.355009 0.213656
vt 0.648309 0.204439
vt 0.653180 0.185471
vt 0.362599 0.212863
vt 0.348957 0.195031
vt 0.651346 0.175221
vt 0.641284 0.201860
vt 0.358900 0.222647
vt 0.632242 0.226031
vt 0.351845 0.177058
vt 0.360882 0.208526
vt 0.645923 0.183790
vt 0.362844 0.228822
vt 0.346820 0.185471
vt 0.644991 0.213656
vt 0.639118 0.208526
vt 0.358716 0.201860
vt 0.638396 0.210749
vt 0.355390 0.190676
vt 0.367758 0.226031
vt 0.644610 0.190676
vt 0.348654 0.175221
vt 0.637401 0.212863
vt 0.651043 0.195031
vt 0.653640 0.178090
vt 0.637156 0.228822
vt 0.641100 0.222647
vt 0.633680 0.229593
vt 0.647675 0.174610
vt 0.365584 0.219205
vt 0.361604 0.210749
vt 0.644172 0.192971
vt 0.355828 0.192971
vt 0.346360 0.178090
vt 0.634416 0.219205
vt 0.648592 0.174763
vt 0.366320 0.229593
vt 0.354077 0.183790
vt 0.355009 0.213656
vt 0.643450 0.195193
vt 0.647237 0.176905
vt 0.362599 0.212863
vt 0.648309 0.204439
vt 0.358900 0.222647
vt 0.653180 0.185471
vt 0.351691 0.204439
vt 0.356550 0.195193
vt 0.348957 0.195031
vt 0.632242 0.226031
vt 0.362844 0.228822
vt 0.651346 0.175221
vt 0.360882 0.208526
vt 0.641284 0.201860
vt 0.351845 0.177058
vt 0.645923 0.183790
vt 0.346820 0.185471
vt 0.644991 0.213656
vt 0.639118 0.208526
vt 0.367758 0.226031
vt 0.355390 0.190676
vt 0.638396 0.210749
vt 0.633680 0.229593
vt 0.365584 0.219205
vt 0.361604 0.210749
vt 0.348654 0.175221
vt 0.637401 0.212863
vt 0.651043 0.195031
vt 0.644610 0.190676
vt 0.641100 0.222647
vt 0.653640 0.178090
vt 0.358716 0.201860
vt 0.355828 0.192971
vt 0.366320 0.229593
vt 0.647675 0.174610
vt 0.644172 0.192971
vt 0.346360 0.178090
vt 0.355009 0.213656
vt 0.634416 0.219205
vt 0.362599 0.212863
vt 0.354077 0.183790
vt 0.648592 0.174763
vt 0.351845 0.177058
vt 0.643450 0.195193
vt 0.358900 0.222647
vt 0.637156 0.228822
vt 0.647237 0.176905
vt 0.362844 0.228822
vt 0.648309 0.204439
vt 0.351691 0.204439
vt 0.356550 0.195193
vt 0.653180 0.185471
vt 0.348957 0.195031
vt 0.632242 0.226031
vt 0.641284 0.201860
vt 0.651346 0.175221
vt 0.367758 0.226031
vt 0.346820 0.185471
vt 0.645923 0.183790
vt 0.644991 0.213656
vt 0.360882 0.208526
vt 0.639118 0.208526
vt 0.365584 0.219205
vt 0.355390 0.190676
vt 0.361604 0.210749
vt 0.638396 0.210749
vt 0.633680 0.229593
vt 0.348654 0.175221
vt 0.366320 0.229593
vt 0.637401 0.212863
vt 0.641100 0.222647
vt 0.651043 0.195031
vt 0.644610 0.190676
vt 0.653640 0.178090
vt 0.358716 0.201860
vt 0.355828 0.192971
vt 0.346360 0.178090
vt 0.647675 0.174610
vt 0.362599 0.212863
vt 0.644172 0.192971
vt 0.358900 0.222647
vt 0.354077 0.183790
vt 0.351845 0.177058
vt 0.634416 0.219205
vt 0.362844 0.228822
vt 0.648592 0.174763
vt 0.643450 0.195193
vt 0.637156 0.228822
vt 0.647237 0.176905
vt 0.648309 0.204439
vt 0.351691 0.204439
vt 0.355009 0.213656
vt 0.356550 0.195193
vt 0.348957 0.195031
vt 0.367758 0.226031
vt 0.653180 0.185471
vt 0.632242 0.226031
vt 0.641284 0.201860
vt 0.651346 0.175221
vt 0.346820 0.185471
vt 0.365584 0.219205
vt 0.645923 0.183790
vt 0.360882 0.208526
vt 0.644991 0.213656
vt 0.366320 0.229593
vt 0.639118 0.208526
vt 0.348654 0.175221
vt 0.355390 0.190676
vt 0.354077 0.183790
vt 0.633680 0.229593
vt 0.638396 0.210749
vt 0.361604 0.210749
vt 0.641100 0.222647
vt 0.637401 0.212863
vt 0.346360 0.178090
vt 0.651043 0.195031
vt 0.358716 0.201860
vt 0.644610 0.190676
vt 0.653640 0.178090
vt 0.355828 0.192971
vt 0.647675 0.174610
vt 0.351845 0.177058
vt 0.362844 0.228822
vt 0.644172 0.192971
vt 0.634416 0.219205
vt 0.648592 0.174763
vt 0.643450 0.195193
vt 0.637156 0.228822
vt 0.647237 0.176905
vt 0.362599 0.212863
vt 0.348957 0.195031
vt 0.367758 0.226031
vt 0.351691 0.204439
vt 0.648309 0.204439
vt 0.355009 0.213656
vt 0.356550 0.195193
vt 0.358900 0.222647
vt 0.346820 0.185471
vt 0.653180 0.185471
vt 0.632242 0.226031
vt 0.651346 0.175221
vt 0.641284 0.201860
vt 0.366320 0.229593
vt 0.348654 0.175221
vt 0.360882 0.208526
vt 0.645923 0.183790
vt 0.354077 0.183790
vt 0.355390 0.190676
vt 0.644991 0.213656
vt 0.639118 0.208526
vt 0.346360 0.178090
vt 0.633680 0.229593
vt 0.638396 0.210749
vt 0.361604 0.210749
vt 0.365584 0.219205
vt 0.358716 0.201860
vt 0.351845 0.177058
vt 0.348957 0.195031
vt 0.637401 0.212863
vt 0.651043 0.195031
vt 0.644610 0.190676
vt 0.653640 0.178090
vt 0.637156 0.228822
vt 0.356550 0.195193
vt 0.647675 0.174610
vt 0.648592 0.174763
vt 0.355828 0.192971
vt 0.644172 0.192971
vt 0.641100 0.222647
vt 0.634416 0.219205
vt 0.643450 0.195193
vt 0.647237 0.176905
vt 0.351691 0.204439
vt 0.651346 0.175221
vt 0.362599 0.212863
vt 0.346820 0.185471
vt 0.362844 0.228822
vt 0.355009 0.213656
vt 0.648309 0.204439
vt 0.358900 0.222647
vt 0.653180 0.185471
vt 0.348654 0.175221
vt 0.632242 0.226031
vt 0.366320 0.229593
vt 0.641284 0.201860
vt 0.358716 0.201860
vt 0.354077 0.183790
vt 0.367758 0.226031
vt 0.360882 0.208526
vt 0.355390 0.190676
vt 0.645923 0.183790
vt 0.346360 0.178090
vt 0.644991 0.213656
vt 0.639118 0.208526
vt 0.351845 0.177058
vt 0.348957 0.195031
vt 0.361604 0.210749
vt 0.638396 0.210749
vt 0.633680 0.229593
vt 0.351691 0.204439
vt 0.365584 0.219205
vt 0.356550 0.195193
vt 0.355009 0.213656
vt 0.653640 0.178090
vt 0.644610 0.190676
vt 0.637401 0.212863
vt 0.651043 0.195031
vt 0.641100 0.222647
vt 0.355828 0.192971
vt 0.647674 0.174610
vt 0.648592 0.174763
vt 0.644172 0.192971
vt 0.346820 0.185471
vt 0.634416 0.219205
vt 0.355390 0.190676
vt 0.643450 0.195193
vt 0.360882 0.208526
vt 0.647237 0.176905
vt 0.362599 0.212863
vt 0.651346 0.175221
vt 0.637156 0.228822
vt 0.362844 0.228822
vt 0.348654 0.175221
vt 0.358900 0.222647
vt 0.648309 0.204439
vt 0.354077 0.183790
vt 0.653180 0.185471
vt 0.358716 0.201860
vt 0.366320 0.229593
vt 0.632242 0.226031
vt 0.346360 0.178090
vt 0.641284 0.201860
vt 0.367758 0.226031
vt 0.355828 0.192971
vt 0.361604 0.210749
vt 0.351845 0.177058
vt 0.645923 0.183790
vt 0.348957 0.195031
vt 0.351691 0.204439
vt 0.644991 0.213656
vt 0.639118 0.208526
vt 0.356550 0.195193
vt 0.355009 0.213656
vt 0.365584 0.219205
vt 0.638396 0.210749
vt 0.633680 0.229593
vt 0.362599 0.212863
vt 0.362844 0.228822
vt 0.653640 0.178090
vt 0.358900 0.222647
vt 0.644610 0.190676
vt 0.651043 0.195031
vt 0.637401 0.212863
vt 0.641100 0.222647
vt 0.346820 0.185471
vt 0.647675 0.174610
vt 0.644172 0.192971
vt 0.355390 0.190676
vt 0.360882 0.208526
vt 0.648592 0.174763
vt 0.348654 0.175221
vt 0.634416 0.219205
vt 0.643450 0.195193
vt 0.647237 0.176905
vt 0.354077 0.183790
vt 0.637156 0.228822
vt 0.358716 0.201860
vt 0.346360 0.178090
vt 0.648309 0.204439
vt 0.653180 0.185471
vt 0.355828 0.192971
vt 0.365584 0.219205
vt 0.366320 0.229593
vt 0.651346 0.175221
vt 0.351845 0.177058
vt 0.348957 0.195031
vt 0.632242 0.226031
vt 0.641284 0.201860
vt 0.367758 0.226031
vt 0.361604 0.210749
vt 0.351691 0.204439
vt 0.645923 0.183790
vt 0.356550 0.195193
vt 0.355009 0.213656
vt 0.644991 0.213656
vt 0.639118 0.208526
vt 0.362599 0.212863
vt 0.638396 0.210749
vt 0.358900 0.222647
vt 0.346820 0.185471
vt 0.362844 0.228822
vt 0.653640 0.178090
vt 0.355390 0.190676
vt 0.651043 0.195031
vt 0.644610 0.190676
vt 0.637156 0.228822
vt 0.637401 0.212863
vt 0.641100 0.222647
vt 0.633680 0.229593
vt 0.348654 0.175221
vt 0.647675 0.174610
vt 0.360882 0.208526
vt 0.644172 0.192971
vt 0.354077 0.183790
vt 0.648592 0.174763
vt 0.634416 0.219205
vt 0.367758 0.226031
vt 0.358716 0.201860
vt 0.346360 0.178090
vt 0.643450 0.195193
vt 0.647237 0.176905
vt 0.355828 0.192971
vt 0.351845 0.177058
vt 0.348957 0.195031
vt 0.648309 0.204439
vt 0.365584 0.219205
vt 0.366320 0.229593
vt 0.653180 0.185471
vt 0.361604 0.210749
vt 0.351691 0.204439
vt 0.651346 0.175221
vt 0.632242 0.226031
vt 0.356550 0.195193
vt 0.641284 0.201860
vt 0.355009 0.213656
vt 0.645923 0.183790
vt 0.362599 0.212863
vt 0.346820 0.185471
vt 0.644991 0.213656
vt 0.358900 0.222647
vt 0.639118 0.208526
vt 0.355390 0.190676
vt 0.362844 0.228822
vt 0.638396 0.210749
vt 0.348654 0.175221
vt 0.360882 0.208526
vt 0.651043 0.195031
vt 0.637156 0.228822
vt 0.653640 0.178090
vt 0.637401 0.212863
vt 0.641100 0.222647
vt 0.354077 0.183790
vt 0.644610 0.190676
vt 0.633680 0.229593
vt 0.346360 0.178090
vt 0.358716 0.201860
vt 0.647675 0.174610
vt 0.644172 0.192971
vt 0.367758 0.226031
vt 0.355828 0.192971
vt 0.351845 0.177058
vt 0.634416 0.219205
vt 0.348957 0.195031
vt 0.648592 0.174763
vt 0.643450 0.195193
vt 0.365584 0.219205
vt 0.351691 0.204439
vt 0.361604 0.210749
vt 0.647237 0.176905
vt 0.366320 0.229593
vt 0.648309 0.204439
vt 0.356550 0.195193
vt 0.355009 0.213656
vt 0.653180 0.185471
vt 0.632242 0.226031
vt 0.346820 0.185471
vt 0.641284 0.201860
vt 0.651346 0.175221
vt 0.362599 0.212863
vt 0.358900 0.222647
vt 0.355390 0.190676
vt 0.348654 0.175221
vt 0.362844 0.228822
vt 0.645923 0.183790
vt 0.644991 0.213656
vt 0.639118 0.208526
vt 0.360882 0.208526
vt 0.354077 0.183790
vt 0.633680 0.229593
vt 0.638396 0.210749
vt 0.346360 0.178090
vt 0.358716 0.201860
vt 0.651043 0.195031
vt 0.641100 0.222647
vt 0.637401 0.212863
vt 0.355828 0.192971
vt 0.351845 0.177058
vt 0.653640 0.178090
vt 0.367758 0.226031
vt 0.644610 0.190676
vt 0.348957 0.195031
vt 0.644172 0.192971
vt 0.351691 0.204439
vt 0.365584 0.219205
vt 0.647675 0.174610
vt 0.361604 0.210749
vt 0.634416 0.219205
vt 0.356550 0.195193
vt 0.366320 0.229593
vt 0.637156 0.228822
vt 0.355009 0.213656
vt 0.648592 0.174763
vt 0.346820 0.185471
vt 0.648309 0.204439
vt 0.647237 0.176905
vt 0.641284 0.201860
vt 0.362599 0.212863
vt 0.358900 0.222647
vt 0.355390 0.190676
vt 0.653180 0.185471
vt 0.643450 0.195193
vt 0.632242 0.226031
vt 0.348654 0.175221
vt 0.362844 0.228822
vt 0.354077 0.183790
vt 0.360882 0.208526
vt 0.651346 0.175221
vt 0.639118 0.208526
vt 0.644991 0.213656
vt 0.346360 0.178090
vt 0.358716 0.201860
vt 0.645923 0.183790
vt 0.355828 0.192971
vt 0.351845 0.177058
vt 0.633680 0.229593
vt 0.348957 0.195031
vt 0.367758 0.226031
vt 0.637401 0.212863
vt 0.351691 0.204439
vt 0.651043 0.195031
vt 0.637156 0.228822
vt 0.365584 0.219205
vt 0.361604 0.210749
vt 0.356550 0.195193
vt 0.653640 0.178090
vt 0.634416 0.219205
vt 0.644610 0.190676
vt 0.366320 0.229593
vt 0.355009 0.213656
vt 0.641100 0.222647
vt 0.638396 0.210749
vt 0.346820 0.185471
vt 0.643450 0.195193
vt 0.647675 0.174610
vt 0.362599 0.212863
vt 0.355390 0.190676
vt 0.358900 0.222647
vt 0.632242 0.226031
vt 0.648592 0.174763
vt 0.348654 0.175221
vt 0.362844 0.228822
vt 0.354077 0.183790
vt 0.360882 0.208526
vt 0.641284 0.201860
vt 0.644172 0.192971
vt 0.648309 0.204439
vt 0.644991 0.213656
vt 0.358716 0.201860
vt 0.653180 0.185471
vt 0.346360 0.178090
vt 0.645923 0.183790
vt 0.355828 0.192971
vt 0.647237 0.176905
vt 0.351845 0.177058
vt 0.348957 0.195031
vt 0.367758 0.226031
vt 0.651346 0.175221
vt 0.651043 0.195031
vt 0.639118 0.208526
vt 0.351691 0.204439
vt 0.365584 0.219205
vt 0.361604 0.210749
vt 0.356550 0.195193
vt 0.641100 0.222647
vt 0.633680 0.229593
vt 0.638396 0.210749
vt 0.355009 0.213656
vt 0.366320 0.229593
vt 0.637401 0.212863
vt 0.644610 0.190676
vt 0.637156 0.228822
vt 0.362599 0.212863
vt 0.346820 0.185471
vt 0.355390 0.190676
vt 0.358900 0.222647
vt 0.634416 0.219205
vt 0.653640 0.178090
vt 0.648309 0.204439
vt 0.362844 0.228822
vt 0.360882 0.208526
vt 0.348654 0.175221
vt 0.354077 0.183790
vt 0.643450 0.195193
vt 0.647675 0.174610
vt 0.358716 0.201860
vt 0.632242 0.226031
vt 0.647237 0.176905
vt 0.355828 0.192971
vt 0.346360 0.178090
vt 0.648592 0.174763
vt 0.641284 0.201860
vt 0.367758 0.226031
vt 0.644172 0.192971
vt 0.644991 0.213656
vt 0.351845 0.177058
vt 0.351691 0.204439
vt 0.361604 0.210749
vt 0.365584 0.219205
vt 0.356550 0.195193
vt 0.653180 0.185471
vt 0.645923 0.183790
vt 0.355009 0.213656
vt 0.366320 0.229593
vt 0.651043 0.195031
vt 0.651346 0.175221
vt 0.639118 0.208526
vt 0.348957 0.195031
vt 0.362599 0.212863
vt 0.641100 0.222647
vt 0.358900 0.222647
vt 0.633680 0.229593
vt 0.638396 0.210749
vt 0.346820 0.185471
vt 0.362844 0.228822
vt 0.637401 0.212863
vt 0.360882 0.208526
vt 0.637156 0.228822
vt 0.644610 0.190676
vt 0.358716 0.201860
vt 0.634416 0.219205
vt 0.348654 0.175221
vt 0.355390 0.190676
vt 0.653640 0.178090
vt 0.648309 0.204439
vt 0.644172 0.192971
vt 0.367758 0.226031
vt 0.643450 0.195193
vt 0.346360 0.178090
vt 0.361604 0.210749
vt 0.365584 0.219205
vt 0.647675 0.174610
vt 0.632242 0.226031
vt 0.351691 0.204439
vt 0.354077 0.183790
vt 0.351845 0.177058
vt 0.647237 0.176905
vt 0.356550 0.195193
vt 0.355009 0.213656
vt 0.366320 0.229593
vt 0.355828 0.192971
vt 0.648592 0.174763
vt 0.641284 0.201860
vt 0.644991 0.213656
vt 0.362599 0.212863
vt 0.358900 0.222647
vt 0.348957 0.195031
vt 0.653180 0.185471
vt 0.645923 0.183790
vt 0.362844 0.228822
vt 0.360882 0.208526
vt 0.639118 0.208526
vt 0.651043 0.195031
vt 0.346820 0.185471
vt 0.651346 0.175221
vt 0.641100 0.222647
vt 0.633680 0.229593
vt 0.358716 0.201860
vt 0.638396 0.210749
vt 0.355390 0.190676
vt 0.637156 0.228822
vt 0.637401 0.212863
vt 0.367758 0.226031
vt 0.348654 0.175221
vt 0.644610 0.190676
vt 0.365584 0.219205
vt 0.361604 0.210749
vt 0.634416 0.219205
vt 0.355828 0.192971
vt 0.346360 0.178090
vt 0.653640 0.178090
vt 0.648309 0.204439
vt 0.366320 0.229593
vt 0.644172 0.192971
vt 0.355009 0.213656
vt 0.354077 0.183790
vt 0.351845 0.177058
vt 0.362599 0.212863
vt 0.643450 0.195193
vt 0.358900 0.222647
vt 0.632242 0.226031
vt 0.647675 0.174610
vt 0.647237 0.176905
vt 0.362844 0.228822
vt 0.351691 0.204439
vt 0.356550 0.195193
vt 0.348957 0.195031
vt 0.648592 0.174763
vt 0.360882 0.208526
vt 0.641284 0.201860
vt 0.644991 0.213656
vt 0.346820 0.185471
vt 0.653180 0.185471
vt 0.645923 0.183790
vt 0.367758 0.226031
vt 0.639118 0.208526
vt 0.651043 0.195031
vt 0.355390 0.190676
vt 0.651346 0.175221
vt 0.365584 0.219205
vt 0.641100 0.222647
vt 0.361604 0.210749
vt 0.633680 0.229593
vt 0.348654 0.175221
vt 0.638396 0.210749
vt 0.366320 0.229593
vt 0.358716 0.201860
vt 0.637156 0.228822
vt 0.355828 0.192971
vt 0.637401 0.212863
vt 0.644610 0.190676
vt 0.346360 0.178090
vt 0.362599 0.212863
vt 0.354077 0.183790
vt 0.634416 0.219205
vt 0.358900 0.222647
vt 0.362844 0.228822
vt 0.648309 0.204439
vt 0.653640 0.178090
vt 0.644172 0.192971
vt 0.643450 0.195193
vt 0.356550 0.195193
vt 0.351691 0.204439
vt 0.355009 0.213656
vt 0.348957 0.195031
vt 0.632242 0.226031
vt 0.647674 0.174610
vt 0.351845 0.177058
vt 0.647237 0.176905
vt 0.367758 0.226031
vt 0.346820 0.185471
vt 0.648592 0.174763
vt 0.641284 0.201860
vt 0.644991 0.213656
vt 0.365584 0.219205
vt 0.360882 0.208526
vt 0.355390 0.190676
vt 0.366320 0.229593
vt 0.653180 0.185471
vt 0.645923 0.183790
vt 0.348654 0.175221
vt 0.639118 0.208526
vt 0.651043 0.195031
vt 0.651346 0.175221
vt 0.358716 0.201860
vt 0.355828 0.192971
vt 0.641100 0.222647
vt 0.633680 0.229593
vt 0.362599 0.212863
vt 0.346360 0.178090
vt 0.638396 0.210749
vt 0.361604 0.210749
vt 0.358900 0.222647
vt 0.362844 0.228822
vt 0.354077 0.183790
vt 0.637156 0.228822
vt 0.351845 0.177058
vt 0.637401 0.212863
vt 0.644610 0.190676
vt 0.634416 0.219205
vt 0.356550 0.195193
vt 0.351691 0.204439
vt 0.355009 0.213656
vt 0.653640 0.178090
vt 0.648309 0.204439
vt 0.348957 0.195031
vt 0.644172 0.192971
vt 0.367758 0.226031
vt 0.643450 0.195193
vt 0.647675 0.174610
vt 0.346820 0.185471
vt 0.632242 0.226031
vt 0.365584 0.219205
vt 0.360882 0.208526
vt 0.366320 0.229593
vt 0.648592 0.174763
vt 0.355390 0.190676
vt 0.641284 0.201860
vt 0.644991 0.213656
vt 0.647237 0.176905
vt 0.348654 0.175221
vt 0.361604 0.210749
vt 0.358716 0.201860
vt 0.653180 0.185471
vt 0.355828 0.192971
vt 0.346360 0.178090
vt 0.362844 0.228822
vt 0.651346 0.175221
vt 0.639118 0.208526
vt 0.651043 0.195031
vt 0.354077 0.183790
vt 0.351845 0.177058
vt 0.641100 0.222647
vt 0.633680 0.229593
vt 0.645923 0.183790
vt 0.638396 0.210749
vt 0.362599 0.212863
vt 0.637156 0.228822
vt 0.637401 0.212863
vt 0.356550 0.195193
vt 0.351691 0.204439
vt 0.355009 0.213656
vt 0.348957 0.195031
vt 0.358900 0.222647
vt 0.634416 0.219205
vt 0.644610 0.190676
vt 0.653640 0.178090
vt 0.346820 0.185471
vt 0.648309 0.204439
vt 0.366320 0.229593
vt 0.367758 0.226031
vt 0.360882 0.208526
vt 0.643450 0.195193
vt 0.647675 0.174610
vt 0.355390 0.190676
vt 0.632242 0.226031
vt 0.348654 0.175221
vt 0.648592 0.174763
vt 0.361604 0.210749
vt 0.365584 0.219205
vt 0.641284 0.201860
vt 0.647237 0.176905
vt 0.644172 0.192971
vt 0.358716 0.201860
vt 0.644991 0.213656
vt 0.355828 0.192971
vt 0.346360 0.178090
vt 0.653180 0.185471
vt 0.354077 0.183790
vt 0.351845 0.177058
vt 0.651346 0.175221
vt 0.639118 0.208526
vt 0.651043 0.195031
vt 0.362599 0.212863
vt 0.641100 0.222647
vt 0.645923 0.183790
vt 0.362844 0.228822
vt 0.633680 0.229593
vt 0.351691 0.204439
vt 0.356550 0.195193
vt 0.348957 0.195031
vt 0.355009 0.213656
vt 0.638396 0.210749
vt 0.358900 0.222647
vt 0.637401 0.212863
vt 0.637156 0.228822
vt 0.346820 0.185471
vt 0.366320 0.229593
vt 0.367758 0.226031
vt 0.644610 0.190676
vt 0.634416 0.219205
vt 0.653640 0.178090
vt 0.360882 0.208526
vt 0.648309 0.204439
vt 0.348654 0.175221
vt 0.354077 0.183790
vt 0.355390 0.190676
vt 0.643450 0.195193
vt 0.647675 0.174610
vt 0.361604 0.210749
vt 0.365584 0.219205
vt 0.346360 0.178090
vt 0.632242 0.226031
vt 0.358716 0.201860
vt 0.648592 0.174763
vt 0.355828 0.192971
vt 0.647237 0.176905
vt 0.351845 0.177058
vt 0.641284 0.201860
vt 0.644172 0.192971
vt 0.644991 0.213656
vt 0.653180 0.185471
vt 0.651346 0.175221
vt 0.362599 0.212863
vt 0.348957 0.195031
vt 0.639118 0.208526
vt 0.351691 0.204439
vt 0.362844 0.228822
vt 0.356550 0.195193
vt 0.355009 0.213656
vt 0.346820 0.185471
vt 0.358900 0.222647
vt 0.645923 0.183790
vt 0.641100 0.222647
vt 0.633680 0.229593
vt 0.638396 0.210749
vt 0.366320 0.229593
vt 0.386099 0.049289
vt 0.393250 0.042573
vt 0.389923 0.051438
vt 0.637401 0.212863
vt 0.367758 0.226031
vt 0.348654 0.175221
vt 0.384451 0.058056
vt 0.379845 0.056849
vt 0.637156 0.228822
vt 0.360882 0.208526
vt 0.397647 0.044347
vt 0.354077 0.183790
vt 0.400402 0.035857
vt 0.355390 0.190676
vt 0.651043 0.195031
vt 0.377675 0.066060
vt 0.644610 0.190676
vt 0.653640 0.178090
vt 0.634416 0.219205
vt 0.373591 0.064409
vt 0.403907 0.038467
vt 0.648309 0.204439
vt 0.346360 0.178090
vt 0.465000 0.312500
vt 0.467500 0.312500
vt 0.465000 0.367004
vt 0.462500 0.312500
vt 0.462500 0.367004
vt 0.361604 0.210749
vt 0.408340 0.030091
vt 0.643450 0.195193
vt 0.365584 0.219205
vt 0.647675 0.174610
vt 0.358716 0.201860
vt 0.351845 0.177058
vt 0.348957 0.195031
vt 0.373078 0.073311
vt 0.470000 0.312500
vt 0.467500 0.367004
vt 0.391494 0.054060
vt 0.460000 0.312500
vt 0.460000 0.367004
vt 0.356550 0.195193
vt 0.368334 0.072692
vt 0.632242 0.226031
vt 0.412457 0.032400
vt 0.648592 0.174763
vt 0.405121 0.041264
vt 0.355828 0.192971
vt 0.379579 0.068463
vt 0.641284 0.201860
vt 0.647237 0.176905
vt 0.644172 0.192971
vt 0.472500 0.312500
vt 0.470000 0.367004
vt 0.644991 0.213656
vt 0.416277 0.024324
vt 0.457500 0.312500
vt 0.457500 0.367004
vt 0.367356 0.082101
vt 0.351691 0.204439
vt 0.653180 0.185471
vt 0.362599 0.212863
vt 0.346820 0.185471
vt 0.362844 0.228822
vt 0.355009 0.213656
vt 0.418908 0.027422
vt 0.363077 0.080976
vt 0.651346 0.175221
vt 0.358900 0.222647
vt 0.651043 0.195031
vt 0.639118 0.208526
vt 0.348654 0.175221
vt 0.475000 0.312500
vt 0.472500 0.367004
vt 0.645923 0.183790
vt 0.366320 0.229593
vt 0.358716 0.201860
vt 0.354077 0.183790
vt 0.641100 0.222647
vt 0.391494 0.054060
vt 0.405120 0.041264
vt 0.398307 0.047662
vt 0.367758 0.226031
vt 0.455000 0.312500
vt 0.455000 0.367004
vt 0.424874 0.019597
vt 0.638396 0.210749
vt 0.633680 0.229593
vt 0.355390 0.190676
vt 0.360882 0.208526
vt 0.385537 0.061262
vt 0.363706 0.089871
vt 0.346360 0.178090
vt 0.637401 0.212863
vt 0.420243 0.030277
vt 0.369563 0.084246
vt 0.637156 0.228822
vt 0.426654 0.022686
vt 0.351845 0.177058
vt 0.348957 0.195031
vt 0.358900 0.089853
vt 0.412682 0.035771
vt 0.644610 0.190676
vt 0.379579 0.068463
vt 0.653640 0.178090
vt 0.634416 0.219205
vt 0.465000 0.425848
vt 0.361604 0.210749
vt 0.351691 0.204439
vt 0.462500 0.425848
vt 0.365584 0.219205
vt 0.475000 0.367004
vt 0.648309 0.204439
vt 0.356550 0.195193
vt 0.477500 0.312500
vt 0.355009 0.213656
vt 0.467500 0.425848
vt 0.355828 0.192971
vt 0.643450 0.195193
vt 0.647675 0.174610
vt 0.460000 0.425848
vt 0.452500 0.312500
vt 0.452500 0.367004
vt 0.647237 0.176905
vt 0.433472 0.014871
vt 0.632242 0.226031
vt 0.465000 0.407804
vt 0.462500 0.407804
vt 0.465000 0.407804
vt 0.346820 0.185471
vt 0.470000 0.425848
vt 0.648592 0.174763
vt 0.359129 0.099309
vt 0.460000 0.407804
vt 0.457500 0.407804
vt 0.460000 0.407804
vt 0.355390 0.190676
vt 0.420243 0.030277
vt 0.641284 0.201860
vt 0.374571 0.076354
vt 0.360882 0.208526
vt 0.644172 0.192971
vt 0.362599 0.212863
vt 0.435289 0.018617
vt 0.457500 0.425848
vt 0.470000 0.407804
vt 0.467500 0.407804
vt 0.470000 0.407804
vt 0.362844 0.228822
vt 0.644991 0.213656
vt 0.477500 0.367004
vt 0.358900 0.222647
vt 0.354722 0.098731
vt 0.348654 0.175221
vt 0.645923 0.183790
vt 0.653180 0.185471
vt 0.354077 0.183790
vt 0.480000 0.312500
vt 0.358716 0.201860
vt 0.436623 0.021272
vt 0.472500 0.425848
vt 0.651346 0.175221
vt 0.366320 0.229593
vt 0.651043 0.195031
vt 0.639118 0.208526
vt 0.367758 0.226031
vt 0.355828 0.192971
vt 0.346360 0.178090
vt 0.450000 0.312500
vt 0.450000 0.367004
vt 0.428433 0.025775
vt 0.361604 0.101159
vt 0.361604 0.210749
vt 0.641100 0.222647
vt 0.369563 0.084246
vt 0.348957 0.195031
vt 0.455000 0.425848
vt 0.351845 0.177058
vt 0.442594 0.011259
vt 0.633680 0.229593
vt 0.638396 0.210749
vt 0.351691 0.204439
vt 0.356484 0.107476
vt 0.644610 0.190676
vt 0.637401 0.212863
vt 0.356550 0.195193
vt 0.637156 0.228822
vt 0.355009 0.213656
vt 0.405120 0.041264
vt 0.365584 0.219205
vt 0.391494 0.054060
vt 0.480000 0.367004
vt 0.362599 0.212863
vt 0.475000 0.425848
vt 0.444407 0.015641
vt 0.358900 0.222647
vt 0.362844 0.228822
vt 0.634416 0.219205
vt 0.351691 0.108061
vt 0.653640 0.178090
vt 0.644172 0.192971
vt 0.455000 0.407804
vt 0.452500 0.407804
vt 0.455000 0.407804
vt 0.648309 0.204439
vt 0.482500 0.312500
vt 0.365584 0.092703
vt 0.475000 0.407804
vt 0.472500 0.407804
vt 0.475000 0.407804
vt 0.355390 0.190676
vt 0.346820 0.185471
vt 0.643450 0.195193
vt 0.647675 0.174610
vt 0.452500 0.425848
vt 0.360882 0.208526
vt 0.436623 0.021272
vt 0.647237 0.176905
vt 0.447500 0.312500
vt 0.447500 0.367004
vt 0.632242 0.226031
vt 0.420243 0.030277
vt 0.354077 0.183790
vt 0.648592 0.174763
vt 0.379579 0.068463
vt 0.348654 0.175221
vt 0.358716 0.201860
vt 0.641284 0.201860
vt 0.451716 0.007647
vt 0.353124 0.117413
vt 0.644991 0.213656
vt 0.477500 0.425848
vt 0.355828 0.192971
vt 0.365584 0.219205
vt 0.366320 0.229593
vt 0.465000 0.493373
vt 0.482500 0.367004
vt 0.653180 0.185471
vt 0.645923 0.183790
vt 0.462500 0.493373
vt 0.367758 0.226031
vt 0.346360 0.178090
vt 0.450000 0.407804
vt 0.450000 0.407804
vt 0.361604 0.210749
vt 0.467500 0.493373
vt 0.361604 0.101159
vt 0.453564 0.011634
vt 0.351691 0.204439
vt 0.348659 0.117392
vt 0.651346 0.175221
vt 0.651043 0.195031
vt 0.639118 0.208526
vt 0.356550 0.195193
vt 0.485000 0.312500
vt 0.460000 0.493373
vt 0.355009 0.213656
vt 0.450000 0.425848
vt 0.641100 0.222647
vt 0.458000 0.481937
vt 0.355828 0.118937
vt 0.470000 0.493373
vt 0.362599 0.212863
vt 0.633680 0.229593
vt 0.638396 0.210749
vt 0.480000 0.407804
vt 0.477500 0.407804
vt 0.480000 0.407804
vt 0.358900 0.222647
vt 0.362844 0.228822
vt 0.348957 0.195031
vt 0.445000 0.312500
vt 0.445000 0.367004
vt 0.637401 0.212863
vt 0.644610 0.190676
vt 0.637156 0.228822
vt 0.454003 0.014391
vt 0.351845 0.177058
vt 0.457500 0.493373
vt 0.480000 0.425848
vt 0.462500 0.500470
vt 0.360882 0.208526
vt 0.358716 0.110048
vt 0.351525 0.125846
vt 0.634416 0.219205
vt 0.369563 0.084246
vt 0.346820 0.185471
vt 0.461219 0.005207
vt 0.653640 0.178090
vt 0.472500 0.493373
vt 0.467500 0.500470
vt 0.460000 0.407804
vt 0.648309 0.204439
vt 0.644172 0.192971
vt 0.445313 0.017831
vt 0.485000 0.367004
vt 0.367758 0.226031
vt 0.358716 0.201860
vt 0.643450 0.195193
vt 0.355390 0.190676
vt 0.647675 0.174610
vt 0.346820 0.127029
vt 0.632242 0.226031
vt 0.487500 0.312500
vt 0.447500 0.425848
vt 0.647237 0.176905
vt 0.464132 0.008858
vt 0.455000 0.407804
vt 0.455000 0.493373
vt 0.346360 0.178090
vt 0.365584 0.219205
vt 0.465000 0.407804
vt 0.366320 0.229593
vt 0.361604 0.210749
vt 0.648592 0.174763
vt 0.641284 0.201860
vt 0.475000 0.493373
vt 0.454003 0.014391
vt 0.348654 0.175221
vt 0.644991 0.213656
vt 0.356550 0.195193
vt 0.355009 0.213656
vt 0.354077 0.183790
vt 0.470000 0.407804
vt 0.355828 0.192971
vt 0.653180 0.185471
vt 0.442500 0.312500
vt 0.442500 0.367004
vt 0.482500 0.425848
vt 0.645923 0.183790
vt 0.362599 0.212863
vt 0.452857 0.487232
vt 0.358900 0.222647
vt 0.355828 0.118937
vt 0.349221 0.136588
vt 0.651043 0.195031
vt 0.639118 0.208526
vt 0.485000 0.407804
vt 0.482500 0.407804
vt 0.485000 0.407804
vt 0.651346 0.175221
vt 0.362844 0.228822
vt 0.351691 0.204439
vt 0.487500 0.367004
vt 0.641100 0.222647
vt 0.452500 0.493373
vt 0.348957 0.195031
vt 0.361604 0.101159
vt 0.470722 0.002768
vt 0.360882 0.208526
vt 0.633680 0.229593
vt 0.638396 0.210749
vt 0.436623 0.021272
vt 0.477500 0.493373
vt 0.637401 0.212863
vt 0.351845 0.177058
vt 0.344982 0.136667
vt 0.637156 0.228822
vt 0.472857 0.513708
vt 0.644610 0.190676
vt 0.445000 0.425848
vt 0.490000 0.312500
vt 0.358716 0.201860
vt 0.367758 0.226031
vt 0.471970 0.006606
vt 0.346820 0.185471
vt 0.634416 0.219205
vt 0.355390 0.190676
vt 0.653640 0.178090
vt 0.648309 0.204439
vt 0.463056 0.012067
vt 0.365584 0.219205
vt 0.644172 0.192971
vt 0.361604 0.210749
vt 0.485000 0.425848
vt 0.366320 0.229593
vt 0.643450 0.195193
vt 0.354077 0.128118
vt 0.355828 0.192971
vt 0.472109 0.009742
vt 0.440000 0.312500
vt 0.440000 0.367004
vt 0.450000 0.493373
vt 0.632242 0.226031
vt 0.647675 0.174610
vt 0.346360 0.178090
vt 0.355009 0.213656
vt 0.647237 0.176905
vt 0.344366 0.146458
vt 0.445000 0.407804
vt 0.442500 0.407804
vt 0.445000 0.407804
vt 0.362599 0.212863
vt 0.478333 0.500470
vt 0.465000 0.562671
vt 0.490000 0.367004
vt 0.480000 0.493372
vt 0.475000 0.407804
vt 0.358900 0.222647
vt 0.462500 0.562671
vt 0.641284 0.201860
vt 0.348654 0.175221
vt 0.648592 0.174763
vt 0.480455 0.001538
vt 0.354077 0.183790
vt 0.467500 0.562671
vt 0.644991 0.213656
vt 0.460125 0.495837
vt 0.362844 0.228822
vt 0.348052 0.146542
vt 0.450000 0.407804
vt 0.460000 0.562671
vt 0.454003 0.014391
vt 0.360882 0.208526
vt 0.653180 0.185471
vt 0.356550 0.195193
vt 0.351691 0.204439
vt 0.442500 0.425848
vt 0.645923 0.183790
vt 0.470000 0.562671
vt 0.480918 0.005054
vt 0.639118 0.208526
vt 0.651043 0.195031
vt 0.472109 0.009742
vt 0.348957 0.195031
vt 0.465000 0.500470
vt 0.455214 0.492527
vt 0.651346 0.175221
vt 0.641100 0.222647
vt 0.367758 0.226031
vt 0.487500 0.425848
vt 0.633680 0.229593
vt 0.492500 0.312500
vt 0.492500 0.367004
vt 0.638396 0.210749
vt 0.457500 0.562671
vt 0.483000 0.481937
vt 0.352325 0.137298
vt 0.447500 0.493373
vt 0.351845 0.177058
vt 0.365584 0.219205
vt 0.472500 0.562671
vt 0.480000 0.407804
vt 0.637156 0.228822
vt 0.637401 0.212863
vt 0.361604 0.210749
vt 0.482500 0.493372
vt 0.355390 0.190676
vt 0.470089 0.503779
vt 0.644610 0.190676
vt 0.366320 0.229593
vt 0.355828 0.118937
vt 0.346820 0.185471
vt 0.343750 0.156250
vt 0.437500 0.367004
vt 0.437500 0.312500
vt 0.634416 0.219205
vt 0.358716 0.201860
vt 0.648309 0.204439
vt 0.653640 0.178090
vt 0.362599 0.212863
vt 0.355828 0.192971
vt 0.644172 0.192971
vt 0.358900 0.222647
vt 0.455000 0.562671
vt 0.490189 0.000308
vt 0.348059 0.156070
vt 0.475000 0.562671
vt 0.362844 0.228822
vt 0.643450 0.195193
vt 0.346360 0.178090
vt 0.632242 0.226031
vt 0.447500 0.407804
vt 0.450214 0.501794
vt 0.440000 0.425848
vt 0.647675 0.174610
vt 0.481381 0.008571
vt 0.348654 0.175221
vt 0.351152 0.155954
vt 0.647237 0.176905
vt 0.354077 0.183790
vt 0.490000 0.425848
vt 0.490440 0.004449
vt 0.641284 0.201860
vt 0.644991 0.213656
vt 0.495000 0.312500
vt 0.495000 0.367004
vt 0.355009 0.213656
vt 0.648592 0.174763
vt 0.356550 0.195193
vt 0.445000 0.493373
vt 0.485000 0.407804
vt 0.367758 0.226031
vt 0.490654 0.007399
vt 0.351691 0.204439
vt 0.485000 0.493372
vt 0.440000 0.407804
vt 0.437500 0.407804
vt 0.440000 0.407804
vt 0.351739 0.146626
vt 0.653180 0.185471
vt 0.472109 0.009742
vt 0.452500 0.562671
vt 0.365584 0.219205
vt 0.477500 0.562671
vt 0.645923 0.183790
vt 0.344366 0.166042
vt 0.360882 0.208526
vt 0.348957 0.195031
vt 0.639118 0.208526
vt 0.366320 0.229593
vt 0.651043 0.195031
vt 0.475298 0.503779
vt 0.641100 0.222647
vt 0.651346 0.175221
vt 0.633680 0.229593
vt 0.351845 0.177058
vt 0.435000 0.367004
vt 0.435000 0.312500
vt 0.349281 0.165535
vt 0.638396 0.210749
vt 0.361604 0.210749
vt 0.637156 0.228822
vt 0.355390 0.190676
vt 0.346820 0.185471
vt 0.637401 0.212863
vt 0.644610 0.190676
vt 0.358716 0.201860
vt 0.362844 0.228822
vt 0.500000 0.000308
vt 0.492500 0.425848
vt 0.634416 0.219205
vt 0.480333 0.495837
vt 0.443333 0.500470
vt 0.445000 0.407804
vt 0.448000 0.519003
vt 0.348654 0.175221
vt 0.355828 0.192971
vt 0.437500 0.425848
vt 0.648309 0.204439
vt 0.497500 0.367004
vt 0.497500 0.312500
vt 0.480000 0.562671
vt 0.487500 0.493372
vt 0.450000 0.562671
vt 0.653640 0.178090
vt 0.442500 0.493373
vt 0.644172 0.192971
vt 0.490654 0.007399
vt 0.362599 0.212863
vt 0.346360 0.178090
vt 0.643450 0.195193
vt 0.367758 0.226031
vt 0.500000 0.005036
vt 0.495000 0.425848
vt 0.348811 0.172800
vt 0.632242 0.226031
vt 0.485000 0.500470
vt 0.487500 0.407804
vt 0.354077 0.183790
vt 0.358900 0.222647
vt 0.355009 0.213656
vt 0.351152 0.155954
vt 0.647675 0.174610
vt 0.435000 0.407804
vt 0.435000 0.407804
vt 0.356550 0.195193
vt 0.647237 0.176905
vt 0.495000 0.407804
vt 0.492500 0.407804
vt 0.495000 0.407804
vt 0.465000 0.626838
vt 0.460000 0.593136
vt 0.644991 0.213656
vt 0.641284 0.201860
vt 0.366320 0.229593
vt 0.351691 0.204439
vt 0.344982 0.175833
vt 0.462500 0.626838
vt 0.467500 0.626838
vt 0.648592 0.174763
vt 0.351845 0.177058
vt 0.360882 0.208526
vt 0.348654 0.175221
vt 0.348957 0.195031
vt 0.653180 0.185471
vt 0.346820 0.185471
vt 0.465000 0.593136
vt 0.460000 0.626838
vt 0.470000 0.626838
vt 0.432500 0.367004
vt 0.432500 0.312500
vt 0.482500 0.562671
vt 0.346360 0.178090
vt 0.455000 0.593136
vt 0.645923 0.183790
vt 0.352325 0.174610
vt 0.447500 0.562671
vt 0.639118 0.208526
vt 0.365584 0.219205
vt 0.651043 0.195031
vt 0.490000 0.493373
vt 0.361604 0.210749
vt 0.641100 0.222647
vt 0.440000 0.407804
vt 0.500000 0.312500
vt 0.500000 0.367004
vt 0.633680 0.229593
vt 0.651346 0.175221
vt 0.470000 0.593136
vt 0.355390 0.190676
vt 0.490000 0.407804
vt 0.489964 0.508413
vt 0.351739 0.165282
vt 0.638396 0.210749
vt 0.509811 0.000308
vt 0.637156 0.228822
vt 0.351845 0.177058
vt 0.440000 0.493373
vt 0.472500 0.626838
vt 0.457500 0.626838
vt 0.435000 0.425848
vt 0.358716 0.201860
vt 0.637401 0.212863
vt 0.497500 0.425848
vt 0.346820 0.185471
vt 0.346820 0.185471
vt 0.355828 0.192971
vt 0.644610 0.190676
vt 0.354077 0.183790
vt 0.634416 0.219205
vt 0.437857 0.487232
vt 0.362844 0.228822
vt 0.362599 0.212863
vt 0.648309 0.204439
vt 0.510000 0.004684
vt 0.352326 0.174610
vt 0.653640 0.178090
vt 0.644172 0.192971
vt 0.485000 0.562671
vt 0.502500 0.312500
vt 0.475000 0.626838
vt 0.430000 0.312500
vt 0.500000 0.007399
vt 0.358900 0.222647
vt 0.455000 0.626838
vt 0.366320 0.229593
vt 0.632242 0.226031
vt 0.643450 0.195193
vt 0.355009 0.213656
vt 0.367758 0.226031
vt 0.348957 0.195031
vt 0.356550 0.195193
vt 0.445000 0.562671
vt 0.492500 0.493373
vt 0.354077 0.183790
vt 0.351691 0.204439
vt 0.509346 0.007399
vt 0.647675 0.174610
vt 0.647237 0.176905
vt 0.360882 0.208526
vt 0.644991 0.213656
vt 0.351152 0.155954
vt 0.641284 0.201860
vt 0.648592 0.174763
vt 0.462500 0.688440
vt 0.450000 0.688440
vt 0.460059 0.577316
vt 0.475000 0.593136
vt 0.445333 0.505103
vt 0.355390 0.190676
vt 0.487000 0.519003
vt 0.365584 0.219205
vt 0.477500 0.626838
vt 0.500000 0.425848
vt 0.348659 0.195108
vt 0.361604 0.210749
vt 0.653180 0.185471
vt 0.437500 0.493372
vt 0.348957 0.195031
vt 0.452500 0.626838
vt 0.645923 0.183790
vt 0.450000 0.688440
vt 0.462500 0.312500
vt 0.462500 0.688440
vt 0.502500 0.367004
vt 0.437500 0.688440
vt 0.445820 0.577316
vt 0.437500 0.688440
vt 0.450000 0.312500
vt 0.639118 0.208526
vt 0.641100 0.222647
vt 0.432500 0.425848
vt 0.651043 0.195031
vt 0.450000 0.577316
vt 0.452410 0.577316
vt 0.519545 0.001538
vt 0.456431 0.577316
vt 0.487500 0.562671
vt 0.633680 0.229593
vt 0.509346 0.007399
vt 0.355828 0.192971
vt 0.457500 0.593136
vt 0.651346 0.175221
vt 0.358716 0.201860
vt 0.450000 0.593136
vt 0.430000 0.367004
vt 0.462500 0.577316
vt 0.475000 0.312500
vt 0.475000 0.688440
vt 0.463925 0.577316
vt 0.490654 0.007399
vt 0.480000 0.593136
vt 0.638396 0.210749
vt 0.465000 0.593136
vt 0.637156 0.228822
vt 0.474198 0.577316
vt 0.475000 0.688440
vt 0.425000 0.688440
vt 0.437500 0.312500
vt 0.468212 0.577316
vt 0.462500 0.593136
vt 0.354077 0.183790
vt 0.492857 0.513708
vt 0.637401 0.212863
vt 0.355390 0.190676
vt 0.467500 0.593136
vt 0.362844 0.228822
vt 0.362599 0.212863
vt 0.408159 0.970159
vt 0.373591 0.935591
vt 0.500000 0.837500
vt 0.442500 0.562671
vt 0.520844 0.005992
vt 0.644610 0.190676
vt 0.451716 0.992353
vt 0.460000 0.593136
vt 0.351397 0.892034
vt 0.400161 0.874139
vt 0.373591 0.935592
vt 0.500000 0.407804
vt 0.500000 0.407804
vt 0.502500 0.407804
vt 0.480000 0.626838
vt 0.352325 0.174610
vt 0.495000 0.493373
vt 0.634416 0.219205
vt 0.351397 0.892034
vt 0.356550 0.195193
vt 0.351691 0.204439
vt 0.487500 0.312500
vt 0.487500 0.688440
vt 0.437500 0.577316
vt 0.483643 0.997409
vt 0.451716 0.992353
vt 0.482921 0.995876
vt 0.355828 0.192971
vt 0.358900 0.222647
vt 0.648309 0.204439
vt 0.500000 1.000000
vt 0.429235 0.688440
vt 0.366320 0.229593
vt 0.355009 0.213656
vt 0.653640 0.178090
vt 0.440298 0.497160
vt 0.425000 0.312500
vt 0.412500 0.688440
vt 0.497500 0.493373
vt 0.367758 0.226031
vt 0.644172 0.192971
vt 0.505000 0.367004
vt 0.505000 0.312500
vt 0.343750 0.843750
vt 0.355828 0.192971
vt 0.474770 0.577316
vt 0.632242 0.226031
vt 0.643450 0.195193
vt 0.435000 0.407804
vt 0.502500 0.425848
vt 0.360882 0.208526
vt 0.490000 0.562671
vt 0.455000 0.593136
vt 0.548284 0.992353
vt 0.647675 0.174610
vt 0.464999 0.949751
vt 0.480016 0.965273
vt 0.500000 0.837500
vt 0.437481 0.577316
vt 0.439942 0.924250
vt 0.470000 0.593136
vt 0.351691 0.204439
vt 0.427500 0.312500
vt 0.427500 0.367004
vt 0.417337 0.901645
vt 0.356550 0.195193
vt 0.465000 0.688440
vt 0.407579 0.877780
vt 0.647237 0.176905
vt 0.402125 0.886703
vt 0.351691 0.204439
vt 0.500000 0.965160
vt 0.396423 0.875511
vt 0.343750 0.843750
vt 0.392276 0.867276
vt 0.351397 0.795466
vt 0.500000 0.312500
vt 0.500000 0.688440
vt 0.644991 0.213656
vt 0.495000 0.407804
vt 0.462500 0.688440
vt 0.467500 0.688440
vt 0.417092 0.879375
vt 0.641284 0.201860
vt 0.365584 0.219205
vt 0.648592 0.174763
vt 0.358716 0.201860
vt 0.379275 0.842329
vt 0.450000 0.626838
vt 0.412500 0.312500
vt 0.430915 0.577316
vt 0.475000 0.522773
vt 0.474464 0.555025
vt 0.475000 0.555025
vt 0.361604 0.210749
vt 0.482500 0.626838
vt 0.399118 0.873634
vt 0.426757 0.878272
vt 0.539775 0.965438
vt 0.400000 0.688440
vt 0.482500 0.593136
vt 0.470000 0.688440
vt 0.408159 0.970159
vt 0.500000 0.837500
vt 0.460000 0.688440
vt 0.373591 0.064409
vt 0.408159 0.029841
vt 0.500000 0.150000
vt 0.591841 0.970159
vt 0.653180 0.185471
vt 0.355323 0.796576
vt 0.451716 0.007647
vt 0.353035 0.792252
vt 0.373591 0.751909
vt 0.645923 0.183790
vt 0.539872 0.965373
vt 0.529278 0.002767
vt 0.351397 0.107966
vt 0.435630 0.874579
vt 0.440000 0.562671
vt 0.429235 0.577316
vt 0.355828 0.192971
vt 0.639118 0.208526
vt 0.518619 0.008571
vt 0.497500 0.407804
vt 0.497500 0.500470
vt 0.651043 0.195031
vt 0.641100 0.222647
vt 0.475000 0.593136
vt 0.373591 0.751909
vt 0.474464 0.522773
vt 0.633680 0.229593
vt 0.651346 0.175221
vt 0.500000 -0.000000
vt 0.509346 0.007399
vt 0.472500 0.593136
vt 0.499771 0.880326
vt 0.477500 0.593136
vt 0.430000 0.407804
vt 0.427500 0.407804
vt 0.430000 0.407804
vt 0.573279 0.943347
vt 0.472500 0.688440
vt 0.355828 0.192971
vt 0.452500 0.593136
vt 0.343750 0.156250
vt 0.500000 0.493373
vt 0.358716 0.201860
vt 0.505000 0.407804
vt 0.505000 0.407804
vt 0.387959 0.859390
vt 0.362844 0.228822
vt 0.638396 0.210749
vt 0.487500 0.555025
vt 0.487500 0.522773
vt 0.362599 0.212863
vt 0.355009 0.213656
vt 0.482947 0.522773
vt 0.637156 0.228822
vt 0.512500 0.312500
vt 0.512500 0.688440
vt 0.637401 0.212863
vt 0.492500 0.562671
vt 0.386590 0.850747
vt 0.529376 0.007072
vt 0.626409 0.935591
vt 0.400000 0.312500
vt 0.507500 0.367004
vt 0.500000 0.407804
vt 0.507500 0.312500
vt 0.548284 0.007647
vt 0.644610 0.190676
vt 0.358900 0.222647
vt 0.425000 0.312500
vt 0.581829 0.937839
vt 0.387500 0.688440
vt 0.388303 0.842193
vt 0.634416 0.219205
vt 0.485000 0.626838
vt 0.366320 0.229593
vt 0.580202 0.934365
vt 0.408159 0.717341
vt 0.505000 0.425848
vt 0.450000 0.578805
vt 0.450000 0.312500
vt 0.448501 0.578805
vt 0.360882 0.208526
vt 0.462500 0.578805
vt 0.457500 0.688440
vt 0.351397 0.204534
vt 0.367758 0.226031
vt 0.430000 0.425848
vt 0.447500 0.626838
vt 0.388443 0.841962
vt 0.437500 0.578805
vt 0.437500 0.312500
vt 0.475000 0.578805
vt 0.462500 0.312500
vt 0.391494 0.945348
vt 0.398307 0.951746
vt 0.391494 0.945348
vt 0.648309 0.204439
vt 0.475000 0.688440
vt 0.653640 0.178090
vt 0.480000 0.593136
vt 0.512500 0.312500
vt 0.500922 0.688440
vt 0.512500 0.688440
vt 0.598116 0.913637
vt 0.477114 0.956134
vt 0.450000 0.688440
vt 0.462500 0.312500
vt 0.462500 0.688440
vt 0.644172 0.192971
vt 0.527891 0.009742
vt 0.437500 0.688440
vt 0.450000 0.312500
vt 0.354722 0.213770
vt 0.425000 0.578805
vt 0.425000 0.312500
vt 0.432500 0.407804
vt 0.435214 0.501794
vt 0.487500 0.578805
vt 0.475000 0.312500
vt 0.351397 0.795466
vt 0.475000 0.312500
vt 0.475000 0.688440
vt 0.355009 0.213656
vt 0.425000 0.688440
vt 0.437500 0.312500
vt 0.408159 0.717341
vt 0.648603 0.892034
vt 0.379579 0.930945
vt 0.385537 0.938146
vt 0.379579 0.930945
vt 0.591842 0.029841
vt 0.643450 0.195193
vt 0.632242 0.226031
vt 0.408159 0.970159
vt 0.373591 0.935591
vt 0.500000 0.837500
vt 0.451716 0.992353
vt 0.358716 0.201860
vt 0.361604 0.210749
vt 0.405121 0.958143
vt 0.412682 0.963637
vt 0.405121 0.958143
vt 0.500922 0.312500
vt 0.351397 0.892034
vt 0.487500 0.312500
vt 0.487500 0.688440
vt 0.608379 0.901960
vt 0.647675 0.174610
vt 0.480016 0.032299
vt 0.464999 0.046810
vt 0.500000 0.150000
vt 0.500000 1.000000
vt 0.425000 0.312500
vt 0.412500 0.688440
vt 0.439942 0.071424
vt 0.492207 0.522773
vt 0.365584 0.219205
vt 0.412500 0.578805
vt 0.412500 0.312500
vt 0.451716 0.695147
vt 0.485000 0.593136
vt 0.500000 0.578805
vt 0.487500 0.312500
vt 0.343750 0.843750
vt 0.373591 0.248091
vt 0.417337 0.094029
vt 0.500000 0.555025
vt 0.525000 0.312500
vt 0.525000 0.688440
vt 0.647237 0.176905
vt 0.402125 0.109510
vt 0.500000 0.032160
vt 0.396423 0.120702
vt 0.387500 0.312500
vt 0.360882 0.208526
vt 0.548284 0.992353
vt 0.527891 0.009742
vt 0.644991 0.213656
vt 0.641284 0.201860
vt 0.500000 0.312500
vt 0.500000 0.688440
vt 0.445000 0.593136
vt 0.351397 0.795466
vt 0.455000 0.688440
vt 0.648592 0.174763
vt 0.412500 0.312500
vt 0.379275 0.154829
vt 0.623058 0.882660
vt 0.500378 0.578805
vt 0.500000 0.312500
vt 0.400000 0.688440
vt 0.477500 0.688440
vt 0.373591 0.064409
vt 0.408159 0.029841
vt 0.500000 0.150000
vt 0.500000 0.880076
vt 0.375000 0.688440
vt 0.451716 0.007647
vt 0.591841 0.970159
vt 0.351397 0.107966
vt 0.420243 0.969131
vt 0.420243 0.969131
vt 0.392638 0.834490
vt 0.656250 0.843750
vt 0.539775 0.032388
vt 0.502500 0.493373
vt 0.400000 0.578805
vt 0.400000 0.312500
vt 0.500000 -0.000000
vt 0.373591 0.751909
vt 0.626409 0.064408
vt 0.538781 0.005207
vt 0.482921 0.916318
vt 0.362599 0.212863
vt 0.343750 0.156250
vt 0.487500 0.626838
vt 0.502500 0.500470
vt 0.495089 0.503779
vt 0.355323 0.203093
vt 0.653180 0.185471
vt 0.361604 0.210749
vt 0.465000 0.593136
vt 0.373591 0.064409
vt 0.500000 0.150000
vt 0.408159 0.029841
vt 0.451716 0.695147
vt 0.425000 0.367004
vt 0.512500 0.312500
vt 0.512500 0.688440
vt 0.451716 0.007647
vt 0.353035 0.207748
vt 0.373591 0.248091
vt 0.400000 0.312500
vt 0.645923 0.183790
vt 0.500000 0.687500
vt 0.626409 0.935591
vt 0.351397 0.107966
vt 0.548284 0.007647
vt 0.539872 0.032449
vt 0.512500 0.578805
vt 0.512500 0.312500
vt 0.387500 0.688440
vt 0.351397 0.204534
vt 0.399496 0.828477
vt 0.408159 0.717341
vt 0.500000 -0.000000
vt 0.408159 0.282659
vt 0.495000 0.562671
vt 0.525000 0.312500
vt 0.525000 0.688440
vt 0.639118 0.208526
vt 0.358900 0.222647
vt 0.651043 0.195031
vt 0.343750 0.156250
vt 0.362844 0.228822
vt 0.641100 0.222647
vt 0.651346 0.175221
vt 0.647359 0.851192
vt 0.361604 0.210749
vt 0.497500 0.562671
vt 0.445000 0.626838
vt 0.591842 0.029841
vt 0.510000 0.367004
vt 0.633680 0.229593
vt 0.648603 0.892034
vt 0.460000 0.593136
vt 0.510000 0.312500
vt 0.648603 0.795466
vt 0.394922 0.952738
vt 0.539489 0.009788
vt 0.548284 0.007647
vt 0.387500 0.578805
vt 0.387500 0.312500
vt 0.373591 0.248091
vt 0.573279 0.054127
vt 0.525000 0.578805
vt 0.525000 0.312500
vt 0.525000 0.688440
vt 0.451716 0.695147
vt 0.387500 0.312500
vt 0.408217 0.824745
vt 0.351397 0.204534
vt 0.507500 0.425848
vt 0.537500 0.312500
vt 0.537500 0.688440
vt 0.638396 0.210749
vt 0.386099 0.950711
vt 0.379845 0.943151
vt 0.388646 0.946876
vt 0.548284 0.695147
vt 0.375000 0.688440
vt 0.500000 0.522773
vt 0.626409 0.064408
vt 0.382069 0.938708
vt 0.656250 0.843750
vt 0.637156 0.228822
vt 0.375000 0.312500
vt 0.648603 0.107966
vt 0.393251 0.957427
vt 0.367758 0.226031
vt 0.637401 0.212863
vt 0.500000 0.687500
vt 0.408159 0.282659
vt 0.369563 0.915162
vt 0.369563 0.915162
vt 0.365584 0.906706
vt 0.373591 0.935592
vt 0.646923 0.843377
vt 0.591842 0.029841
vt 0.452500 0.688440
vt 0.480000 0.688440
vt 0.500000 0.687500
vt 0.362599 0.212863
vt 0.422500 0.312500
vt 0.626409 0.751908
vt 0.648603 0.795466
vt 0.470000 0.593136
vt 0.417945 0.823658
vt 0.612500 0.688440
vt 0.625000 0.312500
vt 0.625000 0.688440
vt 0.644610 0.190676
vt 0.391494 0.945348
vt 0.373591 0.248091
vt 0.537500 0.312500
vt 0.537500 0.688440
vt 0.591842 0.717341
vt 0.648603 0.107966
vt 0.548284 0.695147
vt 0.581829 0.059804
vt 0.375000 0.312500
vt 0.451716 0.304853
vt 0.427500 0.425848
vt 0.358900 0.222647
vt 0.375000 0.578805
vt 0.375000 0.312500
vt 0.626409 0.751908
vt 0.368334 0.927308
vt 0.376673 0.932606
vt 0.612500 0.688440
vt 0.625000 0.312500
vt 0.625000 0.688440
vt 0.537500 0.578805
vt 0.525000 0.312500
vt 0.450000 0.593136
vt 0.451716 0.304853
vt 0.580202 0.062994
vt 0.591842 0.717341
vt 0.634416 0.219205
vt 0.500925 0.522773
vt 0.400402 0.964143
vt 0.402920 0.960188
vt 0.358900 0.222647
vt 0.405121 0.958143
vt 0.644288 0.796687
vt 0.365584 0.219205
vt 0.626409 0.064408
vt 0.440000 0.593136
vt 0.656250 0.156250
vt 0.411234 0.965728
vt 0.648309 0.204439
vt 0.653640 0.178090
vt 0.408159 0.282659
vt 0.550000 0.312500
vt 0.550000 0.688440
vt 0.617919 0.578805
vt 0.625000 0.578805
vt 0.625000 0.312500
vt 0.430000 0.407804
vt 0.433000 0.519003
vt 0.500000 0.312500
vt 0.598116 0.083565
vt 0.442840 0.868657
vt 0.612500 0.312500
vt 0.644172 0.192971
vt 0.490000 0.626838
vt 0.379579 0.930945
vt 0.366320 0.229593
vt 0.600000 0.688440
vt 0.648603 0.204534
vt 0.656250 0.156250
vt 0.548284 0.695147
vt 0.506522 0.522773
vt 0.475000 0.593136
vt 0.408340 0.969909
vt 0.548284 0.304853
vt 0.648603 0.107966
vt 0.643664 0.785773
vt 0.550000 0.578805
vt 0.537500 0.312500
vt 0.408159 0.282659
vt 0.474705 0.460422
vt 0.475000 0.478167
vt 0.475000 0.460448
vt 0.363077 0.919024
vt 0.371453 0.925181
vt 0.562500 0.312500
vt 0.562500 0.688440
vt 0.643450 0.195193
vt 0.550000 0.312500
vt 0.550000 0.688440
vt 0.626409 0.248091
vt 0.490000 0.593136
vt 0.537500 0.312500
vt 0.537500 0.688440
vt 0.361604 0.210749
vt 0.507847 0.522773
vt 0.512500 0.555025
vt 0.612500 0.578805
vt 0.612500 0.312500
vt 0.591841 0.282659
vt 0.587500 0.688440
vt 0.600000 0.312500
vt 0.632242 0.226031
vt 0.451716 0.304853
vt 0.500000 0.312500
vt 0.374571 0.923054
vt 0.505000 0.493373
vt 0.447682 0.861086
vt 0.647675 0.174610
vt 0.575000 0.312500
vt 0.575000 0.688440
vt 0.587500 0.312500
vt 0.608379 0.095547
vt 0.626409 0.751908
vt 0.612500 0.312500
vt 0.500000 0.500470
vt 0.591842 0.717341
vt 0.600000 0.688440
vt 0.647237 0.176905
vt 0.656250 0.156250
vt 0.361604 0.210749
vt 0.527891 0.009742
vt 0.510000 0.407804
vt 0.507500 0.407804
vt 0.510000 0.407804
vt 0.600000 0.578805
vt 0.600000 0.312500
vt 0.369563 0.915162
vt 0.562500 0.578805
vt 0.550000 0.312500
vt 0.500000 0.562671
vt 0.500000 0.312500
vt 0.448816 0.856283
vt 0.482500 0.688440
vt 0.365584 0.219205
vt 0.648603 0.204534
vt 0.648592 0.174763
vt 0.641284 0.201860
vt 0.362844 0.228822
vt 0.442500 0.626838
vt 0.644991 0.213656
vt 0.593237 0.578805
vt 0.450000 0.688440
vt 0.623058 0.115192
vt 0.428333 0.500470
vt 0.648603 0.204534
vt 0.449558 0.852575
vt 0.455000 0.593136
vt 0.575000 0.578805
vt 0.562500 0.312500
vt 0.548284 0.304853
vt 0.587500 0.578805
vt 0.587500 0.312500
vt 0.548284 0.304853
vt 0.361604 0.898249
vt 0.361604 0.898249
vt 0.358716 0.889360
vt 0.536944 0.012066
vt 0.575000 0.312500
vt 0.358900 0.910147
vt 0.366950 0.917285
vt 0.416277 0.975676
vt 0.562500 0.312500
vt 0.562500 0.688440
vt 0.626409 0.248091
vt 0.448189 0.843932
vt 0.548284 0.007647
vt 0.591841 0.282659
vt 0.505000 0.407804
vt 0.505208 0.500470
vt 0.653180 0.185471
vt 0.447500 0.593136
vt 0.427729 0.825324
vt 0.626409 0.248091
vt 0.363706 0.909773
vt 0.512500 0.367004
vt 0.451716 0.304853
vt 0.422500 0.367004
vt 0.425000 0.407804
vt 0.422500 0.407804
vt 0.425000 0.407804
vt 0.645923 0.183790
vt 0.436624 0.978136
vt 0.436624 0.978136
vt 0.428433 0.973633
vt 0.587500 0.688440
vt 0.600000 0.312500
vt 0.445854 0.839666
vt 0.373591 0.751909
vt 0.485000 0.593136
vt 0.591841 0.282659
vt 0.512500 0.312500
vt 0.443723 0.836007
vt 0.436612 0.829579
vt 0.510000 0.425848
vt 0.420243 0.969131
vt 0.367758 0.226031
vt 0.445000 0.593136
vt 0.639118 0.208526
vt 0.651043 0.195031
vt 0.651346 0.175221
vt 0.575000 0.312500
vt 0.575000 0.688440
vt 0.647359 0.148195
vt 0.362844 0.228822
vt 0.550000 0.312500
vt 0.550000 0.688440
vt 0.641100 0.222647
vt 0.492500 0.626838
vt 0.587500 0.312500
vt 0.633680 0.229593
vt 0.480000 0.593136
vt 0.430000 0.493372
vt 0.509934 0.869360
vt 0.638396 0.210749
vt 0.547821 0.011929
vt 0.517340 0.555025
vt 0.518755 0.535436
vt 0.512609 0.555025
vt 0.637156 0.228822
vt 0.365584 0.219205
vt 0.366320 0.229593
vt 0.637401 0.212863
vt 0.354722 0.901270
vt 0.646923 0.155877
vt 0.419101 0.971944
vt 0.424875 0.980403
vt 0.485000 0.688440
vt 0.420000 0.312500
vt 0.500000 0.312500
vt 0.644610 0.190676
vt 0.361604 0.898249
vt 0.425000 0.425848
vt 0.507847 0.478167
vt 0.516919 0.861938
vt 0.634416 0.219205
vt 0.367758 0.226031
vt 0.520667 0.555025
vt 0.447500 0.688440
vt 0.545997 0.014391
vt 0.644288 0.202950
vt 0.653640 0.178090
vt 0.363077 0.231524
vt 0.428648 0.977242
vt 0.562500 0.312500
vt 0.562500 0.688440
vt 0.648309 0.204439
vt 0.507500 0.493373
vt 0.502500 0.562671
vt 0.644172 0.192971
vt 0.355828 0.880471
vt 0.355828 0.880471
vt 0.548284 0.304853
vt 0.523131 0.855449
vt 0.487500 0.593136
vt 0.597218 0.688440
vt 0.597218 0.312500
vt 0.587500 0.688440
vt 0.369563 0.227662
vt 0.508333 0.500470
vt 0.643450 0.195193
vt 0.643664 0.214227
vt 0.366320 0.229593
vt 0.442500 0.593136
vt 0.632242 0.226031
vt 0.647675 0.174610
vt 0.575000 0.312500
vt 0.575000 0.688440
vt 0.545997 0.014391
vt 0.526016 0.852487
vt 0.626409 0.248091
vt 0.495000 0.593136
vt 0.359102 0.899878
vt 0.587500 0.312500
vt 0.523625 0.555025
vt 0.522826 0.535436
vt 0.425000 0.407804
vt 0.356374 0.890220
vt 0.647237 0.176905
vt 0.591841 0.282659
vt 0.351691 0.891939
vt 0.440000 0.626838
vt 0.433472 0.985129
vt 0.532252 0.849336
vt 0.648592 0.174763
vt 0.641284 0.201860
vt 0.644991 0.213656
vt 0.487500 0.688440
vt 0.515000 0.367004
vt 0.408159 0.717341
vt 0.515000 0.312500
vt 0.367509 0.231114
vt 0.525000 0.555025
vt 0.525000 0.535436
vt 0.512500 0.425848
vt 0.557406 0.011259
vt 0.437500 0.593136
vt 0.497500 0.626838
vt 0.518755 0.465503
vt 0.653180 0.185471
vt 0.495000 0.626838
vt 0.645923 0.183790
vt 0.420000 0.367004
vt 0.651043 0.195031
vt 0.551964 0.839579
vt 0.440000 0.593136
vt 0.639118 0.208526
vt 0.651346 0.175221
vt 0.445000 0.688440
vt 0.490000 0.593136
vt 0.430333 0.505103
vt 0.557512 0.015890
vt 0.641100 0.222647
vt 0.371075 0.235677
vt 0.454003 0.985017
vt 0.454003 0.985017
vt 0.445314 0.981576
vt 0.633680 0.229593
vt 0.427500 0.493373
vt 0.436624 0.978136
vt 0.450000 0.593136
vt 0.638396 0.210749
vt 0.527357 0.555025
vt 0.533985 0.535436
vt 0.348659 0.882608
vt 0.512514 0.460056
vt 0.512609 0.460052
vt 0.436177 0.981409
vt 0.505000 0.562671
vt 0.637156 0.228822
vt 0.637401 0.212863
vt 0.462500 0.312500
vt 0.450259 0.688440
vt 0.462500 0.688440
vt 0.442594 0.988741
vt 0.373591 0.935591
vt 0.407443 0.969443
vt 0.452046 0.874711
vt 0.644610 0.190676
vt 0.510000 0.493373
vt 0.417500 0.312500
vt 0.422500 0.425848
vt 0.490000 0.688440
vt 0.634416 0.219205
vt 0.418947 0.954576
vt 0.368334 0.239808
vt 0.500000 0.593136
vt 0.515000 0.407804
vt 0.512500 0.407804
vt 0.515000 0.407804
vt 0.351397 0.892034
vt 0.653640 0.178090
vt 0.648309 0.204439
vt 0.517500 0.312500
vt 0.534807 0.555025
vt 0.475000 0.312500
vt 0.475000 0.688440
vt 0.644172 0.192971
vt 0.369563 0.227662
vt 0.510000 0.407804
vt 0.510417 0.500470
vt 0.529474 0.798939
vt 0.529935 0.799410
vt 0.521040 0.790796
vt 0.500000 0.626838
vt 0.539838 0.804507
vt 0.425776 0.947068
vt 0.467552 0.884369
vt 0.517774 0.785099
vt 0.643450 0.195193
vt 0.492500 0.593136
vt 0.423333 0.500470
vt 0.545997 0.014391
vt 0.632242 0.226031
vt 0.514577 0.779786
vt 0.485000 0.593136
vt 0.352921 0.880856
vt 0.647675 0.174610
vt 0.547258 0.805502
vt 0.450000 0.688440
vt 0.462500 0.312500
vt 0.462500 0.688440
vt 0.445964 0.985130
vt 0.346820 0.872971
vt 0.647237 0.176905
vt 0.437500 0.688440
vt 0.450000 0.312500
vt 0.550375 0.805840
vt 0.451716 0.695147
vt 0.511304 0.767500
vt 0.352325 0.862110
vt 0.354077 0.871290
vt 0.352326 0.862109
vt 0.439899 0.859556
vt 0.343750 0.843750
vt 0.355828 0.880471
vt 0.537500 0.555025
vt 0.442500 0.688440
vt 0.450259 0.312500
vt 0.648592 0.174763
vt 0.641284 0.201860
vt 0.644991 0.213656
vt 0.515000 0.425848
vt 0.560552 0.803298
vt 0.602762 0.808433
vt 0.495000 0.593136
vt 0.554687 0.017831
vt 0.475000 0.312500
vt 0.475000 0.688440
vt 0.511739 0.755196
vt 0.451716 0.992353
vt 0.470401 0.932427
vt 0.420000 0.407804
vt 0.417500 0.407804
vt 0.420000 0.407804
vt 0.653180 0.185471
vt 0.435000 0.593136
vt 0.492500 0.688440
vt 0.376578 0.244605
vt 0.645923 0.183790
vt 0.487500 0.312500
vt 0.487500 0.688440
vt 0.537500 0.535436
vt 0.425000 0.688440
vt 0.437500 0.312500
vt 0.566528 0.014871
vt 0.455962 0.878627
vt 0.443187 0.866009
vt 0.651043 0.195031
vt 0.417500 0.367004
vt 0.639118 0.208526
vt 0.507500 0.562671
vt 0.651346 0.175221
vt 0.542698 0.555025
vt 0.517500 0.367004
vt 0.641100 0.222647
vt 0.445000 0.593136
vt 0.350824 0.870126
vt 0.497500 0.593136
vt 0.633680 0.229593
vt 0.425000 0.493373
vt 0.454003 0.985017
vt 0.374571 0.235553
vt 0.408159 0.970159
vt 0.373591 0.935591
vt 0.500000 0.837500
vt 0.453831 0.325734
vt 0.450000 0.578805
vt 0.450714 0.578805
vt 0.462500 0.578805
vt 0.638396 0.210749
vt 0.513333 0.500470
vt 0.512500 0.493373
vt 0.472109 0.989666
vt 0.472109 0.989666
vt 0.463056 0.987341
vt 0.559087 0.836101
vt 0.451716 0.992353
vt 0.440999 0.325734
vt 0.437500 0.578805
vt 0.468998 0.578805
vt 0.467512 0.325734
vt 0.538527 0.535436
vt 0.637156 0.228822
vt 0.344982 0.863333
vt 0.565511 0.019059
vt 0.433420 0.840163
vt 0.351397 0.795466
vt 0.637401 0.212863
vt 0.434986 0.850048
vt 0.475000 0.578805
vt 0.351397 0.892034
vt 0.502500 0.626838
vt 0.492730 0.929971
vt 0.484122 0.888423
vt 0.379579 0.243445
vt 0.425417 0.500470
vt 0.487500 0.312500
vt 0.487500 0.688440
vt 0.644610 0.190676
vt 0.516984 0.459859
vt 0.518343 0.459801
vt 0.450000 0.325734
vt 0.462500 0.325734
vt 0.429049 0.325734
vt 0.428872 0.578805
vt 0.472058 0.886665
vt 0.450000 0.688440
vt 0.462500 0.312500
vt 0.462500 0.688440
vt 0.437500 0.688440
vt 0.450000 0.312500
vt 0.542698 0.535436
vt 0.453954 0.988322
vt 0.408159 0.970159
vt 0.373591 0.935591
vt 0.500000 0.837500
vt 0.373591 0.248092
vt 0.519316 0.459753
vt 0.415000 0.312500
vt 0.634416 0.219205
vt 0.451716 0.992353
vt 0.437500 0.325734
vt 0.500000 0.687500
vt 0.574332 0.834207
vt 0.351397 0.892034
vt 0.475000 0.312500
vt 0.475000 0.688440
vt 0.420000 0.425848
vt 0.425000 0.325734
vt 0.425000 0.578805
vt 0.407443 0.030557
vt 0.373591 0.064409
vt 0.418947 0.043955
vt 0.500000 1.000000
vt 0.487500 0.578805
vt 0.481925 0.325734
vt 0.500000 0.930916
vt 0.489901 0.889338
vt 0.653640 0.178090
vt 0.475000 0.325734
vt 0.648309 0.204439
vt 0.425000 0.688440
vt 0.437500 0.312500
vt 0.563376 0.021272
vt 0.500000 1.000000
vt 0.425000 0.312500
vt 0.405045 0.594471
vt 0.405045 0.647132
vt 0.404816 0.594471
vt 0.412500 0.688440
vt 0.343750 0.843750
vt 0.461219 0.994793
vt 0.400000 0.647132
vt 0.400000 0.594471
vt 0.644172 0.192971
vt 0.440000 0.688440
vt 0.437500 0.626838
vt 0.343750 0.843750
vt 0.487500 0.312500
vt 0.487500 0.688440
vt 0.420000 0.407804
vt 0.548284 0.992353
vt 0.417925 0.325734
vt 0.412500 0.578805
vt 0.599788 0.814114
vt 0.582913 0.830206
vt 0.412500 0.688440
vt 0.425000 0.312500
vt 0.643450 0.195193
vt 0.351397 0.795466
vt 0.352325 0.862110
vt 0.632242 0.226031
vt 0.500000 0.887611
vt 0.487500 0.325734
vt 0.490000 0.593136
vt 0.432160 0.832306
vt 0.647675 0.174610
vt 0.563376 0.021272
vt 0.495000 0.688440
vt 0.349046 0.862183
vt 0.500000 0.312500
vt 0.500000 0.688440
vt 0.529517 0.935126
vt 0.514190 0.883009
vt 0.500000 0.578805
vt 0.496884 0.325734
vt 0.520000 0.367004
vt 0.591841 0.970159
vt 0.647237 0.176905
vt 0.522176 0.459606
vt 0.522826 0.465503
vt 0.523068 0.459558
vt 0.369563 0.227662
vt 0.344366 0.853542
vt 0.507744 0.886384
vt 0.500000 0.312500
vt 0.500000 0.688440
vt 0.497500 0.688440
vt 0.517500 0.425848
vt 0.520000 0.312500
vt 0.523488 0.459536
vt 0.434281 0.818911
vt 0.373591 0.751909
vt 0.548284 0.992353
vt 0.464132 0.990787
vt 0.648592 0.174763
vt 0.530408 0.935022
vt 0.644991 0.213656
vt 0.400000 0.688440
vt 0.412500 0.312500
vt 0.641284 0.201860
vt 0.412500 0.325734
vt 0.395305 0.594471
vt 0.407494 0.325734
vt 0.400000 0.578805
vt 0.626409 0.935591
vt 0.382069 0.251208
vt 0.510000 0.562671
vt 0.569853 0.797374
vt 0.373591 0.751909
vt 0.387500 0.647132
vt 0.408159 0.717341
vt 0.653180 0.185471
vt 0.505000 0.593136
vt 0.351397 0.795466
vt 0.500000 0.312500
vt 0.500000 0.688440
vt 0.500000 0.325734
vt 0.549202 0.933059
vt 0.523840 0.878092
vt 0.512500 0.312500
vt 0.512500 0.688440
vt 0.645923 0.183790
vt 0.575125 0.019597
vt 0.500000 0.593136
vt 0.648603 0.892034
vt 0.512500 0.578805
vt 0.512148 0.325734
vt 0.387500 0.688440
vt 0.400000 0.312500
vt 0.412500 0.312500
vt 0.505000 0.626838
vt 0.651043 0.195031
vt 0.373591 0.064409
vt 0.408159 0.029841
vt 0.500000 0.150000
vt 0.639118 0.208526
vt 0.651346 0.175221
vt 0.451716 0.007647
vt 0.451716 0.695147
vt 0.348052 0.853162
vt 0.351739 0.852782
vt 0.351397 0.107966
vt 0.641100 0.222647
vt 0.400000 0.325734
vt 0.430000 0.593136
vt 0.515000 0.493373
vt 0.427500 0.562671
vt 0.415000 0.367004
vt 0.577357 0.788640
vt 0.560131 0.924356
vt 0.633680 0.229593
vt 0.500000 -0.000000
vt 0.434986 0.814519
vt 0.397553 0.325734
vt 0.387500 0.578805
vt 0.400000 0.688440
vt 0.574628 0.024204
vt 0.656250 0.843750
vt 0.343750 0.156250
vt 0.351152 0.843454
vt 0.351152 0.843454
vt 0.351739 0.834126
vt 0.422500 0.493373
vt 0.520000 0.407804
vt 0.517500 0.407804
vt 0.520000 0.407804
vt 0.373591 0.064409
vt 0.408159 0.029841
vt 0.500000 0.150000
vt 0.515837 0.744077
vt 0.525000 0.312500
vt 0.525000 0.688440
vt 0.638396 0.210749
vt 0.500000 0.687500
vt 0.470722 0.997232
vt 0.591841 0.970159
vt 0.495000 0.593136
vt 0.548284 0.007647
vt 0.451716 0.007647
vt 0.525000 0.578805
vt 0.512500 0.325734
vt 0.637156 0.228822
vt 0.343750 0.843750
vt 0.442957 0.798876
vt 0.375000 0.688440
vt 0.387500 0.312500
vt 0.637401 0.212863
vt 0.579723 0.783520
vt 0.387500 0.594471
vt 0.526341 0.875548
vt 0.648603 0.795466
vt 0.379845 0.255651
vt 0.351397 0.204534
vt 0.351397 0.107966
vt 0.351152 0.843454
vt 0.548284 0.695147
vt 0.644610 0.190676
vt 0.379579 0.243445
vt 0.437500 0.688440
vt 0.435000 0.593136
vt 0.515000 0.407804
vt 0.578300 0.910182
vt 0.626409 0.751908
vt 0.440000 0.593136
vt 0.500000 0.688440
vt 0.591842 0.029841
vt 0.500000 0.150000
vt 0.384069 0.647132
vt 0.384176 0.594471
vt 0.591842 0.717341
vt 0.472109 0.989666
vt 0.351397 0.107966
vt 0.387852 0.325734
vt 0.634416 0.219205
vt 0.523198 0.735233
vt 0.373591 0.751909
vt 0.537500 0.312500
vt 0.537500 0.688440
vt 0.373591 0.248091
vt 0.653640 0.178090
vt 0.648309 0.204439
vt 0.500000 -0.000000
vt 0.610621 0.793574
vt 0.412500 0.312500
vt 0.378116 0.325734
vt 0.381522 0.578805
vt 0.387500 0.325734
vt 0.612500 0.688440
vt 0.625000 0.312500
vt 0.625000 0.688440
vt 0.530820 0.458604
vt 0.533985 0.465503
vt 0.531617 0.458504
vt 0.417500 0.425848
vt 0.525000 0.325734
vt 0.512500 0.312500
vt 0.512500 0.688440
vt 0.644172 0.192971
vt 0.418333 0.500470
vt 0.536255 0.865633
vt 0.626409 0.064408
vt 0.425776 0.050698
vt 0.343750 0.156250
vt 0.375000 0.312500
vt 0.375000 0.578805
vt 0.527447 0.325734
vt 0.537500 0.578805
vt 0.408159 0.282659
vt 0.502500 0.593136
vt 0.643450 0.195193
vt 0.563376 0.021272
vt 0.408158 0.717341
vt 0.533102 0.729529
vt 0.550000 0.312500
vt 0.550000 0.688440
vt 0.582610 0.901604
vt 0.632242 0.226031
vt 0.522500 0.367004
vt 0.647675 0.174610
vt 0.443187 0.798429
vt 0.512500 0.312500
vt 0.512500 0.688440
vt 0.600000 0.688440
vt 0.612500 0.312500
vt 0.522500 0.312500
vt 0.648603 0.107966
vt 0.520000 0.425848
vt 0.348059 0.843609
vt 0.343750 0.156250
vt 0.534298 0.458046
vt 0.535362 0.457832
vt 0.647237 0.176905
vt 0.472457 0.992952
vt 0.400000 0.312500
vt 0.550000 0.688440
vt 0.537500 0.688440
vt 0.550000 0.620947
vt 0.375000 0.594471
vt 0.626409 0.935591
vt 0.451716 0.304853
vt 0.375000 0.647132
vt 0.352325 0.824798
vt 0.352325 0.824798
vt 0.536844 0.728875
vt 0.512500 0.562671
vt 0.562500 0.312500
vt 0.562500 0.688440
vt 0.581994 0.777781
vt 0.612835 0.761100
vt 0.375000 0.325734
vt 0.455962 0.785655
vt 0.648592 0.174763
vt 0.614354 0.770573
vt 0.537500 0.325734
vt 0.541576 0.578805
vt 0.548284 0.007647
vt 0.644991 0.213656
vt 0.490654 0.992008
vt 0.490654 0.992008
vt 0.481381 0.990837
vt 0.625000 0.578805
vt 0.618075 0.325734
vt 0.612500 0.578805
vt 0.587500 0.688440
vt 0.600000 0.312500
vt 0.547806 0.620947
vt 0.641284 0.201860
vt 0.507500 0.626838
vt 0.389071 0.259601
vt 0.594509 0.878251
vt 0.536615 0.865280
vt 0.656250 0.156250
vt 0.470401 0.062736
vt 0.344366 0.833958
vt 0.575000 0.312500
vt 0.575000 0.688440
vt 0.625000 0.325734
vt 0.587500 0.312500
vt 0.500000 0.312500
vt 0.349281 0.834070
vt 0.387500 0.688440
vt 0.542772 0.853196
vt 0.459112 0.784006
vt 0.571567 0.025775
vt 0.480455 0.998462
vt 0.550000 0.578805
vt 0.542506 0.325734
vt 0.583090 0.765754
vt 0.653180 0.185471
vt 0.408159 0.717341
vt 0.415000 0.407804
vt 0.412500 0.407804
vt 0.415000 0.407804
vt 0.385537 0.250646
vt 0.648603 0.204534
vt 0.351397 0.204534
vt 0.645923 0.183790
vt 0.548284 0.304853
vt 0.505000 0.593136
vt 0.626409 0.248091
vt 0.607488 0.325734
vt 0.600000 0.578805
vt 0.651043 0.195031
vt 0.517500 0.493373
vt 0.502500 0.688440
vt 0.591841 0.282659
vt 0.612500 0.325734
vt 0.408756 0.717037
vt 0.651346 0.175221
vt 0.639118 0.208526
vt 0.625000 0.594471
vt 0.625000 0.647132
vt 0.622991 0.594471
vt 0.548284 0.695147
vt 0.544318 0.727452
vt 0.472058 0.777409
vt 0.421436 0.714868
vt 0.641100 0.222647
vt 0.612500 0.647132
vt 0.583723 0.024324
vt 0.562500 0.578805
vt 0.557075 0.325734
vt 0.482865 0.994121
vt 0.595406 0.872512
vt 0.550000 0.325734
vt 0.427500 0.563351
vt 0.427529 0.563405
vt 0.391494 0.257848
vt 0.351397 0.204534
vt 0.633680 0.229593
vt 0.425000 0.562671
vt 0.432500 0.593136
vt 0.580795 0.753861
vt 0.610621 0.747461
vt 0.427159 0.562671
vt 0.492729 0.064731
vt 0.420417 0.500470
vt 0.600094 0.842916
vt 0.544816 0.849240
vt 0.596169 0.325734
vt 0.587500 0.578805
vt 0.412500 0.367004
vt 0.518333 0.500470
vt 0.638396 0.210749
vt 0.420000 0.493373
vt 0.637156 0.228822
vt 0.591842 0.029841
vt 0.575000 0.578805
vt 0.570951 0.325734
vt 0.386099 0.263211
vt 0.600000 0.325734
vt 0.648603 0.892034
vt 0.584000 0.325734
vt 0.584706 0.578805
vt 0.637401 0.212863
vt 0.599872 0.841495
vt 0.546382 0.839355
vt 0.589301 0.716047
vt 0.555795 0.729217
vt 0.500000 0.063770
vt 0.425000 0.593136
vt 0.540372 0.456739
vt 0.542698 0.465503
vt 0.542698 0.455984
vt 0.644610 0.190676
vt 0.479204 0.776187
vt 0.461132 0.722907
vt 0.562500 0.325734
vt 0.555802 0.620947
vt 0.575287 0.743238
vt 0.599788 0.726497
vt 0.582158 0.028354
vt 0.566527 0.734683
vt 0.587500 0.325734
vt 0.525000 0.312500
vt 0.525000 0.688440
vt 0.573465 0.741383
vt 0.634416 0.219205
vt 0.591317 0.718027
vt 0.405045 0.380876
vt 0.405045 0.406469
vt 0.402470 0.379588
vt 0.575000 0.325734
vt 0.529517 0.060243
vt 0.562500 0.688440
vt 0.373591 0.248091
vt 0.653640 0.178090
vt 0.612500 0.594471
vt 0.451716 0.695147
vt 0.648309 0.204439
vt 0.525000 0.312500
vt 0.525000 0.688440
vt 0.379579 0.243445
vt 0.594984 0.810633
vt 0.547642 0.831498
vt 0.387500 0.312500
vt 0.644172 0.192971
vt 0.612002 0.594471
vt 0.607411 0.647132
vt 0.515417 0.500470
vt 0.415000 0.407804
vt 0.489901 0.774493
vt 0.499838 0.728547
vt 0.530408 0.060351
vt 0.510000 0.593136
vt 0.430000 0.593136
vt 0.410000 0.312500
vt 0.546509 0.824344
vt 0.525000 0.367004
vt 0.579757 0.030277
vt 0.415000 0.425848
vt 0.643450 0.195193
vt 0.500000 0.728628
vt 0.500000 0.775964
vt 0.525000 0.312500
vt 0.510000 0.626838
vt 0.549202 0.062844
vt 0.544816 0.813791
vt 0.344982 0.824167
vt 0.349259 0.824527
vt 0.522500 0.425848
vt 0.632242 0.226031
vt 0.647675 0.174610
vt 0.515000 0.562671
vt 0.373591 0.248091
vt 0.375000 0.688440
vt 0.542302 0.808857
vt 0.594509 0.807673
vt 0.525171 0.688440
vt 0.647237 0.176905
vt 0.490189 0.999692
vt 0.352325 0.824798
vt 0.507744 0.777191
vt 0.531574 0.744412
vt 0.656250 0.843750
vt 0.505000 0.688440
vt 0.626409 0.064408
vt 0.600000 0.647132
vt 0.601063 0.594471
vt 0.518627 0.782583
vt 0.648592 0.174763
vt 0.500000 0.593136
vt 0.579757 0.030277
vt 0.560132 0.071328
vt 0.396622 0.266139
vt 0.644991 0.213656
vt 0.581566 0.782272
vt 0.536615 0.797851
vt 0.523840 0.785240
vt 0.641284 0.201860
vt 0.533038 0.794275
vt 0.562500 0.620947
vt 0.527673 0.633322
vt 0.562610 0.760261
vt 0.507500 0.593136
vt 0.500000 0.687500
vt 0.653180 0.185471
vt 0.562527 0.620947
vt 0.408159 0.282659
vt 0.645923 0.183790
vt 0.525000 0.407804
vt 0.522500 0.407804
vt 0.525000 0.407804
vt 0.520000 0.493373
vt 0.600000 0.594471
vt 0.587500 0.647132
vt 0.590019 0.594471
vt 0.568318 0.620947
vt 0.574271 0.688440
vt 0.573781 0.620947
vt 0.578300 0.085725
vt 0.651043 0.195031
vt 0.639118 0.208526
vt 0.651346 0.175221
vt 0.560058 0.758925
vt 0.520000 0.407804
vt 0.641100 0.222647
vt 0.490654 0.992008
vt 0.578300 0.775951
vt 0.581225 0.647132
vt 0.587500 0.594471
vt 0.579731 0.647132
vt 0.579731 0.594471
vt 0.648603 0.795466
vt 0.633680 0.229593
vt 0.422500 0.562671
vt 0.591660 0.030090
vt 0.638396 0.210749
vt 0.391494 0.257848
vt 0.393251 0.269927
vt 0.582610 0.094065
vt 0.537500 0.312500
vt 0.537500 0.688440
vt 0.427500 0.593136
vt 0.491394 0.995226
vt 0.637156 0.228822
vt 0.548284 0.695147
vt 0.408159 0.282659
vt 0.435000 0.593136
vt 0.574271 0.620947
vt 0.637401 0.212863
vt 0.350449 0.815074
vt 0.346820 0.814530
vt 0.375000 0.312500
vt 0.648603 0.107966
vt 0.590524 0.034613
vt 0.410000 0.367004
vt 0.644610 0.190676
vt 0.417500 0.493373
vt 0.354077 0.815618
vt 0.626409 0.751908
vt 0.387500 0.372384
vt 0.387500 0.406469
vt 0.385206 0.371265
vt 0.634416 0.219205
vt 0.612500 0.688440
vt 0.625000 0.312500
vt 0.625000 0.688440
vt 0.594509 0.117418
vt 0.648309 0.204439
vt 0.653640 0.178090
vt 0.591842 0.717341
vt 0.451716 0.304853
vt 0.512500 0.626838
vt 0.530185 0.312500
vt 0.509346 0.992008
vt 0.509346 0.992008
vt 0.500000 0.992008
vt 0.507500 0.688440
vt 0.505000 0.593136
vt 0.500000 0.999692
vt 0.413333 0.500470
vt 0.644172 0.192971
vt 0.527500 0.367004
vt 0.510000 0.593136
vt 0.517500 0.562671
vt 0.527500 0.312500
vt 0.525000 0.425848
vt 0.643450 0.195193
vt 0.595406 0.123013
vt 0.355828 0.806437
vt 0.432500 0.670259
vt 0.432500 0.688440
vt 0.432059 0.677568
vt 0.632242 0.226031
vt 0.407500 0.312500
vt 0.355828 0.806437
vt 0.355828 0.806437
vt 0.358716 0.797548
vt 0.384103 0.370727
vt 0.384176 0.406469
vt 0.377377 0.367447
vt 0.647675 0.174610
vt 0.426225 0.291864
vt 0.412500 0.425848
vt 0.647237 0.176905
vt 0.403164 0.273175
vt 0.579757 0.030277
vt 0.656250 0.156250
vt 0.600094 0.152609
vt 0.644991 0.213656
vt 0.648592 0.174763
vt 0.398308 0.264246
vt 0.641284 0.201860
vt 0.550000 0.312500
vt 0.550000 0.688440
vt 0.459208 0.280824
vt 0.501869 0.995082
vt 0.500000 0.312500
vt 0.431328 0.688440
vt 0.352566 0.806234
vt 0.653180 0.185471
vt 0.522500 0.493373
vt 0.348659 0.804892
vt 0.523333 0.500470
vt 0.599872 0.153995
vt 0.612500 0.312500
vt 0.645923 0.183790
vt 0.600000 0.688440
vt 0.651043 0.195031
vt 0.639118 0.208526
vt 0.494820 0.271273
vt 0.594983 0.184857
vt 0.651346 0.175221
vt 0.641100 0.222647
vt 0.587245 0.035769
vt 0.415417 0.500470
vt 0.633680 0.229593
vt 0.515000 0.593136
vt 0.400402 0.276643
vt 0.648603 0.204534
vt 0.420000 0.593136
vt 0.500000 0.268431
vt 0.410000 0.407804
vt 0.407500 0.407804
vt 0.410000 0.407804
vt 0.420000 0.562671
vt 0.638396 0.210749
vt 0.594509 0.187893
vt 0.405121 0.270644
vt 0.520416 0.500470
vt 0.624530 0.366116
vt 0.622991 0.406469
vt 0.614198 0.362330
vt 0.531640 0.251474
vt 0.637156 0.228822
vt 0.391494 0.257848
vt 0.599598 0.035857
vt 0.355328 0.798531
vt 0.548284 0.304853
vt 0.637401 0.212863
vt 0.425000 0.593136
vt 0.510000 0.688440
vt 0.581566 0.213294
vt 0.644610 0.190676
vt 0.560058 0.236749
vt 0.515000 0.626838
vt 0.562500 0.312500
vt 0.562500 0.688440
vt 0.578300 0.219795
vt 0.405121 0.270644
vt 0.562610 0.235484
vt 0.407500 0.367004
vt 0.634416 0.219205
vt 0.512500 0.593136
vt 0.626409 0.248091
vt 0.415000 0.493373
vt 0.648309 0.204439
vt 0.587500 0.688440
vt 0.600000 0.312500
vt 0.653640 0.178090
vt 0.591841 0.282659
vt 0.430000 0.688440
vt 0.430000 0.682088
vt 0.431226 0.688440
vt 0.597458 0.039697
vt 0.530000 0.367004
vt 0.644172 0.192971
vt 0.520000 0.562671
vt 0.530000 0.312500
vt 0.527500 0.425848
vt 0.410000 0.407804
vt 0.429667 0.680240
vt 0.509346 0.992008
vt 0.643450 0.195193
vt 0.351691 0.795561
vt 0.632242 0.226031
vt 0.575000 0.312500
vt 0.575000 0.688440
vt 0.594809 0.041345
vt 0.410511 0.279273
vt 0.587500 0.312500
vt 0.647675 0.174610
vt 0.430000 0.593136
vt 0.405000 0.312500
vt 0.647237 0.176905
vt 0.410000 0.425848
vt 0.644991 0.213656
vt 0.641284 0.201860
vt 0.648592 0.174763
vt 0.525000 0.407804
vt 0.594771 0.041303
vt 0.509811 0.999692
vt 0.510468 0.995109
vt 0.525000 0.493373
vt 0.606476 0.360457
vt 0.600000 0.406469
vt 0.600000 0.359112
vt 0.653180 0.185471
vt 0.510000 0.593136
vt 0.645923 0.183790
vt 0.361604 0.788659
vt 0.422500 0.593136
vt 0.651043 0.195031
vt 0.639118 0.208526
vt 0.408340 0.282410
vt 0.527891 0.989666
vt 0.527891 0.989666
vt 0.518619 0.990837
vt 0.512500 0.688440
vt 0.641100 0.222647
vt 0.651346 0.175221
vt 0.515000 0.593136
vt 0.633680 0.229593
vt 0.422500 0.626838
vt 0.361604 0.788659
vt 0.361604 0.788659
vt 0.365584 0.780203
vt 0.405121 0.270644
vt 0.638396 0.210749
vt 0.519545 0.998462
vt 0.517500 0.626838
vt 0.637156 0.228822
vt 0.417500 0.562671
vt 0.606749 0.042573
vt 0.637401 0.212863
vt 0.581151 0.356433
vt 0.579731 0.406469
vt 0.579731 0.356195
vt 0.358442 0.788544
vt 0.604901 0.046975
vt 0.644610 0.190676
vt 0.354722 0.786231
vt 0.634416 0.219205
vt 0.532500 0.367004
vt 0.522500 0.562671
vt 0.520844 0.993653
vt 0.405000 0.367004
vt 0.532500 0.312500
vt 0.412682 0.276137
vt 0.648309 0.204439
vt 0.653640 0.178090
vt 0.530000 0.425848
vt 0.530000 0.407804
vt 0.530000 0.407804
vt 0.532500 0.407804
vt 0.412500 0.493372
vt 0.644172 0.192971
vt 0.418101 0.284255
vt 0.527500 0.407804
vt 0.527500 0.500470
vt 0.643450 0.195193
vt 0.632242 0.226031
vt 0.647675 0.174610
vt 0.362114 0.780754
vt 0.647237 0.176905
vt 0.402500 0.312500
vt 0.420243 0.281631
vt 0.520000 0.593136
vt 0.644991 0.213656
vt 0.641284 0.201860
vt 0.594732 0.041261
vt 0.648592 0.174763
vt 0.527500 0.493373
vt 0.407500 0.425848
vt 0.525208 0.500470
vt 0.515000 0.688440
vt 0.407861 0.513708
vt 0.530000 0.407804
vt 0.416277 0.288176
vt 0.653180 0.185471
vt 0.645923 0.183790
vt 0.517500 0.593136
vt 0.601408 0.047696
vt 0.415000 0.593136
vt 0.639118 0.208526
vt 0.404967 0.407804
vt 0.402483 0.407804
vt 0.404983 0.407804
vt 0.651043 0.195031
vt 0.420000 0.626838
vt 0.641100 0.222647
vt 0.651346 0.175221
vt 0.633680 0.229593
vt 0.420000 0.593136
vt 0.358900 0.777353
vt 0.520000 0.626838
vt 0.529278 0.997232
vt 0.410299 0.503779
vt 0.638396 0.210749
vt 0.637156 0.228822
vt 0.637401 0.212863
vt 0.613901 0.049289
vt 0.415000 0.562671
vt 0.527891 0.989666
vt 0.425372 0.287941
vt 0.644610 0.190676
vt 0.535000 0.367004
vt 0.535000 0.312500
vt 0.525000 0.562671
vt 0.634416 0.219205
vt 0.532500 0.425848
vt 0.425000 0.593136
vt 0.648309 0.204439
vt 0.535000 0.407804
vt 0.535000 0.407804
vt 0.515000 0.593136
vt 0.369563 0.771746
vt 0.653640 0.178090
vt 0.611138 0.052920
vt 0.402500 0.367004
vt 0.644172 0.192971
vt 0.410000 0.493372
vt 0.643450 0.195193
vt 0.608190 0.054339
vt 0.632242 0.226031
vt 0.425000 0.688440
vt 0.422500 0.688440
vt 0.529376 0.992602
vt 0.420243 0.281631
vt 0.647675 0.174610
vt 0.369563 0.771746
vt 0.369563 0.771746
vt 0.374571 0.763854
vt 0.520000 0.593136
vt 0.647237 0.176905
vt 0.517500 0.688440
vt 0.608098 0.054193
vt 0.400000 0.312500
vt 0.530000 0.493373
vt 0.641284 0.201860
vt 0.366457 0.771236
vt 0.644991 0.213656
vt 0.424875 0.292903
vt 0.532500 0.500470
vt 0.648592 0.174763
vt 0.417500 0.593136
vt 0.545997 0.985017
vt 0.545997 0.985017
vt 0.536944 0.987341
vt 0.405000 0.407804
vt 0.363077 0.768476
vt 0.405000 0.425848
vt 0.653180 0.185471
vt 0.645923 0.183790
vt 0.538781 0.994793
vt 0.522500 0.626838
vt 0.639118 0.208526
vt 0.651043 0.195031
vt 0.641100 0.222647
vt 0.651346 0.175221
vt 0.417500 0.626838
vt 0.633680 0.229593
vt 0.638396 0.210749
vt 0.539489 0.989857
vt 0.617561 0.061076
vt 0.637156 0.228822
vt 0.620155 0.056849
vt 0.428433 0.286133
vt 0.637401 0.212863
vt 0.371075 0.763968
vt 0.434969 0.293168
vt 0.530000 0.500470
vt 0.537500 0.312500
vt 0.537500 0.367004
vt 0.644610 0.190676
vt 0.527500 0.562671
vt 0.535000 0.425848
vt 0.634416 0.219205
vt 0.412500 0.562671
vt 0.525000 0.593136
vt 0.648309 0.204439
vt 0.653640 0.178090
vt 0.644172 0.192971
vt 0.400000 0.367004
vt 0.436624 0.290636
vt 0.643450 0.195193
vt 0.520000 0.688440
vt 0.420000 0.688440
vt 0.632242 0.226031
vt 0.402510 0.500470
vt 0.608006 0.054046
vt 0.522500 0.593136
vt 0.647675 0.174610
vt 0.407500 0.493372
vt 0.647237 0.176905
vt 0.368334 0.760192
vt 0.420243 0.281631
vt 0.532500 0.493373
vt 0.433472 0.297629
vt 0.397500 0.312500
vt 0.641284 0.201860
vt 0.648592 0.174763
vt 0.644991 0.213656
vt 0.613865 0.061387
vt 0.399897 0.407804
vt 0.397449 0.407804
vt 0.399949 0.407804
vt 0.525000 0.626838
vt 0.653180 0.185471
vt 0.645923 0.183790
vt 0.548284 0.992353
vt 0.415000 0.593136
vt 0.402500 0.425848
vt 0.639118 0.208526
vt 0.651043 0.195031
vt 0.520000 0.593136
vt 0.379579 0.755963
vt 0.651346 0.175221
vt 0.410000 0.593136
vt 0.641100 0.222647
vt 0.633680 0.229593
vt 0.415000 0.626838
vt 0.545997 0.985017
vt 0.444407 0.296465
vt 0.535000 0.407804
vt 0.626409 0.064408
vt 0.638396 0.210749
vt 0.540000 0.312500
vt 0.540000 0.367004
vt 0.637156 0.228822
vt 0.637401 0.212863
vt 0.540000 0.407804
vt 0.537500 0.407804
vt 0.540000 0.407804
vt 0.530000 0.562671
vt 0.420000 0.593136
vt 0.644610 0.190676
vt 0.623025 0.067760
vt 0.537500 0.425848
vt 0.379579 0.755963
vt 0.379579 0.755963
vt 0.385537 0.748762
vt 0.634416 0.219205
vt 0.619763 0.068909
vt 0.525000 0.593136
vt 0.376578 0.755069
vt 0.648309 0.204439
vt 0.653640 0.178090
vt 0.410000 0.562671
vt 0.405093 0.503779
vt 0.522500 0.688440
vt 0.397500 0.367004
vt 0.644172 0.192971
vt 0.547821 0.987745
vt 0.436624 0.290636
vt 0.400000 0.407804
vt 0.373591 0.751909
vt 0.643450 0.195193
vt 0.619652 0.068672
vt 0.417500 0.688440
vt 0.632242 0.226031
vt 0.647675 0.174610
vt 0.442594 0.301241
vt 0.395000 0.312500
vt 0.535000 0.493373
vt 0.647237 0.176905
vt 0.563376 0.978136
vt 0.563377 0.978136
vt 0.554687 0.981576
vt 0.405000 0.493372
vt 0.412500 0.593136
vt 0.641284 0.201860
vt 0.648592 0.174763
vt 0.644991 0.213656
vt 0.530000 0.593136
vt 0.527500 0.626838
vt 0.382068 0.748437
vt 0.557406 0.988741
vt 0.653180 0.185471
vt 0.628367 0.076646
vt 0.645923 0.183790
vt 0.631666 0.072692
vt 0.639118 0.208526
vt 0.400000 0.425848
vt 0.651043 0.195031
vt 0.651346 0.175221
vt 0.445314 0.294076
vt 0.557512 0.983754
vt 0.641100 0.222647
vt 0.633680 0.229593
vt 0.542500 0.312500
vt 0.542500 0.367004
vt 0.538333 0.500470
vt 0.453565 0.300530
vt 0.638396 0.210749
vt 0.412500 0.626838
vt 0.637156 0.228822
vt 0.527500 0.593136
vt 0.535208 0.500470
vt 0.532500 0.562671
vt 0.637401 0.212863
vt 0.540000 0.425848
vt 0.644610 0.190676
vt 0.634416 0.219205
vt 0.525000 0.688440
vt 0.379845 0.744349
vt 0.395000 0.367004
vt 0.619540 0.068436
vt 0.397506 0.500470
vt 0.648309 0.204439
vt 0.653640 0.178090
vt 0.436624 0.290636
vt 0.644172 0.192971
vt 0.454003 0.297517
vt 0.407500 0.562671
vt 0.624516 0.076557
vt 0.392500 0.312500
vt 0.643450 0.195193
vt 0.451716 0.304853
vt 0.632242 0.226031
vt 0.415000 0.688440
vt 0.454003 0.297517
vt 0.394848 0.407804
vt 0.392424 0.407804
vt 0.394924 0.407804
vt 0.537500 0.493373
vt 0.647675 0.174610
vt 0.391494 0.741560
vt 0.647237 0.176905
vt 0.525000 0.593136
vt 0.641284 0.201860
vt 0.644991 0.213656
vt 0.402500 0.493372
vt 0.530000 0.626838
vt 0.648592 0.174763
vt 0.636923 0.080976
vt 0.566528 0.985129
vt 0.632999 0.083943
vt 0.653180 0.185471
vt 0.629473 0.084731
vt 0.645923 0.183790
vt 0.397500 0.425848
vt 0.391494 0.741560
vt 0.391494 0.741560
vt 0.398307 0.735162
vt 0.563377 0.978136
vt 0.639118 0.208526
vt 0.540000 0.407804
vt 0.545000 0.312500
vt 0.545000 0.367004
vt 0.651043 0.195031
vt 0.641100 0.222647
vt 0.400004 0.500470
vt 0.633680 0.229593
vt 0.389071 0.740063
vt 0.651346 0.175221
vt 0.464132 0.303287
vt 0.638396 0.210749
vt 0.415000 0.593136
vt 0.629371 0.084469
vt 0.461219 0.307293
vt 0.535000 0.562671
vt 0.542500 0.425848
vt 0.637156 0.228822
vt 0.410000 0.626838
vt 0.637401 0.212863
vt 0.392500 0.367004
vt 0.527500 0.688440
vt 0.386099 0.736789
vt 0.395000 0.407804
vt 0.644610 0.190676
vt 0.410000 0.593136
vt 0.454003 0.297517
vt 0.634416 0.219205
vt 0.390000 0.312500
vt 0.565511 0.980615
vt 0.637230 0.093418
vt 0.648309 0.204439
vt 0.530000 0.593136
vt 0.653640 0.178090
vt 0.644172 0.192971
vt 0.405000 0.593136
vt 0.641100 0.089853
vt 0.632242 0.226031
vt 0.412500 0.688440
vt 0.405000 0.562671
vt 0.643450 0.195193
vt 0.540000 0.493373
vt 0.396622 0.733466
vt 0.545000 0.407804
vt 0.545000 0.407804
vt 0.547500 0.407804
vt 0.463056 0.299841
vt 0.647674 0.174610
vt 0.647237 0.176905
vt 0.532500 0.626838
vt 0.542500 0.407804
vt 0.542500 0.500470
vt 0.535000 0.593136
vt 0.579757 0.969131
vt 0.579757 0.969131
vt 0.571567 0.973633
vt 0.644991 0.213656
vt 0.641284 0.201860
vt 0.400000 0.493372
vt 0.648592 0.174763
vt 0.575126 0.980403
vt 0.395000 0.425848
vt 0.405121 0.728764
vt 0.405121 0.728764
vt 0.547500 0.312500
vt 0.547500 0.367004
vt 0.629269 0.084206
vt 0.653180 0.185471
vt 0.574628 0.975441
vt 0.645923 0.183790
vt 0.633319 0.092923
vt 0.540208 0.500470
vt 0.390000 0.367004
vt 0.639118 0.208526
vt 0.470722 0.309732
vt 0.651043 0.195031
vt 0.641100 0.222647
vt 0.633680 0.229593
vt 0.389843 0.407804
vt 0.387422 0.407804
vt 0.389922 0.407804
vt 0.532500 0.593136
vt 0.392501 0.500470
vt 0.545000 0.407804
vt 0.651346 0.175221
vt 0.545000 0.425848
vt 0.407515 0.593136
vt 0.537500 0.562671
vt 0.410000 0.688440
vt 0.393250 0.730073
vt 0.471970 0.305584
vt 0.530000 0.688440
vt 0.638396 0.210749
vt 0.637156 0.228822
vt 0.472109 0.302166
vt 0.637401 0.212863
vt 0.407500 0.626838
vt 0.645278 0.098730
vt 0.640972 0.101207
vt 0.472109 0.302166
vt 0.644610 0.190676
vt 0.637315 0.101540
vt 0.634416 0.219205
vt 0.387500 0.367004
vt 0.387500 0.312500
vt 0.648309 0.204439
vt 0.653640 0.178090
vt 0.644172 0.192971
vt 0.542500 0.493373
vt 0.637239 0.101327
vt 0.632242 0.226031
vt 0.643450 0.195193
vt 0.402500 0.562671
vt 0.535000 0.593136
vt 0.647675 0.174610
vt 0.535000 0.626838
vt 0.405015 0.593136
vt 0.480918 0.307150
vt 0.392500 0.425848
vt 0.395002 0.500470
vt 0.397500 0.493372
vt 0.644063 0.111140
vt 0.550000 0.312500
vt 0.550000 0.367004
vt 0.648592 0.174763
vt 0.644991 0.213656
vt 0.546667 0.500470
vt 0.641284 0.201860
vt 0.480455 0.310962
vt 0.647237 0.176905
vt 0.583723 0.975676
vt 0.390000 0.407804
vt 0.403164 0.726505
vt 0.405121 0.728764
vt 0.648309 0.108061
vt 0.653180 0.185471
vt 0.547500 0.425848
vt 0.472109 0.302166
vt 0.579757 0.969131
vt 0.400402 0.723357
vt 0.400000 0.593136
vt 0.639118 0.208526
vt 0.651043 0.195031
vt 0.651346 0.175221
vt 0.540000 0.562671
vt 0.385000 0.367004
vt 0.385000 0.312500
vt 0.641100 0.222647
vt 0.532500 0.688440
vt 0.633680 0.229593
vt 0.530000 0.593136
vt 0.407500 0.688440
vt 0.645923 0.183790
vt 0.638396 0.210749
vt 0.637156 0.228822
vt 0.410000 0.593136
vt 0.481381 0.303337
vt 0.637401 0.212863
vt 0.405000 0.626838
vt 0.550000 0.407804
vt 0.550000 0.407804
vt 0.552500 0.407804
vt 0.640233 0.110219
vt 0.637164 0.101114
vt 0.581903 0.971760
vt 0.544791 0.500470
vt 0.384880 0.407804
vt 0.382440 0.407804
vt 0.384940 0.407804
vt 0.634416 0.219205
vt 0.489973 0.307858
vt 0.402546 0.593136
vt 0.653640 0.178090
vt 0.644610 0.190676
vt 0.545000 0.493373
vt 0.648309 0.204439
vt 0.390000 0.425848
vt 0.490654 0.304508
vt 0.540000 0.593136
vt 0.387495 0.500470
vt 0.651341 0.117392
vt 0.552500 0.312500
vt 0.552500 0.367004
vt 0.643230 0.119140
vt 0.646847 0.119309
vt 0.647675 0.174610
vt 0.643450 0.195193
vt 0.648592 0.174763
vt 0.400000 0.562671
vt 0.537500 0.626838
vt 0.632242 0.226031
vt 0.550000 0.407804
vt 0.395000 0.493372
vt 0.537500 0.593136
vt 0.382500 0.367004
vt 0.382500 0.312500
vt 0.410511 0.720431
vt 0.647237 0.176905
vt 0.412682 0.723271
vt 0.651346 0.175221
vt 0.641284 0.201860
vt 0.644172 0.192971
vt 0.644991 0.213656
vt 0.643191 0.119019
vt 0.490189 0.312192
vt 0.550000 0.425848
vt 0.653180 0.185471
vt 0.589503 0.966791
vt 0.587346 0.963672
vt 0.408340 0.717591
vt 0.498131 0.307582
vt 0.648752 0.129564
vt 0.535000 0.688440
vt 0.542500 0.562671
vt 0.639118 0.208526
vt 0.535000 0.593136
vt 0.591660 0.969909
vt 0.555000 0.407804
vt 0.555000 0.407804
vt 0.641100 0.222647
vt 0.645923 0.183790
vt 0.633680 0.229593
vt 0.420243 0.717777
vt 0.653180 0.127029
vt 0.405000 0.688440
vt 0.638396 0.210749
vt 0.400046 0.593136
vt 0.405030 0.593136
vt 0.490654 0.304508
vt 0.637156 0.228822
vt 0.385000 0.407804
vt 0.387500 0.425848
vt 0.637401 0.212863
vt 0.389999 0.500470
vt 0.402500 0.626838
vt 0.594935 0.958214
vt 0.651043 0.195031
vt 0.653640 0.178090
vt 0.555000 0.312500
vt 0.555000 0.367004
vt 0.644610 0.190676
vt 0.420243 0.717777
vt 0.420243 0.717777
vt 0.428433 0.713275
vt 0.547500 0.493373
vt 0.380000 0.367004
vt 0.380000 0.312500
vt 0.634416 0.219205
vt 0.595041 0.958148
vt 0.601899 0.951873
vt 0.594988 0.958181
vt 0.647675 0.174610
vt 0.648592 0.174763
vt 0.648309 0.204439
vt 0.392500 0.493372
vt 0.644172 0.192971
vt 0.645152 0.128207
vt 0.540000 0.593136
vt 0.500000 0.312192
vt 0.552500 0.500470
vt 0.397500 0.562671
vt 0.540000 0.626838
vt 0.643152 0.118898
vt 0.379934 0.407804
vt 0.377467 0.407804
vt 0.379967 0.407804
vt 0.647237 0.176905
vt 0.651346 0.175221
vt 0.632242 0.226031
vt 0.643450 0.195193
vt 0.418101 0.715434
vt 0.395000 0.593136
vt 0.552500 0.425848
vt 0.500000 0.304508
vt 0.650507 0.138003
vt 0.655018 0.136667
vt 0.653180 0.185471
vt 0.647084 0.137311
vt 0.508606 0.307726
vt 0.644991 0.213656
vt 0.416277 0.711824
vt 0.596620 0.961127
vt 0.557500 0.312500
vt 0.382492 0.500470
vt 0.545000 0.593136
vt 0.509346 0.304508
vt 0.641284 0.201860
vt 0.549792 0.500470
vt 0.537500 0.688440
vt 0.653640 0.178090
vt 0.425372 0.711704
vt 0.385000 0.425848
vt 0.545000 0.562671
vt 0.645923 0.183790
vt 0.377500 0.367004
vt 0.377500 0.312500
vt 0.599598 0.964143
vt 0.651166 0.148433
vt 0.647094 0.137348
vt 0.641100 0.222647
vt 0.639118 0.208526
vt 0.633680 0.229593
vt 0.397571 0.593136
vt 0.402500 0.688440
vt 0.638396 0.210749
vt 0.602446 0.955362
vt 0.490654 0.304508
vt 0.651043 0.195031
vt 0.644610 0.190676
vt 0.637156 0.228822
vt 0.400000 0.626838
vt 0.390000 0.493372
vt 0.509811 0.312192
vt 0.647675 0.174610
vt 0.637401 0.212863
vt 0.550000 0.493373
vt 0.648592 0.174763
vt 0.542500 0.593136
vt 0.517135 0.306621
vt 0.644172 0.192971
vt 0.655634 0.146458
vt 0.395000 0.562671
vt 0.651346 0.175221
vt 0.647237 0.176905
vt 0.557500 0.367004
vt 0.634416 0.219205
vt 0.643450 0.195193
vt 0.542500 0.626838
vt 0.647914 0.146649
vt 0.380000 0.407804
vt 0.624980 0.407804
vt 0.622490 0.407804
vt 0.624990 0.407804
vt 0.555000 0.425848
vt 0.560000 0.407804
vt 0.557500 0.407804
vt 0.560000 0.407804
vt 0.560000 0.312500
vt 0.647075 0.137275
vt 0.375000 0.367004
vt 0.375000 0.312500
vt 0.648309 0.204439
vt 0.382500 0.425848
vt 0.653180 0.185471
vt 0.384997 0.500470
vt 0.424874 0.707097
vt 0.509346 0.304508
vt 0.555000 0.407804
vt 0.641284 0.201860
vt 0.632242 0.226031
vt 0.645923 0.183790
vt 0.540000 0.688440
vt 0.436623 0.708772
vt 0.540000 0.593136
vt 0.648733 0.155949
vt 0.652017 0.156573
vt 0.547500 0.562671
vt 0.395071 0.593136
vt 0.400092 0.593136
vt 0.519545 0.310962
vt 0.656250 0.156250
vt 0.606749 0.957427
vt 0.644991 0.213656
vt 0.639118 0.208526
vt 0.387500 0.493372
vt 0.648733 0.155949
vt 0.608758 0.945598
vt 0.653640 0.178090
vt 0.518619 0.303337
vt 0.638396 0.210749
vt 0.377492 0.500470
vt 0.633680 0.229593
vt 0.651043 0.195031
vt 0.644610 0.190676
vt 0.400000 0.688440
vt 0.609073 0.945365
vt 0.615027 0.938372
vt 0.608915 0.945481
vt 0.647674 0.174610
vt 0.436623 0.708772
vt 0.436623 0.708772
vt 0.445313 0.705331
vt 0.527965 0.305211
vt 0.552500 0.493373
vt 0.641100 0.222647
vt 0.637401 0.212863
vt 0.527891 0.302166
vt 0.397500 0.626838
vt 0.625000 0.312500
vt 0.622500 0.367004
vt 0.622500 0.312500
vt 0.644172 0.192971
vt 0.390000 0.593136
vt 0.651489 0.172831
vt 0.651919 0.165661
vt 0.560000 0.367004
vt 0.380000 0.425848
vt 0.392500 0.562671
vt 0.562500 0.312500
vt 0.434968 0.706497
vt 0.557500 0.425848
vt 0.647674 0.174610
vt 0.643450 0.195193
vt 0.634416 0.219205
vt 0.545000 0.593136
vt 0.545000 0.626838
vt 0.550000 0.593136
vt 0.637156 0.228822
vt 0.625000 0.367004
vt 0.655634 0.166042
vt 0.509346 0.304508
vt 0.648309 0.204439
vt 0.653180 0.185471
vt 0.558333 0.500470
vt 0.537556 0.302325
vt 0.433472 0.702371
vt 0.529278 0.309732
vt 0.610232 0.948350
vt 0.641284 0.201860
vt 0.648204 0.165279
vt 0.375000 0.407804
vt 0.648733 0.155949
vt 0.647674 0.174610
vt 0.565000 0.407804
vt 0.562500 0.407804
vt 0.565000 0.407804
vt 0.632242 0.226031
vt 0.622996 0.481937
vt 0.385000 0.493372
vt 0.392577 0.593136
vt 0.620000 0.407804
vt 0.617500 0.407804
vt 0.620000 0.407804
vt 0.555208 0.500470
vt 0.542500 0.688440
vt 0.444407 0.703141
vt 0.625000 0.407804
vt 0.620000 0.367004
vt 0.620000 0.312500
vt 0.550000 0.562671
vt 0.527891 0.302166
vt 0.644991 0.213656
vt 0.655018 0.175833
vt 0.639118 0.208526
vt 0.613901 0.950710
vt 0.379996 0.500470
vt 0.377500 0.425848
vt 0.615824 0.941729
vt 0.638396 0.210749
vt 0.562500 0.367004
vt 0.651043 0.195031
vt 0.538781 0.307293
vt 0.565000 0.312500
vt 0.555000 0.493373
vt 0.454003 0.701891
vt 0.454003 0.701891
vt 0.637401 0.212863
vt 0.637156 0.228822
vt 0.641100 0.222647
vt 0.395000 0.626838
vt 0.390000 0.562671
vt 0.615000 0.407804
vt 0.615000 0.407804
vt 0.547500 0.593136
vt 0.633680 0.229593
vt 0.644172 0.192971
vt 0.644172 0.192971
vt 0.653180 0.185471
vt 0.560000 0.407804
vt 0.634416 0.219205
vt 0.644172 0.192971
vt 0.536944 0.299841
vt 0.620000 0.407804
vt 0.397500 0.688440
vt 0.648309 0.204439
vt 0.547500 0.626838
vt 0.617500 0.367004
vt 0.617500 0.312500
vt 0.382500 0.493372
vt 0.390077 0.593136
vt 0.563000 0.481937
vt 0.547337 0.300237
vt 0.545997 0.297517
vt 0.442594 0.698759
vt 0.645923 0.183790
vt 0.548284 0.304853
vt 0.385000 0.593136
vt 0.632242 0.226031
vt 0.395141 0.593136
vt 0.560000 0.425848
vt 0.565000 0.367004
vt 0.651341 0.195108
vt 0.567500 0.312500
vt 0.375000 0.421508
vt 0.545000 0.688440
vt 0.552500 0.562671
vt 0.644991 0.213656
vt 0.622500 0.425848
vt 0.621403 0.930978
vt 0.626364 0.923335
vt 0.621192 0.931179
vt 0.545997 0.297517
vt 0.620981 0.931379
vt 0.620155 0.943151
vt 0.641284 0.201860
vt 0.527891 0.302166
vt 0.387500 0.562671
vt 0.557500 0.493373
vt 0.557512 0.296254
vt 0.615000 0.367004
vt 0.615000 0.312500
vt 0.633680 0.229593
vt 0.638396 0.210749
vt 0.392500 0.626838
vt 0.375000 0.500470
vt 0.641100 0.222647
vt 0.625000 0.500470
vt 0.617857 0.487232
vt 0.380000 0.493372
vt 0.638396 0.210749
vt 0.648309 0.204439
vt 0.454003 0.701891
vt 0.557406 0.301241
vt 0.625000 0.421508
vt 0.565000 0.407804
vt 0.387563 0.593136
vt 0.612500 0.312500
vt 0.550000 0.593136
vt 0.560333 0.495837
vt 0.453564 0.699134
vt 0.570000 0.312500
vt 0.567500 0.367004
vt 0.395000 0.688440
vt 0.637156 0.228822
vt 0.545000 0.593136
vt 0.550000 0.626838
vt 0.554687 0.294076
vt 0.630437 0.227662
vt 0.562500 0.425848
vt 0.620000 0.425848
vt 0.610000 0.407804
vt 0.607500 0.407804
vt 0.610000 0.407804
vt 0.555000 0.593136
vt 0.570000 0.407804
vt 0.570000 0.407804
vt 0.572500 0.407804
vt 0.622656 0.933808
vt 0.615000 0.407804
vt 0.451716 0.695147
vt 0.638396 0.210749
vt 0.565511 0.293115
vt 0.563377 0.290636
vt 0.545997 0.297517
vt 0.645278 0.213769
vt 0.385000 0.562671
vt 0.627408 0.926533
vt 0.632137 0.231438
vt 0.566528 0.297629
vt 0.555000 0.562671
vt 0.634416 0.219205
vt 0.626409 0.935591
vt 0.547500 0.688440
vt 0.620213 0.492527
vt 0.390000 0.626838
vt 0.377500 0.493372
vt 0.563377 0.290636
vt 0.574628 0.287941
vt 0.472109 0.697242
vt 0.463056 0.699567
vt 0.472109 0.697242
vt 0.572500 0.312500
vt 0.570000 0.367004
vt 0.641100 0.222647
vt 0.385063 0.593136
vt 0.380000 0.593136
vt 0.552500 0.593136
vt 0.565000 0.500470
vt 0.567500 0.407804
vt 0.610000 0.312500
vt 0.610000 0.367004
vt 0.575126 0.292903
vt 0.612500 0.367004
vt 0.617500 0.425848
vt 0.565000 0.425848
vt 0.464132 0.696358
vt 0.392500 0.688440
vt 0.461219 0.692707
vt 0.571567 0.286133
vt 0.605000 0.407804
vt 0.602500 0.407804
vt 0.605000 0.407804
vt 0.390155 0.593136
vt 0.582169 0.283824
vt 0.579757 0.281631
vt 0.560000 0.493373
vt 0.627508 0.236971
vt 0.552500 0.626838
vt 0.636923 0.231524
vt 0.631686 0.915207
vt 0.635576 0.906963
vt 0.631506 0.915449
vt 0.382500 0.562671
vt 0.575000 0.407804
vt 0.575000 0.407804
vt 0.577500 0.407804
vt 0.583723 0.288176
vt 0.575000 0.312500
vt 0.572500 0.367004
vt 0.631326 0.915691
vt 0.590567 0.277547
vt 0.563376 0.290636
vt 0.612500 0.407804
vt 0.615089 0.504883
vt 0.625000 0.493373
vt 0.555000 0.593136
vt 0.607500 0.312500
vt 0.607500 0.367004
vt 0.631666 0.927308
vt 0.579757 0.281631
vt 0.557500 0.562671
vt 0.382535 0.593136
vt 0.387500 0.626838
vt 0.630437 0.227662
vt 0.600000 0.407804
vt 0.600000 0.407804
vt 0.550000 0.688440
vt 0.591660 0.282409
vt 0.615000 0.425848
vt 0.375000 0.493373
vt 0.608000 0.481937
vt 0.610000 0.407804
vt 0.567500 0.425848
vt 0.567000 0.519003
vt 0.570000 0.407804
vt 0.597316 0.272980
vt 0.594879 0.270643
vt 0.620421 0.243445
vt 0.622912 0.245414
vt 0.571667 0.500470
vt 0.587318 0.276137
vt 0.577500 0.312500
vt 0.575000 0.367004
vt 0.599598 0.276643
vt 0.604221 0.267086
vt 0.631666 0.239808
vt 0.605000 0.312500
vt 0.605000 0.367004
vt 0.617309 0.253149
vt 0.560000 0.593136
vt 0.390000 0.688440
vt 0.580000 0.407804
vt 0.580000 0.407804
vt 0.582500 0.407804
vt 0.610125 0.503559
vt 0.562500 0.493373
vt 0.606749 0.269927
vt 0.605000 0.407804
vt 0.375000 0.593136
vt 0.472109 0.697242
vt 0.380000 0.562671
vt 0.626409 0.248091
vt 0.625000 0.593136
vt 0.620421 0.243445
vt 0.594879 0.270643
vt 0.633148 0.917808
vt 0.610984 0.260323
vt 0.613901 0.263210
vt 0.470722 0.690268
vt 0.620155 0.255651
vt 0.622500 0.493372
vt 0.625429 0.235553
vt 0.550000 0.593136
vt 0.636935 0.909982
vt 0.608506 0.257848
vt 0.601693 0.264245
vt 0.580000 0.312500
vt 0.577500 0.367004
vt 0.555000 0.626838
vt 0.579757 0.281631
vt 0.380035 0.593136
vt 0.614463 0.250646
vt 0.612500 0.425848
vt 0.602500 0.312500
vt 0.602500 0.367004
vt 0.570000 0.425848
vt 0.636923 0.919024
vt 0.385000 0.626838
vt 0.575000 0.407804
vt 0.557500 0.593136
vt 0.471970 0.694106
vt 0.600000 0.312500
vt 0.600000 0.367004
vt 0.595000 0.407804
vt 0.592500 0.407804
vt 0.595000 0.407804
vt 0.582500 0.312500
vt 0.580000 0.367004
vt 0.602857 0.487232
vt 0.552500 0.688440
vt 0.585000 0.407804
vt 0.585000 0.407804
vt 0.587500 0.407804
vt 0.620000 0.593136
vt 0.597500 0.312500
vt 0.639654 0.898297
vt 0.642396 0.889528
vt 0.639560 0.898507
vt 0.385125 0.593136
vt 0.576666 0.500470
vt 0.387500 0.688440
vt 0.377500 0.562671
vt 0.630437 0.227662
vt 0.565000 0.493373
vt 0.610000 0.425848
vt 0.585000 0.312500
vt 0.582500 0.367004
vt 0.594879 0.270643
vt 0.572500 0.425848
vt 0.480918 0.692554
vt 0.481381 0.696071
vt 0.641100 0.910147
vt 0.377510 0.593136
vt 0.639466 0.898718
vt 0.560000 0.562671
vt 0.587500 0.312500
vt 0.585000 0.367004
vt 0.595000 0.312500
vt 0.595000 0.367004
vt 0.562500 0.593136
vt 0.620421 0.243445
vt 0.617500 0.493372
vt 0.620000 0.493372
vt 0.569667 0.505103
vt 0.555000 0.593136
vt 0.382500 0.626838
vt 0.590000 0.312500
vt 0.587500 0.367004
vt 0.557500 0.626838
vt 0.592500 0.312500
vt 0.592500 0.367004
vt 0.590000 0.367004
vt 0.560000 0.593136
vt 0.580000 0.407804
vt 0.490654 0.694899
vt 0.490654 0.694899
vt 0.490654 0.694899
vt 0.500000 0.694899
vt 0.607500 0.425848
vt 0.480455 0.689038
vt 0.575000 0.425848
vt 0.597500 0.367004
vt 0.581666 0.500470
vt 0.605214 0.492527
vt 0.567500 0.493373
vt 0.625000 0.565237
vt 0.555000 0.688440
vt 0.375010 0.593136
vt 0.385000 0.688440
vt 0.612500 0.531359
vt 0.600000 0.407804
vt 0.645278 0.901269
vt 0.375000 0.565237
vt 0.644175 0.892330
vt 0.622500 0.593136
vt 0.641464 0.900575
vt 0.574583 0.500470
vt 0.615000 0.493372
vt 0.605000 0.425848
vt 0.577500 0.425848
vt 0.562500 0.562671
vt 0.380000 0.626838
vt 0.585000 0.407804
vt 0.565000 0.593136
vt 0.593333 0.500470
vt 0.489973 0.691831
vt 0.590000 0.407804
vt 0.498131 0.692063
vt 0.645186 0.880511
vt 0.646728 0.871360
vt 0.645162 0.880635
vt 0.602500 0.425848
vt 0.590119 0.503779
vt 0.380070 0.593136
vt 0.597500 0.407804
vt 0.600214 0.501794
vt 0.570000 0.493373
vt 0.580000 0.425848
vt 0.490189 0.687808
vt 0.622500 0.562671
vt 0.587143 0.513708
vt 0.595000 0.407804
vt 0.382500 0.688440
vt 0.612500 0.493373
vt 0.645139 0.880759
vt 0.600000 0.425848
vt 0.648309 0.891939
vt 0.557500 0.688440
vt 0.582500 0.425848
vt 0.617500 0.593136
vt 0.560000 0.626838
vt 0.579583 0.500470
vt 0.377500 0.626838
vt 0.565000 0.562671
vt 0.598000 0.519003
vt 0.597500 0.425848
vt 0.585000 0.425848
vt 0.620000 0.593136
vt 0.572500 0.493373
vt 0.595000 0.425848
vt 0.560000 0.593136
vt 0.509346 0.694899
vt 0.509346 0.694899
vt 0.518619 0.696071
vt 0.587500 0.425848
vt 0.592500 0.425848
vt 0.590000 0.425848
vt 0.570000 0.593136
vt 0.610000 0.493373
vt 0.509346 0.694899
vt 0.380000 0.688440
vt 0.500000 0.687808
vt 0.648991 0.873884
vt 0.620000 0.562671
vt 0.647411 0.882395
vt 0.617500 0.562671
vt 0.584702 0.503779
vt 0.575000 0.493373
vt 0.565000 0.593136
vt 0.648269 0.862133
vt 0.648616 0.852796
vt 0.648269 0.862171
vt 0.560000 0.688440
vt 0.625000 0.626838
vt 0.567500 0.562671
vt 0.375000 0.626838
vt 0.651341 0.882608
vt 0.562500 0.626838
vt 0.607500 0.493373
vt 0.375020 0.593136
vt 0.575000 0.593136
vt 0.509054 0.692124
vt 0.595333 0.505103
vt 0.615000 0.593136
vt 0.527891 0.697242
vt 0.527891 0.697242
vt 0.577500 0.493373
vt 0.475000 0.354546
vt 0.474963 0.354559
vt 0.648269 0.862209
vt 0.377500 0.688440
vt 0.518927 0.693726
vt 0.615000 0.562671
vt 0.605000 0.493373
vt 0.605000 0.593136
vt 0.648963 0.843459
vt 0.648963 0.843458
vt 0.509811 0.687808
vt 0.567500 0.593136
vt 0.570000 0.562671
vt 0.451025 0.359760
vt 0.452410 0.423623
vt 0.450000 0.423623
vt 0.450000 0.359654
vt 0.452745 0.359939
vt 0.456431 0.423623
vt 0.622500 0.626838
vt 0.653180 0.872971
vt 0.607500 0.593136
vt 0.455320 0.359791
vt 0.462500 0.423623
vt 0.460059 0.423623
vt 0.454297 0.359968
vt 0.580000 0.493373
vt 0.445820 0.423623
vt 0.448219 0.359834
vt 0.570000 0.593136
vt 0.602500 0.493373
vt 0.565000 0.626838
vt 0.463092 0.358648
vt 0.463925 0.423623
vt 0.462500 0.358618
vt 0.457525 0.359407
vt 0.650955 0.853057
vt 0.580000 0.593136
vt 0.582500 0.493373
vt 0.612500 0.562671
vt 0.610000 0.593136
vt 0.562500 0.688440
vt 0.375000 0.688440
vt 0.600000 0.493373
vt 0.437500 0.423623
vt 0.444635 0.360197
vt 0.519545 0.689038
vt 0.650808 0.863121
vt 0.572500 0.562671
vt 0.572500 0.593136
vt 0.625000 0.688440
vt 0.585000 0.493373
vt 0.474770 0.423623
vt 0.474913 0.354578
vt 0.467235 0.357476
vt 0.474198 0.423623
vt 0.468212 0.423623
vt 0.464858 0.358382
vt 0.597500 0.493373
vt 0.487500 0.351531
vt 0.487500 0.688440
vt 0.486190 0.351902
vt 0.620000 0.626838
vt 0.655018 0.863333
vt 0.587500 0.493373
vt 0.595000 0.493373
vt 0.600000 0.593136
vt 0.590000 0.493373
vt 0.592500 0.493373
vt 0.567500 0.626838
vt 0.617500 0.626838
vt 0.610000 0.562671
vt 0.527891 0.697242
vt 0.437500 0.360929
vt 0.437481 0.423623
vt 0.437492 0.360931
vt 0.440787 0.360587
vt 0.565000 0.593136
vt 0.585000 0.593136
vt 0.575000 0.562671
vt 0.575000 0.593136
vt 0.545996 0.701891
vt 0.536944 0.699567
vt 0.545997 0.701891
vt 0.615000 0.593136
vt 0.622500 0.688440
vt 0.474696 0.354659
vt 0.471001 0.356039
vt 0.620000 0.593136
vt 0.565000 0.688440
vt 0.529278 0.690267
vt 0.655634 0.853542
vt 0.483445 0.352680
vt 0.648963 0.843459
vt 0.430915 0.423623
vt 0.434590 0.361615
vt 0.528897 0.694631
vt 0.607500 0.562671
vt 0.647675 0.824798
vt 0.647675 0.824798
vt 0.648319 0.834128
vt 0.590000 0.593136
vt 0.577500 0.593136
vt 0.595000 0.593136
vt 0.577500 0.562671
vt 0.615000 0.626838
vt 0.570000 0.626838
vt 0.605000 0.593136
vt 0.539489 0.697288
vt 0.429235 0.423623
vt 0.433834 0.361793
vt 0.605000 0.562671
vt 0.620000 0.688440
vt 0.612500 0.593136
vt 0.610000 0.593136
vt 0.580000 0.593136
vt 0.656250 0.843750
vt 0.567500 0.688440
vt 0.651821 0.843115
vt 0.580000 0.562671
vt 0.602500 0.593136
vt 0.538781 0.692707
vt 0.651116 0.832194
vt 0.563376 0.708772
vt 0.554686 0.705331
vt 0.563376 0.708772
vt 0.570000 0.593136
vt 0.612500 0.626838
vt 0.572500 0.626838
vt 0.602500 0.562671
vt 0.429235 0.362414
vt 0.431279 0.362396
vt 0.437539 0.561600
vt 0.437527 0.562671
vt 0.582500 0.593136
vt 0.545997 0.701891
vt 0.474464 0.460401
vt 0.474464 0.478167
vt 0.582500 0.562671
vt 0.600000 0.562671
vt 0.617500 0.688440
vt 0.585000 0.562671
vt 0.570000 0.688440
vt 0.655634 0.833958
vt 0.597500 0.562671
vt 0.548284 0.695147
vt 0.610000 0.626838
vt 0.575000 0.626838
vt 0.587500 0.562671
vt 0.547821 0.699429
vt 0.592500 0.593136
vt 0.481832 0.460539
vt 0.481014 0.460528
vt 0.595000 0.593136
vt 0.585000 0.593136
vt 0.595000 0.562671
vt 0.590000 0.562671
vt 0.557512 0.703391
vt 0.592500 0.562671
vt 0.482947 0.478167
vt 0.485429 0.460588
vt 0.644172 0.806437
vt 0.641284 0.797548
vt 0.644172 0.806437
vt 0.615000 0.688440
vt 0.615000 0.593136
vt 0.638396 0.788659
vt 0.638396 0.788659
vt 0.600000 0.593136
vt 0.500000 0.345676
vt 0.500000 0.688440
vt 0.498873 0.346402
vt 0.579757 0.717777
vt 0.571567 0.713275
vt 0.579757 0.717777
vt 0.590000 0.593136
vt 0.650840 0.824058
vt 0.575000 0.593136
vt 0.647675 0.824798
vt 0.597500 0.593136
vt 0.607500 0.626838
vt 0.577500 0.626838
vt 0.572500 0.688440
vt 0.487500 0.478167
vt 0.487500 0.460617
vt 0.587500 0.593136
vt 0.655018 0.824167
vt 0.557406 0.698759
vt 0.563376 0.708772
vt 0.610000 0.593136
vt 0.612500 0.688440
vt 0.645923 0.815617
vt 0.649551 0.815073
vt 0.605000 0.626838
vt 0.580000 0.626838
vt 0.492207 0.478167
vt 0.489653 0.460670
vt 0.644172 0.806437
vt 0.594879 0.728764
vt 0.587318 0.723271
vt 0.594879 0.728764
vt 0.574628 0.711704
vt 0.575000 0.688440
vt 0.630437 0.771746
vt 0.630437 0.771746
vt 0.634416 0.780202
vt 0.643626 0.796886
vt 0.565511 0.706559
vt 0.566528 0.702371
vt 0.580000 0.593136
vt 0.602500 0.626838
vt 0.582500 0.626838
vt 0.610000 0.688440
vt 0.605000 0.593136
vt 0.647173 0.805822
vt 0.653180 0.814529
vt 0.608506 0.741560
vt 0.608506 0.741560
vt 0.614463 0.748761
vt 0.600000 0.626838
vt 0.620421 0.755963
vt 0.620421 0.755963
vt 0.625429 0.763854
vt 0.585000 0.626838
vt 0.579757 0.717777
vt 0.500000 0.478167
vt 0.493253 0.460760
vt 0.577500 0.688440
vt 0.638396 0.788659
vt 0.597500 0.626838
vt 0.587500 0.626838
vt 0.607500 0.688440
vt 0.575125 0.707097
vt 0.595000 0.626838
vt 0.651341 0.804892
vt 0.590000 0.626838
vt 0.437523 0.563251
vt 0.590567 0.722097
vt 0.592500 0.626838
vt 0.585000 0.593136
vt 0.636294 0.777371
vt 0.595000 0.593136
vt 0.580000 0.688440
vt 0.582169 0.715851
vt 0.590000 0.593136
vt 0.600000 0.593136
vt 0.605000 0.688440
vt 0.583723 0.711824
vt 0.648309 0.795561
vt 0.500000 0.460516
vt 0.493627 0.460769
vt 0.594879 0.728764
vt 0.640898 0.787287
vt 0.626922 0.760811
vt 0.615549 0.745556
vt 0.582500 0.688440
vt 0.602500 0.688440
vt 0.630437 0.771746
vt 0.604221 0.732618
vt 0.601693 0.735162
vt 0.500925 0.478167
vt 0.500418 0.460500
vt 0.512500 0.460056
vt 0.608506 0.741560
vt 0.591660 0.717590
vt 0.620421 0.755963
vt 0.645278 0.786230
vt 0.585000 0.688440
vt 0.600000 0.688440
vt 0.597316 0.726709
vt 0.641100 0.777353
vt 0.587500 0.688440
vt 0.597500 0.688440
vt 0.599598 0.723357
vt 0.506522 0.478167
vt 0.502931 0.460407
vt 0.632644 0.769601
vt 0.590000 0.688440
vt 0.595000 0.688440
vt 0.592500 0.688440
vt 0.610544 0.739131
vt 0.636923 0.768476
vt 0.512500 0.340563
vt 0.512500 0.688440
vt 0.511554 0.340950
vt 0.622325 0.753560
vt 0.606749 0.730073
vt 0.510449 0.460131
vt 0.631666 0.760192
vt 0.503521 0.460386
vt 0.613901 0.736789
vt 0.507605 0.342565
vt 0.626409 0.751908
vt 0.620155 0.744349
vt 0.437500 0.565656
vt 0.506375 0.460280
vt 0.429824 0.557807
vt 0.430000 0.557074
vt 0.525000 0.333924
vt 0.525000 0.688440
vt 0.524265 0.334598
vt 0.525000 0.465503
vt 0.525000 0.459456
vt 0.435584 0.626838
vt 0.435260 0.633246
vt 0.533375 0.458226
vt 0.537500 0.325641
vt 0.537054 0.325903
vt 0.537500 0.465503
vt 0.537500 0.457404
vt 0.530587 0.330417
vt 0.538527 0.465503
vt 0.538097 0.457306
vt 0.435000 0.688440
vt 0.435000 0.637835
vt 0.404816 0.406469
vt 0.402352 0.379530
vt 0.537936 0.325540
vt 0.400000 0.406469
vt 0.400000 0.378353
vt 0.538094 0.325487
vt 0.550000 0.585620
vt 0.425270 0.569614
vt 0.425937 0.562671
vt 0.425783 0.564272
vt 0.397898 0.377383
vt 0.395305 0.406469
vt 0.390474 0.373871
vt 0.391455 0.374333
vt 0.425189 0.570427
vt 0.425000 0.572311
vt 0.550228 0.316619
vt 0.553731 0.379993
vt 0.550000 0.316139
vt 0.375000 0.406469
vt 0.375000 0.366288
vt 0.625000 0.366288
vt 0.625000 0.406469
vt 0.612500 0.406469
vt 0.612500 0.361708
vt 0.608086 0.360792
vt 0.612002 0.406469
vt 0.608019 0.360778
vt 0.562187 0.316815
vt 0.557600 0.379992
vt 0.561932 0.316871
vt 0.612485 0.361705
vt 0.601063 0.406469
vt 0.606606 0.360484
vt 0.562500 0.316725
vt 0.562500 0.379992
vt 0.562555 0.316735
vt 0.563381 0.379992
vt 0.562899 0.316797
vt 0.568763 0.379993
vt 0.590019 0.406469
vt 0.599001 0.359080
vt 0.587655 0.357046
vt 0.587500 0.406469
vt 0.587500 0.357001
vt 0.594065 0.358926
vt 0.574249 0.315561
vt 0.573781 0.379992
vt 0.563215 0.316779
vt 0.569738 0.315985
vt 0.581546 0.356499
vt 0.574271 0.315559
vt 0.574271 0.379992
vt 0.427500 0.668034
vt 0.427500 0.688440
vt 0.426152 0.655223
vt 0.427453 0.667588
vt 0.582816 0.356713
vt 0.453824 0.360051
vt 0.464039 0.358695
vt 0.436890 0.510288
vt 0.436564 0.501137
vt 0.436358 0.495362
vt 0.436288 0.493372
vt 0.436679 0.605768
vt 0.437304 0.587370
vt 0.437331 0.584359
vt 0.436249 0.617596
vt 0.436332 0.615310
vt 0.433709 0.656622
vt 0.434551 0.646271
vt 0.434649 0.644423
vt 0.399829 0.378297
vt 0.388199 0.372801
vt 0.562969 0.316809
vt 0.435498 0.479915
vt 0.435201 0.475631
vt 0.435064 0.473644
vt 0.435000 0.472726
vt 0.436208 0.491039
vt 0.436159 0.489581
vt 0.437624 0.553823
vt 0.437584 0.550282
vt 0.437500 0.542862
vt 0.517297 0.339920
vt 0.519830 0.338162
vt 0.521646 0.337001
vt 0.526322 0.459278
vt 0.525246 0.459442
vt 0.429084 0.560868
vt 0.428980 0.561658
vt 0.428670 0.562671
vt 0.538401 0.325295
vt 0.542960 0.321750
vt 0.549753 0.316727
vt 0.550246 0.316658
vt 0.554213 0.318475
vt 0.555365 0.318306
vt 0.425000 0.642828
vt 0.424435 0.626838
vt 0.424687 0.636774
vt 0.424693 0.637014
vt 0.437242 0.520011
vt 0.437238 0.519922
vt 0.437234 0.519800
vt 0.437215 0.519272
vt 0.432007 0.480058
vt 0.432500 0.471935
vt 0.432271 0.474079
vt 0.432287 0.474552
vt 0.432306 0.475131
vt 0.490360 0.351571
vt 0.490754 0.351578
vt 0.490971 0.351449
vt 0.491871 0.350911
vt 0.430896 0.518197
vt 0.431273 0.493373
vt 0.430839 0.501575
vt 0.430842 0.502666
vt 0.430865 0.509217
vt 0.430870 0.510755
vt 0.428507 0.563194
vt 0.428273 0.563392
vt 0.427824 0.563974
vt 0.427685 0.563706
vt 0.540342 0.456749
vt 0.538888 0.457177
vt 0.538769 0.457196
vt 0.505001 0.999692
vt 0.504978 0.999685
vt 0.504702 0.999604
vt 0.504598 0.999692
vt 0.433538 0.465321
vt 0.434857 0.470617
vt 0.434628 0.467254
vt 0.434492 0.465250
vt 0.434307 0.465264
vt 0.433937 0.465292
vt 0.433195 0.465346
vt 0.433194 0.465354
vt 0.432870 0.468428
vt 0.432786 0.469229
vt 0.432530 0.669767
vt 0.432555 0.669609
vt 0.432632 0.669267
vt 0.432711 0.668547
vt 0.425088 0.644396
vt 0.425115 0.644884
vt 0.425213 0.646636
vt 0.425217 0.646673
vt 0.431967 0.480729
vt 0.431790 0.483677
vt 0.431689 0.485375
vt 0.431543 0.488186
vt 0.431298 0.492884
vt 0.427514 0.668161
vt 0.427583 0.668808
vt 0.427594 0.668912
vt 0.427672 0.669269
vt 0.427747 0.669679
vt 0.427152 0.562657
vt 0.426606 0.561549
vt 0.426271 0.562048
vt 0.426256 0.562071
vt 0.425950 0.562527
vt 0.424094 0.603574
vt 0.424132 0.609300
vt 0.424133 0.609387
vt 0.424146 0.611226
vt 0.424147 0.611396
vt 0.424204 0.619824
vt 0.424243 0.621005
vt 0.424943 0.572885
vt 0.424833 0.575546
vt 0.424780 0.576825
vt 0.424457 0.584625
vt 0.424343 0.587381
vt 0.424333 0.587988
vt 0.424127 0.601359
vt 0.424093 0.603556
vt 0.430929 0.528818
vt 0.430946 0.534165
vt 0.430945 0.534198
vt 0.430944 0.534416
vt 0.430735 0.543333
vt 0.430685 0.546231
vt 0.430605 0.547914
vt 0.430335 0.552567
vt 0.430242 0.553938
vt 0.430198 0.554582
vt 0.430040 0.556903
vt 0.633658 0.224738
vt 0.638396 0.210749
vt 0.644172 0.192971
vt 0.365584 0.219205
vt 0.648592 0.174763
vt 0.355009 0.213656
vt 0.358900 0.222647
vt 0.366320 0.229593
vt 0.354077 0.183790
vt 0.644053 0.213374
vt 0.358716 0.201860
vt 0.348654 0.175221
vt 0.651043 0.195031
vt 0.647237 0.176905
vt 0.355828 0.192971
vt 0.639118 0.208526
vt 0.360882 0.208526
vt 0.647675 0.174610
vt 0.644610 0.190676
vt 0.346360 0.178090
vt 0.362844 0.228822
vt 0.653640 0.178090
vt 0.637758 0.220926
vt 0.367758 0.226031
vt 0.362599 0.212863
vt 0.635252 0.219636
vt 0.641284 0.201860
vt 0.647111 0.204496
vt 0.351845 0.177058
vt 0.651346 0.175221
vt 0.351691 0.204439
vt 0.355390 0.190676
vt 0.356550 0.195193
vt 0.348957 0.195031
vt 0.346820 0.185471
vt 0.645923 0.183790
vt 0.653180 0.185471
vt 0.638360 0.212779
vt 0.643450 0.195193
vt 0.641237 0.212528
vt 0.358716 0.201860
vt 0.639927 0.207110
vt 0.648592 0.174763
vt 0.644172 0.192971
vt 0.361604 0.210749
vt 0.643516 0.204669
vt 0.639676 0.209229
vt 0.649993 0.194842
vt 0.647237 0.176905
vt 0.355828 0.192971
vt 0.365584 0.219205
vt 0.647675 0.174610
vt 0.358900 0.222647
vt 0.355009 0.213656
vt 0.366320 0.229593
vt 0.354077 0.183790
vt 0.348654 0.175221
vt 0.644610 0.190676
vt 0.351691 0.204439
vt 0.360882 0.208526
vt 0.653640 0.178090
vt 0.641842 0.202562
vt 0.346360 0.178090
vt 0.362844 0.228822
vt 0.651346 0.175221
vt 0.646843 0.194275
vt 0.367758 0.226031
vt 0.362599 0.212863
vt 0.651970 0.185190
vt 0.351845 0.177058
vt 0.645923 0.183790
vt 0.355390 0.190676
vt 0.356550 0.195193
vt 0.644298 0.194964
vt 0.348957 0.195031
vt 0.346820 0.185471
vt 0.652439 0.179788
vt 0.645219 0.188953
vt 0.648592 0.174763
vt 0.358716 0.201860
vt 0.645214 0.190816
vt 0.647237 0.176905
vt 0.647675 0.174610
vt 0.361604 0.210749
vt 0.355828 0.192971
vt 0.365584 0.219205
vt 0.355009 0.213656
vt 0.354077 0.183790
vt 0.348654 0.175221
vt 0.366320 0.229593
vt 0.351691 0.204439
vt 0.648342 0.184350
vt 0.348957 0.195031
vt 0.646528 0.183930
vt 0.346360 0.178090
vt 0.650595 0.177504
vt 0.647165 0.178752
vt 0.358900 0.222647
vt 0.648972 0.175896
vt 0.367758 0.226031
vt 0.351845 0.177058
vt 0.360882 0.208526
vt 0.355390 0.190676
vt 0.356550 0.195193
vt 0.346820 0.185471
vt 0.362844 0.228822
vt 0.647841 0.177045
vt 0.362599 0.212863
vt 0.355828 0.192971
vt 0.354077 0.183790
vt 0.348654 0.175221
vt 0.358716 0.201860
vt 0.365584 0.219205
vt 0.361604 0.210749
vt 0.348957 0.195031
vt 0.366320 0.229593
vt 0.346360 0.178090
vt 0.355009 0.213656
vt 0.358900 0.222647
vt 0.351845 0.177058
vt 0.355390 0.190676
vt 0.351691 0.204439
vt 0.360882 0.208526
vt 0.346820 0.185471
vt 0.367758 0.226031
vt 0.362844 0.228822
vt 0.356550 0.195193
vt 0.362599 0.212863
vt 0.354077 0.183790
vt 0.348654 0.175221
vt 0.355828 0.192971
vt 0.358716 0.201860
vt 0.361604 0.210749
vt 0.365584 0.219205
vt 0.346360 0.178090
vt 0.366320 0.229593
vt 0.351845 0.177058
vt 0.355390 0.190676
vt 0.355009 0.213656
vt 0.351691 0.204439
vt 0.358900 0.222647
vt 0.348957 0.195031
vt 0.346820 0.185471
vt 0.360882 0.208526
vt 0.367758 0.226031
vt 0.356550 0.195193
vt 0.362844 0.228822
vt 0.362599 0.212863
vt 0.348654 0.175221
vt 0.354077 0.183790
vt 0.355828 0.192971
vt 0.346360 0.178090
vt 0.358716 0.201860
vt 0.361604 0.210749
vt 0.365584 0.219205
vt 0.366320 0.229593
vt 0.355390 0.190676
vt 0.346820 0.185471
vt 0.348957 0.195031
vt 0.355009 0.213656
vt 0.351691 0.204439
vt 0.358900 0.222647
vt 0.360882 0.208526
vt 0.367758 0.226031
vt 0.351845 0.177058
vt 0.356550 0.195193
vt 0.362844 0.228822
vt 0.348654 0.175221
vt 0.354077 0.183790
vt 0.362599 0.212863
vt 0.355828 0.192971
vt 0.346360 0.178090
vt 0.358716 0.201860
vt 0.361604 0.210749
vt 0.365584 0.219205
vt 0.366320 0.229593
vt 0.355390 0.190676
vt 0.346820 0.185471
vt 0.348957 0.195031
vt 0.351691 0.204439
vt 0.355009 0.213656
vt 0.362844 0.228822
vt 0.358900 0.222647
vt 0.360882 0.208526
vt 0.351845 0.177058
vt 0.367758 0.226031
vt 0.356550 0.195193
vt 0.348654 0.175221
vt 0.354077 0.183790
vt 0.362599 0.212863
vt 0.346360 0.178090
vt 0.355828 0.192971
vt 0.358716 0.201860
vt 0.358900 0.222647
vt 0.365584 0.219205
vt 0.361604 0.210749
vt 0.366320 0.229593
vt 0.346820 0.185471
vt 0.355390 0.190676
vt 0.362844 0.228822
vt 0.348957 0.195031
vt 0.355009 0.213656
vt 0.351691 0.204439
vt 0.367758 0.226031
vt 0.360882 0.208526
vt 0.362599 0.212863
vt 0.351845 0.177058
vt 0.365584 0.219205
vt 0.356550 0.195193
vt 0.354077 0.183790
vt 0.346360 0.178090
vt 0.361604 0.210749
vt 0.355828 0.192971
vt 0.366320 0.229593
vt 0.358900 0.222647
vt 0.348654 0.175221
vt 0.358716 0.201860
vt 0.362844 0.228822
vt 0.367758 0.226031
vt 0.346820 0.185471
vt 0.355390 0.190676
vt 0.355009 0.213656
vt 0.348957 0.195031
vt 0.351691 0.204439
vt 0.362599 0.212863
vt 0.360882 0.208526
vt 0.365584 0.219205
vt 0.351845 0.177058
vt 0.366320 0.229593
vt 0.356550 0.195193
vt 0.361604 0.210749
vt 0.358900 0.222647
vt 0.346360 0.178090
vt 0.354077 0.183790
vt 0.355009 0.213656
vt 0.362844 0.228822
vt 0.355828 0.192971
vt 0.367758 0.226031
vt 0.358716 0.201860
vt 0.348654 0.175221
vt 0.360882 0.208526
vt 0.362599 0.212863
vt 0.365584 0.219205
vt 0.346820 0.185471
vt 0.355390 0.190676
vt 0.351691 0.204439
vt 0.348957 0.195031
vt 0.366320 0.229593
vt 0.351845 0.177058
vt 0.358900 0.222647
vt 0.358716 0.201860
vt 0.362844 0.228822
vt 0.361604 0.210749
vt 0.356550 0.195193
vt 0.367758 0.226031
vt 0.355009 0.213656
vt 0.346360 0.178090
vt 0.354077 0.183790
vt 0.360882 0.208526
vt 0.351691 0.204439
vt 0.355828 0.192971
vt 0.365584 0.219205
vt 0.362599 0.212863
vt 0.348654 0.175221
vt 0.366320 0.229593
vt 0.346820 0.185471
vt 0.355390 0.190676
vt 0.358900 0.222647
vt 0.356550 0.195193
vt 0.348957 0.195031
vt 0.362844 0.228822
vt 0.361604 0.210749
vt 0.358716 0.201860
vt 0.367758 0.226031
vt 0.355009 0.213656
vt 0.351845 0.177058
vt 0.360882 0.208526
vt 0.355828 0.192971
vt 0.362599 0.212863
vt 0.365584 0.219205
vt 0.351691 0.204439
vt 0.354077 0.183790
vt 0.346360 0.178090
vt 0.348957 0.195031
vt 0.355390 0.190676
vt 0.366320 0.229593
vt 0.358900 0.222647
vt 0.348654 0.175221
vt 0.356550 0.195193
vt 0.361604 0.210749
vt 0.362844 0.228822
vt 0.355009 0.213656
vt 0.358716 0.201860
vt 0.346820 0.185471
vt 0.367758 0.226031
vt 0.360882 0.208526
vt 0.354077 0.183790
vt 0.362599 0.212863
vt 0.351691 0.204439
vt 0.351845 0.177058
vt 0.365584 0.219205
vt 0.355828 0.192971
vt 0.348654 0.175221
vt 0.348957 0.195031
vt 0.355390 0.190676
vt 0.366320 0.229593
vt 0.358900 0.222647
vt 0.346360 0.178090
vt 0.346820 0.185471
vt 0.361604 0.210749
vt 0.356550 0.195193
vt 0.358716 0.201860
vt 0.355009 0.213656
vt 0.362844 0.228822
vt 0.351845 0.177058
vt 0.367758 0.226031
vt 0.360882 0.208526
vt 0.351691 0.204439
vt 0.362599 0.212863
vt 0.354077 0.183790
vt 0.355828 0.192971
vt 0.365584 0.219205
vt 0.348957 0.195031
vt 0.355390 0.190676
vt 0.348654 0.175221
vt 0.356550 0.195193
vt 0.366320 0.229593
vt 0.361604 0.210749
vt 0.358716 0.201860
vt 0.346820 0.185471
vt 0.358900 0.222647
vt 0.355009 0.213656
vt 0.346360 0.178090
vt 0.362844 0.228822
vt 0.360882 0.208526
vt 0.351845 0.177058
vt 0.351691 0.204439
vt 0.367758 0.226031
vt 0.354077 0.183790
vt 0.355828 0.192971
vt 0.362599 0.212863
vt 0.348957 0.195031
vt 0.365584 0.219205
vt 0.355390 0.190676
vt 0.356550 0.195193
vt 0.346820 0.185471
vt 0.358716 0.201860
vt 0.348654 0.175221
vt 0.361604 0.210749
vt 0.358900 0.222647
vt 0.355009 0.213656
vt 0.366320 0.229593
vt 0.346360 0.178090
vt 0.351845 0.177058
vt 0.360882 0.208526
vt 0.354077 0.183790
vt 0.355828 0.192971
vt 0.351691 0.204439
vt 0.362844 0.228822
vt 0.367758 0.226031
vt 0.348957 0.195031
vt 0.362599 0.212863
vt 0.355390 0.190676
vt 0.346820 0.185471
vt 0.356550 0.195193
vt 0.348654 0.175221
vt 0.358716 0.201860
vt 0.361604 0.210749
vt 0.346360 0.178090
vt 0.351845 0.177058
vt 0.365584 0.219205
vt 0.354077 0.183790
vt 0.355009 0.213656
vt 0.366328 0.224512
vt 0.355828 0.192971
vt 0.351691 0.204439
vt 0.360882 0.208526
vt 0.362659 0.226518
vt 0.348957 0.195031
vt 0.355390 0.190676
vt 0.358900 0.222647
vt 0.365269 0.226917
vt 0.346820 0.185471
vt 0.348654 0.175221
vt 0.356550 0.195193
vt 0.346360 0.178090
vt 0.358716 0.201860
vt 0.351845 0.177058
vt 0.362599 0.212863
vt 0.354077 0.183790
vt 0.364717 0.219127
vt 0.355828 0.192971
vt 0.361604 0.210749
vt 0.351691 0.204439
vt 0.359703 0.221708
vt 0.355390 0.190676
vt 0.348957 0.195031
vt 0.362988 0.214472
vt 0.346820 0.185471
vt 0.348654 0.175221
vt 0.355009 0.213656
vt 0.362114 0.218891
vt 0.346360 0.178090
vt 0.360882 0.208526
vt 0.356550 0.195193
vt 0.351845 0.177058
vt 0.354077 0.183790
vt 0.355828 0.192971
vt 0.361732 0.212784
vt 0.358716 0.201860
vt 0.360272 0.209177
vt 0.348654 0.175221
vt 0.348957 0.195031
vt 0.346820 0.185471
vt 0.355867 0.213025
vt 0.346360 0.178090
vt 0.355390 0.190676
vt 0.358442 0.211131
vt 0.351845 0.177058
vt 0.351691 0.204439
vt 0.356550 0.195193
vt 0.357869 0.201673
vt 0.354077 0.183790
vt 0.348654 0.175221
vt 0.355828 0.192971
vt 0.346360 0.178090
vt 0.352600 0.203607
vt 0.355328 0.201114
vt 0.356735 0.196839
vt 0.351845 0.177058
vt 0.355390 0.190676
vt 0.346820 0.185471
vt 0.348957 0.195031
vt 0.355703 0.195007
vt 0.348654 0.175221
vt 0.354077 0.183790
vt 0.354684 0.191371
vt 0.346360 0.178090
vt 0.349859 0.194637
vt 0.352566 0.193456
vt 0.346820 0.185471
vt 0.353170 0.184000
vt 0.351845 0.177058
vt 0.348654 0.175221
vt 0.346360 0.178090
vt 0.350449 0.184630
vt 0.351477 0.178987
vt 0.347727 0.185261
vt 0.347426 0.179819
vt 0.349102 0.177574
vn 0.896789 0.112052 -0.428036
vn 0.860442 0.107514 -0.498077
vn 0.905493 0.140572 -0.400403
vn -0.888460 -0.151940 -0.433074
vn -0.909828 -0.162706 -0.381758
vn -0.883584 -0.175568 -0.434115
vn -0.912278 -0.047011 0.406864
vn -0.964463 -0.086321 0.249718
vn -0.933764 -0.084370 0.347803
vn -0.922499 -0.200453 -0.329870
vn -0.938128 -0.210207 -0.275190
vn -0.927714 -0.173772 -0.330378
vn 0.694549 -0.170637 0.698917
vn -0.422551 -0.278174 0.862595
vn -0.334473 -0.756080 0.562557
vn 0.884405 0.066267 -0.461992
vn 0.911660 0.119128 -0.393301
vn 0.929962 0.083554 -0.358037
vn 0.913988 0.085642 -0.396601
vn -0.891257 -0.035327 0.452120
vn -0.916859 -0.088043 0.389381
vn 0.956553 0.227482 0.182367
vn 0.963211 0.199110 0.180497
vn 0.951017 0.259283 -0.168343
vn -0.965498 -0.248723 -0.077144
vn -0.913092 -0.162256 -0.374079
vn -0.907454 -0.185436 -0.377016
vn -0.946045 -0.237220 -0.220740
vn -0.946074 -0.237115 -0.220729
vn -0.950673 -0.218867 -0.219813
vn -0.950631 -0.219017 -0.219847
vn -0.881869 -0.048184 0.469026
vn -0.896222 -0.119653 0.427164
vn 0.875021 0.078519 0.477675
vn 0.853741 -0.238147 0.463046
vn 0.482556 0.205627 -0.851386
vn 0.946613 0.277624 -0.163857
vn -0.944162 -0.068335 0.322318
vn -0.995371 -0.082553 -0.049212
vn 0.941205 0.184242 0.283175
vn 0.914110 0.092592 0.394753
vn -0.928082 -0.172701 -0.329905
vn -0.922609 -0.200201 -0.329716
vn -0.927904 -0.173225 -0.330132
vn 0.922891 0.173656 0.343680
vn 0.936234 0.095747 0.338079
vn 0.483393 0.215441 -0.848479
vn -0.807335 -0.169596 -0.565197
vn -0.805624 -0.165009 -0.568984
vn -0.148165 0.084790 -0.985321
vn -0.140900 0.080406 -0.986753
vn 0.111941 0.126153 -0.985675
vn 0.111348 0.125648 -0.985806
vn 0.779221 0.135771 -0.611866
vn 0.904569 0.086879 -0.417381
vn 0.934063 0.094343 -0.344421
vn 0.677518 -0.014629 0.735361
vn 0.873704 0.134285 -0.467556
vn 0.894811 0.083227 -0.438618
vn 0.907991 0.121027 -0.401130
vn 0.950897 0.058834 -0.303865
vn 0.965398 0.091810 -0.244084
vn 0.910739 0.050079 -0.409934
vn 0.926787 0.120432 -0.355756
vn 0.424716 -0.057661 0.903488
vn -0.651708 -0.138524 0.745713
vn 0.431330 -0.042711 0.901183
vn 0.742798 0.133852 -0.656000
vn -0.946012 -0.237323 -0.220770
vn 0.991548 0.086875 -0.096363
vn 0.990861 0.110758 -0.076985
vn -0.922705 -0.199969 -0.329587
vn -0.975253 -0.203274 -0.086952
vn -0.945064 -0.240939 -0.220914
vn -0.845062 -0.095239 0.526117
vn 0.483608 0.216879 -0.847990
vn -0.647093 -0.126435 0.751854
vn -0.859616 -0.128293 0.494571
vn -0.933742 -0.228483 -0.275539
vn -0.996973 -0.069261 0.035318
vn -0.905038 -0.189884 -0.380592
vn -0.448165 -0.180544 0.875530
vn 0.935184 0.212026 0.283684
vn 0.903003 0.162995 0.397515
vn 0.717151 0.123086 -0.685962
vn 0.907281 0.043206 -0.418299
vn 0.882304 0.034067 -0.469446
vn 0.880666 0.029596 -0.472812
vn -0.884421 -0.178749 -0.431101
vn -0.918430 -0.218784 -0.329576
vn 0.677537 0.079284 0.731203
vn 0.865123 0.145518 0.479986
vn 0.951696 0.246121 0.183576
vn -0.945077 -0.240886 -0.220917
vn 0.945885 0.281165 -0.162014
vn -0.908356 -0.189592 -0.372754
vn -0.918474 -0.218721 -0.329494
vn -0.812512 -0.155565 -0.561803
vn -0.892401 -0.034217 0.449944
vn 0.917463 0.200793 0.343429
vn 0.853458 0.034847 -0.519995
vn 0.112551 0.124000 -0.985879
vn 0.848060 0.029737 -0.529066
vn -0.865687 -0.013334 0.500409
vn -0.923860 -0.074399 0.375431
vn -0.629377 -0.089520 0.771927
vn -0.859792 0.006168 0.510607
vn -0.945086 -0.240830 -0.220940
vn -0.826714 -0.028812 0.561885
vn -0.142421 0.087153 -0.985962
vn -0.918505 -0.218675 -0.329439
vn -0.949529 -0.223548 -0.220050
vn 0.484508 0.207145 -0.849908
vn -0.968590 -0.231709 -0.090250
vn -0.932793 -0.232219 -0.275629
vn 0.874380 0.092691 -0.476307
vn -0.901323 -0.208710 -0.379549
vn 0.930811 0.230529 0.283632
vn -0.452251 -0.195179 0.870272
vn 0.921787 0.043347 -0.385266
vn 0.989589 0.033888 -0.139879
vn 0.897999 0.189617 0.397044
vn 0.875519 -0.006226 -0.483144
vn -0.881323 -0.197707 -0.429165
vn -0.917505 -0.222901 -0.329394
vn -0.996739 -0.061395 0.052360
vn 0.715967 0.104439 -0.690278
vn 0.950717 0.249515 0.184062
vn -0.949577 -0.223347 -0.220044
vn 0.950661 0.263692 -0.163431
vn 0.887038 0.029058 -0.460781
vn 0.676502 0.100524 0.729548
vn 0.860794 0.171540 0.479175
vn 0.860212 -0.022948 -0.509419
vn 0.879813 0.013623 -0.475124
vn 0.424954 -0.081924 0.901500
vn 0.851515 0.016513 -0.524071
vn -0.904538 -0.209180 -0.371558
vn -0.917447 -0.223050 -0.329454
vn -0.819333 -0.125974 -0.559307
vn 0.913422 0.219359 0.342845
vn 0.113149 0.119748 -0.986335
vn -0.949621 -0.223143 -0.220062
vn -0.917373 -0.223270 -0.329511
vn -0.957485 -0.188792 -0.218129
vn 0.486448 0.188574 -0.853117
vn -0.936910 -0.214889 -0.275720
vn -0.883272 -0.065380 0.464279
vn -0.963189 -0.252122 -0.093281
vn -0.920758 -0.097891 0.377653
vn 0.847360 0.034604 -0.529890
vn -0.900216 -0.214012 -0.379223
vn 0.929968 0.234064 0.283502
vn 0.843119 -0.021276 -0.537306
vn -0.858452 -0.027946 0.512131
vn -0.615373 -0.047446 0.786807
vn -0.456407 -0.206480 0.865482
vn 0.894090 0.208208 0.396550
vn -0.136001 0.088621 -0.986737
vn -0.847402 0.003624 0.530940
vn -0.880380 -0.203760 -0.428268
vn -0.921092 -0.206420 -0.330121
vn -0.816858 0.012682 0.576699
vn 0.955370 0.231576 0.183412
vn 0.983839 -0.029518 -0.176606
vn 0.959139 0.228187 -0.167284
vn -0.957535 -0.188550 -0.218119
vn 0.897681 0.066491 -0.435601
vn 0.857348 0.189778 0.478475
vn 0.675805 0.115569 0.727964
vn -0.997828 -0.061845 0.022679
vn -0.903185 -0.215631 -0.371160
vn 0.848454 0.000601 -0.529269
vn -0.920767 -0.207311 -0.330470
vn 0.912541 0.223401 0.342580
vn 0.870921 0.103431 -0.480416
vn -0.826444 -0.084603 -0.556627
vn 0.113445 0.113865 -0.986998
vn 0.878424 0.065293 -0.473402
vn 0.425180 -0.107608 0.898689
vn -0.957581 -0.188303 -0.218130
vn 0.848280 0.039688 -0.528058
vn 0.876674 -0.027291 -0.480310
vn -0.920428 -0.208316 -0.330783
vn 0.848856 -0.005459 -0.528596
vn -0.966440 -0.140562 -0.215027
vn -0.944023 -0.180321 -0.276235
vn 0.730372 0.113523 -0.673550
vn -0.961213 -0.258743 -0.095513
vn 0.487399 0.162863 -0.857856
vn -0.902923 -0.200369 -0.380240
vn 0.934331 0.216512 0.283105
vn -0.461910 -0.212050 0.861205
vn 0.893099 0.212756 0.396369
vn -0.882875 -0.191347 -0.428856
vn -0.927090 -0.172780 -0.332643
vn -0.930684 -0.111430 0.348440
vn -0.885594 -0.118206 0.449166
vn 0.859637 0.080474 -0.504527
vn 0.963765 0.195487 0.181501
vn -0.138320 0.087024 -0.986557
vn -0.865335 -0.080887 0.494623
vn 0.856425 0.194585 0.478198
vn 0.675335 0.119416 0.727779
vn 0.968605 0.177835 -0.173720
vn 0.849749 -0.002106 -0.527183
vn -0.610540 -0.025302 0.791581
vn -0.966477 -0.140325 -0.215017
vn -0.905694 -0.203450 -0.371922
vn -0.850997 -0.038310 0.523771
vn -0.926547 -0.174542 -0.333236
vn 0.916467 0.206612 0.342636
vn -0.818321 -0.003997 0.574747
vn 0.895301 0.112400 -0.431048
vn -0.998077 -0.058291 -0.021086
vn -0.829534 -0.041092 -0.556942
vn 0.749898 0.103153 -0.653462
vn 0.113159 0.107945 -0.987696
vn 0.436072 -0.119525 0.891939
vn -0.966510 -0.140083 -0.215024
vn 0.981674 -0.061268 -0.180453
vn -0.925994 -0.176325 -0.333833
vn 0.884478 0.120032 -0.450878
vn 0.848718 0.045736 -0.526864
vn -0.964425 -0.246167 -0.096362
vn -0.908045 -0.169629 -0.382990
vn -0.951912 -0.132377 -0.276296
vn -0.895235 -0.143837 0.421740
vn 0.942109 0.181102 0.282193
vn -0.973211 -0.090629 -0.211300
vn -0.466462 -0.207655 0.859821
vn 0.883081 0.119592 -0.453725
vn 0.488311 0.137265 -0.861807
vn 0.896503 0.197047 0.396805
vn -0.887652 -0.162151 -0.431024
vn 0.858749 0.096079 -0.503308
vn -0.933691 -0.125444 -0.335387
vn 0.883854 -0.001910 -0.467759
vn 0.853167 0.050764 -0.519162
vn 0.973360 0.144356 0.178137
vn 0.859082 0.180327 0.479020
vn 0.675615 0.108054 0.729293
vn -0.944461 -0.114248 0.308124
vn -0.910870 -0.174541 -0.373966
vn 0.906671 0.134093 -0.399957
vn 0.975487 0.125733 -0.180600
vn -0.973223 -0.090511 -0.211294
vn -0.933191 -0.127442 -0.336027
vn 0.923532 0.172033 0.342774
vn 0.872361 0.129064 -0.471518
vn -0.141003 0.090447 -0.985869
vn -0.872802 -0.138178 0.468106
vn 0.903568 0.115730 -0.412519
vn 0.858302 0.055745 -0.510108
vn -0.614399 -0.043262 0.787809
vn -0.859084 -0.104330 0.501089
vn -0.932674 -0.129380 -0.336720
vn -0.971567 -0.216527 -0.095780
vn -0.973231 -0.090391 -0.211308
vn -0.830056 -0.007631 -0.557628
vn 0.112602 0.103468 -0.988239
vn -0.996733 -0.040343 -0.069974
vn 0.869201 0.143292 -0.473241
vn -0.913991 -0.123544 -0.386467
vn -0.826382 -0.055141 0.560403
vn -0.468478 -0.193667 0.861987
vn 0.950996 0.130871 0.280143
vn 0.895094 0.148141 -0.420548
vn 0.902705 0.163714 0.397896
vn -0.957784 -0.082877 -0.275284
vn -0.892867 -0.117801 -0.434640
vn -0.908289 -0.153524 0.389154
vn -0.976726 -0.052098 -0.208066
vn 0.857986 0.109186 -0.501935
vn 0.449526 -0.105063 0.887067
vn 0.487913 0.118334 -0.864834
vn 0.985727 -0.028242 -0.165965
vn -0.938427 -0.076163 -0.336979
vn -0.880267 -0.170826 0.442660
vn 0.863825 0.149160 0.481205
vn 0.675579 0.083337 0.732563
vn 0.882919 0.159847 -0.441479
vn 0.769715 0.097724 -0.630864
vn -0.916919 -0.130542 -0.377120
vn 0.980501 0.091626 0.173844
vn 0.861108 0.114986 -0.495249
vn -0.864929 -0.157112 0.476669
vn 0.891167 0.058462 -0.449892
vn 0.931696 0.122445 0.341981
vn -0.958192 -0.093563 0.270397
vn -0.938086 -0.077954 -0.337516
vn 0.978570 0.087018 -0.186622
vn 0.922902 0.140922 -0.358320
vn -0.976728 -0.052052 -0.208069
vn -0.138931 0.092465 -0.985976
vn -0.980774 -0.171361 -0.093367
vn -0.937722 -0.079667 -0.338129
vn 0.866050 0.157725 -0.474426
vn -0.467649 -0.171420 0.867133
vn -0.917832 -0.074056 -0.390001
vn -0.976726 -0.052005 -0.208089
vn 0.909857 0.115084 0.398643
vn 0.864240 0.121254 -0.488250
vn -0.829678 0.016561 -0.557997
vn 0.112137 0.100307 -0.988617
vn 0.957627 0.079161 0.276920
vn 0.879499 0.174802 -0.442634
vn -0.992688 -0.018380 -0.119298
vn -0.624907 -0.083448 0.776226
vn -0.895331 -0.069557 -0.439937
vn 0.909371 0.157128 -0.385169
vn -0.960712 -0.044708 -0.273922
vn -0.832922 -0.120868 0.540029
vn 0.923425 0.099286 -0.370713
vn -0.926398 -0.135684 0.351251
vn -0.978356 -0.024080 -0.205523
vn 0.869015 0.102945 0.483958
vn 0.673821 0.046830 0.737409
vn 0.487081 0.104404 -0.867094
vn -0.940569 -0.037963 -0.337474
vn -0.891057 -0.183387 0.415194
vn 0.987902 0.038957 -0.150106
vn -0.920669 -0.082348 -0.381560
vn 0.894828 0.169028 -0.413174
vn 0.866443 0.167008 -0.470516
vn 0.984028 0.052327 0.170146
vn 0.937786 0.071295 0.339816
vn 0.791767 0.080912 -0.605440
vn -0.870483 -0.192371 0.453048
vn -0.940423 -0.039023 -0.337760
vn 0.943667 0.115835 -0.309961
vn -0.969399 -0.076943 0.233123
vn -0.978355 -0.024070 -0.205529
vn 0.894347 0.125732 -0.429343
vn 0.456661 -0.073441 0.886604
vn 0.866811 0.172283 -0.467929
vn -0.836613 -0.172225 0.520017
vn -0.988404 -0.122369 -0.089909
vn -0.940248 -0.039993 -0.338133
vn -0.458411 -0.147186 0.876468
vn 0.914892 0.064643 0.398489
vn 0.875922 0.189434 -0.443707
vn -0.136381 0.092634 -0.986316
vn -0.918923 -0.034102 -0.392959
vn -0.978350 -0.024056 -0.205554
vn 0.979732 0.059460 -0.191287
vn 0.891372 0.183751 -0.414357
vn 0.960904 0.040659 0.273881
vn -0.828788 0.032700 -0.558607
vn -0.894782 -0.029828 -0.445507
vn 0.926441 0.139708 -0.349556
vn -0.962133 -0.016986 -0.272050
vn -0.987306 -0.003318 -0.158796
vn 0.670447 0.009196 0.741900
vn 0.872008 0.054584 0.486438
vn -0.633401 -0.131859 0.762506
vn 0.111751 0.098124 -0.988880
vn 0.939268 0.079930 -0.333747
vn -0.941662 -0.010116 -0.336408
vn -0.979011 -0.005346 -0.203735
vn -0.904441 -0.171578 0.390574
vn -0.921634 -0.041461 -0.385840
vn 0.908387 0.154039 -0.388722
vn 0.894512 0.176826 -0.410586
vn 0.871870 0.198768 -0.447587
vn 0.463704 -0.037799 0.885184
vn 0.984518 0.111423 -0.135308
vn 0.940711 0.033328 0.337567
vn -0.877623 -0.204313 0.433628
vn 0.985604 0.024712 0.167253
vn 0.486340 0.095335 -0.868553
vn -0.941669 -0.111248 0.317623
vn -0.941642 -0.010394 -0.336455
vn 0.808854 0.069696 -0.583865
vn 0.867789 0.203068 -0.453548
vn -0.993189 -0.078678 -0.085940
vn -0.979010 -0.005348 -0.203741
vn -0.978535 -0.054195 0.198827
vn -0.839963 -0.205055 0.502409
vn -0.640571 -0.171134 0.748586
vn -0.941600 -0.010631 -0.336567
vn 0.887765 0.198307 -0.415389
vn 0.916981 0.026947 0.398021
vn -0.919018 -0.004471 -0.394190
vn 0.905341 0.168118 -0.389991
vn 0.960641 0.095559 -0.260841
vn -0.983310 -0.003614 -0.181902
vn -0.979005 -0.005347 -0.203764
vn 0.980052 0.041455 -0.194369
vn 0.962351 0.013641 0.271467
vn -0.893319 0.000187 -0.449422
vn 0.665821 -0.020383 0.745833
vn -0.828214 0.043330 -0.558734
vn 0.872504 0.017474 0.488294
vn -0.448202 -0.124930 0.885159
vn 0.978419 0.167871 -0.120480
vn -0.962783 0.001483 -0.270271
vn -0.131111 0.093463 -0.986952
vn 0.111438 0.096734 -0.989052
vn 0.951689 0.058624 -0.301415
vn -0.919668 -0.139126 0.367225
vn 0.894704 0.207163 -0.395713
vn 0.920884 0.120313 -0.370806
vn 0.879155 0.207230 -0.429119
vn -0.921371 -0.009741 -0.388563
vn -0.942250 0.008232 -0.334809
vn -0.979255 0.007058 -0.202511
vn 0.941925 0.111302 -0.316843
vn 0.462333 -0.009180 0.886659
vn -0.887265 -0.191578 0.419593
vn 0.941970 0.006746 0.335630
vn 0.986237 0.006629 0.165202
vn 0.870250 0.210319 -0.445455
vn -0.951527 -0.083741 0.295946
vn 0.485562 0.089547 -0.869604
vn -0.942259 0.008226 -0.334784
vn -0.844508 -0.214933 0.490520
vn -0.995650 -0.044671 -0.081765
vn 0.818555 0.072289 -0.569862
vn 0.902152 0.182193 -0.391058
vn -0.979253 0.007053 -0.202516
vn -0.646900 -0.196085 0.736934
vn -0.982691 -0.046994 0.179195
vn 0.917823 0.000370 0.396991
vn -0.942256 0.008223 -0.334791
vn 0.919670 0.131840 -0.369899
vn -0.918740 0.014385 -0.394600
vn 0.971221 0.066022 -0.228847
vn 0.974135 0.199659 -0.105822
vn -0.979248 0.007049 -0.202541
vn -0.126113 0.088796 -0.988034
vn -0.891804 0.019421 -0.452006
vn 0.962914 -0.004006 0.269779
vn 0.980055 0.030121 -0.196431
vn 0.662434 -0.041843 0.747951
vn 0.872468 -0.009201 0.488584
vn -0.440105 -0.108910 0.891317
vn -0.827901 0.051070 -0.558544
vn 0.897080 0.213377 -0.386933
vn 0.889046 0.190802 -0.416162
vn -0.963032 0.013677 -0.269039
vn 0.952855 0.079195 -0.292908
vn -0.980162 -0.034639 -0.195149
vn -0.920642 0.010946 -0.390253
vn 0.111351 0.095745 -0.989158
vn 0.458328 0.005350 0.888767
vn 0.957369 0.053712 -0.283829
vn -0.897729 -0.160702 0.410192
vn -0.942494 0.020171 -0.333613
vn -0.979336 0.016137 -0.201595
vn 0.874962 0.193048 -0.444043
vn 0.942455 -0.010601 0.334166
vn -0.851054 -0.200868 0.485137
vn 0.986460 -0.004668 0.163935
vn -0.930912 -0.103266 0.350340
vn 0.930007 0.090506 -0.356223
vn -0.957272 -0.066401 0.281463
vn -0.996654 -0.022254 -0.078644
vn -0.652002 -0.203200 0.730482
vn 0.485615 0.085594 -0.869972
vn 0.918333 0.145241 -0.368198
vn -0.942503 0.020160 -0.333589
vn 0.821917 0.098616 -0.561006
vn -0.979335 0.016132 -0.201599
vn -0.983077 -0.072808 0.168104
vn 0.918140 -0.016834 0.395899
vn -0.942500 0.020152 -0.333599
vn 0.974156 0.205012 -0.094822
vn 0.975556 0.053296 -0.213189
vn -0.918435 0.026244 -0.394700
vn -0.433931 -0.099277 0.895460
vn 0.902372 0.194379 -0.384631
vn 0.899458 0.157176 -0.407763
vn -0.127502 0.083280 -0.988336
vn -0.890773 0.031591 -0.453349
vn 0.963106 -0.015026 0.268702
vn -0.979330 0.016127 -0.201625
vn 0.872296 -0.026144 0.488278
vn 0.980087 0.022648 -0.197274
vn 0.930166 0.099101 -0.353511
vn 0.958028 0.062468 -0.279785
vn 0.452175 0.005792 0.891910
vn -0.827252 0.051403 -0.559475
vn -0.963125 0.022602 -0.268103
vn -0.976478 -0.076556 -0.201570
vn -0.907132 -0.117016 0.404251
vn -0.920065 0.024186 -0.391018
vn 0.879972 0.159620 -0.447405
vn 0.958241 0.080338 -0.274444
vn 0.111595 0.095762 -0.989129
vn 0.820559 0.134033 -0.555624
vn -0.942588 0.028908 -0.332705
vn -0.857939 -0.169448 0.485003
vn 0.660416 -0.055540 0.748843
vn -0.979337 0.016433 -0.201565
vn -0.656267 -0.191407 0.729847
vn 0.942609 -0.021434 0.333210
vn -0.935939 -0.080644 0.342805
vn 0.935861 0.071441 -0.345051
vn 0.986528 -0.011997 0.163153
vn -0.958462 -0.085496 0.272106
vn -0.997016 -0.007853 -0.076790
vn -0.942596 0.028896 -0.332682
vn 0.487797 0.086024 -0.868708
vn 0.979193 0.182978 -0.087750
vn -0.980532 -0.112588 0.160876
vn -0.979337 0.016439 -0.201569
vn 0.918166 -0.027465 0.395243
vn 0.930501 0.107036 -0.350301
vn -0.942593 0.028887 -0.332692
vn 0.908393 0.158609 -0.386867
vn 0.975748 0.076594 -0.205061
vn 0.908187 0.114003 -0.402740
vn -0.918236 0.034877 -0.394494
vn -0.430665 -0.093109 0.897696
vn -0.128914 0.078584 -0.988537
vn 0.444103 -0.007280 0.895946
vn -0.890164 0.040317 -0.453852
vn 0.871964 -0.036414 0.488213
vn 0.963179 -0.022214 0.267943
vn -0.979332 0.016447 -0.201591
vn 0.980345 0.024249 -0.195795
vn 0.936017 0.076150 -0.343618
vn 0.958758 0.083298 -0.271745
vn -0.972514 -0.111468 -0.204429
vn -0.827042 0.039664 -0.560740
vn 0.883801 0.118143 -0.452702
vn -0.963150 0.022890 -0.267990
vn -0.863909 -0.127097 0.487348
vn 0.955908 0.120034 -0.268016
vn 0.817811 0.163367 -0.551812
vn -0.919649 0.033530 -0.391308
vn -0.657915 -0.165964 0.734577
vn 0.112184 0.097417 -0.988901
vn -0.942590 0.029184 -0.332676
vn 0.659154 -0.063645 0.749310
vn -0.979183 0.002521 -0.202962
vn 0.942651 -0.028527 0.332559
vn -0.937265 -0.094230 0.335640
vn -0.911876 -0.090986 0.400254
vn 0.937393 0.089881 -0.336475
vn -0.956457 -0.121284 0.265482
vn 0.986283 0.142400 -0.083471
vn 0.986521 -0.010040 0.163329
vn -0.997095 0.002203 -0.076133
vn -0.942598 0.029192 -0.332650
vn 0.491237 0.093615 -0.865981
vn -0.976686 -0.146714 0.156715
vn 0.912999 0.114760 -0.391488
vn -0.979182 0.002530 -0.202967
vn 0.936218 0.080675 -0.342033
vn 0.918092 -0.034450 0.394867
vn 0.437076 -0.027268 0.899011
vn -0.942595 0.029203 -0.332658
vn -0.130487 0.074585 -0.988641
vn 0.973151 0.115535 -0.199069
vn 0.952253 0.153576 -0.263871
vn -0.429090 -0.088914 0.898875
vn -0.918067 0.035216 -0.394859
vn 0.912323 0.087304 -0.400057
vn 0.871664 -0.043174 0.488198
vn -0.889666 0.040796 -0.454786
vn -0.968662 -0.138588 -0.206125
vn 0.963201 -0.020317 0.268014
vn 0.937419 0.091883 -0.335861
vn -0.979178 0.002542 -0.202988
vn 0.980634 0.040152 -0.191691
vn 0.956525 0.120686 -0.265510
vn -0.829113 0.025330 -0.558507
vn 0.814936 0.186058 -0.548873
vn -0.658212 -0.133239 0.740948
vn -0.963014 0.009202 -0.269295
vn -0.919171 0.034226 -0.392368
vn 0.113272 0.099534 -0.988566
vn -0.942423 0.015796 -0.334050
vn 0.658767 -0.068950 0.749181
vn -0.978751 -0.013991 -0.204572
vn 0.885151 0.091317 -0.456256
vn -0.952961 -0.153526 0.261334
vn 0.992330 0.092988 -0.081454
vn -0.935513 -0.126365 0.329919
vn 0.942635 -0.026710 0.332755
vn -0.912410 -0.101012 0.396617
vn 0.935617 0.125343 -0.330015
vn -0.866291 -0.098714 0.489690
vn -0.972737 -0.173791 0.153554
vn 0.986253 0.006501 0.165113
vn -0.997004 0.002906 -0.077298
vn 0.493881 0.102639 -0.863450
vn -0.942431 0.015808 -0.334026
vn 0.429837 -0.049988 0.901522
vn -0.132053 0.071558 -0.988656
vn 0.937483 0.093759 -0.335165
vn -0.978751 -0.013991 -0.204575
vn 0.948544 0.179946 -0.260546
vn 0.969348 0.149216 -0.195188
vn 0.917980 -0.032760 0.395272
vn -0.942429 0.015825 -0.334033
vn -0.965635 -0.157025 -0.207105
vn -0.427053 -0.088868 0.899849
vn -0.917800 0.022220 -0.396421
vn 0.912529 0.099027 -0.396842
vn 0.914900 0.086718 -0.394255
vn 0.935609 0.125746 -0.329885
vn 0.812606 0.201540 -0.546857
vn -0.949260 -0.179917 0.257946
vn -0.889162 0.028362 -0.456714
vn 0.962989 -0.004084 0.269508
vn -0.978746 -0.013989 -0.204597
vn 0.980679 0.058247 -0.186751
vn 0.659637 -0.068177 0.748486
vn 0.932292 0.157098 -0.325811
vn -0.831706 0.018398 -0.554911
vn 0.114684 0.100364 -0.988319
vn 0.952913 0.153567 -0.261486
vn -0.962574 -0.007033 -0.270929
vn 0.871515 -0.041824 0.488582
vn -0.918582 0.021587 -0.394641
vn -0.942002 -0.000087 -0.335606
vn -0.978465 -0.021533 -0.205288
vn -0.932276 -0.156965 0.325919
vn 0.497636 0.106655 -0.860804
vn 0.884175 0.102778 -0.455710
vn -0.969614 -0.192212 0.151338
vn -0.654151 -0.110608 0.748232
vn -0.910535 -0.130434 0.392318
vn 0.942391 -0.010835 0.334338
vn -0.865457 -0.107210 0.489377
vn 0.985564 0.025207 0.167415
vn -0.132977 0.069593 -0.988673
vn -0.996663 -0.010793 -0.080912
vn 0.432707 -0.063193 0.899317
vn -0.942011 -0.000092 -0.335583
vn 0.932312 0.156932 -0.325833
vn 0.945598 0.197958 -0.258179
vn 0.994881 0.061282 -0.080348
vn 0.935620 0.126097 -0.329719
vn 0.965485 0.176055 -0.191948
vn -0.978464 -0.021533 -0.205290
vn -0.963539 -0.168687 -0.207696
vn 0.917682 -0.017397 0.396934
vn -0.942008 -0.000092 -0.335591
vn 0.811036 0.211364 -0.545478
vn -0.946327 -0.197916 0.255529
vn 0.910522 0.129928 -0.392515
vn -0.917305 0.006781 -0.398128
vn -0.426293 -0.094922 0.899591
vn -0.928784 -0.182775 0.322419
vn 0.914314 0.098436 -0.392862
vn 0.928789 0.182896 -0.322334
vn -0.907508 -0.159662 0.388507
vn 0.981089 0.066282 -0.181852
vn -0.978460 -0.021532 -0.205309
vn -0.888635 0.013538 -0.458415
vn 0.962406 0.014310 0.271237
vn 0.871347 -0.027401 0.489901
vn 0.949223 0.179935 -0.258069
vn -0.835304 0.022759 -0.549317
vn 0.116094 0.099563 -0.988236
vn -0.962278 -0.014448 -0.271685
vn -0.967456 -0.203867 0.149890
vn -0.917905 0.006403 -0.396750
vn 0.962416 0.194397 -0.189644
vn -0.941730 -0.007348 -0.336289
vn 0.932326 0.156769 -0.325870
vn -0.978694 -0.015645 -0.204729
vn 0.881837 0.132870 -0.452448
vn 0.501476 0.103341 -0.858978
vn 0.661085 -0.057360 0.748115
vn -0.649531 -0.117039 0.751273
vn -0.133923 0.068279 -0.988637
vn -0.863404 -0.134782 0.486177
vn 0.941811 0.007137 0.336068
vn 0.943559 0.209386 -0.256623
vn 0.985057 0.033702 0.168900
vn 0.928811 0.182742 -0.322360
vn 0.436846 -0.057197 0.897716
vn -0.995924 -0.027158 -0.086008
vn -0.962296 -0.175349 -0.207941
vn -0.941739 -0.007353 -0.336265
vn 0.994313 0.073420 -0.077146
vn 0.946308 0.197922 -0.255594
vn 0.907427 0.159694 -0.388682
vn 0.810025 0.216974 -0.544776
vn -0.978693 -0.015643 -0.204732
vn -0.944296 -0.209325 0.253945
vn -0.926023 -0.200388 0.319885
vn 0.917125 -0.000021 0.398601
vn -0.941736 -0.007353 -0.336273
vn 0.926023 0.200476 -0.319829
vn -0.904252 -0.184792 0.384943
vn 0.911934 0.129596 -0.389336
vn -0.917010 -0.000270 -0.398864
vn -0.431240 -0.101873 0.896467
vn 0.878944 0.161809 -0.448637
vn -0.647913 -0.137966 0.749115
vn 0.982141 0.059420 -0.178519
vn -0.860731 -0.162380 0.482469
vn -0.978689 -0.015639 -0.204753
vn 0.962037 0.022714 0.271972
vn -0.888373 0.006746 -0.459074
vn 0.870999 -0.011102 0.491159
vn -0.966162 -0.210520 0.149036
vn -0.838711 0.042697 -0.542900
vn -0.962475 -0.008646 -0.271234
vn 0.960287 0.206040 -0.188140
vn 0.928830 0.182587 -0.322394
vn 0.117263 0.096821 -0.988370
vn -0.132977 0.067751 -0.988801
vn -0.917405 -0.000520 -0.397954
vn -0.941947 -0.001686 -0.335757
vn -0.979270 0.008197 -0.202396
vn 0.942326 0.215930 -0.255728
vn 0.661616 -0.045038 0.748489
vn 0.926039 0.200368 -0.319852
vn -0.960971 -0.181855 -0.208480
vn 0.941486 0.015281 0.336707
vn 0.985238 0.026947 0.169057
vn 0.944284 0.209334 -0.253984
vn 0.908820 0.159477 -0.385504
vn 0.435112 -0.042396 0.899377
vn 0.504456 0.090271 -0.858706
vn 0.809366 0.222668 -0.543457
vn -0.943079 -0.215842 0.253009
vn -0.995273 -0.034396 -0.090825
vn -0.941955 -0.001684 -0.335734
vn 0.991580 0.106988 -0.072951
vn 0.904187 0.184816 -0.385084
vn -0.924108 -0.211564 0.318221
vn -0.979268 0.008177 -0.202402
vn 0.924108 0.211626 -0.318181
vn -0.901681 -0.201951 0.382345
vn 0.916862 0.007764 0.399128
vn -0.941953 -0.001677 -0.335740
vn 0.875919 0.186145 -0.445103
vn -0.917157 0.005265 -0.398492
vn -0.857921 -0.186237 0.478840
vn -0.964863 -0.216929 0.148259
vn -0.646470 -0.158715 0.746249
vn 0.983466 0.032552 -0.178142
vn 0.959004 0.212707 -0.187261
vn 0.962360 0.016156 0.271298
vn -0.979264 0.008160 -0.202425
vn 0.662779 -0.039557 0.747770
vn -0.888574 0.012088 -0.458574
vn 0.871023 -0.003802 0.491227
vn -0.437218 -0.105388 0.893159
vn -0.132168 0.066659 -0.988983
vn -0.839338 0.069908 -0.539096
vn 0.926053 0.200259 -0.319879
vn -0.963016 0.014803 -0.269038
vn 0.941065 0.222486 -0.254747
vn 0.117829 0.092893 -0.988680
vn -0.917407 0.005060 -0.397919
vn 0.987805 0.139309 -0.069536
vn 0.924121 0.211549 -0.318195
vn -0.958753 -0.192823 -0.208833
vn -0.942514 0.021277 -0.333489
vn -0.979161 0.040023 -0.199104
vn 0.943071 0.215852 -0.253030
vn 0.808193 0.232545 -0.541061
vn -0.941870 -0.222067 0.252128
vn 0.941862 0.008792 0.335884
vn 0.905508 0.184648 -0.382048
vn 0.434254 -0.027931 0.900357
vn 0.985952 -0.000216 0.167028
vn 0.901640 0.201967 -0.382433
vn -0.922961 -0.217951 0.317240
vn 0.506469 0.072377 -0.859215
vn -0.995148 -0.027911 -0.094348
vn 0.922958 0.217982 -0.317226
vn -0.942521 0.021243 -0.333471
vn -0.899900 -0.212840 0.380629
vn -0.979162 0.039973 -0.199110
vn 0.873542 0.202732 -0.442520
vn -0.962588 -0.227634 0.146995
vn 0.917262 0.001364 0.398283
vn -0.855715 -0.202550 0.476157
vn -0.942518 0.021211 -0.333482
vn 0.957675 0.219368 -0.186375
vn -0.645568 -0.176795 0.742957
vn -0.917655 0.027611 -0.396418
vn -0.137321 0.064519 -0.988423
vn 0.924128 0.211474 -0.318224
vn 0.963189 -0.010390 0.268624
vn 0.663967 -0.044143 0.746458
vn 0.983633 -0.003630 -0.180148
vn -0.889122 0.033759 -0.456424
vn 0.871590 -0.009869 0.490135
vn 0.938767 0.233920 -0.252980
vn -0.979158 0.039923 -0.199136
vn -0.444638 -0.102840 0.889787
vn -0.958996 -0.193883 -0.206728
vn 0.922965 0.217945 -0.317232
vn -0.838138 0.095488 -0.537035
vn -0.962949 0.046080 -0.265719
vn 0.983757 0.166698 -0.066585
vn 0.941781 0.222448 -0.252124
vn 0.807596 0.234284 -0.541202
vn -0.917815 0.027450 -0.396059
vn -0.939760 -0.232466 0.250621
vn 0.117522 0.089197 -0.989057
vn -0.942487 0.051915 -0.330187
vn 0.902882 0.201851 -0.379553
vn -0.921816 -0.224046 0.316319
vn 0.899863 0.212855 -0.380710
vn -0.978152 0.069776 -0.195833
vn 0.432169 -0.015980 0.901651
vn 0.942732 -0.017161 0.333108
vn 0.921743 0.224444 -0.316250
vn -0.898832 -0.219068 0.379618
vn 0.985874 -0.036898 0.163371
vn -0.995470 -0.003115 -0.095030
vn -0.962403 -0.228404 0.147010
vn -0.942496 0.051832 -0.330175
vn 0.505192 0.055469 -0.861223
vn 0.871898 0.213256 -0.440813
vn -0.854185 -0.212911 0.474381
vn 0.955240 0.231004 -0.184805
vn -0.143032 0.066084 -0.987509
vn -0.644981 -0.189277 0.740388
vn -0.978154 0.069701 -0.195846
vn 0.918119 -0.023849 0.395588
vn -0.942494 0.051750 -0.330192
vn 0.922967 0.217910 -0.317250
vn 0.938281 0.236298 -0.252572
vn -0.451212 -0.091259 0.887739
vn -0.917700 0.057454 -0.393098
vn -0.964264 -0.171153 -0.202242
vn 0.921768 0.224329 -0.316261
vn 0.963221 -0.046244 0.264703
vn 0.872534 -0.033717 0.487388
vn -0.889266 0.062963 -0.453035
vn 0.939418 0.233938 -0.250533
vn 0.810535 0.215958 -0.544422
vn 0.982081 -0.038017 -0.184587
vn 0.980531 0.185465 -0.064513
vn -0.978154 0.069626 -0.195874
vn -0.939607 -0.233296 0.250422
vn -0.962025 0.075323 -0.262363
vn -0.919825 -0.234231 0.314735
vn 0.901064 0.212773 -0.377903
vn -0.834958 0.118366 -0.537433
vn 0.898808 0.219074 -0.379672
vn -0.917791 0.057940 -0.392813
vn 0.919491 0.235675 -0.314633
vn 0.430287 -0.007977 0.902657
vn 0.664867 -0.061948 0.744388
vn -0.897765 -0.225013 0.378666
vn 0.116229 0.085969 -0.989495
vn -0.967105 -0.205319 0.150173
vn 0.942842 -0.052127 0.329138
vn -0.976508 0.096301 -0.192765
vn -0.941662 0.080434 -0.326807
vn 0.870918 0.219246 -0.439810
vn -0.853276 -0.218844 0.473316
vn 0.954697 0.233512 -0.184461
vn 0.984610 -0.072036 0.159232
vn -0.941651 0.080555 -0.326810
vn -0.995224 0.030660 -0.092674
vn -0.144817 0.071527 -0.986870
vn -0.644525 -0.197243 0.738703
vn 0.942524 0.215431 -0.255417
vn 0.921785 0.224222 -0.316287
vn 0.500749 0.040850 -0.864628
vn -0.941665 0.080314 -0.326829
vn 0.918274 -0.057721 0.391717
vn -0.971045 -0.135547 -0.196718
vn 0.919549 0.235422 -0.314654
vn -0.976513 0.096217 -0.192780
vn 0.938934 0.236185 -0.250238
vn 0.815835 0.186172 -0.547498
vn -0.452482 -0.075539 0.888569
vn -0.944068 -0.210824 0.253553
vn 0.978288 0.197384 -0.063183
vn -0.889291 0.090601 -0.448277
vn -0.919694 -0.235069 0.314492
vn 0.962042 -0.080566 0.260739
vn 0.665762 -0.085794 0.741215
vn 0.899964 0.219025 -0.376952
vn 0.897676 0.225283 -0.378715
vn 0.918961 0.237737 -0.314631
vn 0.979205 -0.067772 -0.191220
vn -0.917506 0.087351 -0.388012
vn -0.976516 0.096132 -0.192809
vn 0.429128 -0.002899 0.903239
vn -0.895912 -0.234960 0.377009
vn 0.872843 -0.065586 0.483574
vn -0.917249 0.085371 -0.389057
vn -0.973293 -0.169372 0.154965
vn -0.940260 0.106262 -0.323450
vn -0.830957 0.137489 -0.539080
vn 0.869888 0.225340 -0.438766
vn 0.959071 0.212369 -0.187302
vn -0.852324 -0.224514 0.472374
vn -0.994076 0.063603 -0.088135
vn 0.114512 0.083438 -0.989912
vn -0.146551 0.077192 -0.986187
vn -0.644377 -0.201859 0.737585
vn 0.948597 0.180924 -0.259672
vn 0.919607 0.235176 -0.314666
vn -0.940253 0.106313 -0.323454
vn -0.960498 0.101428 -0.259144
vn 0.941781 -0.085502 0.325173
vn 0.917336 -0.089982 0.387812
vn 0.918980 0.237694 -0.314607
vn 0.982571 -0.102540 0.155048
vn -0.976669 -0.098132 -0.191020
vn -0.974596 0.118431 -0.190098
vn 0.943160 0.215209 -0.253246
vn -0.974588 0.118516 -0.190085
vn 0.820535 0.153622 -0.550566
vn -0.949973 -0.175703 0.258223
vn 0.976928 0.204249 -0.062408
vn 0.494849 0.029841 -0.868467
vn 0.960039 -0.110384 0.257179
vn -0.940231 0.106340 -0.323509
vn -0.923922 -0.213121 0.317722
vn 0.898866 0.225251 -0.375902
vn 0.895667 0.235995 -0.376945
vn 0.922879 0.217184 -0.318003
vn 0.872103 -0.096052 0.479802
vn -0.452109 -0.060099 0.889936
vn -0.916688 0.110740 -0.383952
vn -0.895818 -0.235811 0.376701
vn 0.428110 -0.000130 0.903727
vn -0.889728 0.115533 -0.441628
vn -0.974601 0.118347 -0.190125
vn 0.665733 -0.108841 0.738209
vn 0.868086 0.235842 -0.436813
vn -0.978329 -0.131899 0.159612
vn 0.965288 0.177304 -0.191787
vn -0.850725 -0.234025 0.470638
vn -0.917443 0.113834 -0.381236
vn 0.975985 -0.090173 -0.198300
vn 0.939909 -0.114599 0.321617
vn -0.643646 -0.206128 0.737042
vn 0.918998 0.237645 -0.314591
vn -0.144926 0.082501 -0.985997
vn 0.953880 0.143009 -0.263933
vn -0.938851 0.128018 -0.319640
vn -0.826920 0.150510 -0.541802
vn 0.922824 0.217485 -0.317955
vn -0.992308 0.093235 -0.081444
vn -0.972987 0.133725 -0.188188
vn 0.949129 0.180771 -0.257831
vn -0.980105 -0.065774 -0.187266
vn 0.112938 0.081834 -0.990226
vn -0.938757 0.128606 -0.319682
vn 0.975557 0.210910 -0.061690
vn -0.958807 0.123309 -0.255897
vn 0.915640 -0.118314 0.384193
vn 0.824112 0.124871 -0.552492
vn -0.929528 -0.178770 0.322521
vn 0.895347 0.238062 -0.376405
vn 0.896867 0.236057 -0.374040
vn 0.928542 0.183570 -0.322665
vn 0.980454 -0.125442 0.151572
vn -0.972992 0.133676 -0.188196
vn -0.899788 -0.214472 0.379978
vn 0.428724 0.003272 0.903430
vn 0.957934 -0.132769 0.254430
vn 0.489946 0.023192 -0.871444
vn -0.938644 0.129141 -0.319798
vn -0.954790 -0.139122 0.262719
vn 0.867906 0.237609 -0.436213
vn 0.870688 -0.123110 0.476179
vn -0.850851 -0.234964 0.469941
vn -0.450229 -0.046284 0.891713
vn -0.916049 0.133127 -0.378326
vn -0.981532 -0.099693 0.163266
vn -0.642781 -0.213411 0.735723
vn -0.890159 0.137220 -0.434496
vn 0.922767 0.217767 -0.317928
vn 0.665435 -0.129564 0.735126
vn -0.972994 0.133627 -0.188220
vn 0.928472 0.183968 -0.322639
vn -0.917444 0.136237 -0.373813
vn -0.142617 0.085693 -0.986061
vn 0.970652 0.138780 -0.196403
vn 0.973529 -0.103343 -0.203868
vn 0.937961 -0.136594 0.318702
vn -0.957609 0.138242 -0.252735
vn 0.973040 0.222517 -0.060660
vn -0.938151 0.142832 -0.315392
vn -0.981518 -0.045445 -0.185898
vn 0.899049 0.218463 -0.379453
vn 0.896401 0.238236 -0.373778
vn -0.824060 0.155291 -0.544802
vn -0.990324 0.117599 -0.073681
vn -0.934117 -0.142896 0.327119
vn 0.957357 0.109240 -0.267460
vn 0.825875 0.105997 -0.553801
vn -0.972335 0.139345 -0.187475
vn 0.933497 0.146536 -0.327276
vn -0.905039 -0.181039 0.384875
vn 0.429545 0.009068 0.903000
vn 0.954309 0.142932 -0.262420
vn 0.111790 0.081376 -0.990394
vn -0.937940 0.144003 -0.315485
vn 0.913970 -0.140155 0.380808
vn 0.871369 0.218300 -0.439387
vn -0.854588 -0.214761 0.472818
vn -0.957837 -0.107678 0.266373
vn 0.978984 -0.138880 0.149344
vn -0.972335 0.139342 -0.187477
vn -0.644816 -0.214861 0.733517
vn 0.928397 0.184364 -0.322630
vn -0.937717 0.145143 -0.315628
vn 0.956453 -0.145924 0.252794
vn -0.983017 -0.079669 0.165320
vn 0.486747 0.021787 -0.873271
vn 0.869353 -0.144673 0.472541
vn -0.447803 -0.035102 0.893443
vn 0.933456 0.146841 -0.327259
vn -0.915776 0.148965 -0.373046
vn 0.974180 0.104254 -0.200262
vn 0.665120 -0.146553 0.732215
vn -0.890540 0.152488 -0.428585
vn 0.972387 0.225254 -0.061018
vn -0.139387 0.087144 -0.986396
vn -0.972333 0.139338 -0.187494
vn 0.899928 0.218465 -0.377363
vn 0.904219 0.186062 -0.384407
vn -0.917534 0.151764 -0.367557
vn 0.957679 0.109112 -0.266355
vn -0.981590 -0.037886 -0.187204
vn 0.972604 -0.105550 -0.207125
vn 0.936689 -0.149545 0.316623
vn 0.426712 0.008705 0.904346
vn -0.957402 0.143699 -0.250462
vn -0.909379 -0.146038 0.389490
vn 0.958971 0.087010 -0.269821
vn 0.826026 0.098325 -0.554989
vn 0.876014 0.186876 -0.444609
vn -0.938524 0.148154 -0.311807
vn -0.859391 -0.182980 0.477458
vn -0.988758 0.134031 -0.066277
vn -0.822600 0.148526 -0.548880
vn -0.973250 0.131518 -0.188381
vn -0.649032 -0.200053 0.733987
vn -0.936999 -0.112073 0.330866
vn 0.936727 0.113502 -0.331149
vn -0.959226 -0.088122 0.268551
vn 0.111312 0.082429 -0.990361
vn 0.933412 0.147161 -0.327239
vn -0.938259 0.149594 -0.311917
vn 0.913173 -0.153162 0.377700
vn -0.983474 -0.072526 0.165887
vn 0.978769 -0.141070 0.148696
vn -0.973217 0.131761 -0.188382
vn 0.976815 0.204000 -0.064932
vn -0.937983 0.151030 -0.312054
vn 0.956163 -0.148110 0.252618
vn 0.975848 0.081559 -0.202654
vn 0.486684 0.026810 -0.873167
vn 0.904863 0.185857 -0.382989
vn 0.869091 -0.157925 0.468765
vn 0.908794 0.149942 -0.389373
vn -0.443961 -0.028182 0.895603
vn -0.135612 0.086006 -0.987022
vn -0.916427 0.154769 -0.369063
vn 0.425363 -0.002263 0.905020
vn 0.936719 0.113618 -0.331132
vn 0.665897 -0.157525 0.729223
vn 0.959260 0.086857 -0.268844
vn -0.891528 0.158010 -0.424513
vn -0.973180 0.131984 -0.188418
vn -0.980638 -0.043670 -0.190898
vn 0.880059 0.151993 -0.449882
vn 0.959438 0.077621 -0.271025
vn -0.918303 0.157298 -0.363287
vn -0.863409 -0.149692 0.481785
vn -0.652836 -0.175801 0.736817
vn 0.936579 -0.151690 0.315928
vn 0.973751 -0.094407 -0.207115
vn -0.958641 0.136264 -0.249879
vn -0.940264 0.140639 -0.310039
vn 0.938260 0.091741 -0.333545
vn -0.938310 -0.092971 0.333063
vn -0.912133 -0.115925 0.393159
vn -0.959623 -0.081173 0.269323
vn -0.988349 0.139481 -0.060919
vn -0.822769 0.126741 -0.554065
vn 0.825122 0.102127 -0.555647
vn -0.975875 0.105807 -0.190976
vn 0.983102 0.168431 -0.071706
vn -0.983146 -0.078810 0.164962
vn 0.111161 0.085437 -0.990123
vn -0.940010 0.142112 -0.310137
vn 0.913622 -0.155345 0.375716
vn 0.909129 0.149892 -0.388608
vn 0.936710 0.113731 -0.331119
vn 0.976400 0.071933 -0.203639
vn 0.428783 -0.017699 0.903234
vn 0.980147 -0.129802 0.149878
vn -0.975832 0.106518 -0.190806
vn -0.132602 0.084307 -0.987577
vn -0.939749 0.143606 -0.310241
vn 0.957381 -0.137293 0.254112
vn 0.487992 0.040022 -0.871930
vn 0.938259 0.091770 -0.333541
vn 0.959767 0.077426 -0.269911
vn 0.870232 -0.160422 0.465792
vn -0.441065 -0.026391 0.897087
vn 0.882813 0.120678 -0.453958
vn -0.978770 -0.059932 -0.196003
vn -0.918426 0.147329 -0.367134
vn 0.911791 0.117470 -0.393495
vn -0.865963 -0.120962 0.485259
vn -0.656229 -0.150314 0.739438
vn 0.959074 0.082121 -0.270985
vn 0.667891 -0.160162 0.726822
vn 0.823189 0.116193 -0.555752
vn -0.893632 0.150586 -0.422784
vn -0.975771 0.107298 -0.190676
vn -0.920218 0.149680 -0.361655
vn 0.938771 0.082530 -0.334511
vn -0.938699 -0.086219 0.333783
vn -0.913387 -0.097376 0.395274
vn 0.976482 -0.067441 -0.204781
vn 0.937849 -0.141275 0.316987
vn -0.959249 -0.087340 0.268726
vn -0.961371 0.112232 -0.251338
vn 0.988427 0.129573 -0.078891
vn -0.943206 0.116847 -0.310981
vn -0.826021 0.107169 -0.553356
vn -0.982032 -0.095414 0.162819
vn -0.989626 0.130913 -0.059179
vn 0.912088 0.117385 -0.392832
vn 0.938254 0.091798 -0.333545
vn 0.431997 -0.034476 0.901216
vn 0.111078 0.088191 -0.989891
vn 0.976152 0.076449 -0.203182
vn -0.943032 0.118054 -0.311053
vn 0.915370 -0.145245 0.375502
vn -0.977893 0.082748 -0.192034
vn -0.129895 0.081701 -0.988156
vn 0.913202 0.096193 -0.395991
vn 0.938770 0.082532 -0.334514
vn 0.982889 -0.102746 0.152882
vn 0.959502 0.081892 -0.269537
vn -0.975995 -0.083686 -0.201073
vn -0.657625 -0.128150 0.742365
vn 0.485911 0.052394 -0.872437
vn -0.942856 0.119300 -0.311110
vn 0.959946 -0.111176 0.257183
vn 0.957892 0.098195 -0.269815
vn 0.820612 0.137731 -0.554640
vn 0.872710 -0.150835 0.464355
vn -0.439443 -0.031130 0.897731
vn -0.977875 0.083705 -0.191711
vn -0.921652 0.123282 -0.367913
vn 0.884165 0.100136 -0.456317
vn 0.671537 -0.153252 0.724950
vn -0.896841 0.127012 -0.423726
vn 0.938539 0.086904 -0.334056
vn -0.938343 -0.092192 0.333185
vn -0.913728 -0.090790 0.396053
vn -0.958099 -0.103542 0.267069
vn -0.867084 -0.103276 0.487340
vn -0.923392 0.125431 -0.362786
vn -0.977854 0.084664 -0.191399
vn 0.978010 -0.043923 -0.203879
vn -0.979908 -0.119153 0.159950
vn 0.940388 -0.116214 0.319632
vn 0.436116 -0.049014 0.898555
vn 0.991958 0.094486 -0.084217
vn 0.938767 0.082536 -0.334521
vn -0.945191 0.095020 -0.312387
vn -0.828530 0.106427 -0.549737
vn 0.975087 0.092785 -0.201487
vn -0.992656 0.104728 -0.060554
vn -0.129104 0.078353 -0.988531
vn 0.111068 0.088327 -0.989880
vn 0.913639 0.087218 -0.397061
vn 0.913556 0.096151 -0.395183
vn -0.945106 0.095699 -0.312437
vn -0.978323 0.081735 -0.190275
vn -0.963394 0.090109 -0.252491
vn 0.938540 0.086888 -0.334057
vn 0.918182 -0.121085 0.377201
vn 0.958457 0.097984 -0.267878
vn -0.972426 -0.112273 -0.204407
vn 0.984672 -0.079056 0.155468
vn 0.955665 0.123408 -0.267349
vn 0.817754 0.163513 -0.551854
vn 0.483909 0.053226 -0.873498
vn -0.945018 0.096400 -0.312488
vn 0.961789 -0.088064 0.259244
vn 0.884620 0.091465 -0.457255
vn 0.876043 -0.127630 0.465038
vn -0.978310 0.082337 -0.190078
vn -0.657561 -0.114435 0.744660
vn -0.438600 -0.043445 0.897632
vn -0.937221 -0.107959 0.331605
vn 0.937553 0.102659 -0.332349
vn -0.956015 -0.126656 0.264563
vn -0.913330 -0.096507 0.395619
vn -0.923899 0.100794 -0.369123
vn -0.867204 -0.096857 0.488442
vn -0.899320 0.105057 -0.424485
vn 0.675756 -0.135395 0.724584
vn -0.976562 -0.147575 0.156681
vn 0.438541 -0.058597 0.896799
vn 0.993666 0.071641 -0.086580
vn -0.978304 0.082905 -0.189863
vn -0.925963 0.102344 -0.363481
vn 0.977882 -0.043134 -0.204660
vn 0.938540 0.086874 -0.334060
vn 0.942346 -0.093937 0.321186
vn -0.128662 0.074565 -0.988881
vn 0.952251 0.153615 -0.263856
vn 0.972869 0.118519 -0.198696
vn -0.945598 0.093143 -0.311719
vn -0.828656 0.116475 -0.547506
vn 0.913369 0.091468 -0.396726
vn 0.914171 0.087181 -0.395843
vn -0.967862 -0.143098 -0.206799
vn -0.994905 0.079483 -0.062020
vn 0.937555 0.102611 -0.332357
vn 0.111107 0.086958 -0.989997
vn 0.956301 0.123343 -0.265093
vn -0.977701 0.093288 -0.188142
vn 0.814766 0.189873 -0.547818
vn -0.945549 0.093523 -0.311755
vn -0.963836 0.088250 -0.251459
vn 0.920296 -0.099495 0.378359
vn 0.984741 -0.078346 0.155391
vn 0.483694 0.047291 -0.873959
vn 0.884410 0.095592 -0.456817
vn -0.952843 -0.154356 0.261276
vn -0.945494 0.093910 -0.311805
vn -0.935203 -0.130584 0.329156
vn -0.656057 -0.109322 0.746752
vn 0.935511 0.127498 -0.329489
vn -0.912218 -0.111787 0.394160
vn -0.971991 -0.178309 0.153097
vn -0.866548 -0.102193 0.488520
vn -0.977698 0.093347 -0.188129
vn 0.878325 -0.106659 0.466014
vn -0.443523 -0.053560 0.894661
vn -0.924542 0.098292 -0.368186
vn 0.439463 -0.062536 0.896081
vn -0.687215 -0.352130 -0.635406
vn -0.616021 -0.335891 -0.712528
vn 0.252879 -0.964202 0.079797
vn -0.900283 0.102415 -0.423086
vn 0.994346 0.062034 -0.086180
vn -0.137261 0.070662 -0.988011
vn 0.539361 -0.790307 0.290697
vn -0.738175 -0.391944 -0.549069
vn 0.676975 -0.118702 0.726371
vn 0.937555 0.102562 -0.332373
vn 0.424162 -0.822350 0.379245
vn 0.947876 0.184313 -0.259923
vn -0.558661 -0.293671 -0.775665
vn 0.969349 0.149220 -0.195183
vn 0.962055 -0.087111 0.258578
vn 0.288468 -0.956932 0.032666
vn -0.977700 0.093384 -0.188101
vn 0.977060 -0.055189 -0.205689
vn -0.926897 0.099024 -0.362017
vn -0.794006 -0.404193 -0.454074
vn 0.103708 -0.994065 -0.032855
vn 0.942877 -0.092543 0.320031
vn -0.966736 -0.152152 -0.205598
vn -0.738540 -0.138130 -0.659908
vn -0.665208 -0.108013 -0.738804
vn 0.912396 0.106782 -0.395134
vn -0.491196 -0.281468 -0.824319
vn -0.945214 0.102778 -0.309852
vn 0.914152 0.091417 -0.394929
vn -0.828151 0.129008 -0.545457
vn 0.935520 0.127385 -0.329508
vn 0.812083 0.199021 -0.548553
vn -0.948555 -0.184320 0.257429
vn 0.653231 -0.731179 0.196636
vn -0.804301 -0.169705 -0.569473
vn 0.729060 -0.249588 0.637320
vn -0.593297 -0.077730 -0.801222
vn 0.932295 0.157105 -0.325798
vn -0.823909 -0.434648 -0.363669
vn -0.995249 0.075371 -0.061633
vn 0.333271 -0.856075 0.395052
vn 0.111149 0.085253 -0.990140
vn 0.573443 -0.315827 0.755921
vn 0.952911 0.153572 -0.261488
vn 0.864604 -0.209069 0.456893
vn -0.945194 0.102891 -0.309873
vn -0.976490 0.107830 -0.186653
vn -0.963346 0.098275 -0.249614
vn -0.860690 -0.197078 -0.469440
vn 0.920970 -0.097623 0.377206
vn -0.451608 -0.233994 -0.860986
vn -0.523988 -0.052462 -0.850108
vn 0.438684 -0.898315 0.024229
vn -0.932177 -0.157762 0.325819
vn 0.983951 -0.090326 0.153886
vn 0.883532 0.110446 -0.455163
vn -0.970530 -0.187190 0.151762
vn -0.653617 -0.113225 0.748308
vn -0.910284 -0.133857 0.391747
vn 0.133173 -0.990844 0.022214
vn -0.855911 -0.438276 -0.274465
vn 0.483468 0.039892 -0.874453
vn -0.865231 -0.116615 0.487622
vn 0.961417 -0.098557 0.256834
vn -0.945172 0.103031 -0.309894
vn -0.147224 0.074027 -0.986329
vn -0.901842 -0.221963 -0.370694
vn -0.976523 0.107501 -0.186672
vn 0.439076 -0.060295 0.896424
vn 0.932314 0.156940 -0.325822
vn 0.945988 0.195505 -0.258619
vn 0.879129 -0.104146 0.465065
vn 0.744505 -0.153389 0.649757
vn 0.588015 -0.197948 0.784255
vn 0.690702 -0.163849 0.704333
vn 0.994290 0.066630 -0.083349
vn -0.464824 -0.027957 -0.884962
vn -0.392829 -0.204720 -0.896535
vn -0.924356 0.107080 -0.366197
vn -0.448279 -0.054496 0.892231
vn 0.964777 0.180491 -0.191384
vn 0.935528 0.127273 -0.329528
vn 0.838629 -0.129106 0.529182
vn 0.693617 -0.718503 0.051471
vn -0.973100 -0.116219 -0.198921
vn -0.900242 0.110679 -0.421088
vn 0.480792 -0.340141 0.808173
vn 0.952620 -0.148218 0.265604
vn 0.677226 -0.116213 0.726539
vn 0.205558 -0.930290 0.303819
vn 0.815160 0.173154 -0.552750
vn -0.947139 -0.193417 0.255966
vn -0.864734 -0.459471 -0.202786
vn 0.549649 -0.208985 0.808833
vn -0.976554 0.107202 -0.186682
vn 0.876077 -0.115995 0.468011
vn 0.975843 -0.070179 -0.206897
vn -0.926760 0.107003 -0.360091
vn -0.744244 -0.022081 -0.667543
vn 0.910451 0.130919 -0.392352
vn -0.928120 -0.187093 0.321852
vn -0.667826 0.005110 -0.744300
vn 0.913447 0.106705 -0.392718
vn -0.930398 -0.240104 -0.276963
vn 0.942452 -0.103209 0.318013
vn 0.928132 0.187273 -0.321714
vn -0.907426 -0.160420 0.388385
vn -0.815621 -0.050078 -0.576415
vn 0.948519 0.184369 -0.257525
vn -0.944229 0.115717 -0.308288
vn -0.827092 0.144076 -0.543287
vn -0.591983 0.030106 -0.805388
vn -0.409143 -0.006425 -0.912448
vn -0.974626 0.125531 -0.185330
vn -0.331172 -0.200333 -0.922058
vn -0.994656 0.083461 -0.060783
vn -0.976294 -0.150256 0.155802
vn -0.876055 -0.076893 -0.476040
vn 0.111208 0.083215 -0.990307
vn 0.351549 -0.934445 -0.056804
vn 0.962831 0.192059 -0.189921
vn 0.479151 -0.215492 0.850869
vn -0.944285 0.115298 -0.308274
vn 0.937946 -0.079426 0.337563
vn 0.932333 0.156775 -0.325847
vn -0.962267 0.111769 -0.248092
vn 0.881740 0.133881 -0.452339
vn 0.192033 -0.858392 0.475697
vn -0.521878 0.051913 -0.851439
vn -0.651072 -0.124000 0.748819
vn 0.920639 -0.107228 0.375402
vn -0.946621 -0.255483 -0.196564
vn -0.863255 -0.137790 0.485598
vn -0.879258 -0.457116 -0.133982
vn -0.154305 0.084005 -0.984446
vn -0.974704 0.124970 -0.185296
vn 0.982721 -0.105321 0.152206
vn 0.950628 0.166467 -0.261906
vn 0.928166 0.187051 -0.321746
vn 0.376139 -0.368057 0.850326
vn -0.922017 -0.100744 -0.373811
vn 0.483226 0.031056 -0.874945
vn 0.437071 -0.052972 0.897866
vn 0.960297 -0.112966 0.255083
vn -0.944341 0.114926 -0.308242
vn 0.993430 0.083046 -0.078745
vn 0.946765 0.195520 -0.255751
vn -0.981243 -0.048866 -0.186480
vn -0.356787 0.009308 -0.934139
vn 0.414838 -0.215271 0.884064
vn 0.985161 -0.136862 0.103565
vn 0.907443 0.159699 -0.388643
vn 0.878960 -0.112445 0.463449
vn 0.962912 -0.065499 0.261744
vn -0.952708 -0.157943 0.259619
vn -0.460174 0.070320 -0.885040
vn 0.823498 0.118280 -0.554852
vn -0.279945 -0.221896 -0.934020
vn -0.450017 -0.050655 0.891582
vn -0.923578 0.118445 -0.364656
vn -0.926751 -0.196411 0.320244
vn 0.605641 -0.793073 -0.065072
vn -0.974781 0.124422 -0.185260
vn -0.899515 0.121419 -0.419678
vn 0.926440 0.198192 -0.320045
vn 0.677714 -0.122089 0.725119
vn -0.903632 -0.188997 0.384357
vn 0.621707 -0.152841 0.768193
vn 0.911743 0.130815 -0.389374
vn 0.776560 -0.117313 0.619025
vn -0.955723 -0.265524 -0.126852
vn 0.878945 0.161816 -0.448633
vn -0.952911 -0.120391 -0.278327
vn 0.264019 -0.662692 0.700809
vn -0.860676 -0.163070 0.482333
vn -0.648468 -0.140129 0.748233
vn -0.926024 0.117510 -0.358707
vn -0.876063 -0.473620 -0.090539
vn 0.974108 -0.088005 -0.208252
vn -0.960463 0.128573 -0.246941
vn 0.941424 -0.116774 0.316362
vn 0.987962 -0.055853 0.144259
vn 0.967607 0.162915 -0.192859
vn -0.983271 -0.082236 0.162531
vn -0.942396 0.131889 -0.307400
vn -0.825499 0.161444 -0.540821
vn -0.404609 0.086083 -0.910429
vn 0.928197 0.186831 -0.321784
vn 0.366065 -0.236774 0.899964
vn -0.972047 0.145933 -0.183923
vn -0.305161 0.018925 -0.952113
vn -0.993719 0.094329 -0.060204
vn 0.497266 -0.180043 0.848711
vn 0.958188 0.104775 -0.266266
vn 0.111279 0.080849 -0.990495
vn 0.900137 -0.075359 0.429038
vn -0.162216 0.100743 -0.981599
vn 0.926381 0.198470 -0.320044
vn -0.942556 0.130889 -0.307338
vn -0.252820 -0.190868 -0.948500
vn 0.164272 -0.981766 -0.095656
vn 0.919638 -0.119747 0.374068
vn -0.971480 -0.135881 -0.194326
vn 0.951454 0.167098 -0.258484
vn 0.908821 0.159485 -0.385500
vn 0.435443 -0.041502 0.899259
vn -0.740882 0.083211 -0.666460
vn -0.958484 -0.274804 -0.076096
vn 0.980943 -0.123169 0.150267
vn -0.972166 0.145202 -0.183875
vn -0.662332 0.104292 -0.741916
vn 0.991328 0.108790 -0.073721
vn -0.984457 0.035804 -0.171936
vn 0.903567 0.189034 -0.384490
vn -0.815209 0.060505 -0.575997
vn 0.994290 -0.039443 0.099152
vn 0.148526 -0.958302 0.244125
vn -0.932142 -0.163107 0.323276
vn -0.881873 -0.468517 -0.052826
vn 0.482944 0.020822 -0.875404
vn 0.958577 -0.130254 0.253308
vn -0.942713 0.129929 -0.307263
vn 0.930916 0.170758 -0.322858
vn -0.585275 0.122961 -0.801457
vn -0.902321 -0.198556 0.382613
vn -0.353174 0.099728 -0.930227
vn 0.878033 -0.123665 0.462347
vn 0.536731 -0.152247 0.829904
vn 0.987225 -0.159316 0.002211
vn -0.879009 0.037625 -0.475318
vn 0.875355 0.190303 -0.444452
vn -0.451139 -0.045556 0.891290
vn -0.921981 0.132770 -0.363764
vn -0.857338 -0.190215 0.478321
vn -0.646561 -0.159210 0.746064
vn -0.959842 -0.092667 0.264796
vn -0.258100 0.033031 -0.965554
vn -0.897974 0.135005 -0.418828
vn -0.972282 0.144482 -0.183830
vn 0.677278 -0.130233 0.724109
vn 0.267136 -0.323510 0.907733
vn 0.830700 0.046349 -0.554788
vn -0.514699 0.138814 -0.846059
vn -0.981126 -0.147925 -0.124543
vn 0.675999 -0.119067 0.727220
vn 0.926319 0.198719 -0.320068
vn 0.998855 -0.045970 0.013220
vn 0.862576 -0.505916 0.003504
vn -0.924589 0.130909 -0.357770
vn 0.977377 -0.035926 0.208429
vn -0.985708 0.002159 0.168448
vn -0.194211 -0.182528 -0.963829
vn 0.971720 -0.108543 -0.209710
vn -0.928100 0.016194 -0.371978
vn 0.825784 -0.080361 0.558233
vn 0.939698 -0.133333 0.314946
vn -0.957862 0.148278 -0.245997
vn 0.319463 -0.229198 0.919463
vn -0.959058 -0.280137 -0.041602
vn 0.987778 0.139457 -0.069619
vn 0.930701 0.171903 -0.322869
vn -0.939678 0.151019 -0.306917
vn 0.974927 0.101579 -0.197988
vn -0.823246 0.179690 -0.538496
vn -0.874543 -0.482731 -0.046318
vn -0.992343 0.108299 -0.059392
vn -0.303398 0.111735 -0.946290
vn -0.968852 0.167456 -0.182443
vn 0.160906 -0.784178 0.599311
vn -0.453052 0.151970 -0.878435
vn -0.981959 0.088572 -0.167067
vn 0.904936 0.188833 -0.381356
vn 0.434144 -0.027827 0.900414
vn 0.901995 0.200370 -0.382436
vn 0.111355 0.078334 -0.990689
vn -0.939940 0.149572 -0.306825
vn -0.961421 -0.002348 -0.275071
vn 0.261198 -0.234455 0.936379
vn -0.148580 0.106955 -0.983100
vn 0.917903 -0.135336 0.373013
vn 0.938018 0.112104 -0.327957
vn -0.907250 -0.167867 0.385640
vn 0.962672 0.020724 -0.269875
vn 0.958713 0.107059 -0.263454
vn 0.978488 -0.143732 0.147993
vn -0.205805 0.045090 -0.977554
vn -0.984926 -0.157248 -0.072069
vn -0.968986 0.166732 -0.182394
vn 0.873839 0.201254 -0.442607
vn 0.415090 -0.172879 0.893204
vn -0.856340 -0.199905 0.476150
vn 0.998315 -0.043308 0.038624
vn 0.904269 -0.425964 -0.029215
vn 0.956176 -0.150309 0.251265
vn -0.940196 0.148157 -0.306727
vn 0.482887 0.009900 -0.875627
vn -0.644733 -0.179654 0.742996
vn -0.939371 -0.100076 0.327974
vn -0.957977 -0.285717 -0.025399
vn 0.876319 -0.137899 0.461572
vn -0.397876 0.163144 -0.902817
vn -0.963215 -0.011283 0.268495
vn 0.998370 -0.011219 0.055960
vn -0.155970 -0.141271 -0.977607
vn 0.930475 0.172996 -0.322938
vn -0.451215 -0.039066 0.891560
vn -0.919454 0.150329 -0.363326
vn 0.367391 -0.193357 0.909746
vn -0.981599 -0.017600 -0.190142
vn -0.895468 0.151751 -0.418460
vn 0.837549 -0.003139 -0.546353
vn -0.882541 -0.468593 -0.039265
vn 0.675753 -0.140689 0.723578
vn 0.933443 -0.036241 0.356890
vn -0.969117 0.166001 -0.182361
vn -0.253606 0.122335 -0.959540
vn 0.937917 0.113962 -0.327603
vn 0.983028 0.171114 -0.066151
vn 0.088943 -0.992916 0.078780
vn -0.984048 0.054842 0.169238
vn -0.922297 0.147549 -0.357209
vn 0.978994 0.016260 -0.203239
vn 0.968783 -0.130105 -0.211029
vn 0.937228 -0.152877 0.313421
vn 0.224122 -0.241356 0.944202
vn 0.902991 0.200804 -0.379849
vn -0.954549 0.169499 -0.245164
vn 0.906167 0.175417 -0.384825
vn -0.985652 -0.164296 -0.038698
vn 0.433553 -0.013430 0.901028
vn -0.936189 0.171774 -0.306667
vn 0.999720 -0.019582 0.013271
vn 0.963150 0.024095 -0.267882
vn 0.175561 -0.374546 0.910436
vn -0.156277 0.057266 -0.986052
vn -0.347049 0.172799 -0.921790
vn -0.990359 0.125701 -0.058216
vn -0.820860 0.197448 -0.535914
vn -0.983044 0.062486 -0.172397
vn -0.914541 -0.107524 0.389940
vn -0.965327 0.188471 -0.180619
vn -0.884822 -0.465260 -0.024959
vn 0.877772 0.177438 -0.445007
vn 0.985412 -0.006226 0.170073
vn -0.730653 0.203877 -0.651599
vn -0.957851 -0.286673 -0.018449
vn -0.992251 -0.029841 -0.120610
vn -0.861042 -0.172372 0.478430
vn -0.652279 0.216728 -0.726334
vn -0.936524 0.170120 -0.306566
vn -0.133605 0.101016 -0.985873
vn 0.111417 0.075865 -0.990874
vn -0.097147 -0.125834 -0.987283
vn 0.962595 -0.035199 -0.268648
vn -0.805364 0.188799 -0.561911
vn 0.915357 -0.154098 0.371987
vn 0.608216 -0.135280 0.782159
vn -0.646714 -0.188083 0.739180
vn 0.825975 -0.555879 -0.093613
vn -0.575858 0.227271 -0.785325
vn 0.278303 -0.205233 0.938311
vn 0.937774 0.116032 -0.327287
vn 0.975450 -0.165318 0.145492
vn 0.942729 0.032175 -0.332006
vn -0.943377 -0.022335 0.330969
vn -0.203838 0.131480 -0.970136
vn -0.965427 0.187989 -0.180588
vn -0.870088 0.172188 -0.461843
vn 0.070787 -0.927240 0.367716
vn -0.936852 0.168476 -0.306472
vn 0.953225 -0.171465 0.248921
vn 0.159253 -0.260108 0.952356
vn -0.962837 0.039672 0.267154
vn 0.751433 -0.100085 0.652174
vn 0.478106 -0.155745 0.864383
vn 0.482746 -0.000815 -0.875760
vn 0.873717 -0.155249 0.460994
vn 0.980674 0.184710 -0.064508
vn -0.985264 -0.169793 -0.020603
vn -0.450048 -0.031128 0.892462
vn -0.957082 -0.289645 -0.010002
vn -0.916021 0.170025 -0.363313
vn -0.506136 0.235718 -0.829616
vn 0.998600 0.009558 0.052022
vn 0.999660 -0.025451 -0.005649
vn -0.298073 0.181317 -0.937164
vn 0.844914 0.017220 -0.534625
vn 0.906604 0.177288 -0.382933
vn -0.920341 0.155277 -0.358972
vn 0.673073 -0.153495 0.723472
vn -0.891966 0.170596 -0.418681
vn 0.913272 0.120977 -0.388972
vn -0.996837 -0.039543 -0.068938
vn 0.978255 -0.040095 -0.203496
vn 0.887223 -0.059597 0.457475
vn -0.965523 0.187485 -0.180593
vn 0.426874 -0.009639 0.904260
vn 0.999403 0.004171 0.034313
vn -0.986197 0.028583 0.163094
vn -0.878082 -0.478401 0.010282
vn -0.104743 0.066567 -0.992269
vn -0.919107 0.166397 -0.357147
vn 0.942956 0.034788 -0.331096
vn 0.934179 -0.173742 0.311645
vn 0.965466 -0.151081 -0.212250
vn 0.884538 0.125038 -0.449397
vn 0.963140 -0.031317 -0.267171
vn -0.950780 0.190850 -0.244118
vn -0.868578 -0.116745 0.481604
vn -0.445429 0.242482 -0.861856
vn -0.034700 -0.135829 -0.990124
vn 0.461576 -0.872752 -0.158904
vn -0.954780 0.139530 -0.262539
vn -0.652827 -0.168957 0.738424
vn -0.932207 0.192844 -0.306270
vn -0.984317 0.014066 -0.175846
vn -0.987734 0.145476 -0.056727
vn 0.364447 -0.179919 0.913678
vn -0.154098 0.139131 -0.978211
vn -0.818232 0.206095 -0.536676
vn 0.104094 -0.252895 0.961878
vn -0.140192 0.094809 -0.985575
vn 0.990081 -0.092677 -0.105600
vn -0.963422 0.198976 -0.179517
vn 0.965178 -0.011142 -0.261357
vn -0.984623 -0.174121 -0.014101
vn 0.006791 -0.859272 0.511474
vn -0.932564 0.191262 -0.306176
vn 0.912127 -0.174457 0.370930
vn -0.955327 -0.295046 0.017275
vn -0.919455 -0.034014 0.391722
vn 0.111434 0.074533 -0.990973
vn 0.943816 -0.021794 -0.329751
vn -0.249242 0.188889 -0.949842
vn 0.984789 0.159903 -0.067979
vn 0.075842 -0.396726 0.914799
vn -0.944136 0.026955 0.328451
vn -0.998241 -0.046966 -0.036183
vn 0.999400 -0.005334 -0.034237
vn 0.972039 -0.186320 0.142918
vn 0.174147 -0.223326 0.959061
vn -0.391245 0.248151 -0.886199
vn 0.913372 0.124406 -0.387652
vn -0.975844 0.125816 -0.178600
vn -0.963454 0.198832 -0.179504
vn -0.878616 -0.477302 0.014734
vn 0.943148 0.037533 -0.330248
vn -0.965513 0.014579 0.259948
vn -0.932909 0.189669 -0.306114
vn 0.423307 -0.022345 0.905711
vn 0.949952 -0.192130 0.246329
vn 0.969109 -0.019063 0.245893
vn 0.870283 -0.174357 0.460660
vn 0.484443 -0.006826 -0.874796
vn -0.447225 -0.022410 0.894141
vn 0.847319 0.057859 -0.527923
vn -0.052881 0.070597 -0.996102
vn 0.837190 -0.518185 -0.174921
vn -0.911834 0.190754 -0.363555
vn 0.919006 0.045547 -0.391605
vn 0.669363 -0.167723 0.723756
vn 0.980255 -0.015781 -0.197105
vn -0.987603 -0.018726 0.155850
vn -0.887533 0.190502 -0.419516
vn -0.963484 0.198685 -0.179505
vn 0.944250 -0.018465 -0.328711
vn -0.662235 -0.127982 0.738286
vn 0.013621 -0.174401 -0.984581
vn -0.984046 -0.177862 -0.004273
vn -0.915064 0.186404 -0.357648
vn 0.995571 0.009204 0.093562
vn 0.212937 -0.198367 0.956718
vn 0.314963 -0.181254 0.931636
vn -0.147590 0.092584 -0.984706
vn 0.965578 -0.008017 -0.259991
vn -0.108020 0.140531 -0.984166
vn 0.930816 -0.194328 0.309546
vn -0.951293 -0.302893 0.057422
vn -0.987209 0.114398 -0.111048
vn -0.998439 -0.052759 -0.018324
vn -0.341261 0.252854 -0.905321
vn 0.963993 -0.160590 -0.211965
vn -0.200566 0.195491 -0.959977
vn -0.948566 0.201889 -0.243849
vn 0.058861 -0.269150 0.961298
vn 0.890364 0.053570 -0.452087
vn -0.984431 -0.004948 -0.175703
vn -0.929658 0.203718 -0.306977
vn 0.991672 0.103770 -0.076283
vn 0.016704 -0.668247 0.743752
vn -0.982841 -0.182790 0.024736
vn -0.017144 -0.992760 -0.118889
vn -0.984495 0.166499 -0.055210
vn 0.999251 0.018851 0.033800
vn 0.966639 0.034633 -0.253791
vn -0.874884 -0.048832 0.481865
vn -0.921466 0.013279 0.388231
vn 0.997764 0.001749 -0.066808
vn -0.818191 0.197950 -0.539796
vn 0.947013 0.000525 -0.321195
vn -0.965010 0.189629 -0.181095
vn -0.711246 0.329241 -0.621071
vn 0.582223 -0.124622 0.803421
vn 0.908487 -0.194838 0.369716
vn -0.929944 0.202569 -0.306870
vn 0.428027 -0.045977 0.902596
vn -0.947248 0.003232 0.320486
vn -0.911807 -0.410539 0.008139
vn -0.636099 0.335946 -0.694635
vn -0.783528 0.321944 -0.531447
vn 0.111742 0.075575 -0.990859
vn 0.847898 0.074237 -0.524936
vn 0.944670 -0.015110 -0.327674
vn 0.019551 -0.616935 -0.786771
vn -0.967220 -0.030691 0.252080
vn 0.970379 -0.195683 0.141676
vn -0.987610 -0.037594 0.152362
vn 0.725485 -0.083542 0.683149
vn -0.562389 0.338729 -0.754308
vn -0.845642 0.309616 -0.434773
vn -0.001818 0.069789 -0.997560
vn -0.992553 0.105145 -0.061504
vn -0.948479 -0.302343 -0.094741
vn 0.485179 -0.140918 0.862985
vn -0.965033 0.189544 -0.181065
vn 0.965905 -0.005645 -0.258835
vn -0.293302 0.257283 -0.920749
vn -0.930223 0.201403 -0.306794
vn 0.919105 0.051433 -0.390642
vn 0.948361 -0.201400 0.245049
vn -0.998288 -0.057346 -0.011525
vn 0.921362 -0.005511 -0.388666
vn 0.866280 -0.193794 0.460438
vn -0.952100 -0.290009 0.096954
vn -0.443473 -0.013329 0.896189
vn 0.487760 -0.002077 -0.872975
vn 0.875081 -0.039527 0.482360
vn 0.981343 0.030228 -0.189875
vn 0.999766 0.019632 0.009102
vn 0.995029 -0.023291 -0.096826
vn -0.908672 0.202131 -0.365319
vn 0.048890 -0.150806 -0.987354
vn 0.664828 -0.182317 0.724406
vn 0.857601 0.017203 -0.514029
vn -0.153775 0.198703 -0.967921
vn -0.895029 0.295470 -0.334096
vn -0.494089 0.342996 -0.798893
vn -0.057020 0.140417 -0.988449
vn 0.947321 0.003761 -0.320265
vn -0.883706 0.201489 -0.422452
vn -0.979915 -0.187318 0.068398
vn -0.936985 -0.321818 0.135984
vn -0.968173 -0.210967 0.134666
vn 0.967097 0.037009 -0.251702
vn -0.965054 0.189473 -0.181026
vn 0.966792 0.053062 -0.249995
vn -0.911557 0.198075 -0.360319
vn 0.109694 -0.210290 0.971465
vn -0.672525 -0.076394 0.736121
vn 0.894025 0.004599 -0.447993
vn 0.929119 -0.203645 0.308652
vn 0.031733 -0.959485 0.279967
vn 0.981727 0.022699 -0.188936
vn 0.966573 -0.148338 -0.209125
vn -0.949843 0.192663 -0.246330
vn -0.994727 0.098011 -0.030193
vn -0.928677 0.282836 -0.239922
vn 0.016032 -0.256883 0.966310
vn -0.878439 -0.004570 0.477833
vn -0.437630 0.342767 -0.831258
vn 0.434459 -0.078245 0.897287
vn -0.982277 0.179241 -0.054818
vn -0.930416 0.194686 -0.310521
vn -0.925101 -0.008864 0.379618
vn 0.996066 0.025641 -0.084827
vn -0.967507 -0.048835 0.248082
vn 0.948955 0.044278 -0.312289
vn -0.245538 0.261319 -0.933501
vn -0.998079 -0.061952 -0.000004
vn 0.968010 0.049561 -0.245968
vn -0.949210 -0.039966 0.312094
vn -0.039000 -0.342478 0.938716
vn -0.821394 0.181306 -0.540777
vn -0.968032 0.169994 -0.184434
vn 0.947633 0.006900 -0.319286
vn 0.906360 -0.204420 0.369761
vn 0.998092 0.025317 -0.056316
vn -0.930611 0.193950 -0.310396
vn 0.112809 0.077874 -0.990560
vn -0.777082 -0.614874 -0.134436
vn -0.682620 -0.713542 -0.157758
vn -0.682618 -0.713542 -0.157763
vn 0.969842 0.005439 0.243673
vn 0.267078 -0.192901 0.944171
vn 0.981284 0.048759 -0.186290
vn 0.999498 0.025673 0.018545
vn 0.922322 0.001942 -0.386418
vn -0.948877 0.273215 -0.158073
vn -0.974168 -0.189941 0.122146
vn -0.926179 -0.308574 0.216737
vn 0.924910 0.015199 -0.379881
vn 0.972601 -0.182819 0.143613
vn -0.116399 0.194779 -0.973916
vn -0.949688 -0.213238 0.229394
vn -0.384032 0.342901 -0.857286
vn -0.968085 0.169748 -0.184385
vn -0.559907 -0.808659 -0.180484
vn -0.788528 -0.600855 -0.131138
vn -0.788534 -0.600848 -0.131135
vn -0.947134 -0.274011 0.166901
vn 0.033367 -0.974219 -0.223122
vn 0.033369 -0.974220 -0.223120
vn 0.033368 -0.974220 -0.223120
vn -0.276450 -0.937312 -0.212184
vn -0.559909 -0.808654 -0.180499
vn -0.930800 0.193195 -0.310303
vn 0.863481 -0.203582 0.461471
vn -0.002885 0.144350 -0.989523
vn 0.950419 -0.188722 0.247158
vn -0.682623 -0.713537 -0.157769
vn -0.682626 -0.713534 -0.157770
vn 0.107216 -0.158326 -0.981549
vn -0.682617 -0.713543 -0.157766
vn -0.995633 0.092448 -0.013007
vn -0.435910 -0.009806 0.899937
vn -0.047787 -0.256318 0.965411
vn 0.967386 0.054989 -0.247268
vn 0.033350 -0.974217 -0.223136
vn 0.523666 -0.102253 0.845765
vn 0.492225 0.008751 -0.870424
vn 0.949074 0.046717 -0.311570
vn 0.356377 -0.160385 0.920474
vn 0.048618 0.072999 -0.996146
vn -0.762282 -0.632244 -0.138546
vn -0.939962 -0.334241 -0.068948
vn -0.939964 -0.334236 -0.068949
vn -0.875015 -0.473379 -0.101292
vn 0.063633 -0.225991 0.972049
vn 0.994854 0.023272 0.098612
vn -0.908646 0.194081 -0.369723
vn 0.754701 -0.047784 0.654327
vn 0.661700 -0.190366 0.725199
vn -0.875022 -0.473368 -0.101288
vn -0.963498 -0.262545 -0.052360
vn 0.034016 -0.974198 -0.223115
vn -0.276470 -0.937301 -0.212204
vn -0.875020 -0.473372 -0.101284
vn 0.639395 -0.075353 0.765177
vn 0.976570 0.046951 -0.210014
vn 0.999453 0.033023 0.001997
vn -0.882860 0.194100 -0.427649
vn 0.981396 0.048926 -0.185654
vn 0.810589 -0.034585 0.584594
vn -0.675481 -0.043167 0.736113
vn 0.898609 0.024081 -0.438089
vn -0.007787 0.222984 -0.974791
vn -0.007789 0.222987 -0.974790
vn -0.007787 0.222985 -0.974791
vn -0.197962 0.264956 -0.943721
vn -0.047180 -0.784346 0.618526
vn -0.968136 0.169508 -0.184334
vn -0.007792 0.222984 -0.974791
vn 0.593065 -0.091121 0.799982
vn -0.007785 0.222986 -0.974791
vn -0.007798 0.222986 -0.974791
vn -0.007788 0.222984 -0.974791
vn -0.959770 0.263900 -0.095905
vn 0.992391 0.029322 -0.119584
vn -0.997239 -0.067354 0.031256
vn -0.910890 0.191665 -0.365438
vn -0.007789 0.222976 -0.974793
vn 0.949525 0.061706 -0.307563
vn -0.949748 -0.057291 0.307727
vn -0.999391 -0.034907 -0.000001
vn -0.999391 -0.034902 0.000002
vn 0.033379 -0.974222 -0.223110
vn -0.007812 0.222921 -0.974805
vn -0.007782 0.222983 -0.974791
vn -0.007773 0.222984 -0.974791
vn 0.981399 0.048994 -0.185622
vn -0.882671 -0.024701 0.469341
vn 0.930960 -0.191085 0.311126
vn -0.007787 0.222986 -0.974791
vn 0.575544 -0.796172 -0.186706
vn 0.575543 -0.796173 -0.186706
vn 0.575548 -0.796164 -0.186730
vn 0.452970 -0.099874 0.885914
vn -0.927388 -0.049650 0.370791
vn 0.970954 -0.125346 -0.203806
vn 0.168061 -0.203135 0.964620
vn 0.034012 -0.974196 -0.223126
vn 0.341159 -0.915740 -0.212203
vn -0.994246 -0.072261 0.079071
vn 0.995971 -0.025656 -0.085928
vn -0.952559 0.172943 -0.250444
vn -0.935108 -0.272321 0.226747
vn -0.007783 0.222983 -0.974791
vn 0.964702 0.048090 -0.258915
vn -0.874951 -0.473491 -0.101322
vn -0.983246 0.173165 -0.056934
vn -0.932637 0.175372 -0.315330
vn -0.964553 -0.190804 0.182292
vn 0.949212 0.049052 -0.310789
vn -0.996095 0.088084 -0.006009
vn 0.446516 -0.129545 0.885348
vn -0.007782 0.222985 -0.974791
vn -0.825348 0.163642 -0.540391
vn 0.007792 -0.222979 0.974792
vn 0.007791 -0.222978 0.974792
vn 0.007787 -0.222985 0.974791
vn 0.575535 -0.796174 -0.186724
vn 0.007790 -0.222979 0.974792
vn 0.883859 0.006267 0.467711
vn -0.911497 -0.304285 0.276739
vn 0.099824 0.072162 -0.992385
vn 0.007788 -0.222983 0.974791
vn 0.950650 0.050045 -0.306204
vn -0.667920 0.496463 -0.554444
vn -0.007804 0.222981 -0.974792
vn -0.970756 0.149264 -0.188023
vn 0.007787 -0.222985 0.974791
vn -0.933132 -0.213406 0.289350
vn 0.007786 -0.222982 0.974791
vn 0.007788 -0.222984 0.974791
vn -0.007787 0.222989 -0.974790
vn -0.007784 0.222990 -0.974790
vn -0.007791 0.222990 -0.974790
vn -0.960989 0.267856 0.068946
vn -0.960989 0.267855 0.068945
vn 0.907749 -0.192602 0.372687
vn -0.596250 0.508532 -0.621194
vn -0.730268 0.499930 -0.465595
vn -0.007786 0.222984 -0.974791
vn -0.932806 0.174676 -0.315216
vn 0.926279 0.021913 -0.376200
vn 0.114529 0.080210 -0.990177
vn 0.949552 0.063991 -0.307011
vn 0.007786 -0.222982 0.974792
vn -0.336212 0.342583 -0.877267
vn 0.341177 -0.915736 -0.212194
vn 0.575541 -0.796174 -0.186710
vn 0.883024 0.459001 0.097907
vn 0.883180 0.458698 0.097928
vn 0.883183 0.458692 0.097928
vn 0.927167 0.055866 -0.370460
vn -0.965164 0.257206 -0.048000
vn -0.007788 0.222989 -0.974790
vn -0.007770 0.222966 -0.974795
vn 0.007781 -0.222983 0.974791
vn 0.614956 -0.767624 -0.180505
vn 0.995889 0.056413 0.070870
vn -0.786901 0.477256 -0.391169
vn -0.007787 0.222984 -0.974791
vn -0.007787 0.222985 -0.974791
vn -0.527217 0.503854 -0.684232
vn 0.007787 -0.222986 0.974791
vn 0.007789 -0.222983 0.974791
vn 0.007786 -0.222984 0.974791
vn -0.007784 0.222977 -0.974793
vn 0.976218 -0.158847 0.147530
vn 0.007789 -0.222987 0.974790
vn 0.007787 -0.222983 0.974791
vn 0.007648 -0.222935 0.974803
vn 0.007788 -0.222985 0.974791
vn -0.970814 0.148960 -0.187966
vn 0.007776 -0.222985 0.974791
vn 0.157978 -0.137532 -0.977818
vn 0.007788 -0.222979 0.974792
vn -0.007794 0.222993 -0.974789
vn -0.150889 0.268312 -0.951442
vn 0.575577 -0.796145 -0.186719
vn 0.974308 0.047226 -0.220212
vn -0.932969 0.173982 -0.315117
vn -0.077818 -0.261001 0.962197
vn 0.995910 0.042833 -0.079551
vn 0.953759 -0.165027 0.251218
vn 0.863944 -0.193652 0.464866
vn 0.956192 0.035474 0.290582
vn -0.007795 0.222976 -0.974793
vn 0.883021 0.459008 0.097907
vn -0.429832 -0.014602 0.902791
vn 0.499010 0.019490 -0.866377
vn 0.007787 -0.222983 0.974791
vn -0.023330 -0.230431 0.972809
vn 0.924740 0.004160 0.380576
vn -0.007848 0.222958 -0.974797
vn 0.982367 0.036757 0.183317
vn 0.007781 -0.222984 0.974791
vn -0.838854 0.460195 -0.290767
vn 0.955561 0.047233 -0.290984
vn 0.399288 -0.138753 0.906265
vn 0.007788 -0.222982 0.974792
vn -0.987761 -0.075864 0.136281
vn 0.950364 0.051808 -0.306798
vn -0.007788 0.222991 -0.974790
vn -0.677788 -0.058639 0.732915
vn -0.910487 0.175490 -0.374454
vn 0.801693 -0.581261 -0.139370
vn 0.799641 -0.583939 -0.139959
vn 0.777206 -0.612024 -0.146209
vn 0.901419 0.063096 -0.428325
vn -0.928228 -0.066044 0.366102
vn 0.777209 -0.612021 -0.146209
vn 0.777211 -0.612017 -0.146215
vn 0.660819 -0.183993 0.727644
vn -0.828527 0.544378 0.131135
vn -0.828523 0.544383 0.131140
vn -0.884339 0.176744 -0.432095
vn -0.996482 0.083539 0.006766
vn -0.007785 0.222978 -0.974792
vn -0.020561 -0.964508 0.263252
vn -0.007788 0.222977 -0.974793
vn 0.614960 -0.767623 -0.180496
vn -0.919233 -0.268516 0.287940
vn 0.007787 -0.222983 0.974791
vn -0.970870 0.148655 -0.187916
vn -0.885670 -0.062164 0.460135
vn 0.007782 -0.222972 0.974794
vn 0.828526 -0.544379 -0.131135
vn -0.007784 0.222977 -0.974793
vn -0.912362 0.174956 -0.370117
vn -0.968035 0.249878 -0.021658
vn 0.469357 -0.089878 0.878423
vn 0.007803 -0.222980 0.974792
vn -0.007787 0.222985 -0.974791
vn -0.950829 -0.189806 0.244741
vn 0.657934 0.735238 0.162934
vn 0.560994 0.807938 0.180336
vn 0.423433 0.883849 0.198785
vn 0.949616 0.066132 -0.306360
vn 0.788534 0.600847 0.131138
vn -0.460803 0.516621 -0.721640
vn 0.007790 -0.222993 0.974789
vn 0.996871 -0.003915 -0.078949
vn 0.048845 0.149977 -0.987482
vn -0.288643 0.344046 -0.893486
vn -0.007791 0.222984 -0.974791
vn 0.266776 0.939956 0.212871
vn 0.275210 0.937652 0.212294
vn 0.939968 0.334227 0.068939
vn 0.788544 0.600834 0.131140
vn 0.934038 -0.167535 0.315446
vn -0.870870 0.451504 -0.194240
vn 0.975202 -0.102324 -0.196244
vn 0.989355 0.044265 0.138629
vn 0.825108 -0.549281 -0.132240
vn 0.905911 -0.411176 -0.101294
vn 0.825108 -0.549281 -0.132240
vn 0.007789 -0.222982 0.974792
vn -0.007796 0.222987 -0.974790
vn -0.559908 -0.808649 -0.180527
vn -0.788522 -0.600861 -0.131147
vn -0.788518 -0.600862 -0.131164
vn -0.954920 0.152399 -0.254760
vn -0.162107 -0.345314 0.924380
vn -0.276480 -0.937301 -0.212192
vn -0.559899 -0.808663 -0.180491
vn -0.893391 -0.298162 0.336083
vn -0.034023 0.974199 0.223110
vn -0.034025 0.974198 0.223117
vn 0.064431 -0.210263 0.975519
vn 0.999391 0.034902 -0.000001
vn 0.939966 0.334230 0.068944
vn -0.007788 0.222987 -0.974790
vn -0.939966 -0.334230 -0.068946
vn -0.939969 -0.334223 -0.068941
vn -0.912969 -0.212530 0.348309
vn 0.034020 -0.974205 -0.223085
vn -0.276481 -0.937307 -0.212167
vn 0.007788 -0.222984 0.974791
vn -0.007788 0.222978 -0.974792
vn 0.007782 -0.222980 0.974792
vn -0.934519 0.155118 -0.320331
vn -0.985894 0.155951 -0.060764
vn -0.007797 0.222991 -0.974789
vn -0.007797 0.222974 -0.974793
vn -0.007788 0.222984 -0.974791
vn -0.007797 0.222982 -0.974791
vn 0.951062 0.048710 -0.305137
vn 0.928144 0.072135 -0.365165
vn 0.905910 -0.411177 -0.101295
vn -0.007783 0.222970 -0.974794
vn -0.999390 -0.034915 0.000003
vn -0.999391 -0.034892 0.000001
vn 0.007787 -0.223002 0.974787
vn -0.830381 0.151341 -0.536250
vn -0.007796 0.222986 -0.974790
vn -0.007792 0.222989 -0.974790
vn -0.007787 0.222983 -0.974791
vn -0.007815 0.222984 -0.974791
vn 0.034022 -0.974202 -0.223101
vn 0.341190 -0.915733 -0.212184
vn -0.007786 0.222979 -0.974792
vn 0.818512 -0.558568 -0.134310
vn 0.928187 0.061051 -0.367072
vn -0.341191 0.915731 0.212192
vn -0.341191 0.915731 0.212191
vn -0.007777 0.222992 -0.974789
vn 0.998978 0.032672 0.031239
vn 0.991253 -0.126708 -0.036905
vn 0.999390 0.034911 -0.000001
vn -0.007787 0.223006 -0.974786
vn 0.007792 -0.222981 0.974792
vn -0.007783 0.222976 -0.974793
vn 0.818518 -0.558559 -0.134313
vn -0.614953 0.767628 0.180498
vn -0.614948 0.767632 0.180502
vn -0.972342 0.134963 -0.190621
vn -0.007782 0.222984 -0.974791
vn -0.007789 0.222982 -0.974792
vn -0.007785 0.222984 -0.974791
vn 0.828521 -0.544386 -0.131138
vn 0.950311 0.054335 -0.306525
vn -0.007797 0.222981 -0.974792
vn -0.155707 -0.260772 0.952761
vn 0.910755 -0.169740 0.376449
vn -0.934713 0.154194 -0.320212
vn -0.960992 0.267846 0.068946
vn -0.960986 0.267864 0.068951
vn 0.285674 -0.170073 0.943115
vn -0.007792 0.222997 -0.974788
vn -0.421621 0.501671 -0.755356
vn 0.116790 0.081775 -0.989784
vn 0.341197 -0.915730 -0.212187
vn -0.007784 0.222988 -0.974790
vn 0.007783 -0.222977 0.974793
vn 0.905917 -0.411161 -0.101293
vn 0.961092 -0.267508 -0.068859
vn 0.614955 -0.767628 -0.180492
vn -0.882580 0.455351 -0.117085
vn 0.007783 -0.222980 0.974792
vn 0.007806 -0.222995 0.974788
vn 0.007786 -0.222986 0.974791
vn -0.007773 0.222984 -0.974791
vn 0.960991 -0.267849 -0.068943
vn 0.007797 -0.222991 0.974789
vn -0.007769 0.222977 -0.974793
vn 0.007775 -0.222975 0.974793
vn -0.007791 0.222983 -0.974791
vn -0.007786 0.222988 -0.974790
vn -0.007774 0.222986 -0.974791
vn -0.976843 -0.077911 0.199266
vn -0.614938 0.767639 0.180504
vn -0.614926 0.767648 0.180507
vn 0.007778 -0.222983 0.974791
vn -0.007796 0.222969 -0.974794
vn 0.007782 -0.222986 0.974791
vn 0.208728 -0.162000 -0.964463
vn -0.007789 0.222986 -0.974791
vn 0.902714 0.078630 -0.422995
vn 0.007785 -0.222990 0.974790
vn -0.969725 0.244167 -0.004077
vn 0.977838 0.050641 -0.203148
vn 0.998685 0.039695 -0.032431
vn -0.007787 0.222985 -0.974791
vn 0.979179 -0.134754 0.151822
vn 0.950451 0.049017 -0.306985
vn 0.754043 0.044916 0.655288
vn -0.007780 0.222988 -0.974790
vn -0.007787 0.222983 -0.974791
vn -0.007790 0.222984 -0.974791
vn 0.007787 -0.222987 0.974790
vn 0.152009 0.069631 -0.985923
vn -0.828519 0.544385 0.131153
vn -0.828533 0.544364 0.131154
vn -0.007795 0.222981 -0.974792
vn -0.007724 0.223040 -0.974779
vn -0.007791 0.222983 -0.974791
vn 0.614946 -0.767636 -0.180487
vn -0.972380 0.134750 -0.190579
vn -0.007782 0.222991 -0.974790
vn -0.007774 0.222981 -0.974792
vn -0.007783 0.222989 -0.974790
vn 0.007779 -0.222992 0.974789
vn -0.007778 0.222984 -0.974791
vn 0.827155 -0.546349 -0.131593
vn 0.828319 -0.544678 -0.131202
vn 0.828516 -0.544392 -0.131144
vn 0.007783 -0.222992 0.974789
vn -0.007783 0.222986 -0.974791
vn -0.007788 0.222978 -0.974792
vn -0.007784 0.222992 -0.974789
vn 0.007792 -0.222977 0.974792
vn -0.996130 0.078038 0.040432
vn 0.614954 -0.767625 -0.180509
vn 0.614953 -0.767627 -0.180507
vn -0.934906 0.153290 -0.320081
vn -0.887159 -0.077321 0.454941
vn 0.956453 -0.141223 0.255449
vn -0.007789 0.222983 -0.974791
vn -0.684288 -0.086464 0.724068
vn 0.866606 -0.173012 0.468039
vn 0.506038 0.026628 -0.862100
vn 0.007785 -0.222967 0.974795
vn 0.924376 0.050613 -0.378111
vn -0.993198 0.072720 0.090934
vn -0.243075 0.343962 -0.906976
vn 0.007779 -0.223005 0.974786
vn -0.899778 -0.262926 0.348237
vn -0.429790 -0.022339 0.902653
vn -0.007789 0.222986 -0.974791
vn 0.575351 0.000655 0.817906
vn -0.007785 0.222989 -0.974790
vn 0.399863 0.737948 0.543638
vn -0.122100 -0.786172 0.605826
vn -0.007786 0.222989 -0.974790
vn -0.828525 0.544379 0.131138
vn -0.828528 0.544373 0.131144
vn 0.007788 -0.222982 0.974792
vn -0.007786 0.222978 -0.974792
vn 0.614966 -0.767617 -0.180503
vn -0.614945 0.767637 0.180489
vn -0.614966 0.767616 0.180506
vn -0.007778 0.222989 -0.974790
vn 0.828526 -0.544378 -0.131140
vn -0.007791 0.222974 -0.974793
vn -0.007786 0.222972 -0.974794
vn -0.932915 -0.187110 0.307669
vn -0.341169 0.915740 0.212190
vn -0.341182 0.915737 0.212182
vn -0.912606 0.155254 -0.378216
vn 0.126949 0.958364 0.255778
vn -0.007787 0.222989 -0.974790
vn 0.960988 -0.267860 -0.068949
vn 0.818515 -0.558564 -0.134308
vn 0.007797 -0.222980 0.974792
vn 0.473207 0.781372 0.406857
vn -0.007789 0.222999 -0.974788
vn 0.662057 -0.169281 0.730085
vn 0.960989 -0.267854 -0.068947
vn 0.007785 -0.222987 0.974790
vn 0.996695 0.036998 -0.072319
vn -0.886733 0.157647 -0.434571
vn -0.007778 0.222978 -0.974792
vn 0.007787 -0.222981 0.974792
vn 0.007787 -0.222991 0.974789
vn -0.007793 0.222980 -0.974792
vn -0.364640 0.501857 -0.784332
vn -0.891156 0.448910 -0.065728
vn 0.007786 -0.222987 0.974790
vn 0.904442 0.050205 -0.423633
vn -0.007787 0.222984 -0.974791
vn -0.007783 0.223006 -0.974786
vn 0.853259 0.129419 0.505174
vn -0.007786 0.222990 -0.974790
vn 0.999391 0.034906 0.000001
vn -0.972415 0.134516 -0.190565
vn -0.007780 0.222978 -0.974792
vn -0.341161 0.915742 0.212194
vn -0.341193 0.915727 0.212206
vn -0.007787 0.222991 -0.974789
vn 0.007797 -0.222982 0.974791
vn -0.007797 0.222982 -0.974791
vn -0.007753 0.222981 -0.974792
vn 0.960986 -0.267869 -0.068940
vn 0.007782 -0.222985 0.974791
vn 0.094655 0.154318 -0.983477
vn -0.861218 -0.300202 0.410101
vn -0.947959 0.308649 0.078168
vn -0.960131 0.270747 0.069605
vn -0.007769 0.222978 -0.974792
vn 0.000248 0.988065 0.154034
vn 0.999391 0.034904 0.000004
vn 0.341209 -0.915724 -0.212194
vn 0.614956 -0.767626 -0.180500
vn 0.320997 -0.130483 0.938049
vn 0.007778 -0.222984 0.974791
vn -0.007773 0.223005 -0.974786
vn -0.007787 0.222974 -0.974793
vn -0.914507 0.156256 -0.373178
vn 0.995905 0.089535 0.012517
vn 0.995906 0.089522 0.012520
vn 0.995905 0.089532 0.012523
vn 0.093154 0.941191 0.324780
vn -0.873123 -0.210498 0.439712
vn 0.007782 -0.222978 0.974792
vn 0.928813 0.076859 -0.362491
vn -0.007791 0.222975 -0.974793
vn 0.182137 -0.183893 0.965924
vn 0.007782 -0.222997 0.974788
vn 0.419143 0.497780 0.759298
vn 0.936480 -0.143910 0.319837
vn 0.978199 -0.087647 -0.188267
vn -0.007790 0.222981 -0.974792
vn -0.034023 0.974191 0.223147
vn -0.034023 0.974193 0.223137
vn -0.992407 0.117942 0.034902
vn 0.017648 -0.210223 0.977494
vn 0.007779 -0.222989 0.974790
vn -0.007790 0.222964 -0.974796
vn -0.007821 0.222908 -0.974808
vn 0.999391 0.034902 -0.000006
vn -0.956017 0.138751 -0.258418
vn -0.971113 0.238615 0.001628
vn 0.468966 -0.070599 0.880390
vn 0.939967 0.334230 0.068942
vn 0.007786 -0.222968 0.974795
vn 0.007786 -0.222985 0.974791
vn 0.007788 -0.222984 0.974791
vn 0.995906 0.089522 0.012526
vn 0.946685 0.157455 0.281060
vn 0.007788 -0.222989 0.974790
vn -0.007791 0.222998 -0.974788
vn 0.007779 -0.222976 0.974793
vn 0.034024 -0.974196 -0.223124
vn 0.341187 -0.915733 -0.212192
vn -0.007790 0.222984 -0.974791
vn 0.883112 0.458834 0.097899
vn 0.883041 0.458970 0.097903
vn 0.883146 0.458771 0.097888
vn 0.225694 0.951796 0.207717
vn 0.276455 0.937305 0.212209
vn 0.276487 0.937296 0.212206
vn -0.935120 0.141913 -0.324671
vn -0.034018 0.974198 0.223116
vn -0.034019 0.974201 0.223104
vn 0.007783 -0.222972 0.974794
vn 0.998522 0.048637 0.024255
vn 0.341180 -0.915733 -0.212201
vn 0.341180 -0.915734 -0.212199
vn 0.938150 0.047188 -0.342998
vn 0.995906 0.089526 0.012522
vn 0.996232 0.085938 0.011700
vn -0.995313 -0.095698 -0.013933
vn -0.999280 -0.037939 -0.000695
vn 0.007787 -0.222985 0.974791
vn 0.788536 0.600843 0.131144
vn 0.939960 0.334249 0.068941
vn -0.988481 0.136468 -0.065441
vn -0.007781 0.222981 -0.974792
vn 0.007782 -0.222988 0.974790
vn -0.961450 -0.078351 0.263581
vn -0.007788 0.223010 -0.974785
vn -0.834574 0.150684 -0.529888
vn 0.559909 0.808656 0.180494
vn 0.559926 0.808644 0.180491
vn 0.788524 0.600858 0.131149
vn -0.007788 0.222989 -0.974790
vn 0.007787 -0.222987 0.974791
vn 0.999391 0.034898 -0.000001
vn 0.989583 0.047370 -0.135948
vn 0.007789 -0.222984 0.974791
vn 0.939965 0.334233 0.068946
vn -0.972385 0.134499 -0.190727
vn -0.007786 0.222989 -0.974790
vn 0.908070 0.045104 -0.416382
vn -0.115948 -0.236855 0.964601
vn -0.955001 -0.290704 -0.058865
vn -0.941036 -0.331345 -0.068279
vn -0.276513 -0.937289 -0.212201
vn 0.034024 -0.974199 -0.223113
vn -0.986272 0.068147 0.150414
vn -0.007780 0.222984 -0.974791
vn -0.007781 0.222990 -0.974790
vn -0.890636 0.454336 -0.018581
vn 0.925918 0.047045 -0.374784
vn 0.007786 -0.222988 0.974790
vn 0.119083 0.081596 -0.989526
vn -0.935328 0.140823 -0.324546
vn -0.689578 -0.097997 0.717550
vn -0.195758 0.345621 -0.917728
vn 0.913476 -0.146523 0.379595
vn -0.875011 -0.473387 -0.101299
vn -0.323170 0.488421 -0.810559
vn -0.007785 0.222979 -0.974792
vn -0.083721 -0.217652 0.972429
vn -0.007786 0.222969 -0.974795
vn -0.007792 0.222968 -0.974795
vn 0.441600 -0.056906 0.895406
vn -0.559910 -0.808653 -0.180502
vn -0.276499 -0.937295 -0.212194
vn 0.007792 -0.222986 0.974790
vn -0.751092 -0.644855 -0.141503
vn -0.786572 -0.603285 -0.131727
vn -0.007792 0.222987 -0.974790
vn -0.189748 -0.261313 0.946420
vn -0.559911 -0.808651 -0.180509
vn 0.018081 0.994894 0.099295
vn 0.276471 0.937302 0.212197
vn 0.276471 0.937304 0.212191
vn -0.007794 0.222984 -0.974791
vn -0.007792 0.223006 -0.974786
vn 0.258404 -0.151346 -0.954108
vn -0.007791 0.222985 -0.974791
vn 0.962312 0.051502 -0.267026
vn 0.980630 -0.119325 0.155327
vn 0.311305 -0.130397 0.941321
vn -0.007867 0.222699 -0.974856
vn 0.007782 -0.222982 0.974792
vn 0.578592 0.781456 0.233578
vn -0.877309 -0.255675 0.406152
vn -0.007787 0.222986 -0.974791
vn 0.201592 0.064011 -0.977376
vn -0.972356 0.134698 -0.190736
vn 0.788531 0.600849 0.131150
vn 0.939964 0.334235 0.068946
vn -0.007789 0.222956 -0.974797
vn -0.007789 0.222985 -0.974791
vn 0.995780 0.077850 0.048595
vn 0.007784 -0.222981 0.974792
vn -0.007790 0.222959 -0.974797
vn -0.007799 0.222928 -0.974804
vn -0.911160 -0.182791 0.369290
vn 0.996126 0.053621 -0.069697
vn 0.240265 -0.158073 0.957750
vn -0.935529 0.139712 -0.324447
vn 0.957713 -0.126189 0.258576
vn 0.512731 0.025493 -0.858171
vn 0.559901 0.808661 0.180497
vn 0.559893 0.808663 0.180510
vn -0.007786 0.222978 -0.974792
vn -0.729324 -0.318155 0.605693
vn 0.034020 -0.974197 -0.223120
vn 0.034020 -0.974196 -0.223124
vn 0.869806 -0.151329 0.469613
vn -0.972403 0.232779 0.015679
vn 0.788531 0.600851 0.131139
vn -0.432896 -0.030533 0.900927
vn 0.981619 0.132297 0.137557
vn 0.053999 0.208587 -0.976512
vn -0.007736 0.222980 -0.974792
vn -0.913902 0.141927 -0.380317
vn -0.059142 -0.965582 0.253285
vn 0.945995 -0.306166 -0.106566
vn 0.952399 -0.294782 -0.077717
vn 0.970785 -0.228311 -0.073826
vn 0.665628 -0.153458 0.730336
vn 0.917955 0.041654 -0.394490
vn 0.465370 -0.063584 0.882829
vn -0.889018 0.144795 -0.434376
vn -0.007788 0.222992 -0.974789
vn 0.180784 0.873959 0.451125
vn -0.899044 0.437709 -0.011458
vn -0.007788 0.222987 -0.974791
vn -0.972323 0.134856 -0.190793
vn 0.144585 0.152705 -0.977638
vn 0.995905 0.089538 0.012526
vn -0.007772 0.222981 -0.974792
vn -0.916399 0.143172 -0.373785
vn 0.996690 -0.000315 -0.081299
vn 0.802299 -0.579934 -0.141395
vn -0.274316 0.496006 -0.823850
vn -0.264127 -0.342852 0.901493
vn -0.007788 0.222993 -0.974789
vn 0.979212 -0.089698 -0.181927
vn -0.787355 -0.374837 0.489459
vn 0.256140 0.576080 0.776224
vn -0.276467 -0.937303 -0.212203
vn -0.276467 -0.937302 -0.212203
vn 0.937495 -0.129348 0.323067
vn -0.941613 -0.077395 0.327680
vn -0.974494 0.064664 0.214898
vn -0.955600 0.139564 -0.259520
vn -0.007787 0.222985 -0.974791
vn -0.007776 0.222996 -0.974788
vn 0.994914 0.082134 0.058319
vn -0.875011 -0.473387 -0.101297
vn -0.875010 -0.473390 -0.101293
vn -0.776181 -0.615955 -0.134696
vn 0.946081 -0.006359 -0.323869
vn 0.943696 0.052115 -0.326682
vn -0.934360 0.143220 -0.326281
vn -0.007779 0.222977 -0.974793
vn 0.477941 -0.649975 0.590851
vn 0.208155 -0.155151 0.965712
vn -0.989955 0.122533 -0.070530
vn -0.836537 0.151816 -0.526457
vn -0.559912 -0.808650 -0.180512
vn -0.559910 -0.808653 -0.180505
vn -0.258836 -0.257960 0.930839
vn -0.007786 0.222958 -0.974797
vn -0.007785 0.222980 -0.974792
vn 0.997849 0.056492 -0.033255
vn 0.198606 0.974049 0.108557
vn -0.776181 -0.615953 -0.134701
vn 0.745045 -0.648901 -0.154388
vn 0.775314 -0.612111 -0.155591
vn 0.744061 0.649804 0.155328
vn -0.972421 0.136031 -0.189454
vn -0.007788 0.222987 -0.974790
vn -0.150723 0.346231 -0.925963
vn -0.007787 0.222964 -0.974796
vn 0.120735 0.081040 -0.989371
vn -0.934490 0.142555 -0.326201
vn 0.914906 -0.132162 0.381418
vn -0.900703 0.434234 0.013216
vn -0.846287 -0.259700 0.465138
vn -0.007790 0.222985 -0.974791
vn 0.148125 -0.972344 -0.180572
vn 0.434706 -0.869615 -0.234092
vn 0.398980 -0.893171 -0.207512
vn -0.886142 -0.176951 0.428300
vn 0.307754 -0.179679 -0.934346
vn 0.100005 -0.177640 0.979001
vn -0.968558 0.227526 0.100631
vn 0.956649 -0.282411 -0.071185
vn 0.980238 -0.121232 0.156320
vn -0.971677 0.230289 0.053025
vn -0.972326 0.136627 -0.189516
vn 0.254542 0.058125 -0.965313
vn 0.957347 -0.128615 0.258736
vn -0.007787 0.222973 -0.974794
vn 0.143826 -0.171089 0.974701
vn -0.934605 0.141830 -0.326188
vn 0.518987 0.021945 -0.854500
vn -0.235910 0.485584 -0.841757
vn 0.995333 0.083423 0.048497
vn -0.030012 -0.217384 0.975625
vn -0.192212 -0.791778 0.579778
vn 0.872201 -0.137242 0.469499
vn 0.671961 -0.639547 -0.373427
vn -0.441821 -0.035056 0.896418
vn 0.091942 0.211958 -0.972944
vn 0.313666 -0.025035 0.949203
vn -0.913640 0.144154 -0.380108
vn 0.353169 -0.893425 -0.277602
vn 0.245600 -0.943777 -0.221282
vn 0.998044 -0.058751 -0.021391
vn 0.963153 -0.260407 -0.067263
vn -0.017289 0.994002 0.107986
vn -0.958066 0.062289 0.279696
vn 0.669359 -0.142520 0.729141
vn -0.889681 0.146423 -0.432467
vn 0.789547 0.599579 0.130847
vn 0.682623 0.713536 0.157773
vn 0.789545 0.599581 0.130850
vn 0.007787 -0.222988 0.974790
vn 0.007783 -0.222985 0.974791
vn 0.007787 -0.222984 0.974791
vn -0.972229 0.137216 -0.189587
vn -0.917722 -0.075118 0.390057
vn 0.194639 0.149573 -0.969404
vn -0.909611 0.415404 0.006863
vn -0.916744 0.143932 -0.372644
vn 0.007783 -0.222977 0.974793
vn -0.758002 -0.447883 0.474167
vn 0.991337 0.063095 -0.115200
vn 0.906535 0.010818 -0.421991
vn 0.007791 -0.222987 0.974790
vn 0.979423 -0.095873 -0.177593
vn 0.936971 -0.132741 0.323211
vn 0.210287 -0.951537 -0.224404
vn 0.939964 0.334235 0.068949
vn 0.939964 0.334236 0.068947
vn -0.955413 0.142200 -0.258776
vn 0.914384 0.049954 -0.401755
vn -0.007804 0.222993 -0.974789
vn -0.007787 0.222976 -0.974793
vn -0.007776 0.222994 -0.974789
vn -0.962556 0.218141 0.160936
vn -0.007791 0.223000 -0.974787
vn 0.007750 -0.222975 0.974793
vn 0.007791 -0.222984 0.974791
vn -0.007753 0.222987 -0.974791
vn -0.933957 0.146341 -0.326050
vn 0.996926 0.076414 0.017290
vn -0.183035 -0.216834 0.958896
vn -0.217118 -0.235107 0.947410
vn -0.989589 0.122922 -0.074853
vn -0.007779 0.222990 -0.974790
vn 0.977032 0.208237 0.045232
vn 0.410750 0.899215 0.150655
vn -0.837767 0.145234 -0.526359
vn -0.007792 0.222994 -0.974789
vn -0.559913 -0.808648 -0.180515
vn -0.788528 -0.600854 -0.131145
vn -0.788531 -0.600848 -0.131151
vn 0.174835 0.704109 0.688232
vn -0.973509 0.128297 -0.189261
vn -0.276476 -0.937300 -0.212202
vn -0.559911 -0.808653 -0.180497
vn -0.007769 0.222949 -0.974799
vn -0.007786 0.222985 -0.974791
vn -0.007927 0.223034 -0.974778
vn 0.007788 -0.222988 0.974790
vn 0.007788 -0.222991 0.974789
vn -0.025968 -0.973750 -0.226135
vn -0.187307 0.493949 -0.849076
vn 0.682625 0.713536 0.157765
vn 0.121334 0.081703 -0.989244
vn -0.933924 0.146595 -0.326030
vn 0.914599 -0.135800 0.380877
vn -0.858688 -0.169623 0.483615
vn -0.007789 0.222994 -0.974789
vn -0.007790 0.222989 -0.974790
vn 0.995694 0.089469 -0.024246
vn -0.292711 -0.257417 0.920900
vn -0.939965 -0.334235 -0.068948
vn -0.939965 -0.334235 -0.068947
vn -0.007761 0.222982 -0.974792
vn 0.007791 -0.222984 0.974791
vn 0.979512 -0.127672 0.155743
vn 0.056736 -0.196278 0.978905
vn -0.914193 0.404088 0.031044
vn 0.290709 -0.917236 -0.272335
vn -0.973437 0.128763 -0.189318
vn 0.999391 0.034895 0.000000
vn 0.999391 0.034904 0.000000
vn 0.026890 -0.974422 -0.223113
vn 0.034020 -0.974197 -0.223123
vn -0.276476 -0.937302 -0.212193
vn 0.356981 -0.173545 -0.917849
vn 0.007795 -0.222984 0.974791
vn 0.007785 -0.222979 0.974792
vn 0.956866 -0.135443 0.257028
vn 0.304012 0.048761 -0.951420
vn -0.933877 0.146785 -0.326079
vn -0.937130 0.060806 0.343643
vn 0.521688 0.023412 -0.852815
vn -0.003939 -0.974822 -0.222948
vn -0.820024 -0.266134 0.506689
vn 0.872832 -0.139687 0.467603
vn 0.221441 -0.074698 0.972309
vn 0.493533 0.860583 0.125787
vn 0.992821 0.101611 -0.063096
vn -0.451439 -0.033216 0.891684
vn 0.140258 0.211824 -0.967191
vn 0.842804 -0.010438 -0.538119
vn -0.007787 0.222984 -0.974791
vn -0.007787 0.222986 -0.974791
vn -0.007787 0.222985 -0.974791
vn 0.682607 0.713550 0.157777
vn 0.443678 0.874384 0.196473
vn 0.682595 0.713562 0.157776
vn 0.760555 0.634220 0.139000
vn -0.912931 0.149275 -0.379835
vn 0.893408 0.047469 -0.446732
vn -0.890337 -0.071574 0.449641
vn -0.007771 0.223011 -0.974785
vn -0.007789 0.222984 -0.974791
vn 0.423447 0.883840 0.198798
vn 0.301020 0.930128 0.210353
vn 0.875015 0.473382 0.101286
vn 0.875012 0.473384 0.101299
vn -0.096141 -0.970473 -0.221223
vn 0.672364 -0.143430 0.726192
vn -0.095803 -0.966969 0.236206
vn 0.007791 -0.222982 0.974791
vn 0.007789 -0.222987 0.974790
vn -0.888948 0.150794 -0.432471
vn 0.007785 -0.222982 0.974792
vn 0.955606 0.288796 0.058425
vn -0.007786 0.222989 -0.974790
vn -0.950780 0.212543 0.225485
vn 0.007793 -0.222990 0.974790
vn 0.007788 -0.222985 0.974791
vn 0.826193 -0.101148 -0.554233
vn -0.126536 -0.217701 0.967778
vn -0.999391 -0.034898 0.000000
vn -0.999391 -0.034899 -0.000001
vn -0.973365 0.129258 -0.189351
vn 0.962120 -0.264120 -0.067574
vn 0.945023 -0.322693 -0.052929
vn 0.506006 0.841681 0.188499
vn 0.761811 0.632784 0.138667
vn 0.122701 0.967673 0.220348
vn 0.122709 0.967670 0.220356
vn 0.007788 -0.222984 0.974791
vn -0.559901 -0.808658 -0.180509
vn -0.788535 -0.600845 -0.131142
vn -0.788530 -0.600851 -0.131142
vn -0.276470 -0.937300 -0.212210
vn -0.559906 -0.808655 -0.180504
vn -0.088971 -0.971110 -0.221429
vn 0.044366 0.930629 0.363265
vn -0.007789 0.223003 -0.974787
vn -0.007794 0.222975 -0.974793
vn -0.007788 0.222985 -0.974791
vn -0.747521 -0.444194 0.493868
vn 0.808171 -0.575474 -0.125260
vn -0.915920 0.147547 -0.373258
vn -0.007777 0.222984 -0.974791
vn 0.212918 0.952842 0.216239
vn -0.007783 0.222984 -0.974791
vn -0.007784 0.222979 -0.974792
vn -0.007782 0.222974 -0.974793
vn -0.939965 -0.334235 -0.068943
vn -0.939970 -0.334219 -0.068948
vn 0.244824 0.144947 -0.958672
vn -0.077192 0.971782 0.222895
vn -0.113734 0.968296 0.222413
vn -0.007792 0.222987 -0.974790
vn -0.007787 0.222988 -0.974790
vn -0.007787 0.222985 -0.974791
vn -0.007785 0.222985 -0.974791
vn 0.999431 0.033738 -0.000268
vn 0.981767 0.186858 0.034900
vn 0.007787 -0.222989 0.974790
vn 0.007760 -0.222988 0.974790
vn 0.979932 -0.093738 -0.175917
vn 0.937840 0.339883 0.070256
vn 0.936476 -0.140433 0.321389
vn 0.034024 -0.974194 -0.223132
vn -0.276444 -0.937312 -0.212191
vn -0.365673 -0.337740 0.867303
vn -0.007789 0.222983 -0.974791
vn 0.034020 -0.974197 -0.223121
vn 0.151443 -0.963312 -0.221575
vn 0.341184 -0.915730 -0.212206
vn -0.007788 0.222992 -0.974789
vn 0.151449 -0.963318 -0.221544
vn 0.151434 -0.963315 -0.221568
vn -0.956637 0.134368 -0.258440
vn -0.148448 0.484315 -0.862208
vn -0.113183 0.358867 -0.926501
vn -0.007787 0.222986 -0.974791
vn -0.999391 -0.034904 0.000003
vn -0.999391 -0.034888 0.000003
vn -0.007789 0.222991 -0.974789
vn -0.189913 0.956753 0.220358
vn -0.341279 0.915699 0.212191
vn -0.007811 0.222974 -0.974793
vn -0.007787 0.222984 -0.974791
vn 0.341177 -0.915732 -0.212209
vn 0.034024 -0.974197 -0.223120
vn -0.935202 0.139189 -0.325613
vn -0.007782 0.222990 -0.974790
vn 0.973982 0.208077 0.089796
vn -0.988781 0.126517 -0.079414
vn 0.007780 -0.222994 0.974789
vn 0.999950 -0.004394 -0.008991
vn 0.007802 -0.222969 0.974794
vn -0.838258 0.141138 -0.526692
vn -0.361658 -0.252018 0.897603
vn -0.910288 0.405634 0.082686
vn 0.049249 0.990529 0.128165
vn 0.960990 -0.267853 -0.068949
vn 0.960991 -0.267849 -0.068948
vn 0.007789 -0.222986 0.974791
vn 0.007792 -0.222987 0.974790
vn 0.960158 -0.270657 -0.069586
vn 0.992408 -0.117933 -0.034906
vn -0.793365 -0.254264 0.553102
vn -0.007788 0.222983 -0.974791
vn -0.974108 0.123300 -0.189501
vn 0.787999 -0.601683 -0.130519
vn 0.777877 -0.613441 -0.136374
vn 0.745090 -0.648846 -0.154401
vn 0.854312 0.019108 -0.519409
vn 0.007804 -0.222988 0.974790
vn -0.960992 0.267843 0.068946
vn -0.960989 0.267855 0.068946
vn -0.899142 0.422807 0.113039
vn -0.829080 -0.160809 0.535506
vn 0.745043 -0.648900 -0.154404
vn 0.007782 -0.222990 0.974790
vn -0.007777 0.222993 -0.974789
vn -0.007783 0.222988 -0.974790
vn 0.138963 0.521609 0.841792
vn 0.120690 0.082236 -0.989278
vn 0.007799 -0.222986 0.974791
vn 0.913807 -0.143960 0.379780
vn 0.614932 -0.767644 -0.180502
vn 0.341154 -0.915741 -0.212207
vn -0.935003 0.140412 -0.325659
vn -0.335207 0.917836 0.212634
vn 0.644462 -0.744244 -0.175412
vn 0.644467 -0.744248 -0.175379
vn 0.644463 -0.744247 -0.175397
vn -0.484062 0.852153 0.198794
vn -0.616135 0.766725 0.180309
vn -0.007794 0.222974 -0.974793
vn 0.540908 -0.693299 -0.476188
vn -0.912076 0.060163 0.405585
vn -0.007788 0.222978 -0.974792
vn 0.007792 -0.222982 0.974791
vn 0.715612 -0.679649 -0.161174
vn -0.007783 0.222984 -0.974791
vn 0.979756 -0.126204 0.155405
vn 0.956721 0.071393 -0.282114
vn -0.007788 0.222980 -0.974792
vn -0.960991 0.267849 0.068944
vn -0.960990 0.267851 0.068950
vn 0.930999 -0.354144 -0.088449
vn 0.007777 -0.222988 0.974790
vn 0.007789 -0.222989 0.974790
vn -0.828518 0.544389 0.131141
vn -0.828521 0.544382 0.131151
vn -0.974093 0.123391 -0.189521
vn 0.404350 -0.205166 -0.891296
vn 0.988627 0.090782 -0.119896
vn -0.007793 0.222984 -0.974791
vn 0.828237 -0.544793 -0.131240
vn 0.905909 -0.411180 -0.101294
vn 0.828518 -0.544390 -0.131137
vn 0.614944 -0.767632 -0.180516
vn 0.341186 -0.915731 -0.212202
vn -0.933846 0.210068 0.289488
vn 0.957353 -0.134171 0.255879
vn 0.007783 -0.222984 0.974791
vn 0.007788 -0.222979 0.974792
vn 0.007787 -0.222986 0.974790
vn -0.934786 0.141571 -0.325780
vn 0.517990 0.024626 -0.855033
vn 0.007788 -0.222985 0.974791
vn -0.007800 0.222984 -0.974791
vn 0.286047 0.952129 0.107828
vn 0.007784 -0.222994 0.974789
vn 0.872214 -0.146766 0.466586
vn -0.549734 0.813345 0.190426
vn -0.008629 -0.195614 0.980643
vn -0.860218 -0.066719 0.505543
vn 0.085653 0.243314 -0.966158
vn 0.356759 0.039004 -0.933382
vn -0.007793 0.222984 -0.974791
vn 0.007769 -0.222990 0.974790
vn -0.455125 -0.031552 0.889868
vn 0.007789 -0.222984 0.974791
vn 0.007781 -0.222989 0.974790
vn -0.730728 0.664188 0.157765
vn -0.801823 0.581090 0.139334
vn 0.614952 -0.767626 -0.180515
vn -0.266965 -0.774672 0.573248
vn -0.007781 0.222973 -0.974794
vn 0.007789 -0.222993 0.974789
vn 0.187259 0.212193 -0.959118
vn 0.822887 -0.013323 -0.568048
vn 0.007788 -0.222986 0.974791
vn 0.007787 -0.222986 0.974791
vn 0.007787 -0.222985 0.974791
vn -0.007786 0.222974 -0.974793
vn -0.614943 0.767635 0.180501
vn -0.614955 0.767623 0.180514
vn -0.913145 0.144622 -0.381119
vn -0.007800 0.222980 -0.974792
vn -0.007787 0.222986 -0.974791
vn 0.975267 0.215693 -0.048275
vn 0.007789 -0.222984 0.974791
vn 0.007789 -0.222985 0.974791
vn 0.617241 -0.765879 -0.180118
vn 0.736496 -0.658109 -0.156417
vn 0.674431 -0.148034 0.723346
vn 0.007799 -0.222980 0.974792
vn 0.960990 -0.267851 -0.068946
vn 0.828536 -0.544361 -0.131145
vn -0.888262 0.145966 -0.435528
vn -0.007794 0.222983 -0.974791
vn 0.734739 -0.659967 -0.156849
vn 0.007784 -0.222978 0.974792
vn -0.007788 0.222980 -0.974792
vn -0.715139 -0.449826 0.535007
vn 0.007788 -0.222983 0.974791
vn 0.007786 -0.222984 0.974791
vn -0.007777 0.222985 -0.974791
vn -0.974077 0.123496 -0.189534
vn -0.102018 0.504262 -0.857504
vn 0.031749 -0.162556 0.986188
vn 0.007790 -0.222980 0.974792
vn -0.007806 0.222996 -0.974788
vn 0.127287 -0.102197 0.986587
vn -0.902776 0.400566 0.156660
vn 0.007777 -0.222983 0.974791
vn -0.007786 0.222984 -0.974791
vn 0.905911 -0.411175 -0.101293
vn 0.905912 -0.411173 -0.101293
vn -0.007788 0.222984 -0.974791
vn -0.007787 0.222989 -0.974790
vn -0.730753 0.664164 0.157753
vn -0.915430 0.142149 -0.376540
vn -0.007781 0.222981 -0.974792
vn -0.007787 0.222980 -0.974792
vn -0.341152 0.915742 0.212209
vn -0.341189 0.915729 0.212205
vn 0.007789 -0.222988 0.974790
vn 0.979340 -0.094271 -0.178902
vn 0.937056 -0.139377 0.320158
vn 0.007789 -0.222983 0.974791
vn -0.007790 0.222989 -0.974790
vn -0.905908 0.411181 0.101295
vn -0.905908 0.411183 0.101291
vn -0.901116 0.421041 0.103513
vn 0.999390 0.034910 0.000002
vn 0.960987 -0.267864 -0.068942
vn 0.325540 -0.922602 -0.206952
vn 0.239292 -0.946450 -0.216728
vn 0.367712 -0.920489 -0.132242
vn 0.295121 0.138858 -0.945316
vn 0.695032 -0.699650 -0.165592
vn 0.828521 -0.544384 -0.131146
vn 0.828519 -0.544387 -0.131146
vn -0.957699 0.128526 -0.257475
vn -0.283409 -0.212817 0.935087
vn 0.007785 -0.222977 0.974793
vn 0.007782 -0.222966 0.974795
vn -0.007799 0.223003 -0.974787
vn 0.007785 -0.222982 0.974791
vn -0.973101 0.222767 0.058728
vn 0.484042 -0.852166 -0.198788
vn 0.413575 -0.886825 -0.206148
vn 0.007789 -0.222992 0.974789
vn 0.978116 0.085690 -0.189596
vn -0.936787 0.133576 -0.323399
vn -0.318488 -0.230104 0.919574
vn 0.007778 -0.222993 0.974789
vn -0.007813 0.222977 -0.974792
vn -0.034028 0.974193 0.223138
vn -0.034024 0.974196 0.223125
vn 0.007796 -0.222983 0.974791
vn -0.989085 0.120909 -0.084216
vn -0.761091 -0.241691 0.601935
vn -0.836161 0.149246 -0.527788
vn 0.007775 -0.222981 0.974792
vn -0.828523 0.544380 0.131148
vn -0.828522 0.544382 0.131149
vn 0.939965 0.334231 0.068952
vn 0.999391 0.034894 0.000001
vn 0.007792 -0.222993 0.974789
vn -0.797500 -0.150526 0.584240
vn 0.058378 0.995725 0.071587
vn -0.007786 0.222983 -0.974791
vn 0.159965 -0.964083 -0.212027
vn 0.127638 -0.967160 -0.219797
vn -0.973120 0.132535 -0.188339
vn 0.044242 0.843636 0.535090
vn 0.614954 -0.767626 -0.180505
vn -0.026403 0.987925 0.152668
vn -0.413450 0.893525 0.175135
vn -0.038721 0.990559 0.131508
vn 0.928224 -0.360975 -0.089989
vn -0.007786 0.222981 -0.974792
vn 0.007777 -0.222987 0.974790
vn 0.966409 -0.248751 -0.064625
vn -0.007794 0.222985 -0.974791
vn -0.883393 0.060383 0.464728
vn 0.276450 0.937306 0.212211
vn 0.276490 0.937297 0.212198
vn -0.007796 0.222984 -0.974791
vn -0.007785 0.222983 -0.974791
vn -0.975843 0.211149 0.056094
vn 0.007781 -0.222980 0.974792
vn 0.118936 0.081163 -0.989579
vn -0.007786 0.222984 -0.974791
vn 0.391439 -0.896353 -0.208152
vn 0.189940 -0.956748 -0.220355
vn 0.007785 -0.222985 0.974791
vn 0.913839 -0.143188 0.379993
vn -0.992407 0.117943 0.034903
vn -0.999387 -0.035016 -0.000029
vn 0.788528 0.600851 0.131151
vn 0.939961 0.334246 0.068944
vn -0.275629 0.942728 0.187862
vn -0.936520 0.135108 -0.323536
vn -0.913190 0.208245 0.350312
vn 0.263590 -0.912035 -0.314186
vn 0.007785 -0.222999 0.974788
vn 0.007788 -0.222974 0.974793
vn 0.007784 -0.222993 0.974789
vn -0.007784 0.222985 -0.974791
vn 0.559898 0.808661 0.180506
vn 0.559921 0.808645 0.180502
vn 0.788513 0.600874 0.131140
vn 0.007789 -0.222995 0.974788
vn 0.676406 0.735764 0.033555
vn 0.828522 -0.544382 -0.131148
vn 0.007790 -0.222969 0.974794
vn 0.007777 -0.222979 0.974792
vn -0.390679 -0.253282 0.884996
vn 0.006408 -0.974790 -0.223033
vn 0.189942 -0.956745 -0.220366
vn -0.007790 0.222988 -0.974790
vn 0.979744 -0.127654 0.154296
vn -0.007787 0.222984 -0.974791
vn 0.771753 -0.023233 -0.635497
vn 0.007784 -0.222973 0.974793
vn 0.007787 -0.222982 0.974792
vn -0.973129 0.132459 -0.188349
vn 0.007800 -0.222993 0.974789
vn 0.959158 0.101206 -0.264148
vn 0.007792 -0.222991 0.974789
vn -0.981763 -0.186878 -0.034899
vn -0.939805 -0.334665 -0.069042
vn 0.957508 -0.135463 0.254614
vn -0.827647 -0.060499 0.557979
vn -0.894213 0.384074 0.229934
vn 0.007794 -0.222989 0.974790
vn -0.999642 -0.026691 0.001883
vn 0.007769 -0.223007 0.974786
vn 0.510235 0.019191 -0.859821
vn -0.936249 0.136641 -0.323678
vn 0.992409 -0.117924 -0.034901
vn -0.007786 0.222989 -0.974790
vn -0.007787 0.222990 -0.974790
vn 0.007786 -0.222978 0.974792
vn 0.007808 -0.222969 0.974794
vn 0.871596 -0.145900 0.468011
vn 0.999521 -0.027473 -0.014272
vn 0.453027 -0.203159 -0.868040
vn -0.277004 -0.937152 -0.212165
vn -0.122737 -0.967663 -0.220373
vn 0.031597 0.516722 0.855570
vn 0.007789 -0.222998 0.974788
vn 0.038542 -0.974028 -0.223124
vn 0.102329 0.316098 -0.943192
vn 0.059897 0.314738 -0.947287
vn 0.742459 -0.112610 -0.660359
vn -0.007787 0.222977 -0.974793
vn -0.455593 -0.034536 0.889518
vn 0.146065 0.250827 -0.956949
vn 0.022280 -0.159997 0.986866
vn -0.007787 0.222986 -0.974791
vn -0.007786 0.222980 -0.974792
vn 0.110619 0.242785 -0.963753
vn -0.007786 0.222989 -0.974790
vn -0.226692 -0.215571 0.949811
vn 0.007791 -0.222987 0.974790
vn 0.007780 -0.222959 0.974797
vn -0.875007 -0.473394 -0.101295
vn -0.844415 -0.523630 -0.113023
vn 0.406006 0.026198 -0.913495
vn 0.829552 0.034905 -0.557338
vn -0.913404 0.140483 -0.382045
vn 0.236157 0.209797 -0.948797
vn 0.674461 -0.146862 0.723556
vn 0.007785 -0.222987 0.974790
vn -0.545869 -0.817711 -0.182689
vn -0.423420 -0.883851 -0.198806
vn -0.681782 -0.433406 0.589349
vn -0.956169 -0.287014 -0.058006
vn -0.007787 0.222984 -0.974791
vn -0.682626 -0.713533 -0.157771
vn -0.682608 -0.713553 -0.157759
vn -0.887096 0.142245 -0.439121
vn 0.007787 -0.222988 0.974790
vn 0.007784 -0.222995 0.974789
vn -0.007787 0.222989 -0.974790
vn -0.007781 0.222939 -0.974801
vn -0.007780 0.222989 -0.974790
vn -0.115296 -0.199031 0.973187
vn -0.096153 -0.970472 -0.221223
vn -0.066602 -0.972767 -0.222012
vn 0.006597 -0.974783 -0.223059
vn -0.973136 0.132382 -0.188363
vn 0.007799 -0.222981 0.974792
vn 0.007784 -0.222983 0.974791
vn -0.309479 -0.927500 -0.209684
vn 0.138954 0.970518 0.196942
vn -0.007777 0.222976 -0.974793
vn -0.007784 0.222977 -0.974793
vn -0.185772 -0.929967 0.317256
vn -0.007798 0.222996 -0.974788
vn -0.828037 -0.547957 -0.118736
vn 0.673514 -0.719376 -0.169933
vn 0.727867 -0.667166 -0.158430
vn -0.007790 0.222989 -0.974790
vn -0.914712 0.138178 -0.379749
vn -0.007785 0.222984 -0.974791
vn 0.151568 -0.963262 -0.221708
vn -0.608595 -0.774542 -0.172326
vn -0.007803 0.222986 -0.974790
vn 0.264881 0.942032 0.205946
vn 0.007787 -0.222984 0.974791
vn 0.976548 -0.108063 -0.186217
vn 0.994031 -0.104358 -0.031809
vn -0.007783 0.222988 -0.974790
vn 0.937359 -0.140294 0.318866
vn -0.614943 0.767633 0.180511
vn -0.614946 0.767632 0.180507
vn 0.789067 0.007061 -0.614266
vn 0.007788 -0.222987 0.974790
vn 0.007781 -0.222962 0.974796
vn 0.828522 -0.544383 -0.131142
vn -0.957198 0.137102 -0.254903
vn 0.981764 0.186870 0.034901
vn 0.981764 0.186875 0.034900
vn 0.857333 0.040153 -0.513194
vn 0.007798 -0.222983 0.974791
vn 0.007778 -0.222986 0.974791
vn -0.007788 0.222976 -0.974793
vn 0.906405 0.067763 -0.416938
vn -0.047052 -0.179307 0.982667
vn 0.007791 -0.222983 0.974791
vn -0.725945 -0.227615 0.648996
vn -0.470115 -0.312590 0.825397
vn 0.345503 0.131352 -0.929180
vn -0.936938 0.141508 -0.319566
vn 0.007771 -0.222987 0.974790
vn 0.007789 -0.222983 0.974791
vn -0.888372 0.204031 0.411300
vn -0.007787 0.222982 -0.974791
vn 0.007789 -0.222987 0.974790
vn 0.194500 0.973140 0.123157
vn -0.762756 -0.138781 0.631620
vn -0.989369 0.117028 -0.086339
vn -0.831017 0.161665 -0.532237
vn -0.851708 0.061598 0.520384
vn -0.007782 0.222984 -0.974791
vn 0.960992 -0.267845 -0.068945
vn 0.007787 -0.222990 0.974790
vn 0.007787 -0.222982 0.974792
vn 0.484091 -0.852134 -0.198804
vn -0.971407 0.146919 -0.186505
vn -0.071175 0.528364 -0.846029
vn 0.978282 0.193646 -0.073930
vn 0.007802 -0.222975 0.974793
vn 0.007789 -0.222989 0.974790
vn -0.007788 0.222986 -0.974791
vn -0.873542 0.383910 0.299226
vn 0.007787 -0.222980 0.974792
vn 0.926380 0.368650 0.076929
vn 0.981764 0.186873 0.034901
vn 0.007812 -0.222988 0.974790
vn 0.116247 0.079618 -0.990024
vn -0.463144 -0.237007 0.854005
vn -0.007796 0.222986 -0.974791
vn 0.519570 -0.624017 -0.583652
vn 0.913712 -0.143935 0.380017
vn 0.007787 -0.222983 0.974791
vn 0.007788 -0.222984 0.974791
vn 0.007792 -0.222988 0.974790
vn -0.936762 0.142373 -0.319699
vn 0.007788 -0.222973 0.974794
vn 0.124038 0.970226 0.208031
vn 0.484004 -0.852185 -0.198801
vn 0.007775 -0.222998 0.974788
vn 0.938108 0.097417 -0.332361
vn -0.007785 0.222989 -0.974790
vn 0.978164 -0.142525 0.151266
vn 0.426726 0.882886 0.196002
vn 0.007781 -0.222987 0.974790
vn -0.971415 0.146854 -0.186514
vn 0.747617 -0.022254 -0.663757
vn -0.792816 -0.052888 0.607163
vn 0.889076 0.447726 0.095315
vn 0.816614 0.564036 0.122491
vn 0.875011 0.473387 0.101297
vn 0.424503 0.883544 0.197858
vn 0.440261 0.876026 0.196849
vn 0.423413 0.883860 0.198777
vn -0.007793 0.222986 -0.974791
vn 0.956064 -0.149725 0.252038
vn -0.936594 0.143309 -0.319773
vn 0.500991 0.012089 -0.865368
vn 0.007775 -0.222988 0.974790
vn 0.870538 -0.146684 0.469731
vn 0.028094 -0.058504 0.997892
vn 0.007788 -0.223000 0.974787
vn 0.682629 0.713535 0.157753
vn 0.738131 0.658929 0.144826
vn 0.655169 0.737581 0.163486
vn -0.007788 0.222984 -0.974791
vn -0.455702 -0.035887 0.889409
vn 0.185687 0.271196 -0.944443
vn 0.499925 -0.237784 -0.832787
vn -0.912765 0.147171 -0.381053
vn -0.648751 -0.436812 0.623151
vn -0.007793 0.222991 -0.974790
vn -0.341178 0.915734 0.212201
vn -0.341182 0.915734 0.212196
vn -0.084000 -0.176124 0.980778
vn -0.022414 0.992033 0.123966
vn 0.671387 -0.146974 0.726387
vn -0.007789 0.222984 -0.974791
vn -0.007779 0.222988 -0.974790
vn -0.885287 0.149365 -0.440406
vn 0.414457 0.909893 0.017884
vn 0.960991 -0.267848 -0.068949
vn 0.007788 -0.222982 0.974791
vn -0.360463 -0.770199 0.526175
vn 0.458834 0.013101 -0.888425
vn -0.971422 0.146787 -0.186528
vn 0.285261 0.206451 -0.935951
vn -0.007787 0.222985 -0.974791
vn 0.866261 -0.485464 -0.117967
vn 0.745783 -0.648091 -0.154227
vn 0.905919 -0.411158 -0.101289
vn -0.913283 0.146086 -0.380228
vn 0.999391 0.034899 0.000001
vn -0.007789 0.222993 -0.974789
vn 0.936142 -0.153646 0.316278
vn 0.972846 -0.123799 -0.195563
vn -0.007785 0.222983 -0.974791
vn 0.007785 -0.222987 0.974790
vn -0.860393 0.202138 0.467830
vn 0.484010 -0.852183 -0.198794
vn -0.850752 0.396956 0.344453
vn 0.940643 0.203958 -0.271277
vn -0.020863 0.601440 -0.798645
vn -0.385892 -0.206207 0.899203
vn -0.955724 0.151171 -0.252468
vn -0.682520 -0.214569 0.698661
vn 0.920052 0.094401 -0.380253
vn -0.817289 0.063926 0.572672
vn -0.723346 -0.125907 0.678909
vn -0.935790 0.154871 -0.316722
vn -0.007789 0.222986 -0.974791
vn -0.024538 0.402630 -0.915034
vn 0.006073 0.400603 -0.916232
vn -0.988456 0.126445 -0.083463
vn 0.905913 -0.411173 -0.101285
vn 0.905906 -0.411186 -0.101292
vn 0.905903 -0.411192 -0.101291
vn -0.826127 0.170920 -0.536937
vn -0.007787 0.222980 -0.974792
vn 0.396316 0.122498 -0.909905
vn -0.969983 0.157711 -0.185098
vn 0.269238 -0.921715 -0.279200
vn -0.417618 -0.222082 0.881065
vn 0.007788 -0.222989 0.974790
vn -0.007791 0.222994 -0.974789
vn 0.912349 -0.156600 0.378279
vn 0.113698 0.078733 -0.990391
vn 0.687531 -0.056774 -0.723932
vn -0.935752 0.155007 -0.316767
vn -0.034019 0.974196 0.223124
vn -0.034020 0.974199 0.223111
vn -0.007787 0.222981 -0.974792
vn -0.008463 0.496097 0.868226
vn 0.007794 -0.222987 0.974790
vn -0.007243 0.645662 -0.763589
vn 0.180927 0.983295 0.019936
vn 0.976118 -0.159174 0.147845
vn -0.755004 -0.043941 0.654247
vn 0.759626 0.021124 -0.650017
vn -0.007789 0.222988 -0.974790
vn 0.999391 0.034900 -0.000001
vn -0.969989 0.157662 -0.185106
vn 0.939965 0.334234 0.068951
vn 0.954018 -0.165820 0.249706
vn -0.935716 0.155180 -0.316789
vn -0.007790 0.222984 -0.974791
vn -0.007789 0.222975 -0.974793
vn 0.492408 0.008953 -0.870318
vn 0.868457 -0.158876 0.469618
vn -0.510120 -0.232982 0.827948
vn -0.327186 -0.210103 0.921307
vn -0.452246 -0.031300 0.891344
vn 0.846183 0.060012 -0.529502
vn -0.624168 -0.387635 0.678347
vn 0.007790 -0.222990 0.974790
vn -0.214341 -0.196913 0.956705
vn -0.007782 0.222983 -0.974791
vn 0.227834 0.279114 -0.932838
vn -0.911658 0.158333 -0.379223
vn -0.007785 0.222980 -0.974792
vn 0.679569 -0.158325 -0.716323
vn 0.790343 0.028004 -0.612024
vn 0.992409 -0.117926 -0.034898
vn 0.992409 -0.117922 -0.034900
vn 0.992409 -0.117927 -0.034900
vn -0.007785 0.222981 -0.974792
vn 0.666702 -0.155974 0.728822
vn 0.713106 -0.004913 -0.701039
vn 0.554194 -0.240223 -0.796971
vn 0.605301 0.785197 -0.130672
vn 0.007789 -0.222986 0.974791
vn -0.883841 0.160484 -0.439397
vn -0.146831 -0.176562 0.973276
vn -0.830891 0.383809 0.402880
vn -0.007795 0.222981 -0.974792
vn -0.969994 0.157613 -0.185121
vn -0.007791 0.222985 -0.974791
vn -0.828669 0.198980 0.523177
vn 0.276467 0.937303 0.212200
vn 0.276468 0.937304 0.212197
vn -0.007792 0.222993 -0.974789
vn 0.661031 -0.047771 -0.748836
vn -0.007796 0.222994 -0.974789
vn 0.510330 -0.002336 -0.859976
vn -0.912112 0.158239 -0.378171
vn 0.883312 0.091937 -0.459681
vn 0.007786 -0.222987 0.974790
vn 0.334565 0.202177 -0.920430
vn 0.934284 -0.168912 0.313977
vn 0.788532 0.600849 0.131143
vn 0.939964 0.334237 0.068946
vn 0.970281 -0.130700 -0.203646
vn 0.007783 -0.222983 0.974791
vn 0.017494 0.646882 -0.762389
vn 0.018904 0.399457 -0.916557
vn -0.009715 0.695967 -0.718008
vn -0.155302 -0.973335 0.168819
vn -0.638145 -0.196616 0.744388
vn -0.954384 0.161792 -0.250946
vn -0.780330 0.067425 0.621723
vn -0.679161 -0.112427 0.725328
vn 0.062093 0.405419 -0.912020
vn -0.063680 -0.095645 0.993377
vn -0.934556 0.165177 -0.315153
vn -0.987210 0.140377 -0.075566
vn 0.559900 0.808657 0.180514
vn 0.559902 0.808656 0.180511
vn -0.582083 -0.323390 0.746055
vn 0.346168 -0.803810 -0.483794
vn 0.788530 0.600850 0.131147
vn -0.822806 0.172822 -0.541408
vn -0.969660 0.160038 -0.184792
vn 0.448146 0.112565 -0.886845
vn 0.910578 -0.171126 0.376249
vn -0.934568 0.165097 -0.315160
vn 0.112247 0.078808 -0.990550
vn -0.587177 -0.234822 0.774650
vn -0.039644 0.918062 0.394450
vn -0.713289 -0.034072 0.700041
vn 0.981771 0.186837 0.034907
vn 0.903562 0.419181 0.088680
vn 0.972583 0.228269 0.044448
vn 0.975217 -0.166298 0.145932
vn 0.914670 0.181281 -0.361270
vn -0.969656 0.160063 -0.184790
vn -0.180546 -0.174855 0.967899
vn 0.952999 -0.172709 0.248927
vn -0.934576 0.165019 -0.315175
vn -0.568225 -0.361530 0.739200
vn -0.803189 0.388944 0.451232
vn 0.866284 -0.172867 0.468689
vn 0.488411 0.010251 -0.872554
vn 0.861744 0.088048 -0.499645
vn -0.442671 -0.025958 0.896308
vn 0.181185 0.362831 -0.914071
vn 0.652955 -0.014645 -0.757255
vn -0.910621 0.167700 -0.377684
vn 0.069390 0.588123 -0.805789
vn -0.794698 0.198503 0.573630
vn 0.662459 -0.166795 0.730293
vn 0.275672 0.278699 -0.919963
vn 0.607153 -0.279012 -0.743988
vn -0.882885 0.169590 -0.437897
vn 0.682607 0.713553 0.157767
vn 0.654620 0.738043 0.163599
vn 0.669738 0.725048 0.160489
vn 0.197275 0.980336 0.004959
vn -0.392190 -0.830713 0.395098
vn -0.969652 0.160087 -0.184792
vn -0.911432 0.167721 -0.375714
vn -0.585324 -0.177211 0.791197
vn -0.740592 0.072041 0.668082
vn -0.098409 0.548920 0.830062
vn 0.569770 -0.018205 -0.821603
vn 0.611508 -0.046209 -0.789887
vn 0.933294 -0.175606 0.313249
vn 0.969908 -0.127566 -0.207378
vn -0.630301 -0.098830 0.770035
vn 0.384705 0.197026 -0.901767
vn -0.954096 0.164106 -0.250541
vn 0.173493 -0.918088 -0.356391
vn 0.675101 0.006559 -0.737696
vn -0.934278 0.167373 -0.314818
vn -0.986392 0.150113 -0.067052
vn -0.821642 0.163466 -0.546061
vn 0.562054 0.801322 -0.204885
vn -0.971129 0.149100 -0.186221
vn 0.524671 -0.165434 -0.835076
vn 0.775531 0.047226 -0.629540
vn 0.909628 -0.177623 0.375536
vn -0.934275 0.167410 -0.314808
vn -0.551375 -0.209397 0.807551
vn 0.111543 0.080279 -0.990512
vn -0.667655 -0.023819 0.744090
vn 0.502963 0.101800 -0.858292
vn 0.716146 0.011681 -0.697853
vn -0.775585 0.375636 0.507312
vn -0.497220 -0.191839 0.846150
vn -0.503971 -0.355855 0.787007
vn 0.975764 -0.163066 0.145923
vn -0.971116 0.149193 -0.186210
vn 0.816087 0.082257 -0.572045
vn -0.628727 -0.230271 0.742750
vn -0.313896 -0.191360 0.929973
vn -0.934270 0.167448 -0.314803
vn 0.953401 -0.169575 0.249542
vn 0.218979 0.357710 -0.907795
vn 0.865010 -0.179235 0.468650
vn 0.487290 0.017172 -0.873071
vn -0.433800 -0.022926 0.900717
vn -0.243742 -0.172848 0.954313
vn -0.757209 0.197061 0.622738
vn 0.117513 0.518116 -0.847199
vn -0.432280 -0.201831 0.878862
vn -0.910404 0.169916 -0.377217
vn 0.659004 -0.171961 0.732218
vn -0.882661 0.171625 -0.437554
vn 0.671590 -0.285811 -0.683578
vn 0.323716 0.277916 -0.904417
vn -0.158952 -0.094389 0.982764
vn 0.343368 -0.678618 -0.649289
vn -0.971103 0.149286 -0.186205
vn -0.528000 -0.162209 0.833610
vn -0.697732 0.077414 0.712164
vn -0.911348 0.169915 -0.374932
vn -0.577326 -0.085599 0.812015
vn 0.933637 -0.172646 0.313870
vn 0.539113 -0.065845 -0.839656
vn 0.858004 0.175442 -0.482752
vn 0.971575 -0.113233 -0.207895
vn -0.176199 -0.978175 0.110122
vn 0.631369 -0.036186 -0.774638
vn -0.955503 0.153368 -0.251979
vn 0.436667 0.191236 -0.879062
vn -0.935574 0.156793 -0.316413
vn -0.715821 -0.315032 0.623182
vn -0.986462 0.151636 -0.062449
vn 0.160941 0.502798 -0.849289
vn -0.069813 0.917267 0.392106
vn -0.823592 0.160884 -0.543887
vn 0.790332 0.076637 -0.607867
vn -0.971543 0.145835 -0.186644
vn -0.742630 0.381628 0.550327
vn -0.722841 -0.220010 0.655055
vn -0.618219 -0.013626 0.785888
vn -0.935558 0.156941 -0.316388
vn 0.190010 0.981355 -0.028966
vn 0.909876 -0.174895 0.376215
vn -0.449069 -0.371227 0.812729
vn 0.574677 -0.010207 -0.818317
vn 0.111297 0.080865 -0.990492
vn -0.277854 -0.170027 0.945457
vn 0.563244 0.090254 -0.821347
vn 0.977810 -0.148665 0.147600
vn -0.971550 0.145778 -0.186652
vn -0.717679 0.198732 0.667414
vn -0.935540 0.157088 -0.316367
vn 0.955234 -0.155599 0.251630
vn 0.864959 -0.176825 0.469657
vn 0.484006 0.020572 -0.874823
vn 0.266229 0.360734 -0.893864
vn -0.427605 -0.023921 0.903649
vn -0.911623 0.159672 -0.378747
vn -0.172325 0.559187 0.810934
vn -0.456871 -0.845441 0.276582
vn 0.657748 -0.170504 0.733687
vn 0.727588 -0.327264 -0.602922
vn 0.464193 -0.072484 -0.882763
vn -0.883724 0.161585 -0.439229
vn 0.532425 0.795968 -0.288024
vn 0.156190 -0.906051 -0.393290
vn 0.628714 0.001387 -0.777635
vn -0.469023 -0.151793 0.870044
vn -0.971556 0.145724 -0.186664
vn -0.651805 0.083095 0.753820
vn -0.520987 -0.073140 0.850425
vn -0.912568 0.159692 -0.376455
vn 0.372871 0.276823 -0.885628
vn 0.693973 0.026486 -0.719514
vn 0.935345 -0.159017 0.315981
vn 0.971844 -0.108341 -0.209240
vn -0.955858 0.150108 -0.252592
vn 0.702105 -0.054903 -0.709954
vn 0.419984 -0.158931 -0.893507
vn -0.935927 0.153741 -0.316867
vn -0.708628 0.369544 0.601069
vn 0.201605 0.496813 -0.844116
vn -0.988200 0.140165 -0.061760
vn -0.630432 -0.182239 0.754549
vn -0.685647 -0.197044 0.700758
vn 0.729658 0.066122 -0.680608
vn -0.823659 0.182353 -0.536967
vn 0.492412 0.185089 -0.850455
vn -0.968098 0.170775 -0.183365
vn 0.505571 -0.042828 -0.861722
vn -0.565550 -0.003876 0.824705
vn -0.392359 -0.354691 0.848675
vn -0.935938 0.153653 -0.316876
vn 0.111363 0.078072 -0.990708
vn 0.911395 -0.161702 0.378433
vn -0.770010 -0.216014 0.600352
vn -0.674264 0.200255 0.710820
vn 0.978452 -0.143651 0.148313
vn -0.968133 0.170544 -0.183395
vn -0.341534 -0.165673 0.925152
vn 0.629594 0.078007 -0.772998
vn -0.935947 0.153566 -0.316894
vn 0.955808 -0.150643 0.252463
vn 0.787527 0.164499 -0.593920
vn 0.481334 0.009093 -0.876490
vn -0.426122 -0.181363 0.886300
vn 0.866109 -0.164434 0.472034
vn -0.423829 -0.030161 0.905240
vn 0.312099 0.361957 -0.878397
vn -0.254935 -0.089129 0.962842
vn 0.269073 -0.639172 -0.720457
vn 0.788541 -0.333576 -0.516652
vn -0.911866 0.156551 -0.379462
vn -0.413941 -0.140429 0.899407
vn 0.657987 -0.161355 0.735539
vn -0.884005 0.158781 -0.439686
vn 0.424788 -0.069613 -0.902613
vn -0.602895 0.088686 0.792876
vn -0.968166 0.170314 -0.183433
vn -0.191815 -0.980232 0.048495
vn -0.463614 -0.061821 0.883878
vn -0.913051 0.156382 -0.376674
vn -0.844202 -0.300135 0.444120
vn 0.698726 0.054055 -0.713344
vn 0.178676 0.981878 -0.063171
vn 0.935866 -0.154198 0.316824
vn 0.968212 -0.133000 -0.211839
vn 0.424470 0.275671 -0.862456
vn -0.559933 -0.189302 0.806622
vn -0.668433 0.378734 0.640123
vn 0.770905 -0.075514 -0.632457
vn -0.952569 0.174583 -0.249266
vn -0.099237 0.918442 0.382904
vn -0.932884 0.177874 -0.313190
vn -0.856334 -0.200979 0.475709
vn 0.247951 0.509335 -0.824074
vn -0.988801 0.135883 -0.061715
vn -0.819211 0.198838 -0.537919
vn -0.342167 -0.366141 0.865369
vn -0.510322 0.005125 0.859968
vn -0.964914 0.190602 -0.180587
vn 0.554368 0.178707 -0.812859
vn -0.382021 -0.163587 0.909560
vn -0.932936 0.177509 -0.313244
vn 0.111443 0.075588 -0.990892
vn 0.911839 -0.157039 0.379327
vn 0.634790 0.017857 -0.772478
vn -0.631324 0.202584 0.748592
vn 0.487696 0.793024 -0.365056
vn 0.974976 -0.168208 0.145358
vn -0.513676 -0.844210 0.153125
vn -0.964886 0.190735 -0.180596
vn 0.828958 -0.370428 -0.419061
vn -0.932987 0.177141 -0.313301
vn 0.701744 0.064645 -0.709491
vn 0.952612 -0.174507 0.249153
vn 0.484856 -0.001951 -0.874592
vn 0.358502 -0.099615 -0.928199
vn -0.243575 0.576381 0.780036
vn 0.866276 -0.160032 0.473240
vn -0.428048 -0.030500 0.903241
vn -0.354763 -0.131735 0.925629
vn 0.462437 -0.026542 -0.886255
vn 0.162099 -0.905582 -0.391977
vn -0.909025 0.179893 -0.375916
vn 0.359969 0.364058 -0.859002
vn 0.655962 -0.157641 0.738149
vn 0.659777 0.066107 -0.748549
vn 0.515012 -0.020856 -0.856929
vn -0.551516 0.093888 0.828864
vn -0.881504 0.181699 -0.435817
vn -0.407069 -0.051640 0.911937
vn -0.964859 0.190846 -0.180622
vn -0.910402 0.179573 -0.372721
vn -0.622913 0.374260 0.686956
vn 0.837614 -0.095190 -0.537906
vn -0.826764 -0.177967 0.533656
vn -0.778861 -0.162860 0.605683
vn 0.932881 -0.177577 0.313367
vn 0.965819 -0.150480 -0.211069
vn 0.387390 -0.050188 -0.920549
vn -0.949537 0.194513 -0.246059
vn 0.307725 -0.173557 -0.935512
vn 0.480435 0.274787 -0.832871
vn -0.891721 -0.195089 0.408381
vn -0.930039 0.197379 -0.309951
vn -0.292926 -0.329965 0.897395
vn -0.985281 0.160398 -0.059108
vn 0.289039 0.504195 -0.813784
vn 0.305023 -0.081792 -0.948826
vn -0.454270 0.013177 0.890767
vn -0.819855 0.183859 -0.542249
vn 0.686937 0.145248 -0.712054
vn -0.967820 0.173553 -0.182222
vn -0.929996 0.197577 -0.309954
vn 0.909097 -0.179831 0.375770
vn 0.622575 0.172143 -0.763392
vn -0.584165 0.199897 0.786633
vn 0.112310 0.077545 -0.990643
vn 0.868194 -0.372453 -0.327899
vn -0.207390 -0.978251 -0.003720
vn 0.972197 -0.185514 0.142891
vn -0.928941 -0.277468 0.245112
vn -0.967680 0.174321 -0.182232
vn 0.775099 0.050051 -0.629855
vn -0.351773 -0.080006 0.932660
vn -0.929949 0.197738 -0.309992
vn -0.299725 -0.120092 0.946437
vn 0.949994 -0.191907 0.246338
vn 0.863854 -0.181661 0.469847
vn -0.706065 -0.172117 0.686912
vn -0.432748 -0.017630 0.901342
vn 0.161186 0.980359 -0.113641
vn 0.492117 0.007440 -0.870497
vn 0.186055 -0.673179 -0.715691
vn -0.906406 0.199668 -0.372238
vn -0.945178 -0.176509 0.274741
vn -0.229471 -0.330717 0.915406
vn -0.498227 0.098501 0.861433
vn -0.350559 -0.042375 0.935582
vn 0.653371 -0.173610 0.736862
vn 0.410849 0.365500 -0.835232
vn -0.879109 0.200823 -0.432246
vn 0.891481 -0.114624 -0.438318
vn -0.590451 0.386958 0.708259
vn -0.967537 0.175055 -0.182284
vn -0.440917 -0.144443 0.885849
vn 0.326992 -0.055479 -0.943397
vn -0.907445 0.200044 -0.369494
vn -0.126733 0.921446 0.367255
vn -0.559639 -0.827492 0.045398
vn 0.930410 -0.195070 0.310299
vn 0.612782 0.037139 -0.789379
vn 0.970580 -0.126137 -0.205096
vn -0.952249 0.178886 -0.247431
vn -0.568847 -0.165770 0.805564
vn 0.886925 -0.399179 -0.232422
vn -0.981453 0.183223 -0.056388
vn 0.332609 0.518720 -0.787592
vn 0.543063 0.274357 -0.793607
vn -0.932659 0.182321 -0.311299
vn -0.398800 0.020406 0.916811
vn 0.486480 0.697980 -0.525511
vn 0.261469 -0.092553 -0.960764
vn -0.826286 0.138371 -0.545990
vn -0.974874 0.120058 -0.187633
vn -0.534748 0.200066 0.820986
vn 0.352460 -0.036958 -0.935097
vn 0.497340 -0.001182 -0.867555
vn 0.906802 -0.197414 0.372475
vn -0.932427 0.183525 -0.311284
vn 0.695952 0.164904 -0.698897
vn 0.115003 0.083757 -0.989828
vn 0.843340 0.034692 -0.536259
vn -0.239151 -0.110406 0.964685
vn -0.929918 -0.153527 0.334189
vn 0.976278 -0.160318 0.145529
vn -0.315563 0.615600 0.722119
vn -0.974755 0.121416 -0.187378
vn -0.961966 -0.170238 0.213639
vn 0.399042 -0.033366 -0.916326
vn 0.933462 -0.128729 -0.334780
vn -0.932185 0.184663 -0.311336
vn -0.182708 -0.294513 0.938019
vn 0.953853 -0.168312 0.248669
vn 0.862066 -0.199079 0.466057
vn -0.426931 -0.009650 0.904233
vn 0.556703 0.023349 -0.830384
vn -0.900710 -0.139079 0.411555
vn 0.505149 0.035518 -0.862301
vn -0.293452 -0.033982 0.955370
vn -0.490304 -0.152774 0.858057
vn -0.444162 0.102471 0.890067
vn 0.376454 0.504324 -0.777135
vn 0.118141 -0.916506 -0.382178
vn -0.557407 0.362113 0.747109
vn -0.908752 0.186896 -0.373148
vn 0.655067 -0.188137 0.731773
vn 0.203149 -0.202082 -0.958068
vn -0.881359 0.188718 -0.433118
vn 0.466527 0.368981 -0.803869
vn 0.905104 -0.392458 -0.163593
vn -0.227897 -0.972630 -0.045326
vn 0.187233 -0.101341 -0.977074
vn -0.974614 0.122905 -0.187143
vn -0.964188 -0.252488 0.081183
vn -0.909218 0.188820 -0.371039
vn 0.960613 -0.144799 -0.237183
vn 0.934014 -0.173255 0.312411
vn 0.978941 -0.067879 -0.192529
vn -0.959192 0.128191 -0.252026
vn -0.343337 0.027041 0.938823
vn -0.982376 -0.152470 0.108125
vn -0.983348 0.171958 -0.058797
vn -0.939410 0.133323 -0.315806
vn 0.611728 0.274329 -0.741979
vn 0.502013 0.030080 -0.864337
vn -0.832200 0.063162 -0.550866
vn -0.483567 0.202237 0.851624
vn -0.549373 -0.134714 0.824646
vn 0.093159 -0.788367 -0.608111
vn 0.900882 0.019200 -0.433639
vn -0.845184 -0.151220 0.512637
vn 0.770025 0.156435 -0.618538
vn -0.593470 -0.804152 -0.033670
vn -0.180652 -0.100193 0.978431
vn 0.118009 0.094398 -0.988516
vn 0.910125 -0.177674 0.374304
vn 0.240801 -0.046186 -0.969475
vn -0.939056 0.135639 -0.315872
vn -0.113420 -0.279389 0.953456
vn -0.980271 0.031634 -0.195112
vn 0.169937 0.982626 -0.074616
vn 0.627070 0.137715 -0.766693
vn 0.906349 -0.411985 -0.093814
vn 0.983222 -0.100765 0.152056
vn -0.235691 -0.026505 0.971467
vn 0.203314 -0.070588 -0.976566
vn -0.425938 -0.026282 0.904371
vn -0.725263 -0.148590 0.672246
vn -0.938685 0.137899 -0.315999
vn 0.960981 -0.111249 0.253258
vn 0.517947 0.080371 -0.851629
vn -0.390276 0.106020 0.914573
vn 0.975573 -0.154947 -0.155723
vn 0.865266 -0.182082 0.467077
vn -0.505462 0.350264 0.788558
vn -0.423911 -0.016643 0.905551
vn 0.437058 0.505684 -0.743817
vn -0.980335 0.033522 -0.194472
vn -0.915255 0.141714 -0.377127
vn 0.660111 -0.177282 0.729948
vn 0.126736 -0.091887 -0.987672
vn -0.887662 0.145550 -0.436888
vn 0.528622 0.375205 -0.761433
vn -0.986820 -0.147424 0.066724
vn -0.978911 -0.129284 0.158177
vn -0.067291 0.977245 0.201155
vn 0.305583 -0.040389 -0.951308
vn -0.915040 0.145883 -0.376058
vn 0.021436 -0.917653 -0.396804
vn -0.629162 -0.137589 0.765000
vn 0.983914 0.016431 -0.177885
vn -0.980386 0.035468 -0.193871
vn -0.287419 0.033141 0.957231
vn 0.940885 -0.119425 0.316974
vn 0.943917 0.004340 -0.330156
vn 0.051594 -0.208438 -0.976674
vn 0.378288 -0.018960 -0.925494
vn -0.968650 -0.114350 0.220547
vn 0.914248 -0.402083 -0.049807
vn -0.119528 -0.092032 0.988556
vn -0.973194 -0.228198 -0.028619
vn -0.250226 -0.965093 -0.077343
vn -0.839503 0.000641 -0.543355
vn -0.945314 0.049103 -0.322445
vn 0.119340 0.102789 -0.987518
vn 0.684442 0.274013 -0.675615
vn -0.432779 0.204616 0.877972
vn -0.989620 0.126734 -0.067753
vn 0.838694 0.146587 -0.524504
vn 0.437166 0.016758 -0.899225
vn 0.982290 -0.166481 -0.085968
vn 0.285432 0.890704 -0.353802
vn -0.979372 -0.040285 -0.198011
vn 0.515473 0.116027 -0.849014
vn -0.945320 0.052070 -0.321962
vn -0.965094 0.042316 -0.258462
vn 0.916851 -0.127108 0.378455
vn -0.991298 -0.131606 -0.002888
vn -0.040582 -0.284433 0.957837
vn -0.177284 -0.020021 0.983956
vn 0.987084 -0.017032 0.159293
vn -0.213237 0.889587 0.403938
vn 0.026615 -0.675775 -0.736628
vn -0.642615 -0.762771 -0.072294
vn -0.450082 0.353595 0.819998
vn -0.336225 0.109379 0.935408
vn -0.945288 0.055406 -0.321497
vn 0.480093 0.130322 -0.867483
vn 0.063857 -0.107976 -0.992101
vn 0.872066 -0.135966 0.470122
vn -0.979594 -0.038225 -0.197317
vn -0.426953 -0.036967 0.903518
vn 0.908136 -0.418624 -0.006515
vn 0.500004 0.516833 -0.694896
vn -0.921886 0.062686 -0.382356
vn -0.686768 -0.131788 0.714830
vn -0.564629 -0.012987 0.825242
vn 0.668910 -0.143634 0.729335
vn 0.972231 -0.009423 -0.233834
vn -0.894051 0.069162 -0.442594
vn -0.941364 -0.126574 0.312752
vn 0.594706 0.382058 -0.707359
vn 0.965509 -0.029521 0.258691
vn 0.981507 0.081656 -0.173138
vn -0.057128 -0.088541 0.994433
vn -0.979812 -0.036153 -0.196623
vn -0.231013 0.038688 0.972181
vn 0.984197 -0.173950 -0.033128
vn -0.921620 0.068415 -0.382015
vn -0.847041 -0.002722 -0.531521
vn 0.120091 0.103048 -0.987400
vn 0.945973 -0.039500 0.321832
vn 0.896308 0.135522 -0.422216
vn -0.965096 -0.027543 -0.260443
vn -0.991999 -0.120971 -0.036102
vn 0.394827 0.005632 -0.918738
vn 0.007040 -0.307191 0.951622
vn 0.120554 -0.055160 -0.991173
vn 0.756843 0.272435 -0.594111
vn -0.379836 0.205346 0.901974
vn -0.993134 -0.109777 0.040423
vn -0.980097 -0.042753 -0.193860
vn 0.511603 0.116128 -0.851338
vn -0.995928 0.045601 -0.077769
vn -0.946097 -0.018159 -0.323375
vn 0.084398 0.984913 -0.151071
vn -0.861436 -0.127057 0.491716
vn -0.118394 -0.014602 0.992859
vn -0.001670 -0.108945 -0.994046
vn -0.441777 -0.890765 -0.106633
vn 0.913045 -0.407736 0.010049
vn 0.985638 0.047773 0.161971
vn -0.988831 -0.133021 -0.067228
vn 0.006395 -0.911486 -0.411280
vn 0.922485 -0.050502 0.382715
vn -0.077493 0.990658 0.112216
vn -0.992154 -0.094247 0.082148
vn 0.316597 -0.024430 -0.948246
vn -0.030669 -0.194288 -0.980465
vn -0.946527 -0.014836 -0.322283
vn 0.186465 -0.050410 -0.981167
vn -0.406362 0.370703 0.835134
vn 0.980780 0.083049 -0.176562
vn 0.324740 0.733714 -0.596832
vn 0.988203 -0.021769 -0.151593
vn -0.281734 0.112619 0.952860
vn -0.980292 -0.040895 -0.193273
vn 0.982909 -0.183928 0.007781
vn -0.532797 -0.840476 -0.098633
vn -0.958731 -0.257429 -0.120689
vn 0.878713 -0.064336 0.472996
vn -0.946944 -0.011480 -0.321194
vn -0.430327 -0.070904 0.899884
vn -0.784763 -0.116081 0.608829
vn 0.548845 0.537156 -0.640494
vn -0.924059 -0.002109 -0.382245
vn -0.434451 0.656327 0.616836
vn 0.040644 -0.080707 -0.995909
vn 0.964968 0.033043 0.260281
vn -0.980488 -0.039084 -0.192652
vn 0.679336 -0.089069 0.728402
vn 0.665299 0.385731 -0.639209
vn 0.939227 0.123762 -0.320213
vn 0.072007 -0.290883 0.954045
vn -0.899051 -0.039179 -0.436088
vn -0.897014 0.007809 -0.441932
vn -0.174127 0.043632 0.983756
vn 0.106367 -0.015274 -0.994210
vn 0.344763 0.020643 -0.938463
vn -0.055315 -0.768632 -0.637296
vn -0.966330 -0.030897 -0.255445
vn 0.906592 -0.421061 0.028271
vn 0.823233 0.268824 -0.500021
vn 0.526269 -0.005833 -0.850298
vn -0.981492 -0.034995 -0.188277
vn 0.002348 -0.088404 0.996082
vn -0.924821 0.005403 -0.380365
vn -0.948194 -0.021882 -0.316938
vn -0.329610 0.207124 0.921117
vn -0.990058 -0.125665 -0.063199
vn -0.059176 -0.010307 0.998194
vn -0.051140 -0.105425 -0.993111
vn -0.994886 -0.091548 -0.042683
vn 0.980919 -0.192246 0.028970
vn 0.946572 0.020738 0.321825
vn 0.995870 -0.033061 -0.084559
vn 0.986136 0.049692 0.158323
vn -0.984014 -0.104040 0.144539
vn -0.948566 -0.018907 -0.316015
vn -0.996604 -0.021640 -0.079447
vn -0.981326 -0.033381 -0.189435
vn -0.352372 0.367046 0.860878
vn 0.387170 0.093481 -0.917257
vn -0.967807 -0.241547 -0.070748
vn -0.146303 -0.985265 -0.088587
vn -0.226814 0.115748 0.967036
vn -0.831288 -0.111684 0.544506
vn -0.678212 -0.048757 0.733247
vn 0.130324 -0.309243 0.942011
vn 0.915815 -0.400732 0.026382
vn 0.924209 0.007465 0.381815
vn -0.948944 -0.016008 -0.315039
vn 0.967599 0.111866 -0.226359
vn -0.990751 -0.114140 -0.073381
vn 0.989489 -0.014756 -0.143851
vn -0.150898 -0.127830 -0.980250
vn -0.926801 -0.007087 -0.375485
vn -0.997007 -0.077304 0.001042
vn -0.444267 -0.097964 0.890522
vn 0.966147 0.035606 0.255522
vn -0.981116 -0.033491 -0.190498
vn 0.616207 0.534811 -0.578157
vn -0.754287 -0.222932 -0.617537
vn -0.020168 -0.976245 -0.215728
vn -0.116891 0.047927 0.991988
vn 0.881826 -0.009806 0.471474
vn -0.900896 0.002503 -0.434028
vn -0.171058 -0.232475 -0.957442
vn 0.734242 0.389841 -0.555800
vn 0.978101 -0.202811 0.046756
vn -0.970285 -0.027307 -0.240420
vn -0.950513 -0.103288 0.293014
vn 0.484591 -0.377174 -0.789247
vn -0.422417 -0.802668 -0.421056
vn 0.064805 -0.085306 0.994245
vn 0.998522 -0.043809 -0.032181
vn 0.878320 0.262863 -0.399320
vn 0.079354 0.977000 -0.197922
vn 0.000264 -0.007138 0.999974
vn -0.976645 -0.068989 -0.203483
vn -0.950353 -0.011932 -0.310945
vn -0.928134 -0.000540 -0.372245
vn 0.282155 -0.006783 -0.959345
vn -0.275648 0.205746 0.938982
vn 0.197186 -0.029859 -0.979911
vn 0.682200 -0.046596 0.729680
vn 0.936180 -0.351503 0.003528
vn -0.101214 -0.087358 -0.991022
vn 0.948410 0.024136 0.316127
vn 0.988624 -0.019936 0.149080
vn -0.003378 -0.061288 -0.998114
vn -0.137137 -0.625886 -0.767763
vn 0.197843 -0.300286 0.933106
vn -0.189192 0.953056 0.236411
vn -0.950037 -0.014545 -0.311799
vn -0.981841 -0.094026 -0.164763
vn -0.994685 -0.083157 -0.060721
vn -0.985199 -0.047325 -0.164755
vn -0.161819 -0.116710 -0.979895
vn -0.996850 -0.028213 -0.074120
vn -0.996466 -0.071961 -0.043327
vn 0.983997 0.100449 -0.147170
vn -0.905794 -0.094226 0.413110
vn 0.054238 -0.059178 -0.996773
vn -0.314243 0.380564 0.869726
vn 0.248756 0.671432 -0.698068
vn 0.976822 -0.206402 0.056718
vn -0.171504 0.118741 0.978002
vn 0.926788 0.011815 0.375398
vn 0.975051 -0.219965 -0.029856
vn -0.949326 -0.018177 -0.313766
vn -0.995562 -0.086611 0.036818
vn 0.998511 -0.054290 0.005370
vn -0.526229 0.683503 0.505873
vn -0.933072 -0.013956 -0.359419
vn 0.125079 -0.086803 0.988342
vn 0.968902 -0.030385 0.245571
vn 0.252515 -0.330867 0.909265
vn -0.059424 0.051535 0.996902
vn -0.903987 0.003885 -0.427542
vn 0.684441 -0.042587 0.727824
vn 0.885233 -0.004616 0.465125
vn 0.795365 0.389882 -0.464098
vn 0.919049 0.254885 -0.300637
vn 0.241859 -0.003733 -0.970304
vn -0.457044 -0.100998 0.883691
vn -0.950728 -0.024606 -0.309049
vn -0.975237 -0.044907 -0.216554
vn 0.979084 -0.146738 0.140937
vn -0.932045 -0.003512 -0.362325
vn -0.959334 -0.040267 -0.279388
vn -0.230866 -0.110010 -0.966747
vn 0.675671 0.545366 -0.496030
vn 0.951339 -0.037950 0.305800
vn -0.223904 0.206158 0.952558
vn 0.975104 -0.207978 0.076923
vn 0.992470 0.089508 -0.083619
vn -0.934475 -0.088399 0.344881
vn -0.127003 -0.069179 -0.989487
vn -0.056138 -0.909360 -0.412205
vn -0.291060 -0.194808 -0.936661
vn -0.980490 -0.046526 -0.190985
vn 0.303145 -0.313033 0.900063
vn -0.987614 -0.082670 0.133361
vn -0.993296 -0.045553 -0.106250
vn -0.825070 -0.032373 0.564102
vn 0.059739 -0.005227 0.998200
vn 0.187586 -0.088650 0.978240
vn 0.962855 -0.137271 0.232521
vn 0.997644 -0.062884 0.027419
vn -0.265102 0.362642 0.893427
vn -0.115909 0.121574 0.985791
vn 0.929958 -0.045705 0.364813
vn 0.996430 -0.071568 0.044775
vn -0.305024 -0.108557 -0.946137
vn -0.947599 -0.036048 -0.317421
vn -0.178201 -0.079854 -0.980749
vn 0.946050 0.245632 -0.211317
vn -0.001757 0.054459 0.998514
vn -0.215267 -0.706976 -0.673681
vn 0.976602 -0.187777 0.104828
vn -0.442216 -0.215603 0.870610
vn -0.904750 -0.017059 -0.425601
vn 0.846441 0.387290 -0.365438
vn -0.997299 -0.070385 -0.021014
vn 0.888565 -0.056089 0.455310
vn -0.993419 -0.054582 -0.100697
vn 0.996273 0.078806 -0.035069
vn -0.916557 -0.037837 -0.398110
vn 0.946010 -0.138745 0.292943
vn 0.280950 0.077447 -0.956592
vn 0.365466 -0.323286 0.872881
vn -0.971134 -0.072641 0.227205
vn 0.172655 -0.006534 -0.984961
vn -0.073764 -0.062653 -0.995306
vn 0.089853 0.977957 -0.188485
vn 0.244892 -0.093400 0.965041
vn 0.735754 0.536059 -0.413893
vn 0.718951 -0.104104 0.687220
vn -0.169680 0.204928 0.963957
vn -0.338091 -0.111838 -0.934445
vn -0.949384 -0.065143 -0.307288
vn 0.119063 -0.004460 0.992877
vn 0.994849 -0.081355 0.060481
vn 0.039803 -0.039872 -0.998412
vn -0.217680 0.953834 0.206918
vn -0.939544 -0.039010 -0.340198
vn -0.105046 -0.917213 -0.384299
vn -0.428026 -0.196193 -0.882214
vn -0.271221 -0.082259 -0.958996
vn 0.925432 -0.139422 0.352331
vn 0.962024 0.236013 -0.137143
vn -0.600516 0.704631 0.377988
vn -0.450469 -0.618741 0.643613
vn 0.423258 -0.309474 0.851515
vn -0.060134 0.124226 0.990430
vn -0.919426 -0.038903 -0.391333
vn -0.215695 0.368799 0.904137
vn -0.996267 -0.059196 -0.062830
vn 0.883162 0.381297 -0.273198
vn 0.997673 0.068170 -0.000839
vn -0.424700 -0.110794 -0.898529
vn -0.293510 -0.708890 -0.641347
vn 0.306166 -0.094722 0.947254
vn 0.886936 -0.153184 0.435752
vn -0.982251 -0.066918 0.175227
vn -0.997103 -0.066739 0.036489
vn 0.113963 -0.021883 -0.993244
vn -0.174935 -0.066069 -0.982361
vn 0.957815 -0.169559 0.232034
vn 0.475637 -0.332906 0.814213
vn 0.970127 -0.169538 0.173527
vn 0.992277 -0.088157 0.087261
vn 0.178129 -0.004844 0.983995
vn 0.154704 0.705206 -0.691918
vn 0.779034 0.539178 -0.319988
vn -0.461139 -0.110953 -0.880364
vn -0.930865 -0.013899 0.365099
vn -0.140823 -0.920554 -0.364349
vn -0.535202 -0.193454 -0.822274
vn 0.055930 0.056550 0.996832
vn -0.737532 -0.563840 -0.371660
vn -0.115311 0.206045 0.971725
vn 0.785290 -0.237820 0.571631
vn 0.970845 0.226393 -0.078783
vn 0.526824 -0.324978 0.785395
vn 0.362925 -0.100040 0.926433
vn -0.372206 -0.686266 -0.624901
vn -0.377183 -0.086159 -0.922122
vn -0.987874 -0.044322 -0.148799
vn 0.998125 0.057786 0.020201
vn 0.057072 -0.012909 -0.998287
vn 0.941083 -0.168083 0.293446
vn -0.533713 -0.107930 -0.838750
vn -0.004140 0.126733 0.991928
vn -0.993555 -0.054878 0.099181
vn 0.908051 0.373852 -0.188887
vn -0.909076 -0.068422 -0.410973
vn -0.172587 0.348812 0.921164
vn 0.572092 -0.349460 0.742016
vn 0.987104 -0.091693 0.131220
vn -0.948459 -0.041216 -0.314209
vn 0.236783 -0.006335 0.971542
vn -0.223051 -0.062711 -0.972788
vn -0.222886 -0.873458 -0.432889
vn -0.607855 -0.184862 -0.772230
vn -0.814604 -0.202004 -0.543704
vn -0.251313 -0.939811 -0.231511
vn -0.338726 -0.067081 -0.938491
vn -0.562526 -0.110625 -0.819345
vn 0.421648 -0.105819 0.900564
vn 0.616785 -0.334494 0.712523
vn -0.514818 -0.578686 -0.632523
vn 0.776726 -0.372803 0.507656
vn 0.920588 -0.165273 0.353840
vn -0.576754 -0.634091 -0.515057
vn -0.079297 -0.049657 -0.995614
vn 0.817166 0.524990 -0.237963
vn -0.968868 -0.041700 -0.244041
vn 0.113446 0.057935 0.991854
vn 0.669282 -0.335207 0.663097
vn -0.998342 -0.057385 -0.004417
vn 0.181605 0.089579 -0.979283
vn 0.975573 0.216786 -0.035506
vn 0.783925 -0.373633 0.495843
vn -0.810166 -0.093416 -0.578710
vn -0.624799 -0.098919 -0.774494
vn -0.229269 0.959003 0.166583
vn -0.607498 -0.504173 -0.613805
vn 0.711573 -0.344864 0.612154
vn 0.749786 -0.354256 0.558860
vn 0.998175 0.047534 0.037233
vn -0.838974 -0.089592 -0.536746
vn -0.680003 0.682905 0.266903
vn -0.727573 -0.110389 -0.677091
vn -0.678203 -0.095543 -0.728637
vn 0.475428 -0.113968 0.872341
vn -0.060689 0.209181 0.975992
vn -0.487588 -0.083710 -0.869052
vn -0.996304 -0.049925 0.069903
vn -0.779566 -0.097755 -0.618645
vn 0.977887 -0.093610 0.187017
vn 0.896729 -0.161208 0.412177
vn 0.294859 -0.008873 0.955500
vn 0.922752 0.365484 -0.122275
vn -0.012789 -0.019386 -0.999730
vn 0.047019 0.979218 -0.197284
vn 0.861695 -0.174322 0.476543
vn 0.530731 -0.121594 0.838772
vn -0.902035 -0.041528 -0.429661
vn -0.113176 0.344407 0.931974
vn -0.997845 -0.048830 -0.043831
vn -0.980592 0.004661 0.196007
vn -0.449550 -0.064837 -0.890899
vn 0.838192 0.522579 -0.156031
vn 0.978311 0.207063 -0.005657
vn -0.871788 -0.059263 -0.486286
vn 0.170761 0.058615 0.983568
vn 0.964156 -0.093980 0.248136
vn 0.581084 -0.130499 0.803313
vn -0.588229 -0.079911 -0.804737
vn 0.352172 -0.012383 0.935853
vn 0.041806 0.867548 -0.495593
vn -0.998938 -0.039280 0.024076
vn 0.051832 0.128854 0.990308
vn 0.633720 -0.136782 0.761374
vn 0.806209 -0.180724 0.563353
vn -0.120088 -0.026010 -0.992423
vn -0.812216 -0.060059 -0.580257
vn 0.995049 0.031596 0.094227
vn 0.997547 0.038415 0.058514
vn -0.275309 -0.068459 -0.958915
vn 0.039275 0.083159 -0.995762
vn 0.931380 0.357449 -0.069001
vn 0.683502 -0.146180 0.715162
vn -0.007406 0.212875 0.977051
vn 0.770036 -0.167417 0.615642
vn 0.728900 -0.156494 0.666494
vn -0.050877 -0.025046 -0.998391
vn 0.945778 -0.093083 0.311189
vn 0.408529 -0.016769 0.912591
vn 0.836069 -0.192687 0.513673
vn -0.557190 -0.062467 -0.828032
vn -0.928034 -0.037645 -0.370588
vn 0.227758 0.058618 0.971952
vn 0.980236 0.197417 0.012774
vn -0.054915 0.351054 0.934744
vn -0.999158 -0.037112 0.017512
vn 0.853468 0.511123 -0.101717
vn -0.978842 -0.040995 -0.200468
vn -0.702212 0.693386 0.161597
vn -0.999726 -0.020221 -0.011770
vn -0.251773 0.959450 0.126754
vn -0.386860 -0.066086 -0.919767
vn 0.989249 0.026814 0.143763
vn 0.923420 -0.090933 0.372862
vn 0.463716 -0.021916 0.885713
vn 0.107602 0.130797 0.985553
vn 0.936423 0.349335 -0.032818
vn -0.173431 -0.053154 -0.983411
vn -0.757819 -0.054753 -0.650163
vn -0.047369 0.980857 -0.188879
vn -0.020009 0.692857 -0.720797
vn 0.897496 -0.087597 0.432235
vn -0.718141 -0.061803 -0.693147
vn -0.995497 0.022624 0.092057
vn -0.870278 -0.045315 -0.490472
vn 0.284309 0.057978 0.956978
vn 0.517504 -0.027698 0.855232
vn 0.981780 0.187523 0.030705
vn -0.666933 -0.055410 -0.743054
vn 0.860924 0.506263 -0.050077
vn 0.978849 0.023528 0.203226
vn 0.868586 -0.083094 0.488523
vn -0.012501 0.370466 0.928762
vn 0.570310 -0.034007 0.820725
vn -0.996852 -0.022467 -0.076034
vn 0.047133 0.214520 0.975582
vn -0.496225 -0.063480 -0.865870
vn 0.939810 0.341633 -0.006627
vn 0.163186 0.132543 0.977652
vn -0.837905 -0.039120 -0.544412
vn 0.836712 -0.077488 0.542133
vn 0.622618 -0.040852 0.781459
vn -0.999076 -0.023591 -0.035924
vn 0.340269 0.056749 0.938614
vn 0.801778 -0.070921 0.593399
vn -0.060388 0.057278 -0.996530
vn 0.673043 -0.048223 0.738030
vn 0.763148 -0.063606 0.643086
vn 0.720089 -0.055912 0.691626
vn -0.248401 -0.044876 -0.967617
vn 0.963642 0.021531 0.266330
vn 0.867662 0.496823 -0.018138
vn -0.687791 0.719103 0.099171
vn 0.982257 0.178314 0.058101
vn -0.295920 0.947432 0.121671
vn 0.980088 0.170917 0.101073
vn -0.601711 -0.060480 -0.796421
vn 0.395486 0.054990 0.916825
vn -0.186638 -0.019296 -0.982239
vn 0.040727 0.368382 0.928782
vn 0.942495 0.334120 0.008216
vn 0.218480 0.134106 0.966583
vn 0.101978 0.219404 0.970290
vn 0.943639 0.020454 0.330343
vn -0.998865 0.042738 0.021003
vn -0.372314 -0.046270 -0.926953
vn -0.085553 0.971949 -0.219079
vn -0.803239 -0.046045 -0.593874
vn -0.987394 -0.031301 -0.155158
vn 0.449778 0.052774 0.891580
vn -0.981522 -0.188086 -0.035183
vn -0.874614 -0.474122 -0.101287
vn 0.864667 0.502309 0.006106
vn -0.125174 0.603085 -0.787794
vn 0.973980 0.165084 0.155277
vn 0.919492 0.020274 0.392586
vn -0.932065 -0.027053 -0.361281
vn -0.198162 -0.008607 -0.980131
vn 0.273376 0.135499 0.952316
vn -0.682625 -0.713536 -0.157765
vn -0.682618 -0.713540 -0.157780
vn -0.682632 -0.713530 -0.157765
vn -0.682601 -0.713559 -0.157764
vn -0.682615 -0.713543 -0.157777
vn -0.682628 -0.713532 -0.157769
vn 0.944317 0.327817 0.028324
vn -0.949713 0.000079 -0.313122
vn -0.747538 -0.648767 -0.142436
vn -0.682616 -0.713540 -0.157784
vn -0.682611 -0.713548 -0.157767
vn -0.682620 -0.713543 -0.157757
vn 0.502954 0.050181 0.862855
vn 0.033306 -0.974225 -0.223105
vn 0.033351 -0.974219 -0.223127
vn 0.033352 -0.974220 -0.223120
vn 0.033371 -0.974218 -0.223126
vn -0.288414 -0.027165 -0.957120
vn 0.891630 0.020967 0.452278
vn 0.153753 0.220540 0.963183
vn -0.875018 -0.473377 -0.101287
vn -0.875022 -0.473368 -0.101295
vn -0.706552 -0.691049 -0.152433
vn -0.682618 -0.713541 -0.157771
vn -0.813400 0.577385 0.070762
vn -0.481657 -0.043515 -0.875279
vn 0.555298 0.047285 0.830306
vn 0.962870 0.160379 0.217163
vn -0.967282 -0.032547 -0.251608
vn 0.091574 0.386944 0.917545
vn 0.869148 0.494047 0.022338
vn 0.860610 0.022574 0.508764
vn 0.033379 -0.974220 -0.223118
vn 0.033378 -0.974218 -0.223126
vn -0.301162 0.949952 0.083022
vn 0.327749 0.136750 0.934815
vn -0.331911 -0.022603 -0.943040
vn 0.607135 0.044039 0.793378
vn -0.875026 -0.473349 -0.101346
vn -0.874931 -0.473533 -0.101308
vn -0.875017 -0.473376 -0.101299
vn -0.875015 -0.473379 -0.101295
vn -0.875014 -0.473377 -0.101312
vn -0.875027 -0.473357 -0.101300
vn 0.826556 0.025075 0.562297
vn -0.999624 0.023900 0.013445
vn -0.999188 -0.040279 -0.001232
vn -0.981765 -0.186865 -0.034904
vn 0.945730 0.319628 0.058600
vn 0.657389 0.040359 0.752470
vn 0.789500 0.028366 0.613095
vn -0.866275 -0.022764 -0.499049
vn 0.704895 0.036348 0.708380
vn 0.749087 0.032242 0.661687
vn 0.208534 0.222968 0.952260
vn 0.944507 0.310802 0.106345
vn 0.946893 0.156509 0.280889
vn -0.174424 0.092692 -0.980298
vn 0.580496 -0.792986 -0.184925
vn 0.575795 -0.796201 -0.185809
vn 0.575537 -0.796173 -0.186725
vn 0.575533 -0.796174 -0.186734
vn 0.033372 -0.974220 -0.223119
vn 0.033356 -0.974213 -0.223150
vn -0.596356 -0.039389 -0.801753
vn 0.381468 0.137881 0.914041
vn -0.403437 -0.021939 -0.914744
vn -0.986436 0.029335 -0.161503
vn 0.861339 0.506064 0.044661
vn -0.875019 -0.473370 -0.101308
vn -0.875029 -0.473354 -0.101297
vn -0.998518 0.053378 -0.010578
vn 0.130217 0.374855 0.917893
vn -0.981765 -0.186870 -0.034904
vn 0.575530 -0.796176 -0.186732
vn 0.575551 -0.796161 -0.186730
vn -0.032340 0.998767 0.037668
vn 0.926210 0.153076 0.344534
vn -0.717695 -0.029126 -0.695748
vn -0.441161 -0.019939 -0.897206
vn -0.817492 -0.024396 -0.575424
vn 0.434375 0.138926 0.889954
vn 0.939076 0.302318 0.163523
vn 0.261099 0.224815 0.938768
vn -0.917605 -0.006189 -0.397446
vn -0.168767 0.818011 -0.549887
vn 0.575562 -0.796157 -0.186716
vn 0.575582 -0.796142 -0.186715
vn 0.901392 0.150062 0.406171
vn 0.869208 0.490531 0.062108
vn -0.977233 0.011335 -0.211867
vn -0.967111 0.025626 -0.253059
vn -0.510082 -0.018351 -0.859930
vn 0.188554 0.381137 0.905087
vn -0.406270 0.907117 0.109926
vn 0.486300 0.139920 0.862517
vn -0.893526 -0.008475 -0.448932
vn -0.727636 0.685941 0.005548
vn -0.305889 0.059118 -0.950230
vn 0.927706 0.296650 0.226629
vn 0.314376 0.229005 0.921263
vn 0.872830 0.147503 0.465199
vn 0.575540 -0.796172 -0.186720
vn 0.575505 -0.796195 -0.186726
vn -0.126518 0.263040 -0.956453
vn -0.126136 0.233097 -0.964238
vn -0.552160 -0.018573 -0.833532
vn 0.883079 0.458895 0.097910
vn 0.883040 0.458972 0.097904
vn 0.537381 0.140891 0.831488
vn 0.841004 0.145507 0.521095
vn 0.864192 0.489751 0.115394
vn 0.587779 0.141752 0.796506
vn 0.238181 0.373947 0.896344
vn 0.806110 0.144123 0.573948
vn 0.910609 0.294203 0.290234
vn 0.365469 0.231627 0.901544
vn 0.636738 0.142346 0.757827
vn -0.119010 0.974170 -0.191912
vn -0.742046 -0.005024 -0.670331
vn 0.777206 -0.612025 -0.146204
vn 0.777187 -0.612050 -0.146202
vn 0.777201 -0.612033 -0.146200
vn 0.777205 -0.612028 -0.146200
vn -0.778564 -0.007110 -0.627524
vn -0.607549 -0.002040 -0.794279
vn 0.768287 0.143312 0.623857
vn 0.683453 0.142690 0.715913
vn -0.293332 0.716979 -0.632375
vn 0.727447 0.142932 0.671112
vn 0.777207 -0.612026 -0.146200
vn 0.777225 -0.612001 -0.146204
vn 0.869737 0.466151 0.162052
vn -0.967983 0.204139 -0.146070
vn -0.842818 0.015716 -0.537969
vn -0.921029 0.378024 0.093830
vn -0.962147 0.263899 0.068053
vn -0.992408 0.117933 0.034905
vn -0.696491 0.002312 -0.717562
vn -0.312768 0.946131 0.083745
vn -0.415200 0.062171 -0.907603
vn -0.836780 0.015299 -0.547325
vn 0.890545 0.291255 0.349429
vn 0.417166 0.236279 0.877579
vn 0.289355 0.387088 0.875463
vn 0.802557 -0.580127 -0.139122
vn 0.802647 -0.580012 -0.139083
vn -0.647468 -0.014756 -0.761950
vn -0.951794 0.207251 -0.226132
vn 0.858933 0.455053 0.234866
vn -0.109458 0.988914 0.100342
vn 0.866495 0.283884 0.410605
vn 0.466508 0.239329 0.851523
vn 0.818505 -0.558582 -0.134299
vn 0.818519 -0.558560 -0.134304
vn -0.370351 0.724002 -0.581946
vn 0.335303 0.382459 0.860986
vn -0.777930 0.595717 -0.199864
vn -0.151423 0.973210 -0.173013
vn -0.520809 0.066699 -0.851064
vn 0.839328 0.278683 0.466760
vn 0.516152 0.244409 0.820885
vn 0.833342 0.459665 0.306999
vn -0.919040 0.067146 -0.388404
vn -0.282034 0.959400 0.003051
vn 0.807786 0.273084 0.522405
vn 0.563559 0.246911 0.788312
vn 0.818521 -0.558563 -0.134279
vn 0.818523 -0.558556 -0.134298
vn 0.384230 0.396324 0.833843
vn 0.774319 0.269059 0.572746
vn 0.610949 0.249632 0.751282
vn 0.809514 0.477118 0.342120
vn 0.736706 0.264134 0.622494
vn 0.655908 0.253963 0.710836
vn -0.126865 0.308174 -0.942833
vn -0.440734 0.744048 -0.502142
vn 0.698130 0.260367 0.666950
vn -0.591050 0.117422 -0.798043
vn -0.625816 0.737823 -0.252926
vn -0.767012 0.080460 -0.636567
vn 0.429016 0.392405 0.813612
vn -0.180016 0.972353 -0.148740
vn -0.707799 0.116489 -0.696743
vn -0.841371 0.121238 -0.526684
vn 0.796036 0.455215 0.398880
vn 0.818521 -0.558560 -0.134291
vn 0.818512 -0.558567 -0.134313
vn -0.388798 0.921221 -0.013715
vn -0.499858 0.838755 -0.215946
vn -0.542073 0.736883 -0.403932
vn 0.473729 0.406213 0.781391
vn 0.766695 0.454461 0.453480
vn -0.281958 0.944239 -0.170040
vn 0.995912 0.089458 0.012517
vn 0.995909 0.089493 0.012519
vn 0.995906 0.089523 0.012528
vn 0.995905 0.089532 0.012527
vn 0.995988 0.088638 0.012315
vn 0.514103 0.394864 0.761433
vn 0.743092 0.435863 0.507777
vn -0.077511 0.996759 0.021518
vn 0.565119 0.395910 0.723806
vn 0.706658 0.439380 0.554599
vn 0.995905 0.089530 0.012524
vn 0.995907 0.089517 0.012516
vn -0.051674 0.992244 0.113054
vn 0.611301 0.407819 0.678229
vn 0.677098 0.423996 0.601469
vn 0.637443 0.428756 0.640184
vn -0.116710 0.991514 0.057264
vn -0.763545 0.628142 0.149791
vn -0.832780 0.538181 0.129762
vn -0.905908 0.411182 0.101293
vn -0.231950 0.971956 -0.038746
vn 0.995904 0.089541 0.012526
vn 0.995908 0.089505 0.012511
vn -0.905907 0.411183 0.101294
vn -0.126018 0.308316 -0.942900
vn 0.995906 0.089524 0.012528
vn 0.063493 0.242596 -0.968047
vn 0.056109 0.242853 -0.968439
vn -0.598179 0.780134 0.183227
vn -0.621642 0.765311 0.166912
vn -0.730741 0.664174 0.157768
vn 0.431085 -0.878833 -0.204498
vn 0.688429 -0.705825 -0.166963
vn -0.083418 0.399357 -0.912993
vn -0.081325 0.392024 -0.916353
vn 0.263974 -0.939783 -0.217084
vn -0.384943 0.904554 0.183306
vn -0.547094 0.817256 0.181056
vn 0.069854 -0.972316 -0.222983
vn 0.075006 -0.971939 -0.222955
vn -0.580591 0.792674 0.185961
vn -0.096169 -0.970475 -0.221199
vn -0.096143 -0.970470 -0.221233
vn -0.082260 0.397030 -0.914112
vn 0.151475 -0.963309 -0.221567
vn 0.151410 -0.963313 -0.221593
vn -0.282209 0.940194 0.190768
vn 0.151401 -0.963327 -0.221536
vn 0.151363 -0.963316 -0.221613
vn -0.542302 0.836644 0.077039
vn -0.400554 0.904465 0.146625
vn 0.106437 0.316014 -0.942765
vn 0.106589 0.316110 -0.942716
vn 0.110561 0.243538 -0.963569
vn 0.644464 -0.744243 -0.175411
vn 0.644492 -0.744230 -0.175363
vn 0.644477 -0.744233 -0.175404
vn 0.644480 -0.744236 -0.175380
vn 0.151137 0.317459 -0.936150
vn 0.105778 0.315619 -0.942972
vn 0.258686 0.950945 0.169660
vn 0.258699 0.950935 0.169699
vn 0.258703 0.950933 0.169705
vn 0.258699 0.950934 0.169705
vn 0.930005 -0.356609 -0.089002
vn 0.929577 -0.357664 -0.089239
vn 0.996030 -0.084713 -0.027336
vn 0.992769 -0.115054 -0.034248
vn 0.981765 0.186867 0.034908
vn 0.981762 0.186881 0.034910
vn 0.981763 0.186878 0.034908
vn 0.214206 0.955185 0.204297
vn 0.243393 0.952752 0.181726
vn 0.258674 0.950935 0.169740
vn 0.981767 0.186857 0.034904
vn 0.981781 0.186783 0.034899
vn 0.981762 0.186884 0.034909
vn 0.240597 0.948537 0.205892
vn 0.243947 0.947692 0.205838
vn 0.431781 0.880525 0.195552
vn 0.431881 0.880470 0.195580
vn 0.431820 0.880502 0.195571
vn 0.430083 0.881659 0.194182
vn 0.875012 0.473384 0.101296
vn 0.875017 0.473373 0.101305
vn 0.689322 0.707397 0.156286
vn 0.875009 0.473386 0.101317
vn 0.740306 0.656605 0.144284
vn 0.875012 0.473383 0.101303
vn 0.431852 0.880093 0.197332
vn 0.430503 0.880989 0.196280
vn 0.431884 0.880080 0.197321
vn 0.431054 0.880775 0.196033
vn 0.682626 0.713531 0.157781
vn 0.094912 0.406069 -0.908900
vn 0.099745 0.406114 -0.908363
vn 0.094824 0.402716 -0.910400
vn 0.682623 0.713538 0.157763
vn -0.682593 -0.713562 -0.157783
vn -0.875051 -0.473316 -0.101283
vn -0.079118 0.236823 -0.968326
vn -0.079890 0.237177 -0.968176
vn -0.078491 0.178286 -0.980843
vn -0.079901 0.237175 -0.968176
vn -0.080195 0.309856 -0.947396
vn -0.080145 0.309869 -0.947395
vn -0.080168 0.309855 -0.947398
vn -0.080173 0.309863 -0.947395
vn -0.080165 0.309853 -0.947399
vn -0.035982 0.397543 -0.916878
vn -0.035957 0.397546 -0.916877
vn -0.031919 0.400248 -0.915851
vn 0.644489 -0.744222 -0.175405
vn 0.644124 -0.744565 -0.175294
vn 0.644452 -0.744251 -0.175421
vn 0.644446 -0.744259 -0.175407
vn 0.429373 0.882011 0.194156
vn -0.078882 0.177125 -0.981022
vn -0.080282 0.177772 -0.980792
vn -0.080274 0.177771 -0.980792
vn -0.077433 0.177944 -0.980989
vn -0.078428 0.176920 -0.981096
vn -0.078457 0.176927 -0.981092
vn -0.128001 0.233898 -0.963799
vn -0.127939 0.233911 -0.963803
vn -0.127233 0.233959 -0.963885
vn -0.730741 0.664174 0.157770
vn -0.730716 0.664201 0.157770
vn -0.730731 0.664185 0.157766
vn 0.318821 -0.923391 -0.213781
vn 0.318814 -0.923392 -0.213786
vn 0.063197 0.242439 -0.968106
vn 0.063200 0.242509 -0.968089
vn 0.063187 0.242432 -0.968109
vn -0.668328 0.743851 0.004849
vn -0.668489 0.743707 0.004816
vn -0.668494 0.743702 0.004823
vn -0.668497 0.743699 0.004819
vn 0.258690 0.950939 0.169688
vn 0.258674 0.950934 0.169742
vn 0.258683 0.950937 0.169712
vn 0.147717 0.378547 -0.913719
vn 0.145507 0.404533 -0.902874
vn 0.144874 0.404453 -0.903011
vn 0.145474 0.404451 -0.902916
vn -0.078780 0.236674 -0.968390
vn -0.078888 0.236248 -0.968485
vn -0.078710 0.236820 -0.968360
vn -0.078771 0.236664 -0.968393
vn 0.018747 0.183137 -0.982909
vn 0.018845 0.183180 -0.982899
vn 0.019996 0.182771 -0.982952
vn 0.018836 0.183220 -0.982891
vn 0.013073 0.182954 -0.983035
vn -0.992409 0.117925 0.034905
vn -0.992403 0.117975 0.034904
vn -0.992408 0.117936 0.034902
vn -0.992409 0.117926 0.034905
vn 0.015832 0.241434 -0.970288
vn 0.016230 0.241650 -0.970228
vn 0.016308 0.241681 -0.970219
vn 0.016277 0.241700 -0.970214
vn 0.016256 0.241658 -0.970226
vn 0.018171 0.187563 -0.982084
vn 0.059931 0.314829 -0.947255
vn 0.059946 0.314657 -0.947311
vn 0.059880 0.314464 -0.947379
vn 0.059899 0.314673 -0.947308
vn -0.096190 -0.970481 -0.221165
vn -0.096114 -0.970456 -0.221306
vn -0.096077 -0.970470 -0.221264
vn -0.010431 0.705354 -0.708778
vn -0.010058 0.705321 -0.708817
vn -0.030078 0.180686 -0.983081
vn -0.030010 0.180688 -0.983083
vn -0.029995 0.180686 -0.983083
vn -0.030582 0.180947 -0.983017
vn -0.030027 0.180684 -0.983083
vn -0.030018 0.180685 -0.983083
vn -0.030673 0.180985 -0.983007
vn -0.030677 0.180991 -0.983006
vn -0.030666 0.180992 -0.983006
vn -0.030667 0.180999 -0.983005
vn -0.028351 0.402756 -0.914868
vn -0.028499 0.402378 -0.915030
vn -0.028348 0.402437 -0.915009
vn -0.028384 0.402585 -0.914943
vn 0.094423 0.402448 -0.910560
vn 0.094399 0.402476 -0.910550
vn 0.094396 0.402439 -0.910567
vn 0.094413 0.402429 -0.910570
vn 0.018338 0.182880 -0.982964
vn 0.018321 0.182892 -0.982962
vn 0.018298 0.182876 -0.982966
vn 0.018298 0.182880 -0.982965
vn 0.018343 0.182877 -0.982965
vn 0.062241 0.405469 -0.911987
vn 0.062274 0.405561 -0.911944
vn 0.062385 0.405568 -0.911933
vn 0.062236 0.405525 -0.911963
vn 0.062255 0.405521 -0.911963
vn 0.110625 0.242744 -0.963762
vn 0.110584 0.242733 -0.963770
vn 0.110586 0.242736 -0.963769
vn 0.110586 0.242739 -0.963768
vn 0.110642 0.242729 -0.963764
vn 0.152465 0.316958 -0.936105
vn 0.152473 0.316945 -0.936108
vn 0.152362 0.316904 -0.936140
vn 0.152504 0.316996 -0.936085
vn 0.152465 0.316989 -0.936094
vn 0.152448 0.316946 -0.936112
vn 0.152454 0.316953 -0.936108
vn 0.153335 0.317655 -0.935726
vn 0.153455 0.317533 -0.935748
vn 0.153479 0.317543 -0.935741
vn 0.153451 0.317497 -0.935761
vn 0.153467 0.317525 -0.935749
vn 0.153461 0.317526 -0.935749
vn 0.153443 0.317509 -0.935758
vn 0.153474 0.317548 -0.935740
vn 0.015811 0.241428 -0.970290
vn 0.015800 0.241410 -0.970295
vn 0.011871 0.244720 -0.969521
vn 0.015797 0.241532 -0.970264
vn 0.015815 0.241429 -0.970290
vn 0.015758 0.241416 -0.970294
vn 0.016157 0.241087 -0.970369
vn 0.015590 0.241477 -0.970281
vn 0.016880 0.241637 -0.970220
vn 0.015475 0.240474 -0.970532
vn 0.016225 0.241366 -0.970299
vn -0.905688 -0.406831 -0.119239
vn -0.907707 -0.177702 -0.380118
vn -0.943856 -0.183536 -0.274681
vn 0.911170 0.134816 -0.389350
vn 0.110733 0.123258 -0.986177
vn -0.905080 -0.138336 0.402111
vn -0.863060 -0.138239 0.485817
vn 0.439930 -0.048400 0.896727
vn 0.947899 0.112882 -0.297903
vn 0.914388 -0.204957 0.349122
vn 0.927615 0.131496 -0.349626
vn -0.133957 0.078492 -0.987874
vn 0.954518 0.104130 0.279377
vn -0.950712 -0.218713 -0.219799
vn 0.944658 0.125369 -0.303158
vn -0.928118 -0.169094 -0.331669
vn 0.932264 0.141567 -0.332930
vn -0.806972 -0.148274 -0.571674
vn -0.956745 -0.192238 -0.218366
vn -0.986361 -0.089762 -0.137970
vn -0.649977 -0.129448 0.748848
vn 0.957263 0.231430 -0.173461
vn 0.059090 -0.994315 0.088578
vn 0.992692 0.091872 -0.078242
vn 0.880458 0.139687 -0.453080
vn -0.835344 -0.443055 -0.325426
vn -0.924257 -0.182407 -0.335375
vn 0.919380 -0.265422 0.290331
vn 0.802714 0.141025 -0.579449
vn 0.482571 0.191217 -0.854729
vn -0.926759 -0.139026 0.348984
vn 0.969360 0.125408 -0.211220
vn 0.923930 0.142480 -0.355039
vn -0.947110 -0.123273 0.296287
vn -0.973709 -0.111551 0.198614
vn -0.956791 -0.192055 -0.218327
vn 0.978095 0.114355 0.173935
vn -0.810730 -0.429936 -0.397332
vn -0.923188 -0.191446 -0.333275
vn 0.132551 -0.989399 -0.059324
vn 0.931148 0.147039 -0.333680
vn -0.892663 -0.291376 -0.343878
vn 0.110287 0.119888 -0.986643
vn -0.942591 -0.194879 -0.271189
vn 0.909485 0.139630 -0.391588
vn 0.131012 -0.990492 -0.041968
vn -0.795933 -0.489993 -0.355524
vn 0.942058 -0.238504 0.235887
vn -0.956832 -0.191869 -0.218309
vn 0.949612 0.149304 -0.275581
vn 0.912930 0.114769 -0.391645
vn -0.809414 -0.124501 -0.573889
vn -0.864651 -0.123709 0.486903
vn -0.909319 -0.138873 0.392242
vn 0.443394 -0.063530 0.894072
vn 0.952115 0.136620 -0.273516
vn -0.136393 0.077926 -0.987585
vn -0.958047 -0.186064 -0.218004
vn -0.931116 -0.147501 0.333565
vn 0.934473 0.137329 -0.328483
vn 0.972462 0.120653 -0.199399
vn -0.852009 -0.417932 -0.315299
vn -0.979413 -0.094097 -0.178593
vn -0.653570 -0.108973 0.748981
vn 0.513065 0.091327 -0.853478
vn 0.140743 -0.988172 -0.060891
vn 0.994637 0.057152 -0.086207
vn 0.883006 0.118298 -0.454210
vn 0.952314 -0.298492 0.063254
vn 0.813511 0.153968 -0.560798
vn -0.956907 -0.191387 -0.218403
vn 0.969011 0.148380 -0.197487
vn 0.930068 0.152867 -0.334073
vn -0.848128 -0.430498 -0.308788
vn -0.950611 -0.149632 0.271936
vn -0.976033 -0.134419 0.171148
vn 0.968817 -0.164366 -0.185411
vn -0.945080 -0.245508 -0.215755
vn 0.111786 0.063100 -0.991727
vn 0.934193 0.138728 -0.328692
vn -0.831978 -0.512791 -0.211799
vn -0.957996 -0.186353 -0.217985
vn -0.789579 -0.144963 -0.596281
vn 0.911728 0.114838 -0.394417
vn 0.951917 0.153369 -0.265201
vn 0.914553 0.081828 -0.396103
vn -0.911590 -0.119077 0.393476
vn 0.952081 0.154081 -0.264197
vn -0.139197 0.076396 -0.987314
vn 0.449030 -0.075020 0.890362
vn -0.934095 -0.139054 0.328832
vn 0.109107 -0.975120 -0.192970
vn -0.952310 -0.150570 0.265394
vn -0.876378 -0.425743 -0.225177
vn -0.975579 -0.105648 -0.192571
vn 0.653230 -0.541559 -0.529154
vn -0.942764 -0.244462 -0.226793
vn -0.866691 -0.097040 0.489315
vn 0.095923 -0.187841 -0.977504
vn 0.994936 0.031838 -0.095338
vn 0.817472 0.164800 -0.551889
vn 0.936914 0.110751 -0.331551
vn 0.969126 0.149885 -0.195779
vn 0.933940 0.140315 -0.328738
vn -0.975924 -0.148176 0.160052
vn -0.658032 -0.093253 0.747193
vn -0.522144 -0.662304 -0.537326
vn 0.884874 0.086159 -0.457793
vn 0.954711 0.137683 -0.263761
vn 0.952162 0.154299 -0.263777
vn -0.137065 0.076039 -0.987639
vn 0.936911 0.110861 -0.331523
vn 0.914862 0.057808 -0.399608
vn 0.913751 0.081727 -0.397969
vn -0.954746 -0.137213 0.263880
vn 0.453711 -0.079560 0.887591
vn -0.973374 -0.115068 -0.198248
vn -0.913524 -0.091081 0.396457
vn -0.868128 -0.076547 0.490403
vn 0.818465 0.163907 -0.550681
vn 0.971205 0.133469 -0.197349
vn -0.936587 -0.115397 0.330889
vn 0.939012 0.076843 -0.335189
vn -0.976536 -0.146165 0.158157
vn 0.994401 0.022405 -0.103275
vn -0.663208 -0.085985 0.743479
vn 0.936905 0.110971 -0.331503
vn 0.885642 0.062754 -0.460109
vn 0.954156 0.138155 -0.265517
vn -0.134684 0.077428 -0.987859
vn 0.957751 0.106466 -0.267165
vn 0.939019 0.076881 -0.335160
vn 0.914595 0.057592 -0.400248
vn 0.914517 0.049198 -0.401545
vn -0.973563 -0.111722 -0.199234
vn 0.456398 -0.074158 0.886680
vn 0.820152 0.150179 -0.552084
vn 0.974394 0.101394 -0.200690
vn -0.914597 -0.069815 0.398295
vn -0.938653 -0.086751 0.333773
vn -0.869286 -0.067408 0.489691
vn -0.957447 -0.111195 0.266330
vn -0.978543 -0.130832 0.159177
vn 0.939856 0.052096 -0.337576
vn 0.993733 0.035463 -0.106005
vn 0.939020 0.076922 -0.335148
vn -0.667441 -0.091508 0.739019
vn 0.885866 0.054707 -0.460705
vn -0.131752 0.080074 -0.988043
vn 0.957280 0.106639 -0.268780
vn 0.959977 0.071703 -0.270745
vn -0.975183 -0.096123 -0.199444
vn 0.939866 0.052092 -0.337547
vn 0.914844 0.049514 -0.400759
vn 0.914381 0.062530 -0.399997
vn 0.451760 -0.056735 0.890334
vn 0.976683 0.066075 -0.204266
vn -0.981329 -0.103425 0.162161
vn -0.959572 -0.082013 0.269250
vn -0.915142 -0.060546 0.398559
vn -0.939757 -0.065027 0.335603
vn -0.870084 -0.074686 0.487213
vn 0.940003 0.043748 -0.338349
vn 0.992156 0.075625 -0.099536
vn 0.823495 0.123480 -0.553723
vn 0.939869 0.052092 -0.337538
vn -0.670237 -0.114374 0.733281
vn -0.129427 0.083726 -0.988048
vn 0.959673 0.071965 -0.271752
vn 0.886233 0.068579 -0.458136
vn 0.960860 0.046332 -0.273134
vn -0.978050 -0.068244 -0.196877
vn 0.939988 0.043472 -0.338428
vn 0.914656 0.064469 -0.399059
vn 0.913974 0.101034 -0.392992
vn 0.441070 -0.026825 0.897072
vn 0.977562 0.040292 -0.206760
vn -0.983431 -0.073419 0.165748
vn -0.960651 -0.059819 0.271241
vn -0.940175 -0.055425 0.336155
vn -0.915180 -0.068394 0.397200
vn -0.668626 -0.157971 0.726625
vn -0.869758 -0.103699 0.482460
vn 0.939302 0.058878 -0.338003
vn 0.826866 0.093583 -0.554558
vn 0.985527 0.146600 -0.085117
vn 0.939977 0.043160 -0.338498
vn -0.132978 0.086266 -0.987358
vn 0.960853 0.046596 -0.273111
vn 0.885906 0.106470 -0.451480
vn -0.981159 -0.037910 -0.189444
vn 0.961048 0.036897 -0.273906
vn 0.939233 0.057722 -0.338392
vn -0.865762 -0.158533 0.474683
vn 0.909088 0.165383 -0.382371
vn 0.912890 0.103415 -0.394889
vn 0.431981 0.006978 0.901856
vn -0.984328 -0.050656 0.168918
vn 0.977720 0.030633 -0.207664
vn -0.659222 -0.209703 0.722116
vn -0.960996 -0.049709 0.272057
vn -0.913885 -0.098545 0.393832
vn -0.939882 -0.062992 0.335639
vn 0.972215 0.223714 -0.068922
vn 0.936274 0.098668 -0.337129
vn 0.881562 0.166728 -0.441645
vn 0.830332 0.072015 -0.552596
vn 0.898025 0.235799 -0.371416
vn 0.939182 0.056500 -0.338740
vn 0.961377 0.037025 -0.272733
vn -0.983552 -0.015360 -0.179972
vn 0.907052 0.166038 -0.386894
vn 0.960645 0.049819 -0.273274
vn 0.423860 0.035149 0.905046
vn -0.856226 -0.223890 0.465564
vn -0.137545 0.089397 -0.986453
vn 0.936271 0.096969 -0.337629
vn -0.648397 -0.256282 0.716869
vn 0.956127 0.287361 -0.056964
vn -0.984444 -0.040234 0.171031
vn 0.977485 0.043605 -0.206449
vn -0.908827 -0.155630 0.387056
vn -0.960708 -0.056665 0.271714
vn -0.938051 -0.093489 0.333646
vn 0.871282 0.234058 -0.431376
vn 0.928973 0.164310 -0.331681
vn 0.884699 0.293951 -0.361800
vn 0.833492 0.063499 -0.548871
vn 0.428904 0.054428 0.901709
vn 0.936246 0.095310 -0.338170
vn 0.896325 0.234748 -0.376157
vn -0.843369 -0.284085 0.456097
vn -0.985380 -0.005665 -0.170276
vn 0.961432 0.049622 -0.270531
vn -0.898723 -0.223465 0.377306
vn -0.639441 -0.279720 0.716150
vn 0.958435 0.089473 -0.270920
vn 0.946697 0.317592 -0.053860
vn 0.929018 0.163530 -0.331941
vn -0.144765 0.090990 -0.985274
vn 0.917653 0.235655 -0.319968
vn 0.858538 0.290147 -0.422763
vn 0.876585 0.322651 -0.357065
vn -0.984082 -0.047190 0.171337
vn 0.975687 0.083979 -0.202442
vn -0.932374 -0.152363 0.327817
vn -0.959025 -0.087412 0.269501
vn 0.438768 0.051025 0.897151
vn 0.835432 0.073793 -0.544618
vn -0.834262 -0.317145 0.451027
vn 0.917502 0.236054 -0.320109
vn -0.637772 -0.266994 0.722469
vn 0.883699 0.292149 -0.365684
vn 0.929017 0.162755 -0.332322
vn 0.952420 0.299118 -0.058522
vn -0.885321 -0.286239 0.366435
vn -0.986311 -0.013842 -0.164314
vn 0.959748 0.089064 -0.266369
vn 0.904981 0.294198 -0.307339
vn -0.921558 -0.222646 0.318056
vn 0.951251 0.159480 -0.263984
vn 0.880604 0.306647 -0.361254
vn 0.850363 0.319037 -0.418447
vn -0.151199 0.090394 -0.984362
vn 0.442253 0.029862 0.896393
vn -0.982553 -0.078698 0.168514
vn 0.968444 0.155575 -0.194712
vn -0.836845 -0.303813 0.455400
vn 0.917345 0.236377 -0.320319
vn -0.953259 -0.148235 0.263295
vn -0.642010 -0.236853 0.729194
vn 0.875686 0.321343 -0.360433
vn 0.904824 0.294478 -0.307533
vn 0.964570 0.255653 -0.065164
vn -0.875926 -0.321260 0.359924
vn 0.833570 0.106987 -0.541955
vn 0.897434 0.323033 -0.300437
vn 0.938278 0.235629 -0.253207
vn 0.853472 0.304658 -0.422811
vn 0.890158 0.266518 -0.369577
vn -0.907454 -0.287050 0.306805
vn 0.952610 0.158782 -0.259465
vn -0.985162 -0.046691 -0.165156
vn -0.941720 -0.220859 0.253743
vn 0.954547 0.233429 -0.185340
vn 0.444983 0.006978 0.895512
vn -0.845396 -0.265170 0.463670
vn -0.158006 0.084822 -0.983788
vn 0.904661 0.294799 -0.307706
vn 0.879569 0.306108 -0.364220
vn -0.645815 -0.203884 0.735768
vn -0.879415 -0.307899 0.363080
vn 0.897270 0.323450 -0.300476
vn -0.976749 -0.141214 0.161307
vn 0.975522 0.208171 -0.070858
vn 0.902408 0.306510 -0.302840
vn 0.938896 0.235488 -0.251038
vn 0.862179 0.265873 -0.431229
vn -0.897766 -0.322860 0.299631
vn 0.825875 0.166123 -0.538827
vn 0.898932 0.222923 -0.377130
vn 0.924030 0.295520 -0.242562
vn -0.162290 0.073036 -0.984036
vn -0.926552 -0.286979 0.243198
vn 0.939118 0.294606 -0.176817
vn 0.445596 -0.017088 0.895071
vn -0.853360 -0.222081 0.471653
vn -0.978701 -0.110005 -0.173333
vn -0.964666 -0.215689 0.151317
vn 0.889176 0.266491 -0.371953
vn 0.897097 0.323902 -0.300505
vn 0.902168 0.307323 -0.302731
vn -0.889238 -0.267732 0.370911
vn -0.648632 -0.169632 0.741958
vn 0.813275 0.232323 -0.533488
vn 0.984565 0.158094 -0.075093
vn 0.912876 0.265930 -0.309740
vn -0.901855 -0.309088 0.301865
vn 0.870235 0.223698 -0.438919
vn 0.923721 0.296158 -0.242960
vn 0.915787 0.324435 -0.236805
vn 0.906343 0.176924 -0.383718
vn -0.916197 -0.323483 0.236521
vn 0.930516 0.323372 -0.171958
vn -0.156067 0.060793 -0.985874
vn 0.901918 0.308154 -0.302632
vn 0.444951 -0.041137 0.894610
vn 0.897871 0.223269 -0.379444
vn 0.912740 0.266521 -0.309634
vn -0.948545 -0.283439 0.141159
vn -0.859801 -0.176654 0.479099
vn -0.898346 -0.222558 0.378739
vn -0.964868 -0.184340 -0.187211
vn -0.650250 -0.135640 0.747514
vn 0.922184 0.221625 -0.316952
vn 0.799860 0.285816 -0.527762
vn -0.912542 -0.267869 0.309053
vn 0.991157 0.106959 -0.078532
vn 0.915369 0.324952 -0.237710
vn 0.920893 0.307734 -0.239283
vn 0.877068 0.179087 -0.445736
vn -0.920569 -0.309224 0.238606
vn 0.911886 0.129814 -0.389374
vn 0.936074 0.305651 -0.174194
vn 0.912596 0.267125 -0.309536
vn -0.937362 -0.320967 0.135402
vn 0.922136 0.221963 -0.316855
vn -0.150294 0.049709 -0.987391
vn 0.905073 0.177474 -0.386453
vn -0.864239 -0.131247 0.485659
vn -0.905791 -0.174646 0.386059
vn 0.438831 -0.188241 0.878631
vn -0.947288 -0.250985 -0.199129
vn 0.794650 0.312475 -0.520472
vn 0.929740 0.174772 -0.324095
vn 0.920788 0.307630 -0.239821
vn 0.932137 0.265799 -0.245908
vn -0.922337 -0.221518 0.316581
vn -0.632540 -0.197876 0.748825
vn 0.997483 -0.008284 -0.070422
vn -0.931965 -0.266905 0.245362
vn 0.882146 0.133295 -0.451719
vn 0.947782 0.263019 -0.180362
vn -0.941848 -0.306588 0.137576
vn 0.922082 0.222312 -0.316768
vn -0.138786 0.049268 -0.989096
vn 0.929744 0.174913 -0.324008
vn 0.910380 0.130331 -0.392711
vn -0.935447 -0.287737 -0.205298
vn 0.800187 0.298162 -0.520385
vn 0.919788 0.060544 -0.387716
vn 0.932094 0.265515 -0.246379
vn -0.911007 -0.126648 0.392462
vn 0.976994 -0.181497 -0.111986
vn 0.942168 0.219991 -0.252830
vn -0.930330 -0.172306 0.323723
vn 0.935262 0.126607 -0.330537
vn -0.625308 -0.370197 0.686982
vn -0.942374 -0.219479 0.252509
vn 0.958248 0.216497 -0.186788
vn -0.862306 -0.156719 0.481527
vn 0.301835 -0.743185 0.597136
vn -0.953989 -0.263143 0.143739
vn -0.129016 0.057591 -0.989969
vn 0.929742 0.175051 -0.323939
vn -0.939646 -0.273164 -0.206026
vn 0.935273 0.126740 -0.330458
vn 0.808496 0.261078 -0.527421
vn 0.885305 0.083601 -0.457434
vn 0.942143 0.219646 -0.253223
vn 0.888545 -0.302211 -0.345190
vn 0.950325 0.171706 -0.259612
vn 0.913030 0.059227 -0.403570
vn -0.935925 -0.122961 0.330037
vn -0.755681 -0.488577 0.436164
vn 0.966793 0.167482 -0.193031
vn -0.950842 -0.169187 0.259374
vn 0.884256 -0.080895 -0.459942
vn -0.965101 -0.214515 0.150211
vn -0.128752 0.063858 -0.989619
vn -0.908673 -0.146806 0.390848
vn 0.005255 -0.999422 0.033574
vn -0.951894 -0.229446 -0.203106
vn 0.939626 0.049620 -0.338586
vn 0.935271 0.126865 -0.330413
vn 0.815699 0.220812 -0.534674
vn 0.950275 0.171407 -0.259993
vn 0.956203 0.122589 -0.265796
vn 0.851670 -0.309094 -0.423225
vn 0.940711 0.057461 -0.334308
vn 0.898517 -0.243460 -0.365232
vn -0.128302 0.070632 -0.989217
vn -0.956765 -0.118714 0.265534
vn -0.974158 -0.162958 0.156401
vn -0.840180 -0.423756 0.338421
vn -0.963000 -0.180688 -0.199958
vn 0.972949 0.117631 -0.198831
vn -0.066927 -0.996789 -0.043962
vn 0.820965 0.178675 -0.542303
vn -0.934024 -0.145110 0.326409
vn 0.938828 0.075411 -0.336028
vn 0.904134 -0.224858 -0.363291
vn 0.956094 0.122471 -0.266242
vn -0.128135 0.077296 -0.988740
vn 0.959325 0.048977 -0.278023
vn -0.971826 -0.129033 -0.197244
vn -0.854725 -0.444446 0.268165
vn -0.075307 -0.994139 -0.077567
vn 0.936256 -0.090960 -0.339339
vn 0.824200 0.136240 -0.549666
vn 0.977161 0.033700 -0.209813
vn -0.980514 -0.111158 0.161978
vn -0.954682 -0.135424 0.265034
vn 0.888391 -0.331278 -0.317832
vn -0.127688 0.083778 -0.988270
vn 0.960617 0.037854 -0.275286
vn 0.925638 -0.270300 -0.264823
vn -0.977776 -0.077073 -0.194970
vn -0.887196 -0.398732 0.232157
vn -0.081644 -0.994938 -0.058598
vn -0.978872 -0.125073 0.161763
vn 0.897801 -0.278619 -0.341066
vn 0.818967 0.031629 -0.572968
vn -0.127016 -0.030030 -0.991446
vn -0.969079 -0.120180 -0.215504
vn -0.052842 -0.969217 -0.240473
vn 0.813454 -0.188875 -0.550108
vn -0.914896 -0.394118 0.087386
vn -0.932341 -0.306829 -0.191302
vn -0.095166 -0.605935 -0.789801
s 1
g R_Shank
usemtl initialShadingGroup
f 1/1/1 2/2/2 3/3/3
f 4/4/4 5/5/5 6/6/6
f 7/7/7 8/8/8 9/9/9
f 10/10/10 11/11/11 12/12/12
f 13/13/13 14/14/14 15/15/15
f 16/16/16 17/17/17 18/18/18
f 16/16/16 19/19/19 17/17/17
f 20/20/20 9/9/9 21/21/21
f 22/22/22 23/23/23 24/24/24
f 25/25/25 26/26/26 27/27/27
f 28/28/28 29/29/29 30/30/30
f 31/31/31 28/28/28 30/30/30
f 32/32/32 21/21/21 33/33/33
f 34/34/34 13/13/13 35/35/35
f 36/36/36 37/37/37 24/24/24
f 38/38/38 39/39/39 8/8/8
f 22/22/22 40/40/40 23/23/23
f 34/34/34 35/35/35 41/41/41
f 26/26/26 4/4/4 27/27/27
f 42/42/42 43/43/43 44/44/44
f 45/45/45 41/41/41 46/46/46
f 47/47/47 37/37/37 36/36/36
f 45/45/45 46/46/46 40/40/40
f 29/29/29 48/48/48 49/49/49
f 43/43/43 10/10/10 44/44/44
f 39/39/39 50/50/50 51/51/51
f 49/49/49 52/52/52 53/53/53
f 54/54/54 55/55/55 56/56/56
f 57/57/57 14/14/14 13/13/13
f 7/7/7 38/38/38 8/8/8
f 58/58/58 59/59/59 60/60/60
f 61/61/61 18/18/18 62/62/62
f 20/20/20 7/7/7 9/9/9
f 63/63/63 1/1/1 64/64/64
f 63/63/63 64/64/64 19/19/19
f 57/57/57 13/13/13 34/34/34
f 65/65/65 66/66/66 67/67/67
f 68/68/68 55/55/55 54/54/54
f 61/61/61 62/62/62 56/56/56
f 11/11/11 69/69/69 31/31/31
f 37/37/37 22/22/22 24/24/24
f 32/32/32 20/20/20 21/21/21
f 2/2/2 59/59/59 58/58/58
f 70/70/70 67/67/67 71/71/71
f 5/5/5 72/72/72 42/42/42
f 73/73/73 26/26/26 25/25/25
f 70/70/70 71/71/71 60/60/60
f 28/28/28 74/74/74 29/29/29
f 75/75/75 32/32/32 33/33/33
f 69/69/69 28/28/28 31/31/31
f 53/53/53 76/76/76 47/47/47
f 48/48/48 52/52/52 49/49/49
f 77/77/77 75/75/75 78/78/78
f 10/10/10 79/79/79 11/11/11
f 38/38/38 80/80/80 39/39/39
f 4/4/4 81/81/81 5/5/5
f 82/82/82 25/25/25 14/14/14
f 74/74/74 48/48/48 29/29/29
f 83/83/83 40/40/40 22/22/22
f 77/77/77 66/66/66 65/65/65
f 72/72/72 43/43/43 42/42/42
f 84/84/84 34/34/34 41/41/41
f 51/51/51 85/85/85 68/68/68
f 80/80/80 50/50/50 39/39/39
f 86/86/86 16/16/16 18/18/18
f 83/83/83 45/45/45 40/40/40
f 84/84/84 41/41/41 45/45/45
f 87/87/87 2/2/2 1/1/1
f 88/88/88 19/19/19 16/16/16
f 26/26/26 89/89/89 4/4/4
f 52/52/52 76/76/76 53/53/53
f 43/43/43 90/90/90 10/10/10
f 73/73/73 25/25/25 82/82/82
f 79/79/79 69/69/69 11/11/11
f 50/50/50 85/85/85 51/51/51
f 81/81/81 72/72/72 5/5/5
f 86/86/86 18/18/18 61/61/61
f 65/65/65 67/67/67 70/70/70
f 87/87/87 1/1/1 63/63/63
f 88/88/88 63/63/63 19/19/19
f 90/90/90 79/79/79 10/10/10
f 89/89/89 81/81/81 4/4/4
f 55/55/55 61/61/61 56/56/56
f 91/91/91 14/14/14 57/57/57
f 92/92/92 57/57/57 34/34/34
f 93/93/93 22/22/22 37/37/37
f 59/59/59 70/70/70 60/60/60
f 94/94/94 74/74/74 28/28/28
f 69/69/69 94/94/94 28/28/28
f 47/47/47 95/95/95 37/37/37
f 73/73/73 96/96/96 26/26/26
f 93/93/93 83/83/83 22/22/22
f 92/92/92 34/34/34 84/84/84
f 76/76/76 95/95/95 47/47/47
f 96/96/96 89/89/89 26/26/26
f 72/72/72 97/97/97 43/43/43
f 74/74/74 98/98/98 48/48/48
f 82/82/82 14/14/14 91/91/91
f 99/99/99 38/38/38 7/7/7
f 100/100/100 45/45/45 83/83/83
f 101/101/101 16/16/16 86/86/86
f 100/100/100 84/84/84 45/45/45
f 48/48/48 102/102/102 52/52/52
f 97/97/97 90/90/90 43/43/43
f 103/103/103 2/2/2 87/87/87
f 101/101/101 88/88/88 16/16/16
f 103/103/103 59/59/59 2/2/2
f 104/104/104 7/7/7 20/20/20
f 105/105/105 80/80/80 38/38/38
f 106/106/106 75/75/75 77/77/77
f 107/107/107 20/20/20 32/32/32
f 91/91/91 57/57/57 92/92/92
f 79/79/79 108/108/108 69/69/69
f 95/95/95 93/93/93 37/37/37
f 109/109/109 32/32/32 75/75/75
f 65/65/65 106/106/106 77/77/77
f 80/80/80 110/110/110 50/50/50
f 81/81/81 111/111/111 72/72/72
f 94/94/94 112/112/112 74/74/74
f 108/108/108 94/94/94 69/69/69
f 52/52/52 113/113/113 76/76/76
f 98/98/98 102/102/102 48/48/48
f 114/114/114 96/96/96 73/73/73
f 90/90/90 115/115/115 79/79/79
f 68/68/68 116/116/116 55/55/55
f 112/112/112 98/98/98 74/74/74
f 89/89/89 117/117/117 81/81/81
f 85/85/85 116/116/116 68/68/68
f 118/118/118 83/83/83 93/93/93
f 111/111/111 97/97/97 72/72/72
f 99/99/99 105/105/105 38/38/38
f 119/119/119 73/73/73 82/82/82
f 120/120/120 86/86/86 61/61/61
f 121/121/121 65/65/65 70/70/70
f 122/122/122 92/92/92 84/84/84
f 120/120/120 61/61/61 55/55/55
f 123/123/123 87/87/87 63/63/63
f 118/118/118 100/100/100 83/83/83
f 104/104/104 99/99/99 7/7/7
f 123/123/123 63/63/63 88/88/88
f 102/102/102 113/113/113 52/52/52
f 121/121/121 70/70/70 59/59/59
f 122/122/122 84/84/84 100/100/100
f 96/96/96 124/124/124 89/89/89
f 97/97/97 125/125/125 90/90/90
f 115/115/115 108/108/108 79/79/79
f 107/107/107 104/104/104 20/20/20
f 105/105/105 126/126/126 80/80/80
f 106/106/106 109/109/109 75/75/75
f 109/109/109 107/107/107 32/32/32
f 114/114/114 73/73/73 119/119/119
f 117/117/117 111/111/111 81/81/81
f 50/50/50 127/127/127 85/85/85
f 126/126/126 110/110/110 80/80/80
f 125/125/125 115/115/115 90/90/90
f 128/128/128 93/93/93 95/95/95
f 124/124/124 117/117/117 89/89/89
f 129/129/129 112/112/112 94/94/94
f 76/76/76 130/130/130 95/95/95
f 108/108/108 129/129/129 94/94/94
f 131/131/131 101/101/101 86/86/86
f 132/132/132 82/82/82 91/91/91
f 133/133/133 91/91/91 92/92/92
f 134/134/134 103/103/103 87/87/87
f 135/135/135 59/59/59 103/103/103
f 136/136/136 106/106/106 65/65/65
f 137/137/137 88/88/88 101/101/101
f 128/128/128 118/118/118 93/93/93
f 110/110/110 127/127/127 50/50/50
f 114/114/114 138/138/138 96/96/96
f 113/113/113 130/130/130 76/76/76
f 136/136/136 65/65/65 121/121/121
f 111/111/111 139/139/139 97/97/97
f 133/133/133 92/92/92 122/122/122
f 138/138/138 124/124/124 96/96/96
f 112/112/112 140/140/140 98/98/98
f 131/131/131 86/86/86 120/120/120
f 141/141/141 100/100/100 118/118/118
f 139/139/139 125/125/125 97/97/97
f 98/98/98 142/142/142 102/102/102
f 116/116/116 120/120/120 55/55/55
f 141/141/141 122/122/122 100/100/100
f 119/119/119 82/82/82 132/132/132
f 135/135/135 121/121/121 59/59/59
f 134/134/134 87/87/87 123/123/123
f 137/137/137 123/123/123 88/88/88
f 115/115/115 143/143/143 108/108/108
f 130/130/130 128/128/128 95/95/95
f 132/132/132 91/91/91 133/133/133
f 127/127/127 116/116/116 85/85/85
f 117/117/117 144/144/144 111/111/111
f 143/143/143 129/129/129 108/108/108
f 129/129/129 145/145/145 112/112/112
f 102/102/102 146/146/146 113/113/113
f 125/125/125 147/147/147 115/115/115
f 148/148/148 105/105/105 99/99/99
f 140/140/140 142/142/142 98/98/98
f 149/149/149 138/138/138 114/114/114
f 150/150/150 126/126/126 105/105/105
f 151/151/151 101/101/101 131/131/131
f 124/124/124 152/152/152 117/117/117
f 151/151/151 137/137/137 101/101/101
f 153/153/153 118/118/118 128/128/128
f 154/154/154 135/135/135 103/103/103
f 145/145/145 140/140/140 112/112/112
f 154/154/154 103/103/103 134/134/134
f 144/144/144 139/139/139 111/111/111
f 155/155/155 99/99/99 104/104/104
f 156/156/156 109/109/109 106/106/106
f 157/157/157 114/114/114 119/119/119
f 153/153/153 141/141/141 118/118/118
f 158/158/158 133/133/133 122/122/122
f 126/126/126 159/159/159 110/110/110
f 142/142/142 146/146/146 102/102/102
f 160/160/160 104/104/104 107/107/107
f 158/158/158 122/122/122 141/141/141
f 136/136/136 156/156/156 106/106/106
f 138/138/138 161/161/161 124/124/124
f 139/139/139 162/162/162 125/125/125
f 147/147/147 143/143/143 115/115/115
f 163/163/163 107/107/107 109/109/109
f 152/152/152 144/144/144 117/117/117
f 149/149/149 114/114/114 157/157/157
f 159/159/159 127/127/127 110/110/110
f 162/162/162 147/147/147 125/125/125
f 164/164/164 128/128/128 130/130/130
f 148/148/148 150/150/150 105/105/105
f 161/161/161 152/152/152 124/124/124
f 165/165/165 136/136/136 121/121/121
f 113/113/113 166/166/166 130/130/130
f 143/143/143 167/167/167 129/129/129
f 167/167/167 145/145/145 129/129/129
f 168/168/168 120/120/120 116/116/116
f 168/168/168 131/131/131 120/120/120
f 164/164/164 153/153/153 128/128/128
f 169/169/169 132/132/132 133/133/133
f 165/165/165 121/121/121 135/135/135
f 170/170/170 119/119/119 132/132/132
f 155/155/155 148/148/148 99/99/99
f 150/150/150 171/171/171 126/126/126
f 149/149/149 172/172/172 138/138/138
f 173/173/173 134/134/134 123/123/123
f 173/173/173 123/123/123 137/137/137
f 144/144/144 174/174/174 139/139/139
f 146/146/146 166/166/166 113/113/113
f 171/171/171 159/159/159 126/126/126
f 172/172/172 161/161/161 138/138/138
f 160/160/160 155/155/155 104/104/104
f 156/156/156 163/163/163 109/109/109
f 169/169/169 133/133/133 158/158/158
f 175/175/175 141/141/141 153/153/153
f 174/174/174 162/162/162 139/139/139
f 176/176/176 116/116/116 127/127/127
f 175/175/175 158/158/158 141/141/141
f 163/163/163 160/160/160 107/107/107
f 145/145/145 177/177/177 140/140/140
f 157/157/157 119/119/119 170/170/170
f 140/140/140 178/178/178 142/142/142
f 179/179/179 151/151/151 131/131/131
f 180/180/180 156/156/156 136/136/136
f 166/166/166 164/164/164 130/130/130
f 147/147/147 181/181/181 143/143/143
f 182/182/182 137/137/137 151/151/151
f 170/170/170 132/132/132 169/169/169
f 183/183/183 135/135/135 154/154/154
f 152/152/152 184/184/184 144/144/144
f 185/185/185 154/154/154 134/134/134
f 180/180/180 136/136/136 165/165/165
f 181/181/181 167/167/167 143/143/143
f 176/176/176 168/168/168 116/116/116
f 167/167/167 186/186/186 145/145/145
f 162/162/162 187/187/187 147/147/147
f 188/188/188 127/127/127 159/159/159
f 189/189/189 172/172/172 149/149/149
f 142/142/142 190/190/190 146/146/146
f 179/179/179 131/131/131 168/168/168
f 161/161/161 191/191/191 152/152/152
f 192/192/192 153/153/153 164/164/164
f 177/177/177 178/178/178 140/140/140
f 184/184/184 174/174/174 144/144/144
f 183/183/183 165/165/165 135/135/135
f 192/192/192 175/175/175 153/153/153
f 186/186/186 177/177/177 145/145/145
f 193/193/193 149/149/149 157/157/157
f 182/182/182 173/173/173 137/137/137
f 188/188/188 176/176/176 127/127/127
f 194/194/194 169/169/169 158/158/158
f 185/185/185 134/134/134 173/173/173
f 194/194/194 158/158/158 175/175/175
f 172/172/172 195/195/195 161/161/161
f 174/174/174 196/196/196 162/162/162
f 187/187/187 181/181/181 147/147/147
f 178/178/178 190/190/190 142/142/142
f 197/197/197 171/171/171 150/150/150
f 198/198/198 150/150/150 148/148/148
f 191/191/191 184/184/184 152/152/152
f 189/189/189 149/149/149 193/193/193
f 199/199/199 151/151/151 179/179/179
f 196/196/196 187/187/187 162/162/162
f 195/195/195 191/191/191 161/161/161
f 200/200/200 164/164/164 166/166/166
f 199/199/199 182/182/182 151/151/151
f 171/171/171 201/201/201 159/159/159
f 202/202/202 148/148/148 155/155/155
f 203/203/203 170/170/170 169/169/169
f 200/200/200 192/192/192 164/164/164
f 204/204/204 157/157/157 170/170/170
f 146/146/146 205/205/205 166/166/166
f 206/206/206 183/183/183 154/154/154
f 207/207/207 163/163/163 156/156/156
f 181/181/181 208/208/208 167/167/167
f 206/206/206 154/154/154 185/185/185
f 189/189/189 209/209/209 172/172/172
f 208/208/208 186/186/186 167/167/167
f 180/180/180 207/207/207 156/156/156
f 210/210/210 155/155/155 160/160/160
f 184/184/184 211/211/211 174/174/174
f 209/209/209 195/195/195 172/172/172
f 203/203/203 169/169/169 194/194/194
f 212/212/212 175/175/175 192/192/192
f 212/212/212 194/194/194 175/175/175
f 213/213/213 160/160/160 163/163/163
f 190/190/190 205/205/205 146/146/146
f 211/211/211 196/196/196 174/174/174
f 193/193/193 157/157/157 204/204/204
f 214/214/214 168/168/168 176/176/176
f 214/214/214 179/179/179 168/168/168
f 197/197/197 215/215/215 171/171/171
f 186/186/186 216/216/216 177/177/177
f 202/202/202 198/198/198 148/148/148
f 159/159/159 217/217/217 188/188/188
f 177/177/177 218/218/218 178/178/178
f 204/204/204 170/170/170 203/203/203
f 165/165/165 219/219/219 180/180/180
f 215/215/215 201/201/201 171/171/171
f 205/205/205 200/200/200 166/166/166
f 187/187/187 220/220/220 181/181/181
f 221/221/221 165/165/165 183/183/183
f 191/191/191 222/222/222 184/184/184
f 223/223/223 176/176/176 188/188/188
f 224/224/224 173/173/173 182/182/182
f 224/224/224 185/185/185 173/173/173
f 225/225/225 209/209/209 189/189/189
f 210/210/210 202/202/202 155/155/155
f 220/220/220 208/208/208 181/181/181
f 195/195/195 226/226/226 191/191/191
f 196/196/196 227/227/227 187/187/187
f 197/197/197 150/150/150 228/228/228
f 229/229/229 192/192/192 200/200/200
f 201/201/201 217/217/217 159/159/159
f 207/207/207 213/213/213 163/163/163
f 222/222/222 211/211/211 184/184/184
f 208/208/208 230/230/230 186/186/186
f 228/228/228 150/150/150 198/198/198
f 231/231/231 189/189/189 193/193/193
f 232/232/232 199/199/199 179/179/179
f 229/229/229 212/212/212 192/192/192
f 178/178/178 233/233/233 190/190/190
f 213/213/213 210/210/210 160/160/160
f 234/234/234 203/203/203 194/194/194
f 234/234/234 194/194/194 212/212/212
f 209/209/209 235/235/235 195/195/195
f 216/216/216 218/218/218 177/177/177
f 236/236/236 182/182/182 199/199/199
f 219/219/219 207/207/207 180/180/180
f 211/211/211 237/237/237 196/196/196
f 230/230/230 216/216/216 186/186/186
f 221/221/221 219/219/219 165/165/165
f 225/225/225 189/189/189 231/231/231
f 226/226/226 222/222/222 191/191/191
f 227/227/227 220/220/220 187/187/187
f 232/232/232 179/179/179 214/214/214
f 238/238/238 183/183/183 206/206/206
f 239/239/239 206/206/206 185/185/185
f 218/218/218 233/233/233 178/178/178
f 235/235/235 226/226/226 195/195/195
f 237/237/237 227/227/227 196/196/196
f 240/240/240 200/200/200 205/205/205
f 241/241/241 204/204/204 203/203/203
f 242/242/242 193/193/193 204/204/204
f 236/236/236 224/224/224 182/182/182
f 243/243/243 215/215/215 197/197/197
f 225/225/225 244/244/244 209/209/209
f 238/238/238 221/221/221 183/183/183
f 240/240/240 229/229/229 200/200/200
f 239/239/239 185/185/185 224/224/224
f 176/176/176 245/245/245 214/214/214
f 190/190/190 246/246/246 205/205/205
f 220/220/220 247/247/247 208/208/208
f 241/241/241 203/203/203 234/234/234
f 244/244/244 235/235/235 209/209/209
f 223/223/223 245/245/245 176/176/176
f 222/222/222 248/248/248 211/211/211
f 247/247/247 230/230/230 208/208/208
f 249/249/249 212/212/212 229/229/229
f 250/250/250 199/199/199 232/232/232
f 249/249/249 234/234/234 212/212/212
f 231/231/231 193/193/193 242/242/242
f 215/215/215 251/251/251 201/201/201
f 252/252/252 198/198/198 202/202/202
f 248/248/248 237/237/237 211/211/211
f 188/188/188 253/253/253 223/223/223
f 233/233/233 246/246/246 190/190/190
f 217/217/217 253/253/253 188/188/188
f 242/242/242 204/204/204 241/241/241
f 251/251/251 217/217/217 201/201/201
f 254/254/254 206/206/206 239/239/239
f 254/254/254 238/238/238 206/206/206
f 255/255/255 213/213/213 207/207/207
f 256/256/256 202/202/202 210/210/210
f 226/226/226 257/257/257 222/222/222
f 258/258/258 244/244/244 225/225/225
f 246/246/246 240/240/240 205/205/205
f 227/227/227 259/259/259 220/220/220
f 230/230/230 260/260/260 216/216/216
f 219/219/219 255/255/255 207/207/207
f 216/216/216 261/261/261 218/218/218
f 243/243/243 262/262/262 215/215/215
f 199/199/199 263/263/263 236/236/236
f 235/235/235 264/264/264 226/226/226
f 265/265/265 210/210/210 213/213/213
f 266/266/266 225/225/225 231/231/231
f 267/267/267 229/229/229 240/240/240
f 250/250/250 263/263/263 199/199/199
f 214/214/214 268/268/268 232/232/232
f 257/257/257 248/248/248 222/222/222
f 269/269/269 241/241/241 234/234/234
f 237/237/237 270/270/270 227/227/227
f 262/262/262 251/251/251 215/215/215
f 259/259/259 247/247/247 220/220/220
f 267/267/267 249/249/249 229/229/229
f 269/269/269 234/234/234 249/249/249
f 244/244/244 271/271/271 235/235/235
f 243/243/243 197/197/197 272/272/272
f 247/247/247 273/273/273 230/230/230
f 274/274/274 224/224/224 236/236/236
f 258/258/258 225/225/225 266/266/266
f 221/221/221 275/275/275 219/219/219
f 218/218/218 276/276/276 233/233/233
f 272/272/272 197/197/197 228/228/228
f 277/277/277 221/221/221 238/238/238
f 274/274/274 239/239/239 224/224/224
f 264/264/264 257/257/257 226/226/226
f 248/248/248 278/278/278 237/237/237
f 260/260/260 261/261/261 216/216/216
f 245/245/245 268/268/268 214/214/214
f 270/270/270 259/259/259 227/227/227
f 228/228/228 198/198/198 279/279/279
f 271/271/271 264/264/264 235/235/235
f 273/273/273 260/260/260 230/230/230
f 280/280/280 242/242/242 241/241/241
f 281/281/281 231/231/231 242/242/242
f 232/232/232 282/282/282 250/250/250
f 265/265/265 256/256/256 210/210/210
f 255/255/255 265/265/265 213/213/213
f 279/279/279 198/198/198 252/252/252
f 283/283/283 217/217/217 251/251/251
f 258/258/258 284/284/284 244/244/244
f 278/278/278 270/270/270 237/237/237
f 261/261/261 276/276/276 218/218/218
f 285/285/285 240/240/240 246/246/246
f 280/280/280 241/241/241 269/269/269
f 285/285/285 267/267/267 240/240/240
f 275/275/275 255/255/255 219/219/219
f 283/283/283 253/253/253 217/217/217
f 284/284/284 271/271/271 244/244/244
f 286/286/286 254/254/254 239/239/239
f 252/252/252 202/202/202 287/287/287
f 288/288/288 238/238/238 254/254/254
f 277/277/277 275/275/275 221/221/221
f 266/266/266 231/231/231 281/281/281
f 289/289/289 269/269/269 249/249/249
f 289/289/289 249/249/249 267/267/267
f 290/290/290 262/262/262 243/243/243
f 257/257/257 291/291/291 248/248/248
f 268/268/268 282/282/282 232/232/232
f 287/287/287 202/202/202 256/256/256
f 233/233/233 292/292/292 246/246/246
f 223/223/223 293/293/293 245/245/245
f 259/259/259 294/294/294 247/247/247
f 294/294/294 273/273/273 247/247/247
f 253/253/253 293/293/293 223/223/223
f 281/281/281 242/242/242 280/280/280
f 291/291/291 278/278/278 248/248/248
f 286/286/286 239/239/239 274/274/274
f 288/288/288 277/277/277 238/238/238
f 262/262/262 295/295/295 251/251/251
f 276/276/276 292/292/292 233/233/233
f 296/296/296 284/284/284 258/258/258
f 264/264/264 297/297/297 257/257/257
f 236/236/236 298/298/298 274/274/274
f 299/299/299 258/258/258 266/266/266
f 271/271/271 300/300/300 264/264/264
f 263/263/263 298/298/298 236/236/236
f 270/270/270 301/301/301 259/259/259
f 292/292/292 285/285/285 246/246/246
f 302/302/302 280/280/280 269/269/269
f 295/295/295 283/283/283 251/251/251
f 303/303/303 254/254/254 286/286/286
f 273/273/273 304/304/304 260/260/260
f 302/302/302 269/269/269 289/289/289
f 303/303/303 288/288/288 254/254/254
f 260/260/260 305/305/305 261/261/261
f 306/306/306 267/267/267 285/285/285
f 297/297/297 291/291/291 257/257/257
f 250/250/250 307/307/307 263/263/263
f 306/306/306 289/289/289 267/267/267
f 290/290/290 308/308/308 262/262/262
f 309/309/309 265/265/265 255/255/255
f 284/284/284 310/310/310 271/271/271
f 282/282/282 307/307/307 250/250/250
f 245/245/245 311/311/311 268/268/268
f 278/278/278 312/312/312 270/270/270
f 296/296/296 258/258/258 299/299/299
f 301/301/301 294/294/294 259/259/259
f 313/313/313 256/256/256 265/265/265
f 275/275/275 309/309/309 255/255/255
f 314/314/314 253/253/253 283/283/283
f 308/308/308 295/295/295 262/262/262
f 290/290/290 243/243/243 315/315/315
f 300/300/300 297/297/297 264/264/264
f 294/294/294 316/316/316 273/273/273
f 317/317/317 281/281/281 280/280/280
f 318/318/318 266/266/266 281/281/281
f 315/315/315 243/243/243 272/272/272
f 261/261/261 319/319/319 276/276/276
f 291/291/291 320/320/320 278/278/278
f 310/310/310 300/300/300 271/271/271
f 293/293/293 311/311/311 245/245/245
f 304/304/304 305/305/305 260/260/260
f 272/272/272 228/228/228 321/321/321
f 312/312/312 301/301/301 270/270/270
f 322/322/322 275/275/275 277/277/277
f 296/296/296 323/323/323 284/284/284
f 268/268/268 324/324/324 282/282/282
f 317/317/317 280/280/280 302/302/302
f 322/322/322 277/277/277 288/288/288
f 316/316/316 304/304/304 273/273/273
f 274/274/274 325/325/325 286/286/286
f 321/321/321 228/228/228 279/279/279
f 299/299/299 266/266/266 318/318/318
f 320/320/320 312/312/312 278/278/278
f 323/323/323 310/310/310 284/284/284
f 326/326/326 285/285/285 292/292/292
f 309/309/309 313/313/313 265/265/265
f 327/327/327 302/302/302 289/289/289
f 326/326/326 306/306/306 285/285/285
f 305/305/305 319/319/319 261/261/261
f 319/319/319 292/292/292 276/276/276
f 328/328/328 283/283/283 295/295/295
f 327/327/327 289/289/289 306/306/306
f 279/279/279 252/252/252 329/329/329
f 318/318/318 281/281/281 317/317/317
f 297/297/297 330/330/330 291/291/291
f 328/328/328 314/314/314 283/283/283
f 311/311/311 324/324/324 268/268/268
f 329/329/329 252/252/252 287/287/287
f 253/253/253 331/331/331 293/293/293
f 298/298/298 325/325/325 274/274/274
f 332/332/332 308/308/308 290/290/290
f 301/301/301 333/333/333 294/294/294
f 334/334/334 288/288/288 303/303/303
f 335/335/335 309/309/309 275/275/275
f 286/286/286 336/336/336 303/303/303
f 314/314/314 331/331/331 253/253/253
f 330/330/330 320/320/320 291/291/291
f 333/333/333 316/316/316 294/294/294
f 287/287/287 256/256/256 337/337/337
f 335/335/335 275/275/275 322/322/322
f 338/338/338 323/323/323 296/296/296
f 300/300/300 339/339/339 297/297/297
f 337/337/337 256/256/256 313/313/313
f 340/340/340 296/296/296 299/299/299
f 334/334/334 322/322/322 288/288/288
f 341/341/341 317/317/317 302/302/302
f 315/315/315 332/332/332 290/290/290
f 263/263/263 342/342/342 298/298/298
f 308/308/308 343/343/343 295/295/295
f 310/310/310 344/344/344 300/300/300
f 325/325/325 336/336/336 286/286/286
f 307/307/307 342/342/342 263/263/263
f 341/341/341 302/302/302 327/327/327
f 312/312/312 345/345/345 301/301/301
f 346/346/346 326/326/326 292/292/292
f 346/346/346 292/292/292 319/319/319
f 282/282/282 347/347/347 307/307/307
f 339/339/339 330/330/330 297/297/297
f 338/338/338 296/296/296 340/340/340
f 348/348/348 306/306/306 326/326/326
f 348/348/348 327/327/327 306/306/306
f 349/349/349 305/305/305 304/304/304
f 323/323/323 350/350/350 310/310/310
f 324/324/324 347/347/347 282/282/282
f 316/316/316 349/349/349 304/304/304
f 293/293/293 351/351/351 311/311/311
f 343/343/343 328/328/328 295/295/295
f 320/320/320 352/352/352 312/312/312
f 332/332/332 353/353/353 308/308/308
f 345/345/345 333/333/333 301/301/301
f 354/354/354 299/299/299 318/318/318
f 355/355/355 318/318/318 317/317/317
f 356/356/356 313/313/313 309/309/309
f 344/344/344 339/339/339 300/300/300
f 357/357/357 319/319/319 305/305/305
f 358/358/358 314/314/314 328/328/328
f 353/353/353 343/343/343 308/308/308
f 350/350/350 344/344/344 310/310/310
f 330/330/330 359/359/359 320/320/320
f 333/333/333 360/360/360 316/316/316
f 331/331/331 351/351/351 293/293/293
f 315/315/315 272/272/272 361/361/361
f 338/338/338 362/362/362 323/323/323
f 355/355/355 317/317/317 341/341/341
f 311/311/311 363/363/363 324/324/324
f 303/303/303 364/364/364 334/334/334
f 361/361/361 272/272/272 321/321/321
f 352/352/352 345/345/345 312/312/312
f 340/340/340 299/299/299 354/354/354
f 298/298/298 365/365/365 325/325/325
f 336/336/336 364/364/364 303/303/303
f 358/358/358 331/331/331 314/314/314
f 366/366/366 309/309/309 335/335/335
f 357/357/357 305/305/305 349/349/349
f 367/367/367 335/335/335 322/322/322
f 362/362/362 350/350/350 323/323/323
f 360/360/360 349/349/349 316/316/316
f 367/367/367 322/322/322 334/334/334
f 368/368/368 341/341/341 327/327/327
f 359/359/359 352/352/352 320/320/320
f 321/321/321 279/279/279 369/369/369
f 354/354/354 318/318/318 355/355/355
f 370/370/370 326/326/326 346/346/346
f 368/368/368 327/327/327 348/348/348
f 370/370/370 348/348/348 326/326/326
f 371/371/371 346/346/346 319/319/319
f 351/351/351 363/363/363 311/311/311
f 369/369/369 279/279/279 329/329/329
f 372/372/372 332/332/332 315/315/315
f 339/339/339 373/373/373 330/330/330
f 374/374/374 328/328/328 343/343/343
f 342/342/342 365/365/365 298/298/298
f 356/356/356 309/309/309 366/366/366
f 325/325/325 375/375/375 336/336/336
f 374/374/374 358/358/358 328/328/328
f 371/371/371 319/319/319 357/357/357
f 340/340/340 376/376/376 338/338/338
f 345/345/345 377/377/377 333/333/333
f 378/378/378 353/353/353 332/332/332
f 329/329/329 287/287/287 379/379/379
f 373/373/373 359/359/359 330/330/330
f 376/376/376 362/362/362 338/338/338
f 377/377/377 360/360/360 333/333/333
f 379/379/379 287/287/287 337/337/337
f 366/366/366 335/335/335 367/367/367
f 380/380/380 313/313/313 356/356/356
f 344/344/344 381/381/381 339/339/339
f 307/307/307 382/382/382 342/342/342
f 337/337/337 313/313/313 380/380/380
f 383/383/383 355/355/355 341/341/341
f 365/365/365 375/375/375 325/325/325
f 347/347/347 382/382/382 307/307/307
f 372/372/372 378/378/378 332/332/332
f 350/350/350 384/384/384 344/344/344
f 383/383/383 341/341/341 368/368/368
f 324/324/324 385/385/385 347/347/347
f 386/386/386 351/351/351 331/331/331
f 386/386/386 331/331/331 358/358/358
f 387/387/387 343/343/343 353/353/353
f 363/363/363 385/385/385 324/324/324
f 352/352/352 388/388/388 345/345/345
f 389/389/389 370/370/370 346/346/346
f 381/381/381 373/373/373 339/339/339
f 390/390/390 368/368/368 348/348/348
f 390/390/390 348/348/348 370/370/370
f 362/362/362 391/391/391 350/350/350
f 389/389/389 346/346/346 371/371/371
f 392/392/392 340/340/340 354/354/354
f 393/393/393 357/357/357 349/349/349
f 394/394/394 354/354/354 355/355/355
f 360/360/360 393/393/393 349/349/349
f 395/395/395 376/376/376 340/340/340
f 334/334/334 396/396/396 367/367/367
f 359/359/359 397/397/397 352/352/352
f 398/398/398 374/374/374 343/343/343
f 364/364/364 396/396/396 334/334/334
f 388/388/388 377/377/377 345/345/345
f 378/378/378 387/387/387 353/353/353
f 384/384/384 381/381/381 344/344/344
f 399/399/399 371/371/371 357/357/357
f 400/400/400 358/358/358 374/374/374
f 372/372/372 315/315/315 401/401/401
f 336/336/336 402/402/402 364/364/364
f 391/391/391 384/384/384 350/350/350
f 394/394/394 355/355/355 383/383/383
f 351/351/351 403/403/403 363/363/363
f 342/342/342 404/404/404 365/365/365
f 376/376/376 405/405/405 362/362/362
f 401/401/401 315/315/315 361/361/361
f 373/373/373 406/406/406 359/359/359
f 375/375/375 402/402/402 336/336/336
f 377/377/377 407/407/407 360/360/360
f 395/395/395 340/340/340 392/392/392
f 398/398/398 343/343/343 387/387/387
f 408/408/408 351/351/351 386/386/386
f 409/409/409 356/356/356 366/366/366
f 361/361/361 321/321/321 410/410/410
f 397/397/397 388/388/388 352/352/352
f 400/400/400 386/386/386 358/358/358
f 396/396/396 366/366/366 367/367/367
f 405/405/405 391/391/391 362/362/362
f 392/392/392 354/354/354 394/394/394
f 410/410/410 321/321/321 369/369/369
f 411/411/411 383/383/383 368/368/368
f 399/399/399 357/357/357 393/393/393
f 382/382/382 404/404/404 342/342/342
f 407/407/407 393/393/393 360/360/360
f 406/406/406 397/397/397 359/359/359
f 408/408/408 403/403/403 351/351/351
f 411/411/411 368/368/368 390/390/390
f 412/412/412 370/370/370 389/389/389
f 412/412/412 390/390/390 370/370/370
f 365/365/365 413/413/413 375/375/375
f 380/380/380 356/356/356 409/409/409
f 414/414/414 378/378/378 372/372/372
f 415/415/415 389/389/389 371/371/371
f 381/381/381 416/416/416 373/373/373
f 369/369/369 329/329/329 417/417/417
f 395/395/395 418/418/418 376/376/376
f 419/419/419 374/374/374 398/398/398
f 417/417/417 329/329/329 379/379/379
f 415/415/415 371/371/371 399/399/399
f 419/419/419 400/400/400 374/374/374
f 418/418/418 405/405/405 376/376/376
f 347/347/347 420/420/420 382/382/382
f 388/388/388 421/421/421 377/377/377
f 416/416/416 406/406/406 373/373/373
f 422/422/422 337/337/337 380/380/380
f 404/404/404 413/413/413 365/365/365
f 423/423/423 387/387/387 378/378/378
f 379/379/379 337/337/337 422/422/422
f 385/385/385 420/420/420 347/347/347
f 409/409/409 366/366/366 396/396/396
f 421/421/421 407/407/407 377/377/377
f 424/424/424 394/394/394 383/383/383
f 384/384/384 425/425/425 381/381/381
f 363/363/363 426/426/426 385/385/385
f 401/401/401 414/414/414 372/372/372
f 391/391/391 427/427/427 384/384/384
f 424/424/424 383/383/383 411/411/411
f 414/414/414 423/423/423 378/378/378
f 428/428/428 408/408/408 386/386/386
f 403/403/403 426/426/426 363/363/363
f 428/428/428 386/386/386 400/400/400
f 364/364/364 429/429/429 396/396/396
f 397/397/397 430/430/430 388/388/388
f 387/387/387 431/431/431 398/398/398
f 405/405/405 432/432/432 391/391/391
f 433/433/433 411/411/411 390/390/390
f 425/425/425 416/416/416 381/381/381
f 434/434/434 412/412/412 389/389/389
f 433/433/433 390/390/390 412/412/412
f 435/435/435 395/395/395 392/392/392
f 402/402/402 429/429/429 364/364/364
f 436/436/436 392/392/392 394/394/394
f 434/434/434 389/389/389 415/415/415
f 437/437/437 418/418/418 395/395/395
f 438/438/438 399/399/399 393/393/393
f 407/407/407 438/438/438 393/393/393
f 375/375/375 439/439/439 402/402/402
f 382/382/382 440/440/440 404/404/404
f 406/406/406 441/441/441 397/397/397
f 442/442/442 403/403/403 408/408/408
f 413/413/413 439/439/439 375/375/375
f 431/431/431 419/419/419 398/398/398
f 430/430/430 421/421/421 388/388/388
f 427/427/427 425/425/425 384/384/384
f 423/423/423 443/443/443 387/387/387
f 436/436/436 394/394/394 424/424/424
f 418/418/418 444/444/444 405/405/405
f 432/432/432 427/427/427 391/391/391
f 445/445/445 415/415/415 399/399/399
f 446/446/446 380/380/380 409/409/409
f 447/447/447 400/400/400 419/419/419
f 437/437/437 395/395/395 435/435/435
f 401/401/401 361/361/361 448/448/448
f 416/416/416 449/449/449 406/406/406
f 429/429/429 409/409/409 396/396/396
f 442/442/442 408/408/408 428/428/428
f 448/448/448 361/361/361 410/410/410
f 421/421/421 450/450/450 407/407/407
f 420/420/420 440/440/440 382/382/382
f 443/443/443 431/431/431 387/387/387
f 404/404/404 451/451/451 413/413/413
f 447/447/447 428/428/428 400/400/400
f 441/441/441 430/430/430 397/397/397
f 435/435/435 392/392/392 436/436/436
f 444/444/444 432/432/432 405/405/405
f 422/422/422 380/380/380 446/446/446
f 452/452/452 424/424/424 411/411/411
f 410/410/410 369/369/369 453/453/453
f 445/445/445 399/399/399 438/438/438
f 450/450/450 438/438/438 407/407/407
f 452/452/452 411/411/411 433/433/433
f 449/449/449 441/441/441 406/406/406
f 453/453/453 369/369/369 417/417/417
f 454/454/454 412/412/412 434/434/434
f 454/454/454 433/433/433 412/412/412
f 455/455/455 414/414/414 401/401/401
f 456/456/456 403/403/403 442/442/442
f 456/456/456 426/426/426 403/403/403
f 457/457/457 423/423/423 414/414/414
f 437/437/437 458/458/458 418/418/418
f 459/459/459 379/379/379 422/422/422
f 417/417/417 379/379/379 459/459/459
f 440/440/440 451/451/451 404/404/404
f 460/460/460 434/434/434 415/415/415
f 385/385/385 461/461/461 420/420/420
f 425/425/425 462/462/462 416/416/416
f 446/446/446 409/409/409 429/429/429
f 426/426/426 461/461/461 385/385/385
f 463/463/463 419/419/419 431/431/431
f 458/458/458 444/444/444 418/418/418
f 460/460/460 415/415/415 445/445/445
f 463/463/463 447/447/447 419/419/419
f 430/430/430 464/464/464 421/421/421
f 462/462/462 449/449/449 416/416/416
f 465/465/465 443/443/443 423/423/423
f 466/466/466 436/436/436 424/424/424
f 464/464/464 450/450/450 421/421/421
f 427/427/427 467/467/467 425/425/425
f 455/455/455 457/457/457 414/414/414
f 402/402/402 468/468/468 429/429/429
f 469/469/469 442/442/442 428/428/428
f 466/466/466 424/424/424 452/452/452
f 439/439/439 468/468/468 402/402/402
f 432/432/432 470/470/470 427/427/427
f 457/457/457 465/465/465 423/423/423
f 435/435/435 471/471/471 437/437/437
f 469/469/469 428/428/428 447/447/447
f 413/413/413 472/472/472 439/439/439
f 420/420/420 473/473/473 440/440/440
f 443/443/443 474/474/474 431/431/431
f 451/451/451 472/472/472 413/413/413
f 444/444/444 475/475/475 432/432/432
f 476/476/476 452/452/452 433/433/433
f 467/467/467 462/462/462 425/425/425
f 441/441/441 477/477/477 430/430/430
f 478/478/478 435/435/435 436/436/436
f 479/479/479 454/454/454 434/434/434
f 476/476/476 433/433/433 454/454/454
f 471/471/471 458/458/458 437/437/437
f 479/479/479 434/434/434 460/460/460
f 480/480/480 426/426/426 456/456/456
f 481/481/481 456/456/456 442/442/442
f 482/482/482 422/422/422 446/446/446
f 483/483/483 445/445/445 438/438/438
f 450/450/450 483/483/483 438/438/438
f 449/449/449 484/484/484 441/441/441
f 468/468/468 446/446/446 429/429/429
f 470/470/470 467/467/467 427/427/427
f 477/477/477 464/464/464 430/430/430
f 465/465/465 485/485/485 443/443/443
f 455/455/455 401/401/401 486/486/486
f 461/461/461 473/473/473 420/420/420
f 478/478/478 436/436/436 466/466/466
f 486/486/486 401/401/401 448/448/448
f 458/458/458 487/487/487 444/444/444
f 440/440/440 488/488/488 451/451/451
f 475/475/475 470/470/470 432/432/432
f 480/480/480 461/461/461 426/426/426
f 459/459/459 422/422/422 482/482/482
f 489/489/489 447/447/447 463/463/463
f 490/490/490 460/460/460 445/445/445
f 481/481/481 442/442/442 469/469/469
f 431/431/431 491/491/491 463/463/463
f 462/462/462 492/492/492 449/449/449
f 448/448/448 410/410/410 493/493/493
f 485/485/485 474/474/474 443/443/443
f 494/494/494 471/471/471 435/435/435
f 464/464/464 495/495/495 450/450/450
f 493/493/493 410/410/410 453/453/453
f 489/489/489 469/469/469 447/447/447
f 494/494/494 435/435/435 478/478/478
f 484/484/484 477/477/477 441/441/441
f 487/487/487 475/475/475 444/444/444
f 496/496/496 417/417/417 459/459/459
f 453/453/453 417/417/417 496/496/496
f 497/497/497 466/466/466 452/452/452
f 473/473/473 488/488/488 440/440/440
f 482/482/482 446/446/446 468/468/468
f 474/474/474 491/491/491 431/431/431
f 490/490/490 445/445/445 483/483/483
f 497/497/497 452/452/452 476/476/476
f 498/498/498 457/457/457 455/455/455
f 499/499/499 480/480/480 456/456/456
f 492/492/492 484/484/484 449/449/449
f 495/495/495 483/483/483 450/450/450
f 499/499/499 456/456/456 481/481/481
f 500/500/500 476/476/476 454/454/454
f 500/500/500 454/454/454 479/479/479
f 501/501/501 465/465/465 457/457/457
f 471/471/471 502/502/502 458/458/458
f 467/467/467 503/503/503 462/462/462
f 504/504/504 479/479/479 460/460/460
f 502/502/502 487/487/487 458/458/458
f 491/491/491 489/489/489 463/463/463
f 439/439/439 505/505/505 468/468/468
f 506/506/506 485/485/485 465/465/465
f 504/504/504 460/460/460 490/490/490
f 477/477/477 507/507/507 464/464/464
f 503/503/503 492/492/492 462/462/462
f 472/472/472 505/505/505 439/439/439
f 508/508/508 478/478/478 466/466/466
f 509/509/509 461/461/461 480/480/480
f 507/507/507 495/495/495 464/464/464
f 470/470/470 510/510/510 467/467/467
f 451/451/451 511/511/511 472/472/472
f 486/486/486 498/498/498 455/455/455
f 498/498/498 501/501/501 457/457/457
f 488/488/488 511/511/511 451/451/451
f 512/512/512 481/481/481 469/469/469
f 501/501/501 506/506/506 465/465/465
f 508/508/508 466/466/466 497/497/497
f 461/461/461 513/513/513 473/473/473
f 475/475/475 514/514/514 470/470/470
f 494/494/494 515/515/515 471/471/471
f 512/512/512 469/469/469 489/489/489
f 485/485/485 516/516/516 474/474/474
f 517/517/517 459/459/459 482/482/482
f 505/505/505 482/482/482 468/468/468
f 487/487/487 518/518/518 475/475/475
f 519/519/519 494/494/494 478/478/478
f 520/520/520 497/497/497 476/476/476
f 510/510/510 503/503/503 467/467/467
f 515/515/515 502/502/502 471/471/471
f 484/484/484 521/521/521 477/477/477
f 520/520/520 476/476/476 500/500/500
f 522/522/522 500/500/500 479/479/479
f 523/523/523 480/480/480 499/499/499
f 522/522/522 479/479/479 504/504/504
f 496/496/496 459/459/459 517/517/517
f 524/524/524 499/499/499 481/481/481
f 509/509/509 513/513/513 461/461/461
f 506/506/506 525/525/525 485/485/485
f 526/526/526 490/490/490 483/483/483
f 473/473/473 527/527/527 488/488/488
f 495/495/495 526/526/526 483/483/483
f 492/492/492 528/528/528 484/484/484
f 514/514/514 510/510/510 470/470/470
f 521/521/521 507/507/507 477/477/477
f 523/523/523 509/509/509 480/480/480
f 486/486/486 448/448/448 529/529/529
f 519/519/519 478/478/478 508/508/508
f 530/530/530 489/489/489 491/491/491
f 474/474/474 531/531/531 491/491/491
f 502/502/502 532/532/532 487/487/487
f 525/525/525 516/516/516 485/485/485
f 529/529/529 448/448/448 493/493/493
f 518/518/518 514/514/514 475/475/475
f 533/533/533 453/453/453 496/496/496
f 524/524/524 481/481/481 512/512/512
f 493/493/493 453/453/453 533/533/533
f 534/534/534 504/504/504 490/490/490
f 517/517/517 482/482/482 505/505/505
f 503/503/503 535/535/535 492/492/492
f 536/536/536 515/515/515 494/494/494
f 507/507/507 537/537/537 495/495/495
f 513/513/513 527/527/527 473/473/473
f 530/530/530 512/512/512 489/489/489
f 536/536/536 494/494/494 519/519/519
f 516/516/516 531/531/531 474/474/474
f 532/532/532 518/518/518 487/487/487
f 528/528/528 521/521/521 484/484/484
f 538/538/538 508/508/508 497/497/497
f 539/539/539 501/501/501 498/498/498
f 540/540/540 498/498/498 486/486/486
f 541/541/541 523/523/523 499/499/499
f 542/542/542 506/506/506 501/501/501
f 534/534/534 490/490/490 526/526/526
f 538/538/538 497/497/497 520/520/520
f 541/541/541 499/499/499 524/524/524
f 535/535/535 528/528/528 492/492/492
f 537/537/537 526/526/526 495/495/495
f 472/472/472 543/543/543 505/505/505
f 544/544/544 520/520/520 500/500/500
f 544/544/544 500/500/500 522/522/522
f 515/515/515 545/545/545 502/502/502
f 511/511/511 543/543/543 472/472/472
f 510/510/510 546/546/546 503/503/503
f 547/547/547 522/522/522 504/504/504
f 548/548/548 525/525/525 506/506/506
f 545/545/545 532/532/532 502/502/502
f 488/488/488 549/549/549 511/511/511
f 547/547/547 504/504/504 534/534/534
f 521/521/521 550/550/550 507/507/507
f 546/546/546 535/535/535 503/503/503
f 551/551/551 513/513/513 509/509/509
f 551/551/551 509/509/509 523/523/523
f 527/527/527 549/549/549 488/488/488
f 552/552/552 519/519/519 508/508/508
f 553/553/553 496/496/496 517/517/517
f 540/540/540 539/539/539 498/498/498
f 539/539/539 542/542/542 501/501/501
f 542/542/542 548/548/548 506/506/506
f 550/550/550 537/537/537 507/507/507
f 543/543/543 517/517/517 505/505/505
f 514/514/514 554/554/554 510/510/510
f 529/529/529 540/540/540 486/486/486
f 525/525/525 555/555/555 516/516/516
f 556/556/556 524/524/524 512/512/512
f 491/491/491 557/557/557 530/530/530
f 556/556/556 512/512/512 530/530/530
f 552/552/552 508/508/508 538/538/538
f 536/536/536 558/558/558 515/515/515
f 518/518/518 559/559/559 514/514/514
f 531/531/531 557/557/557 491/491/491
f 533/533/533 496/496/496 553/553/553
f 560/560/560 527/527/527 513/513/513
f 561/561/561 536/536/536 519/519/519
f 532/532/532 562/562/562 518/518/518
f 548/548/548 563/563/563 525/525/525
f 564/564/564 538/538/538 520/520/520
f 558/558/558 545/545/545 515/515/515
f 554/554/554 546/546/546 510/510/510
f 565/565/565 523/523/523 541/541/541
f 528/528/528 566/566/566 521/521/521
f 564/564/564 520/520/520 544/544/544
f 567/567/567 544/544/544 522/522/522
f 568/568/568 541/541/541 524/524/524
f 567/567/567 522/522/522 547/547/547
f 563/563/563 555/555/555 525/525/525
f 569/569/569 534/534/534 526/526/526
f 516/516/516 570/570/570 531/531/531
f 571/571/571 493/493/493 533/533/533
f 537/537/537 569/569/569 526/526/526
f 560/560/560 513/513/513 551/551/551
f 553/553/553 517/517/517 543/543/543
f 535/535/535 572/572/572 528/528/528
f 529/529/529 493/493/493 571/571/571
f 565/565/565 551/551/551 523/523/523
f 559/559/559 554/554/554 514/514/514
f 566/566/566 550/550/550 521/521/521
f 561/561/561 519/519/519 552/552/552
f 568/568/568 524/524/524 556/556/556
f 545/545/545 573/573/573 532/532/532
f 562/562/562 559/559/559 518/518/518
f 555/555/555 570/570/570 516/516/516
f 574/574/574 547/547/547 534/534/534
f 557/557/557 556/556/556 530/530/530
f 546/546/546 575/575/575 535/535/535
f 576/576/576 558/558/558 536/536/536
f 550/550/550 577/577/577 537/537/537
f 576/576/576 536/536/536 561/561/561
f 578/578/578 527/527/527 560/560/560
f 578/578/578 549/549/549 527/527/527
f 573/573/573 562/562/562 532/532/532
f 579/579/579 548/548/548 542/542/542
f 572/572/572 566/566/566 528/528/528
f 511/511/511 580/580/580 543/543/543
f 581/581/581 542/542/542 539/539/539
f 582/582/582 552/552/552 538/538/538
f 583/583/583 539/539/539 540/540/540
f 584/584/584 565/565/565 541/541/541
f 584/584/584 541/541/541 568/568/568
f 574/574/574 534/534/534 569/569/569
f 585/585/585 540/540/540 529/529/529
f 549/549/549 580/580/580 511/511/511
f 582/582/582 538/538/538 564/564/564
f 586/586/586 563/563/563 548/548/548
f 577/577/577 569/569/569 537/537/537
f 575/575/575 572/572/572 535/535/535
f 587/587/587 544/544/544 567/567/567
f 587/587/587 564/564/564 544/544/544
f 558/558/558 588/588/588 545/545/545
f 589/589/589 567/567/567 547/547/547
f 554/554/554 590/590/590 546/546/546
f 591/591/591 533/533/533 553/553/553
f 588/588/588 573/573/573 545/545/545
f 589/589/589 547/547/547 574/574/574
f 580/580/580 553/553/553 543/543/543
f 563/563/563 592/592/592 555/555/555
f 593/593/593 560/560/560 551/551/551
f 581/581/581 579/579/579 542/542/542
f 593/593/593 551/551/551 565/565/565
f 566/566/566 594/594/594 550/550/550
f 531/531/531 595/595/595 557/557/557
f 590/590/590 575/575/575 546/546/546
f 583/583/583 581/581/581 539/539/539
f 596/596/596 568/568/568 556/556/556
f 597/597/597 561/561/561 552/552/552
f 571/571/571 585/585/585 529/529/529
f 585/585/585 583/583/583 540/540/540
f 596/596/596 556/556/556 557/557/557
f 570/570/570 595/595/595 531/531/531
f 594/594/594 577/577/577 550/550/550
f 559/559/559 598/598/598 554/554/554
f 571/571/571 533/533/533 591/591/591
f 586/586/586 599/599/599 563/563/563
f 597/597/597 552/552/552 582/582/582
f 576/576/576 600/600/600 558/558/558
f 562/562/562 601/601/601 559/559/559
f 602/602/602 578/578/578 560/560/560
f 603/603/603 549/549/549 578/578/578
f 599/599/599 592/592/592 563/563/563
f 604/604/604 565/565/565 584/584/584
f 555/555/555 605/605/605 570/570/570
f 586/586/586 548/548/548 606/606/606
f 606/606/606 548/548/548 579/579/579
f 573/573/573 607/607/607 562/562/562
f 608/608/608 582/582/582 564/564/564
f 600/600/600 588/588/588 558/558/558
f 572/572/572 609/609/609 566/566/566
f 598/598/598 590/590/590 554/554/554
f 610/610/610 587/587/587 567/567/567
f 591/591/591 553/553/553 580/580/580
f 561/561/561 611/611/611 576/576/576
f 608/608/608 564/564/564 587/587/587
f 610/610/610 567/567/567 589/589/589
f 568/568/568 612/612/612 584/584/584
f 602/602/602 560/560/560 593/593/593
f 577/577/577 613/613/613 569/569/569
f 603/603/603 580/580/580 549/549/549
f 604/604/604 593/593/593 565/565/565
f 569/569/569 614/614/614 574/574/574
f 592/592/592 605/605/605 555/555/555
f 615/615/615 568/568/568 596/596/596
f 575/575/575 616/616/616 572/572/572
f 595/595/595 596/596/596 557/557/557
f 609/609/609 594/594/594 566/566/566
f 601/601/601 598/598/598 559/559/559
f 617/617/617 561/561/561 597/597/597
f 588/588/588 618/618/618 573/573/573
f 607/607/607 601/601/601 562/562/562
f 615/615/615 612/612/612 568/568/568
f 590/590/590 619/619/619 575/575/575
f 611/611/611 600/600/600 576/576/576
f 594/594/594 620/620/620 577/577/577
f 621/621/621 579/579/579 581/581/581
f 574/574/574 622/622/622 589/589/589
f 617/617/617 611/611/611 561/561/561
f 623/623/623 578/578/578 602/602/602
f 623/623/623 603/603/603 578/578/578
f 624/624/624 599/599/599 586/586/586
f 625/625/625 585/585/585 571/571/571
f 626/626/626 581/581/581 583/583/583
f 616/616/616 609/609/609 572/572/572
f 618/618/618 607/607/607 573/573/573
f 613/613/613 614/614/614 569/569/569
f 627/627/627 597/597/597 582/582/582
f 628/628/628 583/583/583 585/585/585
f 620/620/620 613/613/613 577/577/577
f 627/627/627 582/582/582 608/608/608
f 619/619/619 616/616/616 575/575/575
f 629/629/629 587/587/587 610/610/610
f 629/629/629 608/608/608 587/587/587
f 599/599/599 630/630/630 592/592/592
f 600/600/600 631/631/631 588/588/588
f 622/622/622 610/610/610 589/589/589
f 614/614/614 622/622/622 574/574/574
f 632/632/632 571/571/571 591/591/591
f 598/598/598 633/633/633 590/590/590
f 584/584/584 634/634/634 604/604/604
f 570/570/570 635/635/635 595/595/595
f 636/636/636 591/591/591 580/580/580
f 605/605/605 635/635/635 570/570/570
f 637/637/637 602/602/602 593/593/593
f 638/638/638 615/615/615 596/596/596
f 636/636/636 580/580/580 603/603/603
f 612/612/612 634/634/634 584/584/584
f 637/637/637 593/593/593 604/604/604
f 631/631/631 618/618/618 588/588/588
f 638/638/638 596/596/596 595/595/595
f 609/609/609 639/639/639 594/594/594
f 633/633/633 619/619/619 590/590/590
f 624/624/624 640/640/640 599/599/599
f 625/625/625 628/628/628 585/585/585
f 628/628/628 626/626/626 583/583/583
f 625/625/625 571/571/571 632/632/632
f 639/639/639 620/620/620 594/594/594
f 641/641/641 617/617/617 597/597/597
f 601/601/601 642/642/642 598/598/598
f 640/640/640 630/630/630 599/599/599
f 592/592/592 643/643/643 605/605/605
f 624/624/624 586/586/586 644/644/644
f 644/644/644 586/586/586 606/606/606
f 641/641/641 597/597/597 627/627/627
f 645/645/645 623/623/623 602/602/602
f 607/607/607 646/646/646 601/601/601
f 611/611/611 647/647/647 600/600/600
f 606/606/606 579/579/579 648/648/648
f 649/649/649 603/603/603 623/623/623
f 648/648/648 579/579/579 621/621/621
f 615/615/615 650/650/650 612/612/612
f 630/630/630 643/643/643 592/592/592
f 621/621/621 581/581/581 651/651/651
f 632/632/632 591/591/591 636/636/636
f 651/651/651 581/581/581 626/626/626
f 652/652/652 629/629/629 610/610/610
f 616/616/616 653/653/653 609/609/609
f 618/618/618 654/654/654 607/607/607
f 655/655/655 627/627/627 608/608/608
f 656/656/656 611/611/611 617/617/617
f 642/642/642 633/633/633 598/598/598
f 655/655/655 608/608/608 629/629/629
f 652/652/652 610/610/610 622/622/622
f 647/647/647 631/631/631 600/600/600
f 657/657/657 615/615/615 638/638/638
f 645/645/645 602/602/602 637/637/637
f 649/649/649 636/636/636 603/603/603
f 620/620/620 658/658/658 613/613/613
f 613/613/613 659/659/659 614/614/614
f 619/619/619 660/660/660 616/616/616
f 653/653/653 639/639/639 609/609/609
f 657/657/657 650/650/650 615/615/615
f 646/646/646 642/642/642 601/601/601
f 661/661/661 640/640/640 624/624/624
f 656/656/656 617/617/617 641/641/641
f 631/631/631 662/662/662 618/618/618
f 654/654/654 646/646/646 607/607/607
f 595/595/595 663/663/663 638/638/638
f 633/633/633 664/664/664 619/619/619
f 604/604/604 665/665/665 637/637/637
f 639/639/639 666/666/666 620/620/620
f 667/667/667 623/623/623 645/645/645
f 614/614/614 668/668/668 622/622/622
f 667/667/667 649/649/649 623/623/623
f 669/669/669 647/647/647 611/611/611
f 670/670/670 628/628/628 625/625/625
f 635/635/635 663/663/663 595/595/595
f 634/634/634 665/665/665 604/604/604
f 660/660/660 653/653/653 616/616/616
f 669/669/669 611/611/611 656/656/656
f 640/640/640 671/671/671 630/630/630
f 658/658/658 659/659/659 613/613/613
f 672/672/672 626/626/626 628/628/628
f 662/662/662 654/654/654 618/618/618
f 673/673/673 641/641/641 627/627/627
f 666/666/666 658/658/658 620/620/620
f 605/605/605 674/674/674 635/635/635
f 664/664/664 660/660/660 619/619/619
f 673/673/673 627/627/627 655/655/655
f 675/675/675 629/629/629 652/652/652
f 612/612/612 676/676/676 634/634/634
f 643/643/643 674/674/674 605/605/605
f 675/675/675 655/655/655 629/629/629
f 668/668/668 652/652/652 622/622/622
f 677/677/677 625/625/625 632/632/632
f 659/659/659 668/668/668 614/614/614
f 650/650/650 676/676/676 612/612/612
f 647/647/647 678/678/678 631/631/631
f 661/661/661 679/679/679 640/640/640
f 642/642/642 680/680/680 633/633/633
f 681/681/681 632/632/632 636/636/636
f 638/638/638 682/682/682 657/657/657
f 681/681/681 636/636/636 649/649/649
f 679/679/679 671/671/671 640/640/640
f 678/678/678 662/662/662 631/631/631
f 637/637/637 683/683/683 645/645/645
f 630/630/630 684/684/684 643/643/643
f 653/653/653 685/685/685 639/639/639
f 661/661/661 624/624/624 686/686/686
f 680/680/680 664/664/664 633/633/633
f 686/686/686 624/624/624 644/644/644
f 670/670/670 625/625/625 677/677/677
f 685/685/685 666/666/666 639/639/639
f 644/644/644 606/606/606 687/687/687
f 688/688/688 656/656/656 641/641/641
f 687/687/687 606/606/606 648/648/648
f 646/646/646 689/689/689 642/642/642
f 671/671/671 684/684/684 630/630/630
f 663/663/663 682/682/682 638/638/638
f 657/657/657 690/690/690 650/650/650
f 648/648/648 621/621/621 691/691/691
f 692/692/692 649/649/649 667/667/667
f 688/688/688 641/641/641 673/673/673
f 654/654/654 693/693/693 646/646/646
f 665/665/665 683/683/683 637/637/637
f 691/691/691 621/621/621 651/651/651
f 669/669/669 694/694/694 647/647/647
f 645/645/645 695/695/695 667/667/667
f 677/677/677 632/632/632 681/681/681
f 696/696/696 628/628/628 670/670/670
f 697/697/697 675/675/675 652/652/652
f 651/651/651 626/626/626 698/698/698
f 660/660/660 699/699/699 653/653/653
f 700/700/700 673/673/673 655/655/655
f 662/662/662 701/701/701 654/654/654
f 697/697/697 652/652/652 668/668/668
f 700/700/700 655/655/655 675/675/675
f 689/689/689 680/680/680 642/642/642
f 702/702/702 669/669/669 656/656/656
f 672/672/672 628/628/628 696/696/696
f 698/698/698 626/626/626 672/672/672
f 694/694/694 678/678/678 647/647/647
f 682/682/682 690/690/690 657/657/657
f 692/692/692 681/681/681 649/649/649
f 703/703/703 679/679/679 661/661/661
f 704/704/704 659/659/659 658/658/658
f 666/666/666 704/704/704 658/658/658
f 664/664/664 705/705/705 660/660/660
f 635/635/635 706/706/706 663/663/663
f 699/699/699 685/685/685 653/653/653
f 683/683/683 695/695/695 645/645/645
f 693/693/693 689/689/689 646/646/646
f 674/674/674 706/706/706 635/635/635
f 634/634/634 707/707/707 665/665/665
f 708/708/708 668/668/668 659/659/659
f 702/702/702 656/656/656 688/688/688
f 679/679/679 709/709/709 671/671/671
f 678/678/678 710/710/710 662/662/662
f 701/701/701 693/693/693 654/654/654
f 676/676/676 707/707/707 634/634/634
f 680/680/680 711/711/711 664/664/664
f 685/685/685 712/712/712 666/666/666
f 643/643/643 713/713/713 674/674/674
f 714/714/714 694/694/694 669/669/669
f 684/684/684 713/713/713 643/643/643
f 705/705/705 699/699/699 660/660/660
f 714/714/714 669/669/669 702/702/702
f 650/650/650 715/715/715 676/676/676
f 710/710/710 701/701/701 662/662/662
f 703/703/703 716/716/716 679/679/679
f 708/708/708 659/659/659 704/704/704
f 717/717/717 688/688/688 673/673/673
f 690/690/690 715/715/715 650/650/650
f 712/712/712 704/704/704 666/666/666
f 711/711/711 705/705/705 664/664/664
f 717/717/717 673/673/673 700/700/700
f 718/718/718 675/675/675 697/697/697
f 663/663/663 719/719/719 682/682/682
f 718/718/718 700/700/700 675/675/675
f 716/716/716 709/709/709 679/679/679
f 667/667/667 720/720/720 692/692/692
f 721/721/721 670/670/670 677/677/677
f 722/722/722 697/697/697 668/668/668
f 671/671/671 723/723/723 684/684/684
f 703/703/703 661/661/661 724/724/724
f 694/694/694 725/725/725 678/678/678
f 695/695/695 720/720/720 667/667/667
f 689/689/689 726/726/726 680/680/680
f 727/727/727 677/677/677 681/681/681
f 724/724/724 661/661/661 686/686/686
f 665/665/665 728/728/728 683/683/683
f 727/727/727 681/681/681 692/692/692
f 722/722/722 668/668/668 708/708/708
f 686/686/686 644/644/644 729/729/729
f 709/709/709 723/723/723 671/671/671
f 725/725/725 710/710/710 678/678/678
f 729/729/729 644/644/644 687/687/687
f 699/699/699 730/730/730 685/685/685
f 706/706/706 719/719/719 663/663/663
f 726/726/726 711/711/711 680/680/680
f 682/682/682 731/731/731 690/690/690
f 696/696/696 670/670/670 721/721/721
f 730/730/730 712/712/712 685/685/685
f 687/687/687 648/648/648 732/732/732
f 733/733/733 702/702/702 688/688/688
f 732/732/732 648/648/648 691/691/691
f 693/693/693 734/734/734 689/689/689
f 707/707/707 728/728/728 665/665/665
f 683/683/683 735/735/735 695/695/695
f 733/733/733 688/688/688 717/717/717
f 701/701/701 736/736/736 693/693/693
f 691/691/691 651/651/651 737/737/737
f 738/738/738 716/716/716 703/703/703
f 719/719/719 731/731/731 682/682/682
f 739/739/739 672/672/672 696/696/696
f 721/721/721 677/677/677 727/727/727
f 737/737/737 651/651/651 698/698/698
f 698/698/698 672/672/672 739/739/739
f 740/740/740 718/718/718 697/697/697
f 674/674/674 741/741/741 706/706/706
f 742/742/742 717/717/717 700/700/700
f 705/705/705 743/743/743 699/699/699
f 742/742/742 700/700/700 718/718/718
f 744/744/744 694/694/694 714/714/714
f 710/710/710 745/745/745 701/701/701
f 740/740/740 697/697/697 722/722/722
f 734/734/734 726/726/726 689/689/689
f 746/746/746 714/714/714 702/702/702
f 747/747/747 725/725/725 694/694/694
f 713/713/713 741/741/741 674/674/674
f 728/728/728 735/735/735 683/683/683
f 716/716/716 748/748/748 709/709/709
f 749/749/749 708/708/708 704/704/704
f 712/712/712 749/749/749 704/704/704
f 676/676/676 750/750/750 707/707/707
f 711/711/711 751/751/751 705/705/705
f 715/715/715 750/750/750 676/676/676
f 743/743/743 730/730/730 699/699/699
f 684/684/684 752/752/752 713/713/713
f 736/736/736 734/734/734 693/693/693
f 723/723/723 752/752/752 684/684/684
f 746/746/746 702/702/702 733/733/733
f 753/753/753 722/722/722 708/708/708
f 725/725/725 754/754/754 710/710/710
f 747/747/747 694/694/694 744/744/744
f 745/745/745 736/736/736 701/701/701
f 692/692/692 755/755/755 727/727/727
f 690/690/690 756/756/756 715/715/715
f 738/738/738 757/757/757 716/716/716
f 726/726/726 758/758/758 711/711/711
f 730/730/730 759/759/759 712/712/712
f 731/731/731 756/756/756 690/690/690
f 720/720/720 755/755/755 692/692/692
f 706/706/706 760/760/760 719/719/719
f 757/757/757 748/748/748 716/716/716
f 751/751/751 743/743/743 705/705/705
f 709/709/709 761/761/761 723/723/723
f 744/744/744 714/714/714 746/746/746
f 754/754/754 745/745/745 710/710/710
f 738/738/738 703/703/703 762/762/762
f 763/763/763 733/733/733 717/717/717
f 695/695/695 764/764/764 720/720/720
f 762/762/762 703/703/703 724/724/724
f 753/753/753 708/708/708 749/749/749
f 763/763/763 717/717/717 742/742/742
f 765/765/765 696/696/696 721/721/721
f 766/766/766 718/718/718 740/740/740
f 758/758/758 751/751/751 711/711/711
f 759/759/759 749/749/749 712/712/712
f 735/735/735 764/764/764 695/695/695
f 766/766/766 742/742/742 718/718/718
f 707/707/707 767/767/767 728/728/728
f 724/724/724 686/686/686 768/768/768
f 748/748/748 761/761/761 709/709/709
f 755/755/755 721/721/721 727/727/727
f 768/768/768 686/686/686 729/729/729
f 769/769/769 740/740/740 722/722/722
f 741/741/741 760/760/760 706/706/706
f 747/747/747 770/770/770 725/725/725
f 719/719/719 771/771/771 731/731/731
f 734/734/734 772/772/772 726/726/726
f 729/729/729 687/687/687 773/773/773
f 739/739/739 696/696/696 765/765/765
f 770/770/770 754/754/754 725/725/725
f 769/769/769 722/722/722 753/753/753
f 773/773/773 687/687/687 732/732/732
f 750/750/750 767/767/767 707/707/707
f 743/743/743 774/774/774 730/730/730
f 772/772/772 758/758/758 726/726/726
f 728/728/728 775/775/775 735/735/735
f 776/776/776 757/757/757 738/738/738
f 777/777/777 746/746/746 733/733/733
f 760/760/760 771/771/771 719/719/719
f 732/732/732 691/691/691 778/778/778
f 774/774/774 759/759/759 730/730/730
f 736/736/736 779/779/779 734/734/734
f 713/713/713 780/780/780 741/741/741
f 778/778/778 691/691/691 737/737/737
f 781/781/781 698/698/698 739/739/739
f 777/777/777 733/733/733 763/763/763
f 737/737/737 698/698/698 781/781/781
f 765/765/765 721/721/721 755/755/755
f 745/745/745 782/782/782 736/736/736
f 752/752/752 780/780/780 713/713/713
f 757/757/757 783/783/783 748/748/748
f 767/767/767 775/775/775 728/728/728
f 715/715/715 784/784/784 750/750/750
f 785/785/785 763/763/763 742/742/742
f 786/786/786 747/747/747 744/744/744
f 787/787/787 766/766/766 740/740/740
f 785/785/785 742/742/742 766/766/766
f 754/754/754 788/788/788 745/745/745
f 779/779/779 772/772/772 734/734/734
f 789/789/789 744/744/744 746/746/746
f 723/723/723 790/790/790 752/752/752
f 751/751/751 791/791/791 743/743/743
f 756/756/756 784/784/784 715/715/715
f 792/792/792 770/770/770 747/747/747
f 787/787/787 740/740/740 769/769/769
f 761/761/761 790/790/790 723/723/723
f 776/776/776 793/793/793 757/757/757
f 731/731/731 794/794/794 756/756/756
f 795/795/795 753/753/753 749/749/749
f 758/758/758 796/796/796 751/751/751
f 759/759/759 795/795/795 749/749/749
f 771/771/771 794/794/794 731/731/731
f 720/720/720 797/797/797 755/755/755
f 782/782/782 779/779/779 736/736/736
f 793/793/793 783/783/783 757/757/757
f 791/791/791 774/774/774 743/743/743
f 741/741/741 798/798/798 760/760/760
f 789/789/789 746/746/746 777/777/777
f 748/748/748 799/799/799 761/761/761
f 764/764/764 797/797/797 720/720/720
f 770/770/770 800/800/800 754/754/754
f 792/792/792 747/747/747 786/786/786
f 788/788/788 782/782/782 745/745/745
f 776/776/776 738/738/738 801/801/801
f 802/802/802 769/769/769 753/753/753
f 801/801/801 738/738/738 762/762/762
f 772/772/772 803/803/803 758/758/758
f 735/735/735 804/804/804 764/764/764
f 783/783/783 799/799/799 748/748/748
f 762/762/762 724/724/724 805/805/805
f 750/750/750 806/806/806 767/767/767
f 774/774/774 807/807/807 759/759/759
f 775/775/775 804/804/804 735/735/735
f 786/786/786 744/744/744 789/789/789
f 805/805/805 724/724/724 768/768/768
f 808/808/808 739/739/739 765/765/765
f 800/800/800 788/788/788 754/754/754
f 796/796/796 791/791/791 751/751/751
f 780/780/780 798/798/798 741/741/741
f 809/809/809 777/777/777 763/763/763
f 760/760/760 810/810/810 771/771/771
f 797/797/797 765/765/765 755/755/755
f 809/809/809 763/763/763 785/785/785
f 768/768/768 729/729/729 811/811/811
f 812/812/812 785/785/785 766/766/766
f 812/812/812 766/766/766 787/787/787
f 803/803/803 796/796/796 758/758/758
f 802/802/802 753/753/753 795/795/795
f 811/811/811 729/729/729 773/773/773
f 807/807/807 795/795/795 759/759/759
f 792/792/792 813/813/813 770/770/770
f 781/781/781 739/739/739 808/808/808
f 784/784/784 806/806/806 750/750/750
f 814/814/814 793/793/793 776/776/776
f 779/779/779 815/815/815 772/772/772
f 816/816/816 787/787/787 769/769/769
f 767/767/767 817/817/817 775/775/775
f 798/798/798 810/810/810 760/760/760
f 773/773/773 732/732/732 818/818/818
f 813/813/813 800/800/800 770/770/770
f 752/752/752 819/819/819 780/780/780
f 818/818/818 732/732/732 778/778/778
f 816/816/816 769/769/769 802/802/802
f 793/793/793 820/820/820 783/783/783
f 815/815/815 803/803/803 772/772/772
f 790/790/790 819/819/819 752/752/752
f 821/821/821 737/737/737 781/781/781
f 791/791/791 822/822/822 774/774/774
f 778/778/778 737/737/737 821/821/821
f 823/823/823 789/789/789 777/777/777
f 808/808/808 765/765/765 797/797/797
f 806/806/806 817/817/817 767/767/767
f 782/782/782 824/824/824 779/779/779
f 756/756/756 825/825/825 784/784/784
f 761/761/761 826/826/826 790/790/790
f 822/822/822 807/807/807 774/774/774
f 823/823/823 777/777/777 809/809/809
f 794/794/794 825/825/825 756/756/756
f 799/799/799 826/826/826 761/761/761
f 786/786/786 827/827/827 792/792/792
f 788/788/788 828/828/828 782/782/782
f 814/814/814 829/829/829 793/793/793
f 771/771/771 830/830/830 794/794/794
f 831/831/831 809/809/809 785/785/785
f 832/832/832 786/786/786 789/789/789
f 829/829/829 820/820/820 793/793/793
f 810/810/810 830/830/830 771/771/771
f 831/831/831 785/785/785 812/812/812
f 800/800/800 833/833/833 788/788/788
f 827/827/827 813/813/813 792/792/792
f 780/780/780 834/834/834 798/798/798
f 824/824/824 815/815/815 779/779/779
f 783/783/783 835/835/835 799/799/799
f 836/836/836 812/812/812 787/787/787
f 764/764/764 837/837/837 797/797/797
f 796/796/796 838/838/838 791/791/791
f 814/814/814 776/776/776 839/839/839
f 836/836/836 787/787/787 816/816/816
f 804/804/804 837/837/837 764/764/764
f 839/839/839 776/776/776 801/801/801
f 820/820/820 835/835/835 783/783/783
f 803/803/803 840/840/840 796/796/796
f 801/801/801 762/762/762 841/841/841
f 775/775/775 842/842/842 804/804/804
f 832/832/832 789/789/789 823/823/823
f 828/828/828 824/824/824 782/782/782
f 843/843/843 802/802/802 795/795/795
f 784/784/784 844/844/844 806/806/806
f 807/807/807 843/843/843 795/795/795
f 817/817/817 842/842/842 775/775/775
f 841/841/841 762/762/762 805/805/805
f 838/838/838 822/822/822 791/791/791
f 819/819/819 834/834/834 780/780/780
f 813/813/813 845/845/845 800/800/800
f 798/798/798 846/846/846 810/810/810
f 833/833/833 828/828/828 788/788/788
f 847/847/847 781/781/781 808/808/808
f 848/848/848 827/827/827 786/786/786
f 805/805/805 768/768/768 849/849/849
f 837/837/837 808/808/808 797/797/797
f 850/850/850 816/816/816 802/802/802
f 848/848/848 786/786/786 832/832/832
f 849/849/849 768/768/768 811/811/811
f 851/851/851 829/829/829 814/814/814
f 852/852/852 823/823/823 809/809/809
f 825/825/825 844/844/844 784/784/784
f 845/845/845 833/833/833 800/800/800
f 822/822/822 853/853/853 807/807/807
f 854/854/854 803/803/803 815/815/815
f 821/821/821 781/781/781 847/847/847
f 840/840/840 838/838/838 796/796/796
f 834/834/834 846/846/846 798/798/798
f 806/806/806 855/855/855 817/817/817
f 852/852/852 809/809/809 831/831/831
f 811/811/811 773/773/773 856/856/856
f 790/790/790 857/857/857 819/819/819
f 858/858/858 831/831/831 812/812/812
f 856/856/856 773/773/773 818/818/818
f 858/858/858 812/812/812 836/836/836
f 826/826/826 857/857/857 790/790/790
f 859/859/859 840/840/840 803/803/803
f 827/827/827 860/860/860 813/813/813
f 829/829/829 861/861/861 820/820/820
f 850/850/850 802/802/802 843/843/843
f 862/862/862 778/778/778 821/821/821
f 818/818/818 778/778/778 862/862/862
f 853/853/853 843/843/843 807/807/807
f 844/844/844 855/855/855 806/806/806
f 799/799/799 863/863/863 826/826/826
f 847/847/847 808/808/808 837/837/837
f 794/794/794 864/864/864 825/825/825
f 865/865/865 836/836/836 816/816/816
f 860/860/860 845/845/845 813/813/813
f 859/859/859 803/803/803 854/854/854
f 835/835/835 863/863/863 799/799/799
f 830/830/830 864/864/864 794/794/794
f 866/866/866 815/815/815 824/824/824
f 867/867/867 832/832/832 823/823/823
f 851/851/851 868/868/868 829/829/829
f 810/810/810 869/869/869 830/830/830
f 865/865/865 816/816/816 850/850/850
f 838/838/838 870/870/870 822/822/822
f 846/846/846 869/869/869 810/810/810
f 819/819/819 871/871/871 834/834/834
f 828/828/828 866/866/866 824/824/824
f 868/868/868 861/861/861 829/829/829
f 820/820/820 872/872/872 835/835/835
f 867/867/867 823/823/823 852/852/852
f 848/848/848 873/873/873 827/827/827
f 851/851/851 814/814/814 874/874/874
f 804/804/804 875/875/875 837/837/837
f 870/870/870 853/853/853 822/822/822
f 874/874/874 814/814/814 839/839/839
f 842/842/842 875/875/875 804/804/804
f 876/876/876 828/828/828 833/833/833
f 854/854/854 815/815/815 866/866/866
f 839/839/839 801/801/801 877/877/877
f 861/861/861 872/872/872 820/820/820
f 878/878/878 852/852/852 831/831/831
f 832/832/832 879/879/879 848/848/848
f 873/873/873 860/860/860 827/827/827
f 817/817/817 880/880/880 842/842/842
f 877/877/877 801/801/801 841/841/841
f 825/825/825 881/881/881 844/844/844
f 857/857/857 871/871/871 819/819/819
f 878/878/878 831/831/831 858/858/858
f 855/855/855 880/880/880 817/817/817
f 834/834/834 882/882/882 846/846/846
f 883/883/883 858/858/858 836/836/836
f 884/884/884 833/833/833 845/845/845
f 840/840/840 885/885/885 838/838/838
f 886/886/886 821/821/821 847/847/847
f 841/841/841 805/805/805 887/887/887
f 883/883/883 836/836/836 865/865/865
f 875/875/875 847/847/847 837/837/837
f 888/888/888 832/832/832 867/867/867
f 887/887/887 805/805/805 849/849/849
f 889/889/889 866/866/866 828/828/828
f 890/890/890 868/868/868 851/851/851
f 864/864/864 881/881/881 825/825/825
f 871/871/871 882/882/882 834/834/834
f 891/891/891 840/840/840 859/859/859
f 892/892/892 850/850/850 843/843/843
f 862/862/862 821/821/821 886/886/886
f 844/844/844 893/893/893 855/855/855
f 889/889/889 828/828/828 876/876/876
f 853/853/853 892/892/892 843/843/843
f 885/885/885 870/870/870 838/838/838
f 826/826/826 894/894/894 857/857/857
f 879/879/879 873/873/873 848/848/848
f 849/849/849 811/811/811 895/895/895
f 888/888/888 879/879/879 832/832/832
f 896/896/896 845/845/845 860/860/860
f 863/863/863 894/894/894 826/826/826
f 895/895/895 811/811/811 856/856/856
f 876/876/876 833/833/833 884/884/884
f 897/897/897 865/865/865 850/850/850
f 868/868/868 898/898/898 861/861/861
f 899/899/899 818/818/818 862/862/862
f 856/856/856 818/818/818 899/899/899
f 835/835/835 900/900/900 863/863/863
f 881/881/881 893/893/893 844/844/844
f 830/830/830 901/901/901 864/864/864
f 902/902/902 859/859/859 854/854/854
f 886/886/886 847/847/847 875/875/875
f 903/903/903 885/885/885 840/840/840
f 904/904/904 852/852/852 878/878/878
f 872/872/872 900/900/900 835/835/835
f 869/869/869 901/901/901 830/830/830
f 852/852/852 905/905/905 867/867/867
f 903/903/903 840/840/840 891/891/891
f 873/873/873 896/896/896 860/860/860
f 846/846/846 906/906/906 869/869/869
f 884/884/884 845/845/845 896/896/896
f 907/907/907 858/858/858 883/883/883
f 890/890/890 908/908/908 868/868/868
f 909/909/909 853/853/853 870/870/870
f 882/882/882 906/906/906 846/846/846
f 857/857/857 910/910/910 871/871/871
f 897/897/897 850/850/850 892/892/892
f 911/911/911 892/892/892 853/853/853
f 861/861/861 912/912/912 872/872/872
f 908/908/908 898/898/898 868/868/868
f 890/890/890 851/851/851 913/913/913
f 842/842/842 914/914/914 875/875/875
f 891/891/891 859/859/859 902/902/902
f 915/915/915 883/883/883 865/865/865
f 913/913/913 851/851/851 874/874/874
f 858/858/858 916/916/916 878/878/878
f 917/917/917 854/854/854 866/866/866
f 904/904/904 905/905/905 852/852/852
f 880/880/880 914/914/914 842/842/842
f 874/874/874 839/839/839 918/918/918
f 918/918/918 839/839/839 877/877/877
f 894/894/894 910/910/910 857/857/857
f 855/855/855 919/919/919 880/880/880
f 864/864/864 920/920/920 881/881/881
f 911/911/911 853/853/853 909/909/909
f 898/898/898 912/912/912 861/861/861
f 871/871/871 921/921/921 882/882/882
f 867/867/867 922/922/922 888/888/888
f 893/893/893 919/919/919 855/855/855
f 915/915/915 865/865/865 897/897/897
f 879/879/879 923/923/923 873/873/873
f 924/924/924 866/866/866 889/889/889
f 877/877/877 841/841/841 925/925/925
f 907/907/907 916/916/916 858/858/858
f 926/926/926 862/862/862 886/886/886
f 925/925/925 841/841/841 887/887/887
f 927/927/927 889/889/889 876/876/876
f 914/914/914 886/886/886 875/875/875
f 928/928/928 870/870/870 885/885/885
f 902/902/902 854/854/854 917/917/917
f 888/888/888 929/929/929 879/879/879
f 923/923/923 896/896/896 873/873/873
f 901/901/901 920/920/920 864/864/864
f 910/910/910 921/921/921 871/871/871
f 881/881/881 930/930/930 893/893/893
f 931/931/931 908/908/908 890/890/890
f 899/899/899 862/862/862 926/926/926
f 863/863/863 932/932/932 894/894/894
f 905/905/905 922/922/922 867/867/867
f 887/887/887 849/849/849 933/933/933
f 934/934/934 876/876/876 884/884/884
f 935/935/935 907/907/907 883/883/883
f 903/903/903 928/928/928 885/885/885
f 900/900/900 932/932/932 863/863/863
f 933/933/933 849/849/849 895/895/895
f 878/878/878 936/936/936 904/904/904
f 935/935/935 883/883/883 915/915/915
f 909/909/909 870/870/870 928/928/928
f 917/917/917 866/866/866 924/924/924
f 937/937/937 856/856/856 899/899/899
f 895/895/895 856/856/856 937/937/937
f 869/869/869 938/938/938 901/901/901
f 920/920/920 930/930/930 881/881/881
f 913/913/913 931/931/931 890/890/890
f 908/908/908 939/939/939 898/898/898
f 906/906/906 938/938/938 869/869/869
f 926/926/926 886/886/886 914/914/914
f 872/872/872 940/940/940 900/900/900
f 941/941/941 903/903/903 891/891/891
f 924/924/924 889/889/889 927/927/927
f 929/929/929 923/923/923 879/879/879
f 922/922/922 929/929/929 888/888/888
f 942/942/942 897/897/897 892/892/892
f 912/912/912 940/940/940 872/872/872
f 882/882/882 943/943/943 906/906/906
f 944/944/944 884/884/884 896/896/896
f 916/916/916 936/936/936 878/878/878
f 945/945/945 892/892/892 911/911/911
f 921/921/921 943/943/943 882/882/882
f 927/927/927 876/876/876 934/934/934
f 894/894/894 946/946/946 910/910/910
f 931/931/931 947/947/947 908/908/908
f 948/948/948 915/915/915 897/897/897
f 949/949/949 891/891/891 902/902/902
f 880/880/880 950/950/950 914/914/914
f 951/951/951 928/928/928 903/903/903
f 904/904/904 952/952/952 905/905/905
f 919/919/919 950/950/950 880/880/880
f 898/898/898 953/953/953 912/912/912
f 947/947/947 939/939/939 908/908/908
f 923/923/923 944/944/944 896/896/896
f 913/913/913 874/874/874 954/954/954
f 951/951/951 903/903/903 941/941/941
f 954/954/954 874/874/874 918/918/918
f 901/901/901 955/955/955 920/920/920
f 934/934/934 884/884/884 944/944/944
f 893/893/893 956/956/956 919/919/919
f 932/932/932 946/946/946 894/894/894
f 910/910/910 957/957/957 921/921/921
f 930/930/930 956/956/956 893/893/893
f 958/958/958 907/907/907 935/935/935
f 959/959/959 911/911/911 909/909/909
f 918/918/918 877/877/877 960/960/960
f 942/942/942 892/892/892 945/945/945
f 940/940/940 932/932/932 900/900/900
f 939/939/939 953/953/953 898/898/898
f 948/948/948 897/897/897 942/942/942
f 961/961/961 899/899/899 926/926/926
f 960/960/960 877/877/877 925/925/925
f 941/941/941 891/891/891 949/949/949
f 950/950/950 926/926/926 914/914/914
f 907/907/907 962/962/962 916/916/916
f 936/936/936 952/952/952 904/904/904
f 963/963/963 935/935/935 915/915/915
f 964/964/964 902/902/902 917/917/917
f 938/938/938 955/955/955 901/901/901
f 946/946/946 957/957/957 910/910/910
f 965/965/965 931/931/931 913/913/913
f 920/920/920 966/966/966 930/930/930
f 905/905/905 967/967/967 922/922/922
f 937/937/937 899/899/899 961/961/961
f 925/925/925 887/887/887 968/968/968
f 929/929/929 969/969/969 923/923/923
f 945/945/945 911/911/911 959/959/959
f 953/953/953 940/940/940 912/912/912
f 963/963/963 915/915/915 948/948/948
f 970/970/970 917/917/917 924/924/924
f 968/968/968 887/887/887 933/933/933
f 971/971/971 947/947/947 931/931/931
f 958/958/958 962/962/962 907/907/907
f 933/933/933 895/895/895 972/972/972
f 972/972/972 895/895/895 937/937/937
f 973/973/973 924/924/924 927/927/927
f 906/906/906 974/974/974 938/938/938
f 922/922/922 975/975/975 929/929/929
f 955/955/955 966/966/966 920/920/920
f 976/976/976 909/909/909 928/928/928
f 949/949/949 902/902/902 964/964/964
f 969/969/969 944/944/944 923/923/923
f 943/943/943 974/974/974 906/906/906
f 961/961/961 926/926/926 950/950/950
f 952/952/952 967/967/967 905/905/905
f 965/965/965 971/971/971 931/931/931
f 921/921/921 977/977/977 943/943/943
f 978/978/978 927/927/927 934/934/934
f 947/947/947 979/979/979 939/939/939
f 980/980/980 946/946/946 932/932/932
f 980/980/980 932/932/932 940/940/940
f 957/957/957 977/977/977 921/921/921
f 981/981/981 958/958/958 935/935/935
f 916/916/916 982/982/982 936/936/936
f 983/983/983 928/928/928 951/951/951
f 964/964/964 917/917/917 970/970/970
f 981/981/981 935/935/935 963/963/963
f 959/959/959 909/909/909 976/976/976
f 919/919/919 984/984/984 950/950/950
f 975/975/975 969/969/969 929/929/929
f 967/967/967 975/975/975 922/922/922
f 970/970/970 924/924/924 973/973/973
f 956/956/956 984/984/984 919/919/919
f 985/985/985 951/951/951 941/941/941
f 971/971/971 986/986/986 947/947/947
f 938/938/938 987/987/987 955/955/955
f 930/930/930 988/988/988 956/956/956
f 989/989/989 948/948/948 942/942/942
f 990/990/990 934/934/934 944/944/944
f 966/966/966 988/988/988 930/930/930
f 965/965/965 913/913/913 991/991/991
f 962/962/962 982/982/982 916/916/916
f 992/992/992 940/940/940 953/953/953
f 991/991/991 913/913/913 954/954/954
f 973/973/973 927/927/927 978/978/978
f 939/939/939 993/993/993 953/953/953
f 994/994/994 942/942/942 945/945/945
f 946/946/946 995/995/995 957/957/957
f 986/986/986 979/979/979 947/947/947
f 954/954/954 918/918/918 996/996/996
f 997/997/997 937/937/937 961/961/961
f 998/998/998 946/946/946 980/980/980
f 996/996/996 918/918/918 960/960/960
f 999/999/999 963/963/963 948/948/948
f 976/976/976 928/928/928 983/983/983
f 1000/1000/1000 941/941/941 949/949/949
f 984/984/984 961/961/961 950/950/950
f 992/992/992 980/980/980 940/940/940
f 974/974/974 987/987/987 938/938/938
f 936/936/936 1001/1001/1001 952/952/952
f 979/979/979 993/993/993 939/939/939
f 955/955/955 1002/1002/1002 966/966/966
f 969/969/969 990/990/990 944/944/944
f 960/960/960 925/925/925 1003/1003/1003
f 972/972/972 937/937/937 997/997/997
f 978/978/978 934/934/934 990/990/990
f 998/998/998 995/995/995 946/946/946
f 983/983/983 951/951/951 985/985/985
f 1004/1004/1004 971/971/971 965/965/965
f 1003/1003/1003 925/925/925 968/968/968
f 1005/1005/1005 958/958/958 981/981/981
f 1006/1006/1006 945/945/945 959/959/959
f 989/989/989 942/942/942 994/994/994
f 968/968/968 933/933/933 1007/1007/1007
f 1007/1007/1007 933/933/933 972/972/972
f 999/999/999 948/948/948 989/989/989
f 987/987/987 1002/1002/1002 955/955/955
f 943/943/943 1008/1008/1008 974/974/974
f 993/993/993 992/992/992 953/953/953
f 985/985/985 941/941/941 1000/1000/1000
f 982/982/982 1001/1001/1001 936/936/936
f 1009/1009/1009 949/949/949 964/964/964
f 958/958/958 1010/1010/1010 962/962/962
f 1011/1011/1011 986/986/986 971/971/971
f 977/977/977 1008/1008/1008 943/943/943
f 1012/1012/1012 981/981/981 963/963/963
f 997/997/997 961/961/961 984/984/984
f 952/952/952 1013/1013/1013 967/967/967
f 975/975/975 1014/1014/1014 969/969/969
f 957/957/957 1015/1015/1015 977/977/977
f 994/994/994 945/945/945 1006/1006/1006
f 1016/1016/1016 964/964/964 970/970/970
f 1012/1012/1012 963/963/963 999/999/999
f 991/991/991 1004/1004/1004 965/965/965
f 1004/1004/1004 1011/1011/1011 971/971/971
f 995/995/995 1015/1015/1015 957/957/957
f 1017/1017/1017 998/998/998 980/980/980
f 1005/1005/1005 1010/1010/1010 958/958/958
f 1017/1017/1017 980/980/980 992/992/992
f 967/967/967 1018/1018/1018 975/975/975
f 1019/1019/1019 970/970/970 973/973/973
f 956/956/956 1020/1020/1020 984/984/984
f 986/986/986 1021/1021/1021 979/979/979
f 1014/1014/1014 990/990/990 969/969/969
f 1000/1000/1000 949/949/949 1009/1009/1009
f 1022/1022/1022 959/959/959 976/976/976
f 988/988/988 1020/1020/1020 956/956/956
f 1001/1001/1001 1013/1013/1013 952/952/952
f 966/966/966 1023/1023/1023 988/988/988
f 974/974/974 1024/1024/1024 987/987/987
f 1002/1002/1002 1023/1023/1023 966/966/966
f 1025/1025/1025 973/973/973 978/978/978
f 1026/1026/1026 995/995/995 998/998/998
f 1011/1011/1011 1027/1027/1027 986/986/986
f 1028/1028/1028 1005/1005/1005 981/981/981
f 962/962/962 1029/1029/1029 982/982/982
f 1030/1030/1030 972/972/972 997/997/997
f 1031/1031/1031 976/976/976 983/983/983
f 1009/1009/1009 964/964/964 1016/1016/1016
f 991/991/991 954/954/954 1032/1032/1032
f 1033/1033/1033 992/992/992 993/993/993
f 1020/1020/1020 997/997/997 984/984/984
f 1006/1006/1006 959/959/959 1022/1022/1022
f 1028/1028/1028 981/981/981 1012/1012/1012
f 979/979/979 1034/1034/1034 993/993/993
f 1018/1018/1018 1014/1014/1014 975/975/975
f 1032/1032/1032 954/954/954 996/996/996
f 1008/1008/1008 1024/1024/1024 974/974/974
f 1013/1013/1013 1018/1018/1018 967/967/967
f 1026/1026/1026 998/998/998 1017/1017/1017
f 1027/1027/1027 1021/1021/1021 986/986/986
f 1016/1016/1016 970/970/970 1019/1019/1019
f 987/987/987 1035/1035/1035 1002/1002/1002
f 1036/1036/1036 983/983/983 985/985/985
f 1007/1007/1007 972/972/972 1030/1030/1030
f 996/996/996 960/960/960 1037/1037/1037
f 1033/1033/1033 1017/1017/1017 992/992/992
f 1038/1038/1038 978/978/978 990/990/990
f 1039/1039/1039 999/999/999 989/989/989
f 1010/1010/1010 1029/1029/1029 962/962/962
f 1037/1037/1037 960/960/960 1003/1003/1003
f 1019/1019/1019 973/973/973 1025/1025/1025
f 1040/1040/1040 989/989/989 994/994/994
f 1021/1021/1021 1034/1034/1034 979/979/979
f 1003/1003/1003 968/968/968 1041/1041/1041
f 1041/1041/1041 968/968/968 1007/1007/1007
f 1024/1024/1024 1035/1035/1035 987/987/987
f 1042/1042/1042 1004/1004/1004 991/991/991
f 1043/1043/1043 1015/1015/1015 995/995/995
f 1043/1043/1043 995/995/995 1026/1026/1026
f 1044/1044/1044 1011/1011/1011 1004/1004/1004
f 1045/1045/1045 1012/1012/1012 999/999/999
f 977/977/977 1046/1046/1046 1008/1008/1008
f 1022/1022/1022 976/976/976 1031/1031/1031
f 1047/1047/1047 985/985/985 1000/1000/1000
f 1030/1030/1030 997/997/997 1020/1020/1020
f 982/982/982 1048/1048/1048 1001/1001/1001
f 1014/1014/1014 1038/1038/1038 990/990/990
f 1015/1015/1015 1046/1046/1046 977/977/977
f 1034/1034/1034 1033/1033/1033 993/993/993
f 1025/1025/1025 978/978/978 1038/1038/1038
f 1031/1031/1031 983/983/983 1036/1036/1036
f 1049/1049/1049 1027/1027/1027 1011/1011/1011
f 1050/1050/1050 1005/1005/1005 1028/1028/1028
f 1051/1051/1051 994/994/994 1006/1006/1006
f 1039/1039/1039 989/989/989 1040/1040/1040
f 988/988/988 1052/1052/1052 1020/1020/1020
f 1045/1045/1045 999/999/999 1039/1039/1039
f 1023/1023/1023 1052/1052/1052 988/988/988
f 1042/1042/1042 1044/1044/1044 1004/1004/1004
f 1029/1029/1029 1048/1048/1048 982/982/982
f 1036/1036/1036 985/985/985 1047/1047/1047
f 1053/1053/1053 1000/1000/1000 1009/1009/1009
f 1032/1032/1032 1042/1042/1042 991/991/991
f 1005/1005/1005 1054/1054/1054 1010/1010/1010
f 1055/1055/1055 1026/1026/1026 1017/1017/1017
f 1044/1044/1044 1049/1049/1049 1011/1011/1011
f 1056/1056/1056 1028/1028/1028 1012/1012/1012
f 1002/1002/1002 1057/1057/1057 1023/1023/1023
f 1055/1055/1055 1017/1017/1017 1033/1033/1033
f 1001/1001/1001 1058/1058/1058 1013/1013/1013
f 1035/1035/1035 1057/1057/1057 1002/1002/1002
f 1008/1008/1008 1059/1059/1059 1024/1024/1024
f 1018/1018/1018 1060/1060/1060 1014/1014/1014
f 1027/1027/1027 1061/1061/1061 1021/1021/1021
f 1040/1040/1040 994/994/994 1051/1051/1051
f 1062/1062/1062 1009/1009/1009 1016/1016/1016
f 1063/1063/1063 1007/1007/1007 1030/1030/1030
f 1056/1056/1056 1012/1012/1012 1045/1045/1045
f 1052/1052/1052 1030/1030/1030 1020/1020/1020
f 1050/1050/1050 1054/1054/1054 1005/1005/1005
f 1064/1064/1064 1015/1015/1015 1043/1043/1043
f 1013/1013/1013 1065/1065/1065 1018/1018/1018
f 1066/1066/1066 1043/1043/1043 1026/1026/1026
f 1067/1067/1067 1016/1016/1016 1019/1019/1019
f 1061/1061/1061 1034/1034/1034 1021/1021/1021
f 1060/1060/1060 1038/1038/1038 1014/1014/1014
f 1047/1047/1047 1000/1000/1000 1053/1053/1053
f 1068/1068/1068 1006/1006/1006 1022/1022/1022
f 1049/1049/1049 1069/1069/1069 1027/1027/1027
f 1046/1046/1046 1059/1059/1059 1008/1008/1008
f 1041/1041/1041 1007/1007/1007 1063/1063/1063
f 1024/1024/1024 1070/1070/1070 1035/1035/1035
f 1048/1048/1048 1058/1058/1058 1001/1001/1001
f 1071/1071/1071 1033/1033/1033 1034/1034/1034
f 1064/1064/1064 1046/1046/1046 1015/1015/1015
f 1072/1072/1072 1019/1019/1019 1025/1025/1025
f 1032/1032/1032 996/996/996 1073/1073/1073
f 1066/1066/1066 1026/1026/1026 1055/1055/1055
f 1069/1069/1069 1061/1061/1061 1027/1027/1027
f 1073/1073/1073 996/996/996 1037/1037/1037
f 1074/1074/1074 1003/1003/1003 1041/1041/1041
f 1010/1010/1010 1075/1075/1075 1029/1029/1029
f 1076/1076/1076 1050/1050/1050 1028/1028/1028
f 1037/1037/1037 1003/1003/1003 1074/1074/1074
f 1071/1071/1071 1055/1055/1055 1033/1033/1033
f 1077/1077/1077 1022/1022/1022 1031/1031/1031
f 1053/1053/1053 1009/1009/1009 1062/1062/1062
f 1063/1063/1063 1030/1030/1030 1052/1052/1052
f 1051/1051/1051 1006/1006/1006 1068/1068/1068
f 1076/1076/1076 1028/1028/1028 1056/1056/1056
f 1059/1059/1059 1070/1070/1070 1024/1024/1024
f 1065/1065/1065 1060/1060/1060 1018/1018/1018
f 1058/1058/1058 1065/1065/1065 1013/1013/1013
f 1062/1062/1062 1016/1016/1016 1067/1067/1067
f 1078/1078/1078 1031/1031/1031 1036/1036/1036
f 1079/1079/1079 1064/1064/1064 1043/1043/1043
f 1080/1080/1080 1044/1044/1044 1042/1042/1042
f 1079/1079/1079 1043/1043/1043 1066/1066/1066
f 1081/1081/1081 1042/1042/1042 1032/1032/1032
f 1082/1082/1082 1049/1049/1049 1044/1044/1044
f 1083/1083/1083 1025/1025/1025 1038/1038/1038
f 1084/1084/1084 1045/1045/1045 1039/1039/1039
f 1054/1054/1054 1075/1075/1075 1010/1010/1010
f 1067/1067/1067 1019/1019/1019 1072/1072/1072
f 1085/1085/1085 1034/1034/1034 1061/1061/1061
f 1086/1086/1086 1039/1039/1039 1040/1040/1040
f 1023/1023/1023 1087/1087/1087 1052/1052/1052
f 1085/1085/1085 1071/1071/1071 1034/1034/1034
f 1057/1057/1057 1087/1087/1087 1023/1023/1023
f 1088/1088/1088 1069/1069/1069 1049/1049/1049
f 1089/1089/1089 1056/1056/1056 1045/1045/1045
f 1068/1068/1068 1022/1022/1022 1077/1077/1077
f 1090/1090/1090 1036/1036/1036 1047/1047/1047
f 1029/1029/1029 1091/1091/1091 1048/1048/1048
f 1060/1060/1060 1083/1083/1083 1038/1038/1038
f 1035/1035/1035 1092/1092/1092 1057/1057/1057
f 1093/1093/1093 1059/1059/1059 1046/1046/1046
f 1093/1093/1093 1046/1046/1046 1064/1064/1064
f 1080/1080/1080 1082/1082/1082 1044/1044/1044
f 1081/1081/1081 1080/1080/1080 1042/1042/1042
f 1072/1072/1072 1025/1025/1025 1083/1083/1083
f 1077/1077/1077 1031/1031/1031 1078/1078/1078
f 1070/1070/1070 1092/1092/1092 1035/1035/1035
f 1094/1094/1094 1066/1066/1066 1055/1055/1055
f 1082/1082/1082 1088/1088/1088 1049/1049/1049
f 1095/1095/1095 1041/1041/1041 1063/1063/1063
f 1096/1096/1096 1050/1050/1050 1076/1076/1076
f 1094/1094/1094 1055/1055/1055 1071/1071/1071
f 1097/1097/1097 1040/1040/1040 1051/1051/1051
f 1087/1087/1087 1063/1063/1063 1052/1052/1052
f 1084/1084/1084 1039/1039/1039 1086/1086/1086
f 1069/1069/1069 1098/1098/1098 1061/1061/1061
f 1089/1089/1089 1045/1045/1045 1084/1084/1084
f 1078/1078/1078 1036/1036/1036 1090/1090/1090
f 1075/1075/1075 1091/1091/1091 1029/1029/1029
f 1099/1099/1099 1047/1047/1047 1053/1053/1053
f 1050/1050/1050 1100/1100/1100 1054/1054/1054
f 1074/1074/1074 1041/1041/1041 1095/1095/1095
f 1101/1101/1101 1076/1076/1076 1056/1056/1056
f 1102/1102/1102 1064/1064/1064 1079/1079/1079
f 1103/1103/1103 1079/1079/1079 1066/1066/1066
f 1048/1048/1048 1104/1104/1104 1058/1058/1058
f 1065/1065/1065 1105/1105/1105 1060/1060/1060
f 1059/1059/1059 1106/1106/1106 1070/1070/1070
f 1088/1088/1088 1107/1107/1107 1069/1069/1069
f 1086/1086/1086 1040/1040/1040 1097/1097/1097
f 1101/1101/1101 1056/1056/1056 1089/1089/1089
f 1108/1108/1108 1053/1053/1053 1062/1062/1062
f 1109/1109/1109 1059/1059/1059 1093/1093/1093
f 1102/1102/1102 1093/1093/1093 1064/1064/1064
f 1081/1081/1081 1032/1032/1032 1110/1110/1110
f 1111/1111/1111 1037/1037/1037 1074/1074/1074
f 1112/1112/1112 1071/1071/1071 1085/1085/1085
f 1110/1110/1110 1032/1032/1032 1073/1073/1073
f 1096/1096/1096 1100/1100/1100 1050/1050/1050
f 1073/1073/1073 1037/1037/1037 1111/1111/1111
f 1058/1058/1058 1113/1113/1113 1065/1065/1065
f 1095/1095/1095 1063/1063/1063 1087/1087/1087
f 1061/1061/1061 1114/1114/1114 1085/1085/1085
f 1103/1103/1103 1066/1066/1066 1094/1094/1094
f 1115/1115/1115 1062/1062/1062 1067/1067/1067
f 1107/1107/1107 1098/1098/1098 1069/1069/1069
f 1105/1105/1105 1083/1083/1083 1060/1060/1060
f 1116/1116/1116 1051/1051/1051 1068/1068/1068
f 1090/1090/1090 1047/1047/1047 1099/1099/1099
f 1112/1112/1112 1094/1094/1094 1071/1071/1071
f 1109/1109/1109 1106/1106/1106 1059/1059/1059
f 1091/1091/1091 1104/1104/1104 1048/1048/1048
f 1117/1117/1117 1067/1067/1067 1072/1072/1072
f 1098/1098/1098 1114/1114/1114 1061/1061/1061
f 1118/1118/1118 1102/1102/1102 1079/1079/1079
f 1119/1119/1119 1082/1082/1082 1080/1080/1080
f 1120/1120/1120 1080/1080/1080 1081/1081/1081
f 1118/1118/1118 1079/1079/1079 1103/1103/1103
f 1121/1121/1121 1096/1096/1096 1076/1076/1076
f 1054/1054/1054 1122/1122/1122 1075/1075/1075
f 1123/1123/1123 1088/1088/1088 1082/1082/1082
f 1124/1124/1124 1068/1068/1068 1077/1077/1077
f 1057/1057/1057 1125/1125/1125 1087/1087/1087
f 1099/1099/1099 1053/1053/1053 1108/1108/1108
f 1097/1097/1097 1051/1051/1051 1116/1116/1116
f 1121/1121/1121 1076/1076/1076 1101/1101/1101
f 1092/1092/1092 1125/1125/1125 1057/1057/1057
f 1113/1113/1113 1105/1105/1105 1065/1065/1065
f 1104/1104/1104 1113/1113/1113 1058/1058/1058
f 1108/1108/1108 1062/1062/1062 1115/1115/1115
f 1126/1126/1126 1077/1077/1077 1078/1078/1078
f 1114/1114/1114 1112/1112/1112 1085/1085/1085
f 1127/1127/1127 1089/1089/1089 1084/1084/1084
f 1128/1128/1128 1107/1107/1107 1088/1088/1088
f 1086/1086/1086 1127/1127/1127 1084/1084/1084
f 1129/1129/1129 1072/1072/1072 1083/1083/1083
f 1070/1070/1070 1130/1130/1130 1092/1092/1092
f 1100/1100/1100 1122/1122/1122 1054/1054/1054
f 1115/1115/1115 1067/1067/1067 1117/1117/1117
f 1131/1131/1131 1109/1109/1109 1093/1093/1093
f 1131/1131/1131 1093/1093/1093 1102/1102/1102
f 1132/1132/1132 1074/1074/1074 1095/1095/1095
f 1106/1106/1106 1130/1130/1130 1070/1070/1070
f 1120/1120/1120 1119/1119/1119 1080/1080/1080
f 1125/1125/1125 1095/1095/1095 1087/1087/1087
f 1119/1119/1119 1123/1123/1123 1082/1082/1082
f 1133/1133/1133 1101/1101/1101 1089/1089/1089
f 1110/1110/1110 1120/1120/1120 1081/1081/1081
f 1134/1134/1134 1103/1103/1103 1094/1094/1094
f 1116/1116/1116 1068/1068/1068 1124/1124/1124
f 1123/1123/1123 1128/1128/1128 1088/1088/1088
f 1135/1135/1135 1078/1078/1078 1090/1090/1090
f 1134/1134/1134 1094/1094/1094 1112/1112/1112
f 1075/1075/1075 1136/1136/1136 1091/1091/1091
f 1097/1097/1097 1137/1137/1137 1086/1086/1086
f 1107/1107/1107 1138/1138/1138 1098/1098/1098
f 1111/1111/1111 1074/1074/1074 1132/1132/1132
f 1105/1105/1105 1129/1129/1129 1083/1083/1083
f 1124/1124/1124 1077/1077/1077 1126/1126/1126
f 1117/1117/1117 1072/1072/1072 1129/1129/1129
f 1139/1139/1139 1106/1106/1106 1109/1109/1109
f 1140/1140/1140 1102/1102/1102 1118/1118/1118
f 1141/1141/1141 1096/1096/1096 1121/1121/1121
f 1142/1142/1142 1118/1118/1118 1103/1103/1103
f 1133/1133/1133 1089/1089/1089 1127/1127/1127
f 1137/1137/1137 1127/1127/1127 1086/1086/1086
f 1128/1128/1128 1143/1143/1143 1107/1107/1107
f 1144/1144/1144 1073/1073/1073 1111/1111/1111
f 1126/1126/1126 1078/1078/1078 1135/1135/1135
f 1132/1132/1132 1095/1095/1095 1125/1125/1125
f 1139/1139/1139 1109/1109/1109 1131/1131/1131
f 1122/1122/1122 1136/1136/1136 1075/1075/1075
f 1145/1145/1145 1121/1121/1121 1101/1101/1101
f 1146/1146/1146 1090/1090/1090 1099/1099/1099
f 1096/1096/1096 1147/1147/1147 1100/1100/1100
f 1140/1140/1140 1131/1131/1131 1102/1102/1102
f 1110/1110/1110 1073/1073/1073 1144/1144/1144
f 1130/1130/1130 1125/1125/1125 1092/1092/1092
f 1148/1148/1148 1112/1112/1112 1114/1114/1114
f 1098/1098/1098 1149/1149/1149 1114/1114/1114
f 1091/1091/1091 1150/1150/1150 1104/1104/1104
f 1143/1143/1143 1138/1138/1138 1107/1107/1107
f 1142/1142/1142 1103/1103/1103 1134/1134/1134
f 1113/1113/1113 1151/1151/1151 1105/1105/1105
f 1145/1145/1145 1101/1101/1101 1133/1133/1133
f 1116/1116/1116 1152/1152/1152 1097/1097/1097
f 1148/1148/1148 1134/1134/1134 1112/1112/1112
f 1153/1153/1153 1099/1099/1099 1108/1108/1108
f 1141/1141/1141 1147/1147/1147 1096/1096/1096
f 1154/1154/1154 1106/1106/1106 1139/1139/1139
f 1138/1138/1138 1149/1149/1149 1098/1098/1098
f 1152/1152/1152 1137/1137/1137 1097/1097/1097
f 1154/1154/1154 1130/1130/1130 1106/1106/1106
f 1104/1104/1104 1155/1155/1155 1113/1113/1113
f 1156/1156/1156 1108/1108/1108 1115/1115/1115
f 1135/1135/1135 1090/1090/1090 1146/1146/1146
f 1151/1151/1151 1129/1129/1129 1105/1105/1105
f 1157/1157/1157 1140/1140/1140 1118/1118/1118
f 1158/1158/1158 1123/1123/1123 1119/1119/1119
f 1159/1159/1159 1119/1119/1119 1120/1120/1120
f 1157/1157/1157 1118/1118/1118 1142/1142/1142
f 1160/1160/1160 1128/1128/1128 1123/1123/1123
f 1161/1161/1161 1120/1120/1120 1110/1110/1110
f 1136/1136/1136 1150/1150/1150 1091/1091/1091
f 1162/1162/1162 1115/1115/1115 1117/1117/1117
f 1124/1124/1124 1163/1163/1163 1116/1116/1116
f 1164/1164/1164 1141/1141/1141 1121/1121/1121
f 1149/1149/1149 1148/1148/1148 1114/1114/1114
f 1165/1165/1165 1143/1143/1143 1128/1128/1128
f 1100/1100/1100 1166/1166/1166 1122/1122/1122
f 1164/1164/1164 1121/1121/1121 1145/1145/1145
f 1167/1167/1167 1111/1111/1111 1132/1132/1132
f 1146/1146/1146 1099/1099/1099 1153/1153/1153
f 1168/1168/1168 1132/1132/1132 1125/1125/1125
f 1169/1169/1169 1139/1139/1139 1131/1131/1131
f 1169/1169/1169 1131/1131/1131 1140/1140/1140
f 1155/1155/1155 1151/1151/1151 1113/1113/1113
f 1168/1168/1168 1125/1125/1125 1130/1130/1130
f 1170/1170/1170 1124/1124/1124 1126/1126/1126
f 1150/1150/1150 1155/1155/1155 1104/1104/1104
f 1171/1171/1171 1133/1133/1133 1127/1127/1127
f 1153/1153/1153 1108/1108/1108 1156/1156/1156
f 1137/1137/1137 1171/1171/1171 1127/1127/1127
f 1159/1159/1159 1158/1158/1158 1119/1119/1119
f 1158/1158/1158 1160/1160/1160 1123/1123/1123
f 1163/1163/1163 1152/1152/1152 1116/1116/1116
f 1144/1144/1144 1161/1161/1161 1110/1110/1110
f 1161/1161/1161 1159/1159/1159 1120/1120/1120
f 1160/1160/1160 1165/1165/1165 1128/1128/1128
f 1172/1172/1172 1142/1142/1142 1134/1134/1134
f 1173/1173/1173 1117/1117/1117 1129/1129/1129
f 1144/1144/1144 1111/1111/1111 1167/1167/1167
f 1143/1143/1143 1174/1174/1174 1138/1138/1138
f 1147/1147/1147 1166/1166/1166 1100/1100/1100
f 1172/1172/1172 1134/1134/1134 1148/1148/1148
f 1156/1156/1156 1115/1115/1115 1162/1162/1162
f 1175/1175/1175 1145/1145/1145 1133/1133/1133
f 1176/1176/1176 1154/1154/1154 1139/1139/1139
f 1177/1177/1177 1130/1130/1130 1154/1154/1154
f 1178/1178/1178 1126/1126/1126 1135/1135/1135
f 1152/1152/1152 1179/1179/1179 1137/1137/1137
f 1180/1180/1180 1163/1163/1163 1124/1124/1124
f 1181/1181/1181 1140/1140/1140 1157/1157/1157
f 1122/1122/1122 1182/1182/1182 1136/1136/1136
f 1183/1183/1183 1157/1157/1157 1142/1142/1142
f 1165/1165/1165 1184/1184/1184 1143/1143/1143
f 1167/1167/1167 1132/1132/1132 1168/1168/1168
f 1180/1180/1180 1124/1124/1124 1170/1170/1170
f 1151/1151/1151 1173/1173/1173 1129/1129/1129
f 1176/1176/1176 1139/1139/1139 1169/1169/1169
f 1162/1162/1162 1117/1117/1117 1173/1173/1173
f 1185/1185/1185 1141/1141/1141 1164/1164/1164
f 1177/1177/1177 1168/1168/1168 1130/1130/1130
f 1175/1175/1175 1133/1133/1133 1171/1171/1171
f 1181/1181/1181 1169/1169/1169 1140/1140/1140
f 1186/1186/1186 1148/1148/1148 1149/1149/1149
f 1138/1138/1138 1187/1187/1187 1149/1149/1149
f 1184/1184/1184 1174/1174/1174 1143/1143/1143
f 1179/1179/1179 1171/1171/1171 1137/1137/1137
f 1183/1183/1183 1142/1142/1142 1172/1172/1172
f 1188/1188/1188 1164/1164/1164 1145/1145/1145
f 1170/1170/1170 1126/1126/1126 1178/1178/1178
f 1189/1189/1189 1135/1135/1135 1146/1146/1146
f 1141/1141/1141 1190/1190/1190 1147/1147/1147
f 1166/1166/1166 1182/1182/1182 1122/1122/1122
f 1186/1186/1186 1172/1172/1172 1148/1148/1148
f 1174/1174/1174 1187/1187/1187 1138/1138/1138
f 1191/1191/1191 1154/1154/1154 1176/1176/1176
f 1188/1188/1188 1145/1145/1145 1175/1175/1175
f 1191/1191/1191 1177/1177/1177 1154/1154/1154
f 1136/1136/1136 1192/1192/1192 1150/1150/1150
f 1163/1163/1163 1193/1193/1193 1152/1152/1152
f 1194/1194/1194 1161/1161/1161 1144/1144/1144
f 1155/1155/1155 1195/1195/1195 1151/1151/1151
f 1196/1196/1196 1160/1160/1160 1158/1158/1158
f 1197/1197/1197 1181/1181/1181 1157/1157/1157
f 1198/1198/1198 1165/1165/1165 1160/1160/1160
f 1199/1199/1199 1158/1158/1158 1159/1159/1159
f 1197/1197/1197 1157/1157/1157 1183/1183/1183
f 1200/1200/1200 1146/1146/1146 1153/1153/1153
f 1185/1185/1185 1190/1190/1190 1141/1141/1141
f 1193/1193/1193 1179/1179/1179 1152/1152/1152
f 1201/1201/1201 1159/1159/1159 1161/1161/1161
f 1202/1202/1202 1153/1153/1153 1156/1156/1156
f 1150/1150/1150 1203/1203/1203 1155/1155/1155
f 1178/1178/1178 1135/1135/1135 1189/1189/1189
f 1204/1204/1204 1184/1184/1184 1165/1165/1165
f 1195/1195/1195 1173/1173/1173 1151/1151/1151
f 1205/1205/1205 1144/1144/1144 1167/1167/1167
f 1182/1182/1182 1192/1192/1192 1136/1136/1136
f 1206/1206/1206 1167/1167/1167 1168/1168/1168
f 1180/1180/1180 1207/1207/1207 1163/1163/1163
f 1208/1208/1208 1156/1156/1156 1162/1162/1162
f 1209/1209/1209 1185/1185/1185 1164/1164/1164
f 1210/1210/1210 1176/1176/1176 1169/1169/1169
f 1206/1206/1206 1168/1168/1168 1177/1177/1177
f 1210/1210/1210 1169/1169/1169 1181/1181/1181
f 1196/1196/1196 1198/1198/1198 1160/1160/1160
f 1209/1209/1209 1164/1164/1164 1188/1188/1188
f 1198/1198/1198 1204/1204/1204 1165/1165/1165
f 1147/1147/1147 1211/1211/1211 1166/1166/1166
f 1199/1199/1199 1196/1196/1196 1158/1158/1158
f 1184/1184/1184 1212/1212/1212 1174/1174/1174
f 1194/1194/1194 1201/1201/1201 1161/1161/1161
f 1189/1189/1189 1146/1146/1146 1200/1200/1200
f 1149/1149/1149 1213/1213/1213 1186/1186/1186
f 1201/1201/1201 1199/1199/1199 1159/1159/1159
f 1214/1214/1214 1183/1183/1183 1172/1172/1172
f 1194/1194/1194 1144/1144/1144 1205/1205/1205
f 1214/1214/1214 1172/1172/1172 1186/1186/1186
f 1215/1215/1215 1180/1180/1180 1170/1170/1170
f 1216/1216/1216 1175/1175/1175 1171/1171/1171
f 1179/1179/1179 1216/1216/1216 1171/1171/1171
f 1187/1187/1187 1213/1213/1213 1149/1149/1149
f 1207/1207/1207 1193/1193/1193 1163/1163/1163
f 1200/1200/1200 1153/1153/1153 1202/1202/1202
f 1203/1203/1203 1195/1195/1195 1155/1155/1155
f 1192/1192/1192 1203/1203/1203 1150/1150/1150
f 1217/1217/1217 1191/1191/1191 1176/1176/1176
f 1218/1218/1218 1177/1177/1177 1191/1191/1191
f 1204/1204/1204 1219/1219/1219 1184/1184/1184
f 1190/1190/1190 1211/1211/1211 1147/1147/1147
f 1220/1220/1220 1162/1162/1162 1173/1173/1173
f 1202/1202/1202 1156/1156/1156 1208/1208/1208
f 1221/1221/1221 1181/1181/1181 1197/1197/1197
f 1222/1222/1222 1188/1188/1188 1175/1175/1175
f 1223/1223/1223 1197/1197/1197 1183/1183/1183
f 1205/1205/1205 1167/1167/1167 1206/1206/1206
f 1219/1219/1219 1212/1212/1212 1184/1184/1184
f 1193/1193/1193 1224/1224/1224 1179/1179/1179
f 1174/1174/1174 1225/1225/1225 1187/1187/1187
f 1226/1226/1226 1170/1170/1170 1178/1178/1178
f 1227/1227/1227 1207/1207/1207 1180/1180/1180
f 1217/1217/1217 1176/1176/1176 1210/1210/1210
f 1218/1218/1218 1206/1206/1206 1177/1177/1177
f 1221/1221/1221 1210/1210/1210 1181/1181/1181
f 1166/1166/1166 1228/1228/1228 1182/1182/1182
f 1227/1227/1227 1180/1180/1180 1215/1215/1215
f 1223/1223/1223 1183/1183/1183 1214/1214/1214
f 1229/1229/1229 1190/1190/1190 1185/1185/1185
f 1195/1195/1195 1220/1220/1220 1173/1173/1173
f 1212/1212/1212 1225/1225/1225 1174/1174/1174
f 1229/1229/1229 1185/1185/1185 1209/1209/1209
f 1208/1208/1208 1162/1162/1162 1220/1220/1220
f 1213/1213/1213 1214/1214/1214 1186/1186/1186
f 1222/1222/1222 1175/1175/1175 1216/1216/1216
f 1224/1224/1224 1216/1216/1216 1179/1179/1179
f 1230/1230/1230 1209/1209/1209 1188/1188/1188
f 1215/1215/1215 1170/1170/1170 1226/1226/1226
f 1231/1231/1231 1191/1191/1191 1217/1217/1217
f 1231/1231/1231 1218/1218/1218 1191/1191/1191
f 1232/1232/1232 1204/1204/1204 1198/1198/1198
f 1233/1233/1233 1178/1178/1178 1189/1189/1189
f 1234/1234/1234 1198/1198/1198 1196/1196/1196
f 1235/1235/1235 1201/1201/1201 1194/1194/1194
f 1211/1211/1211 1228/1228/1228 1166/1166/1166
f 1236/1236/1236 1221/1221/1221 1197/1197/1197
f 1236/1236/1236 1197/1197/1197 1223/1223/1223
f 1237/1237/1237 1196/1196/1196 1199/1199/1199
f 1238/1238/1238 1219/1219/1219 1204/1204/1204
f 1230/1230/1230 1188/1188/1188 1222/1222/1222
f 1239/1239/1239 1199/1199/1199 1201/1201/1201
f 1207/1207/1207 1240/1240/1240 1193/1193/1193
f 1182/1182/1182 1241/1241/1241 1192/1192/1192
f 1203/1203/1203 1242/1242/1242 1195/1195/1195
f 1243/1243/1243 1189/1189/1189 1200/1200/1200
f 1240/1240/1240 1224/1224/1224 1193/1193/1193
f 1244/1244/1244 1194/1194/1194 1205/1205/1205
f 1245/1245/1245 1246/1246/1246 1247/1247/1247
f 1248/1248/1248 1200/1200/1200 1202/1202/1202
f 1249/1249/1249 1205/1205/1205 1206/1206/1206
f 1226/1226/1226 1178/1178/1178 1233/1233/1233
f 1219/1219/1219 1250/1250/1250 1212/1212/1212
f 1247/1247/1247 1251/1251/1251 1245/1245/1245
f 1245/1245/1245 1251/1251/1251 1252/1252/1252
f 1192/1192/1192 1253/1253/1253 1203/1203/1203
f 1249/1249/1249 1206/1206/1206 1218/1218/1218
f 1254/1254/1254 1217/1217/1217 1210/1210/1210
f 1234/1234/1234 1232/1232/1232 1198/1198/1198
f 1247/1247/1247 1246/1246/1246 1255/1255/1255
f 1254/1254/1254 1210/1210/1210 1221/1221/1221
f 1187/1187/1187 1256/1256/1256 1213/1213/1213
f 1242/1242/1242 1220/1220/1220 1195/1195/1195
f 1237/1237/1237 1234/1234/1234 1196/1196/1196
f 1257/1257/1257 1255/1255/1255 1246/1246/1246
f 1258/1258/1258 1223/1223/1223 1214/1214/1214
f 1259/1259/1259 1190/1190/1190 1229/1229/1229
f 1228/1228/1228 1241/1241/1241 1182/1182/1182
f 1235/1235/1235 1239/1239/1239 1201/1201/1201
f 1258/1258/1258 1214/1214/1214 1213/1213/1213
f 1225/1225/1225 1256/1256/1256 1187/1187/1187
f 1239/1239/1239 1237/1237/1237 1199/1199/1199
f 1260/1260/1260 1252/1252/1252 1251/1251/1251
f 1227/1227/1227 1261/1261/1261 1207/1207/1207
f 1262/1262/1262 1229/1229/1229 1209/1209/1209
f 1235/1235/1235 1194/1194/1194 1244/1244/1244
f 1263/1263/1263 1202/1202/1202 1208/1208/1208
f 1264/1264/1264 1252/1252/1252 1260/1260/1260
f 1265/1265/1265 1255/1255/1255 1257/1257/1257
f 1262/1262/1262 1209/1209/1209 1230/1230/1230
f 1190/1190/1190 1266/1266/1266 1211/1211/1211
f 1238/1238/1238 1267/1267/1267 1219/1219/1219
f 1245/1268/1245 1252/1269/1252 1268/1270/1268
f 1233/1233/1233 1189/1189/1189 1243/1243/1243
f 1246/1271/1246 1245/1268/1245 1269/1272/1269
f 1270/1273/1270 1231/1231/1231 1217/1217/1217
f 1257/1257/1257 1271/1274/1271 1265/1265/1265
f 1272/1275/1272 1227/1227/1227 1215/1215/1215
f 1273/1276/1273 1218/1218/1218 1231/1231/1231
f 1267/1267/1267 1250/1250/1250 1219/1219/1219
f 1274/1277/1274 1222/1222/1222 1216/1216/1216
f 1275/1278/1275 1221/1221/1221 1236/1236/1236
f 1224/1224/1224 1274/1277/1274 1216/1216/1216
f 1212/1212/1212 1276/1279/1276 1225/1225/1225
f 1238/1238/1238 1204/1204/1204 1277/1280/1277
f 1261/1261/1261 1240/1240/1240 1207/1207/1207
f 1243/1243/1243 1200/1200/1200 1248/1248/1248
f 1277/1280/1277 1204/1204/1204 1232/1232/1232
f 1260/1260/1260 1278/1281/1278 1264/1264/1264
f 1252/1269/1252 1264/1282/1264 1279/1283/1279
f 1280/1284/1280 1251/1251/1251 1247/1247/1247
f 1247/1247/1247 1255/1255/1255 1280/1284/1280
f 1253/1253/1253 1242/1242/1242 1203/1203/1203
f 1241/1241/1241 1253/1253/1253 1192/1192/1192
f 1244/1244/1244 1205/1205/1205 1249/1249/1249
f 1257/1285/1257 1246/1271/1246 1281/1286/1281
f 1223/1223/1223 1282/1287/1282 1236/1236/1236
f 1259/1259/1259 1266/1266/1266 1190/1190/1190
f 1264/1264/1264 1278/1281/1278 1283/1288/1283
f 1284/1289/1284 1208/1208/1208 1220/1220/1220
f 1265/1265/1265 1271/1274/1271 1285/1290/1285
f 1270/1273/1270 1217/1217/1217 1254/1254/1254
f 1248/1248/1248 1202/1202/1202 1263/1263/1263
f 1250/1250/1250 1276/1279/1276 1212/1212/1212
f 1273/1276/1273 1249/1249/1249 1218/1218/1218
f 1286/1291/1286 1230/1230/1230 1222/1222/1222
f 1275/1278/1275 1254/1254/1254 1221/1221/1221
f 1287/1292/1287 1255/1255/1255 1265/1265/1265
f 1288/1293/1288 1223/1223/1223 1258/1258/1258
f 1260/1260/1260 1251/1251/1251 1289/1294/1289
f 1269/1272/1269 1245/1268/1245 1268/1270/1268
f 1256/1256/1256 1258/1258/1258 1213/1213/1213
f 1268/1270/1268 1252/1269/1252 1279/1283/1279
f 1290/1295/1290 1215/1215/1215 1226/1226/1226
f 1240/1240/1240 1291/1296/1291 1224/1224/1224
f 1292/1297/1292 1261/1261/1261 1227/1227/1227
f 1264/1282/1264 1283/1298/1283 1293/1299/1293
f 1281/1286/1281 1246/1271/1246 1269/1272/1269
f 1211/1211/1211 1294/1300/1294 1228/1228/1228
f 1292/1297/1292 1227/1227/1227 1272/1275/1272
f 1288/1293/1288 1282/1287/1282 1223/1223/1223
f 1265/1265/1265 1285/1290/1285 1287/1292/1287
f 1295/1301/1295 1285/1290/1285 1271/1274/1271
f 1289/1294/1289 1278/1281/1278 1260/1260/1260
f 1271/1302/1271 1257/1285/1257 1296/1303/1296
f 1297/1304/1297 1283/1288/1283 1278/1281/1278
f 1279/1283/1279 1264/1282/1264 1293/1299/1293
f 1242/1242/1242 1284/1289/1284 1220/1220/1220
f 1298/1305/1298 1232/1232/1232 1234/1234/1234
f 1299/1306/1299 1229/1229/1229 1262/1262/1262
f 1300/1307/1300 1231/1231/1231 1270/1273/1270
f 1263/1263/1263 1208/1208/1208 1284/1289/1284
f 1301/1308/1301 1267/1267/1267 1238/1238/1238
f 1300/1307/1300 1273/1276/1273 1231/1231/1231
f 1286/1291/1286 1222/1222/1222 1274/1277/1274
f 1302/1309/1302 1239/1239/1239 1235/1235/1235
f 1291/1296/1291 1274/1277/1274 1224/1224/1224
f 1303/1310/1303 1234/1234/1234 1237/1237/1237
f 1304/1311/1304 1285/1290/1285 1295/1301/1295
f 1305/1312/1305 1283/1288/1283 1297/1304/1297
f 1272/1275/1272 1215/1215/1215 1290/1295/1290
f 1306/1313/1306 1262/1262/1262 1230/1230/1230
f 1307/1314/1307 1237/1237/1237 1239/1239/1239
f 1296/1303/1296 1257/1285/1257 1281/1286/1281
f 1229/1229/1229 1308/1315/1308 1259/1259/1259
f 1309/1316/1309 1226/1226/1226 1233/1233/1233
f 1266/1266/1266 1294/1300/1294 1211/1211/1211
f 1267/1267/1267 1310/1317/1310 1250/1250/1250
f 1283/1298/1283 1305/1318/1305 1311/1319/1311
f 1293/1299/1293 1283/1298/1283 1311/1319/1311
f 1306/1313/1306 1230/1230/1230 1286/1291/1286
f 1261/1261/1261 1312/1320/1312 1240/1240/1240
f 1313/1321/1313 1235/1235/1235 1244/1244/1244
f 1236/1236/1236 1314/1322/1314 1275/1278/1275
f 1225/1225/1225 1315/1323/1315 1256/1256/1256
f 1228/1228/1228 1316/1324/1316 1241/1241/1241
f 1317/1325/1317 1251/1251/1251 1280/1284/1280
f 1318/1326/1318 1255/1255/1255 1287/1292/1287
f 1280/1284/1280 1255/1255/1255 1319/1327/1319
f 1320/1328/1320 1244/1244/1244 1249/1249/1249
f 1276/1279/1276 1315/1323/1315 1225/1225/1225
f 1295/1329/1295 1271/1302/1271 1321/1330/1321
f 1295/1301/1295 1322/1331/1322 1304/1311/1304
f 1323/1332/1323 1233/1233/1233 1243/1243/1243
f 1253/1253/1253 1324/1333/1324 1242/1242/1242
f 1325/1334/1325 1288/1293/1288 1258/1258/1258
f 1326/1335/1326 1270/1273/1270 1254/1254/1254
f 1282/1287/1282 1314/1322/1314 1236/1236/1236
f 1326/1335/1326 1254/1254/1254 1275/1278/1275
f 1299/1306/1299 1308/1315/1308 1229/1229/1229
f 1325/1334/1325 1258/1258/1258 1256/1256/1256
f 1320/1328/1320 1249/1249/1249 1273/1276/1273
f 1289/1294/1289 1251/1251/1251 1327/1336/1327
f 1312/1320/1312 1291/1296/1291 1240/1240/1240
f 1297/1304/1297 1328/1337/1328 1305/1312/1305
f 1301/1308/1301 1329/1338/1329 1267/1267/1267
f 1330/1339/1330 1243/1243/1243 1248/1248/1248
f 1331/1340/1331 1285/1290/1285 1304/1311/1304
f 1297/1304/1297 1278/1281/1278 1332/1341/1332
f 1307/1314/1307 1303/1310/1303 1237/1237/1237
f 1290/1295/1290 1226/1226/1226 1309/1316/1309
f 1302/1309/1302 1307/1314/1307 1239/1239/1239
f 1241/1241/1241 1333/1342/1333 1253/1253/1253
f 1302/1309/1302 1235/1235/1235 1313/1321/1313
f 1321/1330/1321 1271/1302/1271 1296/1303/1296
f 1304/1311/1304 1322/1331/1322 1334/1343/1334
f 1324/1333/1324 1284/1289/1284 1242/1242/1242
f 1329/1338/1329 1310/1317/1310 1267/1267/1267
f 1250/1250/1250 1335/1344/1335 1276/1279/1276
f 1301/1308/1301 1238/1238/1238 1336/1345/1336
f 1294/1300/1294 1316/1324/1316 1228/1228/1228
f 1336/1345/1336 1238/1238/1238 1277/1280/1277
f 1305/1312/1305 1328/1337/1328 1337/1346/1337
f 1287/1292/1287 1285/1290/1285 1338/1347/1338
f 1292/1297/1292 1339/1348/1339 1261/1261/1261
f 1340/1349/1340 1278/1281/1278 1289/1294/1289
f 1341/1350/1341 1299/1306/1299 1262/1262/1262
f 1342/1351/1342 1248/1248/1248 1263/1263/1263
f 1268/1270/1268 1279/1283/1279 1343/1352/1343
f 1344/1353/1344 1300/1307/1300 1270/1273/1270
f 1318/1326/1318 1319/1327/1319 1255/1255/1255
f 1277/1280/1277 1232/1232/1232 1345/1354/1345
f 1269/1272/1269 1268/1270/1268 1346/1355/1346
f 1345/1354/1345 1232/1232/1232 1298/1305/1298
f 1347/1356/1347 1273/1276/1273 1300/1307/1300
f 1317/1325/1317 1327/1336/1327 1251/1251/1251
f 1311/1319/1311 1305/1318/1305 1348/1357/1348
f 1259/1259/1259 1349/1358/1349 1266/1266/1266
f 1341/1350/1341 1262/1262/1262 1306/1313/1306
f 1288/1293/1288 1350/1359/1350 1282/1287/1282
f 1304/1311/1304 1334/1343/1334 1331/1340/1331
f 1305/1318/1305 1337/1360/1337 1348/1357/1348
f 1310/1317/1310 1335/1344/1335 1250/1250/1250
f 1298/1305/1298 1234/1234/1234 1351/1361/1351
f 1309/1316/1309 1233/1233/1233 1323/1332/1323
f 1279/1283/1279 1293/1299/1293 1352/1362/1352
f 1313/1321/1313 1244/1244/1244 1320/1328/1320
f 1351/1361/1351 1234/1234/1234 1303/1310/1303
f 1332/1341/1332 1328/1337/1328 1297/1304/1297
f 1353/1363/1353 1288/1293/1288 1325/1334/1325
f 1354/1364/1354 1292/1297/1292 1272/1275/1272
f 1344/1353/1344 1270/1273/1270 1326/1335/1326
f 1355/1365/1355 1286/1291/1286 1274/1277/1274
f 1281/1286/1281 1269/1272/1269 1356/1366/1356
f 1323/1332/1323 1243/1243/1243 1330/1339/1330
f 1339/1348/1339 1312/1320/1312 1261/1261/1261
f 1322/1367/1322 1295/1329/1295 1357/1368/1357
f 1347/1356/1347 1320/1328/1320 1273/1276/1273
f 1333/1342/1333 1324/1333/1324 1253/1253/1253
f 1316/1324/1316 1333/1342/1333 1241/1241/1241
f 1358/1369/1358 1274/1277/1274 1291/1296/1291
f 1322/1331/1322 1359/1370/1359 1334/1343/1334
f 1308/1315/1308 1349/1358/1349 1259/1259/1259
f 1360/1371/1360 1263/1263/1263 1284/1289/1284
f 1353/1363/1353 1350/1359/1350 1288/1293/1288
f 1330/1339/1330 1248/1248/1248 1342/1351/1342
f 1280/1372/1280 1319/1373/1319 1317/1374/1317
f 1361/1375/1361 1329/1338/1329 1301/1308/1301
f 1293/1299/1293 1311/1319/1311 1362/1376/1362
f 1357/1368/1357 1295/1329/1295 1321/1330/1321
f 1363/1377/1363 1306/1313/1306 1286/1291/1286
f 1364/1378/1364 1337/1346/1337 1328/1337/1328
f 1287/1379/1287 1338/1380/1338 1318/1381/1318
f 1256/1256/1256 1365/1382/1365 1325/1334/1325
f 1366/1383/1366 1285/1290/1285 1331/1340/1331
f 1367/1384/1367 1272/1275/1272 1290/1295/1290
f 1332/1341/1332 1278/1281/1278 1368/1385/1368
f 1275/1278/1275 1369/1386/1369 1326/1335/1326
f 1370/1387/1370 1339/1348/1339 1292/1297/1292
f 1371/1388/1371 1300/1307/1300 1344/1353/1344
f 1371/1388/1371 1347/1356/1347 1300/1307/1300
f 1334/1343/1334 1359/1370/1359 1372/1389/1372
f 1315/1323/1315 1365/1382/1365 1256/1256/1256
f 1296/1303/1296 1281/1286/1281 1373/1390/1373
f 1289/1391/1289 1327/1392/1327 1340/1393/1340
f 1366/1383/1366 1338/1347/1338 1285/1290/1285
f 1374/1394/1374 1307/1314/1307 1302/1309/1302
f 1266/1266/1266 1375/1395/1375 1294/1300/1294
f 1314/1322/1314 1369/1386/1369 1275/1278/1275
f 1370/1387/1370 1292/1297/1292 1354/1364/1354
f 1340/1349/1340 1368/1385/1368 1278/1281/1278
f 1348/1357/1348 1337/1360/1337 1376/1396/1376
f 1346/1355/1346 1268/1270/1268 1343/1352/1343
f 1377/1397/1377 1303/1310/1303 1307/1314/1307
f 1343/1352/1343 1279/1283/1279 1352/1362/1352
f 1378/1398/1378 1337/1346/1337 1364/1378/1364
f 1324/1333/1324 1360/1371/1360 1284/1289/1284
f 1329/1338/1329 1379/1399/1379 1310/1317/1310
f 1380/1400/1380 1291/1296/1291 1312/1320/1312
f 1381/1401/1381 1299/1306/1299 1341/1350/1341
f 1342/1351/1342 1263/1263/1263 1360/1371/1360
f 1355/1365/1355 1274/1277/1274 1358/1369/1358
f 1276/1279/1276 1382/1402/1382 1315/1323/1315
f 1363/1377/1363 1286/1291/1286 1355/1365/1355
f 1337/1360/1337 1378/1403/1378 1376/1396/1376
f 1356/1366/1356 1269/1272/1269 1346/1355/1346
f 1282/1287/1282 1383/1404/1383 1314/1322/1314
f 1335/1344/1335 1382/1402/1382 1276/1279/1276
f 1372/1389/1372 1384/1405/1384 1334/1343/1334
f 1311/1319/1311 1348/1357/1348 1385/1406/1385
f 1352/1362/1352 1293/1299/1293 1362/1376/1362
f 1354/1364/1354 1272/1275/1272 1367/1384/1367
f 1386/1407/1386 1341/1350/1341 1306/1313/1306
f 1387/1408/1387 1302/1309/1302 1313/1321/1313
f 1350/1359/1350 1383/1404/1383 1282/1287/1282
f 1299/1306/1299 1388/1409/1388 1308/1315/1308
f 1389/1410/1389 1290/1295/1290 1309/1316/1309
f 1349/1358/1349 1375/1395/1375 1266/1266/1266
f 1390/1411/1390 1313/1321/1313 1320/1328/1320
f 1325/1334/1325 1391/1412/1391 1353/1363/1353
f 1361/1375/1361 1392/1413/1392 1329/1338/1329
f 1359/1414/1359 1322/1367/1322 1393/1415/1393
f 1331/1340/1331 1334/1343/1334 1394/1416/1394
f 1364/1378/1364 1328/1337/1328 1395/1417/1395
f 1390/1411/1390 1320/1328/1320 1347/1356/1347
f 1358/1369/1358 1291/1296/1291 1380/1400/1380
f 1326/1335/1326 1396/1418/1396 1344/1353/1344
f 1294/1300/1294 1397/1419/1397 1316/1324/1316
f 1386/1407/1386 1306/1313/1306 1363/1377/1363
f 1398/1420/1398 1328/1337/1328 1332/1341/1332
f 1361/1375/1361 1301/1308/1301 1399/1421/1399
f 1321/1330/1321 1296/1303/1296 1400/1422/1400
f 1310/1317/1310 1401/1423/1401 1335/1344/1335
f 1399/1421/1399 1301/1308/1301 1336/1345/1336
f 1359/1370/1359 1402/1424/1402 1372/1389/1372
f 1392/1413/1392 1379/1399/1379 1329/1338/1329
f 1373/1390/1373 1281/1286/1281 1356/1366/1356
f 1393/1415/1393 1322/1367/1322 1357/1368/1357
f 1333/1342/1333 1403/1425/1403 1324/1333/1324
f 1404/1426/1404 1309/1316/1309 1323/1332/1323
f 1374/1394/1374 1302/1309/1302 1387/1408/1387
f 1381/1401/1381 1388/1409/1388 1299/1306/1299
f 1336/1345/1336 1277/1280/1277 1405/1427/1405
f 1362/1376/1362 1311/1319/1311 1385/1406/1385
f 1364/1378/1364 1406/1428/1406 1378/1398/1378
f 1405/1427/1405 1277/1280/1277 1345/1354/1345
f 1407/1429/1407 1312/1320/1312 1339/1348/1339
f 1365/1382/1365 1391/1412/1391 1325/1334/1325
f 1408/1430/1408 1323/1332/1323 1330/1339/1330
f 1353/1363/1353 1409/1431/1409 1350/1359/1350
f 1367/1384/1367 1290/1295/1290 1389/1410/1389
f 1334/1343/1334 1384/1405/1384 1394/1416/1394
f 1316/1324/1316 1410/1432/1410 1333/1342/1333
f 1345/1354/1345 1298/1305/1298 1411/1433/1411
f 1379/1399/1379 1401/1423/1401 1310/1317/1310
f 1412/1434/1412 1319/1327/1319 1318/1326/1318
f 1413/1435/1413 1347/1356/1347 1371/1388/1371
f 1403/1425/1403 1360/1371/1360 1324/1333/1324
f 1369/1386/1369 1396/1418/1396 1326/1335/1326
f 1411/1433/1411 1298/1305/1298 1351/1361/1351
f 1414/1436/1414 1327/1336/1327 1317/1325/1317
f 1376/1396/1376 1378/1403/1378 1415/1437/1415
f 1344/1353/1344 1416/1438/1416 1371/1388/1371
f 1375/1395/1375 1397/1419/1397 1294/1300/1294
f 1348/1357/1348 1376/1396/1376 1417/1439/1417
f 1372/1389/1372 1402/1424/1402 1418/1440/1418
f 1387/1408/1387 1313/1321/1313 1390/1411/1390
f 1351/1361/1351 1303/1310/1303 1419/1441/1419
f 1420/1442/1420 1307/1314/1307 1374/1394/1374
f 1421/1443/1421 1330/1339/1330 1342/1351/1342
f 1378/1398/1378 1406/1428/1406 1422/1444/1422
f 1423/1445/1423 1381/1401/1381 1341/1350/1341
f 1419/1441/1419 1303/1310/1303 1377/1397/1377
f 1377/1397/1377 1307/1314/1307 1420/1442/1420
f 1395/1417/1395 1406/1428/1406 1364/1378/1364
f 1424/1446/1424 1339/1348/1339 1370/1387/1370
f 1331/1447/1331 1394/1448/1394 1366/1449/1366
f 1308/1315/1308 1425/1450/1425 1349/1358/1349
f 1391/1412/1391 1409/1431/1409 1353/1363/1353
f 1413/1435/1413 1390/1411/1390 1347/1356/1347
f 1422/1451/1422 1415/1437/1415 1378/1403/1378
f 1380/1400/1380 1312/1320/1312 1407/1429/1407
f 1423/1445/1423 1341/1350/1341 1386/1407/1386
f 1395/1417/1395 1328/1337/1328 1426/1452/1426
f 1389/1410/1389 1309/1316/1309 1404/1426/1404
f 1400/1422/1400 1296/1303/1296 1373/1390/1373
f 1332/1453/1332 1368/1454/1368 1398/1455/1398
f 1315/1323/1315 1427/1456/1427 1365/1382/1365
f 1428/1457/1428 1392/1413/1392 1361/1375/1361
f 1385/1406/1385 1348/1357/1348 1417/1439/1417
f 1429/1458/1429 1370/1387/1370 1354/1364/1354
f 1396/1418/1396 1416/1438/1416 1344/1353/1344
f 1398/1420/1398 1426/1452/1426 1328/1337/1328
f 1404/1426/1404 1323/1332/1323 1408/1430/1408
f 1410/1432/1410 1403/1425/1403 1333/1342/1333
f 1430/1459/1430 1363/1377/1363 1355/1365/1355
f 1357/1368/1357 1321/1330/1321 1431/1460/1431
f 1382/1402/1382 1427/1456/1427 1315/1323/1315
f 1397/1419/1397 1410/1432/1410 1316/1324/1316
f 1314/1322/1314 1432/1461/1432 1369/1386/1369
f 1384/1405/1384 1372/1389/1372 1433/1462/1433
f 1434/1463/1434 1355/1365/1355 1358/1369/1358
f 1402/1464/1402 1359/1414/1359 1435/1465/1435
f 1388/1409/1388 1425/1450/1425 1308/1315/1308
f 1383/1404/1383 1432/1461/1432 1314/1322/1314
f 1436/1466/1436 1342/1351/1342 1360/1371/1360
f 1433/1462/1433 1372/1389/1372 1418/1440/1418
f 1408/1430/1408 1330/1339/1330 1421/1443/1421
f 1399/1421/1399 1428/1457/1428 1361/1375/1361
f 1437/1467/1437 1338/1347/1338 1366/1383/1366
f 1435/1465/1435 1359/1414/1359 1393/1415/1393
f 1335/1344/1335 1438/1468/1438 1382/1402/1382
f 1439/1469/1439 1386/1407/1386 1363/1377/1363
f 1440/1470/1440 1368/1385/1368 1340/1349/1340
f 1407/1429/1407 1339/1348/1339 1424/1446/1424
f 1392/1413/1392 1441/1471/1441 1379/1399/1379
f 1350/1359/1350 1442/1472/1442 1383/1404/1383
f 1443/1473/1443 1354/1364/1354 1367/1384/1367
f 1444/1474/1444 1418/1440/1418 1402/1424/1402
f 1401/1423/1401 1438/1468/1438 1335/1344/1335
f 1445/1475/1445 1422/1444/1422 1406/1428/1406
f 1409/1431/1409 1442/1472/1442 1350/1359/1350
f 1349/1358/1349 1446/1476/1446 1375/1395/1375
f 1376/1396/1376 1415/1437/1415 1447/1477/1447
f 1365/1382/1365 1448/1478/1448 1391/1412/1391
f 1424/1446/1424 1370/1387/1370 1429/1458/1429
f 1403/1425/1403 1436/1466/1436 1360/1371/1360
f 1371/1388/1371 1449/1479/1449 1413/1435/1413
f 1441/1471/1441 1401/1423/1401 1379/1399/1379
f 1450/1480/1450 1374/1394/1374 1387/1408/1387
f 1343/1352/1343 1352/1362/1352 1451/1481/1451
f 1452/1482/1452 1415/1437/1415 1422/1451/1422
f 1421/1443/1421 1342/1351/1342 1436/1466/1436
f 1431/1460/1431 1321/1330/1321 1400/1422/1400
f 1453/1483/1453 1381/1401/1381 1423/1445/1423
f 1454/1484/1454 1358/1369/1358 1380/1400/1380
f 1346/1355/1346 1343/1352/1343 1455/1485/1455
f 1416/1438/1416 1449/1479/1449 1371/1388/1371
f 1456/1486/1456 1387/1408/1387 1390/1411/1390
f 1428/1457/1428 1457/1487/1457 1392/1413/1392
f 1430/1459/1430 1355/1365/1355 1434/1463/1434
f 1384/1488/1384 1433/1489/1433 1394/1448/1394
f 1369/1386/1369 1458/1490/1458 1396/1418/1396
f 1417/1439/1417 1376/1396/1376 1447/1477/1447
f 1439/1469/1439 1363/1377/1363 1430/1459/1430
f 1456/1486/1456 1390/1411/1390 1413/1435/1413
f 1352/1362/1352 1362/1376/1362 1459/1491/1459
f 1460/1492/1460 1406/1428/1406 1395/1417/1395
f 1461/1493/1461 1418/1440/1418 1444/1474/1444
f 1399/1421/1399 1336/1345/1336 1462/1494/1462
f 1429/1458/1429 1354/1364/1354 1443/1473/1443
f 1463/1495/1463 1422/1444/1422 1445/1475/1445
f 1462/1494/1462 1336/1345/1336 1405/1427/1405
f 1464/1496/1464 1423/1445/1423 1386/1407/1386
f 1381/1401/1381 1465/1497/1465 1388/1409/1388
f 1425/1450/1425 1446/1476/1446 1349/1358/1349
f 1466/1498/1466 1367/1384/1367 1389/1410/1389
f 1427/1456/1427 1448/1478/1448 1365/1382/1365
f 1391/1412/1391 1467/1499/1467 1409/1431/1409
f 1463/1500/1463 1452/1482/1452 1422/1451/1422
f 1420/1442/1420 1374/1394/1374 1450/1480/1450
f 1457/1487/1457 1441/1471/1441 1392/1413/1392
f 1356/1366/1356 1346/1355/1346 1468/1501/1468
f 1405/1427/1405 1345/1354/1345 1469/1502/1469
f 1393/1415/1393 1357/1368/1357 1470/1503/1470
f 1375/1395/1375 1471/1504/1471 1397/1419/1397
f 1438/1468/1438 1427/1456/1427 1382/1402/1382
f 1469/1502/1469 1345/1354/1345 1411/1433/1411
f 1318/1381/1318 1338/1380/1338 1472/1505/1472
f 1434/1463/1434 1358/1369/1358 1454/1484/1454
f 1432/1461/1432 1458/1490/1458 1369/1386/1369
f 1445/1475/1445 1406/1428/1406 1473/1506/1473
f 1362/1376/1362 1385/1406/1385 1474/1507/1474
f 1464/1496/1464 1386/1407/1386 1439/1469/1439
f 1396/1418/1396 1475/1508/1475 1416/1438/1416
f 1410/1432/1410 1476/1509/1476 1403/1425/1403
f 1477/1510/1477 1389/1410/1389 1404/1426/1404
f 1395/1511/1395 1426/1512/1426 1460/1513/1460
f 1453/1483/1453 1465/1497/1465 1381/1401/1381
f 1411/1433/1411 1351/1361/1351 1478/1514/1478
f 1448/1478/1448 1467/1499/1467 1391/1412/1391
f 1479/1515/1479 1377/1397/1377 1420/1442/1420
f 1480/1516/1480 1428/1457/1428 1399/1421/1399
f 1450/1480/1450 1387/1408/1387 1456/1486/1456
f 1444/1517/1444 1402/1464/1402 1481/1518/1481
f 1482/1519/1482 1404/1426/1404 1408/1430/1408
f 1478/1514/1478 1351/1361/1351 1419/1441/1419
f 1483/1520/1483 1380/1400/1380 1407/1429/1407
f 1419/1441/1419 1377/1397/1377 1479/1515/1479
f 1443/1473/1443 1367/1384/1367 1466/1498/1466
f 1397/1419/1397 1484/1521/1484 1410/1432/1410
f 1485/1522/1485 1418/1440/1418 1461/1493/1461
f 1486/1523/1486 1401/1423/1401 1441/1471/1441
f 1476/1509/1476 1436/1466/1436 1403/1425/1403
f 1481/1518/1481 1402/1464/1402 1435/1465/1435
f 1373/1390/1373 1356/1366/1356 1487/1524/1487
f 1446/1476/1446 1471/1504/1471 1375/1395/1375
f 1486/1523/1486 1438/1468/1438 1401/1423/1401
f 1458/1490/1458 1475/1508/1475 1396/1418/1396
f 1452/1482/1452 1488/1525/1488 1415/1437/1415
f 1317/1374/1317 1319/1373/1319 1489/1526/1489
f 1383/1404/1383 1490/1527/1490 1432/1461/1432
f 1470/1503/1470 1357/1368/1357 1431/1460/1431
f 1473/1506/1473 1406/1428/1406 1491/1528/1491
f 1460/1492/1460 1491/1528/1491 1406/1428/1406
f 1445/1475/1445 1492/1529/1492 1463/1495/1463
f 1493/1530/1493 1408/1430/1408 1421/1443/1421
f 1494/1531/1494 1426/1452/1426 1398/1420/1398
f 1495/1532/1495 1457/1487/1457 1428/1457/1428
f 1444/1474/1444 1496/1533/1496 1461/1493/1461
f 1447/1477/1447 1415/1437/1415 1488/1525/1488
f 1497/1534/1497 1453/1483/1453 1423/1445/1423
f 1385/1406/1385 1417/1439/1417 1498/1535/1498
f 1442/1472/1442 1490/1527/1490 1383/1404/1383
f 1340/1393/1340 1327/1392/1327 1499/1536/1499
f 1318/1381/1318 1472/1505/1472 1412/1537/1412
f 1388/1409/1388 1500/1538/1500 1425/1450/1425
f 1501/1539/1501 1407/1429/1407 1424/1446/1424
f 1502/1540/1502 1433/1462/1433 1418/1440/1418
f 1503/1541/1503 1452/1482/1452 1463/1500/1463
f 1454/1484/1454 1380/1400/1380 1483/1520/1483
f 1466/1498/1466 1389/1410/1389 1477/1510/1477
f 1455/1485/1455 1343/1352/1343 1451/1481/1451
f 1451/1481/1451 1352/1362/1352 1459/1491/1459
f 1497/1534/1497 1423/1445/1423 1464/1496/1464
f 1413/1435/1413 1504/1542/1504 1456/1486/1456
f 1462/1494/1462 1480/1516/1480 1399/1421/1399
f 1409/1431/1409 1505/1543/1505 1442/1472/1442
f 1473/1506/1473 1492/1529/1492 1445/1475/1445
f 1480/1516/1480 1495/1532/1495 1428/1457/1428
f 1506/1544/1506 1424/1446/1424 1429/1458/1429
f 1477/1510/1477 1404/1426/1404 1482/1519/1482
f 1507/1545/1507 1448/1478/1448 1427/1456/1427
f 1484/1521/1484 1476/1509/1476 1410/1432/1410
f 1471/1504/1471 1484/1521/1484 1397/1419/1397
f 1467/1499/1467 1505/1543/1505 1409/1431/1409
f 1449/1479/1449 1504/1542/1504 1413/1435/1413
f 1507/1545/1507 1427/1456/1427 1438/1468/1438
f 1459/1491/1459 1362/1376/1362 1474/1507/1474
f 1468/1501/1468 1346/1355/1346 1455/1485/1455
f 1508/1546/1508 1439/1469/1439 1430/1459/1430
f 1463/1495/1463 1492/1529/1492 1509/1547/1509
f 1465/1497/1465 1500/1538/1500 1388/1409/1388
f 1510/1548/1510 1421/1443/1421 1436/1466/1436
f 1509/1549/1509 1503/1541/1503 1463/1500/1463
f 1435/1465/1435 1393/1415/1393 1511/1550/1511
f 1512/1551/1512 1430/1459/1430 1434/1463/1434
f 1461/1493/1461 1496/1533/1496 1513/1552/1513
f 1437/1553/1437 1472/1505/1472 1338/1380/1338
f 1482/1519/1482 1408/1430/1408 1493/1530/1493
f 1400/1422/1400 1373/1390/1373 1514/1554/1514
f 1515/1555/1515 1441/1471/1441 1457/1487/1457
f 1416/1438/1416 1516/1556/1516 1449/1479/1449
f 1317/1374/1317 1489/1526/1489 1414/1557/1414
f 1517/1558/1517 1420/1442/1420 1450/1480/1450
f 1414/1557/1414 1499/1536/1499 1327/1392/1327
f 1475/1508/1475 1516/1556/1516 1416/1438/1416
f 1412/1537/1412 1489/1526/1489 1319/1373/1319
f 1432/1461/1432 1518/1559/1518 1458/1490/1458
f 1461/1493/1461 1513/1552/1513 1485/1522/1485
f 1519/1560/1519 1464/1496/1464 1439/1469/1439
f 1483/1520/1483 1407/1429/1407 1501/1539/1501
f 1520/1561/1520 1429/1458/1429 1443/1473/1443
f 1504/1542/1504 1450/1480/1450 1456/1486/1456
f 1417/1439/1417 1447/1477/1447 1521/1562/1521
f 1522/1563/1522 1418/1440/1418 1485/1522/1485
f 1523/1564/1523 1486/1523/1486 1441/1471/1441
f 1425/1450/1425 1524/1565/1524 1446/1476/1446
f 1474/1507/1474 1385/1406/1385 1498/1535/1498
f 1487/1524/1487 1356/1366/1356 1468/1501/1468
f 1448/1478/1448 1525/1566/1525 1467/1499/1467
f 1495/1532/1495 1515/1555/1515 1457/1487/1457
f 1462/1494/1462 1405/1427/1405 1526/1567/1526
f 1476/1509/1476 1510/1548/1510 1436/1466/1436
f 1527/1568/1527 1438/1468/1438 1486/1523/1486
f 1501/1539/1501 1424/1446/1424 1506/1544/1506
f 1479/1515/1479 1420/1442/1420 1517/1558/1517
f 1493/1530/1493 1421/1443/1421 1510/1548/1510
f 1526/1567/1526 1405/1427/1405 1469/1502/1469
f 1340/1393/1340 1499/1536/1499 1440/1569/1440
f 1522/1563/1522 1502/1540/1502 1418/1440/1418
f 1528/1570/1528 1448/1478/1448 1507/1545/1507
f 1529/1571/1529 1453/1483/1453 1497/1534/1497
f 1490/1527/1490 1518/1559/1518 1432/1461/1432
f 1496/1572/1496 1444/1517/1444 1530/1573/1530
f 1503/1541/1503 1531/1574/1531 1452/1482/1452
f 1532/1575/1532 1434/1463/1434 1454/1484/1454
f 1511/1550/1511 1393/1415/1393 1470/1503/1470
f 1458/1490/1458 1533/1576/1533 1475/1508/1475
f 1531/1574/1531 1488/1525/1488 1452/1482/1452
f 1366/1449/1366 1394/1448/1394 1534/1577/1534
f 1527/1568/1527 1507/1545/1507 1438/1468/1438
f 1530/1573/1530 1444/1517/1444 1481/1518/1481
f 1508/1546/1508 1430/1459/1430 1512/1551/1512
f 1519/1560/1519 1439/1469/1439 1508/1546/1508
f 1469/1502/1469 1411/1433/1411 1535/1578/1535
f 1536/1579/1536 1492/1529/1492 1473/1506/1473
f 1523/1564/1523 1441/1471/1441 1515/1555/1515
f 1506/1544/1506 1429/1458/1429 1520/1561/1520
f 1500/1538/1500 1524/1565/1524 1425/1450/1425
f 1537/1580/1537 1509/1547/1509 1492/1529/1492
f 1453/1483/1453 1538/1581/1538 1465/1497/1465
f 1539/1582/1539 1443/1473/1443 1466/1498/1466
f 1528/1570/1528 1525/1566/1525 1448/1478/1448
f 1473/1583/1473 1491/1584/1491 1536/1585/1536
f 1535/1578/1535 1411/1433/1411 1478/1514/1478
f 1540/1586/1540 1497/1534/1497 1464/1496/1464
f 1541/1587/1541 1419/1441/1419 1479/1515/1479
f 1478/1514/1478 1419/1441/1419 1541/1587/1541
f 1517/1558/1517 1450/1480/1450 1504/1542/1504
f 1542/1588/1542 1480/1516/1480 1462/1494/1462
f 1543/1589/1543 1503/1541/1503 1509/1549/1509
f 1446/1476/1446 1544/1590/1544 1471/1504/1471
f 1498/1535/1498 1417/1439/1417 1521/1562/1521
f 1431/1460/1431 1400/1422/1400 1545/1591/1545
f 1546/1592/1546 1495/1532/1495 1480/1516/1480
f 1547/1593/1547 1491/1528/1491 1460/1492/1460
f 1548/1594/1548 1513/1552/1513 1496/1533/1496
f 1518/1559/1518 1533/1576/1533 1458/1490/1458
f 1514/1554/1514 1373/1390/1373 1487/1524/1487
f 1442/1472/1442 1549/1595/1549 1490/1527/1490
f 1366/1449/1366 1534/1577/1534 1437/1553/1437
f 1484/1521/1484 1550/1596/1550 1476/1509/1476
f 1512/1551/1512 1434/1463/1434 1532/1575/1532
f 1540/1586/1540 1464/1496/1464 1519/1560/1519
f 1551/1597/1551 1466/1498/1466 1477/1510/1477
f 1505/1543/1505 1549/1595/1549 1442/1472/1442
f 1529/1571/1529 1538/1581/1538 1453/1483/1453
f 1552/1598/1552 1433/1462/1433 1502/1540/1502
f 1447/1477/1447 1488/1525/1488 1553/1599/1553
f 1554/1600/1554 1477/1510/1477 1482/1519/1482
f 1394/1448/1394 1433/1489/1433 1534/1577/1534
f 1555/1601/1555 1486/1523/1486 1523/1564/1523
f 1556/1602/1556 1509/1547/1509 1537/1580/1537
f 1471/1504/1471 1557/1603/1557 1484/1521/1484
f 1555/1601/1555 1527/1568/1527 1486/1523/1486
f 1398/1455/1398 1368/1454/1368 1558/1604/1558
f 1520/1561/1520 1443/1473/1443 1539/1582/1539
f 1559/1605/1559 1454/1484/1454 1483/1520/1483
f 1481/1518/1481 1435/1465/1435 1560/1606/1560
f 1556/1607/1556 1543/1589/1543 1509/1549/1509
f 1550/1596/1550 1510/1548/1510 1476/1509/1476
f 1467/1499/1467 1561/1608/1561 1505/1543/1505
f 1449/1479/1449 1562/1609/1562 1504/1542/1504
f 1563/1610/1563 1513/1552/1513 1548/1594/1548
f 1524/1565/1524 1544/1590/1544 1446/1476/1446
f 1564/1611/1564 1515/1555/1515 1495/1532/1495
f 1542/1588/1542 1546/1592/1546 1480/1516/1480
f 1525/1566/1525 1561/1608/1561 1467/1499/1467
f 1516/1556/1516 1562/1609/1562 1449/1479/1449
f 1565/1612/1565 1482/1519/1482 1493/1530/1493
f 1566/1613/1566 1528/1570/1528 1507/1545/1507
f 1440/1569/1440 1558/1604/1558 1368/1454/1368
f 1567/1614/1567 1529/1571/1529 1497/1534/1497
f 1465/1497/1465 1568/1615/1568 1500/1538/1500
f 1566/1613/1566 1507/1545/1507 1527/1568/1527
f 1485/1522/1485 1513/1552/1513 1569/1616/1569
f 1475/1508/1475 1570/1617/1570 1516/1556/1516
f 1571/1618/1571 1483/1520/1483 1501/1539/1501
f 1546/1592/1546 1564/1611/1564 1495/1532/1495
f 1539/1582/1539 1466/1498/1466 1551/1597/1551
f 1490/1527/1490 1572/1619/1572 1518/1559/1518
f 1521/1562/1521 1447/1477/1447 1553/1599/1553
f 1533/1576/1533 1570/1617/1570 1475/1508/1475
f 1532/1575/1532 1454/1484/1454 1559/1605/1559
f 1567/1614/1567 1497/1534/1497 1540/1586/1540
f 1543/1589/1543 1573/1620/1573 1503/1541/1503
f 1574/1621/1574 1479/1515/1479 1517/1558/1517
f 1573/1620/1573 1531/1574/1531 1503/1541/1503
f 1560/1606/1560 1435/1465/1435 1511/1550/1511
f 1557/1603/1557 1550/1596/1550 1484/1521/1484
f 1545/1591/1545 1400/1422/1400 1514/1554/1514
f 1544/1590/1544 1557/1603/1557 1471/1504/1471
f 1551/1597/1551 1477/1510/1477 1554/1600/1554
f 1575/1622/1575 1501/1539/1501 1506/1544/1506
f 1562/1609/1562 1517/1558/1517 1504/1542/1504
f 1576/1623/1576 1537/1580/1537 1492/1529/1492
f 1577/1624/1577 1525/1566/1525 1528/1570/1528
f 1536/1579/1536 1576/1623/1576 1492/1529/1492
f 1578/1625/1578 1513/1552/1513 1563/1610/1563
f 1548/1626/1548 1496/1572/1496 1579/1627/1579
f 1470/1503/1470 1431/1460/1431 1580/1628/1580
f 1581/1629/1581 1493/1530/1493 1510/1548/1510
f 1582/1630/1582 1519/1560/1519 1508/1546/1508
f 1538/1581/1538 1568/1615/1568 1465/1497/1465
f 1583/1631/1583 1523/1564/1523 1515/1555/1515
f 1542/1588/1542 1462/1494/1462 1584/1632/1584
f 1554/1600/1554 1482/1519/1482 1565/1612/1565
f 1579/1627/1579 1496/1572/1496 1530/1573/1530
f 1541/1587/1541 1479/1515/1479 1574/1621/1574
f 1549/1595/1549 1572/1619/1572 1490/1527/1490
f 1584/1632/1584 1462/1494/1462 1526/1567/1526
f 1585/1633/1585 1508/1546/1508 1512/1551/1512
f 1537/1580/1537 1586/1634/1586 1556/1602/1556
f 1485/1635/1485 1569/1636/1569 1522/1637/1522
f 1518/1559/1518 1587/1638/1587 1533/1576/1533
f 1460/1513/1460 1426/1512/1426 1588/1639/1588
f 1451/1481/1451 1459/1491/1459 1589/1640/1589
f 1590/1641/1590 1543/1589/1543 1556/1607/1556
f 1531/1574/1531 1591/1642/1591 1488/1525/1488
f 1398/1455/1398 1558/1604/1558 1494/1643/1494
f 1526/1567/1526 1469/1502/1469 1592/1644/1592
f 1577/1624/1577 1528/1570/1528 1566/1613/1566
f 1559/1605/1559 1483/1520/1483 1571/1618/1571
f 1455/1485/1455 1451/1481/1451 1593/1645/1593
f 1594/1646/1594 1506/1544/1506 1520/1561/1520
f 1595/1647/1595 1555/1601/1555 1523/1564/1523
f 1596/1648/1596 1540/1586/1540 1519/1560/1519
f 1548/1594/1548 1597/1649/1597 1563/1610/1563
f 1598/1650/1598 1527/1568/1527 1555/1601/1555
f 1459/1491/1459 1474/1507/1474 1599/1651/1599
f 1592/1644/1592 1469/1502/1469 1535/1578/1535
f 1500/1538/1500 1600/1652/1600 1524/1565/1524
f 1412/1537/1412 1472/1505/1472 1601/1653/1601
f 1564/1611/1564 1583/1631/1583 1515/1555/1515
f 1602/1654/1602 1478/1514/1478 1541/1587/1541
f 1494/1643/1494 1588/1639/1588 1426/1512/1426
f 1535/1578/1535 1478/1514/1478 1602/1654/1602
f 1550/1596/1550 1581/1629/1581 1510/1548/1510
f 1598/1650/1598 1566/1613/1566 1527/1568/1527
f 1574/1621/1574 1517/1558/1517 1562/1609/1562
f 1571/1618/1571 1501/1539/1501 1575/1622/1575
f 1565/1612/1565 1493/1530/1493 1581/1629/1581
f 1572/1619/1572 1587/1638/1587 1518/1559/1518
f 1603/1655/1603 1586/1634/1586 1537/1580/1537
f 1552/1656/1552 1534/1577/1534 1433/1489/1433
f 1468/1501/1468 1455/1485/1455 1604/1657/1604
f 1605/1658/1605 1502/1540/1502 1522/1563/1522
f 1505/1543/1505 1606/1659/1606 1549/1595/1549
f 1607/1660/1607 1529/1571/1529 1567/1614/1567
f 1608/1661/1608 1561/1608/1561 1525/1566/1525
f 1609/1662/1609 1546/1592/1546 1542/1588/1542
f 1608/1661/1608 1525/1566/1525 1577/1624/1577
f 1553/1599/1553 1488/1525/1488 1591/1642/1591
f 1530/1573/1530 1481/1518/1481 1610/1663/1610
f 1611/1664/1611 1512/1551/1512 1532/1575/1532
f 1474/1507/1474 1498/1535/1498 1612/1665/1612
f 1595/1647/1595 1523/1564/1523 1583/1631/1583
f 1561/1608/1561 1606/1659/1606 1505/1543/1505
f 1582/1630/1582 1508/1546/1508 1585/1633/1585
f 1563/1610/1563 1597/1649/1597 1613/1666/1613
f 1596/1648/1596 1519/1560/1519 1582/1630/1582
f 1568/1615/1568 1600/1652/1600 1500/1538/1500
f 1575/1622/1575 1506/1544/1506 1594/1646/1594
f 1563/1610/1563 1613/1666/1613 1578/1625/1578
f 1614/1667/1614 1520/1561/1520 1539/1582/1539
f 1529/1571/1529 1615/1668/1615 1538/1581/1538
f 1601/1653/1601 1489/1526/1489 1412/1537/1412
f 1616/1669/1616 1569/1616/1569 1513/1552/1513
f 1580/1628/1580 1431/1460/1431 1545/1591/1545
f 1617/1670/1617 1564/1611/1564 1546/1592/1546
f 1618/1671/1618 1499/1536/1499 1414/1557/1414
f 1616/1669/1616 1513/1552/1513 1578/1625/1578
f 1414/1557/1414 1489/1526/1489 1618/1671/1618
f 1619/1672/1619 1472/1505/1472 1437/1553/1437
f 1620/1673/1620 1567/1614/1567 1540/1586/1540
f 1524/1565/1524 1621/1674/1621 1544/1590/1544
f 1516/1556/1516 1622/1675/1622 1562/1609/1562
f 1623/1676/1623 1573/1620/1573 1543/1589/1543
f 1557/1603/1557 1624/1677/1624 1550/1596/1550
f 1570/1617/1570 1622/1675/1622 1516/1556/1516
f 1586/1678/1586 1625/1679/1625 1556/1607/1556
f 1590/1641/1590 1623/1676/1623 1543/1589/1543
f 1556/1607/1556 1625/1679/1625 1590/1641/1590
f 1626/1680/1626 1539/1582/1539 1551/1597/1551
f 1487/1524/1487 1468/1501/1468 1627/1681/1627
f 1536/1585/1536 1491/1584/1491 1628/1682/1628
f 1585/1633/1585 1512/1551/1512 1611/1664/1611
f 1629/1683/1629 1603/1655/1603 1537/1580/1537
f 1511/1550/1511 1470/1503/1470 1630/1684/1630
f 1610/1663/1610 1481/1518/1481 1560/1606/1560
f 1620/1673/1620 1540/1586/1540 1596/1648/1596
f 1631/1685/1631 1555/1601/1555 1595/1647/1595
f 1533/1576/1533 1632/1686/1632 1570/1617/1570
f 1584/1632/1584 1609/1662/1609 1542/1588/1542
f 1607/1660/1607 1615/1668/1615 1529/1571/1529
f 1631/1685/1631 1598/1650/1598 1555/1601/1555
f 1498/1535/1498 1521/1562/1521 1633/1687/1633
f 1460/1513/1460 1588/1639/1588 1547/1688/1547
f 1544/1590/1544 1634/1689/1634 1557/1603/1557
f 1635/1690/1635 1551/1597/1551 1554/1600/1554
f 1587/1638/1587 1632/1686/1632 1533/1576/1533
f 1549/1595/1549 1636/1691/1636 1572/1619/1572
f 1547/1688/1547 1628/1682/1628 1491/1584/1491
f 1609/1662/1609 1617/1670/1617 1546/1592/1546
f 1594/1646/1594 1520/1561/1520 1614/1667/1614
f 1624/1677/1624 1581/1629/1581 1550/1596/1550
f 1573/1620/1573 1637/1692/1637 1531/1574/1531
f 1638/1693/1638 1577/1624/1577 1566/1613/1566
f 1440/1569/1440 1499/1536/1499 1639/1694/1639
f 1640/1695/1640 1532/1575/1532 1559/1605/1559
f 1641/1696/1641 1541/1587/1541 1574/1621/1574
f 1642/1697/1642 1576/1623/1576 1536/1579/1536
f 1643/1698/1643 1583/1631/1583 1564/1611/1564
f 1629/1683/1629 1537/1580/1537 1576/1623/1576
f 1600/1652/1600 1621/1674/1621 1524/1565/1524
f 1603/1655/1603 1644/1699/1644 1586/1634/1586
f 1622/1675/1622 1574/1621/1574 1562/1609/1562
f 1548/1626/1548 1645/1700/1645 1597/1701/1597
f 1638/1693/1638 1566/1613/1566 1598/1650/1598
f 1646/1702/1646 1554/1600/1554 1565/1612/1565
f 1579/1627/1579 1645/1700/1645 1548/1626/1548
f 1589/1640/1589 1459/1491/1459 1599/1651/1599
f 1437/1553/1437 1534/1577/1534 1619/1672/1619
f 1593/1645/1593 1451/1481/1451 1589/1640/1589
f 1647/1703/1647 1561/1608/1561 1608/1661/1608
f 1617/1670/1617 1643/1698/1643 1564/1611/1564
f 1602/1654/1602 1541/1587/1541 1641/1696/1641
f 1538/1581/1538 1648/1704/1648 1568/1615/1568
f 1649/1705/1649 1607/1660/1607 1567/1614/1567
f 1606/1659/1606 1636/1691/1636 1549/1595/1549
f 1637/1692/1637 1591/1642/1591 1531/1574/1531
f 1572/1619/1572 1650/1706/1650 1587/1638/1587
f 1651/1707/1651 1608/1661/1608 1577/1624/1577
f 1614/1667/1614 1539/1582/1539 1626/1680/1626
f 1652/1708/1652 1559/1605/1559 1571/1618/1571
f 1599/1651/1599 1474/1507/1474 1612/1665/1612
f 1611/1664/1611 1532/1575/1532 1640/1695/1640
f 1604/1657/1604 1455/1485/1455 1593/1645/1593
f 1649/1705/1649 1567/1614/1567 1620/1673/1620
f 1634/1689/1634 1624/1677/1624 1557/1603/1557
f 1584/1632/1584 1526/1567/1526 1653/1709/1653
f 1514/1554/1514 1487/1524/1487 1654/1710/1654
f 1597/1649/1597 1655/1711/1655 1613/1666/1613
f 1647/1703/1647 1606/1659/1606 1561/1608/1561
f 1621/1674/1621 1634/1689/1634 1544/1590/1544
f 1656/1712/1656 1644/1699/1644 1603/1655/1603
f 1626/1680/1626 1551/1597/1551 1635/1690/1635
f 1653/1709/1653 1526/1567/1526 1592/1644/1592
f 1521/1562/1521 1553/1599/1553 1657/1713/1657
f 1658/1714/1658 1535/1578/1535 1602/1654/1602
f 1659/1715/1659 1571/1618/1571 1575/1622/1575
f 1592/1644/1592 1535/1578/1535 1658/1714/1658
f 1630/1684/1630 1470/1503/1470 1580/1628/1580
f 1660/1716/1660 1595/1647/1595 1583/1631/1583
f 1641/1696/1641 1574/1621/1574 1622/1675/1622
f 1661/1717/1661 1565/1612/1565 1581/1629/1581
f 1615/1668/1615 1648/1704/1648 1538/1581/1538
f 1635/1690/1635 1554/1600/1554 1646/1702/1646
f 1651/1707/1651 1577/1624/1577 1638/1693/1638
f 1639/1694/1639 1558/1604/1558 1440/1569/1440
f 1636/1691/1636 1650/1706/1650 1572/1619/1572
f 1552/1656/1552 1502/1718/1502 1662/1719/1662
f 1579/1627/1579 1530/1573/1530 1663/1720/1663
f 1664/1721/1664 1596/1648/1596 1582/1630/1582
f 1578/1625/1578 1613/1666/1613 1665/1722/1665
f 1612/1665/1612 1498/1535/1498 1633/1687/1633
f 1666/1723/1666 1631/1685/1631 1595/1647/1595
f 1656/1712/1656 1603/1655/1603 1667/1724/1667
f 1668/1725/1668 1582/1630/1582 1585/1633/1585
f 1669/1726/1669 1598/1650/1598 1631/1685/1631
f 1670/1727/1670 1623/1676/1623 1590/1641/1590
f 1627/1681/1627 1468/1501/1468 1604/1657/1604
f 1613/1666/1613 1655/1711/1655 1671/1728/1671
f 1643/1698/1643 1660/1716/1660 1583/1631/1583
f 1590/1641/1590 1625/1679/1625 1670/1727/1670
f 1672/1729/1672 1575/1622/1575 1594/1646/1594
f 1640/1695/1640 1559/1605/1559 1652/1708/1652
f 1568/1615/1568 1673/1730/1673 1600/1652/1600
f 1644/1731/1644 1674/1732/1674 1586/1678/1586
f 1675/1733/1675 1609/1662/1609 1584/1632/1584
f 1586/1678/1586 1674/1732/1674 1625/1679/1625
f 1669/1726/1669 1638/1693/1638 1598/1650/1598
f 1676/1734/1676 1620/1673/1620 1596/1648/1596
f 1677/1735/1677 1647/1703/1647 1608/1661/1608
f 1560/1606/1560 1511/1550/1511 1678/1736/1678
f 1624/1677/1624 1661/1717/1661 1581/1629/1581
f 1536/1585/1536 1628/1682/1628 1642/1737/1642
f 1570/1617/1570 1679/1738/1679 1622/1675/1622
f 1671/1728/1671 1680/1739/1680 1613/1666/1613
f 1677/1735/1677 1608/1661/1608 1651/1707/1651
f 1681/1740/1681 1617/1670/1617 1609/1662/1609
f 1623/1676/1623 1682/1741/1682 1573/1620/1573
f 1646/1702/1646 1565/1612/1565 1661/1717/1661
f 1632/1686/1632 1679/1738/1679 1570/1617/1570
f 1652/1708/1652 1571/1618/1571 1659/1715/1659
f 1666/1723/1666 1595/1647/1595 1660/1716/1660
f 1663/1720/1663 1530/1573/1530 1610/1663/1610
f 1578/1742/1578 1665/1743/1665 1616/1744/1616
f 1683/1745/1683 1603/1655/1603 1629/1683/1629
f 1684/1746/1684 1607/1660/1607 1649/1705/1649
f 1685/1747/1685 1569/1616/1569 1616/1669/1616
f 1545/1591/1545 1514/1554/1514 1686/1748/1686
f 1587/1638/1587 1687/1749/1687 1632/1686/1632
f 1633/1687/1633 1521/1562/1521 1657/1713/1657
f 1553/1599/1553 1591/1642/1591 1688/1750/1688
f 1689/1751/1689 1585/1633/1585 1611/1664/1611
f 1644/1699/1644 1656/1712/1656 1690/1752/1690
f 1691/1753/1691 1636/1691/1636 1606/1659/1606
f 1692/1754/1692 1643/1698/1643 1617/1670/1617
f 1682/1741/1682 1637/1692/1637 1573/1620/1573
f 1648/1704/1648 1673/1730/1673 1568/1615/1568
f 1691/1753/1691 1606/1659/1606 1647/1703/1647
f 1613/1666/1613 1680/1739/1680 1665/1722/1665
f 1650/1706/1650 1687/1749/1687 1587/1638/1587
f 1667/1724/1667 1603/1655/1603 1683/1745/1683
f 1664/1721/1664 1582/1630/1582 1668/1725/1668
f 1659/1715/1659 1575/1622/1575 1672/1729/1672
f 1693/1755/1693 1594/1646/1594 1614/1667/1614
f 1694/1756/1694 1602/1654/1602 1641/1696/1641
f 1607/1660/1607 1695/1757/1695 1615/1668/1615
f 1676/1734/1676 1596/1648/1596 1664/1721/1664
f 1494/1643/1494 1558/1604/1558 1696/1758/1696
f 1696/1758/1696 1588/1639/1588 1494/1643/1494
f 1654/1710/1654 1487/1524/1487 1627/1681/1627
f 1600/1652/1600 1697/1759/1697 1621/1674/1621
f 1679/1738/1679 1641/1696/1641 1622/1675/1622
f 1653/1709/1653 1675/1733/1675 1584/1632/1584
f 1698/1760/1698 1649/1705/1649 1620/1673/1620
f 1675/1733/1675 1681/1740/1681 1609/1662/1609
f 1634/1689/1634 1699/1761/1699 1624/1677/1624
f 1700/1762/1700 1631/1685/1631 1666/1723/1666
f 1597/1701/1597 1701/1763/1701 1655/1764/1655
f 1700/1762/1700 1669/1726/1669 1631/1685/1631
f 1667/1724/1667 1702/1765/1702 1656/1712/1656
f 1658/1714/1658 1602/1654/1602 1694/1756/1694
f 1645/1700/1645 1701/1763/1701 1597/1701/1597
f 1703/1766/1703 1614/1667/1614 1626/1680/1626
f 1678/1736/1678 1511/1550/1511 1630/1684/1630
f 1704/1767/1704 1650/1706/1650 1636/1691/1636
f 1668/1725/1668 1585/1633/1585 1689/1751/1689
f 1681/1740/1681 1692/1754/1692 1617/1670/1617
f 1621/1674/1621 1705/1768/1705 1634/1689/1634
f 1706/1769/1706 1651/1707/1651 1638/1693/1638
f 1684/1746/1684 1695/1757/1695 1607/1660/1607
f 1690/1752/1690 1656/1712/1656 1702/1765/1702
f 1707/1770/1707 1660/1716/1660 1643/1698/1643
f 1698/1760/1698 1620/1673/1620 1676/1734/1676
f 1708/1771/1708 1626/1680/1626 1635/1690/1635
f 1699/1761/1699 1661/1717/1661 1624/1677/1624
f 1672/1729/1672 1594/1646/1594 1693/1755/1693
f 1706/1769/1706 1638/1693/1638 1669/1726/1669
f 1673/1730/1673 1697/1759/1697 1600/1652/1600
f 1709/1772/1709 1611/1664/1611 1640/1695/1640
f 1710/1773/1710 1647/1703/1647 1677/1735/1677
f 1662/1719/1662 1534/1577/1534 1552/1656/1552
f 1711/1774/1711 1592/1644/1592 1658/1714/1658
f 1657/1713/1657 1553/1599/1553 1688/1750/1688
f 1704/1767/1704 1636/1691/1636 1691/1753/1691
f 1655/1711/1655 1712/1775/1712 1671/1728/1671
f 1692/1754/1692 1707/1770/1707 1643/1698/1643
f 1653/1709/1653 1592/1644/1592 1711/1774/1711
f 1694/1756/1694 1641/1696/1641 1679/1738/1679
f 1670/1727/1670 1625/1679/1625 1713/1776/1713
f 1714/1777/1714 1635/1690/1635 1646/1702/1646
f 1715/1778/1715 1628/1682/1628 1547/1688/1547
f 1522/1637/1522 1569/1636/1569 1716/1779/1716
f 1605/1780/1605 1717/1781/1717 1502/1718/1502
f 1710/1773/1710 1691/1753/1691 1647/1703/1647
f 1660/1716/1660 1718/1782/1718 1666/1723/1666
f 1719/1783/1719 1677/1735/1677 1651/1707/1651
f 1547/1688/1547 1588/1639/1588 1715/1778/1715
f 1579/1627/1579 1720/1784/1720 1645/1700/1645
f 1615/1668/1615 1721/1785/1721 1648/1704/1648
f 1644/1731/1644 1722/1786/1722 1674/1732/1674
f 1690/1787/1690 1722/1786/1722 1644/1731/1644
f 1637/1692/1637 1723/1788/1723 1591/1642/1591
f 1670/1727/1670 1724/1789/1724 1623/1676/1623
f 1580/1628/1580 1545/1591/1545 1725/1790/1725
f 1726/1791/1726 1684/1746/1684 1649/1705/1649
f 1686/1748/1686 1514/1554/1514 1654/1710/1654
f 1693/1755/1693 1614/1667/1614 1703/1766/1703
f 1610/1663/1610 1560/1606/1560 1727/1792/1727
f 1728/1793/1728 1640/1695/1640 1652/1708/1652
f 1522/1637/1522 1716/1779/1716 1605/1780/1605
f 1705/1768/1705 1699/1761/1699 1634/1689/1634
f 1718/1782/1718 1700/1762/1700 1666/1723/1666
f 1697/1759/1697 1705/1768/1705 1621/1674/1621
f 1680/1739/1680 1671/1728/1671 1729/1794/1729
f 1689/1751/1689 1611/1664/1611 1709/1772/1709
f 1730/1795/1730 1650/1706/1650 1704/1767/1704
f 1726/1791/1726 1649/1705/1649 1698/1760/1698
f 1703/1766/1703 1626/1680/1626 1708/1771/1708
f 1730/1795/1730 1687/1749/1687 1650/1706/1650
f 1707/1770/1707 1731/1796/1731 1660/1716/1660
f 1724/1789/1724 1682/1741/1682 1623/1676/1623
f 1732/1797/1732 1652/1708/1652 1659/1715/1659
f 1632/1686/1632 1733/1798/1733 1679/1738/1679
f 1719/1783/1719 1651/1707/1651 1706/1769/1706
f 1671/1728/1671 1712/1775/1712 1734/1799/1734
f 1674/1732/1674 1735/1800/1735 1625/1679/1625
f 1736/1801/1736 1690/1752/1690 1702/1765/1702
f 1737/1802/1737 1646/1702/1646 1661/1717/1661
f 1731/1796/1731 1718/1782/1718 1660/1716/1660
f 1642/1737/1642 1738/1803/1738 1576/1804/1576
f 1739/1805/1739 1669/1726/1669 1700/1762/1700
f 1695/1757/1695 1721/1785/1721 1615/1668/1615
f 1663/1720/1663 1720/1784/1720 1579/1627/1579
f 1687/1749/1687 1733/1798/1733 1632/1686/1632
f 1708/1771/1708 1635/1690/1635 1714/1777/1714
f 1740/1806/1740 1675/1733/1675 1653/1709/1653
f 1741/1807/1741 1681/1740/1681 1675/1733/1675
f 1742/1808/1742 1702/1765/1702 1667/1724/1667
f 1743/1809/1743 1676/1734/1676 1664/1721/1664
f 1729/1794/1729 1671/1728/1671 1734/1799/1734
f 1680/1810/1680 1729/1811/1729 1665/1743/1665
f 1739/1805/1739 1706/1769/1706 1669/1726/1669
f 1744/1812/1744 1710/1773/1710 1677/1735/1677
f 1745/1813/1745 1664/1721/1664 1668/1725/1668
f 1667/1814/1667 1683/1815/1683 1742/1816/1742
f 1589/1640/1589 1599/1651/1599 1746/1817/1746
f 1688/1750/1688 1591/1642/1591 1723/1788/1723
f 1601/1653/1601 1472/1505/1472 1747/1818/1747
f 1648/1704/1648 1748/1819/1748 1673/1730/1673
f 1625/1679/1625 1735/1800/1735 1713/1776/1713
f 1744/1812/1744 1677/1735/1677 1719/1783/1719
f 1749/1820/1749 1659/1715/1659 1672/1729/1672
f 1750/1821/1750 1658/1714/1658 1694/1756/1694
f 1751/1822/1751 1692/1754/1692 1681/1740/1681
f 1752/1823/1752 1690/1752/1690 1736/1801/1736
f 1709/1772/1709 1640/1695/1640 1728/1793/1728
f 1593/1645/1593 1589/1640/1589 1753/1824/1753
f 1699/1761/1699 1737/1802/1737 1661/1717/1661
f 1599/1651/1599 1612/1665/1612 1754/1825/1754
f 1733/1798/1733 1694/1756/1694 1679/1738/1679
f 1755/1826/1755 1698/1760/1698 1676/1734/1676
f 1727/1792/1727 1560/1606/1560 1678/1736/1678
f 1756/1827/1756 1700/1762/1700 1718/1782/1718
f 1714/1777/1714 1646/1702/1646 1737/1802/1737
f 1757/1828/1757 1704/1767/1704 1691/1753/1691
f 1711/1774/1711 1740/1806/1740 1653/1709/1653
f 1757/1828/1757 1691/1753/1691 1710/1773/1710
f 1728/1793/1728 1652/1708/1652 1732/1797/1732
f 1731/1796/1731 1758/1829/1758 1718/1782/1718
f 1759/1830/1759 1707/1770/1707 1692/1754/1692
f 1711/1774/1711 1658/1714/1658 1750/1821/1750
f 1740/1806/1740 1741/1807/1741 1675/1733/1675
f 1756/1827/1756 1739/1805/1739 1700/1762/1700
f 1760/1831/1760 1684/1746/1684 1726/1791/1726
f 1761/1832/1761 1731/1796/1731 1707/1770/1707
f 1725/1790/1725 1545/1591/1545 1686/1748/1686
f 1762/1833/1762 1499/1536/1499 1618/1671/1618
f 1604/1657/1604 1593/1645/1593 1763/1834/1763
f 1618/1671/1618 1489/1526/1489 1762/1833/1762
f 1612/1665/1612 1633/1687/1633 1764/1835/1764
f 1655/1764/1655 1765/1836/1765 1712/1837/1712
f 1682/1741/1682 1766/1838/1766 1637/1692/1637
f 1767/1839/1767 1758/1829/1758 1731/1796/1731
f 1736/1801/1736 1758/1829/1758 1752/1823/1752
f 1701/1763/1701 1765/1836/1765 1655/1764/1655
f 1768/1840/1768 1472/1505/1472 1619/1672/1619
f 1769/1841/1769 1668/1725/1668 1689/1751/1689
f 1736/1801/1736 1702/1765/1702 1770/1842/1770
f 1747/1818/1747 1489/1526/1489 1601/1653/1601
f 1721/1785/1721 1748/1819/1748 1648/1704/1648
f 1758/1829/1758 1756/1827/1756 1718/1782/1718
f 1741/1807/1741 1751/1822/1751 1681/1740/1681
f 1630/1684/1630 1580/1628/1580 1771/1843/1771
f 1772/1844/1772 1672/1729/1672 1693/1755/1693
f 1752/1823/1752 1758/1829/1758 1767/1839/1767
f 1732/1797/1732 1659/1715/1659 1749/1820/1749
f 1773/1845/1773 1687/1749/1687 1730/1795/1730
f 1684/1746/1684 1774/1846/1774 1695/1757/1695
f 1743/1809/1743 1664/1721/1664 1745/1813/1745
f 1670/1727/1670 1713/1776/1713 1775/1847/1775
f 1776/1848/1776 1730/1795/1730 1704/1767/1704
f 1673/1730/1673 1777/1849/1777 1697/1759/1697
f 1685/1850/1685 1716/1779/1716 1569/1636/1569
f 1662/1719/1662 1502/1718/1502 1717/1781/1717
f 1755/1826/1755 1676/1734/1676 1743/1809/1743
f 1761/1832/1761 1767/1839/1767 1731/1796/1731
f 1752/1851/1752 1778/1852/1778 1690/1787/1690
f 1705/1768/1705 1779/1853/1779 1699/1761/1699
f 1780/1854/1780 1726/1791/1726 1698/1760/1698
f 1690/1787/1690 1778/1852/1778 1722/1786/1722
f 1750/1821/1750 1694/1756/1694 1733/1798/1733
f 1751/1822/1751 1759/1830/1759 1692/1754/1692
f 1639/1694/1639 1499/1536/1499 1781/1855/1781
f 1782/1856/1782 1719/1783/1719 1706/1769/1706
f 1629/1857/1629 1576/1804/1576 1783/1858/1783
f 1642/1737/1642 1628/1682/1628 1738/1803/1738
f 1759/1830/1759 1761/1832/1761 1707/1770/1707
f 1742/1808/1742 1784/1859/1784 1702/1765/1702
f 1775/1847/1775 1724/1789/1724 1670/1727/1670
f 1785/1860/1785 1693/1755/1693 1703/1766/1703
f 1773/1845/1773 1733/1798/1733 1687/1749/1687
f 1782/1856/1782 1706/1769/1706 1739/1805/1739
f 1736/1801/1736 1770/1842/1770 1758/1829/1758
f 1786/1861/1786 1734/1799/1734 1712/1775/1712
f 1697/1759/1697 1787/1862/1787 1705/1768/1705
f 1788/1863/1788 1756/1827/1756 1758/1829/1758
f 1663/1720/1663 1610/1663/1610 1789/1864/1789
f 1633/1687/1633 1657/1713/1657 1790/1865/1790
f 1627/1681/1627 1604/1657/1604 1791/1866/1791
f 1645/1700/1645 1792/1867/1792 1701/1763/1701
f 1776/1848/1776 1704/1767/1704 1757/1828/1757
f 1745/1813/1745 1668/1725/1668 1769/1841/1769
f 1793/1868/1793 1710/1773/1710 1744/1812/1744
f 1766/1838/1766 1723/1788/1723 1637/1692/1637
f 1760/1831/1760 1774/1846/1774 1684/1746/1684
f 1794/1869/1794 1703/1766/1703 1708/1771/1708
f 1779/1853/1779 1737/1802/1737 1699/1761/1699
f 1780/1854/1780 1698/1760/1698 1755/1826/1755
f 1722/1786/1722 1795/1870/1795 1674/1732/1674
f 1752/1823/1752 1767/1839/1767 1796/1871/1796
f 1749/1820/1749 1672/1729/1672 1772/1844/1772
f 1748/1819/1748 1777/1849/1777 1673/1730/1673
f 1797/1872/1797 1767/1839/1767 1761/1832/1761
f 1793/1868/1793 1757/1828/1757 1710/1773/1710
f 1798/1873/1798 1744/1812/1744 1719/1783/1719
f 1619/1672/1619 1534/1577/1534 1768/1840/1768
f 1799/1874/1799 1689/1751/1689 1709/1772/1709
f 1758/1829/1758 1770/1842/1770 1788/1863/1788
f 1800/1875/1800 1739/1805/1739 1756/1827/1756
f 1801/1876/1801 1708/1771/1708 1714/1777/1714
f 1616/1744/1616 1665/1743/1665 1802/1877/1802
f 1803/1878/1803 1740/1806/1740 1711/1774/1711
f 1804/1879/1804 1773/1845/1773 1730/1795/1730
f 1674/1732/1674 1795/1870/1795 1735/1800/1735
f 1804/1879/1804 1730/1795/1730 1776/1848/1776
f 1720/1784/1720 1792/1867/1792 1645/1700/1645
f 1695/1757/1695 1805/1880/1805 1721/1785/1721
f 1806/1881/1806 1734/1799/1734 1786/1861/1786
f 1788/1863/1788 1800/1875/1800 1756/1827/1756
f 1796/1871/1796 1767/1839/1767 1797/1872/1797
f 1616/1744/1616 1802/1877/1802 1685/1850/1685
f 1746/1817/1746 1599/1651/1599 1754/1825/1754
f 1772/1844/1772 1693/1755/1693 1785/1860/1785
f 1753/1824/1753 1589/1640/1589 1746/1817/1746
f 1798/1873/1798 1719/1783/1719 1782/1856/1782
f 1770/1842/1770 1702/1765/1702 1807/1882/1807
f 1808/1883/1808 1760/1831/1760 1726/1791/1726
f 1781/1855/1781 1558/1604/1558 1639/1694/1639
f 1787/1862/1787 1779/1853/1779 1705/1768/1705
f 1771/1843/1771 1580/1628/1580 1725/1790/1725
f 1777/1849/1777 1787/1862/1787 1697/1759/1697
f 1809/1884/1809 1709/1772/1709 1728/1793/1728
f 1724/1789/1724 1810/1885/1810 1682/1741/1682
f 1629/1857/1629 1783/1858/1783 1683/1815/1683
f 1800/1875/1800 1782/1856/1782 1739/1805/1739
f 1784/1859/1784 1807/1882/1807 1702/1765/1702
f 1752/1851/1752 1796/1886/1796 1778/1852/1778
f 1657/1713/1657 1688/1750/1688 1811/1887/1811
f 1765/1836/1765 1786/1888/1786 1712/1837/1712
f 1812/1889/1812 1729/1794/1729 1734/1799/1734
f 1813/1890/1813 1741/1807/1741 1740/1806/1740
f 1789/1864/1789 1610/1663/1610 1727/1792/1727
f 1754/1825/1754 1612/1665/1612 1764/1835/1764
f 1654/1710/1654 1627/1681/1627 1814/1891/1814
f 1785/1860/1785 1703/1766/1703 1794/1869/1794
f 1769/1841/1769 1689/1751/1689 1799/1874/1799
f 1808/1883/1808 1726/1791/1726 1780/1854/1780
f 1815/1892/1815 1711/1774/1711 1750/1821/1750
f 1763/1834/1763 1593/1645/1593 1753/1824/1753
f 1816/1893/1816 1714/1777/1714 1737/1802/1737
f 1817/1894/1817 1728/1793/1728 1732/1797/1732
f 1818/1895/1818 1751/1822/1751 1741/1807/1741
f 1819/1896/1819 1750/1821/1750 1733/1798/1733
f 1820/1897/1820 1761/1832/1761 1759/1830/1759
f 1821/1898/1821 1793/1868/1793 1744/1812/1744
f 1678/1736/1678 1630/1684/1630 1822/1899/1822
f 1819/1896/1819 1733/1798/1733 1773/1845/1773
f 1794/1869/1794 1708/1771/1708 1801/1876/1801
f 1774/1846/1774 1805/1880/1805 1695/1757/1695
f 1820/1897/1820 1797/1872/1797 1761/1832/1761
f 1713/1776/1713 1735/1800/1735 1823/1900/1823
f 1770/1842/1770 1824/1901/1824 1788/1863/1788
f 1821/1898/1821 1744/1812/1744 1798/1873/1798
f 1825/1902/1825 1759/1830/1759 1751/1822/1751
f 1826/1903/1826 1734/1799/1734 1806/1881/1806
f 1827/1904/1827 1755/1826/1755 1743/1809/1743
f 1824/1901/1824 1800/1875/1800 1788/1863/1788
f 1764/1835/1764 1633/1687/1633 1790/1865/1790
f 1803/1878/1803 1711/1774/1711 1815/1892/1815
f 1803/1878/1803 1813/1890/1813 1740/1806/1740
f 1828/1905/1828 1743/1809/1743 1745/1813/1745
f 1810/1885/1810 1766/1838/1766 1682/1741/1682
f 1775/1847/1775 1713/1776/1713 1823/1900/1823
f 1829/1906/1829 1776/1848/1776 1757/1828/1757
f 1721/1785/1721 1830/1907/1830 1748/1819/1748
f 1831/1908/1831 1784/1859/1784 1742/1808/1742
f 1832/1909/1832 1732/1797/1732 1749/1820/1749
f 1779/1853/1779 1816/1893/1816 1737/1802/1737
f 1829/1906/1829 1757/1828/1757 1793/1868/1793
f 1799/1874/1799 1709/1772/1709 1809/1884/1809
f 1791/1866/1791 1604/1657/1604 1763/1834/1763
f 1833/1910/1833 1780/1854/1780 1755/1826/1755
f 1801/1876/1801 1714/1777/1714 1816/1893/1816
f 1813/1890/1813 1818/1895/1818 1741/1807/1741
f 1665/1743/1665 1729/1811/1729 1802/1877/1802
s 26
f 1834/1911/1834 1835/1912/1835 1836/1913/1836
s 1
f 1696/1758/1696 1558/1604/1558 1837/1914/1837
f 1838/1915/1838 1717/1781/1717 1605/1780/1605
f 1837/1914/1837 1588/1639/1588 1696/1758/1696
f 1605/1780/1605 1716/1779/1716 1838/1915/1838
f 1839/1916/1839 1782/1856/1782 1800/1875/1800
f 1576/1804/1576 1738/1803/1738 1840/1917/1840
f 1809/1884/1809 1728/1793/1728 1817/1894/1817
f 1841/1918/1841 1773/1845/1773 1804/1879/1804
f 1815/1892/1815 1750/1821/1750 1819/1896/1819
f 1688/1750/1688 1723/1788/1723 1842/1919/1842
f 1825/1902/1825 1820/1897/1820 1759/1830/1759
f 1839/1916/1839 1798/1873/1798 1782/1856/1782
f 1818/1895/1818 1825/1902/1825 1751/1822/1751
f 1778/1852/1778 1843/1920/1843 1722/1786/1722
f 1796/1871/1796 1797/1872/1797 1844/1921/1844
f 1845/1922/1845 1804/1879/1804 1776/1848/1776
f 1846/1923/1846 1760/1831/1760 1808/1883/1808
f 1663/1720/1663 1847/1924/1847 1720/1784/1720
f 1848/1925/1848 1797/1872/1797 1820/1897/1820
f 1686/1748/1686 1654/1710/1654 1849/1926/1849
f 1790/1865/1790 1657/1713/1657 1811/1887/1811
f 1805/1880/1805 1830/1907/1830 1721/1785/1721
f 1850/1927/1850 1745/1813/1745 1769/1841/1769
f 1824/1901/1824 1839/1916/1839 1800/1875/1800
s 27
f 1851/1928/1851 1852/1929/1852 1853/1930/1853
s 1
f 1841/1918/1841 1819/1896/1819 1773/1845/1773
f 1778/1852/1778 1796/1886/1796 1854/1931/1854
s 28
f 1835/1912/1855 1855/1932/1856 1856/1933/1857
s 27
f 1857/1934/1858 1858/1935/1859 1851/1928/1851
s 1
f 1859/1936/1860 1749/1820/1749 1772/1844/1772
f 1827/1904/1827 1743/1809/1743 1828/1905/1828
f 1817/1894/1817 1732/1797/1732 1832/1909/1832
f 1748/1819/1748 1860/1937/1861 1777/1849/1777
f 1701/1763/1701 1861/1938/1862 1765/1836/1765
f 1760/1831/1760 1862/1939/1863 1774/1846/1774
s 26
f 1863/1940/1864 1864/1941/1865 1835/1912/1835
s 1
f 1833/1910/1833 1755/1826/1755 1827/1904/1827
f 1786/1861/1786 1865/1942/1866 1806/1881/1806
s 26
f 1864/1941/1865 1866/1943/1867 1835/1912/1835
s 1
f 1722/1786/1722 1843/1920/1843 1795/1870/1795
f 1775/1847/1775 1867/1944/1868 1724/1789/1724
f 1787/1862/1787 1868/1945/1869 1779/1853/1779
f 1822/1899/1822 1630/1684/1630 1771/1843/1771
s 26
f 1866/1943/1867 1836/1913/1836 1835/1912/1835
s 1
f 1869/1946/1870 1812/1889/1812 1734/1799/1734
f 1870/1947/1871 1821/1898/1821 1798/1873/1798
s 28
f 1863/1940/1872 1835/1912/1855 1856/1933/1857
s 1
f 1747/1818/1747 1472/1505/1472 1871/1948/1873
f 1872/1949/1874 1808/1883/1808 1780/1854/1780
f 1873/1950/1875 1793/1868/1793 1821/1898/1821
f 1874/1951/1876 1534/1577/1534 1662/1719/1662
f 1875/1952/1877 1786/1888/1786 1765/1836/1765
f 1844/1921/1844 1797/1872/1797 1848/1925/1848
s 26
f 1876/1953/1878 1834/1911/1834 1836/1913/1836
s 1
f 1814/1891/1814 1627/1681/1627 1791/1866/1791
f 1845/1922/1845 1776/1848/1776 1829/1906/1829
f 1869/1946/1870 1734/1799/1734 1826/1903/1826
s 27
f 1853/1930/1853 1877/1954/1879 1878/1955/1880
s 26
f 1876/1953/1878 1879/1956/1881 1834/1911/1834
s 1
f 1880/1957/1882 1729/1794/1729 1812/1889/1812
f 1881/1958/1883 1628/1682/1628 1715/1778/1715
f 1882/1959/1884 1772/1844/1772 1785/1860/1785
f 1883/1960/1885 1499/1536/1499 1762/1833/1762
f 1870/1947/1871 1798/1873/1798 1839/1916/1839
f 1777/1849/1777 1884/1961/1886 1787/1862/1787
s 26
f 1834/1911/1834 1885/1962/1887 1886/1963/1888
s 27
f 1887/1964/1889 1888/1965/1890 1857/1934/1858
s 1
f 1871/1948/1873 1472/1505/1472 1768/1840/1768
f 1873/1950/1875 1829/1906/1829 1793/1868/1793
f 1715/1778/1715 1588/1639/1588 1881/1958/1883
s 27
f 1858/1935/1859 1852/1929/1852 1851/1928/1851
s 26
f 1879/1956/1881 1889/1966/1891 1834/1911/1834
s 1
f 1762/1833/1762 1489/1526/1489 1890/1967/1892
f 1828/1905/1828 1745/1813/1745 1850/1927/1850
f 1891/1968/1893 1824/1901/1824 1770/1842/1770
f 1868/1945/1869 1816/1893/1816 1779/1853/1779
f 1742/1816/1742 1683/1815/1683 1892/1969/1894
f 1893/1970/1895 1785/1860/1785 1794/1869/1794
f 1872/1949/1874 1780/1854/1780 1833/1910/1833
f 1846/1923/1846 1862/1939/1863 1760/1831/1760
f 1894/1971/1896 1839/1916/1839 1824/1901/1824
f 1781/1855/1781 1499/1536/1499 1895/1972/1897
f 1792/1867/1792 1861/1938/1862 1701/1763/1701
f 1896/1973/1898 1813/1890/1813 1803/1878/1803
s 27
f 1888/1965/1890 1858/1935/1859 1857/1934/1858
s 1
f 1789/1864/1789 1847/1924/1847 1663/1720/1663
s 27
f 1852/1929/1852 1877/1954/1879 1853/1930/1853
s 1
f 1832/1909/1832 1749/1820/1749 1859/1936/1860
f 1686/1748/1686 1849/1926/1849 1725/1790/1725
f 1830/1907/1830 1860/1937/1861 1748/1819/1748
f 1867/1944/1868 1810/1885/1810 1724/1789/1724
f 1897/1974/1899 1841/1918/1841 1804/1879/1804
s 33
f 1851/1975/1900 1853/1976/1901 1898/1977/1902
s 1
f 1727/1792/1727 1678/1736/1678 1899/1978/1903
f 1806/1881/1806 1900/1979/1904 1826/1903/1826
f 1815/1892/1815 1896/1973/1898 1803/1878/1803
f 1897/1974/1899 1804/1879/1804 1845/1922/1845
f 1901/1980/1905 1769/1841/1769 1799/1874/1799
f 1811/1887/1811 1688/1750/1688 1842/1919/1842
s 33
f 1857/1981/1906 1851/1975/1900 1898/1977/1902
s 1
f 1902/1982/1907 1489/1526/1489 1747/1818/1747
s 26
f 1889/1966/1891 1885/1962/1887 1834/1911/1834
s 34
f 1886/1983/1908 1903/1984/1909 1834/1985/1910
s 1
f 1770/1986/1770 1807/1987/1807 1891/1988/1893
f 1806/1881/1806 1865/1942/1866 1900/1979/1904
f 1723/1788/1723 1766/1838/1766 1904/1989/1911
f 1905/1990/1912 1807/1882/1807 1784/1859/1784
f 1823/1900/1823 1735/1800/1735 1906/1991/1913
f 1907/1992/1914 1794/1869/1794 1801/1876/1801
s 33
f 1853/1976/1901 1878/1993/1915 1898/1977/1902
s 1
f 1908/1994/1916 1821/1898/1821 1870/1947/1871
f 1783/1858/1783 1576/1804/1576 1840/1917/1840
f 1909/1995/1917 1820/1897/1820 1825/1902/1825
s 27
f 1878/1955/1880 1910/1996/1918 1911/1997/1919
s 28
f 1855/1932/1856 1912/1998/1920 1856/1933/1857
s 1
f 1909/1995/1917 1848/1925/1848 1820/1897/1820
f 1894/1971/1896 1870/1947/1871 1839/1916/1839
f 1908/1994/1916 1873/1950/1875 1821/1898/1821
s 34
f 1913/1999/1921 1855/2000/1922 1914/2001/1923
s 1
f 1824/1901/1824 1915/2002/1924 1894/1971/1896
f 1916/2003/1925 1818/1895/1818 1813/1890/1813
f 1774/1846/1774 1917/2004/1926 1805/1880/1805
s 33
f 1887/2005/1927 1857/1981/1906 1898/1977/1902
s 36
f 1855/1932/1928 1913/2006/1929 1912/1998/1930
s 1
f 1819/1896/1819 1918/2007/1931 1815/1892/1815
f 1919/2008/1932 1825/1902/1825 1818/1895/1818
f 1920/2009/1933 1846/1923/1846 1808/1883/1808
f 1859/1936/1860 1772/1844/1772 1882/1959/1884
f 1884/1961/1886 1868/1945/1869 1787/1862/1787
f 1860/1937/1861 1884/1961/1886 1777/1849/1777
f 1921/2010/1934 1716/1779/1716 1685/1850/1685
s 27
f 1922/2011/1935 1888/1965/1890 1887/1964/1889
f 1923/2012/1936 1922/2011/1935 1887/1964/1889
s 1
f 1795/1870/1795 1924/2013/1937 1735/1800/1735
f 1883/1960/1885 1895/1972/1897 1499/1536/1499
f 1925/2014/1938 1819/1896/1819 1841/1918/1841
f 1926/2015/1939 1799/1874/1799 1809/1884/1809
s 27
f 1877/1954/1879 1910/1996/1918 1878/1955/1880
s 1
f 1796/1886/1796 1927/2016/1940 1854/1931/1854
f 1849/1926/1849 1654/1710/1654 1814/1891/1814
f 1844/2017/1844 1927/2016/1940 1796/1886/1796
s 33
f 1878/1993/1915 1911/2018/1941 1898/1977/1902
s 1
f 1928/2019/1942 1870/1947/1871 1894/1971/1896
f 1850/1927/1850 1769/1841/1769 1901/1980/1905
f 1920/2009/1933 1808/1883/1808 1872/1949/1874
f 1882/1959/1884 1785/1860/1785 1893/1970/1895
s 26
f 1885/1962/1887 1929/2020/1943 1886/1963/1888
s 1
f 1928/2019/1942 1908/1994/1916 1870/1947/1871
f 1930/2021/1944 1801/1876/1801 1816/1893/1816
f 1931/2022/1945 1809/1884/1809 1817/1894/1817
f 1880/2023/1882 1802/1877/1802 1729/1811/1729
f 1902/1982/1907 1890/1967/1892 1489/1526/1489
f 1861/1938/1862 1875/1952/1877 1765/1836/1765
f 1891/1968/1893 1915/2002/1924 1824/1901/1824
f 1854/1931/1854 1932/2024/1946 1778/1852/1778
f 1896/1973/1898 1916/2003/1925 1813/1890/1813
f 1893/1970/1895 1794/1869/1794 1907/1992/1914
f 1933/2025/1947 1845/1922/1845 1829/1906/1829
f 1862/1939/1863 1917/2004/1926 1774/1846/1774
f 1775/1847/1775 1823/1900/1823 1934/2026/1948
f 1768/1840/1768 1534/1577/1534 1935/2027/1949
f 1915/2002/1924 1928/2019/1942 1894/1971/1896
s 33
f 1923/2028/1950 1887/2005/1927 1898/1977/1902
s 1
f 1933/2025/1947 1829/1906/1829 1873/1950/1875
f 1936/2029/1951 1833/1910/1833 1827/1904/1827
s 37
f 1864/2030/1952 1863/2031/1953 1937/2032/1954
s 36
f 1912/1998/1930 1913/2006/1929 1938/2033/1955
s 37
f 1866/2034/1956 1864/2030/1952 1937/2032/1954
s 1
f 1919/2008/1932 1909/1995/1917 1825/1902/1825
f 1918/2007/1931 1896/1973/1898 1815/1892/1815
f 1939/2035/1957 1558/1604/1558 1781/1855/1781
f 1844/1921/1844 1848/1925/1848 1940/2036/1958
f 1865/2037/1866 1786/1888/1786 1941/2038/1959
f 1941/2038/1959 1786/1888/1786 1875/1952/1877
s 37
f 1836/2039/1960 1866/2034/1956 1937/2032/1954
s 1
f 1942/2040/1961 1908/1994/1916 1928/2019/1942
f 1899/1978/1903 1678/1736/1678 1822/1899/1822
f 1746/1817/1746 1754/1825/1754 1943/2041/1962
f 1842/1919/1842 1723/1788/1723 1904/1989/1911
s 34
f 1903/1984/1909 1944/2042/1963 1834/1985/1910
s 1
f 1945/2043/1964 1827/1904/1827 1828/1905/1828
s 37
f 1876/2044/1965 1836/2039/1960 1937/2032/1954
s 1
f 1685/1850/1685 1802/1877/1802 1921/2010/1934
f 1946/2045/1966 1848/1925/1848 1909/1995/1917
s 37
f 1856/2046/1967 1937/2032/1954 1863/2031/1953
s 1
f 1925/2014/1938 1918/2007/1931 1819/1896/1819
f 1916/2003/1925 1919/2008/1932 1818/1895/1818
s 37
f 1879/2047/1968 1876/2044/1965 1937/2032/1954
s 34
f 1886/1983/1908 1947/2048/1969 1948/2049/1970
s 33
f 1911/2018/1941 1949/2050/1971 1898/1977/1902
s 1
f 1778/1852/1778 1932/2024/1946 1843/1920/1843
s 27
f 1911/1997/1919 1950/2051/1972 1949/2052/1973
s 1
f 1805/1880/1805 1951/2053/1974 1830/1907/1830
f 1735/1800/1735 1924/2013/1937 1906/1991/1913
f 1742/1816/1742 1892/1969/1894 1831/2054/1831
f 1753/1824/1753 1746/1817/1746 1952/2055/1975
f 1754/1825/1754 1764/1835/1764 1953/2056/1976
s 34
f 1944/2042/1963 1954/2057/1977 1834/1985/1910
s 1
f 1868/1945/1869 1930/2021/1944 1816/1893/1816
f 1955/2058/1978 1817/1894/1817 1832/1909/1832
f 1901/1980/1905 1799/1874/1799 1926/2015/1939
f 1956/2059/1979 1841/1918/1841 1897/1974/1899
f 1957/2060/1980 1872/1949/1874 1833/1910/1833
f 1958/2061/1981 1873/1950/1875 1908/1994/1916
s 37
f 1889/2062/1982 1879/2047/1968 1937/2032/1954
s 1
f 1725/1790/1725 1959/2063/1983 1771/1843/1771
s 27
f 1960/2064/1984 1922/2011/1935 1923/2012/1936
s 1
f 1907/1992/1914 1801/1876/1801 1930/2021/1944
s 36
f 1913/2006/1929 1961/2065/1985 1938/2033/1955
s 39
f 1962/2066/1986 1913/2067/1987 1914/2068/1988
s 1
f 1963/2069/1989 1897/1974/1899 1845/1922/1845
s 27
f 1910/1996/1918 1950/2051/1972 1911/1997/1919
s 1
f 1766/1838/1766 1810/1885/1810 1964/2070/1990
f 1934/2026/1948 1867/1944/1868 1775/1847/1775
s 34
f 1903/1984/1909 1886/1983/1908 1965/2071/1991
f 1965/2071/1991 1886/1983/1908 1948/2049/1970
f 1954/2057/1977 1966/2072/1992 1834/1985/1910
s 1
f 1940/2036/1958 1848/1925/1848 1946/2045/1966
s 37
f 1856/2046/1967 1912/2073/1993 1937/2032/1954
s 27
f 1967/2074/1994 1960/2064/1984 1923/2012/1936
s 1
f 1926/2015/1939 1809/1884/1809 1931/2022/1945
f 1942/2040/1961 1958/2061/1981 1908/1994/1916
f 1968/2075/1995 1738/1803/1738 1628/1682/1628
f 1956/2059/1979 1925/2014/1938 1841/1918/1841
f 1764/1835/1764 1790/1865/1790 1969/2076/1996
s 34
f 1835/2077/1997 1834/1985/1910 1970/2078/1998
s 1
f 1763/1834/1763 1753/1824/1753 1971/2079/1999
s 41
f 1852/2080/2000 1858/2081/2001 1972/2082/2002
s 33
f 1967/2083/2003 1923/2028/1950 1898/1977/1902
s 1
f 1973/2084/2004 1846/1923/1846 1920/2009/1933
s 37
f 1885/2085/2005 1889/2062/1982 1937/2032/1954
s 41
f 1858/2081/2001 1888/2086/2006 1972/2082/2002
s 37
f 1929/2087/2007 1885/2085/2005 1974/2088/2008
s 1
f 1975/2089/2009 1828/1905/1828 1850/1927/1850
f 1958/2061/1981 1933/2025/1947 1873/1950/1875
s 37
f 1938/2090/2010 1937/2032/1954 1912/2073/1993
s 1
f 1976/2091/2011 1900/1979/1904 1865/1942/1866
f 1963/2069/1989 1845/1922/1845 1933/2025/1947
s 41
f 1877/2092/2012 1852/2080/2000 1972/2082/2002
s 1
f 1917/2004/1926 1951/2053/1974 1805/1880/1805
f 1662/1719/1662 1717/1781/1717 1874/1951/1876
s 34
f 1966/2072/1992 1977/2093/2013 1834/1985/1910
s 1
f 1789/1864/1789 1727/1792/1727 1978/2094/2014
f 1936/2029/1951 1827/1904/1827 1945/2043/1964
s 36
f 1979/2095/2015 1961/2065/1985 1913/2006/1929
s 1
f 1980/2096/2016 1928/2019/1942 1915/2002/1924
f 1957/2060/1980 1833/1910/1833 1936/2029/1951
f 1981/2097/2017 1832/1909/1832 1859/1936/1860
f 1931/2022/1945 1817/1894/1817 1955/2058/1978
f 1826/1903/1826 1900/1979/1904 1982/2098/2018
f 1784/2099/1784 1831/2054/1831 1983/2100/2019
f 1846/1923/1846 1984/2101/2020 1862/1939/1863
f 1830/1907/1830 1985/2102/2021 1860/1937/1861
s 34
f 1855/2000/1922 1835/2077/1997 1970/2078/1998
s 1
f 1837/1914/1837 1558/1604/1558 1986/2103/2022
s 33
f 1949/2050/1971 1987/2104/2023 1898/1977/1902
s 39
f 1979/2105/2024 1913/2067/1987 1962/2066/1986
s 1
f 1884/1961/1886 1988/2106/2025 1868/1945/1869
f 1763/1834/1763 1971/2079/1999 1791/1866/1791
f 1683/1815/1683 1783/1858/1783 1892/1969/1894
f 1989/2107/2026 1920/2009/1933 1872/1949/1874
s 41
f 1888/2086/2006 1922/2108/2027 1972/2082/2002
s 1
f 1990/2109/2028 1812/1889/1812 1869/1946/1870
f 1939/2035/1957 1991/2110/2029 1558/1604/1558
s 34
f 1855/2000/1922 1992/2111/2030 1914/2001/1923
s 1
f 1993/2112/2031 1588/1639/1588 1837/1914/1837
f 1826/2113/1826 1982/2114/2018 1869/2115/1870
s 37
f 1938/2090/2010 1961/2116/2032 1937/2032/1954
s 1
f 1790/1865/1790 1811/1887/1811 1994/2117/2033
f 1928/2019/1942 1995/2118/2034 1942/2040/1961
f 1996/2119/2035 1534/1577/1534 1874/1951/1876
f 1725/1790/1725 1849/1926/1849 1959/2063/1983
s 41
f 1910/2120/2036 1877/2092/2012 1972/2082/2002
s 1
f 1843/1920/1843 1997/2121/2037 1795/1870/1795
f 1998/2122/2038 1958/2061/1981 1942/2040/1961
f 1996/2119/2035 1935/2027/1949 1534/1577/1534
f 1915/2123/1924 1891/1988/1893 1980/2124/2016
s 34
f 1948/2049/1970 1947/2048/1969 1999/2125/2039
s 1
f 2000/2126/2040 1916/2003/1925 1896/1973/1898
f 2001/2127/2041 1859/1936/1860 1882/1959/1884
s 42
f 2002/2128/2042 2003/2129/2043 1914/2068/2044
s 1
f 1904/1989/1911 1766/1838/1766 1964/2070/1990
f 2004/2130/2045 1956/2059/1979 1897/1974/1899
f 2005/2131/2046 1909/1995/1917 1919/2008/1932
s 42
f 2006/2132/2047 1962/2066/2048 1914/2068/2044
s 1
f 1860/1937/1861 2007/2133/2049 1884/1961/1886
f 2005/2131/2046 1946/2045/1966 1909/1995/1917
f 1918/2007/1931 2000/2126/2040 1896/1973/1898
f 2004/2130/2045 1897/1974/1899 1963/2069/1989
f 1945/2043/1964 1828/1905/1828 1975/2089/2009
s 37
f 1937/2032/1954 1974/2088/2008 1885/2085/2005
s 1
f 1989/2107/2026 1872/1949/1874 1957/2060/1980
s 27
f 1949/2052/1973 2008/2134/2050 1987/2135/2051
s 1
f 1988/2106/2025 1930/2021/1944 1868/1945/1869
f 1973/2084/2004 1984/2101/2020 1846/1923/1846
f 2009/2136/2052 1882/1959/1884 1893/1970/1895
f 1823/1900/1823 1906/1991/1913 2010/2137/2053
s 34
f 1999/2125/2039 1947/2048/1969 2011/2138/2054
s 1
f 2012/2139/2055 1900/1979/1904 1976/2091/2011
s 33
f 2013/2140/2056 1967/2083/2003 1898/1977/1902
s 27
f 2014/2141/2057 1960/2064/1984 1967/2074/1994
s 1
f 1991/2110/2029 1986/2103/2022 1558/1604/1558
f 1844/2017/1844 2015/2142/2058 1927/2016/1940
s 27
f 1950/2051/1972 2008/2134/2050 1949/2052/1973
s 1
f 1955/2058/1978 1832/1909/1832 1981/2097/2017
f 1784/2099/1784 1983/2100/2019 1905/2143/1912
f 1940/2144/1958 2015/2142/2058 1844/2017/1844
f 1951/2053/1974 1985/2102/2021 1830/1907/1830
s 41
f 1922/2108/2027 1960/2145/2059 1972/2082/2002
s 1
f 2016/2146/2060 1850/1927/1850 1901/1980/1905
f 2017/2147/2061 1919/2008/1932 1916/2003/1925
f 1943/2041/1962 1754/1825/1754 1953/2056/1976
f 1865/2037/1866 1941/2038/1959 1976/2148/2011
f 1952/2055/1975 1746/1817/1746 1943/2041/1962
s 37
f 1961/2116/2032 1979/2149/2062 1937/2032/1954
s 27
f 2013/2150/2063 2014/2141/2057 1967/2074/1994
s 42
f 2003/2129/2043 2006/2132/2047 1914/2068/2044
s 34
f 1947/2048/1969 2018/2151/2064 2011/2138/2054
s 1
f 2019/2152/2065 1893/1970/1895 1907/1992/1914
f 1810/1885/1810 1867/1944/1868 2020/2153/2066
f 1925/2014/1938 2021/2154/2067 1918/2007/1931
s 37
f 1979/2149/2062 1962/2155/2068 1937/2032/1954
s 33
f 1987/2104/2023 2022/2156/2069 1898/1977/1902
s 1
f 1927/2016/1940 2023/2157/2070 1854/1931/1854
s 43
f 1965/2158/2071 2024/2159/2072 1903/2160/2073
s 1
f 2025/2161/2074 1933/2025/1947 1958/2061/1981
s 43
f 1965/2158/2071 1948/2162/2075 2024/2159/2072
s 1
f 1980/2096/2016 1995/2118/2034 1928/2019/1942
f 1953/2056/1976 1764/1835/1764 1969/2076/1996
f 1791/1866/1791 2026/2163/2076 1814/1891/1814
s 41
f 1950/2164/2077 1910/2120/2036 1972/2082/2002
s 1
f 2027/2165/2078 1925/2014/1938 1956/2059/1979
f 2028/2166/2079 1875/1952/1877 1861/1938/1862
f 1771/1843/1771 2029/2167/2080 1822/1899/1822
s 34
f 2030/2168/2081 2018/2151/2064 1947/2048/1969
s 43
f 1944/2169/2082 1903/2160/2073 2031/2170/2083
f 1948/2162/2075 1999/2171/2084 2032/2172/2085
s 1
f 1762/2173/1762 1890/2174/1892 1883/2175/1885
f 1978/2094/2014 1727/1792/1727 1899/1978/1903
f 1795/1870/1795 1997/2121/2037 1924/2013/1937
f 1934/2026/1948 1823/1900/1823 2010/2137/2053
f 2025/2161/2074 1963/2069/1989 1933/2025/1947
f 1862/1939/1863 2033/2176/2086 1917/2004/1926
f 1971/2079/1999 1753/1824/1753 1952/2055/1975
f 1811/1887/1811 1842/1919/1842 2034/2177/2087
f 2035/2178/2088 1973/2084/2004 1920/2009/1933
f 1881/1958/1883 1588/1639/1588 2036/2179/2089
s 45
f 2037/2180/2090 1929/2181/2091 1974/2182/2092
s 1
f 1981/2097/2017 1859/1936/1860 2001/2127/2041
f 1998/2122/2038 2025/2161/2074 1958/2061/1981
f 2007/2133/2049 1988/2106/2025 1884/1961/1886
s 37
f 2006/2183/2093 1937/2032/1954 1962/2155/2068
s 34
f 1914/2001/1923 1992/2111/2030 2002/2184/2094
s 46
f 2038/2185/2095 2039/2186/2096 2040/2187/2097
s 1
f 2041/2188/2098 1901/1980/1905 1926/2015/1939
f 1968/2075/1995 1628/1682/1628 1881/1958/1883
f 2042/2189/2099 1900/1979/1904 2012/2139/2055
f 1854/1931/1854 2023/2157/2070 1932/2024/1946
f 1985/2102/2021 2007/2133/2049 1860/1937/1861
s 46
f 2043/2190/2100 2044/2191/2101 2038/2185/2095
s 1
f 1940/2036/1958 1946/2045/1966 2045/2192/2102
f 1875/1952/1877 2028/2166/2079 1941/2038/1959
s 43
f 1954/2193/2103 1944/2169/2082 2046/2194/2104
s 1
f 2035/2178/2088 1920/2009/1933 1989/2107/2026
f 1880/2023/1882 1812/2195/1812 2047/2196/2105
f 1975/2089/2009 1850/1927/1850 2016/2146/2060
s 43
f 1999/2171/2084 2011/2197/2106 2048/2198/2107
s 1
f 2017/2147/2061 2005/2131/2046 1919/2008/1932
f 2000/2126/2040 2017/2147/2061 1916/2003/1925
s 34
f 1947/2048/1969 2049/2199/2108 2030/2168/2081
s 46
f 2040/2187/2097 2050/2200/2109 2051/2201/2110
s 1
f 2052/2202/2111 1946/2045/1966 2005/2131/2046
s 43
f 2024/2159/2072 1948/2162/2075 2032/2172/2085
s 1
f 2001/2127/2041 1882/1959/1884 2009/2136/2052
f 1969/2076/1996 1790/1865/1790 1994/2117/2033
s 43
f 2031/2170/2083 1903/2160/2073 2024/2159/2072
s 46
f 2044/2191/2101 2039/2186/2096 2038/2185/2095
f 2053/2203/2112 2054/2204/2113 2043/2190/2100
s 37
f 1974/2088/2008 1937/2032/1954 2055/2205/2114
s 33
f 2056/2206/2115 2013/2140/2056 1898/1977/1902
s 1
f 1781/2207/1781 1895/2208/1897 1939/2209/1957
s 41
f 1960/2145/2059 2014/2210/2116 1972/2082/2002
s 1
f 2057/2211/2117 1926/2015/1939 1931/2022/1945
s 46
f 2054/2204/2113 2044/2191/2101 2043/2190/2100
s 1
f 2058/2212/2118 1907/1992/1914 1930/2021/1944
s 46
f 2039/2186/2096 2050/2200/2109 2040/2187/2097
s 43
f 2032/2172/2085 1999/2171/2084 2048/2198/2107
s 1
f 2021/2154/2067 2000/2126/2040 1918/2007/1931
s 50
f 2038/2213/2119 2040/2214/2120 2059/2215/2121
f 2043/2216/2122 2038/2213/2119 2059/2215/2121
s 1
f 1942/2040/1961 2060/2217/2123 1998/2122/2038
f 1993/2112/2031 2036/2179/2089 1588/1639/1588
f 2061/2218/2124 2004/2130/2045 1963/2069/1989
f 1747/2219/1747 1871/2220/1873 1902/2221/1907
s 45
f 2062/2222/2125 1929/2181/2091 2037/2180/2090
s 50
f 2040/2214/2120 2051/2223/2126 2059/2215/2121
s 43
f 2046/2194/2104 1944/2169/2082 2031/2170/2083
s 1
f 2027/2165/2078 2021/2154/2067 1925/2014/1938
s 46
f 2051/2201/2110 2063/2224/2127 2064/2225/2128
s 1
f 2009/2136/2052 1893/1970/1895 2019/2152/2065
f 1984/2101/2020 2033/2176/2086 1862/1939/1863
s 37
f 2006/2183/2093 2003/2226/2129 1937/2032/1954
s 1
f 2065/2227/2130 1957/2060/1980 1936/2029/1951
s 51
f 2066/2228/2131 2067/2229/2132 2068/2230/2133
s 50
f 2053/2231/2134 2043/2216/2122 2059/2215/2121
s 34
f 1834/1985/1910 1977/2093/2013 1970/2078/1998
s 46
f 2069/2232/2135 2054/2204/2113 2053/2203/2112
f 2050/2200/2109 2063/2224/2127 2051/2201/2110
f 2070/2233/2136 2069/2232/2135 2053/2203/2112
s 51
f 2067/2229/2132 2071/2234/2137 2068/2230/2133
s 42
f 2003/2129/2043 2002/2128/2042 2072/2235/2138
s 1
f 2073/2236/2139 1956/2059/1979 2004/2130/2045
f 1964/2070/1990 1810/1885/1810 2020/2153/2066
s 43
f 1966/2237/2140 1954/2193/2103 2074/2238/2141
s 33
f 2022/2156/2069 2075/2239/2142 1898/1977/1902
s 1
f 2076/2240/2143 1840/1917/1840 1738/1803/1738
s 43
f 2011/2197/2106 2018/2241/2144 2077/2242/2145
s 50
f 2051/2223/2126 2064/2243/2146 2059/2215/2121
s 41
f 2008/2244/2147 1950/2164/2077 1972/2082/2002
s 51
f 2071/2234/2137 2078/2245/2148 2068/2230/2133
s 42
f 2002/2128/2042 2079/2246/2149 2072/2235/2138
s 1
f 2045/2192/2102 1946/2045/1966 2052/2202/2111
s 27
f 1987/2135/2051 2080/2247/2150 2022/2248/2151
s 1
f 2081/2249/2152 1936/2029/1951 1945/2043/1964
f 1771/1843/1771 1959/2063/1983 2029/2167/2080
s 51
f 2078/2245/2148 2082/2250/2153 2068/2230/2133
s 1
f 2061/2218/2124 1963/2069/1989 2025/2161/2074
s 51
f 2083/2251/2154 2066/2228/2131 2068/2230/2133
f 2084/2252/2155 2068/2230/2133 2082/2250/2153
s 43
f 2048/2198/2107 2011/2197/2106 2077/2242/2145
s 27
f 2085/2253/2156 2014/2141/2057 2013/2150/2063
s 1
f 2086/2254/2157 2025/2161/2074 1998/2122/2038
s 50
f 2070/2255/2158 2053/2231/2134 2059/2215/2121
s 27
f 2008/2134/2050 2080/2247/2150 1987/2135/2051
s 1
f 1791/1866/1791 1971/2079/1999 2026/2163/2076
f 2087/2256/2159 1982/2098/2018 1900/1979/1904
s 43
f 2074/2238/2141 1954/2193/2103 2046/2194/2104
s 1
f 1917/2004/1926 2088/2257/2160 1951/2053/1974
f 2089/2258/2161 1931/2022/1945 1955/2058/1978
s 46
f 2064/2225/2128 2090/2259/2162 2091/2260/2163
s 1
f 2092/2261/2164 1717/1781/1717 1838/1915/1838
s 50
f 2064/2243/2146 2091/2262/2165 2059/2215/2121
s 1
f 1995/2118/2034 2060/2217/2123 1942/2040/1961
f 2016/2146/2060 1901/1980/1905 2041/2188/2098
f 1814/1891/1814 2093/2263/2166 1849/1926/1849
f 2094/2264/2167 1989/2107/2026 1957/2060/1980
f 1988/2106/2025 2058/2212/2118 1930/2021/1944
f 1838/1915/1838 1716/1779/1716 2092/2261/2164
f 2073/2236/2139 2027/2165/2078 1956/2059/1979
s 46
f 2095/2265/2168 2069/2232/2135 2070/2233/2136
s 51
f 2084/2252/2155 2096/2266/2169 2068/2230/2133
s 46
f 2063/2224/2127 2090/2259/2162 2064/2225/2128
s 37
f 2072/2267/2170 1937/2032/1954 2003/2226/2129
s 1
f 1994/2117/2033 1811/1887/1811 2034/2177/2087
s 43
f 2018/2241/2144 2030/2268/2171 2097/2269/2172
s 46
f 2098/2270/2173 2095/2265/2168 2070/2233/2136
s 1
f 1842/1919/1842 1904/1989/1911 2099/2271/2174
s 54
f 2039/2272/2175 2044/2273/2176 2100/2274/2177
s 34
f 2101/2275/2178 1992/2111/2030 1855/2000/1922
s 27
f 2056/2276/2179 2085/2253/2156 2013/2150/2063
s 1
f 2019/2152/2065 1907/1992/1914 2058/2212/2118
s 54
f 2044/2273/2176 2054/2277/2180 2100/2274/2177
s 50
f 2098/2278/2181 2070/2255/2158 2059/2215/2121
s 54
f 2050/2279/2182 2039/2272/2175 2100/2274/2177
s 1
f 1768/2280/1768 1935/2281/1949 1871/2220/1873
s 34
f 2030/2168/2081 2049/2199/2108 2102/2282/2183
s 33
f 2103/2283/2184 2056/2206/2115 1898/1977/1902
s 51
f 2104/2284/2185 2083/2251/2154 2068/2230/2133
s 1
f 1932/2024/1946 2105/2285/2186 1843/1920/1843
f 2041/2188/2098 1926/2015/1939 2057/2211/2117
s 43
f 1977/2286/2187 1966/2237/2140 2106/2287/2188
s 54
f 2054/2277/2180 2069/2288/2189 2100/2274/2177
s 50
f 2091/2262/2165 2107/2289/2190 2059/2215/2121
s 41
f 2014/2210/2116 2085/2290/2191 1972/2082/2002
s 1
f 1976/2091/2011 2108/2291/2192 2012/2139/2055
s 34
f 1992/2111/2030 2079/2292/2193 2002/2184/2094
s 43
f 2077/2242/2145 2018/2241/2144 2097/2269/2172
s 1
f 2109/2293/2194 2004/2130/2045 2061/2218/2124
s 54
f 2063/2294/2195 2050/2279/2182 2100/2274/2177
s 1
f 1867/1944/1868 1934/2026/1948 2110/2295/2196
f 1905/2143/1912 2111/2296/2197 1807/1987/1807
f 2087/2256/2159 1900/1979/1904 2042/2189/2099
f 2086/2254/2157 2061/2218/2124 2025/2161/2074
f 1831/2054/1831 1892/1969/1894 2112/2297/2198
s 51
f 2096/2266/2169 2113/2298/2199 2068/2230/2133
s 1
f 2114/2299/2200 1973/2084/2004 2035/2178/2088
f 1998/2122/2038 2115/2300/2201 2086/2254/2157
f 2116/2301/2202 1895/1972/1897 1883/1960/1885
s 55
f 2032/2302/2203 2117/2303/2204 2024/2304/2205
s 1
f 1891/1988/1893 1807/1987/1807 2111/2296/2197
s 37
f 2055/2205/2114 1937/2032/1954 2118/2305/2206
s 1
f 1976/2148/2011 1941/2038/1959 2119/2306/2207
s 46
f 2091/2260/2163 2120/2307/2208 2107/2308/2209
s 55
f 2024/2304/2205 2117/2303/2204 2031/2309/2210
s 51
f 2113/2298/2199 2062/2310/2211 2037/2311/2212
s 46
f 2121/2312/2213 2095/2265/2168 2098/2270/2173
s 1
f 2122/2313/2214 1945/2043/1964 1975/2089/2009
s 46
f 2090/2259/2162 2120/2307/2208 2091/2260/2163
s 33
f 2075/2239/2142 2123/2314/2215 1898/1977/1902
s 50
f 2124/2315/2216 2098/2278/2181 2059/2215/2121
s 43
f 2106/2287/2188 1966/2237/2140 2074/2238/2141
s 55
f 2048/2316/2217 2117/2303/2204 2032/2302/2203
s 54
f 2069/2288/2189 2095/2317/2218 2100/2274/2177
s 51
f 2125/2318/2219 2104/2284/2185 2068/2230/2133
s 43
f 2102/2319/2220 2126/2320/2221 2030/2268/2171
s 1
f 2109/2293/2194 2073/2236/2139 2004/2130/2045
f 2047/2196/2105 1802/1877/1802 1880/2023/1882
f 2065/2227/2130 1936/2029/1951 2081/2249/2152
s 46
f 2124/2321/2222 2121/2312/2213 2098/2270/2173
s 1
f 2033/2176/2086 2088/2257/2160 1917/2004/1926
f 2094/2264/2167 1957/2060/1980 2065/2227/2130
s 54
f 2090/2322/2223 2063/2294/2195 2100/2274/2177
s 34
f 2102/2282/2183 2049/2199/2108 2127/2323/2224
s 50
f 2107/2289/2190 2128/2324/2225 2059/2215/2121
s 55
f 2031/2309/2210 2117/2303/2204 2046/2325/2226
s 41
f 2080/2326/2227 2008/2244/2147 1972/2082/2002
s 1
f 2057/2211/2117 1931/2022/1945 2089/2258/2161
f 2010/2137/2053 1906/1991/1913 2129/2327/2228
s 45
f 2130/2328/2229 1974/2182/2092 2055/2329/2230
s 1
f 2131/2330/2231 1955/2058/1978 1981/2097/2017
f 2132/2331/2232 2052/2202/2111 2005/2131/2046
f 2132/2331/2232 2005/2131/2046 2017/2147/2061
f 1973/2084/2004 2133/2332/2233 1984/2101/2020
s 55
f 2077/2333/2234 2117/2303/2204 2048/2316/2217
s 43
f 2097/2269/2172 2030/2268/2171 2126/2320/2221
s 1
f 2134/2334/2235 2017/2147/2061 2000/2126/2040
f 1951/2053/1974 2135/2335/2236 1985/2102/2021
f 2136/2336/2237 2035/2178/2088 1989/2107/2026
f 1983/2100/2019 1831/2054/1831 2112/2297/2198
s 37
f 2072/2267/2170 2137/2337/2238 1937/2032/1954
s 1
f 2138/2338/2239 2061/2218/2124 2086/2254/2157
f 1924/2013/1937 2139/2339/2240 1906/1991/1913
f 1822/1899/1822 2140/2340/2241 1899/1978/1903
s 54
f 2095/2317/2218 2121/2341/2242 2100/2274/2177
s 1
f 1940/2144/1958 2141/2342/2243 2015/2142/2058
f 2007/2133/2049 2142/2343/2244 1988/2106/2025
s 50
f 2143/2344/2245 2124/2315/2216 2059/2215/2121
s 1
f 2021/2154/2067 2134/2334/2235 2000/2126/2040
f 1814/1891/1814 2026/2163/2076 2093/2263/2166
f 2144/2345/2246 1890/1967/1892 1902/1982/1907
f 2045/2346/2102 2141/2342/2243 1940/2144/1958
s 33
f 2145/2347/2247 2103/2283/2184 1898/1977/1902
s 1
f 1883/2175/1885 1890/2174/1892 2146/2348/2248
s 34
f 1970/2078/1998 2101/2275/2178 1855/2000/1922
s 1
f 2012/2139/2055 2147/2349/2249 2042/2189/2099
s 55
f 2046/2325/2226 2117/2303/2204 2074/2350/2250
s 43
f 2148/2351/2251 1977/2286/2187 2149/2352/2252
s 54
f 2120/2353/2253 2090/2322/2223 2100/2274/2177
s 51
f 2150/2354/2254 2125/2318/2219 2068/2230/2133
s 43
f 2102/2319/2220 2127/2355/2255 2126/2320/2221
s 1
f 2138/2338/2239 2109/2293/2194 2061/2218/2124
f 1843/1920/1843 2105/2285/2186 1997/2121/2037
f 2060/2217/2123 2115/2300/2201 1998/2122/2038
s 46
f 2107/2308/2209 2151/2356/2256 2128/2357/2257
s 50
f 2128/2324/2225 2152/2358/2258 2059/2215/2121
s 46
f 2153/2359/2259 2121/2312/2213 2124/2321/2222
s 1
f 2034/2177/2087 1842/1919/1842 2099/2271/2174
s 46
f 2120/2307/2208 2151/2356/2256 2107/2308/2209
s 34
f 2127/2323/2224 2049/2199/2108 2154/2360/2260
s 55
f 2097/2361/2261 2117/2303/2204 2077/2333/2234
s 1
f 2015/2142/2058 2155/2362/2262 1927/2016/1940
s 45
f 2037/2180/2090 1974/2182/2092 2130/2328/2229
s 27
f 2022/2248/2151 2156/2363/2263 2075/2364/2264
s 1
f 2157/2365/2265 1981/2097/2017 2001/2127/2041
f 2081/2249/2152 1945/2043/1964 2122/2313/2214
f 1943/2366/1962 1953/2367/1976 2158/2368/2266
s 33
f 2123/2314/2215 2159/2369/2267 1898/1977/1902
s 46
f 2143/2370/2268 2153/2359/2259 2124/2321/2222
s 51
f 2068/2230/2133 2113/2298/2199 2037/2311/2212
s 42
f 2079/2246/2149 2137/2371/2269 2072/2235/2138
s 1
f 2076/2240/2143 1738/1803/1738 1968/2075/1995
f 2136/2336/2237 1989/2107/2026 2094/2264/2167
s 43
f 2149/2352/2252 1977/2286/2187 2106/2287/2188
s 1
f 2115/2300/2201 2138/2338/2239 2086/2254/2157
s 54
f 2121/2341/2242 2153/2372/2270 2100/2274/2177
s 1
f 1939/2209/1957 1895/2208/1897 2160/2373/2271
s 50
f 2161/2374/2272 2143/2344/2245 2059/2215/2121
s 1
f 2012/2139/2055 2108/2291/2192 2147/2349/2249
f 1985/2102/2021 2162/2375/2273 2007/2133/2049
s 27
f 2163/2376/2274 2085/2253/2156 2056/2276/2179
s 1
f 2020/2153/2066 1867/1944/1868 2110/2295/2196
s 41
f 2085/2290/2191 2163/2377/2275 1972/2082/2002
s 1
f 2114/2299/2200 2133/2332/2233 1973/2084/2004
s 27
f 2080/2247/2150 2156/2363/2263 2022/2248/2151
s 1
f 1943/2366/1962 2146/2348/2248 1952/2378/1975
f 2164/2379/2276 2021/2154/2067 2027/2165/2078
f 2165/2380/2277 2001/2127/2041 2009/2136/2052
s 50
f 2152/2358/2258 2166/2381/2278 2059/2215/2121
s 1
f 2142/2343/2244 2058/2212/2118 1988/2106/2025
s 54
f 2151/2382/2279 2120/2353/2253 2100/2274/2177
s 1
f 1837/2383/1837 1986/2384/2022 1993/2385/2031
f 1969/2386/1996 2160/2373/2271 1953/2367/1976
s 37
f 2167/2387/2280 1937/2032/1954 2137/2337/2238
s 55
f 2074/2350/2250 2117/2303/2204 2106/2388/2281
s 1
f 1849/1926/1849 2168/2389/2282 1959/2063/1983
f 1904/1989/1911 1964/2070/1990 2169/2390/2283
s 37
f 2118/2305/2206 1937/2032/1954 2170/2391/2284
s 1
f 2171/2392/2285 2109/2293/2194 2138/2338/2239
f 1976/2148/2011 2119/2306/2207 2108/2393/2192
s 33
f 2172/2394/2286 2145/2347/2247 1898/1977/1902
s 1
f 2089/2258/2161 1955/2058/1978 2131/2330/2231
f 1927/2016/1940 2155/2362/2262 2023/2157/2070
f 2164/2379/2276 2027/2165/2078 2073/2236/2139
s 50
f 2173/2395/2287 2161/2374/2272 2059/2215/2121
s 1
f 2174/2396/2288 1991/2110/2029 1939/2035/1957
s 34
f 2154/2360/2260 2049/2199/2108 2175/2397/2289
s 27
f 2103/2398/2290 2163/2399/2274 2056/2400/2179
s 1
f 2176/2401/2291 1975/2089/2009 2016/2146/2060
f 2116/2402/2202 2160/2373/2271 1895/2208/1897
f 1883/2175/1885 2146/2348/2248 2116/2402/2202
s 55
f 2126/2403/2292 2117/2303/2204 2097/2361/2261
s 46
f 2128/2357/2257 2177/2404/2293 2152/2405/2294
s 1
f 2088/2257/2160 2135/2335/2236 1951/2053/1974
s 33
f 2159/2369/2267 2178/2406/2295 1898/1977/1902
s 54
f 2153/2372/2270 2179/2407/2296 2100/2274/2177
s 50
f 2166/2381/2278 2180/2408/2297 2059/2215/2121
s 51
f 2150/2354/2254 2068/2230/2133 2181/2409/2298
s 46
f 2179/2410/2299 2153/2359/2259 2143/2370/2268
s 1
f 1822/1899/1822 2029/2167/2080 2140/2340/2241
s 46
f 2151/2356/2256 2177/2404/2293 2128/2357/2257
s 1
f 2134/2334/2235 2132/2331/2232 2017/2147/2061
s 41
f 2156/2411/2300 2080/2326/2227 1972/2082/2002
s 1
f 1941/2038/1959 2028/2166/2079 2182/2412/2301
f 2045/2192/2102 2052/2202/2111 2183/2413/2302
s 33
f 2178/2406/2295 2172/2394/2286 1898/1977/1902
s 43
f 2184/2414/2303 2148/2351/2251 2185/2415/2304
s 50
f 2186/2416/2305 2173/2395/2287 2059/2215/2121
s 1
f 1969/2386/1996 1994/2417/2033 2187/2418/2306
s 46
f 2161/2419/2307 2179/2420/2299 2143/2421/2268
s 43
f 2127/2355/2255 2154/2422/2308 2188/2423/2309
s 1
f 1874/1951/1876 1717/1781/1717 2189/2424/2310
s 43
f 2126/2320/2221 2127/2355/2255 2188/2423/2309
s 54
f 2177/2425/2311 2151/2382/2279 2100/2274/2177
s 51
f 2190/2426/2312 2181/2409/2298 2068/2230/2133
s 1
f 1980/2124/2016 1891/1988/1893 2111/2296/2197
s 50
f 2180/2408/2297 2191/2427/2313 2059/2215/2121
s 1
f 2192/2428/2314 2009/2136/2052 2019/2152/2065
s 58
f 2137/2371/2315 2079/2246/2316 2167/2429/2317
s 50
f 2191/2427/2313 2186/2416/2305 2059/2215/2121
s 1
f 1971/2430/1999 1952/2378/1975 2193/2431/2318
f 2194/2432/2319 2052/2202/2111 2132/2331/2232
f 2144/2433/2246 2146/2348/2248 1890/2174/1892
s 37
f 2167/2387/2280 2195/2434/2320 1937/2032/1954
s 1
f 2196/2435/2321 2073/2236/2139 2109/2293/2194
s 55
f 2106/2388/2281 2117/2303/2204 2149/2436/2322
s 1
f 2197/2437/2323 1716/1779/1716 1921/2010/1934
s 43
f 2185/2415/2304 2148/2351/2251 2149/2352/2252
s 54
f 2179/2407/2296 2198/2438/2324 2100/2274/2177
s 1
f 1902/2221/1907 1871/2220/1873 2199/2439/2325
f 1984/2101/2020 2200/2440/2326 2033/2176/2086
f 1906/1991/1913 2139/2339/2240 2129/2327/2228
f 2201/2441/2327 2114/2299/2200 2035/2178/2088
s 55
f 2188/2442/2328 2117/2303/2204 2126/2403/2292
s 46
f 2152/2405/2294 2202/2443/2329 2166/2444/2330
s 43
f 2203/2445/2331 2184/2446/2303 2185/2447/2304
s 1
f 1990/2448/2028 2204/2449/2332 1812/2195/1812
s 54
f 2202/2450/2333 2177/2425/2311 2100/2274/2177
s 1
f 1941/2038/1959 2182/2412/2301 2119/2306/2207
f 2131/2330/2231 1981/2097/2017 2157/2365/2265
f 2171/2392/2285 2196/2435/2321 2109/2293/2194
s 51
f 2205/2451/2334 2190/2426/2312 2068/2230/2133
s 34
f 1977/2093/2013 2148/2452/2335 1970/2078/1998
s 46
f 2198/2453/2336 2179/2420/2299 2161/2419/2307
s 1
f 2206/2454/2337 2016/2146/2060 2041/2188/2098
s 46
f 2177/2404/2293 2202/2443/2329 2152/2405/2294
s 1
f 1934/2026/1948 2010/2137/2053 2207/2455/2338
f 2158/2368/2266 1953/2367/1976 2160/2373/2271
f 2158/2368/2266 2146/2348/2248 1943/2366/1962
f 1939/2209/1957 2160/2373/2271 2174/2456/2288
f 2162/2375/2273 2142/2343/2244 2007/2133/2049
f 2208/2457/2339 2134/2334/2235 2021/2154/2067
s 46
f 2173/2458/2340 2198/2453/2336 2161/2419/2307
s 1
f 2201/2441/2327 2035/2178/2088 2136/2336/2237
f 2122/2313/2214 1975/2089/2009 2176/2401/2291
f 2135/2335/2236 2162/2375/2273 1985/2102/2021
s 54
f 2198/2438/2324 2209/2459/2341 2100/2274/2177
s 41
f 2163/2377/2275 2210/2460/2342 1972/2082/2002
s 37
f 2170/2391/2284 1937/2032/1954 2211/2461/2343
s 58
f 2167/2429/2317 2079/2246/2316 2195/2462/2344
s 1
f 1849/1926/1849 2093/2263/2166 2168/2389/2282
f 2212/2463/2345 1986/2103/2022 1991/2110/2029
f 2099/2271/2174 1904/1989/1911 2169/2390/2283
f 1971/2430/1999 2193/2431/2318 2026/2464/2076
s 54
f 2213/2465/2346 2202/2450/2333 2100/2274/2177
s 1
f 2183/2413/2302 2052/2202/2111 2194/2432/2319
f 2157/2365/2265 2001/2127/2041 2165/2380/2277
s 55
f 2149/2436/2322 2117/2303/2204 2185/2466/2347
s 1
f 2187/2418/2306 2160/2373/2271 1969/2386/1996
s 37
f 2195/2434/2320 2214/2467/2348 1937/2032/1954
s 43
f 2154/2422/2308 2175/2468/2349 2215/2469/2350
s 51
f 2130/2470/2351 2068/2230/2133 2037/2311/2212
s 1
f 2208/2457/2339 2021/2154/2067 2164/2379/2276
f 1871/2220/1873 1935/2281/1949 2199/2439/2325
s 60
f 2216/2471/2352 2190/2472/2353 2217/2473/2354
s 1
f 1994/2417/2033 2034/2474/2087 2218/2475/2355
s 46
f 2166/2444/2330 2213/2476/2356 2180/2477/2357
s 1
f 2219/2478/2358 2041/2188/2098 2057/2211/2117
s 27
f 2075/2364/2264 2220/2479/2359 2123/2480/2360
s 54
f 2209/2459/2341 2221/2481/2361 2100/2274/2177
s 1
f 1783/1858/1783 1840/1917/1840 2222/2482/2362
s 43
f 2188/2423/2309 2154/2422/2308 2215/2469/2350
s 45
f 2223/2483/2363 2055/2329/2230 2118/2484/2364
s 1
f 2224/2485/2365 2138/2338/2239 2115/2300/2201
s 58
f 2214/2486/2366 2079/2246/2316 1992/2487/2367
s 43
f 2225/2488/2368 2203/2445/2331 2226/2489/2369
s 1
f 2196/2435/2321 2164/2379/2276 2073/2236/2139
s 54
f 2227/2490/2370 2213/2465/2346 2100/2274/2177
s 46
f 2186/2491/2371 2209/2492/2372 2173/2458/2340
s 1
f 2228/2493/2373 2019/2152/2065 2058/2212/2118
s 54
f 2221/2481/2361 2227/2490/2370 2100/2274/2177
s 1
f 2193/2431/2318 1952/2378/1975 2146/2348/2248
s 55
f 2215/2494/2374 2117/2303/2204 2188/2442/2328
s 46
f 2209/2492/2372 2198/2453/2336 2173/2458/2340
f 2202/2443/2329 2213/2476/2356 2166/2444/2330
s 41
f 2220/2495/2375 2156/2411/2300 1972/2082/2002
s 1
f 2174/2456/2288 2218/2475/2355 1991/2496/2029
f 1902/2221/1907 2199/2439/2325 2144/2433/2246
f 2023/2157/2070 2229/2497/2376 1932/2024/1946
s 34
f 2184/2498/2377 1970/2078/1998 2148/2452/2335
s 1
f 2230/2499/2378 2094/2264/2167 2065/2227/2130
f 2158/2368/2266 2160/2373/2271 2116/2402/2202
s 46
f 2180/2477/2357 2227/2500/2379 2191/2501/2380
s 1
f 2133/2332/2233 2200/2440/2326 1984/2101/2020
f 2165/2380/2277 2009/2136/2052 2192/2428/2314
s 46
f 2191/2501/2380 2221/2502/2381 2186/2491/2371
s 1
f 2116/2402/2202 2146/2348/2248 2158/2368/2266
s 51
f 2231/2503/2382 2205/2451/2334 2068/2230/2133
s 37
f 2214/2467/2348 2232/2504/2383 1937/2032/1954
s 27
f 2210/2505/2384 2163/2399/2274 2103/2398/2290
s 1
f 1905/2143/1912 1983/2100/2019 2233/2506/2385
s 27
f 2156/2363/2263 2220/2479/2359 2075/2364/2264
s 1
f 1921/2010/1934 1802/1877/1802 2197/2437/2323
s 37
f 2211/2461/2343 1937/2032/1954 2234/2507/2386
s 43
f 2226/2489/2369 2203/2445/2331 2185/2447/2304
s 27
f 2145/2508/2387 2210/2505/2384 2103/2398/2290
s 1
f 2235/2509/2388 2065/2227/2130 2081/2249/2152
s 58
f 2195/2462/2344 2079/2246/2316 2214/2486/2366
s 1
f 2187/2418/2306 1994/2417/2033 2218/2475/2355
s 46
f 2221/2502/2381 2209/2492/2372 2186/2491/2371
s 55
f 2185/2466/2347 2117/2303/2204 2226/2510/2389
s 46
f 2213/2476/2356 2227/2500/2379 2180/2477/2357
s 1
f 2138/2338/2239 2236/2511/2390 2171/2392/2285
s 34
f 2049/2199/2108 1970/2078/1998 2175/2397/2289
s 1
f 2237/2512/2391 1982/2098/2018 2087/2256/2159
s 37
f 2234/2507/2386 1937/2032/1954 2232/2504/2383
s 1
f 2115/2513/2201 2060/2514/2123 2224/2515/2365
s 43
f 2238/2516/2392 2225/2488/2368 2239/2517/2393
s 1
f 1991/2496/2029 2218/2475/2355 2212/2518/2345
s 43
f 2175/2468/2349 2240/2519/2394 2241/2520/2395
s 46
f 2227/2500/2379 2221/2502/2381 2191/2501/2380
s 45
f 2130/2328/2229 2055/2329/2230 2223/2483/2363
s 1
f 1997/2121/2037 2242/2521/2396 1924/2013/1937
s 55
f 2241/2522/2397 2117/2303/2204 2215/2494/2374
s 34
f 2203/2523/2398 1970/2078/1998 2184/2498/2377
s 1
f 1964/2070/1990 2020/2153/2066 2243/2524/2399
f 2244/2525/2400 2196/2435/2321 2171/2392/2285
f 2174/2456/2288 2160/2373/2271 2187/2418/2306
s 41
f 2210/2460/2342 2245/2526/2401 1972/2082/2002
s 1
f 2246/2527/2402 2136/2336/2237 2094/2264/2167
f 2110/2295/2196 1934/2026/1948 2207/2455/2338
f 2247/2528/2403 2057/2211/2117 2089/2258/2161
f 2176/2401/2291 2016/2146/2060 2206/2454/2337
s 43
f 2215/2469/2350 2175/2468/2349 2241/2520/2395
s 1
f 2248/2529/2404 2132/2331/2232 2134/2334/2235
f 1899/1978/1903 2249/2530/2405 1978/2094/2014
f 2033/2176/2086 2250/2531/2406 2088/2257/2160
s 43
f 2251/2532/2407 2238/2516/2392 2239/2517/2393
s 1
f 1959/2063/1983 2252/2533/2408 2029/2167/2080
f 2142/2343/2244 2228/2493/2373 2058/2212/2118
f 2193/2431/2318 2146/2348/2248 2144/2433/2246
s 51
f 2253/2534/2409 2231/2503/2382 2068/2230/2133
s 1
f 1869/2115/1870 2254/2535/2410 1990/2448/2028
f 1869/2115/1870 1982/2114/2018 2254/2535/2410
s 55
f 2226/2510/2389 2117/2303/2204 2239/2536/2411
s 34
f 2203/2523/2398 2225/2537/2412 1970/2078/1998
s 1
f 2255/2538/2413 1935/2027/1949 1996/2119/2035
s 43
f 2239/2517/2393 2225/2488/2368 2226/2489/2369
f 2240/2519/2394 2256/2539/2414 2257/2540/2415
s 1
f 2187/2418/2306 2218/2475/2355 2174/2456/2288
s 41
f 2258/2541/2416 2220/2495/2375 1972/2082/2002
s 1
f 2248/2529/2404 2194/2432/2319 2132/2331/2232
s 43
f 2259/2542/2417 2251/2532/2407 2260/2543/2418
s 1
f 2192/2428/2314 2019/2152/2065 2228/2493/2373
s 55
f 2257/2544/2419 2117/2303/2204 2241/2522/2397
s 1
f 1881/2545/1883 2036/2546/2089 1968/2547/1995
f 2042/2189/2099 2147/2349/2249 2261/2548/2420
s 43
f 2256/2539/2414 2259/2542/2417 2262/2549/2421
s 1
f 2034/2474/2087 2099/2550/2174 2263/2551/2422
f 1932/2024/1946 2229/2497/2376 2105/2285/2186
f 2026/2464/2076 2199/2439/2325 2093/2552/2166
f 2206/2454/2337 2041/2188/2098 2219/2478/2358
s 27
f 2123/2480/2360 2258/2553/2423 2159/2554/2424
s 55
f 2239/2536/2411 2117/2303/2204 2260/2555/2425
s 34
f 1970/2078/1998 2225/2537/2412 2238/2556/2426
s 1
f 2208/2457/2339 2248/2529/2404 2134/2334/2235
f 2264/2557/2427 2147/2349/2249 2108/2291/2192
s 55
f 2262/2558/2428 2117/2303/2204 2257/2544/2419
s 1
f 1995/2559/2034 1980/2124/2016 2265/2560/2429
f 2222/2482/2362 1892/1969/1894 1783/1858/1783
f 2266/2561/2430 2114/2299/2200 2201/2441/2327
f 2267/2562/2431 1717/1781/1717 2092/2261/2164
s 43
f 2241/2520/2395 2240/2519/2394 2257/2540/2415
s 55
f 2260/2555/2425 2117/2303/2204 2262/2558/2428
s 34
f 2175/2397/2289 1970/2078/1998 2240/2563/2432
s 41
f 2245/2526/2401 2268/2564/2433 1972/2082/2002
s 1
f 1993/2385/2031 1986/2384/2022 2269/2565/2434
f 2045/2346/2102 2270/2566/2435 2141/2342/2243
f 2218/2475/2355 2034/2474/2087 2263/2551/2422
s 51
f 2223/2567/2436 2068/2230/2133 2130/2470/2351
s 1
f 2108/2393/2192 2119/2306/2207 2271/2568/2437
f 2042/2569/2099 2261/2570/2420 2087/2571/2159
f 2026/2464/2076 2193/2431/2318 2199/2439/2325
f 2272/2572/2438 2081/2249/2152 2122/2313/2214
f 1874/2573/1876 2189/2574/2310 1996/2575/2035
s 27
f 2172/2576/2439 2245/2577/2440 2145/2508/2387
s 34
f 2251/2578/2441 1970/2078/1998 2238/2556/2426
s 1
f 2224/2485/2365 2236/2511/2390 2138/2338/2239
s 34
f 2049/2199/2108 2273/2579/2442 1970/2078/1998
s 1
f 2274/2580/2443 1840/1917/1840 2076/2240/2143
s 41
f 2275/2581/2444 2258/2541/2416 1972/2082/2002
s 43
f 2260/2543/2418 2251/2532/2407 2239/2517/2393
s 1
f 2183/2582/2302 2270/2566/2435 2045/2346/2102
f 2230/2499/2378 2065/2227/2130 2235/2509/2388
f 2144/2433/2246 2199/2439/2325 2193/2431/2318
f 2047/2196/2105 1812/2195/1812 2204/2449/2332
s 34
f 2251/2578/2441 2259/2583/2445 1970/2078/1998
s 1
f 2246/2527/2402 2094/2264/2167 2230/2499/2378
s 34
f 1970/2078/1998 2256/2584/2446 2240/2563/2432
s 1
f 1899/1978/1903 2140/2340/2241 2249/2530/2405
f 2169/2390/2283 1964/2070/1990 2243/2524/2399
s 41
f 2268/2564/2433 2275/2581/2444 1972/2082/2002
s 1
f 2141/2342/2243 2276/2585/2447 2015/2142/2058
f 2267/2562/2431 2189/2424/2310 1717/1781/1717
s 27
f 2245/2577/2440 2210/2505/2384 2145/2508/2387
s 43
f 2257/2540/2415 2256/2539/2414 2262/2549/2421
s 34
f 2259/2583/2445 2256/2584/2446 1970/2078/1998
s 1
f 2255/2586/2413 2199/2439/2325 1935/2281/1949
f 2277/2587/2448 2164/2379/2276 2196/2435/2321
f 2200/2440/2326 2250/2531/2406 2033/2176/2086
f 2212/2518/2345 2269/2565/2434 1986/2384/2022
s 27
f 2220/2479/2359 2258/2553/2423 2123/2480/2360
s 43
f 2262/2549/2421 2259/2542/2417 2260/2543/2418
s 1
f 1959/2063/1983 2168/2389/2282 2252/2533/2408
f 2219/2478/2358 2057/2211/2117 2247/2528/2403
f 2092/2261/2164 1716/1779/1716 2278/2588/2449
f 2279/2589/2450 2089/2258/2161 2131/2330/2231
f 2114/2299/2200 2280/2590/2451 2133/2332/2233
f 2277/2587/2448 2208/2457/2339 2164/2379/2276
f 2281/2591/2452 2201/2441/2327 2136/2336/2237
s 27
f 2159/2554/2424 2275/2592/2453 2178/2593/2454
s 51
f 2282/2594/2455 2253/2534/2409 2068/2230/2133
s 1
f 2283/2595/2456 2183/2413/2302 2194/2432/2319
s 45
f 2284/2596/2457 2118/2484/2364 2170/2597/2458
s 1
f 2088/2257/2160 2285/2598/2459 2135/2335/2236
f 2010/2137/2053 2129/2327/2228 2286/2599/2460
f 2212/2518/2345 2218/2475/2355 2263/2551/2422
s 27
f 2178/2593/2454 2268/2600/2461 2172/2576/2439
s 1
f 2233/2506/2385 2111/2296/2197 1905/2143/1912
f 2244/2525/2400 2277/2587/2448 2196/2435/2321
f 2162/2375/2273 2287/2601/2462 2142/2343/2244
f 1924/2013/1937 2242/2521/2396 2139/2339/2240
f 2015/2142/2058 2276/2585/2447 2155/2362/2262
f 2288/2602/2463 2036/2179/2089 1993/2112/2031
f 2283/2595/2456 2194/2432/2319 2248/2529/2404
f 2028/2166/2079 2289/2603/2464 2182/2412/2301
s 34
f 2101/2275/2178 1970/2078/1998 2290/2604/2465
s 1
f 2235/2509/2388 2081/2249/2152 2272/2572/2438
f 2291/2605/2466 2131/2330/2231 2157/2365/2265
f 2292/2606/2467 2147/2349/2249 2264/2557/2427
f 2281/2591/2452 2136/2336/2237 2246/2527/2402
s 58
f 2290/2607/2468 2293/2608/2469 2101/2609/2470
s 1
f 2266/2561/2430 2280/2590/2451 2114/2299/2200
f 2135/2335/2236 2294/2610/2471 2162/2375/2273
f 2171/2392/2285 2295/2611/2472 2244/2525/2400
f 2296/2612/2473 2248/2529/2404 2208/2457/2339
s 27
f 2268/2600/2461 2245/2577/2440 2172/2576/2439
s 1
f 2297/2613/2474 2157/2365/2265 2165/2380/2277
s 27
f 2258/2553/2423 2275/2592/2453 2159/2554/2424
s 1
f 2169/2614/2283 2269/2565/2434 2099/2550/2174
f 2287/2601/2462 2228/2493/2373 2142/2343/2244
s 51
f 2298/2615/2475 2282/2594/2455 2068/2230/2133
s 45
f 2223/2483/2363 2118/2484/2364 2284/2596/2457
s 1
f 2093/2552/2166 2299/2616/2476 2168/2617/2282
f 2263/2551/2422 2099/2550/2174 2269/2565/2434
f 2020/2153/2066 2110/2295/2196 2300/2618/2477
f 2108/2393/2192 2271/2568/2437 2264/2619/2427
f 2247/2528/2403 2089/2258/2161 2279/2589/2450
s 51
f 2284/2620/2478 2068/2230/2133 2223/2567/2436
s 1
f 2301/2621/2479 2122/2313/2214 2176/2401/2291
f 2093/2552/2166 2199/2439/2325 2299/2616/2476
f 2296/2612/2473 2208/2457/2339 2277/2587/2448
f 2263/2551/2422 2269/2565/2434 2212/2518/2345
f 1993/2385/2031 2269/2565/2434 2288/2622/2463
s 27
f 2275/2592/2453 2268/2600/2461 2178/2593/2454
s 1
f 2250/2531/2406 2285/2598/2459 2088/2257/2160
f 2119/2306/2207 2182/2412/2301 2302/2623/2480
f 2207/2455/2338 2010/2137/2053 2286/2599/2460
s 58
f 2303/2624/2481 2214/2486/2366 1992/2487/2367
s 34
f 2290/2604/2465 1970/2078/1998 2304/2625/2482
s 1
f 2305/2626/2483 2165/2380/2277 2192/2428/2314
f 2306/2627/2484 2277/2587/2448 2244/2525/2400
f 2236/2511/2390 2295/2611/2472 2171/2392/2285
s 58
f 2304/2628/2485 2293/2608/2469 2290/2607/2468
s 1
f 2029/2167/2080 2307/2629/2486 2140/2340/2241
f 2308/2630/2487 2147/2349/2249 2292/2606/2467
s 51
f 2309/2631/2488 2298/2615/2475 2068/2230/2133
s 1
f 2296/2612/2473 2283/2595/2456 2248/2529/2404
f 2310/2632/2489 2266/2561/2430 2201/2441/2327
f 2311/2633/2490 2183/2413/2302 2283/2595/2456
f 1996/2575/2035 2312/2634/2491 2255/2586/2413
s 45
f 2313/2635/2492 2170/2597/2458 2211/2636/2493
s 1
f 2133/2332/2233 2314/2637/2494 2200/2440/2326
f 2155/2362/2262 2315/2638/2495 2023/2157/2070
f 2299/2616/2476 2199/2439/2325 2255/2586/2413
f 2105/2285/2186 2316/2639/2496 1997/2121/2037
f 2119/2306/2207 2302/2623/2480 2271/2568/2437
f 2279/2589/2450 2131/2330/2231 2291/2605/2466
f 2317/2640/2497 2176/2401/2291 2206/2454/2337
f 2076/2641/2143 1968/2547/1995 2274/2642/2443
f 2310/2632/2489 2201/2441/2327 2281/2591/2452
f 2243/2524/2399 2020/2153/2066 2300/2618/2477
f 2272/2572/2438 2122/2313/2214 2301/2621/2479
f 2294/2610/2471 2287/2601/2462 2162/2375/2273
f 2285/2598/2459 2294/2610/2471 2135/2335/2236
s 51
f 2313/2643/2498 2068/2230/2133 2284/2620/2478
s 34
f 2304/2625/2482 1970/2078/1998 2318/2644/2499
s 1
f 2306/2627/2484 2296/2612/2473 2277/2587/2448
f 2222/2482/2362 1840/1917/1840 2319/2645/2500
s 45
f 2214/2646/2501 2303/2647/2502 2232/2648/2503
s 1
f 2291/2605/2466 2157/2365/2265 2297/2613/2474
f 2244/2525/2400 2320/2649/2504 2306/2627/2484
f 1995/2559/2034 2321/2650/2505 2060/2514/2123
f 2322/2651/2506 2206/2454/2337 2219/2478/2358
s 51
f 2309/2631/2488 2068/2230/2133 2303/2652/2507
s 1
f 2029/2167/2080 2252/2533/2408 2307/2629/2486
f 2274/2580/2443 2319/2645/2500 1840/1917/1840
f 1996/2575/2035 2189/2574/2310 2312/2634/2491
f 2323/2653/2508 2283/2595/2456 2296/2612/2473
f 2324/2654/2509 1716/1779/1716 2197/2437/2323
f 2324/2654/2509 2278/2588/2449 1716/1779/1716
f 2325/2655/2510 2192/2428/2314 2228/2493/2373
f 2326/2656/2511 2246/2527/2402 2230/2499/2378
f 2280/2590/2451 2314/2637/2494 2133/2332/2233
s 45
f 2327/2657/2512 2211/2636/2493 2234/2658/2513
s 1
f 2328/2659/2514 2261/2548/2420 2147/2349/2249
f 2297/2613/2474 2165/2380/2277 2305/2626/2483
f 2323/2653/2508 2296/2612/2473 2306/2627/2484
s 34
f 2318/2644/2499 1970/2078/1998 2329/2660/2515
s 51
f 2303/2652/2507 2068/2230/2133 2330/2661/2516
s 1
f 2112/2297/2198 1892/1969/1894 2331/2662/2517
f 2332/2663/2518 2269/2565/2434 2169/2614/2283
s 45
f 2284/2596/2457 2170/2597/2458 2313/2635/2492
f 2330/2664/2519 2234/2658/2513 2232/2648/2503
s 58
f 2318/2665/2520 2333/2666/2521 2304/2628/2485
s 1
f 2237/2667/2391 2254/2535/2410 1982/2114/2018
f 1968/2547/1995 2036/2546/2089 2334/2668/2522
f 2023/2157/2070 2315/2638/2495 2229/2497/2376
f 2335/2669/2523 2230/2499/2378 2235/2509/2388
f 2323/2653/2508 2311/2633/2490 2283/2595/2456
s 58
f 2333/2666/2521 2293/2608/2469 2304/2628/2485
s 51
f 2327/2670/2524 2068/2230/2133 2313/2643/2498
s 1
f 2169/2614/2283 2243/2671/2399 2332/2663/2518
f 2168/2617/2282 2299/2616/2476 2312/2634/2491
s 51
f 2330/2661/2516 2068/2230/2133 2327/2670/2524
s 1
f 2255/2586/2413 2312/2634/2491 2299/2616/2476
f 1978/2094/2014 2249/2530/2405 2336/2672/2525
f 2295/2611/2472 2320/2649/2504 2244/2525/2400
f 2168/2617/2282 2312/2634/2491 2252/2673/2408
s 34
f 2337/2674/2526 2329/2660/2515 1970/2078/1998
s 1
f 2338/2675/2527 2281/2591/2452 2246/2527/2402
f 2288/2622/2463 2334/2668/2522 2036/2546/2089
f 2288/2622/2463 2269/2565/2434 2332/2663/2518
f 2265/2560/2429 1980/2124/2016 2111/2296/2197
f 2339/2676/2528 2219/2478/2358 2247/2528/2403
f 2301/2621/2479 2176/2401/2291 2317/2640/2497
f 2200/2440/2326 2340/2677/2529 2250/2531/2406
f 2112/2297/2198 2331/2662/2517 1983/2100/2019
f 2320/2649/2504 2323/2653/2508 2306/2627/2484
f 1997/2121/2037 2316/2639/2496 2242/2521/2396
f 2287/2601/2462 2325/2655/2510 2228/2493/2373
f 2110/2295/2196 2207/2455/2338 2341/2678/2530
f 2183/2582/2302 2342/2679/2531 2270/2566/2435
f 2328/2659/2514 2147/2349/2249 2308/2630/2487
s 34
f 2273/2579/2442 2343/2680/2532 1970/2078/1998
s 1
f 2311/2681/2490 2342/2679/2531 2183/2582/2302
f 2344/2682/2533 2311/2633/2490 2323/2653/2508
s 58
f 2329/2683/2534 2345/2684/2535 2318/2665/2520
s 1
f 2305/2626/2483 2192/2428/2314 2325/2655/2510
f 2317/2640/2497 2206/2454/2337 2322/2651/2506
f 2270/2566/2435 2346/2685/2536 2141/2342/2243
f 2264/2557/2427 2347/2686/2537 2292/2606/2467
f 2047/2196/2105 2348/2687/2538 1802/1877/1802
f 2139/2339/2240 2349/2688/2539 2129/2327/2228
s 58
f 2350/2689/2540 2101/2609/2470 2293/2608/2469
s 1
f 2351/2690/2541 2266/2561/2430 2310/2632/2489
f 2344/2682/2533 2323/2653/2508 2320/2649/2504
f 2286/2599/2460 2129/2327/2228 2352/2691/2542
s 45
f 2313/2635/2492 2211/2636/2493 2327/2657/2512
s 58
f 2345/2684/2535 2333/2666/2521 2318/2665/2520
s 45
f 2232/2648/2503 2303/2647/2502 2330/2664/2519
s 1
f 2353/2692/2543 2235/2509/2388 2272/2572/2438
f 2264/2619/2427 2271/2568/2437 2354/2693/2544
f 2326/2656/2511 2230/2499/2378 2335/2669/2523
f 2141/2342/2243 2346/2685/2536 2276/2585/2447
f 2224/2515/2365 2060/2514/2123 2321/2650/2505
f 2338/2675/2527 2246/2527/2402 2326/2656/2511
f 2314/2637/2494 2340/2677/2529 2200/2440/2326
f 2300/2618/2477 2110/2295/2196 2341/2678/2530
f 2322/2651/2506 2219/2478/2358 2339/2676/2528
f 2266/2561/2430 2355/2694/2545 2280/2590/2451
s 45
f 2327/2657/2512 2234/2658/2513 2330/2664/2519
s 34
f 2337/2674/2526 1970/2078/1998 2356/2695/2546
s 1
f 2197/2437/2323 1802/1877/1802 2357/2696/2547
f 2358/2697/2548 2247/2528/2403 2279/2589/2450
f 2359/2698/2549 2310/2632/2489 2281/2591/2452
f 2140/2340/2241 2360/2699/2550 2249/2530/2405
f 2361/2700/2551 1892/1969/1894 2222/2482/2362
f 2274/2642/2443 1968/2547/1995 2334/2668/2522
f 2362/2701/2552 2204/2449/2332 1990/2448/2028
f 2292/2606/2467 2363/2702/2553 2308/2630/2487
f 2250/2531/2406 2364/2703/2554 2285/2598/2459
f 2332/2663/2518 2334/2668/2522 2288/2622/2463
f 2344/2682/2533 2365/2704/2555 2311/2633/2490
f 2092/2705/2164 2278/2706/2449 2267/2707/2431
f 2294/2610/2471 2366/2708/2556 2287/2601/2462
f 2182/2412/2301 2289/2603/2464 2367/2709/2557
f 2368/2710/2558 2312/2634/2491 2189/2574/2310
f 2332/2663/2518 2243/2671/2399 2334/2668/2522
f 2182/2412/2301 2367/2709/2557 2302/2623/2480
f 2320/2649/2504 2365/2704/2555 2344/2682/2533
f 2368/2711/2558 2189/2424/2310 2267/2562/2431
f 2335/2669/2523 2235/2509/2388 2353/2692/2543
f 2369/2712/2559 2279/2589/2450 2291/2605/2466
f 2359/2698/2549 2281/2591/2452 2338/2675/2527
f 2140/2340/2241 2307/2629/2486 2360/2699/2550
s 58
f 2329/2683/2534 2337/2713/2560 2370/2714/2561
s 1
f 2300/2715/2477 2334/2668/2522 2243/2671/2399
f 2351/2690/2541 2355/2694/2545 2266/2561/2430
s 58
f 2371/2716/2562 2101/2609/2470 2372/2717/2563
s 1
f 2292/2606/2467 2347/2686/2537 2363/2702/2553
f 2252/2673/2408 2312/2634/2491 2373/2718/2564
f 2229/2497/2376 2374/2719/2565 2105/2285/2186
f 2285/2598/2459 2375/2720/2566 2294/2610/2471
f 2376/2721/2567 2291/2605/2466 2297/2613/2474
s 71
f 2377/2722/2568 2293/2723/2569 2378/2724/2570
s 1
f 1990/2448/2028 2254/2535/2410 2362/2701/2552
f 2252/2673/2408 2373/2718/2564 2307/2725/2486
f 2366/2708/2556 2325/2655/2510 2287/2601/2462
f 2339/2676/2528 2247/2528/2403 2358/2697/2548
s 58
f 2345/2684/2535 2329/2683/2534 2370/2714/2561
s 72
f 2378/2726/2571 2293/2727/2572 2379/2728/2573
s 1
f 2380/2729/2574 2272/2572/2438 2301/2621/2479
f 2276/2585/2447 2381/2730/2575 2155/2362/2262
f 2264/2619/2427 2354/2693/2544 2347/2731/2537
f 2340/2677/2529 2364/2703/2554 2250/2531/2406
f 2129/2327/2228 2349/2688/2539 2352/2691/2542
f 2271/2568/2437 2302/2623/2480 2382/2732/2576
f 2207/2455/2338 2286/2599/2460 2383/2733/2577
f 2384/2734/2578 2297/2613/2474 2305/2626/2483
s 72
f 2293/2727/2572 2333/2735/2579 2379/2728/2573
s 1
f 2311/2633/2490 2365/2704/2555 2385/2736/2580
f 2233/2506/2385 1983/2100/2019 2386/2737/2581
f 2320/2738/2504 2295/2739/2472 2387/2740/2582
s 72
f 2378/2726/2571 2379/2728/2573 2388/2741/2583
s 1
f 2389/2742/2584 2351/2690/2541 2310/2632/2489
f 2280/2590/2451 2390/2743/2585 2314/2637/2494
f 2373/2718/2564 2312/2634/2491 2368/2710/2558
f 2311/2681/2490 2385/2744/2580 2342/2679/2531
f 2265/2560/2429 2321/2650/2505 1995/2559/2034
s 58
f 2356/2745/2586 2370/2714/2561 2337/2713/2560
s 1
f 2358/2697/2548 2279/2589/2450 2369/2712/2559
s 71
f 2391/2746/2587 2378/2724/2570 2388/2747/2588
s 1
f 2392/2748/2589 2301/2621/2479 2317/2640/2497
f 2389/2742/2584 2310/2632/2489 2359/2698/2549
f 2271/2568/2437 2382/2732/2576 2354/2693/2544
f 2155/2362/2262 2381/2730/2575 2315/2638/2495
f 2387/2749/2582 2365/2704/2555 2320/2649/2504
f 2353/2692/2543 2272/2572/2438 2380/2729/2574
f 2236/2750/2390 2224/2515/2365 2393/2751/2590
f 2375/2720/2566 2366/2708/2556 2294/2610/2471
f 2364/2703/2554 2375/2720/2566 2285/2598/2459
s 34
f 2394/2752/2591 2395/2753/2592 1970/2078/1998
f 2394/2752/2591 1970/2078/1998 2396/2754/2593
s 1
f 2369/2712/2559 2291/2605/2466 2376/2721/2567
f 2105/2285/2186 2374/2719/2565 2316/2639/2496
f 2341/2678/2530 2207/2455/2338 2383/2733/2577
f 2242/2521/2396 2397/2755/2594 2139/2339/2240
s 34
f 1970/2078/1998 2395/2753/2592 2398/2756/2595
s 72
f 2333/2735/2579 2345/2757/2596 2399/2758/2597
s 34
f 2400/2759/2598 2396/2754/2593 1970/2078/1998
s 1
f 2401/2760/2599 2317/2640/2497 2322/2651/2506
f 2361/2700/2551 2402/2761/2600 1892/1969/1894
f 2087/2571/2159 2403/2762/2601 2237/2667/2391
f 2404/2763/2602 2261/2548/2420 2328/2659/2514
f 2405/2764/2603 2305/2626/2483 2325/2655/2510
s 34
f 2400/2759/2598 1970/2078/1998 2406/2765/2604
s 1
f 2355/2694/2545 2390/2743/2585 2280/2590/2451
f 2407/2766/2605 2319/2645/2500 2274/2580/2443
f 2408/2767/2606 2334/2668/2522 2300/2715/2477
f 2409/2768/2607 2338/2675/2527 2326/2656/2511
s 34
f 2410/2769/2608 1970/2078/1998 2398/2756/2595
s 1
f 2408/2767/2606 2274/2642/2443 2334/2668/2522
f 2376/2721/2567 2297/2613/2474 2384/2734/2578
f 2087/2571/2159 2261/2570/2420 2403/2762/2601
s 75
f 2411/2770/2609 2412/2771/2610 2413/2772/2611
s 1
f 2348/2687/2538 2357/2696/2547 1802/1877/1802
f 2267/2707/2431 2414/2773/2612 2368/2710/2558
f 2300/2715/2477 2341/2774/2530 2408/2767/2606
f 2415/2775/2613 2326/2656/2511 2335/2669/2523
s 75
f 2416/2776/2614 2417/2777/2615 2411/2770/2609
s 34
f 2410/2769/2608 2418/2778/2616 1970/2078/1998
f 2343/2680/2532 2419/2779/2617 1970/2078/1998
f 2420/2780/2618 2406/2765/2604 1970/2078/1998
s 1
f 2222/2781/2362 2319/2782/2500 2361/2783/2551
f 2267/2707/2431 2278/2706/2449 2414/2773/2612
s 72
f 2388/2741/2583 2421/2784/2619 2422/2785/2620
s 1
f 2407/2786/2605 2274/2642/2443 2408/2767/2606
s 58
f 2423/2787/2621 2370/2714/2561 2356/2745/2586
s 1
f 2249/2530/2405 2424/2788/2622 2336/2672/2525
s 71
f 2350/2789/2623 2293/2723/2569 2377/2722/2568
s 1
f 2307/2725/2486 2373/2718/2564 2414/2773/2612
f 2425/2790/2624 2359/2698/2549 2338/2675/2527
f 2426/2791/2625 2322/2651/2506 2339/2676/2528
f 2380/2729/2574 2301/2621/2479 2392/2748/2589
f 2314/2637/2494 2427/2792/2626 2340/2677/2529
f 2342/2679/2531 2428/2793/2627 2270/2566/2435
f 2368/2710/2558 2414/2773/2612 2373/2718/2564
s 34
f 1970/2078/1998 2418/2778/2616 2429/2794/2628
f 1970/2078/1998 2430/2795/2629 2356/2695/2546
s 1
f 2366/2708/2556 2405/2764/2603 2325/2655/2510
f 2386/2737/2581 2111/2296/2197 2233/2506/2385
f 2331/2662/2517 1892/1969/1894 2431/2796/2630
f 2308/2630/2487 2363/2702/2553 2432/2797/2631
f 2249/2530/2405 2360/2699/2550 2424/2788/2622
f 2384/2734/2578 2305/2626/2483 2405/2764/2603
s 75
f 2413/2772/2611 2433/2798/2632 2434/2799/2633
s 34
f 2435/2800/2634 2420/2780/2618 1970/2078/1998
s 1
f 2307/2725/2486 2414/2773/2612 2360/2801/2550
s 72
f 2345/2757/2596 2370/2802/2635 2399/2758/2597
s 1
f 2270/2566/2435 2428/2793/2627 2346/2685/2536
f 2392/2748/2589 2317/2640/2497 2401/2760/2599
f 2308/2803/2487 2432/2804/2631 2328/2805/2514
f 2436/2806/2636 2351/2690/2541 2389/2742/2584
s 71
f 2377/2722/2568 2378/2724/2570 2391/2746/2587
s 1
f 2047/2196/2105 2204/2449/2332 2437/2807/2637
f 2286/2599/2460 2352/2691/2542 2438/2808/2638
f 2402/2761/2600 2431/2796/2630 1892/1969/1894
f 2439/2809/2639 2385/2736/2580 2365/2704/2555
f 2440/2810/2640 2335/2669/2523 2353/2692/2543
s 71
f 2441/2811/2641 2388/2747/2588 2422/2812/2642
s 58
f 2442/2813/2643 2370/2714/2561 2423/2787/2621
s 75
f 2443/2814/2644 2444/2815/2645 2416/2776/2614
s 1
f 2445/2816/2646 2363/2702/2553 2347/2686/2537
f 2139/2339/2240 2397/2755/2594 2349/2688/2539
s 72
f 2333/2735/2579 2446/2817/2647 2379/2728/2573
s 75
f 2417/2777/2615 2412/2771/2610 2411/2770/2609
s 1
f 2409/2768/2607 2326/2656/2511 2415/2775/2613
s 72
f 2399/2758/2597 2446/2817/2647 2333/2735/2579
s 1
f 2425/2790/2624 2338/2675/2527 2409/2768/2607
s 72
f 2379/2728/2573 2447/2818/2648 2388/2741/2583
s 1
f 2390/2743/2585 2427/2792/2626 2314/2637/2494
f 2351/2690/2541 2448/2819/2649 2355/2694/2545
s 72
f 2447/2818/2648 2421/2784/2619 2388/2741/2583
s 1
f 2347/2731/2537 2354/2693/2544 2449/2820/2650
f 2401/2760/2599 2322/2651/2506 2426/2791/2625
f 2450/2821/2651 2339/2676/2528 2358/2697/2548
f 2315/2638/2495 2451/2822/2652 2229/2497/2376
f 2452/2823/2653 2389/2742/2584 2359/2698/2549
s 58
f 2423/2787/2621 2453/2824/2654 2442/2813/2643
s 1
f 2342/2679/2531 2385/2744/2580 2454/2825/2655
f 2340/2677/2529 2455/2826/2656 2364/2703/2554
f 2383/2733/2577 2286/2599/2460 2438/2808/2638
s 75
f 2444/2815/2645 2417/2777/2615 2416/2776/2614
s 1
f 2456/2827/2657 2278/2588/2449 2324/2654/2509
f 2407/2786/2605 2457/2828/2658 2319/2782/2500
f 1983/2100/2019 2331/2662/2517 2458/2829/2659
s 75
f 2412/2771/2610 2433/2798/2632 2413/2772/2611
s 1
f 2375/2720/2566 2459/2830/2660 2366/2708/2556
f 2302/2623/2480 2367/2709/2557 2460/2831/2661
f 2456/2832/2657 2414/2773/2612 2278/2706/2449
s 34
f 2430/2795/2629 1970/2078/1998 2429/2794/2628
s 1
f 2387/2749/2582 2461/2833/2662 2365/2704/2555
s 79
f 2411/2834/2663 2413/2835/2664 2462/2836/2665
s 1
f 2408/2767/2606 2341/2774/2530 2457/2828/2658
s 80
f 2379/2837/2666 2395/2838/2667 2394/2839/2668
f 2396/2840/2669 2379/2837/2666 2394/2839/2668
s 1
f 2463/2841/2670 2358/2697/2548 2369/2712/2559
f 2302/2623/2480 2460/2831/2661 2382/2732/2576
f 2415/2775/2613 2335/2669/2523 2440/2810/2640
f 2236/2750/2390 2464/2842/2671 2295/2739/2472
f 2346/2685/2536 2465/2843/2672 2276/2585/2447
f 2197/2844/2323 2357/2845/2547 2324/2846/2509
f 2452/2823/2653 2359/2698/2549 2425/2790/2624
s 34
f 2356/2695/2546 2430/2795/2629 2423/2847/2673
s 79
f 2416/2848/2674 2411/2834/2663 2462/2836/2665
s 1
f 2436/2806/2636 2448/2819/2649 2351/2690/2541
s 80
f 2399/2849/2675 2398/2850/2676 2395/2838/2667
s 1
f 2408/2767/2606 2457/2828/2658 2407/2786/2605
s 80
f 2400/2851/2677 2421/2852/2678 2396/2840/2669
s 1
f 2361/2783/2551 2319/2782/2500 2457/2828/2658
s 58
f 2442/2813/2643 2453/2824/2654 2466/2853/2679
s 1
f 2364/2703/2554 2467/2854/2680 2375/2720/2566
f 2383/2855/2577 2457/2828/2658 2341/2774/2530
f 2468/2856/2681 2363/2702/2553 2445/2816/2646
s 72
f 2422/2785/2620 2469/2857/2682 2470/2858/2683
s 1
f 2471/2859/2684 2369/2712/2559 2376/2721/2567
s 72
f 2421/2784/2619 2472/2860/2685 2422/2785/2620
s 80
f 2406/2861/2686 2421/2852/2678 2400/2851/2677
s 79
f 2413/2835/2664 2434/2862/2687 2462/2836/2665
s 1
f 2459/2830/2660 2405/2764/2603 2366/2708/2556
f 2316/2639/2496 2473/2863/2688 2242/2521/2396
s 72
f 2370/2802/2635 2442/2864/2689 2474/2865/2690
s 1
f 2439/2809/2639 2365/2704/2555 2475/2866/2691
f 2426/2791/2625 2339/2676/2528 2450/2821/2651
f 2476/2867/2692 2254/2535/2410 2237/2667/2391
s 75
f 2434/2799/2633 2477/2868/2693 2478/2869/2694
s 1
f 2479/2870/2695 2353/2692/2543 2380/2729/2574
s 58
f 2480/2871/2696 2350/2689/2540 2481/2872/2697
s 80
f 2446/2873/2698 2395/2838/2667 2379/2837/2666
s 71
f 2391/2746/2587 2388/2747/2588 2441/2811/2641
s 72
f 2472/2860/2685 2469/2857/2682 2422/2785/2620
s 1
f 2427/2792/2626 2455/2826/2656 2340/2677/2529
s 80
f 2447/2874/2699 2379/2837/2666 2396/2840/2669
f 2398/2850/2676 2474/2875/2700 2410/2876/2701
s 72
f 2399/2758/2597 2370/2802/2635 2482/2877/2702
s 80
f 2446/2873/2698 2399/2849/2675 2395/2838/2667
s 86
f 2483/2878/2703 2484/2879/2704 2485/2880/2705
s 1
f 2229/2497/2376 2451/2822/2652 2374/2719/2565
s 80
f 2421/2852/2678 2447/2874/2699 2396/2840/2669
s 86
f 2486/2881/2706 2487/2882/2707 2483/2878/2703
s 1
f 2386/2737/2581 1983/2100/2019 2458/2829/2659
s 58
f 2453/2824/2654 2488/2883/2708 2466/2853/2679
s 1
f 2360/2801/2550 2414/2773/2612 2489/2884/2709
f 2437/2807/2637 2348/2687/2538 2047/2196/2105
s 88
f 2483/2885/2710 2485/2886/2711 2490/2887/2712
s 1
f 2491/2888/2713 2385/2736/2580 2439/2809/2639
s 58
f 2481/2872/2697 2350/2689/2540 2492/2889/2714
s 1
f 2347/2731/2537 2449/2820/2650 2445/2890/2646
s 72
f 2370/2802/2635 2474/2865/2690 2482/2877/2702
s 1
f 2493/2891/2715 2376/2721/2567 2384/2734/2578
s 88
f 2486/2892/2716 2483/2885/2710 2490/2887/2712
s 1
f 2276/2585/2447 2465/2843/2672 2381/2730/2575
s 80
f 2482/2893/2717 2398/2850/2676 2399/2849/2675
s 34
f 2494/2894/2718 2435/2800/2634 1970/2078/1998
f 2423/2847/2673 2430/2795/2629 2453/2895/2719
s 88
f 2485/2886/2711 2495/2896/2720 2490/2887/2712
s 86
f 2485/2880/2705 2496/2897/2721 2495/2898/2722
s 1
f 2354/2693/2544 2382/2732/2576 2497/2899/2723
s 80
f 2498/2900/2724 2418/2901/2725 2410/2876/2701
s 90
f 2350/2902/2726 2377/2903/2727 2499/2904/2728
s 79
f 2443/2905/2729 2416/2848/2674 2462/2836/2665
s 1
f 2475/2866/2691 2365/2704/2555 2461/2833/2662
s 80
f 2420/2906/2730 2469/2907/2731 2406/2861/2686
s 72
f 2442/2864/2689 2466/2908/2732 2498/2909/2733
s 1
f 2393/2751/2590 2224/2515/2365 2321/2650/2505
f 2500/2910/2734 2436/2806/2636 2389/2742/2584
s 80
f 2472/2911/2735 2421/2852/2678 2406/2861/2686
s 1
f 2355/2694/2545 2501/2912/2736 2390/2743/2585
s 86
f 2502/2913/2737 2503/2914/2738 2486/2881/2706
s 80
f 2482/2893/2717 2474/2875/2700 2398/2850/2676
s 1
f 2504/2915/2739 2363/2702/2553 2468/2856/2681
s 88
f 2502/2916/2740 2486/2892/2716 2490/2887/2712
s 75
f 2505/2917/2741 2444/2815/2645 2443/2814/2644
s 58
f 2488/2918/2708 2453/2919/2654 2506/2920/2742
s 75
f 2507/2921/2743 2505/2917/2741 2443/2814/2644
s 34
f 2419/2779/2617 2494/2894/2718 1970/2078/1998
s 75
f 2433/2798/2632 2477/2868/2693 2434/2799/2633
s 88
f 2495/2896/2720 2508/2922/2744 2490/2887/2712
s 1
f 2360/2801/2550 2489/2884/2709 2424/2923/2622
f 2450/2821/2651 2358/2697/2548 2463/2841/2670
s 58
f 2509/2924/2745 2510/2925/2746 2453/2919/2654
s 80
f 2469/2907/2731 2472/2911/2735 2406/2861/2686
s 1
f 2511/2926/2747 2380/2729/2574 2392/2748/2589
f 2500/2910/2734 2389/2742/2584 2452/2823/2653
f 2512/2927/2748 2513/2928/2749 2336/2672/2525
f 2467/2854/2680 2459/2830/2660 2375/2720/2566
f 2440/2810/2640 2353/2692/2543 2479/2870/2695
s 79
f 2434/2862/2687 2478/2929/2750 2462/2836/2665
s 1
f 2455/2826/2656 2467/2854/2680 2364/2703/2554
s 86
f 2495/2898/2722 2514/2930/2751 2508/2931/2752
s 1
f 2489/2884/2709 2414/2773/2612 2456/2832/2657
s 80
f 2474/2875/2700 2498/2900/2724 2410/2876/2701
s 72
f 2474/2865/2690 2442/2864/2689 2498/2909/2733
s 1
f 2404/2932/2602 2403/2762/2601 2261/2570/2420
s 58
f 2510/2925/2746 2506/2920/2742 2453/2919/2654
s 88
f 2515/2933/2753 2502/2916/2740 2490/2887/2712
s 86
f 2487/2882/2707 2484/2879/2704 2483/2878/2703
s 80
f 2418/2901/2725 2516/2934/2754 2429/2935/2755
s 1
f 2463/2841/2670 2369/2712/2559 2471/2859/2684
s 34
f 2453/2895/2719 2517/2936/2756 2509/2937/2757
s 1
f 2354/2693/2544 2497/2899/2723 2449/2820/2650
f 2336/2672/2525 2424/2788/2622 2512/2927/2748
s 86
f 2515/2938/2758 2518/2939/2759 2502/2913/2737
s 1
f 2519/2940/2760 2392/2748/2589 2401/2760/2599
s 86
f 2503/2914/2738 2487/2882/2707 2486/2881/2706
f 2484/2879/2704 2496/2897/2721 2485/2880/2705
s 88
f 2508/2922/2744 2520/2941/2761 2490/2887/2712
s 1
f 2361/2783/2551 2457/2828/2658 2521/2942/2762
f 2522/2943/2763 2384/2734/2578 2405/2764/2603
s 80
f 2498/2900/2724 2516/2934/2754 2418/2901/2725
s 72
f 2516/2944/2764 2498/2909/2733 2466/2908/2732
s 80
f 2523/2945/2765 2469/2907/2731 2420/2906/2730
s 1
f 2448/2819/2649 2501/2912/2736 2355/2694/2545
f 2521/2946/2762 2402/2761/2600 2361/2700/2551
s 72
f 2469/2857/2682 2523/2947/2766 2470/2858/2683
s 1
f 2524/2948/2767 2425/2790/2624 2409/2768/2607
f 2525/2949/2768 2432/2797/2631 2363/2702/2553
f 2438/2808/2638 2352/2691/2542 2526/2950/2769
f 2471/2859/2684 2376/2721/2567 2493/2891/2715
f 2242/2521/2396 2473/2863/2688 2397/2755/2594
f 2527/2951/2770 2457/2828/2658 2383/2855/2577
s 71
f 2528/2952/2771 2422/2812/2642 2470/2953/2772
s 72
f 2488/2954/2773 2529/2955/2774 2466/2908/2732
s 80
f 2435/2956/2775 2530/2957/2776 2420/2906/2730
s 1
f 2385/2744/2580 2531/2958/2777 2454/2825/2655
f 2387/2740/2582 2295/2739/2472 2464/2842/2671
s 88
f 2532/2959/2778 2515/2933/2753 2490/2887/2712
s 1
f 2533/2960/2779 2409/2768/2607 2415/2775/2613
s 58
f 2534/2961/2780 2499/2962/2781 2535/2963/2782
s 86
f 2518/2939/2759 2503/2914/2738 2502/2913/2737
f 2496/2897/2721 2514/2930/2751 2495/2898/2722
s 1
f 2536/2964/2783 2461/2833/2662 2387/2749/2582
f 2383/2855/2577 2438/2965/2638 2527/2951/2770
s 72
f 2466/2908/2732 2537/2966/2784 2516/2944/2764
s 86
f 2508/2931/2752 2538/2967/2785 2520/2968/2786
s 1
f 2349/2688/2539 2539/2969/2787 2352/2691/2542
f 2454/2825/2655 2540/2970/2788 2342/2679/2531
f 2491/2971/2713 2531/2958/2777 2385/2744/2580
s 58
f 2535/2963/2782 2499/2962/2781 2541/2972/2789
s 80
f 2530/2957/2776 2523/2945/2765 2420/2906/2730
s 72
f 2523/2947/2766 2530/2973/2790 2470/2858/2683
s 88
f 2520/2941/2761 2542/2974/2791 2490/2887/2712
s 79
f 2507/2975/2792 2443/2905/2729 2462/2836/2665
s 1
f 2324/2846/2509 2543/2976/2793 2456/2832/2657
f 2544/2977/2794 2452/2823/2653 2425/2790/2624
s 72
f 2506/2978/2795 2529/2955/2774 2488/2954/2773
s 1
f 2390/2743/2585 2545/2979/2796 2427/2792/2626
s 86
f 2532/2980/2797 2546/2981/2798 2515/2938/2758
s 1
f 2547/2982/2799 2401/2760/2599 2426/2791/2625
f 2479/2870/2695 2380/2729/2574 2511/2926/2747
s 80
f 2516/2934/2754 2537/2983/2800 2429/2935/2755
s 72
f 2529/2955/2774 2537/2966/2784 2466/2908/2732
s 26
f 2510/2925/2801 2509/2924/2802 2548/2984/2803
s 1
f 2342/2679/2531 2540/2970/2788 2428/2793/2627
f 2459/2830/2660 2522/2943/2763 2405/2764/2603
s 80
f 2429/2935/2755 2529/2985/2804 2549/2986/2805
s 34
f 2430/2795/2629 2517/2936/2756 2453/2895/2719
s 88
f 2550/2987/2806 2532/2959/2778 2490/2887/2712
s 1
f 2324/2846/2509 2357/2845/2547 2543/2976/2793
f 2525/2949/2768 2363/2702/2553 2504/2915/2739
f 2493/2891/2715 2384/2734/2578 2522/2943/2763
s 86
f 2546/2981/2798 2518/2939/2759 2515/2938/2758
s 1
f 2439/2809/2639 2551/2988/2807 2491/2888/2713
s 80
f 2537/2983/2800 2529/2985/2804 2429/2935/2755
s 1
f 2381/2730/2575 2552/2989/2808 2315/2638/2495
s 86
f 2514/2930/2751 2538/2967/2785 2508/2931/2752
s 1
f 2521/2942/2762 2457/2828/2658 2527/2951/2770
s 34
f 2549/2990/2809 2430/2795/2629 2429/2794/2628
s 72
f 2470/2858/2683 2530/2973/2790 2553/2991/2810
s 26
f 2509/2924/2802 2517/2992/2811 2548/2984/2803
s 1
f 2475/2866/2691 2551/2988/2807 2439/2809/2639
f 2511/2926/2747 2392/2748/2589 2519/2940/2760
s 88
f 2542/2974/2791 2554/2993/2812 2490/2887/2712
s 1
f 2237/2667/2391 2403/2762/2601 2476/2867/2692
f 2555/2994/2813 2436/2806/2636 2500/2910/2734
f 2265/2560/2429 2111/2296/2197 2556/2995/2814
s 79
f 2478/2929/2750 2557/2996/2815 2462/2836/2665
s 75
f 2478/2869/2694 2558/2997/2816 2557/2998/2817
s 80
f 2559/2999/2818 2530/2957/2776 2435/2956/2775
s 72
f 2510/3000/2819 2560/3001/2820 2506/2978/2795
s 86
f 2520/2968/2786 2561/3002/2821 2542/3003/2822
s 71
f 2441/2811/2641 2422/2812/2642 2528/2952/2771
s 1
f 2562/3004/2823 2415/2775/2613 2440/2810/2640
f 2456/2832/2657 2543/2976/2793 2489/2884/2709
f 2524/2948/2767 2409/2768/2607 2533/2960/2779
f 2445/2816/2646 2563/3005/2824 2468/2856/2681
f 2564/3006/2825 2111/2296/2197 2386/2737/2581
f 2544/2977/2794 2425/2790/2624 2524/2948/2767
s 88
f 2565/3007/2826 2550/2987/2806 2490/2887/2712
s 80
f 2566/3008/2827 2567/3009/2828 2435/2956/2775
s 1
f 2501/2912/2736 2545/2979/2796 2390/2743/2585
s 72
f 2506/2978/2795 2560/3001/2820 2529/2955/2774
s 86
f 2550/3010/2829 2568/3011/2830 2532/2980/2797
s 75
f 2569/3012/2831 2505/2917/2741 2507/2921/2743
s 1
f 2374/2719/2565 2570/3013/2832 2316/2639/2496
f 2424/2923/2622 2489/2884/2709 2543/2976/2793
f 2436/2806/2636 2571/3014/2833 2448/2819/2649
s 104
f 2484/3015/2834 2487/3016/2835 2572/3017/2836
s 75
f 2477/2868/2693 2558/2997/2816 2478/2869/2694
s 1
f 2519/2940/2760 2401/2760/2599 2547/2982/2799
f 2573/3018/2837 2426/2791/2625 2450/2821/2651
f 2574/3019/2838 2500/2910/2734 2452/2823/2653
s 80
f 2567/3009/2828 2559/2999/2818 2435/2956/2775
s 1
f 2352/2691/2542 2539/2969/2787 2526/2950/2769
s 104
f 2487/3016/2835 2503/3020/2839 2572/3017/2836
s 1
f 2393/2751/2590 2464/2842/2671 2236/2750/2390
s 88
f 2554/2993/2812 2575/3021/2840 2490/2887/2712
s 1
f 2521/2942/2762 2576/3022/2841 2402/3023/2600
s 104
f 2496/3024/2842 2484/3015/2834 2572/3017/2836
s 1
f 2427/2792/2626 2577/3025/2843 2455/2826/2656
s 80
f 2529/2985/2804 2560/3026/2844 2549/2986/2805
s 86
f 2568/3011/2830 2546/2981/2798 2532/2980/2797
s 1
f 2578/3027/2845 2204/2449/2332 2362/2701/2552
s 86
f 2538/2967/2785 2561/3002/2821 2520/2968/2786
s 1
f 2428/2793/2627 2579/3028/2846 2346/2685/2536
f 2367/2709/2557 2580/3029/2847 2460/2831/2661
f 2445/2890/2646 2449/2820/2650 2581/3030/2848
s 34
f 2582/3031/2849 2430/2795/2629 2549/2990/2809
s 72
f 2548/3032/2850 2560/3001/2820 2510/3000/2819
s 1
f 2467/2854/2680 2583/3033/2851 2459/2830/2660
s 104
f 2503/3020/2839 2518/3034/2852 2572/3017/2836
s 72
f 2530/2973/2790 2559/3035/2853 2553/2991/2810
s 80
f 2549/2986/2805 2584/3036/2854 2582/3037/2855
s 75
f 2585/3038/2856 2569/3012/2831 2507/2921/2743
s 1
f 2527/2951/2770 2438/2965/2638 2576/3022/2841
f 2468/2856/2681 2586/3039/2857 2504/2915/2739
s 88
f 2587/3040/2858 2565/3007/2826 2490/2887/2712
s 104
f 2514/3041/2859 2496/3024/2842 2572/3017/2836
s 1
f 2331/3042/2517 2431/3043/2630 2458/3044/2659
s 80
f 2560/3026/2844 2584/3036/2854 2549/2986/2805
s 1
f 2382/2732/2576 2460/2831/2661 2588/3045/2860
f 2315/2638/2495 2552/2989/2808 2451/2822/2652
f 2475/3046/2691 2461/3047/2662 2589/3048/2861
f 2527/2951/2770 2576/3022/2841 2521/2942/2762
s 105
f 2412/3049/2862 2417/3050/2863 2590/3051/2864
s 34
f 2566/3052/2865 2435/2800/2634 2494/2894/2718
s 1
f 2533/2960/2779 2415/2775/2613 2562/3004/2823
s 86
f 2542/3003/2822 2591/3053/2866 2554/3054/2867
s 1
f 2574/3019/2838 2452/2823/2653 2544/2977/2794
f 2592/3055/2868 2450/2821/2651 2463/2841/2670
s 88
f 2575/3021/2840 2593/3056/2869 2490/2887/2712
s 1
f 2424/2923/2622 2543/2976/2793 2512/3057/2748
f 2555/2994/2813 2571/3014/2833 2436/2806/2636
s 79
f 2585/3058/2870 2507/2975/2792 2462/2836/2665
s 1
f 2594/3059/2871 2431/2796/2630 2402/2761/2600
s 104
f 2518/3034/2852 2546/3060/2872 2572/3017/2836
s 105
f 2417/3050/2863 2444/3061/2873 2590/3051/2864
s 80
f 2595/3062/2874 2596/3063/2875 2566/3008/2827
s 1
f 2455/2826/2656 2597/3064/2876 2467/2854/2680
f 2382/2732/2576 2588/3045/2860 2497/2899/2723
f 2438/2965/2638 2526/3065/2769 2576/3022/2841
s 72
f 2559/3035/2853 2567/3066/2877 2553/2991/2810
s 86
f 2565/3067/2878 2598/3068/2879 2550/3010/2829
s 1
f 2599/3069/2880 2463/2841/2670 2471/2859/2684
f 2362/2701/2552 2254/2535/2410 2578/3027/2845
s 34
f 2600/3070/2881 2430/2795/2629 2582/3031/2849
s 26
f 2517/2992/2811 2601/3071/2882 2548/2984/2803
s 72
f 2584/3072/2883 2560/3001/2820 2548/3032/2850
s 80
f 2596/3063/2875 2567/3009/2828 2566/3008/2827
s 88
f 2602/3073/2884 2587/3040/2858 2490/2887/2712
s 1
f 2491/2888/2713 2551/2988/2807 2603/3074/2885
f 2583/3033/2851 2522/2943/2763 2459/2830/2660
s 104
f 2538/3075/2886 2514/3041/2859 2572/3017/2836
s 105
f 2433/3076/2887 2412/3049/2862 2590/3051/2864
s 1
f 2346/2685/2536 2579/3028/2846 2465/2843/2672
f 2402/3023/2600 2576/3022/2841 2594/3077/2871
f 2547/2982/2799 2426/2791/2625 2573/3018/2837
s 88
f 2593/3056/2869 2604/3078/2888 2490/2887/2712
s 1
f 2468/2856/2681 2563/3005/2824 2586/3039/2857
f 2605/3079/2889 2440/2810/2640 2479/2870/2695
s 86
f 2598/3068/2879 2568/3011/2830 2550/3010/2829
s 1
f 2589/3080/2861 2551/2988/2807 2475/2866/2691
f 2545/2979/2796 2577/3025/2843 2427/2792/2626
s 86
f 2561/3002/2821 2591/3053/2866 2542/3003/2822
s 1
f 2606/3081/2890 2513/2928/2749 2512/2927/2748
f 2437/2807/2637 2204/2449/2332 2607/3082/2891
f 2387/2740/2582 2464/2842/2671 2536/3083/2783
s 72
f 2548/3032/2850 2601/3084/2892 2584/3072/2883
s 88
f 2608/3085/2893 2602/3073/2884 2490/2887/2712
s 1
f 2609/3086/2894 2357/2696/2547 2348/2687/2538
f 2397/2755/2594 2610/3087/2895 2349/2688/2539
s 104
f 2546/3060/2872 2568/3088/2896 2572/3017/2836
s 90
f 2377/2903/2727 2611/3089/2897 2499/2904/2728
s 26
f 2517/2992/2811 2430/3090/2898 2612/3091/2899
s 88
f 2604/3078/2888 2613/3092/2900 2490/2887/2712
s 1
f 2609/3093/2894 2543/2976/2793 2357/2845/2547
s 90
f 2391/3094/2901 2611/3089/2897 2377/2903/2727
s 88
f 2613/3092/2900 2608/3085/2893 2490/2887/2712
s 80
f 2584/3036/2854 2614/3095/2902 2582/3037/2855
s 1
f 2316/2639/2496 2570/3013/2832 2473/2863/2688
f 2615/3096/2903 2471/2859/2684 2493/2891/2715
s 34
f 2595/3097/2904 2566/3052/2865 2494/2894/2718
s 79
f 2557/2996/2815 2616/3098/2905 2462/2836/2665
s 86
f 2554/3054/2867 2617/3099/2906 2575/3100/2907
s 104
f 2561/3101/2908 2538/3075/2886 2572/3017/2836
s 1
f 2618/3102/2909 2555/2994/2813 2500/2910/2734
f 2448/2819/2649 2619/3103/2910 2501/2912/2736
s 105
f 2444/3061/2873 2505/3104/2911 2590/3051/2864
s 34
f 2620/3105/2912 2430/2795/2629 2600/3070/2881
s 1
f 2581/3030/2848 2563/3106/2824 2445/2890/2646
s 26
f 2601/3071/2882 2517/2992/2811 2612/3091/2899
s 80
f 2582/3037/2855 2621/3107/2913 2600/3108/2914
f 2622/3109/2915 2582/3037/2855 2614/3095/2902
s 86
f 2587/3110/2916 2623/3111/2917 2565/3112/2878
s 58
f 2624/3113/2918 2625/3114/2919 2626/3115/2920
s 1
f 2449/2820/2650 2497/2899/2723 2627/3116/2921
s 80
f 2628/3117/2922 2596/3063/2875 2595/3062/2874
s 1
f 2556/2995/2814 2321/2650/2505 2265/2560/2429
f 2573/3018/2837 2450/2821/2651 2592/3055/2868
s 71
f 2629/3118/2923 2470/2953/2772 2553/3119/2924
s 1
f 2618/3102/2909 2500/2910/2734 2574/3019/2838
f 2630/3120/2925 2479/2870/2695 2511/2926/2747
f 2328/2805/2514 2631/3121/2926 2404/2932/2602
s 72
f 2584/3072/2883 2601/3084/2892 2614/3122/2927
s 104
f 2568/3088/2896 2598/3123/2928 2572/3017/2836
s 90
f 2499/2904/2728 2611/3089/2897 2632/3124/2929
s 1
f 2597/3064/2876 2583/3033/2851 2467/2854/2680
f 2562/3004/2823 2440/2810/2640 2605/3079/2889
f 2577/3025/2843 2597/3064/2876 2455/2826/2656
s 105
f 2477/3125/2930 2433/3076/2887 2590/3051/2864
s 86
f 2623/3126/2917 2598/3068/2879 2565/3067/2878
s 80
f 2622/3109/2915 2621/3107/2913 2582/3037/2855
s 86
f 2591/3053/2866 2617/3099/2906 2554/3054/2867
s 80
f 2600/3108/2914 2621/3107/2913 2633/3127/2931
f 2634/3128/2932 2595/3062/2874 2635/3129/2933
s 1
f 2592/3055/2868 2463/2841/2670 2599/3069/2880
s 104
f 2591/3130/2934 2561/3101/2908 2572/3017/2836
s 1
f 2564/3006/2825 2636/3131/2935 2111/2296/2197
f 2637/3132/2936 2511/2926/2747 2519/2940/2760
f 2638/3133/2937 2432/2797/2631 2525/2949/2768
f 2328/2805/2514 2432/2804/2631 2631/3121/2926
s 72
f 2553/2991/2810 2567/3066/2877 2639/3134/2938
s 34
f 2635/3135/2939 2595/3097/2904 2494/2894/2718
s 86
f 2575/3100/2907 2640/3136/2940 2593/3137/2941
s 80
f 2628/3117/2922 2595/3062/2874 2634/3128/2932
s 72
f 2601/3084/2892 2612/3138/2942 2614/3122/2927
s 1
f 2641/3139/2943 2493/2891/2715 2522/2943/2763
f 2491/2971/2713 2642/3140/2944 2531/2958/2777
f 2571/3014/2833 2619/3103/2910 2448/2819/2649
f 2643/3141/2945 2544/2977/2794 2524/2948/2767
s 72
f 2567/3066/2877 2596/3142/2946 2639/3134/2938
s 1
f 2449/2820/2650 2627/3116/2921 2581/3030/2848
s 75
f 2557/2998/2817 2644/3143/2947 2616/3144/2948
s 86
f 2602/3145/2949 2645/3146/2950 2587/3110/2916
s 1
f 2349/2688/2539 2610/3087/2895 2539/2969/2787
f 2603/3147/2885 2642/3140/2944 2491/2971/2713
f 2599/3069/2880 2471/2859/2684 2615/3096/2903
s 104
f 2598/3123/2928 2623/3148/2951 2572/3017/2836
s 1
f 2531/2958/2777 2646/3149/2952 2454/2825/2655
f 2576/3022/2841 2526/3065/2769 2647/3150/2953
s 90
f 2441/3151/2954 2611/3089/2897 2391/3094/2901
s 58
f 2648/3152/2955 2625/3114/2919 2649/3153/2956
s 1
f 2650/3154/2957 2524/2948/2767 2533/2960/2779
f 2512/3057/2748 2543/2976/2793 2651/3155/2958
s 75
f 2652/3156/2959 2569/3012/2831 2585/3038/2856
s 26
f 2494/3157/2960 2419/3158/2961 2653/3159/2962
f 2654/3160/2963 2612/3091/2899 2430/3090/2898
s 79
f 2655/3161/2964 2585/3058/2870 2462/2836/2665
s 104
f 2617/3162/2965 2591/3130/2934 2572/3017/2836
s 26
f 2620/3163/2966 2654/3160/2963 2430/3090/2898
s 1
f 2386/3164/2581 2458/3044/2659 2564/3165/2825
s 34
f 2656/3166/2967 2635/3135/2939 2494/2894/2718
s 71
f 2528/2952/2771 2470/2953/2772 2629/3118/2923
s 75
f 2558/2997/2816 2644/3143/2947 2557/2998/2817
s 1
f 2465/2843/2672 2657/3167/2968 2381/2730/2575
f 2594/3077/2871 2576/3022/2841 2647/3150/2953
f 2454/2825/2655 2646/3149/2952 2540/2970/2788
s 86
f 2593/3137/2941 2658/3168/2969 2604/3169/2970
s 34
f 2600/3070/2881 2633/3170/2971 2659/3171/2972
s 86
f 2645/3146/2950 2623/3111/2917 2587/3110/2916
s 80
f 2621/3107/2913 2660/3172/2973 2633/3127/2931
s 72
f 2596/3142/2946 2628/3173/2974 2639/3134/2938
s 1
f 2661/3174/2975 2574/3019/2838 2544/2977/2794
s 86
f 2617/3099/2906 2640/3136/2940 2575/3100/2907
s 34
f 2662/3175/2976 2620/3105/2912 2600/3070/2881
s 80
f 2663/3176/2977 2635/3129/2933 2656/3177/2978
s 105
f 2505/3104/2911 2569/3178/2979 2590/3051/2864
s 1
f 2501/2912/2736 2664/3179/2980 2545/2979/2796
f 2437/3180/2637 2607/3181/2891 2348/3182/2538
s 80
f 2633/3183/2931 2665/3184/2981 2666/3185/2982
s 86
f 2608/3186/2983 2667/3187/2984 2602/3145/2949
s 1
f 2605/3079/2889 2479/2870/2695 2630/3120/2925
s 26
f 2653/3159/2962 2419/3158/2961 2668/3188/2985
s 1
f 2669/3189/2986 2519/2940/2760 2547/2982/2799
f 2451/2822/2652 2670/3190/2987 2374/2719/2565
f 2671/3191/2988 2603/3074/2885 2551/2988/2807
s 72
f 2614/3122/2927 2654/3192/2989 2622/3193/2990
s 104
f 2623/3148/2951 2645/3194/2991 2572/3017/2836
s 90
f 2625/3195/2992 2632/3124/2929 2611/3089/2897
s 1
f 2526/3065/2769 2539/3196/2787 2647/3150/2953
s 80
f 2663/3176/2977 2634/3128/2932 2635/3129/2933
s 1
f 2583/3033/2851 2641/3139/2943 2522/2943/2763
s 72
f 2612/3138/2942 2654/3192/2989 2614/3122/2927
s 86
f 2604/3169/2970 2672/3197/2993 2613/3198/2994
s 80
f 2660/3199/2973 2665/3184/2981 2633/3183/2931
s 1
f 2651/3155/2958 2543/2976/2793 2609/3093/2894
s 86
f 2613/3198/2994 2673/3200/2995 2608/3186/2983
s 104
f 2640/3201/2996 2617/3162/2965 2572/3017/2836
s 1
f 2615/3096/2903 2493/2891/2715 2641/3139/2943
f 2594/3077/2871 2674/3202/2997 2431/3043/2630
s 75
f 2655/3203/2998 2652/3156/2959 2585/3038/2856
s 72
f 2622/3193/2990 2654/3192/2989 2621/3204/2999
s 1
f 2630/3120/2925 2511/2926/2747 2637/3132/2936
s 72
f 2634/3205/3000 2639/3134/2938 2628/3173/2974
s 1
f 2504/2915/2739 2586/3039/2857 2675/3206/3001
f 2512/3057/2748 2651/3155/2958 2606/3207/2890
s 80
f 2676/3208/3002 2677/3209/3003 2656/3177/2978
s 1
f 2458/3044/2659 2431/3043/2630 2674/3202/2997
s 34
f 2633/3170/2971 2666/3210/3004 2659/3171/2972
s 1
f 2678/3211/3005 2555/2994/2813 2618/3102/2909
s 79
f 2616/3098/2905 2679/3212/3006 2462/2836/2665
s 1
f 2504/3213/2739 2675/3214/3001 2525/3215/2768
f 2589/3080/2861 2680/3216/3007 2551/2988/2807
s 86
f 2667/3187/2984 2645/3146/2950 2602/3145/2949
s 104
f 2645/3194/2991 2667/3217/3008 2572/3017/2836
s 86
f 2640/3136/2940 2658/3168/2969 2593/3137/2941
s 105
f 2558/3218/3009 2477/3125/2930 2590/3051/2864
s 1
f 2681/3219/3010 2533/2960/2779 2562/3004/2823
s 80
f 2677/3209/3003 2663/3176/2977 2656/3177/2978
s 104
f 2658/3220/3011 2640/3201/2996 2572/3017/2836
s 1
f 2643/3141/2945 2524/2948/2767 2650/3154/2957
f 2661/3174/2975 2544/2977/2794 2643/3141/2945
f 2636/3131/2935 2682/3221/3012 2111/2296/2197
f 2619/3103/2910 2664/3179/2980 2501/2912/2736
s 104
f 2667/3217/3008 2673/3222/3013 2572/3017/2836
s 1
f 2381/2730/2575 2657/3167/2968 2552/2989/2808
f 2556/2995/2814 2111/2296/2197 2682/3221/3012
s 80
f 2666/3185/2982 2683/3223/3014 2684/3224/3015
s 34
f 2659/3171/2972 2662/3175/2976 2600/3070/2881
s 1
f 2555/2994/2813 2685/3225/3016 2571/3014/2833
f 2540/2970/2788 2686/3226/3017 2428/2793/2627
f 2473/2863/2688 2687/3227/3018 2397/2755/2594
s 104
f 2672/3228/3019 2658/3220/3011 2572/3017/2836
s 80
f 2665/3184/2981 2688/3229/3020 2666/3185/2982
s 72
f 2639/3134/2938 2634/3205/3000 2668/3230/3021
s 1
f 2637/3132/2936 2519/2940/2760 2669/3189/2986
s 86
f 2673/3200/2995 2667/3187/2984 2608/3186/2983
f 2658/3168/2969 2672/3197/2993 2604/3169/2970
s 1
f 2689/3231/3022 2618/3102/2909 2574/3019/2838
s 104
f 2673/3222/3013 2672/3228/3019 2572/3017/2836
s 1
f 2690/3232/3023 2547/2982/2799 2573/3018/2837
s 26
f 2654/3233/2963 2620/3234/2966 2691/3235/3024
s 34
f 2656/3166/2967 2692/3236/3025 2676/3237/3026
s 72
f 2634/3205/3000 2663/3238/3027 2653/3239/3028
s 1
f 2545/2979/2796 2693/3240/3029 2577/3025/2843
s 86
f 2672/3197/2993 2673/3200/2995 2613/3198/2994
s 34
f 2692/3236/3025 2656/3166/2967 2494/2894/2718
s 26
f 2620/3234/2966 2662/3241/3030 2691/3235/3024
s 80
f 2688/3229/3020 2683/3223/3014 2666/3185/2982
s 72
f 2668/3230/3021 2634/3205/3000 2653/3239/3028
s 1
f 2694/3242/3031 2586/3039/2857 2563/3005/2824
s 80
f 2695/3243/3032 2696/3244/3033 2676/3208/3002
s 1
f 2348/3182/2538 2697/3245/3034 2609/3093/2894
s 72
f 2654/3192/2989 2691/3246/3035 2621/3204/2999
s 80
f 2698/3247/3036 2677/3209/3003 2676/3208/3002
s 1
f 2699/3248/3037 2580/3029/2847 2700/3249/3038
f 2671/3191/2988 2551/2988/2807 2701/3250/3039
s 90
f 2528/3251/3040 2611/3089/2897 2441/3151/2954
s 1
f 2597/3064/2876 2702/3252/3041 2583/3033/2851
f 2460/2831/2661 2703/3253/3042 2588/3045/2860
f 2704/3254/3043 2607/3082/2891 2204/2449/2332
f 2374/2719/2565 2670/3190/2987 2570/3013/2832
f 2647/3150/2953 2674/3202/2997 2594/3077/2871
s 34
f 2666/3210/3004 2684/3255/3044 2705/3256/3045
s 1
f 2580/3029/2847 2699/3248/3037 2706/3257/3046
s 90
f 2707/3258/3047 2625/3195/2992 2611/3089/2897
s 1
f 2708/3259/3048 2403/2762/2601 2404/2932/2602
f 2650/3154/2957 2533/2960/2779 2681/3219/3010
f 2704/3254/3043 2204/2449/2332 2578/3027/2845
s 72
f 2621/3204/2999 2709/3260/3049 2660/3261/3050
s 1
f 2689/3231/3022 2574/3019/2838 2661/3174/2975
s 80
f 2684/3224/3015 2710/3262/3051 2711/3263/3052
s 1
f 2712/3264/3053 2563/3106/2824 2581/3030/2848
f 2536/3083/2783 2713/3265/3054 2461/3047/2662
f 2714/3266/3055 2573/3018/2837 2592/3055/2868
s 80
f 2696/3244/3033 2698/3247/3036 2676/3208/3002
s 1
f 2678/3211/3005 2685/3225/3016 2555/2994/2813
f 2428/2793/2627 2686/3226/3017 2579/3028/2846
f 2701/3250/3039 2551/2988/2807 2680/3216/3007
f 2497/2899/2723 2588/3045/2860 2715/3267/3056
f 2577/3025/2843 2716/3268/3057 2597/3064/2876
s 105
f 2569/3178/2979 2652/3269/3058 2590/3051/2864
s 80
f 2717/3270/3059 2718/3271/3060 2695/3243/3032
s 1
f 2719/3272/3061 2603/3074/2885 2671/3191/2988
s 80
f 2683/3223/3014 2720/3273/3062 2684/3224/3015
s 1
f 2564/3165/2825 2458/3044/2659 2674/3202/2997
s 79
f 2721/3274/3063 2655/3161/2964 2462/2836/2665
s 80
f 2711/3263/3052 2722/3275/3064 2723/3276/3065
s 1
f 2724/3277/3066 2592/3055/2868 2599/3069/2880
s 72
f 2725/3278/3067 2665/3279/3068 2660/3261/3050
s 80
f 2722/3275/3064 2717/3270/3059 2723/3276/3065
s 1
f 2702/3252/3041 2641/3139/2943 2583/3033/2851
f 2647/3150/2953 2539/3196/2787 2674/3202/2997
s 34
f 2676/3237/3026 2726/3280/3069 2695/3281/3070
s 90
f 2727/3282/3071 2707/3258/3047 2611/3089/2897
s 72
f 2691/3246/3035 2709/3260/3049 2621/3204/2999
s 1
f 2728/3283/3072 2254/2535/2410 2476/2867/2692
s 58
f 2729/3284/3073 2730/3285/3074 2731/3286/3075
s 80
f 2720/3273/3062 2710/3262/3051 2684/3224/3015
s 1
f 2669/3189/2986 2547/2982/2799 2690/3232/3023
f 2732/3287/3076 2562/3004/2823 2605/3079/2889
s 72
f 2677/3288/3077 2733/3289/3078 2663/3238/3027
s 1
f 2397/2755/2594 2687/3227/3018 2610/3087/2895
s 34
f 2659/3171/2972 2666/3210/3004 2705/3256/3045
s 1
f 2497/2899/2723 2715/3267/3056 2627/3116/2921
s 80
f 2734/3290/3079 2696/3244/3033 2695/3243/3032
s 26
f 2494/3157/2960 2653/3159/2962 2733/3291/3080
s 1
f 2664/3179/2980 2693/3240/3029 2545/2979/2796
f 2609/3093/2894 2697/3245/3034 2651/3155/2958
s 34
f 2684/3255/3044 2711/3292/3081 2735/3293/3082
s 1
f 2736/3294/3083 2586/3039/2857 2694/3242/3031
s 80
f 2718/3271/3060 2734/3290/3079 2695/3243/3032
s 72
f 2663/3238/3027 2733/3289/3078 2653/3239/3028
s 34
f 2695/3281/3070 2726/3280/3069 2717/3295/3084
s 80
f 2710/3262/3051 2737/3296/3085 2711/3263/3052
s 71
f 2738/3297/3086 2553/3119/2924 2639/3298/3087
s 34
f 2711/3292/3081 2723/3299/3088 2735/3293/3082
s 1
f 2589/3048/2861 2461/3047/2662 2713/3265/3054
f 2739/3300/3089 2599/3069/2880 2615/3096/2903
s 34
f 2723/3299/3088 2717/3295/3084 2740/3301/3090
s 1
f 2348/3182/2538 2607/3181/2891 2697/3245/3034
s 80
f 2737/3296/3085 2722/3275/3064 2711/3263/3052
s 58
f 2731/3302/3075 2730/3303/3074 2741/3304/3091
s 80
f 2742/3305/3092 2718/3271/3060 2717/3270/3059
s 90
f 2730/3306/3093 2727/3282/3071 2611/3089/2897
s 80
f 2742/3305/3092 2717/3270/3059 2722/3275/3064
s 26
f 2692/3307/3094 2494/3157/2960 2733/3291/3080
s 105
f 2644/3308/3095 2558/3218/3009 2590/3051/2864
s 1
f 2743/3309/3096 2678/3211/3005 2618/3102/2909
s 26
f 2662/3241/3030 2709/3310/3097 2691/3235/3024
s 79
f 2679/3212/3006 2744/3311/3098 2462/2836/2665
s 1
f 2571/3014/2833 2745/3312/3099 2619/3103/2910
s 75
f 2616/3144/2948 2746/3313/3100 2679/3314/3101
s 1
f 2606/3207/2890 2651/3155/2958 2697/3245/3034
f 2747/3315/3102 2680/3216/3007 2589/3080/2861
s 72
f 2709/3260/3049 2725/3278/3067 2660/3261/3050
f 2665/3279/3068 2748/3316/3103 2688/3317/3104
s 34
f 2692/3236/3025 2726/3280/3069 2676/3237/3026
s 75
f 2749/3318/3105 2652/3156/2959 2655/3203/2998
s 1
f 2750/3319/3106 2605/3079/2889 2630/3120/2925
f 2690/3232/3023 2573/3018/2837 2714/3266/3055
s 26
f 2725/3320/3107 2662/3241/3030 2659/3321/3108
s 1
f 2743/3309/3096 2618/3102/2909 2689/3231/3022
f 2536/3083/2783 2464/2842/2671 2751/3322/3109
f 2638/3323/2937 2631/3121/2926 2432/2804/2631
s 72
f 2677/3288/3077 2698/3324/3110 2752/3325/3111
s 75
f 2644/3143/2947 2746/3313/3100 2616/3144/2948
s 1
f 2681/3219/3010 2562/3004/2823 2732/3287/3076
s 90
f 2753/3326/3112 2730/3306/3093 2611/3089/2897
s 1
f 2716/3268/3057 2702/3252/3041 2597/3064/2876
f 2393/2751/2590 2321/2650/2505 2754/3327/3113
f 2578/3027/2845 2254/2535/2410 2755/3328/3114
f 2693/3240/3029 2716/3268/3057 2577/3025/2843
f 2712/3264/3053 2694/3329/3031 2563/3106/2824
s 34
f 2705/3256/3045 2684/3255/3044 2735/3293/3082
s 72
f 2748/3316/3103 2683/3330/3115 2688/3317/3104
s 1
f 2603/3147/2885 2756/3331/3116 2642/3140/2944
f 2757/3332/3117 2586/3039/2857 2736/3294/3083
f 2714/3266/3055 2592/3055/2868 2724/3277/3066
f 2581/3030/2848 2627/3116/2921 2758/3333/3118
s 26
f 2709/3310/3097 2662/3241/3030 2725/3320/3107
s 1
f 2759/3334/3119 2630/3120/2925 2637/3132/2936
s 72
f 2760/3335/3120 2698/3324/3110 2696/3336/3121
s 1
f 2719/3337/3061 2756/3331/3116 2603/3147/2885
f 2552/2989/2808 2761/3338/3122 2451/2822/2652
s 90
f 2762/3339/3123 2753/3326/3112 2611/3089/2897
s 71
f 2629/3118/2923 2553/3119/2924 2738/3297/3086
s 72
f 2683/3330/3115 2748/3316/3103 2720/3340/3124
s 1
f 2610/3341/2895 2763/3342/3125 2539/3196/2787
f 2642/3140/2944 2764/3343/3126 2531/2958/2777
f 2765/3344/3127 2615/3096/2903 2641/3139/2943
f 2685/3225/3016 2745/3312/3099 2571/3014/2833
f 2766/3345/3128 2661/3174/2975 2643/3141/2945
f 2579/3028/2846 2767/3346/3129 2465/2843/2672
s 72
f 2733/3289/3078 2677/3288/3077 2752/3325/3111
f 2725/3278/3067 2748/3316/3103 2665/3279/3068
s 90
f 2629/3347/3130 2611/3089/2897 2528/3251/3040
s 1
f 2724/3277/3066 2599/3069/2880 2739/3300/3089
s 34
f 2740/3301/3090 2735/3293/3082 2723/3299/3088
s 75
f 2721/3348/3131 2749/3318/3105 2655/3203/2998
s 1
f 2539/3196/2787 2763/3342/3125 2674/3202/2997
s 34
f 2740/3301/3090 2717/3295/3084 2726/3280/3069
s 72
f 2710/3349/3132 2720/3340/3124 2768/3350/3133
s 71
f 2639/3298/3087 2668/3351/3134 2738/3297/3086
s 1
f 2769/3352/3135 2643/3141/2945 2650/3154/2957
f 2606/3207/2890 2697/3245/3034 2770/3353/3136
f 2531/2958/2777 2764/3343/3126 2646/3149/2952
f 2564/3165/2825 2674/3202/2997 2771/3354/3137
s 72
f 2696/3336/3121 2734/3355/3138 2772/3356/3139
s 79
f 2773/3357/3140 2721/3274/3063 2462/2836/2665
s 1
f 2570/3013/2832 2774/3358/3141 2473/2863/2688
s 105
f 2652/3269/3058 2749/3359/3142 2590/3051/2864
s 1
f 2758/3333/3118 2712/3264/3053 2581/3030/2848
s 26
f 2705/3360/3143 2748/3361/3144 2659/3321/3108
s 72
f 2772/3356/3139 2734/3355/3138 2718/3362/3145
s 26
f 2748/3361/3144 2725/3320/3107 2659/3321/3108
s 1
f 2775/3363/3146 2689/3231/3022 2661/3174/2975
f 2771/3364/3137 2636/3131/2935 2564/3006/2825
f 2776/3365/3147 2675/3206/3001 2586/3039/2857
s 90
f 2777/3366/3148 2762/3339/3123 2611/3089/2897
s 1
f 2701/3250/3039 2778/3367/3149 2671/3191/2988
f 2619/3103/2910 2779/3368/3150 2664/3179/2980
s 72
f 2710/3349/3132 2780/3369/3151 2737/3370/3152
s 1
f 2732/3287/3076 2605/3079/2889 2750/3319/3106
s 72
f 2772/3356/3139 2718/3362/3145 2742/3371/3153
s 1
f 2671/3191/2988 2778/3367/3149 2719/3272/3061
f 2781/3372/3154 2637/3132/2936 2669/3189/2986
s 72
f 2722/3373/3155 2772/3356/3139 2742/3371/3153
s 1
f 2404/2932/2602 2631/3121/2926 2708/3259/3048
s 26
f 2752/3374/3156 2692/3307/3094 2733/3291/3080
s 71
f 2738/3297/3086 2668/3351/3134 2782/3375/3157
s 1
f 2702/3252/3041 2765/3344/3127 2641/3139/2943
s 72
f 2752/3325/3111 2698/3324/3110 2760/3335/3120
f 2737/3370/3152 2783/3376/3158 2722/3373/3155
s 1
f 2784/3377/3159 2321/2650/2505 2556/2995/2814
f 2739/3300/3089 2615/3096/2903 2765/3344/3127
s 79
f 2744/3311/3098 2785/3378/3160 2462/2836/2665
s 1
f 2750/3319/3106 2630/3120/2925 2759/3334/3119
f 2476/2867/2692 2403/2762/2601 2728/3283/3072
s 72
f 2748/3316/3103 2768/3350/3133 2720/3340/3124
s 1
f 2465/2843/2672 2767/3346/3129 2657/3167/2968
f 2786/3379/3161 2678/3211/3005 2743/3309/3096
s 72
f 2760/3335/3120 2696/3336/3121 2772/3356/3139
s 1
f 2451/2822/2652 2761/3338/3122 2670/3190/2987
s 26
f 2752/3374/3156 2760/3380/3162 2692/3307/3094
s 105
f 2746/3381/3163 2644/3308/3095 2590/3051/2864
s 1
f 2787/3382/3164 2650/3154/2957 2681/3219/3010
f 2701/3383/3039 2680/3384/3007 2788/3385/3165
f 2646/3149/2952 2789/3386/3166 2540/2970/2788
s 72
f 2780/3369/3151 2710/3349/3132 2768/3350/3133
s 26
f 2768/3387/3167 2748/3361/3144 2705/3360/3143
s 1
f 2766/3345/3128 2643/3141/2945 2769/3352/3135
s 26
f 2705/3360/3143 2735/3388/3168 2780/3389/3169
f 2692/3307/3094 2760/3380/3162 2772/3390/3170
s 1
f 2473/2863/2688 2774/3358/3141 2687/3227/3018
s 26
f 2726/3391/3171 2692/3307/3094 2790/3392/3172
s 1
f 2775/3363/3146 2661/3174/2975 2766/3345/3128
s 90
f 2777/3366/3148 2611/3089/2897 2791/3393/3173
s 1
f 2745/3312/3099 2779/3368/3150 2619/3103/2910
f 2678/3211/3005 2792/3394/3174 2685/3225/3016
f 2759/3334/3119 2637/3132/2936 2781/3372/3154
f 2776/3365/3147 2586/3039/2857 2757/3332/3117
f 2771/3354/3137 2674/3202/2997 2763/3342/3125
f 2793/3395/3175 2669/3189/2986 2690/3232/3023
f 2794/3396/3176 2743/3309/3096 2689/3231/3022
f 2754/3327/3113 2464/2842/2671 2393/2751/2590
f 2751/3322/3109 2713/3265/3054 2536/3083/2783
s 26
f 2768/3387/3167 2705/3360/3143 2780/3389/3169
s 72
f 2790/3397/3177 2772/3356/3139 2722/3373/3155
s 1
f 2589/3048/2861 2713/3265/3054 2747/3398/3102
f 2664/3179/2980 2795/3399/3178 2693/3240/3029
f 2796/3400/3179 2697/3245/3034 2607/3181/2891
s 72
f 2780/3369/3151 2797/3401/3180 2737/3370/3152
s 26
f 2735/3388/3168 2740/3402/3181 2797/3403/3182
f 2790/3392/3172 2692/3307/3094 2772/3390/3170
f 2726/3404/3171 2783/3405/3183 2740/3402/3181
s 72
f 2797/3401/3180 2783/3376/3158 2737/3370/3152
s 79
f 2798/3406/3184 2773/3357/3140 2462/2836/2665
s 1
f 2716/3268/3057 2799/3407/3185 2702/3252/3041
s 72
f 2783/3376/3158 2790/3397/3177 2722/3373/3155
s 1
f 2588/3045/2860 2703/3253/3042 2800/3408/3186
f 2694/3242/3031 2801/3409/3187 2736/3294/3083
f 2540/2970/2788 2789/3386/3166 2686/3226/3017
f 2588/3045/2860 2800/3408/3186 2715/3267/3056
f 2769/3352/3135 2650/3154/2957 2787/3382/3164
f 2794/3396/3176 2689/3231/3022 2775/3363/3146
f 2802/3410/3188 2690/3232/3023 2714/3266/3055
f 2788/3411/3165 2778/3367/3149 2701/3250/3039
f 2719/3272/3061 2778/3367/3149 2803/3412/3189
s 90
f 2804/3413/3190 2791/3393/3173 2611/3089/2897
s 75
f 2679/3314/3101 2805/3414/3191 2744/3415/3192
s 1
f 2786/3379/3161 2792/3394/3174 2678/3211/3005
f 2806/3416/3193 2755/3328/3114 2254/2535/2410
s 26
f 2797/3403/3182 2780/3389/3169 2735/3388/3168
s 1
f 2770/3353/3136 2697/3245/3034 2807/3417/3194
f 2693/3240/3029 2808/3418/3195 2716/3268/3057
s 79
f 2785/3378/3160 2809/3419/3196 2462/2836/2665
s 90
f 2738/3420/3197 2611/3089/2897 2629/3347/3130
s 26
f 2797/3403/3182 2740/3402/3181 2783/3405/3183
s 1
f 2796/3421/3179 2607/3082/2891 2704/3254/3043
s 26
f 2783/3422/3183 2726/3391/3171 2790/3392/3172
s 1
f 2810/3423/3198 2714/3266/3055 2724/3277/3066
f 2811/3424/3199 2610/3341/2895 2687/3425/3018
f 2763/3342/3125 2610/3341/2895 2811/3424/3199
s 75
f 2812/3426/3200 2749/3318/3105 2721/3348/3131
s 105
f 2749/3359/3142 2812/3427/3201 2590/3051/2864
s 1
f 2799/3407/3185 2765/3344/3127 2702/3252/3041
f 2736/3294/3083 2813/3428/3202 2757/3332/3117
f 2814/3429/3203 2694/3329/3031 2712/3264/3053
f 2781/3372/3154 2669/3189/2986 2793/3395/3175
s 75
f 2746/3313/3100 2805/3414/3191 2679/3314/3101
s 1
f 2815/3430/3204 2681/3219/3010 2732/3287/3076
f 2627/3116/2921 2715/3267/3056 2816/3431/3205
f 2771/3354/3137 2811/3424/3199 2636/3432/2935
f 2779/3368/3150 2795/3399/3178 2664/3179/2980
f 2806/3416/3193 2254/2535/2410 2728/3283/3072
s 79
f 2817/3433/3206 2798/3406/3184 2462/2836/2665
s 136
f 2818/3434/3207 2791/3435/3208 2819/3436/3209
s 1
f 2820/3437/3210 2724/3277/3066 2739/3300/3089
f 2627/3116/2921 2816/3431/3205 2758/3333/3118
s 75
f 2773/3438/3211 2812/3439/3200 2721/3440/3131
s 90
f 2821/3441/3212 2804/3413/3190 2611/3089/2897
s 1
f 2807/3417/3194 2697/3245/3034 2796/3400/3179
f 2736/3294/3083 2801/3409/3187 2813/3428/3202
f 2763/3342/3125 2811/3424/3199 2771/3354/3137
f 2685/3225/3016 2822/3442/3213 2745/3312/3099
f 2823/3443/3214 2786/3379/3161 2743/3309/3096
s 79
f 2809/3419/3196 2824/3444/3215 2462/2836/2665
s 105
f 2805/3445/3216 2746/3381/3163 2590/3051/2864
s 1
f 2657/3167/2968 2825/3446/3217 2552/2989/2808
s 71
f 2826/3447/3218 2738/3297/3086 2782/3375/3157
s 1
f 2578/3448/2845 2755/3449/3114 2704/3450/3043
f 2670/3190/2987 2827/3451/3219 2570/3013/2832
f 2828/3452/3220 2682/3221/3012 2636/3131/2935
f 2770/3353/3136 2807/3417/3194 2829/3453/3221
f 2525/3215/2768 2830/3454/3222 2638/3323/2937
s 79
f 2824/3444/3215 2817/3433/3206 2462/2836/2665
s 1
f 2831/3455/3223 2732/3287/3076 2750/3319/3106
f 2793/3395/3175 2690/3232/3023 2802/3410/3188
f 2823/3443/3214 2743/3309/3096 2794/3396/3176
f 2808/3418/3195 2799/3407/3185 2716/3268/3057
f 2787/3382/3164 2681/3219/3010 2815/3430/3204
f 2719/3337/3061 2832/3456/3224 2756/3331/3116
f 2795/3399/3178 2808/3418/3195 2693/3240/3029
f 2784/3377/3159 2833/3457/3225 2321/2650/2505
f 2686/3226/3017 2834/3458/3226 2579/3028/2846
f 2803/3459/3189 2832/3456/3224 2719/3337/3061
f 2802/3410/3188 2714/3266/3055 2810/3423/3198
f 2756/3331/3116 2835/3460/3227 2642/3140/2944
f 2836/3461/3228 2750/3319/3106 2759/3334/3119
s 90
f 2837/3462/3229 2821/3441/3212 2611/3089/2897
s 1
f 2636/3432/2935 2811/3424/3199 2828/3463/3220
f 2525/3215/2768 2675/3214/3001 2830/3454/3222
f 2754/3327/3113 2321/2650/2505 2833/3457/3225
f 2838/3464/3230 2829/3465/3221 2839/3466/3231
f 2840/3467/3232 2739/3300/3089 2765/3344/3127
f 2814/3429/3203 2801/3468/3187 2694/3329/3031
f 2792/3394/3174 2822/3442/3213 2685/3225/3016
f 2556/3469/2814 2682/3470/3012 2784/3471/3159
s 136
f 2841/3472/3233 2804/3473/3234 2842/3474/3235
s 1
f 2843/3475/3236 2775/3363/3146 2766/3345/3128
s 90
f 2738/3420/3197 2826/3476/3237 2611/3089/2897
s 1
f 2810/3423/3198 2724/3277/3066 2820/3437/3210
f 2642/3140/2944 2835/3460/3227 2764/3343/3126
f 2844/3477/3238 2712/3264/3053 2758/3333/3118
f 2845/3478/3239 2766/3345/3128 2769/3352/3135
f 2570/3013/2832 2827/3451/3219 2774/3358/3141
f 2846/3479/3240 2803/3412/3189 2778/3367/3149
f 2847/3480/3241 2675/3206/3001 2776/3365/3147
s 105
f 2812/3427/3201 2848/3481/3242 2590/3051/2864
s 1
f 2552/2989/2808 2825/3446/3217 2761/3338/3122
s 90
f 2849/3482/3243 2837/3462/3229 2611/3089/2897
s 1
f 2745/3312/3099 2850/3483/3244 2779/3368/3150
f 2851/3484/3245 2794/3396/3176 2775/3363/3146
f 2788/3411/3165 2852/3485/3246 2778/3367/3149
f 2853/3486/3247 2759/3334/3119 2781/3372/3154
f 2815/3430/3204 2732/3287/3076 2831/3455/3223
f 2579/3028/2846 2834/3458/3226 2767/3346/3129
f 2799/3407/3185 2840/3467/3232 2765/3344/3127
s 75
f 2744/3415/3192 2854/3487/3248 2785/3488/3249
s 1
f 2844/3477/3238 2814/3429/3203 2712/3264/3053
s 90
f 2826/3476/3237 2855/3489/3250 2611/3089/2897
s 1
f 2820/3437/3210 2739/3300/3089 2840/3467/3232
f 2831/3455/3223 2750/3319/3106 2836/3461/3228
f 2704/3450/3043 2856/3490/3251 2796/3400/3179
s 105
f 2854/3491/3252 2805/3445/3216 2590/3051/2864
s 1
f 2839/3466/3231 2829/3465/3221 2857/3492/3253
f 2811/3424/3199 2687/3425/3018 2858/3493/3254
f 2859/3494/3255 2786/3379/3161 2823/3443/3214
f 2764/3343/3126 2860/3495/3256 2646/3149/2952
f 2858/3493/3254 2687/3425/3018 2774/3496/3141
f 2747/3398/3102 2861/3497/3257 2680/3384/3007
s 90
f 2862/3498/3258 2849/3482/3243 2611/3089/2897
s 1
f 2796/3400/3179 2856/3490/3251 2807/3417/3194
s 75
f 2848/3499/3259 2812/3439/3200 2773/3438/3211
s 1
f 2863/3500/3260 2769/3352/3135 2787/3382/3164
s 75
f 2805/3414/3191 2854/3487/3248 2744/3415/3192
s 1
f 2843/3475/3236 2766/3345/3128 2845/3478/3239
f 2822/3442/3213 2850/3483/3244 2745/3312/3099
s 75
f 2798/3501/3261 2848/3499/3259 2773/3438/3211
s 1
f 2851/3484/3245 2775/3363/3146 2843/3475/3236
f 2786/3379/3161 2864/3502/3262 2792/3394/3174
f 2836/3461/3228 2759/3334/3119 2853/3486/3247
f 2865/3503/3263 2781/3372/3154 2793/3395/3175
f 2829/3453/3221 2807/3417/3194 2856/3490/3251
s 90
f 2855/3489/3250 2866/3504/3264 2611/3089/2897
f 2867/3505/3265 2862/3498/3258 2611/3089/2897
s 1
f 2704/3450/3043 2755/3449/3114 2856/3490/3251
f 2868/3506/3266 2823/3443/3214 2794/3396/3176
f 2779/3368/3150 2869/3507/3267 2795/3399/3178
f 2757/3332/3117 2813/3428/3202 2870/3508/3268
f 2646/3149/2952 2860/3495/3256 2789/3386/3166
f 2871/3509/3269 2631/3121/2926 2638/3323/2937
f 2808/3418/3195 2872/3510/3270 2799/3407/3185
f 2751/3322/3109 2464/2842/2671 2873/3511/3271
f 2874/3512/3272 2803/3412/3189 2846/3479/3240
s 105
f 2848/3481/3242 2875/3513/3273 2590/3051/2864
s 1
f 2876/3514/3274 2403/2762/2601 2708/3259/3048
f 2828/3463/3220 2811/3424/3199 2858/3493/3254
f 2788/3385/3165 2680/3384/3007 2861/3497/3257
s 90
f 2877/3515/3275 2611/3089/2897 2866/3504/3264
s 1
f 2757/3516/3117 2870/3517/3268 2776/3518/3147
f 2715/3267/3056 2800/3408/3186 2878/3519/3276
f 2879/3520/3277 2793/3395/3175 2802/3410/3188
f 2845/3478/3239 2769/3352/3135 2863/3500/3260
s 90
f 2867/3505/3265 2611/3089/2897 2880/3521/3278
s 1
f 2846/3479/3240 2778/3367/3149 2881/3522/3279
f 2747/3398/3102 2713/3265/3054 2882/3523/3280
f 2868/3506/3266 2794/3396/3176 2851/3484/3245
s 136
f 2883/3524/3281 2837/3525/3282 2884/3526/3283
s 1
f 2859/3494/3255 2864/3502/3262 2786/3379/3161
s 90
f 2877/3515/3275 2885/3527/3284 2611/3089/2897
s 1
f 2795/3399/3178 2886/3528/3285 2808/3418/3195
f 2715/3267/3056 2878/3519/3276 2816/3431/3205
f 2887/3529/3286 2852/3485/3246 2788/3411/3165
f 2888/3530/3287 2813/3428/3202 2801/3409/3187
f 2828/3463/3220 2889/3531/3288 2682/3470/3012
s 105
f 2890/3532/3289 2854/3491/3252 2590/3051/2864
s 1
f 2891/3533/3290 2802/3410/3188 2810/3423/3198
f 2872/3510/3270 2840/3467/3232 2799/3407/3185
f 2728/3283/3072 2403/2762/2601 2892/3534/3291
f 2761/3338/3122 2893/3535/3292 2670/3190/2987
s 90
f 2894/3536/3293 2880/3521/3278 2611/3089/2897
s 1
f 2853/3486/3247 2781/3372/3154 2865/3503/3263
f 2895/3537/3294 2787/3382/3164 2815/3430/3204
f 2850/3483/3244 2869/3507/3267 2779/3368/3150
s 90
f 2885/3527/3284 2896/3538/3295 2611/3089/2897
s 1
f 2767/3346/3129 2897/3539/3296 2657/3167/2968
s 75
f 2785/3488/3249 2890/3540/3297 2809/3541/3298
s 90
f 2894/3536/3293 2611/3089/2897 2898/3542/3299
s 1
f 2852/3485/3246 2899/3543/3300 2778/3367/3149
s 90
f 2900/3544/3301 2898/3542/3299 2611/3089/2897
f 2896/3538/3295 2900/3544/3301 2611/3089/2897
s 1
f 2784/3471/3159 2682/3470/3012 2889/3531/3288
f 2901/3545/3302 2801/3468/3187 2814/3429/3203
f 2902/3546/3303 2810/3423/3198 2820/3437/3210
f 2903/3547/3304 2464/2842/2671 2754/3327/3113
s 105
f 2875/3513/3273 2904/3548/3305 2590/3051/2864
s 1
f 2758/3333/3118 2816/3431/3205 2905/3549/3306
f 2792/3394/3174 2906/3550/3307 2822/3442/3213
s 75
f 2817/3551/3308 2875/3552/3309 2798/3501/3261
s 1
f 2907/3553/3310 2859/3494/3255 2823/3443/3214
s 105
f 2908/3554/3311 2890/3532/3289 2590/3051/2864
s 1
f 2670/3190/2987 2893/3535/3292 2827/3451/3219
f 2909/3555/3312 2910/3556/3313 2911/3557/3314
f 2912/3558/3315 2813/3428/3202 2888/3530/3287
f 2803/3459/3189 2913/3559/3316 2832/3456/3224
f 2865/3503/3263 2793/3395/3175 2879/3520/3277
f 2914/3560/3317 2815/3430/3204 2831/3455/3223
f 2789/3386/3166 2915/3561/3318 2686/3226/3017
f 2905/3549/3306 2844/3477/3238 2758/3333/3118
s 105
f 2904/3548/3305 2908/3554/3311 2590/3051/2864
s 1
f 2874/3562/3272 2913/3559/3316 2803/3459/3189
f 2886/3528/3285 2872/3510/3270 2808/3418/3195
s 75
f 2875/3552/3309 2848/3499/3259 2798/3501/3261
s 1
f 2869/3507/3267 2886/3528/3285 2795/3399/3178
f 2907/3553/3310 2823/3443/3214 2868/3506/3266
f 2863/3500/3260 2787/3382/3164 2895/3537/3294
f 2832/3456/3224 2916/3563/3319 2756/3331/3116
f 2847/3564/3241 2830/3454/3222 2675/3214/3001
s 75
f 2854/3487/3248 2890/3540/3297 2785/3488/3249
s 1
f 2881/3522/3279 2778/3367/3149 2899/3543/3300
f 2879/3520/3277 2802/3410/3188 2891/3533/3290
f 2858/3493/3254 2889/3531/3288 2828/3463/3220
f 2774/3496/3141 2889/3531/3288 2858/3493/3254
f 2910/3556/3313 2909/3555/3312 2917/3565/3320
f 2918/3566/3321 2856/3490/3251 2755/3449/3114
f 2919/3567/3322 2831/3455/3223 2836/3461/3228
f 2827/3568/3219 2889/3531/3288 2774/3496/3141
f 2657/3167/2968 2897/3539/3296 2825/3446/3217
f 2920/3569/3323 2820/3437/3210 2840/3467/3232
s 75
f 2809/3541/3298 2908/3570/3324 2824/3571/3325
s 1
f 2756/3331/3116 2916/3563/3319 2835/3460/3227
f 2921/3572/3326 2813/3428/3202 2912/3558/3315
f 2864/3502/3262 2906/3550/3307 2792/3394/3174
f 2922/3573/3327 2874/3512/3272 2846/3479/3240
s 75
f 2824/3571/3325 2904/3574/3328 2817/3551/3308
s 1
f 2891/3533/3290 2810/3423/3198 2902/3546/3303
f 2923/3575/3329 2851/3484/3245 2843/3475/3236
f 2918/3576/3321 2755/3328/3114 2806/3416/3193
f 2873/3511/3271 2713/3265/3054 2751/3322/3109
f 2901/3545/3302 2888/3577/3287 2801/3468/3187
f 2924/3578/3330 2843/3475/3236 2845/3478/3239
f 2686/3226/3017 2915/3561/3318 2834/3458/3226
f 2638/3323/2937 2830/3454/3222 2871/3509/3269
f 2882/3523/3280 2861/3497/3257 2747/3398/3102
f 2708/3259/3048 2631/3121/2926 2876/3514/3274
f 2925/3579/3331 2814/3429/3203 2844/3477/3238
f 2822/3442/3213 2926/3580/3332 2850/3483/3244
f 2927/3581/3333 2836/3461/3228 2853/3486/3247
f 2895/3537/3294 2815/3430/3204 2914/3560/3317
f 2928/3582/3334 2868/3506/3266 2851/3484/3245
f 2881/3522/3279 2922/3573/3327 2846/3479/3240
f 2872/3510/3270 2920/3569/3323 2840/3467/3232
f 2788/3385/3165 2861/3497/3257 2887/3583/3286
f 2902/3546/3303 2820/3437/3210 2920/3569/3323
f 2929/3584/3335 2870/3508/3268 2813/3428/3202
s 75
f 2904/3574/3328 2875/3552/3309 2817/3551/3308
s 1
f 2909/3585/3312 2856/3490/3251 2930/3586/3336
f 2835/3460/3227 2931/3587/3337 2764/3343/3126
s 75
f 2890/3540/3297 2908/3570/3324 2809/3541/3298
s 1
f 2914/3560/3317 2831/3455/3223 2919/3567/3322
s 136
f 2932/3588/3338 2880/3589/3339 2933/3590/3340
s 1
f 2934/3591/3341 2859/3494/3255 2907/3553/3310
f 2935/3592/3342 2833/3457/3225 2784/3377/3159
f 2925/3579/3331 2901/3545/3302 2814/3429/3203
f 2936/3593/3343 2845/3478/3239 2863/3500/3260
f 2784/3471/3159 2889/3531/3288 2935/3594/3342
s 75
f 2908/3570/3324 2904/3574/3328 2824/3571/3325
s 1
f 2937/3595/3344 2892/3534/3291 2403/2762/2601
f 2906/3550/3307 2926/3580/3332 2822/3442/3213
f 2923/3575/3329 2843/3475/3236 2924/3578/3330
f 2930/3586/3336 2856/3490/3251 2918/3566/3321
f 2929/3584/3335 2813/3428/3202 2921/3572/3326
f 2928/3582/3334 2851/3484/3245 2923/3575/3329
f 2919/3567/3322 2836/3461/3228 2927/3581/3333
f 2859/3494/3255 2938/3596/3345 2864/3502/3262
f 2939/3597/3346 2853/3486/3247 2865/3503/3263
f 2764/3343/3126 2931/3587/3337 2860/3495/3256
f 2940/3598/3347 2874/3512/3272 2922/3573/3327
f 2728/3599/3072 2892/3600/3291 2806/3601/3193
f 2825/3446/3217 2941/3602/3348 2761/3338/3122
f 2850/3483/3244 2942/3603/3349 2869/3507/3267
f 2943/3604/3350 2907/3553/3310 2868/3506/3266
f 2903/3547/3304 2944/3605/3351 2464/2842/2671
f 2886/3528/3285 2945/3606/3352 2872/3510/3270
f 2800/3408/3186 2946/3607/3353 2878/3519/3276
f 2754/3608/3113 2833/3609/3225 2903/3610/3304
f 2937/3595/3344 2403/2762/2601 2876/3514/3274
f 2873/3511/3271 2464/2842/2671 2944/3605/3351
f 2947/3611/3354 2899/3543/3300 2852/3485/3246
f 2948/3612/3355 2865/3503/3263 2879/3520/3277
f 2909/3585/3312 2930/3586/3336 2949/3613/3356
f 2924/3578/3330 2845/3478/3239 2936/3593/3343
f 2834/3458/3226 2950/3614/3357 2767/3346/3129
f 2869/3507/3267 2951/3615/3358 2886/3528/3285
f 2943/3604/3350 2868/3506/3266 2928/3582/3334
f 2934/3591/3341 2938/3596/3345 2859/3494/3255
f 2816/3431/3205 2878/3519/3276 2952/3616/3359
f 2761/3338/3122 2941/3602/3348 2893/3535/3292
f 2888/3530/3287 2953/3617/3360 2912/3558/3315
f 2954/3618/3361 2879/3520/3277 2891/3533/3290
f 2945/3606/3352 2920/3569/3323 2872/3510/3270
s 136
f 2955/3619/3362 2900/3620/3363 2956/3621/3364
s 1
f 2827/3568/3219 2957/3622/3365 2889/3531/3288
f 2927/3581/3333 2853/3486/3247 2939/3597/3346
f 2912/3558/3315 2958/3623/3366 2921/3572/3326
f 2816/3431/3205 2952/3616/3359 2905/3549/3306
f 2959/3624/3367 2863/3500/3260 2895/3537/3294
f 2926/3580/3332 2942/3603/3349 2850/3483/3244
f 2893/3625/3292 2957/3622/3365 2827/3568/3219
f 2960/3626/3368 2891/3533/3290 2902/3546/3303
f 2874/3562/3272 2961/3627/3369 2913/3559/3316
f 2860/3495/3256 2962/3628/3370 2789/3386/3166
f 2806/3601/3193 2963/3629/3371 2918/3566/3321
f 2964/3630/3372 2888/3577/3287 2901/3545/3302
f 2940/3631/3347 2961/3627/3369 2874/3562/3272
f 2965/3632/3373 2922/3573/3327 2881/3522/3279
f 2864/3502/3262 2966/3633/3374 2906/3550/3307
f 2967/3634/3375 2934/3591/3341 2907/3553/3310
f 2767/3346/3129 2950/3614/3357 2897/3539/3296
f 2913/3559/3316 2968/3635/3376 2832/3456/3224
f 2881/3636/3279 2899/3637/3300 2965/3638/3373
f 2939/3597/3346 2865/3503/3263 2948/3612/3355
f 2969/3639/3377 2844/3477/3238 2905/3549/3306
f 2912/3558/3315 2953/3617/3360 2958/3623/3366
f 2970/3640/3378 2895/3537/3294 2914/3560/3317
f 2951/3615/3358 2945/3606/3352 2886/3528/3285
f 2935/3594/3342 2889/3531/3288 2957/3622/3365
f 2942/3603/3349 2951/3615/3358 2869/3507/3267
f 2936/3593/3343 2863/3500/3260 2959/3624/3367
f 2967/3634/3375 2907/3553/3310 2943/3604/3350
f 2971/3641/3379 2940/3598/3347 2922/3573/3327
f 2948/3612/3355 2879/3520/3277 2954/3618/3361
f 2852/3642/3246 2887/3583/3286 2972/3643/3380
f 2832/3456/3224 2968/3635/3376 2916/3563/3319
f 2918/3566/3321 2963/3629/3371 2930/3586/3336
f 2973/3644/3381 2914/3560/3317 2919/3567/3322
f 2969/3639/3377 2925/3579/3331 2844/3477/3238
f 2974/3645/3382 2902/3546/3303 2920/3569/3323
f 2789/3386/3166 2962/3628/3370 2915/3561/3318
f 2938/3596/3345 2966/3633/3374 2864/3502/3262
f 2954/3618/3361 2891/3533/3290 2960/3626/3368
f 2975/3646/3383 2928/3582/3334 2923/3575/3329
f 2806/3601/3193 2892/3600/3291 2963/3629/3371
f 2935/3594/3342 2976/3647/3384 2833/3609/3225
f 2977/3648/3385 2923/3575/3329 2924/3578/3330
f 2949/3613/3356 2930/3586/3336 2963/3629/3371
f 2964/3630/3372 2953/3649/3360 2888/3577/3287
f 2971/3641/3379 2922/3573/3327 2978/3650/3386
f 2882/3523/3280 2713/3265/3054 2979/3651/3387
f 2906/3550/3307 2980/3652/3388 2926/3580/3332
f 2981/3653/3389 2919/3567/3322 2927/3581/3333
f 2982/3654/3390 2870/3508/3268 2929/3584/3335
f 2959/3624/3367 2895/3537/3294 2970/3640/3378
f 2945/3606/3352 2974/3645/3382 2920/3569/3323
f 2983/3655/3391 2943/3604/3350 2928/3582/3334
f 2916/3563/3319 2984/3656/3392 2835/3460/3227
f 2978/3650/3386 2922/3573/3327 2965/3632/3373
f 2960/3626/3368 2902/3546/3303 2974/3645/3382
f 2903/3610/3304 2833/3609/3225 2976/3647/3384
f 2985/3657/3393 2901/3545/3302 2925/3579/3331
f 2887/3583/3286 2861/3497/3257 2986/3658/3394
f 2897/3539/3296 2987/3659/3395 2825/3446/3217
f 2776/3518/3147 2988/3660/3396 2847/3564/3241
f 2970/3640/3378 2914/3560/3317 2973/3644/3381
f 2852/3642/3246 2972/3643/3380 2947/3661/3354
f 2989/3662/3397 2940/3598/3347 2971/3641/3379
f 2990/3663/3398 2934/3591/3341 2967/3634/3375
f 2991/3664/3399 2924/3578/3330 2936/3593/3343
f 2992/3665/3400 2713/3265/3054 2873/3511/3271
f 2835/3460/3227 2984/3656/3392 2931/3587/3337
f 2957/3622/3365 2976/3647/3384 2935/3594/3342
f 2975/3646/3383 2923/3575/3329 2977/3648/3385
f 2966/3633/3374 2980/3652/3388 2906/3550/3307
f 2921/3572/3326 2958/3623/3366 2993/3666/3401
f 2893/3625/3292 2976/3647/3384 2957/3622/3365
f 2983/3655/3391 2928/3582/3334 2975/3646/3383
f 2994/3667/3402 2631/3121/2926 2871/3509/3269
f 2985/3657/3393 2964/3630/3372 2901/3545/3302
f 2973/3644/3381 2919/3567/3322 2981/3653/3389
f 2995/3668/3403 2927/3581/3333 2939/3597/3346
f 2921/3669/3326 2993/3670/3401 2929/3671/3335
f 2825/3446/3217 2987/3659/3395 2941/3602/3348
f 2934/3591/3341 2996/3672/3404 2938/3596/3345
f 2776/3518/3147 2870/3517/3268 2988/3660/3396
f 2878/3519/3276 2946/3607/3353 2997/3673/3405
f 2926/3580/3332 2998/3674/3406 2942/3603/3349
f 2999/3675/3407 2967/3634/3375 2943/3604/3350
f 2951/3615/3358 3000/3676/3408 2945/3606/3352
f 2876/3514/3274 2631/3121/2926 3001/3677/3409
f 2941/3678/3348 2976/3647/3384 2893/3625/3292
f 2915/3561/3318 3002/3679/3410 2834/3458/3226
f 2949/3613/3356 2963/3629/3371 3003/3680/3411
f 2878/3519/3276 2997/3673/3405 2952/3616/3359
f 3004/3681/3412 2830/3454/3222 2847/3564/3241
f 3005/3682/3413 2939/3597/3346 2948/3612/3355
f 2977/3648/3385 2924/3578/3330 2991/3664/3399
f 2942/3603/3349 3006/3683/3414 2951/3615/3358
f 2999/3675/3407 2943/3604/3350 2983/3655/3391
f 2990/3663/3398 2996/3672/3404 2934/3591/3341
f 3000/3676/3408 2974/3645/3382 2945/3606/3352
f 3007/3684/3415 2948/3612/3355 2954/3618/3361
f 3008/3685/3416 2958/3623/3366 2953/3617/3360
f 2981/3653/3389 2927/3581/3333 2995/3668/3403
f 2905/3549/3306 2952/3616/3359 3009/3686/3417
f 3010/3687/3418 2963/3629/3371 2892/3600/3291
f 2978/3650/3386 3011/3688/3419 2971/3641/3379
f 3012/3689/3420 2936/3593/3343 2959/3624/3367
f 2980/3652/3388 2998/3674/3406 2926/3580/3332
f 2979/3651/3387 2861/3497/3257 2882/3523/3280
f 2940/3631/3347 3013/3690/3421 2961/3627/3369
f 2834/3458/3226 3002/3679/3410 2950/3614/3357
f 2972/3643/3380 2887/3583/3286 2986/3658/3394
f 2989/3691/3397 3013/3690/3421 2940/3631/3347
f 2931/3587/3337 3014/3692/3422 2860/3495/3256
f 3015/3693/3423 2954/3618/3361 2960/3626/3368
f 2971/3641/3379 3011/3688/3419 2989/3662/3397
f 3009/3686/3417 2969/3639/3377 2905/3549/3306
f 2961/3627/3369 3016/3694/3424 2913/3559/3316
f 3010/3695/3418 2892/3534/3291 2937/3595/3344
f 2938/3596/3345 3017/3696/3425 2966/3633/3374
f 2978/3697/3386 2965/3638/3373 3018/3698/3426
f 3019/3699/3427 2944/3605/3351 2903/3547/3304
f 2903/3610/3304 2976/3647/3384 3019/3700/3427
f 3020/3701/3428 2990/3663/3398 2967/3634/3375
f 3021/3702/3429 2958/3623/3366 3008/3685/3416
f 2995/3668/3403 2939/3597/3346 3005/3682/3413
f 3022/3703/3430 2953/3649/3360 2964/3630/3372
f 3023/3704/3431 2959/3624/3367 2970/3640/3378
f 3006/3683/3414 3000/3676/3408 2951/3615/3358
f 2998/3674/3406 3006/3683/3414 2942/3603/3349
f 2913/3559/3316 3016/3694/3424 2968/3635/3376
f 2991/3664/3399 2936/3593/3343 3012/3689/3420
f 3020/3701/3428 2967/3634/3375 2999/3675/3407
f 3005/3682/3413 2948/3612/3355 3007/3684/3415
f 3024/3705/3432 2925/3579/3331 2969/3639/3377
f 2860/3495/3256 3014/3692/3422 2962/3628/3370
f 3025/3706/3433 2970/3640/3378 2973/3644/3381
f 3026/3707/3434 2958/3623/3366 3021/3702/3429
f 3027/3708/3435 2960/3626/3368 2974/3645/3382
f 2946/3607/3353 3003/3709/3411 3028/3710/3436
f 3003/3680/3411 2963/3629/3371 3029/3711/3437
f 3018/3712/3426 3011/3688/3419 2978/3650/3386
f 3007/3684/3415 2954/3618/3361 3015/3693/3423
f 2996/3672/3404 3017/3696/3425 2938/3596/3345
f 3030/3713/3438 2983/3655/3391 2975/3646/3383
f 2871/3509/3269 2830/3454/3222 2994/3667/3402
f 3024/3705/3432 2985/3657/3393 2925/3579/3331
f 2873/3714/3271 2944/3715/3351 2992/3716/3400
f 2992/3665/3400 3031/3717/3439 2713/3265/3054
f 3032/3718/3440 2975/3646/3383 2977/3648/3385
f 2950/3614/3357 3033/3719/3441 2897/3539/3296
f 3029/3711/3437 2963/3629/3371 3010/3687/3418
f 3034/3720/3442 2993/3666/3401 2958/3623/3366
f 3022/3703/3430 3008/3721/3416 2953/3649/3360
f 2968/3635/3376 3035/3722/3443 2916/3563/3319
f 3036/3723/3444 2973/3644/3381 2981/3653/3389
f 2941/3678/3348 3037/3724/3445 2976/3647/3384
f 2966/3633/3374 3038/3725/3446 2980/3652/3388
f 3012/3689/3420 2959/3624/3367 3023/3704/3431
f 2989/3662/3397 3011/3688/3419 3039/3726/3447
f 2947/3661/3354 3040/3727/3448 2899/3637/3300
f 3041/3728/3449 2999/3675/3407 2983/3655/3391
f 3000/3676/3408 3027/3708/3435 2974/3645/3382
f 2979/3651/3387 2713/3265/3054 3031/3717/3439
f 2946/3607/3353 3028/3710/3436 2997/3673/3405
f 3015/3693/3423 2960/3626/3368 3027/3708/3435
f 3042/3729/3450 3001/3677/3409 2631/3121/2926
f 2876/3730/3274 3001/3731/3409 2937/3732/3344
f 2897/3539/3296 3033/3719/3441 2987/3659/3395
f 3023/3704/3431 2970/3640/3378 3025/3706/3433
f 2982/3733/3390 2988/3660/3396 2870/3517/3268
f 2987/3734/3395 3037/3724/3445 2941/3678/3348
f 2965/3638/3373 2899/3637/3300 3040/3727/3448
f 3043/3735/3451 2964/3630/3372 2985/3657/3393
f 2916/3563/3319 3035/3722/3443 2984/3656/3392
f 3044/3736/3452 2990/3663/3398 3020/3701/3428
f 3034/3720/3442 2958/3623/3366 3026/3707/3434
f 3045/3737/3453 2977/3648/3385 2991/3664/3399
f 3030/3713/3438 2975/3646/3383 3032/3718/3440
f 3003/3680/3411 3029/3711/3437 3028/3738/3436
f 2962/3628/3370 3046/3739/3454 2915/3561/3318
f 3041/3728/3449 2983/3655/3391 3030/3713/3438
f 3017/3696/3425 3038/3725/3446 2966/3633/3374
f 3019/3700/3427 2976/3647/3384 3037/3724/3445
f 3025/3706/3433 2973/3644/3381 3036/3723/3444
f 3042/3729/3450 2631/3121/2926 2994/3667/3402
f 3047/3740/3455 2981/3653/3389 2995/3668/3403
f 2990/3663/3398 3048/3741/3456 2996/3672/3404
f 2980/3652/3388 3049/3742/3457 2998/3674/3406
f 3050/3743/3458 3020/3701/3428 2999/3675/3407
f 2952/3616/3359 2997/3673/3405 3051/3744/3459
f 3043/3735/3451 3022/3703/3430 2964/3630/3372
f 3006/3683/3414 3052/3745/3460 3000/3676/3408
f 2847/3564/3241 2988/3660/3396 3004/3681/3412
f 2952/3616/3359 3051/3744/3459 3009/3686/3417
f 3053/3746/3461 2995/3668/3403 3005/3682/3413
f 3032/3718/3440 2977/3648/3385 3045/3737/3453
f 3050/3743/3458 2999/3675/3407 3041/3728/3449
f 2937/3732/3344 3054/3747/3462 3010/3687/3418
f 3021/3702/3429 3055/3748/3463 3026/3707/3434
f 2998/3674/3406 3056/3749/3464 3006/3683/3414
f 3008/3685/3416 3057/3750/3465 3021/3702/3429
f 3044/3736/3452 3048/3741/3456 2990/3663/3398
f 3018/3712/3426 3058/3751/3466 3011/3688/3419
f 2915/3561/3318 3046/3739/3454 3002/3679/3410
f 3059/3752/3467 3005/3682/3413 3007/3684/3415
f 3052/3745/3460 3027/3708/3435 3000/3676/3408
f 3019/3700/3427 3060/3753/3468 2944/3715/3351
f 3061/3754/3469 3039/3726/3447 3011/3688/3419
f 2947/3661/3354 2972/3643/3380 3062/3755/3470
f 3039/3756/3447 3063/3757/3471 2989/3691/3397
f 2989/3691/3397 3063/3757/3471 3013/3690/3421
f 3036/3723/3444 2981/3653/3389 3047/3740/3455
f 3064/3758/3472 2991/3664/3399 3012/3689/3420
f 2984/3656/3392 3065/3759/3473 2931/3587/3337
f 3038/3725/3446 3049/3742/3457 2980/3652/3388
f 3010/3687/3418 3054/3747/3462 3029/3711/3437
f 3013/3690/3421 3066/3760/3474 2961/3627/3369
f 3067/3761/3475 3007/3684/3415 3015/3693/3423
f 3068/3762/3476 2969/3639/3377 3009/3686/3417
f 3021/3702/3429 3057/3750/3465 3055/3748/3463
f 2992/3716/3400 2944/3715/3351 3060/3753/3468
f 2986/3658/3394 2861/3497/3257 3069/3763/3477
f 2996/3672/3404 3070/3764/3478 3017/3696/3425
f 3071/3765/3479 3044/3736/3452 3020/3701/3428
f 3068/3762/3476 3024/3705/3432 2969/3639/3377
f 2961/3627/3369 3066/3760/3474 3016/3694/3424
f 2937/3732/3344 3001/3731/3409 3054/3747/3462
f 3047/3740/3455 2995/3668/3403 3053/3746/3461
f 3018/3698/3426 2965/3638/3373 3040/3727/3448
f 3072/3766/3480 3012/3689/3420 3023/3704/3431
f 3073/3767/3481 3008/3721/3416 3022/3703/3430
f 3056/3749/3464 3052/3745/3460 3006/3683/3414
f 3061/3754/3469 3011/3688/3419 3074/3768/3482
f 3045/3737/3453 2991/3664/3399 3064/3758/3472
f 2931/3587/3337 3065/3759/3473 3014/3692/3422
f 3049/3742/3457 3056/3749/3464 2998/3674/3406
f 3071/3765/3479 3020/3701/3428 3050/3743/3458
f 3037/3724/3445 3060/3753/3468 3019/3700/3427
f 3028/3738/3436 3029/3711/3437 3054/3747/3462
f 3074/3768/3482 3011/3688/3419 3058/3751/3466
f 3053/3746/3461 3005/3682/3413 3059/3752/3467
f 3075/3769/3483 3023/3704/3431 3025/3706/3433
f 2987/3734/3395 3060/3753/3468 3037/3724/3445
f 3002/3679/3410 3076/3770/3484 2950/3614/3357
f 2997/3673/3405 3028/3710/3436 3077/3771/3485
f 3078/3772/3486 3015/3693/3423 3027/3708/3435
f 2929/3671/3335 3079/3773/3487 2982/3733/3390
f 3080/3774/3488 2993/3666/3401 3034/3720/3442
f 3081/3775/3489 2861/3497/3257 2979/3651/3387
f 3082/3776/3490 3041/3728/3449 3030/3713/3438
f 3059/3752/3467 3007/3684/3415 3067/3761/3475
f 3048/3741/3456 3070/3764/3478 2996/3672/3404
f 3083/3777/3491 2985/3657/3393 3024/3705/3432
f 3084/3778/3492 3030/3713/3438 3032/3718/3440
f 3033/3779/3441 3060/3753/3468 2987/3734/3395
f 2929/3671/3335 2993/3670/3401 3079/3773/3487
f 3085/3780/3493 3058/3751/3466 3018/3712/3426
f 2950/3614/3357 3076/3770/3484 3033/3719/3441
f 3016/3694/3424 3086/3781/3494 2968/3635/3376
f 3087/3782/3495 3039/3726/3447 3061/3754/3469
f 3073/3767/3481 3057/3783/3465 3008/3721/3416
f 3083/3777/3491 3043/3735/3451 2985/3657/3393
f 3088/3784/3496 3025/3706/3433 3036/3723/3444
f 3064/3758/3472 3012/3689/3420 3072/3766/3480
f 3089/3785/3497 3050/3743/3458 3041/3728/3449
f 2997/3673/3405 3077/3771/3485 3051/3744/3459
f 3017/3696/3425 3090/3786/3498 3038/3725/3446
f 3052/3745/3460 3078/3772/3486 3027/3708/3435
f 3062/3755/3470 3040/3727/3448 2947/3661/3354
f 3067/3761/3475 3015/3693/3423 3078/3772/3486
f 3026/3707/3434 3055/3748/3463 3091/3787/3499
f 3072/3766/3480 3023/3704/3431 3075/3769/3483
f 2968/3635/3376 3086/3781/3494 3035/3722/3443
f 2986/3658/3394 3069/3763/3477 2972/3643/3380
f 3026/3788/3434 3091/3789/3499 3034/3790/3442
f 3014/3692/3422 3092/3791/3500 2962/3628/3370
f 3093/3792/3501 3044/3736/3452 3071/3765/3479
f 3094/3793/3502 3032/3718/3440 3045/3737/3453
f 3028/3738/3436 3054/3747/3462 3077/3794/3485
f 3082/3776/3490 3030/3713/3438 3084/3778/3492
f 2994/3667/3402 2830/3454/3222 3095/3795/3503
f 3096/3796/3504 3022/3703/3430 3043/3735/3451
f 3089/3785/3497 3041/3728/3449 3082/3776/3490
f 3070/3764/3478 3090/3786/3498 3017/3696/3425
f 3075/3769/3483 3025/3706/3433 3088/3784/3496
f 3097/3797/3505 3036/3723/3444 3047/3740/3455
f 3044/3736/3452 3098/3798/3506 3048/3741/3456
f 3099/3799/3507 3031/3717/3439 2992/3665/3400
f 2992/3716/3400 3060/3753/3468 3099/3800/3507
f 3100/3801/3508 3071/3765/3479 3050/3743/3458
f 3101/3802/3509 2830/3454/3222 3004/3681/3412
f 3038/3725/3446 3102/3803/3510 3049/3742/3457
f 3056/3749/3464 3103/3804/3511 3052/3745/3460
f 3009/3686/3417 3051/3744/3459 3104/3805/3512
f 3096/3796/3504 3073/3767/3481 3022/3703/3430
f 3105/3806/3513 3054/3747/3462 3001/3731/3409
f 3074/3768/3482 3106/3807/3514 3061/3754/3469
f 3018/3698/3426 3040/3727/3448 3085/3808/3493
f 2962/3628/3370 3092/3791/3500 3046/3739/3454
f 3107/3809/3515 3055/3748/3463 3057/3750/3465
f 3108/3810/3516 3047/3740/3455 3053/3746/3461
f 3084/3778/3492 3032/3718/3440 3094/3793/3502
f 3100/3801/3508 3050/3743/3458 3089/3785/3497
f 3087/3811/3495 3109/3812/3517 3039/3756/3447
f 3039/3756/3447 3109/3812/3517 3063/3757/3471
f 3049/3742/3457 3110/3813/3518 3056/3749/3464
f 3061/3754/3469 3106/3807/3514 3087/3782/3495
f 3093/3792/3501 3098/3798/3506 3044/3736/3452
f 3104/3805/3512 3068/3762/3476 3009/3686/3417
f 3111/3814/3519 3053/3746/3461 3059/3752/3467
f 3103/3804/3511 3078/3772/3486 3052/3745/3460
f 3074/3815/3482 3058/3816/3466 3112/3817/3520
f 3035/3722/3443 3113/3818/3521 2984/3656/3392
f 3105/3819/3513 3001/3677/3409 3042/3729/3450
f 3088/3784/3496 3036/3723/3444 3097/3797/3505
f 3114/3820/3522 3045/3737/3453 3064/3758/3472
f 3115/3821/3523 3055/3748/3463 3107/3809/3515
f 3063/3757/3471 3116/3822/3524 3013/3690/3421
f 3090/3786/3498 3102/3803/3510 3038/3725/3446
f 2979/3823/3387 3031/3824/3439 3081/3825/3489
f 3117/3826/3525 3059/3752/3467 3067/3761/3475
f 3118/3827/3526 3055/3748/3463 3115/3821/3523
f 3081/3775/3489 3119/3828/3527 2861/3497/3257
f 3033/3779/3441 3120/3829/3528 3060/3753/3468
f 3013/3690/3421 3116/3822/3524 3066/3760/3474
f 3048/3741/3456 3121/3830/3529 3070/3764/3478
f 3122/3831/3530 3093/3792/3501 3071/3765/3479
f 3123/3832/3531 3024/3705/3432 3068/3762/3476
f 3124/3833/3532 2988/3660/3396 2982/3733/3390
f 2984/3656/3392 3113/3818/3521 3065/3759/3473
f 3046/3739/3454 3125/3834/3533 3002/3679/3410
f 3126/3835/3534 3057/3783/3465 3073/3767/3481
f 3097/3797/3505 3047/3740/3455 3108/3810/3516
f 3127/3836/3535 3064/3758/3472 3072/3766/3480
f 3077/3794/3485 3054/3747/3462 3128/3837/3536
f 3069/3763/3477 2861/3497/3257 3119/3828/3527
f 3110/3813/3518 3103/3804/3511 3056/3749/3464
f 3112/3838/3520 3106/3807/3514 3074/3768/3482
f 3094/3793/3502 3045/3737/3453 3114/3820/3522
f 3122/3831/3530 3071/3765/3479 3100/3801/3508
f 3102/3803/3510 3110/3813/3518 3049/3742/3457
f 3080/3839/3488 3079/3773/3487 2993/3670/3401
f 3108/3810/3516 3053/3746/3461 3111/3814/3519
f 3123/3832/3531 3083/3777/3491 3024/3705/3432
f 3076/3840/3484 3120/3829/3528 3033/3779/3441
f 3129/3841/3537 3072/3766/3480 3075/3769/3483
f 3130/3842/3538 3091/3787/3499 3055/3748/3463
f 3002/3679/3410 3125/3834/3533 3076/3770/3484
f 3128/3837/3536 3054/3747/3462 3105/3806/3513
f 3051/3744/3459 3077/3771/3485 3131/3843/3539
f 3132/3844/3540 3067/3761/3475 3078/3772/3486
f 3099/3800/3507 3060/3753/3468 3120/3829/3528
f 3111/3814/3519 3059/3752/3467 3117/3826/3525
f 3133/3845/3541 3089/3785/3497 3082/3776/3490
f 3098/3798/3506 3121/3830/3529 3048/3741/3456
f 3087/3782/3495 3106/3807/3514 3134/3846/3542
f 3126/3835/3534 3107/3847/3515 3057/3783/3465
f 3066/3760/3474 3135/3848/3543 3016/3694/3424
f 3136/3849/3544 3082/3776/3490 3084/3778/3492
f 3130/3842/3538 3055/3748/3463 3118/3827/3526
f 2994/3850/3402 3095/3851/3503 3042/3852/3450
f 3137/3853/3545 3043/3735/3451 3083/3777/3491
f 3138/3854/3546 3095/3795/3503 2830/3454/3222
f 3139/3855/3547 3075/3769/3483 3088/3784/3496
f 3114/3820/3522 3064/3758/3472 3127/3836/3535
f 3140/3856/3548 3100/3801/3508 3089/3785/3497
f 3070/3764/3478 3141/3857/3549 3090/3786/3498
f 3103/3804/3511 3132/3844/3540 3078/3772/3486
f 3051/3744/3459 3131/3843/3539 3104/3805/3512
f 3062/3755/3470 2972/3643/3380 3142/3858/3550
f 3137/3853/3545 3096/3796/3504 3043/3735/3451
f 3117/3826/3525 3067/3761/3475 3132/3844/3540
f 3016/3694/3424 3135/3848/3543 3086/3781/3494
f 3065/3759/3473 3143/3859/3551 3014/3692/3422
f 3099/3800/3507 3144/3860/3552 3031/3824/3439
f 3127/3836/3535 3072/3766/3480 3129/3841/3537
f 2982/3733/3390 3079/3773/3487 3124/3833/3532
f 3077/3794/3485 3128/3837/3536 3131/3861/3539
f 3145/3862/3553 3093/3792/3501 3122/3831/3530
f 3115/3821/3523 3146/3863/3554 3118/3827/3526
f 3147/3864/3555 3084/3778/3492 3094/3793/3502
f 3138/3854/3546 2830/3454/3222 3101/3802/3509
f 3107/3809/3515 3148/3865/3556 3115/3821/3523
f 3133/3845/3541 3082/3776/3490 3136/3849/3544
f 3121/3830/3529 3141/3857/3549 3070/3764/3478
f 3129/3841/3537 3075/3769/3483 3139/3855/3547
f 3004/3681/3412 2988/3660/3396 3101/3802/3509
f 3140/3856/3548 3089/3785/3497 3133/3845/3541
f 3149/3866/3557 3088/3784/3496 3097/3797/3505
f 3150/3867/3558 3073/3767/3481 3096/3796/3504
f 3093/3792/3501 3151/3868/3559 3098/3798/3506
f 3081/3825/3489 3031/3824/3439 3144/3860/3552
f 3152/3869/3560 3122/3831/3530 3100/3801/3508
f 3112/3838/3520 3153/3870/3561 3106/3807/3514
f 3014/3692/3422 3143/3859/3551 3092/3791/3500
f 3042/3852/3450 3154/3871/3562 3105/3806/3513
f 3090/3786/3498 3155/3872/3563 3102/3803/3510
f 3110/3813/3518 3156/3873/3564 3103/3804/3511
f 3150/3867/3558 3126/3835/3534 3073/3767/3481
f 3134/3874/3542 3157/3875/3565 3087/3811/3495
f 3085/3808/3493 3158/3876/3566 3058/3816/3466
f 3115/3821/3523 3148/3865/3556 3146/3863/3554
f 3159/3877/3567 3134/3846/3542 3106/3807/3514
f 3087/3811/3495 3157/3875/3565 3109/3812/3517
f 3160/3878/3568 3097/3797/3505 3108/3810/3516
f 3161/3879/3569 3068/3762/3476 3104/3805/3512
f 3120/3829/3528 3144/3860/3552 3099/3800/3507
f 3136/3849/3544 3084/3778/3492 3147/3864/3555
f 3152/3869/3560 3100/3801/3508 3140/3856/3548
f 3105/3806/3513 3154/3871/3562 3128/3837/3536
f 3102/3803/3510 3162/3880/3570 3110/3813/3518
f 3145/3862/3553 3151/3868/3559 3093/3792/3501
f 2972/3643/3380 3069/3763/3477 3163/3881/3571
f 3085/3808/3493 3040/3727/3448 3164/3882/3572
f 3086/3781/3494 3165/3883/3573 3035/3722/3443
f 3166/3884/3574 3108/3810/3516 3111/3814/3519
f 3156/3873/3564 3132/3844/3540 3103/3804/3511
f 3076/3840/3484 3144/3860/3552 3120/3829/3528
f 3109/3812/3517 3167/3885/3575 3063/3757/3471
f 3139/3855/3547 3088/3784/3496 3149/3866/3557
f 3168/3886/3576 3094/3793/3502 3114/3820/3522
f 3161/3879/3569 3123/3832/3531 3068/3762/3476
f 3141/3857/3549 3155/3872/3563 3090/3786/3498
f 3042/3852/3450 3095/3851/3503 3154/3871/3562
f 3169/3887/3577 3111/3814/3519 3117/3826/3525
f 3092/3791/3500 3170/3888/3578 3046/3739/3454
f 3112/3817/3520 3058/3816/3466 3158/3876/3566
f 3063/3757/3471 3167/3885/3575 3116/3822/3524
f 3125/3889/3533 3144/3860/3552 3076/3840/3484
f 3171/3890/3579 3107/3847/3515 3126/3835/3534
f 3172/3891/3580 3091/3787/3499 3130/3842/3538
f 3142/3858/3550 3040/3727/3448 3062/3755/3470
f 3035/3722/3443 3165/3883/3573 3113/3818/3521
f 3034/3790/3442 3173/3892/3581 3080/3839/3488
f 3098/3798/3506 3174/3893/3582 3121/3830/3529
f 3131/3861/3539 3128/3837/3536 3154/3871/3562
f 3175/3894/3583 3145/3862/3553 3122/3831/3530
f 3046/3739/3454 3170/3888/3578 3125/3834/3533
f 3149/3866/3557 3097/3797/3505 3160/3878/3568
f 3176/3895/3584 3153/3870/3561 3112/3838/3520
f 3177/3896/3585 3114/3820/3522 3127/3836/3535
f 3162/3880/3570 3156/3873/3564 3110/3813/3518
f 3159/3877/3567 3106/3807/3514 3178/3897/3586
f 3155/3872/3563 3162/3880/3570 3102/3803/3510
f 3034/3790/3442 3091/3789/3499 3173/3892/3581
f 3147/3864/3555 3094/3793/3502 3168/3886/3576
f 3175/3894/3583 3122/3831/3530 3152/3869/3560
f 3179/3898/3587 3083/3777/3491 3123/3832/3531
f 3160/3878/3568 3108/3810/3516 3166/3884/3574
f 3118/3827/3526 3146/3863/3554 3180/3899/3588
f 3171/3890/3579 3148/3900/3556 3107/3847/3515
f 3181/3901/3589 3127/3836/3535 3129/3841/3537
f 3182/3902/3590 3134/3846/3542 3159/3877/3567
f 3183/3903/3591 3117/3826/3525 3132/3844/3540
f 3104/3805/3512 3131/3843/3539 3184/3904/3592
f 3153/3870/3561 3185/3905/3593 3106/3807/3514
f 3142/3858/3550 2972/3643/3380 3163/3881/3571
f 3118/3906/3526 3180/3907/3588 3130/3908/3538
f 3179/3898/3587 3137/3853/3545 3083/3777/3491
f 3166/3884/3574 3111/3814/3519 3169/3887/3577
f 3151/3868/3559 3174/3893/3582 3098/3798/3506
f 3116/3822/3524 3186/3909/3594 3066/3760/3474
f 3187/3910/3595 3140/3856/3548 3133/3845/3541
f 3081/3825/3489 3144/3860/3552 3188/3911/3596
f 3189/3912/3597 3133/3845/3541 3136/3849/3544
f 3188/3913/3596 3119/3828/3527 3081/3775/3489
f 3190/3914/3598 3129/3841/3537 3139/3855/3547
f 3178/3897/3586 3106/3807/3514 3185/3905/3593
f 3121/3830/3529 3191/3915/3599 3141/3857/3549
f 3156/3873/3564 3183/3903/3591 3132/3844/3540
f 3168/3886/3576 3114/3820/3522 3177/3896/3585
f 3192/3916/3600 3096/3796/3504 3137/3853/3545
f 3113/3818/3521 3193/3917/3601 3065/3759/3473
f 3194/3918/3602 3152/3869/3560 3140/3856/3548
f 3184/3904/3592 3161/3879/3569 3104/3805/3512
f 3066/3760/3474 3186/3909/3594 3135/3848/3543
f 3195/3919/3603 3146/3863/3554 3148/3865/3556
f 3169/3887/3577 3117/3826/3525 3183/3903/3591
f 3192/3916/3600 3150/3867/3558 3096/3796/3504
f 3177/3896/3585 3127/3836/3535 3181/3901/3589
f 3164/3882/3572 3158/3876/3566 3085/3808/3493
f 3131/3861/3539 3154/3871/3562 3184/3920/3592
f 3196/3921/3604 3146/3863/3554 3195/3919/3603
f 3197/3922/3605 3145/3862/3553 3175/3894/3583
f 3198/3923/3606 3146/3863/3554 3196/3921/3604
f 3199/3924/3607 3136/3849/3544 3147/3864/3555
f 3200/3925/3608 3126/3835/3534 3150/3867/3558
f 3065/3759/3473 3193/3917/3601 3143/3859/3551
f 3174/3893/3582 3191/3915/3599 3121/3830/3529
f 3069/3926/3477 3119/3927/3527 3163/3928/3571
f 3201/3929/3609 3154/3871/3562 3095/3851/3503
f 3202/3930/3610 3139/3855/3547 3149/3866/3557
f 3112/3817/3520 3158/3876/3566 3176/3931/3584
f 3181/3901/3589 3129/3841/3537 3190/3914/3598
f 3187/3910/3595 3133/3845/3541 3189/3912/3597
f 3182/3932/3590 3203/3933/3611 3134/3874/3542
f 3145/3862/3553 3204/3934/3612 3151/3868/3559
f 3194/3918/3602 3140/3856/3548 3187/3910/3595
f 3200/3925/3608 3171/3890/3579 3126/3835/3534
f 3134/3874/3542 3203/3933/3611 3157/3875/3565
f 3141/3857/3549 3205/3935/3613 3155/3872/3563
f 3206/3936/3614 3079/3773/3487 3080/3839/3488
f 3162/3880/3570 3207/3937/3615 3156/3873/3564
f 3125/3889/3533 3208/3938/3616 3144/3860/3552
f 3209/3939/3617 3175/3894/3583 3152/3869/3560
f 3178/3897/3586 3210/3940/3618 3159/3877/3567
f 3211/3941/3619 3149/3866/3557 3160/3878/3568
f 3201/3942/3609 3095/3795/3503 3138/3854/3546
f 3212/3943/3620 3180/3899/3588 3146/3863/3554
f 3182/3902/3590 3159/3877/3567 3213/3944/3621
f 3135/3848/3543 3214/3945/3622 3086/3781/3494
f 3157/3875/3565 3215/3946/3623 3109/3812/3517
f 3155/3872/3563 3216/3947/3624 3162/3880/3570
f 3217/3948/3625 3123/3832/3531 3161/3879/3569
f 3189/3912/3597 3136/3849/3544 3199/3924/3607
f 3207/3937/3615 3183/3903/3591 3156/3873/3564
f 3218/3949/3626 3160/3878/3568 3166/3884/3574
f 3197/3922/3605 3204/3934/3612 3145/3862/3553
f 3209/3939/3617 3152/3869/3560 3194/3918/3602
f 3219/3950/3627 3148/3900/3556 3171/3890/3579
f 3143/3859/3551 3220/3951/3628 3092/3791/3500
f 3190/3914/3598 3139/3855/3547 3202/3930/3610
f 3170/3952/3578 3208/3938/3616 3125/3889/3533
f 3212/3943/3620 3146/3863/3554 3198/3923/3606
f 3188/3911/3596 3144/3860/3552 3208/3938/3616
f 3191/3915/3599 3205/3935/3613 3141/3857/3549
f 3172/3953/3580 3173/3892/3581 3091/3789/3499
f 3109/3812/3517 3215/3946/3623 3167/3885/3575
f 3221/3954/3629 3147/3864/3555 3168/3886/3576
f 3101/3802/3509 2988/3660/3396 3222/3955/3630
f 3223/3956/3631 3185/3905/3593 3153/3870/3561
f 3217/3948/3625 3179/3898/3587 3123/3832/3531
f 3224/3957/3632 3166/3884/3574 3169/3887/3577
f 3213/3944/3621 3159/3877/3567 3210/3940/3618
f 3092/3791/3500 3220/3951/3628 3170/3888/3578
f 3086/3781/3494 3214/3945/3622 3165/3883/3573
f 3219/3950/3627 3195/3958/3603 3148/3900/3556
f 3184/3920/3592 3154/3871/3562 3225/3959/3633
f 3196/3921/3604 3226/3960/3634 3198/3923/3606
f 3151/3868/3559 3227/3961/3635 3174/3893/3582
f 3228/3962/3636 3040/3727/3448 3142/3858/3550
f 3202/3930/3610 3149/3866/3557 3211/3941/3619
f 3225/3959/3633 3154/3871/3562 3201/3929/3609
f 3229/3963/3637 3197/3922/3605 3175/3894/3583
f 3216/3947/3624 3207/3937/3615 3162/3880/3570
f 3230/3964/3638 3168/3886/3576 3177/3896/3585
f 3205/3935/3613 3216/3947/3624 3155/3872/3563
f 3231/3965/3639 2988/3660/3396 3124/3833/3532
f 3199/3924/3607 3147/3864/3555 3221/3954/3629
f 3211/3941/3619 3160/3878/3568 3218/3949/3626
f 3229/3963/3637 3175/3894/3583 3209/3939/3617
f 3195/3919/3603 3232/3966/3640 3196/3921/3604
f 3233/3967/3641 3169/3887/3577 3183/3903/3591
f 3234/3968/3642 3161/3879/3569 3184/3904/3592
f 3235/3969/3643 3137/3853/3545 3179/3898/3587
f 3236/3970/3644 3177/3896/3585 3181/3901/3589
f 3167/3885/3575 3237/3971/3645 3116/3822/3524
f 3188/3911/3596 3238/3972/3646 3119/3927/3527
f 3080/3839/3488 3173/3892/3581 3206/3936/3614
f 3178/3973/3586 3185/3974/3593 3239/3975/3647
f 3218/3949/3626 3166/3884/3574 3224/3957/3632
f 3196/3921/3604 3232/3966/3640 3226/3960/3634
f 3204/3934/3612 3227/3961/3635 3151/3868/3559
f 3235/3969/3643 3192/3916/3600 3137/3853/3545
f 3239/3976/3647 3210/3940/3618 3178/3897/3586
f 3240/3977/3648 3194/3918/3602 3187/3910/3595
f 3241/3978/3649 3187/3910/3595 3189/3912/3597
f 3165/3883/3573 3242/3979/3650 3113/3818/3521
f 3153/3980/3561 3176/3931/3584 3243/3981/3651
f 3164/3882/3572 3040/3727/3448 3244/3982/3652
f 3101/3983/3509 3222/3984/3630 3138/3985/3546
f 3116/3822/3524 3237/3971/3645 3186/3909/3594
f 3174/3893/3582 3245/3986/3653 3191/3915/3599
f 3207/3937/3615 3233/3967/3641 3183/3903/3591
f 3246/3987/3654 3181/3901/3589 3190/3914/3598
f 3163/3928/3571 3119/3927/3527 3238/3972/3646
f 3247/3988/3655 3150/3867/3558 3192/3916/3600
f 3221/3954/3629 3168/3886/3576 3230/3964/3638
f 3248/3989/3656 3209/3939/3617 3194/3918/3602
f 3224/3957/3632 3169/3887/3577 3233/3967/3641
f 3247/3988/3655 3200/3925/3608 3150/3867/3558
f 3184/3920/3592 3225/3959/3633 3234/3990/3642
f 3249/3991/3657 3171/3890/3579 3200/3925/3608
f 3230/3964/3638 3177/3896/3585 3236/3970/3644
f 3142/3992/3550 3163/3928/3571 3228/3993/3636
f 3213/3994/3621 3250/3995/3658 3182/3932/3590
f 3113/3818/3521 3242/3979/3650 3193/3917/3601
f 3208/3938/3616 3238/3972/3646 3188/3911/3596
f 3249/3991/3657 3219/3950/3627 3171/3890/3579
f 3182/3932/3590 3250/3995/3658 3203/3933/3611
f 3124/3833/3532 3079/3773/3487 3231/3965/3639
f 3251/3996/3659 3180/3899/3588 3212/3943/3620
f 3252/3997/3660 3197/3922/3605 3229/3963/3637
f 3138/3985/3546 3253/3998/3661 3201/3929/3609
f 3254/3999/3662 3189/3912/3597 3199/3924/3607
f 3198/3923/3606 3226/3960/3634 3255/4000/3663
f 3227/3961/3635 3245/3986/3653 3174/3893/3582
f 3170/3952/3578 3238/3972/3646 3208/3938/3616
f 3240/3977/3648 3187/3910/3595 3241/3978/3649
f 3176/3931/3584 3158/3876/3566 3256/4001/3664
f 3257/4002/3665 3195/3958/3603 3219/3950/3627
f 3258/4003/3666 3190/3914/3598 3202/3930/3610
f 3248/3989/3656 3194/3918/3602 3240/3977/3648
f 3236/3970/3644 3181/3901/3589 3246/3987/3654
f 3213/3944/3621 3210/3940/3618 3259/4004/3667
f 3197/3922/3605 3260/4005/3668 3204/3934/3612
f 3191/3915/3599 3261/4006/3669 3205/3935/3613
f 3216/3947/3624 3262/4007/3670 3207/3937/3615
f 3198/4008/3606 3255/4009/3663 3212/4010/3620
f 3228/3962/3636 3263/4011/3671 3040/3727/3448
f 3130/3908/3538 3264/4012/3672 3172/3953/3580
f 3153/3980/3561 3243/3981/3651 3223/4013/3631
f 3265/4014/3673 3229/3963/3637 3209/3939/3617
f 3203/3933/3611 3266/4015/3674 3157/3875/3565
f 3267/4016/3675 3222/3955/3630 2988/3660/3396
f 3201/3929/3609 3253/3998/3661 3225/3959/3633
f 3186/3909/3594 3268/4017/3676 3135/3848/3543
f 3130/3908/3538 3180/3907/3588 3264/4012/3672
f 3217/3948/3625 3161/3879/3569 3269/4018/3677
f 3220/4019/3628 3238/3972/3646 3170/3952/3578
f 3259/4004/3667 3210/3940/3618 3270/4020/3678
f 3193/3917/3601 3271/4021/3679 3143/3859/3551
f 3272/4022/3680 3202/3930/3610 3211/3941/3619
f 3205/3935/3613 3273/4023/3681 3216/3947/3624
f 3241/3978/3649 3189/3912/3597 3254/3999/3662
f 3270/4020/3678 3210/3940/3618 3274/4024/3682
f 3265/4014/3673 3209/3939/3617 3248/3989/3656
f 3262/4007/3670 3233/3967/3641 3207/3937/3615
f 3157/3875/3565 3266/4015/3674 3215/3946/3623
f 3269/4018/3677 3161/3879/3569 3234/3968/3642
f 3275/4025/3683 3211/3941/3619 3218/3949/3626
f 3252/3997/3660 3260/4005/3668 3197/3922/3605
f 3143/3859/3551 3271/4021/3679 3220/3951/3628
f 3276/4026/3684 3179/3898/3587 3217/3948/3625
f 3277/4027/3685 3226/3960/3634 3232/3966/3640
f 3246/3987/3654 3190/3914/3598 3258/4003/3666
f 3245/3986/3653 3261/4006/3669 3191/3915/3599
f 3135/3848/3543 3268/4017/3676 3214/3945/3622
f 3278/4028/3686 3226/3960/3634 3277/4027/3685
f 3239/3976/3647 3279/4029/3687 3210/3940/3618
f 3280/4030/3688 3199/3924/3607 3221/3954/3629
f 3281/4031/3689 3226/3960/3634 3278/4028/3686
f 3138/3985/3546 3222/3984/3630 3253/3998/3661
f 3228/3993/3636 3163/3928/3571 3238/3972/3646
f 3282/4032/3690 3218/3949/3626 3224/3957/3632
f 3195/3958/3603 3283/4033/3691 3232/4034/3640
f 3234/3990/3642 3225/3959/3633 3253/3998/3661
f 3276/4026/3684 3235/3969/3643 3179/3898/3587
f 3244/3982/3652 3158/3876/3566 3164/3882/3572
f 3204/3934/3612 3284/4035/3692 3227/3961/3635
f 3285/4036/3693 3252/3997/3660 3229/3963/3637
f 3273/4023/3681 3262/4007/3670 3216/3947/3624
f 3258/4003/3666 3202/3930/3610 3272/4022/3680
f 3243/3981/3651 3176/3931/3584 3256/4001/3664
f 3261/4006/3669 3273/4023/3681 3205/3935/3613
f 3274/4024/3682 3210/3940/3618 3279/4029/3687
f 3286/4037/3694 3221/3954/3629 3230/3964/3638
f 3215/3946/3623 3287/4038/3695 3167/3885/3575
f 3285/4036/3693 3229/3963/3637 3265/4014/3673
f 3257/4002/3665 3283/4033/3691 3195/3958/3603
f 3254/3999/3662 3199/3924/3607 3280/4030/3688
f 3288/4039/3696 3255/4000/3663 3226/3960/3634
f 3272/4022/3680 3211/3941/3619 3275/4025/3683
f 3289/4040/3697 3224/3957/3632 3233/3967/3641
f 3290/4041/3698 3230/3964/3638 3236/3970/3644
f 3291/4042/3699 3192/3916/3600 3235/3969/3643
f 3263/4011/3671 3292/4043/3700 3040/3727/3448
f 3288/4039/3696 3226/3960/3634 3281/4031/3689
f 3293/4044/3701 3248/3989/3656 3240/3977/3648
f 3275/4025/3683 3218/3949/3626 3282/4032/3690
f 3260/4005/3668 3284/4035/3692 3204/3934/3612
f 3241/3978/3649 3293/4044/3701 3240/3977/3648
f 3214/3945/3622 3294/4045/3702 3165/3883/3573
f 3291/4042/3699 3247/3988/3655 3192/3916/3600
f 3295/4046/3703 3267/4016/3675 2988/3660/3396
f 3274/4024/3682 3296/4047/3704 3270/4020/3678
f 3167/3885/3575 3287/4038/3695 3237/3971/3645
f 3297/4048/3705 3257/4002/3665 3219/3950/3627
f 3295/4046/3703 2988/3660/3396 3231/3965/3639
f 3244/3982/3652 3040/3727/3448 3292/4043/3700
f 3298/4049/3706 3173/3892/3581 3172/3953/3580
f 3299/4050/3707 3200/3925/3608 3247/3988/3655
f 3278/4028/3686 3300/4051/3708 3281/4031/3689
f 3297/4048/3705 3219/3950/3627 3249/3991/3657
f 3259/4052/3667 3301/4053/3709 3213/3994/3621
f 3299/4050/3707 3249/3991/3657 3200/3925/3608
f 3302/4054/3710 3265/4014/3673 3248/3989/3656
f 3227/3961/3635 3303/4055/3711 3245/3986/3653
f 3223/4013/3631 3304/4056/3712 3185/3974/3593
f 3262/4007/3670 3289/4040/3697 3233/3967/3641
f 3305/4057/3713 3236/3970/3644 3246/3987/3654
f 3280/4030/3688 3221/3954/3629 3286/4037/3694
f 3213/3994/3621 3301/4053/3709 3250/3995/3658
f 3270/4020/3678 3306/4058/3714 3259/4004/3667
f 3165/3883/3573 3294/4045/3702 3242/3979/3650
f 3254/3999/3662 3307/4059/3715 3241/3978/3649
f 3282/4032/3690 3224/3957/3632 3289/4040/3697
f 3234/3990/3642 3253/3998/3661 3269/4060/3677
f 3251/4061/3659 3264/4012/3672 3180/3907/3588
f 3220/4019/3628 3308/4062/3716 3238/3972/3646
f 3228/3993/3636 3238/3972/3646 3309/4063/3717
f 3239/3975/3647 3185/3974/3593 3304/4056/3712
f 3286/4037/3694 3230/3964/3638 3290/4041/3698
f 3277/4027/3685 3310/4064/3718 3278/4028/3686
f 3296/4047/3704 3306/4058/3714 3270/4020/3678
f 3311/4065/3719 3252/3997/3660 3285/4036/3693
f 3278/4028/3686 3310/4064/3718 3300/4051/3708
f 3250/3995/3658 3312/4066/3720 3203/3933/3611
f 3302/4054/3710 3248/3989/3656 3293/4044/3701
f 3313/4067/3721 3279/4029/3687 3239/3976/3647
f 3307/4059/3715 3293/4044/3701 3241/3978/3649
f 3284/4035/3692 3303/4055/3711 3227/3961/3635
f 3314/4068/3722 3253/3998/3661 3222/3984/3630
f 3271/4069/3679 3308/4062/3716 3220/4019/3628
f 3315/4070/3723 3079/3773/3487 3206/3936/3614
f 3290/4041/3698 3236/3970/3644 3305/4057/3713
f 3316/4071/3724 3246/3987/3654 3258/4003/3666
f 3252/3997/3660 3317/4072/3725 3260/4005/3668
f 3318/4073/3726 3285/4036/3693 3265/4014/3673
f 3237/3971/3645 3319/4074/3727 3186/3909/3594
f 3232/4034/3640 3320/4075/3728 3277/4076/3685
f 3245/3986/3653 3321/4077/3729 3261/4006/3669
f 3242/3979/3650 3322/4078/3730 3193/3917/3601
f 3273/4023/3681 3323/4079/3731 3262/4007/3670
f 3309/4080/3717 3263/4011/3671 3228/3962/3636
f 3203/3933/3611 3312/4066/3720 3266/4015/3674
f 3193/3917/3601 3322/4078/3730 3271/4021/3679
f 3318/4073/3726 3265/4014/3673 3302/4054/3710
f 3276/4026/3684 3217/3948/3625 3324/4081/3732
f 3280/4030/3688 3325/4082/3733 3254/3999/3662
f 3326/4083/3734 3258/4003/3666 3272/4022/3680
f 3261/4006/3669 3327/4084/3735 3273/4023/3681
f 3314/4085/3722 3222/3955/3630 3267/4016/3675
f 3324/4081/3732 3217/3948/3625 3269/4018/3677
f 3311/4065/3719 3317/4072/3725 3252/3997/3660
f 3328/4086/3736 3296/4047/3704 3274/4024/3682
f 3309/4063/3717 3238/3972/3646 3308/4062/3716
f 3323/4079/3731 3289/4040/3697 3262/4007/3670
f 3186/3909/3594 3319/4074/3727 3268/4017/3676
f 3329/4087/3737 3272/4022/3680 3275/4025/3683
f 3172/3953/3580 3264/4012/3672 3298/4049/3706
f 3283/4033/3691 3320/4075/3728 3232/4034/3640
f 3330/4088/3738 3235/3969/3643 3276/4026/3684
f 3325/4082/3733 3307/4059/3715 3254/3999/3662
f 3274/4089/3682 3279/4090/3687 3328/4091/3736
f 3281/4031/3689 3300/4051/3708 3331/4092/3739
f 3305/4057/3713 3246/3987/3654 3316/4071/3724
f 3332/4093/3740 3255/4000/3663 3288/4039/3696
f 3269/4060/3677 3253/3998/3661 3333/4094/3741
f 3303/4055/3711 3321/4077/3729 3245/3986/3653
f 3223/4013/3631 3243/3981/3651 3334/4095/3742
f 3281/4096/3689 3331/4097/3739 3288/4098/3696
f 3335/4099/3743 3275/4025/3683 3282/4032/3690
f 3333/4094/3741 3253/3998/3661 3314/4068/3722
f 3330/4088/3738 3291/4042/3699 3235/3969/3643
f 3336/4100/3744 3306/4058/3714 3296/4047/3704
f 3231/3965/3639 3079/3773/3487 3337/4101/3745
f 3338/4102/3746 3311/4065/3719 3285/4036/3693
f 3286/4037/3694 3339/4103/3747 3280/4030/3688
f 3266/4015/3674 3340/4104/3748 3215/3946/3623
f 3260/4005/3668 3341/4105/3749 3284/4035/3692
f 3338/4102/3746 3285/4036/3693 3318/4073/3726
f 3316/4071/3724 3258/4003/3666 3326/4083/3734
f 3327/4084/3735 3323/4079/3731 3273/4023/3681
f 3342/4106/3750 3283/4033/3691 3257/4002/3665
f 3336/4100/3744 3296/4047/3704 3343/4107/3751
f 3321/4077/3729 3327/4084/3735 3261/4006/3669
f 3256/4001/3664 3158/3876/3566 3344/4108/3752
f 3212/4010/3620 3345/4109/3753 3251/4061/3659
f 3346/4110/3754 3300/4051/3708 3310/4064/3718
f 3342/4106/3750 3257/4002/3665 3297/4048/3705
f 3306/4111/3714 3347/4112/3755 3259/4052/3667
f 3348/4113/3756 3300/4051/3708 3349/4114/3757
f 3307/4059/3715 3350/4115/3758 3293/4044/3701
f 3343/4107/3751 3296/4047/3704 3328/4086/3736
f 3212/4010/3620 3255/4009/3663 3345/4109/3753
f 3326/4083/3734 3272/4022/3680 3329/4087/3737
f 3349/4114/3757 3300/4051/3708 3346/4110/3754
f 3351/4116/3759 3286/4037/3694 3290/4041/3698
f 3293/4044/3701 3352/4117/3760 3302/4054/3710
f 3353/4118/3761 3247/3988/3655 3291/4042/3699
f 3268/4017/3676 3354/4119/3762 3214/3945/3622
f 3339/4103/3747 3325/4082/3733 3280/4030/3688
f 3355/4120/3763 3282/4032/3690 3289/4040/3697
f 3206/3936/3614 3173/3892/3581 3315/4070/3723
f 3239/3975/3647 3304/4056/3712 3313/4121/3721
f 3259/4052/3667 3347/4112/3755 3301/4053/3709
f 3356/4122/3764 3297/4048/3705 3249/3991/3657
f 3353/4118/3761 3299/4050/3707 3247/3988/3655
f 3215/3946/3623 3340/4104/3748 3287/4038/3695
f 3317/4072/3725 3341/4105/3749 3260/4005/3668
f 3356/4122/3764 3249/3991/3657 3299/4050/3707
f 3329/4087/3737 3275/4025/3683 3335/4099/3743
f 3357/4123/3765 3158/3876/3566 3244/3982/3652
f 3277/4076/3685 3358/4124/3766 3310/4125/3718
f 3308/4062/3716 3271/4069/3679 3359/4126/3767
f 3325/4082/3733 3360/4127/3768 3307/4059/3715
f 3309/4063/3717 3359/4126/3767 3263/4128/3671
f 3302/4054/3710 3361/4129/3769 3318/4073/3726
f 3214/3945/3622 3354/4119/3762 3294/4045/3702
f 3362/4130/3770 3290/4041/3698 3305/4057/3713
f 3363/4131/3771 3339/4103/3747 3286/4037/3694
f 3284/4035/3692 3364/4132/3772 3303/4055/3711
f 3334/4095/3742 3304/4056/3712 3223/4013/3631
f 3323/4079/3731 3355/4120/3763 3289/4040/3697
f 3365/4133/3773 3331/4092/3739 3300/4051/3708
f 3366/4134/3774 3306/4058/3714 3336/4100/3744
f 3308/4062/3716 3359/4126/3767 3309/4063/3717
f 3350/4115/3758 3352/4117/3760 3293/4044/3701
f 3301/4053/3709 3367/4135/3775 3250/3995/3658
f 3363/4131/3771 3286/4037/3694 3351/4116/3759
f 3335/4099/3743 3282/4032/3690 3355/4120/3763
f 3368/4136/3776 3317/4072/3725 3311/4065/3719
f 3365/4133/3773 3300/4051/3708 3348/4113/3756
f 3368/4136/3776 3311/4065/3719 3338/4102/3746
f 3360/4127/3768 3350/4115/3758 3307/4059/3715
f 3369/4137/3777 3269/4060/3677 3333/4094/3741
f 3369/4137/3777 3314/4068/3722 3267/4138/3675
f 3359/4126/3767 3271/4069/3679 3322/4139/3730
f 3320/4075/3728 3358/4124/3766 3277/4076/3685
f 3343/4107/3751 3370/4140/3778 3336/4100/3744
f 3361/4129/3769 3338/4102/3746 3318/4073/3726
f 3349/4114/3757 3371/4141/3779 3348/4113/3756
f 3352/4117/3760 3361/4129/3769 3302/4054/3710
f 3333/4094/3741 3314/4068/3722 3369/4137/3777
f 3294/4045/3702 3372/4142/3780 3242/3979/3650
f 3351/4116/3759 3290/4041/3698 3362/4130/3770
f 3287/4038/3695 3373/4143/3781 3237/3971/3645
f 3256/4001/3664 3344/4108/3752 3243/3981/3651
f 3250/3995/3658 3367/4135/3775 3312/4066/3720
f 3341/4105/3749 3364/4132/3772 3284/4035/3692
f 3374/4144/3782 3305/4057/3713 3316/4071/3724
f 3242/3979/3650 3372/4142/3780 3322/4078/3730
f 3375/4145/3783 3292/4043/3700 3263/4011/3671
f 3324/4146/3732 3269/4060/3677 3369/4137/3777
f 3343/4147/3751 3328/4091/3736 3376/4148/3784
f 3336/4100/3744 3370/4140/3778 3366/4134/3774
f 3303/4055/3711 3377/4149/3785 3321/4077/3729
f 3339/4103/3747 3378/4150/3786 3325/4082/3733
f 3327/4084/3735 3379/4151/3787 3323/4079/3731
f 3263/4128/3671 3359/4126/3767 3375/4152/3783
f 3378/4150/3786 3360/4127/3768 3325/4082/3733
f 3346/4110/3754 3380/4153/3788 3349/4114/3757
f 3330/4088/3738 3276/4026/3684 3381/4154/3789
f 3349/4114/3757 3380/4153/3788 3371/4141/3779
f 3382/4155/3790 3316/4071/3724 3326/4083/3734
f 3237/3971/3645 3373/4143/3781 3319/4074/3727
f 3383/4156/3791 3337/4101/3745 3079/3773/3487
f 3381/4154/3789 3276/4026/3684 3324/4081/3732
f 3384/4157/3792 3267/4016/3675 3295/4046/3703
f 3376/4158/3784 3370/4140/3778 3343/4107/3751
f 3321/4077/3729 3385/4159/3793 3327/4084/3735
f 3332/4160/3740 3345/4109/3753 3255/4009/3663
f 3386/4161/3794 3320/4075/3728 3283/4033/3691
f 3387/4162/3795 3326/4083/3734 3329/4087/3737
f 3388/4163/3796 3264/4012/3672 3251/4061/3659
f 3389/4164/3797 3291/4042/3699 3330/4088/3738
f 3383/4156/3791 3079/3773/3487 3315/4070/3723
f 3379/4151/3787 3355/4120/3763 3323/4079/3731
f 3362/4130/3770 3305/4057/3713 3374/4144/3782
f 3384/4165/3792 3369/4137/3777 3267/4138/3675
f 3386/4161/3794 3283/4033/3691 3342/4106/3750
f 3390/4166/3798 3317/4072/3725 3368/4136/3776
f 3364/4132/3772 3377/4149/3785 3303/4055/3711
f 3391/4167/3799 3368/4136/3776 3338/4102/3746
f 3366/4168/3774 3392/4169/3800 3306/4111/3714
f 3391/4167/3799 3338/4102/3746 3361/4129/3769
f 3363/4131/3771 3393/4170/3801 3339/4103/3747
f 3244/4171/3652 3292/4172/3700 3357/4173/3765
f 3312/4066/3720 3394/4174/3802 3266/4015/3674
f 3310/4125/3718 3395/4175/3803 3346/4176/3754
f 3396/4177/3804 3329/4087/3737 3335/4099/3743
f 3389/4164/3797 3353/4118/3761 3291/4042/3699
f 3231/4178/3639 3337/4179/3745 3295/4180/3703
f 3360/4127/3768 3397/4181/3805 3350/4115/3758
f 3350/4115/3758 3398/4182/3806 3352/4117/3760
f 3317/4072/3725 3399/4183/3807 3341/4105/3749
f 3306/4111/3714 3392/4169/3800 3347/4112/3755
f 3400/4184/3808 3342/4106/3750 3297/4048/3705
f 3351/4116/3759 3401/4185/3809 3363/4131/3771
f 3374/4144/3782 3316/4071/3724 3382/4155/3790
f 3348/4113/3756 3371/4141/3779 3402/4186/3810
f 3357/4123/3765 3403/4187/3811 3158/3876/3566
f 3393/4170/3801 3378/4150/3786 3339/4103/3747
f 3366/4134/3774 3370/4140/3778 3404/4188/3812
f 3400/4184/3808 3297/4048/3705 3356/4122/3764
f 3313/4121/3721 3405/4189/3813 3279/4090/3687
f 3385/4159/3793 3379/4151/3787 3327/4084/3735
f 3406/4190/3814 3299/4050/3707 3353/4118/3761
f 3319/4074/3727 3407/4191/3815 3268/4017/3676
f 3377/4149/3785 3385/4159/3793 3321/4077/3729
f 3408/4192/3816 3331/4092/3739 3365/4133/3773
f 3382/4155/3790 3326/4083/3734 3387/4162/3795
f 3406/4190/3814 3356/4122/3764 3299/4050/3707
f 3266/4015/3674 3394/4174/3802 3340/4104/3748
f 3344/4108/3752 3158/3876/3566 3403/4187/3811
f 3348/4193/3756 3402/4194/3810 3365/4195/3773
f 3358/4124/3766 3395/4175/3803 3310/4125/3718
f 3378/4150/3786 3409/4196/3817 3360/4127/3768
f 3352/4117/3760 3410/4197/3818 3361/4129/3769
f 3411/4198/3819 3335/4099/3743 3355/4120/3763
f 3390/4166/3798 3399/4183/3807 3317/4072/3725
f 3362/4130/3770 3412/4199/3820 3351/4116/3759
f 3328/4091/3736 3279/4090/3687 3405/4189/3813
f 3359/4126/3767 3322/4139/3730 3413/4200/3821
f 3387/4162/3795 3329/4087/3737 3396/4177/3804
f 3397/4181/3805 3398/4182/3806 3350/4115/3758
f 3401/4185/3809 3393/4170/3801 3363/4131/3771
f 3414/4201/3822 3173/3892/3581 3298/4049/3706
f 3268/4017/3676 3407/4191/3815 3354/4119/3762
f 3347/4112/3755 3415/4202/3823 3301/4053/3709
f 3251/4061/3659 3345/4109/3753 3388/4163/3796
f 3409/4196/3817 3397/4181/3805 3360/4127/3768
f 3376/4158/3784 3416/4203/3824 3370/4140/3778
f 3417/4204/3825 3371/4141/3779 3418/4205/3826
f 3418/4205/3826 3371/4141/3779 3380/4153/3788
f 3375/4152/3783 3359/4126/3767 3413/4200/3821
f 3419/4206/3827 3368/4136/3776 3391/4167/3799
f 3417/4204/3825 3420/4207/3828 3371/4141/3779
f 3419/4206/3827 3390/4166/3798 3368/4136/3776
f 3421/4208/3829 3404/4188/3812 3370/4140/3778
f 3341/4105/3749 3422/4209/3830 3364/4132/3772
f 3412/4199/3820 3401/4185/3809 3351/4116/3759
f 3413/4200/3821 3322/4139/3730 3372/4210/3780
f 3398/4182/3806 3410/4197/3818 3352/4117/3760
f 3379/4151/3787 3411/4198/3819 3355/4120/3763
f 3423/4211/3831 3324/4146/3732 3369/4137/3777
f 3366/4168/3774 3404/4212/3812 3392/4169/3800
f 3396/4177/3804 3335/4099/3743 3411/4198/3819
f 3288/4098/3696 3331/4097/3739 3424/4213/3832
f 3288/4098/3696 3424/4213/3832 3332/4160/3740
f 3334/4095/3742 3243/3981/3651 3425/4214/3833
f 3421/4208/3829 3370/4140/3778 3426/4215/3834
f 3374/4144/3782 3427/4216/3835 3362/4130/3770
f 3301/4053/3709 3415/4202/3823 3367/4135/3775
f 3313/4121/3721 3304/4056/3712 3428/4217/3836
f 3354/4119/3762 3429/4218/3837 3294/4045/3702
f 3420/4207/3828 3402/4186/3810 3371/4141/3779
f 3361/4129/3769 3430/4219/3838 3391/4167/3799
f 3375/4152/3783 3431/4220/3839 3292/4172/3700
f 3294/4045/3702 3429/4218/3837 3372/4142/3780
f 3432/4221/3840 3358/4124/3766 3320/4075/3728
f 3340/4104/3748 3433/4222/3841 3287/4038/3695
f 3393/4170/3801 3434/4223/3842 3378/4150/3786
f 3426/4215/3834 3370/4140/3778 3416/4203/3824
f 3346/4176/3754 3435/4224/3843 3380/4225/3788
f 3399/4183/3807 3422/4209/3830 3341/4105/3749
f 3423/4211/3831 3369/4137/3777 3384/4165/3792
f 3427/4216/3835 3412/4199/3820 3362/4130/3770
f 3434/4223/3842 3409/4196/3817 3378/4150/3786
f 3381/4226/3789 3324/4146/3732 3423/4211/3831
f 3432/4221/3840 3320/4075/3728 3386/4161/3794
f 3417/4204/3825 3436/4227/3844 3437/4228/3845
f 3410/4197/3818 3430/4219/3838 3361/4129/3769
f 3364/4132/3772 3438/4229/3846 3377/4149/3785
f 3382/4155/3790 3439/4230/3847 3374/4144/3782
f 3437/4228/3845 3420/4207/3828 3417/4204/3825
f 3376/4148/3784 3328/4091/3736 3405/4189/3813
f 3385/4159/3793 3440/4231/3848 3379/4151/3787
f 3315/4070/3723 3173/3892/3581 3441/4232/3849
f 3357/4173/3765 3292/4172/3700 3431/4220/3839
f 3389/4164/3797 3330/4088/3738 3442/4233/3850
f 3287/4038/3695 3433/4222/3841 3373/4143/3781
f 3387/4162/3795 3443/4234/3851 3382/4155/3790
f 3295/4180/3703 3444/4235/3852 3384/4165/3792
f 3445/4236/3853 3416/4203/3824 3376/4158/3784
f 3442/4233/3850 3330/4088/3738 3381/4154/3789
f 3430/4219/3838 3419/4206/3827 3391/4167/3799
f 3446/4237/3854 3399/4183/3807 3390/4166/3798
f 3446/4237/3854 3390/4166/3798 3419/4206/3827
f 3395/4175/3803 3435/4224/3843 3346/4176/3754
f 3401/4185/3809 3447/4238/3855 3393/4170/3801
f 3298/4049/3706 3264/4012/3672 3414/4201/3822
f 3377/4149/3785 3448/4239/3856 3385/4159/3793
f 3449/4240/3857 3353/4118/3761 3389/4164/3797
f 3450/4241/3858 3386/4161/3794 3342/4106/3750
f 3451/4242/3859 3404/4188/3812 3421/4208/3829
f 3440/4231/3848 3411/4198/3819 3379/4151/3787
f 3409/4196/3817 3452/4243/3860 3397/4181/3805
f 3439/4230/3847 3427/4216/3835 3374/4144/3782
f 3396/4177/3804 3453/4244/3861 3387/4162/3795
f 3367/4135/3775 3454/4245/3862 3312/4066/3720
f 3397/4181/3805 3455/4246/3863 3398/4182/3806
f 3413/4200/3821 3431/4220/3839 3375/4152/3783
f 3295/4180/3703 3337/4179/3745 3444/4235/3852
f 3422/4209/3830 3438/4229/3846 3364/4132/3772
f 3243/3981/3651 3344/4108/3752 3456/4247/3864
f 3426/4215/3834 3457/4248/3865 3421/4208/3829
f 3412/4199/3820 3458/4249/3866 3401/4185/3809
f 3450/4241/3858 3342/4106/3750 3400/4184/3808
f 3417/4204/3825 3459/4250/3867 3436/4227/3844
f 3418/4205/3826 3459/4250/3867 3417/4204/3825
f 3449/4240/3857 3406/4190/3814 3353/4118/3761
f 3425/4214/3833 3304/4056/3712 3334/4095/3742
f 3447/4238/3855 3434/4223/3842 3393/4170/3801
f 3443/4234/3851 3439/4230/3847 3382/4155/3790
f 3460/4251/3868 3400/4184/3808 3356/4122/3764
f 3372/4210/3780 3431/4220/3839 3413/4200/3821
f 3460/4251/3868 3356/4122/3764 3406/4190/3814
f 3398/4182/3806 3461/4252/3869 3410/4197/3818
f 3434/4223/3842 3462/4253/3870 3409/4196/3817
f 3392/4169/3800 3404/4212/3812 3463/4254/3871
f 3411/4198/3819 3464/4255/3872 3396/4177/3804
f 3312/4066/3720 3454/4245/3862 3394/4174/3802
f 3453/4244/3861 3443/4234/3851 3387/4162/3795
f 3421/4208/3829 3457/4248/3865 3451/4242/3859
f 3427/4216/3835 3465/4256/3873 3412/4199/3820
f 3373/4143/3781 3466/4257/3874 3319/4074/3727
f 3437/4228/3845 3436/4227/3844 3467/4258/3875
f 3408/4259/3816 3424/4213/3832 3331/4097/3739
f 3428/4217/3836 3405/4189/3813 3313/4121/3721
f 3448/4239/3856 3440/4231/3848 3385/4159/3793
f 3438/4229/3846 3448/4239/3856 3377/4149/3785
f 3437/4260/3845 3467/4261/3875 3420/4262/3828
f 3452/4243/3860 3455/4246/3863 3397/4181/3805
f 3392/4169/3800 3468/4263/3876 3347/4112/3755
f 3426/4264/3834 3416/4265/3824 3469/4266/3877
f 3458/4249/3866 3447/4238/3855 3401/4185/3809
f 3384/4165/3792 3444/4235/3852 3423/4211/3831
f 3462/4253/3870 3452/4243/3860 3409/4196/3817
f 3404/4212/3812 3451/4267/3859 3463/4254/3871
f 3470/4268/3878 3402/4186/3810 3420/4207/3828
f 3380/4225/3788 3471/4269/3879 3418/4270/3826
f 3472/4271/3880 3422/4209/3830 3399/4183/3807
f 3473/4272/3881 3395/4175/3803 3358/4124/3766
f 3474/4273/3882 3419/4206/3827 3430/4219/3838
f 3464/4255/3872 3453/4244/3861 3396/4177/3804
f 3475/4274/3883 3345/4109/3753 3332/4160/3740
f 3429/4275/3837 3431/4220/3839 3372/4210/3780
f 3474/4273/3882 3446/4237/3854 3419/4206/3827
f 3319/4074/3727 3466/4257/3874 3407/4191/3815
f 3472/4271/3880 3399/4183/3807 3446/4237/3854
f 3465/4256/3873 3458/4249/3866 3412/4199/3820
f 3469/4276/3877 3457/4248/3865 3426/4215/3834
f 3461/4252/3869 3430/4219/3838 3410/4197/3818
f 3455/4246/3863 3461/4252/3869 3398/4182/3806
f 3425/4214/3833 3243/3981/3651 3456/4247/3864
f 3376/4148/3784 3405/4189/3813 3445/4277/3853
f 3423/4211/3831 3444/4235/3852 3381/4226/3789
f 3347/4112/3755 3468/4263/3876 3415/4202/3823
f 3473/4272/3881 3358/4124/3766 3432/4221/3840
f 3439/4230/3847 3476/4278/3884 3427/4216/3835
f 3440/4231/3848 3477/4279/3885 3411/4198/3819
f 3447/4238/3855 3478/4280/3886 3434/4223/3842
f 3407/4191/3815 3479/4281/3887 3354/4119/3762
f 3357/4173/3765 3431/4220/3839 3480/4282/3888
f 3480/4283/3888 3403/4187/3811 3357/4123/3765
f 3435/4224/3843 3471/4269/3879 3380/4225/3788
f 3481/4284/3889 3436/4227/3844 3482/4285/3890
f 3354/4119/3762 3479/4281/3887 3429/4218/3837
f 3476/4278/3884 3465/4256/3873 3427/4216/3835
f 3478/4280/3886 3462/4253/3870 3434/4223/3842
f 3477/4279/3885 3464/4255/3872 3411/4198/3819
f 3394/4174/3802 3483/4286/3891 3340/4104/3748
f 3484/4287/3892 3441/4232/3849 3173/3892/3581
f 3485/4288/3893 3337/4101/3745 3383/4156/3791
f 3451/4242/3859 3457/4248/3865 3486/4289/3894
f 3482/4285/3890 3436/4227/3844 3487/4290/3895
f 3381/4226/3789 3444/4235/3852 3442/4291/3850
f 3488/4292/3896 3438/4229/3846 3422/4209/3830
f 3487/4290/3895 3436/4227/3844 3459/4250/3867
f 3484/4287/3892 3173/3892/3581 3414/4201/3822
f 3443/4234/3851 3489/4293/3897 3439/4230/3847
f 3490/4294/3898 3432/4221/3840 3386/4161/3794
f 3491/4295/3899 3467/4258/3875 3436/4227/3844
f 3485/4296/3893 3444/4235/3852 3337/4179/3745
f 3488/4292/3896 3422/4209/3830 3472/4271/3880
f 3492/4297/3900 3474/4273/3882 3430/4219/3838
f 3469/4276/3877 3493/4298/3901 3457/4248/3865
f 3332/4160/3740 3424/4213/3832 3475/4274/3883
f 3453/4244/3861 3494/4299/3902 3443/4234/3851
f 3492/4297/3900 3430/4219/3838 3461/4252/3869
f 3365/4195/3773 3402/4194/3810 3495/4300/3903
f 3448/4239/3856 3496/4301/3904 3440/4231/3848
f 3340/4104/3748 3483/4286/3891 3433/4222/3841
f 3497/4302/3905 3446/4237/3854 3474/4273/3882
f 3458/4249/3866 3498/4303/3906 3447/4238/3855
f 3497/4302/3905 3472/4271/3880 3446/4237/3854
f 3365/4195/3773 3495/4300/3903 3408/4259/3816
f 3449/4240/3857 3389/4164/3797 3499/4304/3907
f 3491/4295/3899 3436/4227/3844 3481/4284/3889
f 3315/4305/3723 3441/4306/3849 3383/4307/3791
f 3452/4243/3860 3500/4308/3908 3455/4246/3863
f 3490/4294/3898 3386/4161/3794 3450/4241/3858
f 3344/4309/3752 3403/4310/3811 3456/4311/3864
f 3501/4312/3909 3486/4289/3894 3457/4248/3865
f 3499/4304/3907 3389/4164/3797 3442/4233/3850
f 3489/4293/3897 3476/4278/3884 3439/4230/3847
f 3415/4202/3823 3502/4313/3910 3367/4135/3775
f 3503/4314/3911 3448/4239/3856 3438/4229/3846
f 3464/4255/3872 3504/4315/3912 3453/4244/3861
f 3501/4312/3909 3457/4248/3865 3505/4316/3913
f 3506/4317/3914 3406/4190/3814 3449/4240/3857
f 3505/4316/3913 3457/4248/3865 3493/4298/3901
f 3496/4301/3904 3477/4279/3885 3440/4231/3848
f 3418/4318/3826 3507/4319/3915 3459/4320/3867
f 3465/4256/3873 3508/4321/3916 3458/4249/3866
f 3509/4322/3917 3264/4012/3672 3388/4163/3796
f 3455/4246/3863 3510/4323/3918 3461/4252/3869
f 3482/4285/3890 3511/4324/3919 3481/4284/3889
f 3498/4303/3906 3478/4280/3886 3447/4238/3855
f 3463/4254/3871 3451/4267/3859 3512/4325/3920
f 3513/4326/3921 3435/4224/3843 3395/4175/3803
f 3506/4317/3914 3460/4251/3868 3406/4190/3814
f 3514/4327/3922 3450/4241/3858 3400/4184/3808
f 3494/4299/3902 3489/4293/3897 3443/4234/3851
f 3451/4267/3859 3486/4328/3894 3512/4325/3920
f 3514/4327/3922 3400/4184/3808 3460/4251/3868
f 3503/4314/3911 3438/4229/3846 3488/4292/3896
f 3429/4275/3837 3515/4329/3923 3431/4220/3839
f 3463/4254/3871 3516/4330/3924 3392/4169/3800
f 3462/4253/3870 3517/4331/3925 3452/4243/3860
f 3476/4278/3884 3518/4332/3926 3465/4256/3873
f 3504/4315/3912 3494/4299/3902 3453/4244/3861
f 3477/4279/3885 3519/4333/3927 3464/4255/3872
f 3367/4135/3775 3502/4313/3910 3454/4245/3862
f 3500/4308/3908 3510/4323/3918 3455/4246/3863
f 3513/4326/3921 3395/4175/3803 3473/4272/3881
f 3510/4323/3918 3492/4297/3900 3461/4252/3869
f 3520/4334/3928 3304/4056/3712 3425/4214/3833
f 3508/4321/3916 3498/4303/3906 3458/4249/3866
f 3433/4222/3841 3521/4335/3929 3373/4143/3781
f 3428/4217/3836 3304/4056/3712 3522/4336/3930
f 3523/4337/3931 3496/4301/3904 3448/4239/3856
f 3471/4338/3879 3507/4319/3915 3418/4318/3826
f 3482/4285/3890 3524/4339/3932 3511/4324/3919
f 3525/4340/3933 3493/4298/3901 3469/4276/3877
f 3480/4282/3888 3431/4220/3839 3515/4329/3923
f 3526/4341/3934 3488/4292/3896 3472/4271/3880
f 3527/4342/3935 3474/4273/3882 3492/4297/3900
f 3523/4337/3931 3448/4239/3856 3503/4314/3911
f 3487/4290/3895 3524/4339/3932 3482/4285/3890
f 3527/4342/3935 3497/4302/3905 3474/4273/3882
f 3519/4333/3927 3504/4315/3912 3464/4255/3872
f 3526/4341/3934 3472/4271/3880 3497/4302/3905
f 3518/4332/3926 3508/4321/3916 3465/4256/3873
f 3445/4277/3853 3528/4343/3936 3416/4265/3824
f 3392/4169/3800 3516/4330/3924 3468/4263/3876
f 3510/4323/3918 3500/4308/3908 3511/4324/3919
f 3505/4316/3913 3529/4344/3937 3501/4312/3909
f 3373/4143/3781 3521/4335/3929 3466/4257/3874
f 3479/4345/3887 3515/4329/3923 3429/4275/3837
f 3530/4346/3938 3486/4289/3894 3501/4312/3909
f 3517/4331/3925 3500/4308/3908 3452/4243/3860
f 3531/4347/3939 3442/4291/3850 3444/4235/3852
f 3489/4293/3897 3532/4348/3940 3476/4278/3884
f 3481/4284/3889 3511/4324/3919 3533/4349/3941
f 3470/4350/3878 3495/4300/3903 3402/4194/3810
f 3534/4351/3942 3467/4258/3875 3491/4295/3899
f 3478/4280/3886 3535/4352/3943 3462/4253/3870
f 3505/4353/3913 3493/4354/3901 3536/4355/3944
f 3469/4266/3877 3416/4265/3824 3528/4343/3936
f 3496/4301/3904 3537/4356/3945 3477/4279/3885
f 3388/4163/3796 3345/4109/3753 3509/4322/3917
f 3420/4262/3828 3467/4261/3875 3538/4357/3946
f 3539/4358/3947 3473/4272/3881 3432/4221/3840
f 3414/4201/3822 3264/4012/3672 3540/4359/3948
f 3499/4304/3907 3506/4317/3914 3449/4240/3857
f 3481/4360/3889 3533/4361/3941 3491/4362/3899
f 3531/4347/3939 3444/4235/3852 3485/4296/3893
f 3532/4348/3940 3518/4332/3926 3476/4278/3884
f 3537/4356/3945 3519/4333/3927 3477/4279/3885
f 3511/4324/3919 3500/4308/3908 3533/4349/3941
f 3445/4277/3853 3405/4189/3813 3541/4363/3949
f 3466/4257/3874 3542/4364/3950 3407/4191/3815
f 3480/4282/3888 3543/4365/3951 3403/4310/3811
f 3420/4262/3828 3538/4357/3946 3470/4366/3878
f 3459/4320/3867 3544/4367/3952 3487/4368/3895
f 3407/4191/3815 3542/4364/3950 3479/4281/3887
f 3454/4245/3862 3545/4369/3953 3394/4174/3802
f 3536/4370/3944 3529/4344/3937 3505/4316/3913
f 3546/4371/3954 3503/4314/3911 3488/4292/3896
f 3511/4324/3919 3547/4372/3955 3510/4323/3918
f 3547/4372/3955 3492/4297/3900 3510/4323/3918
f 3494/4299/3902 3548/4373/3956 3489/4293/3897
f 3539/4358/3947 3432/4221/3840 3490/4294/3898
f 3463/4254/3871 3512/4325/3920 3516/4330/3924
f 3499/4374/3907 3442/4291/3850 3531/4347/3939
f 3549/4375/3957 3424/4213/3832 3408/4259/3816
f 3550/4376/3958 3471/4269/3879 3435/4224/3843
f 3383/4307/3791 3551/4377/3959 3485/4296/3893
f 3546/4371/3954 3488/4292/3896 3526/4341/3934
f 3504/4315/3912 3552/4378/3960 3494/4299/3902
f 3512/4325/3920 3486/4328/3894 3553/4379/3961
f 3554/4380/3962 3497/4302/3905 3527/4342/3935
f 3554/4380/3962 3526/4341/3934 3497/4302/3905
f 3456/4311/3864 3403/4310/3811 3543/4365/3951
f 3555/4381/3963 3501/4312/3909 3529/4344/3937
f 3524/4339/3932 3547/4372/3955 3511/4324/3919
f 3486/4328/3894 3530/4382/3938 3553/4379/3961
f 3394/4174/3802 3545/4369/3953 3483/4286/3891
f 3535/4352/3943 3517/4331/3925 3462/4253/3870
f 3530/4346/3938 3501/4312/3909 3555/4381/3963
f 3468/4263/3876 3556/4383/3964 3415/4202/3823
f 3425/4384/3833 3456/4311/3864 3520/4385/3928
f 3548/4373/3956 3532/4348/3940 3489/4293/3897
f 3383/4307/3791 3441/4306/3849 3551/4377/3959
f 3519/4333/3927 3557/4386/3965 3504/4315/3912
f 3558/4387/3966 3496/4301/3904 3523/4337/3931
f 3559/4388/3967 3523/4337/3931 3503/4314/3911
f 3550/4376/3958 3435/4224/3843 3513/4326/3921
f 3507/4319/3915 3544/4367/3952 3459/4320/3867
f 3560/4389/3968 3460/4251/3868 3506/4317/3914
f 3561/4390/3969 3490/4294/3898 3450/4241/3858
f 3500/4391/3908 3517/4392/3925 3533/4361/3941
f 3520/4334/3928 3562/4393/3970 3304/4056/3712
f 3522/4336/3930 3405/4189/3813 3428/4217/3836
f 3563/4394/3971 3537/4356/3945 3496/4301/3904
f 3515/4329/3923 3543/4365/3951 3480/4282/3888
f 3560/4389/3968 3514/4327/3922 3460/4251/3868
f 3561/4390/3969 3450/4241/3858 3514/4327/3922
f 3564/4395/3972 3508/4321/3916 3518/4332/3926
f 3565/4396/3973 3478/4280/3886 3498/4303/3906
f 3492/4297/3900 3566/4397/3974 3527/4342/3935
f 3552/4378/3960 3548/4373/3956 3494/4299/3902
f 3559/4388/3967 3503/4314/3911 3546/4371/3954
f 3469/4266/3877 3528/4343/3936 3525/4398/3933
f 3415/4202/3823 3556/4383/3964 3502/4313/3910
f 3557/4386/3965 3552/4378/3960 3504/4315/3912
f 3522/4336/3930 3304/4056/3712 3562/4393/3970
f 3537/4356/3945 3567/4399/3975 3519/4333/3927
f 3563/4394/3971 3496/4301/3904 3558/4387/3966
f 3532/4348/3940 3564/4395/3972 3518/4332/3926
f 3568/4400/3976 3498/4303/3906 3508/4321/3916
f 3408/4259/3816 3495/4300/3903 3549/4375/3957
f 3479/4345/3887 3543/4365/3951 3515/4329/3923
f 3547/4372/3955 3566/4397/3974 3492/4297/3900
f 3485/4296/3893 3551/4377/3959 3531/4347/3939
f 3536/4370/3944 3569/4401/3977 3529/4344/3937
f 3541/4363/3949 3528/4343/3936 3445/4277/3853
f 3534/4402/3942 3538/4357/3946 3467/4261/3875
f 3570/4403/3978 3506/4317/3914 3499/4304/3907
f 3571/4404/3979 3546/4371/3954 3526/4341/3934
f 3483/4286/3891 3572/4405/3980 3433/4222/3841
f 3487/4368/3895 3573/4406/3981 3524/4407/3932
f 3558/4387/3966 3523/4337/3931 3559/4388/3967
f 3574/4408/3982 3513/4326/3921 3473/4272/3881
f 3571/4404/3979 3526/4341/3934 3554/4380/3962
f 3567/4399/3975 3557/4386/3965 3519/4333/3927
f 3575/4409/3983 3264/4012/3672 3509/4322/3917
f 3575/4409/3983 3540/4359/3948 3264/4012/3672
f 3525/4398/3933 3576/4410/3984 3493/4354/3901
f 3577/4411/3985 3529/4344/3937 3578/4412/3986
f 3520/4385/3928 3456/4311/3864 3543/4365/3951
f 3542/4413/3950 3543/4365/3951 3479/4345/3887
f 3433/4222/3841 3572/4405/3980 3521/4335/3929
f 3536/4355/3944 3493/4354/3901 3576/4410/3984
f 3579/4414/3987 3535/4352/3943 3478/4280/3886
f 3531/4347/3939 3551/4377/3959 3499/4374/3907
f 3580/4415/3988 3529/4344/3937 3577/4411/3985
f 3574/4408/3982 3473/4272/3881 3539/4358/3947
f 3581/4416/3989 3345/4109/3753 3475/4274/3883
f 3563/4394/3971 3582/4417/3990 3537/4356/3945
f 3555/4381/3963 3529/4344/3937 3580/4415/3988
f 3583/4418/3991 3441/4232/3849 3484/4287/3892
f 3512/4325/3920 3553/4379/3961 3584/4419/3992
f 3516/4330/3924 3512/4325/3920 3584/4419/3992
f 3570/4403/3978 3560/4389/3968 3506/4317/3914
f 3553/4379/3961 3530/4382/3938 3585/4420/3993
f 3527/4342/3935 3586/4421/3994 3554/4380/3962
f 3530/4382/3938 3555/4422/3963 3585/4420/3993
f 3544/4367/3952 3573/4406/3981 3487/4368/3895
f 3582/4417/3990 3567/4399/3975 3537/4356/3945
f 3568/4400/3976 3508/4321/3916 3564/4395/3972
f 3587/4423/3995 3471/4269/3879 3550/4376/3958
f 3521/4335/3929 3588/4424/3996 3466/4257/3874
f 3502/4313/3910 3589/4425/3997 3454/4245/3862
f 3590/4426/3998 3559/4388/3967 3546/4371/3954
f 3471/4338/3879 3591/4427/3999 3507/4319/3915
f 3466/4257/3874 3588/4424/3996 3542/4364/3950
f 3414/4428/3822 3540/4429/3948 3484/4430/3892
f 3578/4412/3986 3529/4344/3937 3592/4431/4000
f 3583/4432/3991 3551/4377/3959 3441/4306/3849
f 3499/4374/3907 3551/4377/3959 3570/4433/3978
f 3569/4401/3977 3592/4431/4000 3529/4344/3937
f 3548/4373/3956 3593/4434/4001 3532/4348/3940
f 3579/4414/3987 3478/4280/3886 3565/4396/3973
f 3594/4435/4002 3569/4401/3977 3536/4370/3944
f 3590/4426/3998 3546/4371/3954 3571/4404/3979
f 3595/4436/4003 3539/4358/3947 3490/4294/3898
f 3516/4330/3924 3596/4437/4004 3468/4263/3876
f 3566/4397/3974 3586/4421/3994 3527/4342/3935
f 3578/4412/3986 3597/4438/4005 3577/4411/3985
f 3524/4407/3932 3598/4439/4006 3547/4440/3955
f 3565/4396/3973 3498/4303/3906 3568/4400/3976
f 3558/4387/3966 3599/4441/4007 3563/4394/3971
f 3600/4442/4008 3552/4378/3960 3557/4386/3965
f 3593/4434/4001 3564/4395/3972 3532/4348/3940
f 3601/4443/4009 3514/4327/3922 3560/4389/3968
f 3595/4436/4003 3490/4294/3898 3561/4390/3969
f 3454/4245/3862 3589/4425/3997 3545/4369/3953
f 3602/4444/4010 3495/4300/3903 3470/4350/3878
f 3603/4445/4011 3558/4387/3966 3559/4388/3967
f 3601/4443/4009 3561/4390/3969 3514/4327/3922
f 3470/4366/3878 3538/4357/3946 3602/4446/4010
f 3567/4399/3975 3600/4442/4008 3557/4386/3965
f 3599/4441/4007 3582/4417/3990 3563/4394/3971
f 3475/4274/3883 3424/4213/3832 3581/4416/3989
f 3491/4362/3899 3533/4361/3941 3604/4447/4012
f 3491/4362/3899 3604/4447/4012 3534/4402/3942
f 3605/4448/4013 3550/4376/3958 3513/4326/3921
f 3606/4449/4014 3548/4373/3956 3552/4378/3960
f 3554/4380/3962 3607/4450/4015 3571/4404/3979
f 3520/4385/3928 3543/4365/3951 3608/4451/4016
f 3609/4452/4017 3577/4411/3985 3597/4438/4005
f 3468/4263/3876 3596/4437/4004 3556/4383/3964
f 3587/4453/3995 3591/4427/3999 3471/4338/3879
f 3603/4445/4011 3559/4388/3967 3590/4426/3998
f 3536/4355/3944 3576/4410/3984 3594/4454/4002
f 3580/4415/3988 3577/4411/3985 3609/4452/4017
f 3509/4322/3917 3345/4109/3753 3610/4455/4018
f 3547/4440/3955 3598/4439/4006 3566/4456/3974
f 3611/4457/4019 3405/4189/3813 3522/4336/3930
f 3525/4398/3933 3528/4343/3936 3612/4458/4020
f 3542/4413/3950 3613/4459/4021 3543/4365/3951
f 3555/4422/3963 3580/4460/3988 3614/4461/4022
f 3615/4462/4023 3560/4389/3968 3570/4403/3978
f 3533/4361/3941 3517/4392/3925 3604/4447/4012
f 3605/4448/4013 3513/4326/3921 3574/4408/3982
f 3573/4406/3981 3598/4439/4006 3524/4407/3932
f 3585/4420/3993 3555/4422/3963 3614/4461/4022
f 3616/4463/4024 3599/4441/4007 3558/4387/3966
f 3608/4464/4016 3562/4393/3970 3520/4334/3928
f 3545/4369/3953 3617/4465/4025 3483/4286/3891
f 3618/4466/4026 3597/4438/4005 3578/4412/3986
f 3619/4467/4027 3567/4399/3975 3582/4417/3990
f 3616/4463/4024 3558/4387/3966 3603/4445/4011
f 3553/4379/3961 3585/4420/3993 3620/4468/4028
f 3586/4421/3994 3607/4450/4015 3554/4380/3962
f 3507/4319/3915 3621/4469/4029 3544/4367/3952
f 3612/4458/4020 3576/4410/3984 3525/4398/3933
f 3564/4470/3972 3593/4471/4001 3568/4472/3976
f 3541/4363/3949 3405/4189/3813 3622/4473/4030
f 3584/4419/3992 3553/4379/3961 3620/4468/4028
f 3578/4474/3986 3592/4475/4000 3618/4476/4026
f 3516/4330/3924 3584/4419/3992 3596/4437/4004
f 3623/4477/4031 3570/4433/3978 3551/4377/3959
f 3535/4478/3943 3604/4447/4012 3517/4392/3925
f 3483/4286/3891 3617/4465/4025 3572/4405/3980
f 3588/4479/3996 3613/4459/4021 3542/4413/3950
f 3624/4480/4032 3593/4434/4001 3548/4373/3956
f 3606/4449/4014 3552/4378/3960 3600/4442/4008
f 3623/4477/4031 3551/4377/3959 3583/4432/3991
f 3625/4481/4033 3597/4438/4005 3626/4482/4034
f 3615/4462/4023 3601/4443/4009 3560/4389/3968
f 3627/4483/4035 3592/4431/4000 3569/4401/3977
f 3571/4404/3979 3628/4484/4036 3590/4426/3998
f 3608/4451/4016 3543/4365/3951 3613/4459/4021
f 3629/4485/4037 3574/4408/3982 3539/4358/3947
f 3484/4430/3892 3630/4486/4038 3583/4432/3991
f 3631/4487/4039 3582/4417/3990 3599/4441/4007
f 3632/4488/4040 3597/4438/4005 3625/4481/4033
f 3556/4383/3964 3633/4489/4041 3502/4313/3910
f 3634/4490/4042 3600/4442/4008 3567/4399/3975
f 3624/4480/4032 3548/4373/3956 3606/4449/4014
f 3615/4491/4023 3570/4433/3978 3623/4477/4031
f 3572/4405/3980 3635/4492/4043 3521/4335/3929
f 3609/4452/4017 3597/4438/4005 3632/4488/4040
f 3484/4430/3892 3540/4429/3948 3630/4486/4038
f 3521/4335/3929 3635/4492/4043 3588/4424/3996
f 3629/4485/4037 3539/4358/3947 3595/4436/4003
f 3636/4493/4044 3538/4357/3946 3534/4402/3942
f 3637/4494/4045 3561/4390/3969 3601/4443/4009
f 3638/4495/4046 3587/4423/3995 3550/4376/3958
f 3618/4466/4026 3639/4496/4047 3597/4438/4005
f 3626/4482/4034 3640/4497/4048 3625/4481/4033
f 3626/4482/4034 3597/4438/4005 3639/4496/4047
f 3607/4450/4015 3628/4484/4036 3571/4404/3979
f 3616/4463/4024 3631/4487/4039 3599/4441/4007
f 3637/4494/4045 3595/4436/4003 3561/4390/3969
f 3591/4427/3999 3621/4469/4029 3507/4319/3915
f 3522/4498/3930 3562/4499/3970 3611/4500/4019
f 3619/4467/4027 3582/4417/3990 3631/4487/4039
f 3634/4490/4042 3567/4399/3975 3619/4467/4027
f 3580/4460/3988 3609/4501/4017 3641/4502/4049
f 3590/4426/3998 3642/4503/4050 3603/4445/4011
f 3502/4313/3910 3633/4489/4041 3589/4425/3997
f 3643/4504/4051 3345/4109/3753 3581/4416/3989
f 3644/4505/4052 3424/4213/3832 3549/4375/3957
f 3614/4461/4022 3580/4460/3988 3641/4502/4049
f 3643/4504/4051 3610/4455/4018 3345/4109/3753
f 3611/4457/4019 3645/4506/4053 3405/4189/3813
f 3594/4454/4002 3646/4507/4054 3569/4508/3977
f 3638/4495/4046 3550/4376/3958 3605/4448/4013
f 3586/4509/3994 3566/4456/3974 3647/4510/4055
f 3622/4473/4030 3528/4343/3936 3541/4363/3949
f 3648/4511/4056 3625/4481/4033 3640/4497/4048
f 3566/4456/3974 3598/4439/4006 3649/4512/4057
f 3544/4367/3952 3650/4513/4058 3573/4406/3981
f 3642/4503/4050 3616/4463/4024 3603/4445/4011
f 3585/4420/3993 3614/4461/4022 3651/4514/4059
f 3583/4432/3991 3630/4486/4038 3623/4477/4031
f 3608/4451/4016 3652/4515/4060 3562/4499/3970
f 3632/4488/4040 3625/4481/4033 3648/4511/4056
f 3653/4516/4061 3601/4443/4009 3615/4462/4023
f 3620/4468/4028 3585/4420/3993 3651/4514/4059
f 3588/4479/3996 3635/4517/4043 3613/4459/4021
f 3628/4484/4036 3642/4503/4050 3590/4426/3998
f 3654/4518/4062 3640/4497/4048 3626/4482/4034
f 3600/4519/4008 3634/4520/4042 3606/4521/4014
f 3655/4522/4063 3540/4359/3948 3575/4409/3983
f 3534/4402/3942 3604/4447/4012 3636/4493/4044
f 3656/4523/4064 3640/4497/4048 3657/4524/4065
f 3613/4459/4021 3652/4515/4060 3608/4451/4016
f 3584/4419/3992 3620/4468/4028 3658/4525/4066
f 3596/4437/4004 3584/4419/3992 3658/4525/4066
f 3631/4487/4039 3659/4526/4067 3619/4467/4027
f 3589/4425/3997 3660/4527/4068 3545/4369/3953
f 3661/4528/4069 3631/4487/4039 3616/4463/4024
f 3509/4529/3917 3610/4530/4018 3575/4531/3983
f 3623/4477/4031 3630/4486/4038 3615/4491/4023
f 3662/4532/4070 3605/4448/4013 3574/4408/3982
f 3549/4375/3957 3495/4300/3903 3644/4505/4052
f 3626/4533/4034 3639/4534/4047 3654/4535/4062
f 3653/4516/4061 3637/4494/4045 3601/4443/4009
f 3594/4454/4002 3576/4410/3984 3646/4507/4054
f 3663/4536/4071 3640/4497/4048 3656/4523/4064
f 3609/4501/4017 3632/4537/4040 3664/4538/4072
f 3647/4510/4055 3566/4456/3974 3649/4512/4057
f 3611/4500/4019 3562/4499/3970 3652/4515/4060
f 3655/4539/4063 3630/4486/4038 3540/4429/3948
f 3657/4524/4065 3665/4540/4073 3656/4523/4064
f 3666/4541/4074 3639/4496/4047 3618/4466/4026
f 3535/4478/3943 3579/4542/3987 3667/4543/4075
f 3545/4369/3953 3660/4527/4068 3617/4465/4025
f 3668/4544/4076 3591/4427/3999 3587/4453/3995
f 3645/4506/4053 3669/4545/4077 3405/4189/3813
f 3621/4469/4029 3650/4513/4058 3544/4367/3952
f 3662/4532/4070 3574/4408/3982 3629/4485/4037
f 3661/4528/4069 3616/4463/4024 3642/4503/4050
f 3641/4502/4049 3609/4501/4017 3664/4538/4072
f 3607/4546/4015 3586/4509/3994 3670/4547/4078
f 3648/4511/4056 3640/4497/4048 3663/4536/4071
f 3615/4491/4023 3630/4486/4038 3653/4548/4061
f 3622/4473/4030 3405/4189/3813 3669/4545/4077
f 3657/4524/4065 3640/4497/4048 3671/4549/4079
f 3596/4437/4004 3672/4550/4080 3556/4383/3964
f 3661/4528/4069 3659/4526/4067 3631/4487/4039
f 3654/4518/4062 3671/4549/4079 3640/4497/4048
f 3581/4416/3989 3424/4213/3832 3673/4551/4081
f 3674/4552/4082 3595/4436/4003 3637/4494/4045
f 3674/4552/4082 3629/4485/4037 3595/4436/4003
f 3619/4467/4027 3659/4526/4067 3675/4553/4083
f 3613/4459/4021 3635/4517/4043 3652/4515/4060
f 3619/4554/4027 3675/4555/4083 3634/4520/4042
f 3617/4465/4025 3676/4556/4084 3572/4405/3980
f 3677/4557/4085 3656/4523/4064 3665/4540/4073
f 3573/4406/3981 3678/4558/4086 3598/4439/4006
f 3572/4405/3980 3676/4556/4084 3635/4492/4043
f 3668/4559/4076 3587/4423/3995 3638/4495/4046
f 3568/4472/3976 3679/4560/4087 3565/4561/3973
f 3614/4461/4022 3641/4502/4049 3680/4562/4088
f 3569/4508/3977 3681/4563/4089 3627/4564/4035
f 3682/4565/4090 3665/4540/4073 3683/4566/4091
f 3568/4472/3976 3593/4471/4001 3679/4560/4087
f 3684/4567/4092 3659/4526/4067 3685/4568/4093
f 3618/4476/4026 3592/4475/4000 3686/4569/4094
f 3556/4383/3964 3672/4550/4080 3633/4489/4041
f 3687/4570/4095 3665/4540/4073 3657/4524/4065
f 3663/4536/4071 3656/4523/4064 3677/4557/4085
f 3632/4537/4040 3648/4571/4056 3688/4572/4096
f 3651/4514/4059 3614/4461/4022 3680/4562/4088
f 3689/4573/4097 3665/4540/4073 3682/4565/4090
f 3683/4566/4091 3690/4574/4098 3682/4565/4090
f 3627/4564/4035 3686/4569/4094 3592/4475/4000
f 3691/4575/4099 3685/4568/4093 3659/4526/4067
f 3670/4547/4078 3586/4509/3994 3647/4510/4055
f 3628/4576/4036 3607/4546/4015 3692/4577/4100
f 3685/4568/4093 3693/4578/4101 3684/4567/4092
f 3691/4575/4099 3659/4526/4067 3661/4528/4069
f 3612/4458/4020 3528/4343/3936 3694/4579/4102
f 3695/4580/4103 3637/4494/4045 3653/4516/4061
f 3664/4538/4072 3632/4537/4040 3688/4572/4096
f 3657/4581/4065 3671/4582/4079 3687/4583/4095
f 3565/4561/3973 3696/4584/4104 3579/4542/3987
f 3667/4543/4075 3604/4447/4012 3535/4478/3943
f 3620/4468/4028 3651/4514/4059 3697/4585/4105
f 3690/4574/4098 3698/4586/4106 3682/4565/4090
f 3624/4587/4032 3679/4560/4087 3593/4471/4001
f 3699/4588/4107 3495/4300/3903 3602/4444/4010
f 3611/4500/4019 3652/4515/4060 3700/4589/4108
f 3701/4590/4109 3638/4495/4046 3605/4448/4013
f 3677/4557/4085 3665/4540/4073 3689/4573/4097
f 3685/4568/4093 3702/4591/4110 3693/4578/4101
f 3602/4446/4010 3538/4357/3946 3699/4592/4107
f 3703/4593/4111 3659/4526/4067 3684/4567/4092
f 3694/4579/4102 3576/4410/3984 3612/4458/4020
f 3658/4525/4066 3620/4468/4028 3697/4585/4105
f 3650/4513/4058 3678/4558/4086 3573/4406/3981
f 3683/4566/4091 3665/4540/4073 3704/4594/4112
f 3705/4595/4113 3653/4548/4061 3630/4486/4038
f 3706/4596/4114 3707/4597/4115 3690/4574/4098
f 3596/4437/4004 3658/4525/4066 3672/4550/4080
f 3676/4598/4084 3652/4515/4060 3635/4517/4043
f 3693/4578/4101 3708/4599/4116 3706/4596/4114
f 3709/4600/4117 3621/4469/4029 3591/4427/3999
f 3710/4601/4118 3675/4553/4083 3659/4526/4067
f 3700/4602/4108 3645/4506/4053 3611/4457/4019
f 3705/4595/4113 3630/4486/4038 3655/4539/4063
f 3695/4580/4103 3674/4552/4082 3637/4494/4045
f 3687/4570/4095 3704/4594/4112 3665/4540/4073
f 3575/4531/3983 3711/4603/4119 3655/4539/4063
f 3712/4604/4120 3693/4578/4101 3706/4596/4114
f 3713/4605/4121 3706/4596/4114 3690/4574/4098
f 3701/4590/4109 3605/4448/4013 3662/4532/4070
f 3648/4571/4056 3663/4606/4071 3714/4607/4122
f 3633/4489/4041 3715/4608/4123 3589/4425/3997
f 3716/4609/4124 3671/4549/4079 3654/4518/4062
f 3569/4508/3977 3646/4507/4054 3681/4563/4089
f 3717/4610/4125 3424/4213/3832 3644/4505/4052
f 3702/4591/4110 3685/4568/4093 3691/4575/4099
f 3684/4567/4092 3693/4578/4101 3718/4611/4126
f 3649/4512/4057 3598/4439/4006 3719/4612/4127
f 3682/4565/4090 3698/4586/4106 3689/4573/4097
f 3575/4531/3983 3610/4530/4018 3711/4603/4119
f 3642/4613/4050 3628/4576/4036 3720/4614/4128
f 3713/4605/4121 3690/4574/4098 3683/4566/4091
f 3717/4610/4125 3673/4551/4081 3424/4213/3832
f 3703/4593/4111 3710/4601/4118 3659/4526/4067
f 3641/4502/4049 3664/4538/4072 3721/4615/4129
f 3692/4577/4100 3607/4546/4015 3670/4547/4078
f 3695/4616/4103 3653/4548/4061 3705/4595/4113
f 3722/4617/4130 3662/4532/4070 3629/4485/4037
f 3722/4617/4130 3629/4485/4037 3674/4552/4082
f 3693/4578/4101 3702/4591/4110 3708/4599/4116
f 3690/4574/4098 3707/4597/4115 3698/4586/4106
f 3618/4476/4026 3686/4569/4094 3666/4618/4074
f 3709/4600/4117 3591/4427/3999 3668/4544/4076
f 3589/4425/3997 3715/4608/4123 3660/4527/4068
f 3706/4596/4114 3708/4599/4116 3707/4597/4115
f 3688/4572/4096 3648/4571/4056 3714/4607/4122
f 3723/4619/4131 3528/4343/3936 3622/4473/4030
f 3700/4589/4108 3652/4515/4060 3724/4620/4132
f 3718/4611/4126 3693/4578/4101 3712/4604/4120
f 3680/4562/4088 3641/4502/4049 3721/4615/4129
f 3661/4621/4069 3642/4613/4050 3725/4622/4133
f 3684/4623/4092 3718/4624/4126 3703/4625/4111
f 3724/4620/4132 3652/4515/4060 3676/4598/4084
f 3712/4604/4120 3706/4596/4114 3713/4605/4121
f 3663/4606/4071 3677/4626/4085 3726/4627/4134
f 3606/4521/4014 3727/4628/4135 3624/4587/4032
f 3660/4527/4068 3728/4629/4136 3617/4465/4025
f 3683/4630/4091 3704/4631/4112 3713/4632/4121
f 3617/4465/4025 3728/4629/4136 3676/4556/4084
f 3606/4521/4014 3634/4520/4042 3727/4628/4135
f 3729/4633/4137 3538/4357/3946 3636/4493/4044
f 3655/4539/4063 3711/4603/4119 3705/4595/4113
f 3661/4621/4069 3725/4622/4133 3691/4634/4099
f 3581/4635/3989 3673/4636/4081 3643/4637/4051
f 3730/4638/4138 3610/4455/4018 3643/4504/4051
f 3720/4614/4128 3628/4576/4036 3692/4577/4100
f 3719/4612/4127 3598/4439/4006 3678/4558/4086
f 3654/4535/4062 3639/4534/4047 3731/4639/4139
f 3732/4640/4140 3674/4552/4082 3695/4580/4103
f 3733/4641/4141 3668/4559/4076 3638/4495/4046
f 3734/4642/4142 3675/4553/4083 3710/4601/4118
f 3651/4514/4059 3680/4562/4088 3735/4643/4143
f 3647/4510/4055 3649/4512/4057 3736/4644/4144
f 3677/4626/4085 3689/4645/4097 3737/4646/4145
f 3714/4607/4122 3663/4606/4071 3726/4627/4134
f 3666/4618/4074 3731/4639/4139 3639/4534/4047
f 3738/4647/4146 3704/4594/4112 3687/4570/4095
f 3664/4538/4072 3688/4572/4096 3739/4648/4147
f 3700/4589/4108 3740/4649/4148 3645/4650/4053
f 3695/4616/4103 3705/4595/4113 3732/4651/4140
f 3697/4585/4105 3651/4514/4059 3735/4643/4143
f 3644/4505/4052 3495/4300/3903 3741/4652/4149
f 3733/4641/4141 3638/4495/4046 3701/4590/4109
f 3634/4520/4042 3675/4555/4083 3727/4628/4135
f 3730/4653/4138 3711/4603/4119 3610/4530/4018
f 3732/4640/4140 3722/4617/4130 3674/4552/4082
f 3672/4550/4080 3658/4525/4066 3742/4654/4150
f 3658/4525/4066 3697/4585/4105 3742/4654/4150
f 3689/4645/4097 3698/4655/4106 3743/4656/4151
f 3702/4657/4110 3691/4634/4099 3744/4658/4152
f 3745/4659/4153 3646/4507/4054 3576/4410/3984
f 3746/4660/4154 3710/4601/4118 3703/4593/4111
f 3725/4622/4133 3642/4613/4050 3720/4614/4128
f 3724/4620/4132 3740/4649/4148 3700/4589/4108
f 3621/4469/4029 3747/4661/4155 3650/4513/4058
f 3748/4662/4156 3621/4469/4029 3709/4600/4117
f 3627/4564/4035 3681/4563/4089 3749/4663/4157
f 3750/4664/4158 3669/4545/4077 3645/4506/4053
f 3724/4620/4132 3676/4598/4084 3740/4649/4148
f 3721/4615/4129 3664/4538/4072 3739/4648/4147
f 3751/4665/4159 3701/4590/4109 3662/4532/4070
f 3749/4663/4157 3686/4569/4094 3627/4564/4035
f 3751/4665/4159 3662/4532/4070 3722/4617/4130
f 3698/4655/4106 3707/4666/4115 3752/4667/4160
f 3726/4627/4134 3677/4626/4085 3737/4646/4145
f 3672/4550/4080 3753/4668/4161 3633/4489/4041
f 3708/4669/4116 3702/4657/4110 3754/4670/4162
f 3732/4651/4140 3705/4595/4113 3711/4603/4119
f 3707/4666/4115 3708/4669/4116 3755/4671/4163
f 3565/4561/3973 3679/4560/4087 3696/4584/4104
f 3636/4493/4044 3604/4447/4012 3729/4633/4137
f 3694/4579/4102 3528/4343/3936 3756/4672/4164
f 3723/4619/4131 3756/4672/4164 3528/4343/3936
f 3654/4535/4062 3731/4639/4139 3716/4673/4124
f 3645/4650/4053 3740/4649/4148 3750/4674/4158
f 3622/4675/4030 3669/4676/4077 3723/4677/4131
f 3670/4547/4078 3647/4510/4055 3757/4678/4165
f 3736/4644/4144 3649/4512/4057 3719/4612/4127
f 3740/4649/4148 3676/4598/4084 3728/4679/4136
f 3633/4489/4041 3753/4668/4161 3715/4608/4123
f 3688/4572/4096 3714/4607/4122 3758/4680/4166
f 3737/4646/4145 3689/4645/4097 3743/4656/4151
f 3691/4634/4099 3725/4622/4133 3759/4681/4167
f 3687/4583/4095 3671/4582/4079 3760/4682/4168
f 3761/4683/4169 3679/4560/4087 3624/4587/4032
f 3680/4562/4088 3721/4615/4129 3762/4684/4170
f 3763/4685/4171 3709/4600/4117 3668/4544/4076
f 3715/4608/4123 3764/4686/4172 3660/4527/4068
f 3765/4687/4173 3495/4300/3903 3699/4588/4107
f 3744/4658/4152 3691/4634/4099 3759/4681/4167
f 3745/4659/4153 3576/4410/3984 3694/4579/4102
f 3660/4527/4068 3764/4686/4172 3728/4629/4136
f 3766/4688/4174 3722/4617/4130 3732/4640/4140
f 3748/4662/4156 3747/4661/4155 3621/4469/4029
f 3667/4543/4075 3579/4542/3987 3767/4689/4175
f 3734/4690/4142 3727/4628/4135 3675/4555/4083
f 3743/4656/4151 3698/4655/4106 3752/4667/4160
f 3716/4673/4124 3760/4682/4168 3671/4582/4079
f 3732/4651/4140 3711/4603/4119 3766/4691/4174
f 3765/4687/4173 3741/4652/4149 3495/4300/3903
f 3735/4643/4143 3680/4562/4088 3762/4684/4170
f 3754/4670/4162 3702/4657/4110 3744/4658/4152
f 3763/4692/4171 3668/4559/4076 3733/4641/4141
f 3739/4648/4147 3688/4572/4096 3758/4680/4166
f 3643/4637/4051 3768/4693/4176 3730/4653/4138
f 3699/4592/4107 3538/4357/3946 3769/4694/4177
f 3752/4667/4160 3707/4666/4115 3755/4671/4163
f 3770/4695/4178 3711/4603/4119 3730/4653/4138
f 3666/4618/4074 3686/4569/4094 3771/4696/4179
f 3643/4637/4051 3673/4636/4081 3768/4693/4176
f 3755/4671/4163 3708/4669/4116 3754/4670/4162
f 3650/4513/4058 3772/4697/4180 3678/4558/4086
f 3766/4688/4174 3751/4665/4159 3722/4617/4130
f 3692/4577/4100 3670/4547/4078 3773/4698/4181
f 3672/4550/4080 3742/4654/4150 3753/4668/4161
f 3714/4607/4122 3726/4627/4134 3774/4699/4182
f 3697/4585/4105 3735/4643/4143 3775/4700/4183
f 3624/4587/4032 3727/4628/4135 3761/4683/4169
f 3757/4678/4165 3647/4510/4055 3736/4644/4144
f 3742/4654/4150 3697/4585/4105 3775/4700/4183
f 3776/4701/4184 3733/4641/4141 3701/4590/4109
f 3579/4542/3987 3696/4584/4104 3767/4689/4175
f 3776/4701/4184 3701/4590/4109 3751/4665/4159
f 3687/4583/4095 3760/4682/4168 3738/4702/4146
f 3769/4694/4177 3538/4357/3946 3729/4633/4137
f 3766/4691/4174 3711/4603/4119 3770/4695/4178
f 3777/4703/4185 3681/4563/4089 3646/4507/4054
f 3703/4625/4111 3718/4624/4126 3778/4704/4186
f 3740/4649/4148 3728/4679/4136 3779/4705/4187
f 3750/4674/4158 3740/4649/4148 3779/4705/4187
f 3771/4696/4179 3731/4639/4139 3666/4618/4074
f 3712/4706/4120 3778/4704/4186 3718/4624/4126
f 3750/4674/4158 3780/4707/4188 3669/4676/4077
f 3644/4708/4052 3741/4709/4149 3717/4710/4125
f 3720/4614/4128 3692/4577/4100 3781/4711/4189
f 3712/4706/4120 3713/4632/4121 3782/4712/4190
f 3783/4713/4191 3673/4551/4081 3717/4610/4125
f 3734/4690/4142 3710/4714/4118 3784/4715/4192
f 3721/4615/4129 3739/4648/4147 3785/4716/4193
f 3758/4680/4166 3714/4607/4122 3774/4699/4182
f 3730/4653/4138 3768/4693/4176 3770/4695/4178
f 3726/4627/4134 3737/4646/4145 3786/4717/4194
f 3723/4677/4131 3669/4676/4077 3780/4707/4188
f 3779/4705/4187 3728/4679/4136 3764/4718/4172
f 3787/4719/4195 3748/4662/4156 3709/4600/4117
f 3747/4661/4155 3772/4697/4180 3650/4513/4058
f 3713/4632/4121 3704/4631/4112 3788/4720/4196
f 3703/4625/4111 3778/4704/4186 3746/4721/4154
f 3789/4722/4197 3751/4665/4159 3766/4688/4174
f 3773/4698/4181 3670/4547/4078 3757/4678/4165
f 3719/4612/4127 3678/4558/4086 3790/4723/4198
f 3762/4684/4170 3721/4615/4129 3785/4716/4193
f 3783/4724/4191 3768/4693/4176 3673/4636/4081
f 3777/4703/4185 3646/4507/4054 3745/4659/4153
f 3787/4719/4195 3709/4600/4117 3763/4685/4171
f 3725/4622/4133 3720/4614/4128 3791/4725/4199
f 3766/4691/4174 3770/4695/4178 3789/4726/4197
f 3753/4668/4161 3792/4727/4200 3715/4608/4123
f 3715/4608/4123 3792/4727/4200 3764/4686/4172
f 3738/4702/4146 3788/4720/4196 3704/4631/4112
f 3789/4722/4197 3776/4701/4184 3751/4665/4159
f 3737/4646/4145 3743/4656/4151 3793/4728/4201
f 3779/4705/4187 3780/4707/4188 3750/4674/4158
f 3667/4543/4075 3794/4729/4202 3604/4447/4012
f 3753/4668/4161 3742/4654/4150 3795/4730/4203
f 3716/4673/4124 3731/4639/4139 3796/4731/4204
f 3774/4699/4182 3726/4627/4134 3786/4717/4194
f 3797/4732/4205 3763/4692/4171 3733/4641/4141
f 3735/4643/4143 3762/4684/4170 3798/4733/4206
f 3746/4721/4154 3799/4734/4207 3710/4714/4118
f 3797/4732/4205 3733/4641/4141 3776/4701/4184
f 3742/4654/4150 3775/4700/4183 3795/4730/4203
f 3759/4681/4167 3725/4622/4133 3800/4735/4208
f 3775/4700/4183 3735/4643/4143 3798/4733/4206
f 3789/4726/4197 3770/4695/4178 3768/4693/4176
f 3781/4711/4189 3692/4577/4100 3773/4698/4181
f 3743/4656/4151 3752/4667/4160 3801/4736/4209
f 3729/4633/4137 3604/4447/4012 3802/4737/4210
f 3739/4648/4147 3758/4680/4166 3803/4738/4211
f 3764/4718/4172 3780/4707/4188 3779/4705/4187
f 3796/4731/4204 3760/4682/4168 3716/4673/4124
f 3744/4658/4152 3759/4681/4167 3804/4739/4212
f 3805/4740/4213 3756/4672/4164 3723/4619/4131
f 3694/4741/4102 3756/4742/4164 3745/4743/4153
f 3752/4667/4160 3755/4671/4163 3806/4744/4214
f 3790/4723/4198 3678/4558/4086 3772/4697/4180
f 3754/4670/4162 3744/4658/4152 3807/4745/4215
f 3755/4671/4163 3754/4670/4162 3808/4746/4216
f 3749/4663/4157 3681/4563/4089 3809/4747/4217
f 3736/4644/4144 3719/4612/4127 3810/4748/4218
f 3786/4717/4194 3737/4646/4145 3793/4728/4201
f 3723/4677/4131 3780/4707/4188 3805/4749/4213
f 3784/4715/4192 3727/4628/4135 3734/4690/4142
f 3809/4747/4217 3686/4569/4094 3749/4663/4157
f 3785/4716/4193 3739/4648/4147 3803/4738/4211
f 3791/4725/4199 3720/4614/4128 3781/4711/4189
f 3811/4750/4219 3776/4701/4184 3789/4722/4197
f 3792/4751/4200 3780/4707/4188 3764/4718/4172
f 3717/4710/4125 3812/4752/4220 3783/4724/4191
f 3717/4710/4125 3741/4709/4149 3812/4752/4220
f 3813/4753/4221 3748/4662/4156 3787/4719/4195
f 3814/4754/4222 3768/4693/4176 3783/4724/4191
f 3814/4754/4222 3789/4726/4197 3768/4693/4176
f 3748/4662/4156 3815/4755/4223 3747/4661/4155
f 3793/4728/4201 3743/4656/4151 3801/4736/4209
f 3811/4750/4219 3797/4732/4205 3776/4701/4184
f 3800/4735/4208 3725/4622/4133 3791/4725/4199
f 3738/4702/4146 3760/4682/4168 3816/4756/4224
f 3758/4680/4166 3774/4699/4182 3817/4757/4225
f 3818/4758/4226 3681/4563/4089 3777/4703/4185
f 3699/4759/4107 3769/4760/4177 3765/4761/4173
f 3795/4730/4203 3819/4762/4227 3753/4668/4161
f 3753/4668/4161 3819/4762/4227 3792/4727/4200
f 3782/4712/4190 3778/4704/4186 3712/4706/4120
f 3820/4763/4228 3787/4719/4195 3763/4685/4171
f 3762/4684/4170 3785/4716/4193 3821/4764/4229
f 3820/4765/4228 3763/4692/4171 3797/4732/4205
f 3811/4766/4219 3789/4726/4197 3814/4754/4222
f 3794/4729/4202 3802/4737/4210 3604/4447/4012
f 3795/4730/4203 3775/4700/4183 3822/4767/4230
f 3757/4678/4165 3736/4644/4144 3823/4768/4231
f 3801/4736/4209 3752/4667/4160 3806/4744/4214
f 3804/4739/4212 3759/4681/4167 3800/4735/4208
f 3798/4733/4206 3762/4684/4170 3821/4764/4229
f 3810/4748/4218 3719/4612/4127 3790/4723/4198
f 3775/4700/4183 3798/4733/4206 3822/4767/4230
f 3784/4715/4192 3710/4714/4118 3799/4734/4207
f 3824/4769/4232 3741/4652/4149 3765/4687/4173
f 3806/4744/4214 3755/4671/4163 3808/4746/4216
f 3771/4696/4179 3686/4569/4094 3825/4770/4233
f 3807/4745/4215 3744/4658/4152 3804/4739/4212
f 3782/4712/4190 3713/4632/4121 3788/4720/4196
f 3803/4738/4211 3758/4680/4166 3817/4757/4225
f 3808/4746/4216 3754/4670/4162 3807/4745/4215
f 3813/4753/4221 3815/4755/4223 3748/4662/4156
f 3783/4724/4191 3812/4752/4220 3814/4754/4222
f 3792/4751/4200 3826/4771/4234 3780/4707/4188
f 3746/4721/4154 3778/4704/4186 3827/4772/4235
f 3805/4749/4213 3780/4707/4188 3826/4771/4234
f 3816/4756/4224 3788/4720/4196 3738/4702/4146
f 3667/4543/4075 3767/4689/4175 3828/4773/4236
f 3777/4774/4185 3745/4743/4153 3818/4775/4226
f 3774/4699/4182 3786/4717/4194 3829/4776/4237
s 26
f 3830/4777/4238 1886/1963/1888 3831/4778/4239
f 1886/1963/1888 1929/2020/1943 3831/4778/4239
s 1
f 3824/4779/4232 3812/4752/4220 3741/4709/4149
f 3832/4780/4240 3797/4732/4205 3811/4750/4219
f 3805/4749/4213 3833/4781/4241 3756/4742/4164
f 3745/4743/4153 3756/4742/4164 3833/4781/4241
f 3747/4661/4155 3834/4782/4242 3772/4697/4180
f 3773/4698/4181 3757/4678/4165 3835/4783/4243
f 3825/4770/4233 3731/4639/4139 3771/4696/4179
f 3814/4754/4222 3812/4752/4220 3811/4766/4219
f 3836/4784/4244 3679/4560/4087 3761/4683/4169
f 3795/4730/4203 3822/4767/4230 3819/4762/4227
f 3729/4785/4137 3802/4786/4210 3769/4760/4177
f 3832/4780/4240 3820/4765/4228 3797/4732/4205
f 3827/4772/4235 3799/4734/4207 3746/4721/4154
f 3819/4787/4227 3826/4771/4234 3792/4751/4200
f 3823/4768/4231 3736/4644/4144 3810/4748/4218
f 3809/4747/4217 3681/4563/4089 3837/4788/4245
f 3818/4758/4226 3837/4788/4245 3681/4563/4089
f 3785/4716/4193 3803/4738/4211 3838/4789/4246
s 26
f 2067/4791/4247 2066/4792/4248 3839/4790/4249
f 3839/4790/4249 2066/4792/4248 3840/4793/4250
f 2071/4795/4251 2067/4791/4247 3841/4794/4252
f 3841/4794/4252 2067/4791/4247 3839/4790/4249
s 1
f 3828/4773/4236 3794/4729/4202 3667/4543/4075
f 3842/4796/4253 3813/4753/4221 3787/4719/4195
f 3811/4766/4219 3812/4752/4220 3832/4797/4240
f 3843/4798/4254 3696/4584/4104 3679/4560/4087
f 3817/4757/4225 3774/4699/4182 3829/4776/4237
f 3842/4796/4253 3787/4719/4195 3820/4763/4228
s 26
f 2082/4800/4255 2078/4801/4256 3844/4799/4257
f 3844/4799/4257 2078/4801/4256 3845/4802/4258
s 1
f 3786/4717/4194 3793/4728/4201 3846/4803/4259
s 157
f 3840/4793/4260 2066/4792/4261 3847/4805/4262
f 3847/4805/4262 2066/4792/4261 2083/4804/4263
s 1
f 3848/4806/4264 3686/4569/4094 3809/4747/4217
f 3821/4764/4229 3785/4716/4193 3838/4789/4246
f 3781/4711/4189 3773/4698/4181 3849/4807/4265
f 3822/4767/4230 3798/4733/4206 3850/4808/4266
f 3761/4683/4169 3727/4628/4135 3836/4784/4244
s 26
f 2084/4810/4267 2082/4800/4255 3851/4809/4268
f 3851/4809/4268 2082/4800/4255 3852/4811/4269
s 1
f 3826/4771/4234 3833/4781/4241 3805/4749/4213
f 3798/4733/4206 3821/4764/4229 3850/4808/4266
f 3815/4755/4223 3834/4782/4242 3747/4661/4155
f 3818/4775/4226 3745/4743/4153 3833/4781/4241
s 26
f 3844/4799/4257 3853/4812/4270 2082/4800/4255
f 3852/4811/4269 2082/4800/4255 3853/4812/4270
s 1
f 3765/4761/4173 3769/4760/4177 3854/4813/4271
f 3835/4783/4243 3757/4678/4165 3823/4768/4231
f 3796/4731/4204 3731/4639/4139 3855/4814/4272
f 3793/4728/4201 3801/4736/4209 3856/4815/4273
f 3790/4723/4198 3772/4697/4180 3857/4816/4274
f 3858/4817/4275 3767/4689/4175 3696/4584/4104
f 3819/4762/4227 3822/4767/4230 3859/4818/4276
f 3765/4761/4173 3854/4813/4271 3824/4779/4232
f 3860/4819/4277 3820/4765/4228 3832/4780/4240
f 3791/4725/4199 3781/4711/4189 3861/4820/4278
s 157
f 3847/4805/4262 2083/4804/4263 3862/4822/4279
f 3862/4822/4279 2083/4804/4263 2104/4821/4280
s 1
f 3819/4787/4227 3859/4823/4276 3826/4771/4234
f 3863/4824/4281 3812/4752/4220 3824/4779/4232
f 3829/4776/4237 3786/4717/4194 3846/4803/4259
f 3863/4824/4281 3832/4797/4240 3812/4752/4220
f 3803/4738/4211 3817/4757/4225 3864/4825/4282
f 3855/4814/4272 3760/4682/4168 3796/4731/4204
f 3825/4770/4233 3686/4569/4094 3865/4826/4283
f 3860/4827/4277 3842/4796/4253 3820/4763/4228
f 3801/4736/4209 3806/4744/4214 3866/4828/4284
s 26
f 3831/4778/4239 1929/2020/1943 3867/4830/4285
f 1929/2020/1943 2062/4829/4286 3867/4830/4285
f 2113/4832/4287 2096/4833/4288 3868/4831/4289
f 3868/4831/4289 2096/4833/4288 3869/4834/4290
s 1
f 3848/4806/4264 3865/4826/4283 3686/4569/4094
f 3822/4767/4230 3850/4808/4266 3859/4818/4276
f 3800/4735/4208 3791/4725/4199 3870/4835/4291
s 26
f 3871/4836/4292 1947/4837/4293 3872/4838/4294
f 1947/4837/4293 1886/1963/1888 3872/4838/4294
s 1
f 3769/4760/4177 3802/4786/4210 3854/4813/4271
f 3826/4771/4234 3859/4823/4276 3833/4781/4241
f 3849/4807/4265 3773/4698/4181 3835/4783/4243
f 3838/4789/4246 3803/4738/4211 3864/4825/4282
f 3873/4839/4295 3813/4753/4221 3842/4796/4253
f 3860/4840/4277 3832/4797/4240 3863/4824/4281
f 3806/4744/4214 3808/4746/4216 3874/4841/4296
f 3804/4739/4212 3800/4735/4208 3875/4842/4297
f 3876/4843/4298 3727/4628/4135 3784/4715/4192
f 3846/4803/4259 3793/4728/4201 3856/4815/4273
f 3857/4816/4274 3772/4697/4180 3834/4782/4242
f 3808/4746/4216 3807/4745/4215 3877/4844/4299
f 3807/4745/4215 3804/4739/4212 3878/4845/4300
f 3850/4808/4266 3821/4764/4229 3879/4846/4301
f 3821/4764/4229 3838/4789/4246 3879/4846/4301
f 3815/4755/4223 3813/4753/4221 3880/4847/4302
f 3810/4748/4218 3790/4723/4198 3881/4848/4303
f 3824/4779/4232 3854/4813/4271 3863/4824/4281
f 3818/4775/4226 3833/4781/4241 3882/4849/4304
s 161
f 3883/4850/4305 2104/4821/4306 3884/4852/4307
f 3884/4852/4307 2104/4821/4306 2125/4851/4308
s 157
f 3862/4822/4279 2104/4821/4280 3885/4853/4309
f 2104/4821/4280 3883/4850/4310 3885/4853/4309
s 1
f 3861/4820/4278 3781/4711/4189 3849/4807/4265
f 3882/4854/4304 3837/4788/4245 3818/4758/4226
f 3816/4756/4224 3760/4682/4168 3886/4855/4311
f 3817/4757/4225 3829/4776/4237 3887/4856/4312
f 3888/4857/4313 3731/4639/4139 3825/4770/4233
f 3809/4858/4217 3837/4859/4245 3848/4860/4264
f 3856/4815/4273 3801/4736/4209 3866/4828/4284
f 3843/4798/4254 3679/4560/4087 3836/4784/4244
f 3828/4773/4236 3767/4689/4175 3889/4861/4314
f 3890/4862/4315 3842/4796/4253 3860/4827/4277
s 26
f 3868/4831/4289 3892/4864/4316 2113/4832/4287
f 3891/4863/4317 2113/4832/4287 3892/4864/4316
f 3867/4830/4285 2062/4829/4286 3891/4863/4317
f 3891/4863/4317 2062/4829/4286 2113/4832/4287
s 1
f 3893/4865/4318 3802/4737/4210 3794/4729/4202
f 3859/4818/4276 3850/4808/4266 3894/4866/4319
f 3880/4847/4302 3813/4753/4221 3873/4839/4295
f 3894/4867/4319 3833/4781/4241 3859/4823/4276
f 3860/4840/4277 3863/4824/4281 3890/4868/4315
s 26
f 3872/4838/4294 1886/1963/1888 3895/4869/4320
f 1886/1963/1888 3830/4777/4238 3895/4869/4320
s 1
f 3870/4835/4291 3791/4725/4199 3861/4820/4278
f 3890/4862/4315 3873/4839/4295 3842/4796/4253
f 3864/4825/4282 3817/4757/4225 3887/4856/4312
f 3893/4870/4318 3854/4813/4271 3802/4786/4210
s 161
f 3884/4852/4307 2125/4851/4308 3896/4872/4321
f 3896/4872/4321 2125/4851/4308 2150/4871/4322
s 1
f 3866/4828/4284 3806/4744/4214 3874/4841/4296
f 3858/4817/4275 3696/4584/4104 3843/4798/4254
f 3882/4849/4304 3833/4781/4241 3897/4873/4323
f 3881/4848/4303 3790/4723/4198 3857/4816/4274
f 3850/4808/4266 3879/4846/4301 3894/4866/4319
f 3823/4768/4231 3810/4748/4218 3898/4874/4324
f 3875/4842/4297 3800/4735/4208 3870/4835/4291
f 3890/4868/4315 3863/4824/4281 3854/4813/4271
f 3886/4855/4311 3788/4720/4196 3816/4756/4224
f 3874/4841/4296 3808/4746/4216 3877/4844/4299
f 3828/4875/4236 3889/4876/4314 3794/4877/4202
f 3899/4878/4325 3778/4704/4186 3782/4712/4190
f 3897/4873/4323 3833/4781/4241 3894/4867/4319
f 3855/4814/4272 3731/4639/4139 3900/4879/4326
f 3827/4772/4235 3778/4704/4186 3901/4880/4327
f 3878/4845/4300 3804/4739/4212 3875/4842/4297
f 3784/4715/4192 3799/4734/4207 3876/4843/4298
f 3877/4844/4299 3807/4745/4215 3878/4845/4300
f 3829/4776/4237 3846/4803/4259 3902/4881/4328
f 3834/4782/4242 3815/4755/4223 3903/4882/4329
f 3838/4789/4246 3864/4825/4282 3904/4883/4330
f 3879/4846/4301 3838/4789/4246 3904/4883/4330
f 3836/4784/4244 3727/4628/4135 3905/4884/4331
f 3888/4857/4313 3900/4879/4326 3731/4639/4139
f 3782/4712/4190 3788/4720/4196 3899/4878/4325
f 3882/4849/4304 3906/4885/4332 3837/4859/4245
s 161
f 3896/4872/4321 2150/4871/4322 3907/4887/4333
f 3907/4887/4333 2150/4871/4322 2181/4886/4334
s 1
f 3848/4860/4264 3837/4859/4245 3906/4885/4332
f 3901/4880/4327 3799/4734/4207 3827/4772/4235
f 3835/4783/4243 3823/4768/4231 3908/4888/4335
f 3909/4889/4336 3873/4839/4295 3890/4862/4315
f 3887/4856/4312 3829/4776/4237 3902/4881/4328
f 3903/4882/4329 3815/4755/4223 3880/4847/4302
f 3910/4890/4337 3889/4861/4314 3767/4689/4175
f 3911/4891/4338 3767/4689/4175 3858/4817/4275
f 3912/4892/4339 3760/4682/4168 3855/4814/4272
f 3898/4874/4324 3810/4748/4218 3881/4848/4303
f 3890/4868/4315 3854/4813/4271 3909/4893/4336
f 3897/4873/4323 3906/4885/4332 3882/4849/4304
f 3894/4866/4319 3879/4846/4301 3913/4894/4340
f 3914/4895/4341 3854/4813/4271 3893/4870/4318
f 3846/4803/4259 3856/4815/4273 3915/4896/4342
f 3916/4897/4343 3727/4628/4135 3876/4843/4298
f 3894/4867/4319 3913/4898/4340 3897/4873/4323
f 3909/4889/4336 3880/4847/4302 3873/4839/4295
f 3794/4877/4202 3917/4899/4344 3893/4870/4318
f 3825/4900/4233 3865/4901/4283 3888/4902/4313
f 3918/4903/4345 3865/4826/4283 3848/4806/4264
f 3879/4846/4301 3904/4883/4330 3913/4894/4340
f 3916/4897/4343 3905/4884/4331 3727/4628/4135
f 3909/4893/4336 3854/4813/4271 3914/4895/4341
f 3911/4891/4338 3910/4890/4337 3767/4689/4175
f 3857/4816/4274 3834/4782/4242 3919/4904/4346
f 3864/4825/4282 3887/4856/4312 3920/4905/4347
f 3849/4807/4265 3835/4783/4243 3921/4906/4348
s 161
f 3907/4887/4333 2181/4886/4334 3923/4908/4349
f 2181/4886/4334 3922/4907/4350 3923/4908/4349
s 1
f 3925/4910/4351 3924/4909/4352 1978/2094/2014
f 3924/4909/4352 1789/1864/1789 1978/2094/2014
f 3886/4855/4311 3760/4682/4168 3926/4911/4353
f 3848/4860/4264 3906/4885/4332 3918/4912/4345
f 3904/4883/4330 3864/4825/4282 3920/4905/4347
s 60
f 3922/4913/4354 2181/4914/4355 2216/2471/2352
f 2216/2471/2352 2181/4914/4355 2190/2472/2353
s 1
f 3794/4877/4202 3889/4876/4314 3917/4899/4344
f 3897/4873/4323 3913/4898/4340 3906/4885/4332
f 3856/4815/4273 3866/4828/4284 3927/4915/4356
f 3902/4881/4328 3846/4803/4259 3915/4896/4342
f 3908/4888/4335 3823/4768/4231 3898/4874/4324
f 3912/4892/4339 3926/4911/4353 3760/4682/4168
f 3893/4870/4318 3917/4899/4344 3914/4895/4341
f 3861/4820/4278 3849/4807/4265 3928/4916/4357
f 3919/4904/4346 3834/4782/4242 3903/4882/4329
f 3929/4917/4358 3880/4847/4302 3909/4889/4336
f 3866/4828/4284 3874/4841/4296 3930/4918/4359
f 3913/4894/4340 3904/4883/4330 3931/4919/4360
f 3909/4893/4336 3914/4895/4341 3929/4920/4358
f 3870/4835/4291 3861/4820/4278 3932/4921/4361
f 3915/4896/4342 3856/4815/4273 3927/4915/4356
f 3931/4922/4360 3906/4885/4332 3913/4898/4340
f 3881/4848/4303 3857/4816/4274 3933/4923/4362
f 3921/4906/4348 3835/4783/4243 3908/4888/4335
f 3887/4856/4312 3902/4881/4328 3934/4924/4363
f 3874/4841/4296 3877/4844/4299 3935/4925/4364
f 3918/4912/4345 3906/4885/4332 3936/4926/4365
f 3904/4883/4330 3920/4905/4347 3931/4919/4360
f 3937/4927/4366 3778/4704/4186 3899/4878/4325
s 162
f 3938/4928/4367 3939/4929/4368 2190/2472/4369
f 2217/2473/4370 2190/2472/4369 3939/4929/4368
s 1
f 3901/4880/4327 3778/4704/4186 3940/4930/4371
f 3941/4931/4372 3788/4720/4196 3886/4855/4311
f 3875/4842/4297 3870/4835/4291 3942/4932/4373
f 3877/4844/4299 3878/4845/4300 3943/4933/4374
f 3920/4905/4347 3887/4856/4312 3934/4924/4363
f 3918/4912/4345 3944/4934/4375 3865/4901/4283
f 3878/4845/4300 3875/4842/4297 3945/4935/4376
s 162
f 2190/2472/4369 2205/4936/4377 3938/4928/4367
f 3938/4928/4367 2205/4936/4377 3946/4937/4378
s 1
f 3858/4938/4275 3843/4939/4254 3911/4940/4338
f 3888/4902/4313 3865/4901/4283 3944/4934/4375
f 3903/4882/4329 3880/4847/4302 3947/4941/4379
f 3929/4920/4358 3914/4895/4341 3917/4899/4344
f 3948/4942/4380 3889/4861/4314 3910/4890/4337
f 3947/4941/4379 3880/4847/4302 3929/4917/4358
f 3936/4926/4365 3906/4885/4332 3931/4922/4360
f 3836/4943/4244 3905/4944/4331 3843/4939/4254
f 3876/4843/4298 3799/4734/4207 3949/4945/4381
s 26
f 3950/4946/4382 2049/4947/4383 3951/4948/4384
f 2049/4947/4383 1947/4837/4293 3951/4948/4384
s 1
f 3855/4949/4272 3900/4950/4326 3912/4951/4339
f 3927/4915/4356 3866/4828/4284 3930/4918/4359
f 3928/4916/4357 3849/4807/4265 3921/4906/4348
f 3933/4923/4362 3857/4816/4274 3919/4904/4346
f 3899/4878/4325 3788/4720/4196 3952/4952/4385
f 3889/4876/4314 3953/4953/4386 3917/4899/4344
f 3937/4927/4366 3940/4930/4371 3778/4704/4186
f 3954/4954/4387 3900/4879/4326 3888/4857/4313
f 3948/4955/4380 3953/4953/4386 3889/4876/4314
f 3955/4956/4388 3799/4734/4207 3901/4880/4327
f 3936/4926/4365 3944/4934/4375 3918/4912/4345
f 3898/4874/4324 3881/4848/4303 3956/4957/4389
f 3902/4881/4328 3915/4896/4342 3957/4958/4390
f 3930/4918/4359 3874/4841/4296 3935/4925/4364
f 3932/4921/4361 3861/4820/4278 3928/4916/4357
f 3931/4919/4360 3920/4905/4347 3958/4959/4391
s 162
f 2205/4936/4377 2231/4960/4392 3946/4937/4378
f 3946/4937/4378 2231/4960/4392 3959/4961/4393
s 1
f 3941/4931/4372 3960/4962/4394 3788/4720/4196
f 3929/4920/4358 3917/4899/4344 3947/4963/4379
f 3931/4922/4360 3958/4964/4391 3936/4926/4365
f 3934/4924/4363 3902/4881/4328 3957/4958/4390
f 3888/4902/4313 3944/4934/4375 3954/4965/4387
f 3920/4905/4347 3934/4924/4363 3958/4959/4391
f 3935/4925/4364 3877/4844/4299 3943/4933/4374
f 3960/4962/4394 3952/4952/4385 3788/4720/4196
f 3942/4932/4373 3870/4835/4291 3932/4921/4361
f 3961/4966/4395 3910/4890/4337 3911/4891/4338
f 3919/4904/4346 3903/4882/4329 3962/4967/4396
f 3943/4933/4374 3878/4845/4300 3945/4935/4376
f 3945/4935/4376 3875/4842/4297 3942/4932/4373
f 3910/4968/4337 3963/4969/4397 3948/4955/4380
f 3947/4963/4379 3917/4899/4344 3953/4953/4386
f 3955/4956/4388 3949/4945/4381 3799/4734/4207
f 3956/4957/4389 3881/4848/4303 3933/4923/4362
f 3962/4967/4396 3903/4882/4329 3947/4941/4379
f 3936/4926/4365 3958/4964/4391 3944/4934/4375
f 3908/4888/4335 3898/4874/4324 3964/4970/4398
f 3915/4896/4342 3927/4915/4356 3965/4971/4399
s 162
f 3959/4961/4393 2231/4960/4392 3966/4973/4400
f 3966/4973/4400 2231/4960/4392 2253/4972/4401
s 1
f 3961/4974/4395 3963/4969/4397 3910/4968/4337
f 3948/4955/4380 3963/4969/4397 3953/4953/4386
f 3886/4975/4311 3926/4976/4353 3941/4977/4372
f 3912/4951/4339 3900/4950/4326 3967/4978/4402
f 3957/4958/4390 3915/4896/4342 3965/4971/4399
f 3958/4959/4391 3934/4924/4363 3968/4979/4403
f 3876/4980/4298 3949/4981/4381 3916/4982/4343
f 3911/4940/4338 3843/4939/4254 3969/4983/4404
f 3954/4965/4387 3967/4978/4402 3900/4950/4326
f 3963/4969/4397 3947/4963/4379 3953/4953/4386
f 3843/4939/4254 3905/4944/4331 3969/4983/4404
f 3954/4965/4387 3944/4934/4375 3970/4984/4405
f 3934/4924/4363 3957/4958/4390 3968/4979/4403
f 3968/4985/4403 3944/4934/4375 3958/4964/4391
f 3971/4986/4406 3926/4911/4353 3912/4892/4339
f 3921/4906/4348 3908/4888/4335 3972/4987/4407
f 3964/4970/4398 3898/4874/4324 3956/4957/4389
f 3927/4915/4356 3930/4918/4359 3973/4988/4408
f 3933/4923/4362 3919/4904/4346 3974/4989/4409
f 3975/4990/4410 3905/4884/4331 3916/4897/4343
f 3961/4974/4395 3911/4940/4338 3976/4991/4411
f 3962/4992/4396 3947/4963/4379 3963/4969/4397
f 3974/4989/4409 3919/4904/4346 3962/4967/4396
f 3970/4984/4405 3944/4934/4375 3968/4985/4403
f 3899/4993/4325 3952/4994/4385 3937/4995/4366
f 3965/4971/4399 3927/4915/4356 3973/4988/4408
f 3928/4916/4357 3921/4906/4348 3977/4996/4412
f 3901/4997/4327 3940/4998/4371 3955/4999/4388
f 3970/4984/4405 3967/4978/4402 3954/4965/4387
f 3930/4918/4359 3935/4925/4364 3978/5000/4413
f 3912/4951/4339 3967/4978/4402 3971/5001/4406
f 3976/4991/4411 3963/4969/4397 3961/4974/4395
s 162
f 3966/4973/4400 2253/4972/4401 3979/5003/4414
f 3979/5003/4414 2253/4972/4401 2282/5002/4415
s 1
f 3972/4987/4407 3908/4888/4335 3964/4970/4398
f 3968/4979/4403 3957/4958/4390 3980/5004/4416
f 3976/4991/4411 3911/4940/4338 3969/4983/4404
f 3976/4991/4411 3962/4992/4396 3963/4969/4397
f 3975/5005/4410 3969/4983/4404 3905/4944/4331
f 3957/4958/4390 3965/4971/4399 3980/5004/4416
f 3932/4921/4361 3928/4916/4357 3981/5006/4417
f 3935/4925/4364 3943/4933/4374 3982/5007/4418
f 3956/4957/4389 3933/4923/4362 3983/5008/4419
f 3968/4985/4403 3980/5009/4416 3970/4984/4405
f 3973/4988/4408 3930/4918/4359 3978/5000/4413
f 3942/4932/4373 3932/4921/4361 3984/5010/4420
f 3974/5011/4409 3962/4992/4396 3976/4991/4411
f 3943/4933/4374 3945/4935/4376 3985/5012/4421
f 3925/4910/4351 1978/2094/2014 3986/5013/4422
f 1978/2094/2014 2336/2672/2525 3986/5013/4422
f 3941/4977/4372 3926/4976/4353 3987/5014/4423
f 3983/5008/4419 3933/4923/4362 3974/4989/4409
f 3945/4935/4376 3942/4932/4373 3988/5015/4424
f 3971/5001/4406 3987/5014/4423 3926/4976/4353
f 3970/4984/4405 3980/5009/4416 3967/4978/4402
f 3977/4996/4412 3921/4906/4348 3972/4987/4407
f 3989/5016/4425 3960/4962/4394 3941/4931/4372
f 3916/4982/4343 3949/4981/4381 3990/5017/4426
f 3916/4982/4343 3990/5017/4426 3975/5005/4410
f 3978/5000/4413 3935/4925/4364 3982/5007/4418
f 3991/5018/4427 3940/4930/4371 3937/4927/4366
f 3980/5004/4416 3965/4971/4399 3992/5019/4428
f 3976/4991/4411 3969/4983/4404 3974/5011/4409
f 3971/5001/4406 3967/4978/4402 3993/5020/4429
f 3965/4971/4399 3973/4988/4408 3992/5019/4428
f 3981/5006/4417 3928/4916/4357 3977/4996/4412
f 3994/5021/4430 3952/4952/4385 3960/4962/4394
f 3995/5022/4431 3949/4945/4381 3955/4956/4388
f 3964/4970/4398 3956/4957/4389 3996/5023/4432
f 3992/5024/4428 3967/4978/4402 3980/5009/4416
f 3982/5007/4418 3943/4933/4374 3985/5012/4421
f 3974/5011/4409 3969/4983/4404 3983/5025/4419
s 162
f 3979/5003/4414 2282/5002/4415 3998/5027/4433
f 2282/5002/4415 3997/5026/4434 3998/5027/4433
s 1
f 3984/5010/4420 3932/4921/4361 3981/5006/4417
f 3996/5023/4432 3956/4957/4389 3983/5008/4419
f 3941/4977/4372 3987/5014/4423 3989/5028/4425
f 3985/5012/4421 3945/4935/4376 3988/5015/4424
f 3999/5029/4435 3969/4983/4404 3975/5005/4410
f 3988/5015/4424 3942/4932/4373 3984/5010/4420
f 3993/5020/4429 3967/4978/4402 3992/5024/4428
f 3993/5020/4429 3987/5014/4423 3971/5001/4406
f 3955/4999/4388 3940/4998/4371 4000/5030/4436
f 3937/4995/4366 3952/4994/4385 4001/5031/4437
f 3973/4988/4408 3978/5000/4413 4002/5032/4438
f 3992/5019/4428 3973/4988/4408 4002/5032/4438
f 3972/4987/4407 3964/4970/4398 4003/5033/4439
f 3999/5029/4435 3983/5025/4419 3969/4983/4404
f 3995/5034/4431 3990/5017/4426 3949/4981/4381
f 3989/5028/4425 4004/5035/4440 3960/5036/4394
s 58
f 3997/5026/4441 2282/5002/4442 4005/5038/4443
f 4005/5038/4443 2282/5002/4442 2298/5037/4444
s 1
f 3975/5005/4410 3990/5017/4426 3999/5029/4435
s 58
f 4006/5039/4445 1992/2487/2367 2371/2716/2562
f 1992/2487/2367 2101/2609/2470 2371/2716/2562
s 1
f 3960/5036/4394 4004/5035/4440 3994/5040/4430
f 3992/5024/4428 4002/5041/4438 3993/5020/4429
f 3991/5042/4427 4000/5030/4436 3940/4998/4371
f 3937/4995/4366 4001/5031/4437 3991/5042/4427
f 4003/5033/4439 3964/4970/4398 3996/5023/4432
f 3996/5043/4432 3983/5025/4419 3999/5029/4435
f 3955/4999/4388 4000/5030/4436 3995/5034/4431
f 3994/5040/4430 4001/5031/4437 3952/4994/4385
f 3993/5020/4429 4002/5041/4438 3987/5014/4423
f 3978/5000/4413 3982/5007/4418 4007/5044/4446
f 3977/4996/4412 3972/4987/4407 4008/5045/4447
f 3989/5028/4425 3987/5014/4423 4009/5046/4448
f 4002/5032/4438 3978/5000/4413 4007/5044/4446
f 3996/5043/4432 3999/5029/4435 4003/5047/4439
f 3982/5007/4418 3985/5012/4421 4010/5048/4449
f 3981/5006/4417 3977/4996/4412 4011/5049/4450
f 4008/5045/4447 3972/4987/4407 4003/5033/4439
f 4007/5050/4446 3987/5014/4423 4002/5041/4438
f 4009/5046/4448 4004/5035/4440 3989/5028/4425
s 58
f 4005/5038/4443 2298/5037/4444 4012/5052/4451
f 4012/5052/4451 2298/5037/4444 2309/5051/4452
s 1
f 4003/5047/4439 3999/5029/4435 3990/5017/4426
f 4013/5053/4453 3990/5017/4426 3995/5034/4431
f 4009/5046/4448 3987/5014/4423 4007/5050/4446
f 3985/5012/4421 3988/5015/4424 4014/5054/4454
f 3984/5010/4420 3981/5006/4417 4015/5055/4455
f 4007/5044/4446 3982/5007/4418 4010/5048/4449
f 3988/5015/4424 3984/5010/4420 4016/5056/4456
f 3995/5034/4431 4000/5030/4436 4013/5053/4453
f 4011/5049/4450 3977/4996/4412 4008/5045/4447
f 3994/5040/4430 4004/5035/4440 4017/5057/4457
f 4003/5047/4439 3990/5017/4426 4008/5058/4447
s 26
f 4018/5059/4458 2273/5060/4459 4019/5061/4460
f 2273/5060/4459 2049/4947/4383 4019/5061/4460
s 1
f 4017/5057/4457 4001/5031/4437 3994/5040/4430
f 4020/5062/4461 4000/5030/4436 3991/5042/4427
f 3991/5042/4427 4001/5031/4437 4020/5062/4461
f 4007/5050/4446 4010/5063/4449 4009/5046/4448
f 4010/5048/4449 3985/5012/4421 4014/5054/4454
f 4008/5058/4447 3990/5017/4426 4013/5053/4453
f 4015/5055/4455 3981/5006/4417 4011/5049/4450
f 4009/5046/4448 4010/5063/4449 4004/5035/4440
f 4014/5054/4454 3988/5015/4424 4016/5056/4456
s 58
f 4006/5039/4445 4021/5064/4462 1992/2487/2367
f 4021/5064/4462 2303/2624/2481 1992/2487/2367
s 1
f 4016/5056/4456 3984/5010/4420 4015/5055/4455
f 4008/5058/4447 4013/5053/4453 4011/5065/4450
s 58
f 4012/5052/4451 2309/5051/4452 4022/5066/4463
f 4022/5066/4463 2309/5051/4452 2303/2624/2481
s 1
f 4011/5065/4450 4013/5053/4453 4000/5030/4436
f 4010/5063/4449 4014/5067/4454 4004/5035/4440
f 4004/5035/4440 4014/5067/4454 4017/5057/4457
s 26
f 4019/5061/4460 2049/4947/4383 4023/5068/4464
f 2049/4947/4383 3950/4946/4382 4023/5068/4464
s 1
f 4014/5067/4454 4001/5031/4437 4017/5057/4457
f 4011/5065/4450 4000/5030/4436 4015/5069/4455
f 4015/5069/4455 4000/5030/4436 4020/5062/4461
f 4016/5070/4456 4020/5062/4461 4001/5031/4437
f 4016/5070/4456 4001/5031/4437 4014/5067/4454
f 4015/5069/4455 4020/5062/4461 4016/5070/4456
f 3986/5013/4422 2336/2672/2525 4024/5071/4465
f 2336/2672/2525 2513/2928/2749 4024/5071/4465
s 58
f 4022/5066/4463 2303/2624/2481 4025/5072/4466
f 2303/2624/2481 4021/5064/4462 4025/5072/4466
f 2372/2717/2563 2101/2609/2470 2480/2871/2696
f 2101/2609/2470 2350/2689/2540 2480/2871/2696
s 1
f 4026/5073/4467 2367/2709/2557 4027/5074/4468
f 2367/2709/2557 2289/2603/2464 4027/5074/4468
s 26
f 4028/5075/4469 2343/5076/4470 4029/5077/4471
f 2343/5076/4470 2273/5060/4459 4029/5077/4471
s 58
f 2492/2889/2714 2350/2689/2540 2534/2961/2780
f 2534/2961/2780 2350/2689/2540 2499/2962/2781
f 2499/2962/2781 2632/5078/4472 2541/2972/2789
f 2541/2972/2789 2632/5078/4472 4030/5079/4473
s 1
f 4032/5081/4474 4031/5080/4475 2606/3081/2890
f 4031/5080/4475 2513/2928/2749 2606/3081/2890
s 58
f 2626/3115/2920 2625/3114/2919 4033/5082/4476
f 2625/3114/2919 2648/3152/2955 4033/5082/4476
s 26
f 4034/5083/4477 2419/3158/2961 4035/5084/4478
f 2419/3158/2961 2343/5076/4470 4035/5084/4478
s 58
f 2625/3114/2919 2707/5085/4479 2649/3153/2956
f 2649/3153/2956 2707/5085/4479 4036/5086/4480
s 26
f 4035/5084/4478 2343/5076/4470 4037/5087/4481
f 2343/5076/4470 4028/5075/4469 4037/5087/4481
s 58
f 4036/5086/4480 2707/5085/4479 4038/5089/4482
f 4038/5089/4482 2707/5085/4479 2727/5088/4483
s 1
f 4032/5081/4474 2606/3081/2890 4039/5091/4484
f 2606/3081/2890 2770/5090/3136 4039/5091/4484
s 58
f 2730/3303/3074 2753/5092/4485 2741/3304/3091
f 2741/3304/3091 2753/5092/4485 4040/5093/4486
s 26
f 4034/5083/4477 4041/5094/4487 2419/3158/2961
f 4041/5094/4487 2668/3188/2985 2419/3158/2961
s 58
f 2753/5092/4485 2762/5095/4488 4040/5093/4486
f 4040/5093/4486 2762/5095/4488 4042/5096/4489
s 26
f 4043/5097/4490 2782/5098/4491 4041/5094/4487
f 2782/5098/4491 2668/3188/2985 4041/5094/4487
s 1
f 4044/5099/4492 2703/3253/3042 4046/5101/4493
f 4046/5101/4493 2703/3253/3042 4045/5100/4494
s 136
f 4047/5104/4495 4044/5105/4496 2777/5103/4497
f 4046/5102/4498 2777/5103/4497 4044/5105/4496
s 1
f 4048/5107/4499 2703/3253/3042 4047/5106/4500
f 2703/3253/3042 4044/5099/4492 4047/5106/4500
s 136
f 2791/3435/3208 2804/3473/3234 2819/3436/3209
f 2819/3436/3209 2804/3473/3234 2841/3472/3233
f 4050/5110/4501 4049/5108/4502 2782/5098/4503
f 4049/5108/4502 2826/5109/4504 2782/5098/4503
f 2804/3473/3234 2821/5111/4505 2842/3474/3235
f 2842/3474/3235 2821/5111/4505 4051/5112/4506
f 4051/5113/4506 2821/5114/4505 2883/3524/3281
f 2883/3524/3281 2821/5114/4505 2837/3525/3282
f 2837/3525/3282 2849/5115/4507 2884/3526/3283
f 2884/3526/3283 2849/5115/4507 4052/5116/4508
f 4054/5119/4509 4053/5117/4510 2862/5118/4511
f 4053/5117/4510 2849/5115/4507 2862/5118/4511
f 4055/5120/4512 2855/5121/4513 4056/5122/4514
f 2855/5121/4513 2826/5109/4504 4056/5122/4514
f 4052/5116/4508 2849/5115/4507 4057/5123/4515
f 2849/5115/4507 4053/5117/4510 4057/5123/4515
f 4058/5125/4516 4054/5119/4509 2867/5124/4517
f 4054/5119/4509 2862/5118/4511 2867/5124/4517
f 4059/5126/4518 2866/5127/4519 4055/5120/4512
f 2866/5127/4519 2855/5121/4513 4055/5120/4512
f 4058/5125/4516 2867/5124/4517 2932/3588/3338
f 2867/5124/4517 2880/3589/3339 2932/3588/3338
f 4059/5126/4518 4060/5128/4520 2866/5127/4519
f 4060/5128/4520 2877/5129/4521 2866/5127/4519
f 4060/5128/4520 4061/5130/4522 2877/5129/4521
f 4061/5130/4522 2885/5131/4523 2877/5129/4521
f 2933/3590/3340 2880/3589/3339 4062/5133/4524
f 2880/3589/3339 2894/5132/4525 4062/5133/4524
f 4064/5136/4526 4063/5134/4527 2898/5135/4528
f 4063/5134/4527 2894/5132/4525 2898/5135/4528
f 4062/5133/4524 2894/5132/4525 4065/5137/4529
f 2894/5132/4525 4063/5134/4527 4065/5137/4529
f 4066/5138/4530 2896/5139/4531 4068/5141/4532
f 4068/5141/4532 2896/5139/4531 4067/5140/4533
f 2955/3619/3362 4069/5142/4534 2900/3620/3363
f 4069/5142/4534 2898/5135/4528 2900/3620/3363
f 4066/5138/4530 2956/5143/3364 2896/5139/4531
f 2956/5143/3364 2900/5144/3363 2896/5139/4531
s 1
f 4070/5145/4535 2949/5146/3356 4067/5148/4536
f 2949/5146/3356 4068/5147/4537 4067/5148/4536
s 136
f 4069/5142/4534 4071/5149/4538 2898/5135/4528
f 4064/5136/4526 2898/5135/4528 4071/5149/4538
s 26
f 2078/4801/4256 2071/4795/4251 3845/4802/4258
f 3841/4794/4252 4072/5150/4539 2071/4795/4251
f 2071/4795/4251 4072/5150/4539 3845/4802/4258
f 2096/4833/4288 2084/4810/4267 3869/4834/4290
f 3869/4834/4290 2084/4810/4267 4073/5151/4540
f 2084/4810/4267 3851/4809/4268 4073/5151/4540
s 1
f 3892/5152/4541 3868/5153/4542 1847/1924/1847
f 4073/5155/4543 1847/1924/1847 3869/5154/4544
f 1847/1924/1847 3868/5153/4542 3869/5154/4544
f 4024/5071/4465 2513/2928/2749 3951/5158/4545
f 3951/5158/4545 2513/2928/2749 3950/5157/4546
f 2513/2928/2749 4023/5156/4547 3950/5157/4546
f 4031/5080/4475 4018/5159/4548 2513/2928/2749
f 4023/5156/4547 2513/2928/2749 4019/5160/4549
f 2513/2928/2749 4018/5159/4548 4019/5160/4549
f 4039/5091/4484 2770/5090/3136 4029/5163/4550
f 4029/5163/4550 2770/5090/3136 4028/5162/4551
f 2770/5090/3136 4037/5161/4552 4028/5162/4551
s 136
f 2777/5103/4497 4046/5102/4498 2762/5095/4553
f 4042/5096/4554 2762/5095/4553 4045/5164/4555
f 2762/5095/4553 4046/5102/4498 4045/5164/4555
f 2777/5103/4497 2791/3435/3208 4047/5104/4495
f 2818/3434/3207 4048/5165/4556 2791/3435/3208
f 2791/3435/3208 4048/5165/4556 4047/5104/4495
f 4061/5130/4522 4070/5166/4557 2885/5131/4523
f 4070/5166/4557 4067/5140/4533 2885/5131/4523
f 2896/5139/4531 2885/5131/4523 4067/5140/4533
s 1
f 3853/5167/4558 3844/5168/4559 1720/1784/1720
f 3844/5168/4559 3845/5169/4560 1720/1784/1720
f 3845/5169/4560 4072/5170/4561 1720/1784/1720
f 1720/1784/1720 4072/5170/4561 1792/1867/1792
f 1847/1924/1847 4073/5155/4543 1720/1784/1720
f 4073/5155/4543 3851/5171/4562 1720/1784/1720
f 3851/5171/4562 3852/5172/4563 1720/1784/1720
f 3852/5172/4563 3853/5167/4558 1720/1784/1720
f 3924/4909/4352 3871/5173/4564 1789/1864/1789
f 3871/5173/4564 3872/5174/4565 1789/1864/1789
f 3872/5174/4565 3895/5175/4566 1789/1864/1789
f 1789/1864/1789 3895/5175/4566 1847/1924/1847
s 26
f 4029/5077/4471 2273/5060/4459 4039/5178/4567
f 4039/5178/4567 2273/5060/4459 4032/5177/4568
f 4032/5177/4568 2273/5060/4459 4031/5176/4569
f 2273/5060/4459 4018/5059/4458 4031/5176/4569
s 58
f 2625/3114/2919 2624/3113/2918 2632/5078/4472
f 4030/5079/4473 2632/5078/4472 4027/5180/4570
f 4027/5180/4570 2632/5078/4472 4026/5179/4571
f 2632/5078/4472 2624/3113/2918 4026/5179/4571
s 1
f 4026/5073/4467 2624/5181/4572 2367/2709/2557
f 2580/3029/2847 2367/2709/2557 4033/5183/4573
f 4033/5183/4573 2367/2709/2557 2626/5182/4574
f 2367/2709/2557 2624/5181/4572 2626/5182/4574
s 26
f 4050/5110/4575 2782/5098/4491 2857/5186/4576
f 4043/5097/4490 2838/5184/4577 2782/5098/4491
f 2838/5184/4577 2839/5185/4578 2782/5098/4491
f 2782/5098/4491 2839/5185/4578 2857/5186/4576
s 136
f 4056/5122/4514 2826/5109/4504 2917/5189/4579
f 4049/5108/4502 2911/5187/4580 2826/5109/4504
f 2917/5189/4579 2826/5109/4504 2910/5188/4581
f 2826/5109/4504 2911/5187/4580 2910/5188/4581
s 1
f 4065/5191/4582 4063/5192/4583 2946/3607/3353
f 3003/3709/3411 2946/3607/3353 4071/5190/4584
f 4071/5190/4584 2946/3607/3353 4064/5193/4585
f 2946/3607/3353 4063/5192/4583 4064/5193/4585
f 3895/5175/4566 3830/5194/4586 1847/1924/1847
f 3830/5194/4586 3831/5195/4587 1847/1924/1847
f 3831/5195/4587 3867/5196/4588 1847/1924/1847
f 3867/5196/4588 3891/5197/4589 1847/1924/1847
f 3892/5152/4541 1847/1924/1847 3891/5197/4589
f 3939/5198/4590 2028/2166/2079 2217/5202/4591
f 2217/5202/4591 2028/2166/2079 2216/5201/4592
f 2216/5201/4592 2028/2166/2079 3922/5200/4593
f 1861/1938/1862 3923/5199/4594 2028/2166/2079
f 2028/2166/2079 3923/5199/4594 3922/5200/4593
s 26
f 3951/4948/4384 1947/4837/4293 4024/5206/4595
f 4024/5206/4595 1947/4837/4293 3986/5205/4596
f 3986/5205/4596 1947/4837/4293 3925/5204/4597
f 3925/5204/4597 1947/4837/4293 3924/5203/4598
f 1947/4837/4293 3871/4836/4292 3924/5203/4598
s 1
f 4025/5207/4599 2289/2603/2464 4022/5212/4600
f 4022/5212/4600 2289/2603/2464 4012/5211/4601
f 4012/5211/4601 2289/2603/2464 4005/5210/4602
f 4005/5210/4602 2289/2603/2464 3997/5209/4603
f 2289/2603/2464 3998/5208/4604 3997/5209/4603
f 4033/5183/4573 2648/5213/4605 2580/3029/2847
f 2648/5213/4605 2649/5214/4606 2580/3029/2847
f 2580/3029/2847 2649/5214/4606 2700/3249/3038
f 2700/3249/3038 2649/5214/4606 4038/5216/4607
f 2649/5214/4606 4036/5215/4608 4038/5216/4607
s 58
f 2730/3285/3074 2729/3284/3073 2727/5088/4483
f 2729/3284/3073 2706/5217/4609 2727/5088/4483
f 2706/5217/4609 2699/5218/4610 2727/5088/4483
f 2699/5218/4610 2700/5219/4611 2727/5088/4483
f 4038/5089/4482 2727/5088/4483 2700/5219/4611
s 1
f 2909/3585/3312 2911/5220/3314 2856/3490/3251
f 2911/5220/3314 4049/5221/4612 2856/3490/3251
f 4049/5221/4612 4050/5222/4613 2856/3490/3251
f 2829/3453/3221 2856/3490/3251 2857/5223/3253
f 2856/3490/3251 4050/5222/4613 2857/5223/3253
f 4072/5170/4561 3841/5225/4614 1792/1867/1792
f 3841/5225/4614 3839/5226/4615 1792/1867/1792
f 3839/5226/4615 3840/5227/4616 1792/1867/1792
f 3885/5224/4617 1792/1867/1792 3862/5229/4618
f 3862/5229/4618 1792/1867/1792 3847/5228/4619
f 1792/1867/1792 3840/5227/4616 3847/5228/4619
f 3923/5199/4594 1861/1938/1862 3907/5233/4620
f 1792/1867/1792 3885/5224/4617 1861/1938/1862
f 3907/5233/4620 1861/1938/1862 3896/5232/4621
f 3896/5232/4621 1861/1938/1862 3884/5231/4622
f 3885/5224/4617 3883/5230/4623 1861/1938/1862
f 3883/5230/4623 3884/5231/4622 1861/1938/1862
f 2829/3465/3221 2838/3464/3230 2770/5090/3136
f 2838/3464/3230 4043/5234/4624 2770/5090/3136
f 4043/5234/4624 4041/5235/4625 2770/5090/3136
f 4041/5235/4625 4034/5236/4626 2770/5090/3136
f 4034/5236/4626 4035/5237/4627 2770/5090/3136
f 4035/5237/4627 4037/5161/4552 2770/5090/3136
f 4071/5190/4584 4069/5238/4628 3003/3709/3411
f 4069/5238/4628 2955/5239/4629 3003/3709/3411
f 2955/5239/4629 2956/5240/4630 3003/3709/3411
f 2949/5146/3356 3003/3709/3411 4068/5147/4537
f 2956/5240/4630 4066/5241/4631 3003/3709/3411
f 4068/5147/4537 3003/3709/3411 4066/5241/4631
f 2289/2603/2464 2028/2166/2079 3998/5208/4604
f 3998/5208/4604 2028/2166/2079 3979/5246/4632
f 3979/5246/4632 2028/2166/2079 3966/5245/4633
f 3966/5245/4633 2028/2166/2079 3959/5244/4634
f 3959/5244/4634 2028/2166/2079 3946/5243/4635
f 3939/5198/4590 3938/5242/4636 2028/2166/2079
f 2028/2166/2079 3938/5242/4636 3946/5243/4635
f 2909/3555/3312 2949/5146/3356 2917/3565/3320
f 4070/5145/4535 4061/5247/4637 2949/5146/3356
f 4061/5247/4637 4060/5248/4638 2949/5146/3356
f 4060/5248/4638 4059/5249/4639 2949/5146/3356
f 4059/5249/4639 4055/5250/4640 2949/5146/3356
f 4055/5250/4640 4056/5251/4641 2949/5146/3356
f 2917/3565/3320 2949/5146/3356 4056/5251/4641
f 2580/3029/2847 2706/3257/3046 2460/2831/2661
f 2706/3257/3046 2729/5252/4642 2460/2831/2661
f 2729/5252/4642 2731/5253/4643 2460/2831/2661
f 2731/5253/4643 2741/5254/4644 2460/2831/2661
f 2741/5254/4644 4040/5255/4645 2460/2831/2661
f 4040/5255/4645 4042/5256/4646 2460/2831/2661
f 2703/3253/3042 2460/2831/2661 4045/5100/4494
f 2460/2831/2661 4042/5256/4646 4045/5100/4494
f 2800/3408/3186 4057/5257/4647 2946/3607/3353
f 4057/5257/4647 4053/5258/4648 2946/3607/3353
f 4053/5258/4648 4054/5259/4649 2946/3607/3353
f 4054/5259/4649 4058/5260/4650 2946/3607/3353
f 4058/5260/4650 2932/5261/4651 2946/3607/3353
f 2932/5261/4651 2933/5262/4652 2946/3607/3353
f 4065/5191/4582 2946/3607/3353 4062/5263/4653
f 2933/5262/4652 4062/5263/4653 2946/3607/3353
f 4057/5257/4647 2800/3408/3186 4052/5271/4654
f 4052/5271/4654 2800/3408/3186 2884/5270/4655
f 2884/5270/4655 2800/3408/3186 2883/5269/4656
f 2883/5269/4656 2800/3408/3186 4051/5268/4657
f 4051/5268/4657 2800/3408/3186 2842/5267/4658
f 2842/5267/4658 2800/3408/3186 2841/5266/4659
f 2703/3253/3042 4048/5107/4499 2800/3408/3186
f 4048/5107/4499 2818/5264/4660 2800/3408/3186
f 2818/5264/4660 2819/5265/4661 2800/3408/3186
f 2819/5265/4661 2841/5266/4659 2800/3408/3186
f 2289/2603/2464 4025/5207/4599 4027/5074/4468
f 4025/5207/4599 4021/5272/4662 4027/5074/4468
f 4021/5272/4662 4006/5273/4663 4027/5074/4468
f 4006/5273/4663 2371/5274/4664 4027/5074/4468
f 2371/5274/4664 2372/5275/4665 4027/5074/4468
f 2372/5275/4665 2480/5276/4666 4027/5074/4468
f 2480/5276/4666 2481/5277/4667 4027/5074/4468
f 2481/5277/4667 2492/5278/4668 4027/5074/4468
f 2492/5278/4668 2534/5279/4669 4027/5074/4468
f 2534/5279/4669 2535/5280/4670 4027/5074/4468
f 2535/5280/4670 2541/5281/4671 4027/5074/4468
f 4027/5074/4468 2541/5281/4671 4030/5282/4672
f 25/25/25 4074/5283/4673 14/14/14
f 5/5/5 42/42/42 4075/5284/4674
f 11/11/11 31/31/31 4076/5285/4675
f 60/60/60 71/71/71 4077/5286/4676
f 44/44/44 10/10/10 12/12/12
f 53/53/53 47/47/47 4078/5287/4677
f 75/75/75 4079/5288/4678 78/78/78
f 78/78/78 4080/5289/4679 77/77/77
f 14/14/14 4074/5283/4673 15/15/15
f 67/67/67 4081/5290/4680 71/71/71
f 77/77/77 4080/5289/4679 66/66/66
f 56/56/56 62/62/62 4082/5291/4681
f 33/33/33 4079/5288/4678 75/75/75
f 27/27/27 4/4/4 6/6/6
f 15/15/15 35/35/35 13/13/13
f 41/41/41 4083/5292/4682 46/46/46
f 19/19/19 64/64/64 4084/5293/4683
f 51/51/51 68/68/68 4085/5294/4684
f 41/41/41 35/35/35 4083/5292/4682
f 40/40/40 46/46/46 4086/5295/4685
f 29/29/29 49/49/49 4087/5296/4686
f 18/18/18 4088/5297/4687 62/62/62
f 3/3/3 2/2/2 58/58/58
f 42/42/42 44/44/44 4089/5298/4688
f 25/25/25 27/27/27 4074/5283/4673
f 40/40/40 4086/5295/4685 23/23/23
f 64/64/64 1/1/1 4090/5299/4689
f 49/49/49 53/53/53 4091/5300/4690
f 4078/5287/4677 47/47/47 36/36/36
f 12/12/12 11/11/11 4076/5285/4675
f 30/30/30 29/29/29 4087/5296/4686
f 6/6/6 5/5/5 4075/5284/4674
f 31/31/31 30/30/30 4092/5301/4691
f 39/39/39 51/51/51 4093/5302/4692
f 4085/5294/4684 68/68/68 54/54/54
f 66/66/66 4094/5303/4693 67/67/67
f 18/18/18 17/17/17 4088/5297/4687
f 24/24/24 23/23/23 4095/5304/4694
f 4075/5284/4674 42/42/42 4089/5298/4688
f 4076/5285/4675 31/31/31 4092/5301/4691
f 8/8/8 39/39/39 4093/5302/4692
f 4096/5305/4695 35/35/35 15/15/15
f 71/71/71 4097/5306/4696 4077/5286/4676
f 4090/5299/4689 1/1/1 3/3/3
f 4091/5300/4690 53/53/53 4078/5287/4677
f 71/71/71 4081/5290/4680 4097/5306/4696
f 4074/5283/4673 4096/5305/4695 15/15/15
f 4096/5305/4695 4083/5292/4682 35/35/35
f 4087/5296/4686 49/49/49 4091/5300/4690
f 58/58/58 60/60/60 4098/5307/4697
f 4074/5283/4673 27/27/27 4099/5308/4698
f 44/44/44 12/12/12 4100/5309/4699
f 67/67/67 4094/5303/4693 4081/5290/4680
f 46/46/46 4083/5292/4682 4101/5310/4700
f 54/54/54 56/56/56 4102/5311/4701
f 27/27/27 6/6/6 4099/5308/4698
f 36/36/36 24/24/24 4103/5312/4702
f 33/33/33 21/21/21 4104/5313/4703
f 62/62/62 4105/5314/4704 4082/5291/4681
f 4098/5307/4697 60/60/60 4077/5286/4676
f 46/46/46 4101/5310/4700 4086/5295/4685
f 17/17/17 19/19/19 4106/5315/4705
f 62/62/62 4088/5297/4687 4105/5314/4704
f 4102/5311/4701 56/56/56 4082/5291/4681
f 21/21/21 9/9/9 4107/5316/4706
f 4089/5298/4688 44/44/44 4100/5309/4699
f 9/9/9 8/8/8 4108/5317/4707
f 4093/5302/4692 51/51/51 4085/5294/4684
f 4106/5315/4705 19/19/19 4084/5293/4683
f 4099/5308/4698 4096/5305/4695 4074/5283/4673
f 4103/5312/4702 24/24/24 4095/5304/4694
f 30/30/30 4087/5296/4686 4109/5318/4708
f 23/23/23 4086/5295/4685 4110/5319/4709
f 4092/5301/4691 30/30/30 4109/5318/4708
f 6/6/6 4075/5284/4674 4111/5320/4710
f 23/23/23 4110/5319/4709 4095/5304/4694
f 12/12/12 4076/5285/4675 4112/5321/4711
f 4113/5322/4712 4083/5292/4682 4096/5305/4695
f 4084/5293/4683 64/64/64 4114/5323/4713
f 4099/5308/4698 6/6/6 4111/5320/4710
f 4089/5298/4688 4115/5324/4714 4075/5284/4674
f 8/8/8 4093/5302/4692 4108/5317/4707
f 4114/5323/4713 64/64/64 4090/5299/4689
f 4078/5287/4677 36/36/36 4116/5325/4715
f 4076/5285/4675 4092/5301/4691 4117/5326/4716
f 4111/5320/4710 4096/5305/4695 4099/5308/4698
f 21/21/21 4107/5316/4706 4104/5313/4703
f 4100/5309/4699 12/12/12 4112/5321/4711
f 3/3/3 58/58/58 4118/5327/4717
f 9/9/9 4108/5317/4707 4107/5316/4706
f 4089/5298/4688 4100/5309/4699 4115/5324/4714
f 4113/5322/4712 4096/5305/4695 4111/5320/4710
f 4083/5292/4682 4119/5328/4718 4101/5310/4700
f 4111/5320/4710 4075/5284/4674 4120/5329/4719
f 4086/5295/4685 4101/5310/4700 4121/5330/4720
f 4087/5296/4686 4091/5300/4690 4122/5331/4721
f 4088/5297/4687 17/17/17 4123/5332/4722
f 4075/5284/4674 4115/5324/4714 4120/5329/4719
f 4077/5286/4676 4097/5306/4696 4124/5333/4723
f 4113/5322/4712 4119/5328/4718 4083/5292/4682
f 4091/5300/4690 4078/5287/4677 4125/5334/4724
f 4086/5295/4685 4121/5330/4720 4110/5319/4709
f 4080/5289/4679 4126/5335/4725 66/66/66
f 78/78/78 4127/5336/4726 4080/5289/4679
f 4116/5325/4715 36/36/36 4103/5312/4702
f 66/66/66 4126/5335/4725 4094/5303/4693
f 4109/5318/4708 4087/5296/4686 4122/5331/4721
f 4079/5288/4678 4127/5336/4726 78/78/78
f 4081/5290/4680 4128/5337/4727 4097/5306/4696
f 4112/5321/4711 4076/5285/4675 4117/5326/4716
f 4082/5291/4681 4105/5314/4704 4129/5338/4728
f 4085/5294/4684 54/54/54 4130/5339/4729
f 4092/5301/4691 4109/5318/4708 4131/5340/4730
f 4111/5320/4710 4120/5329/4719 4113/5322/4712
f 4088/5297/4687 4123/5332/4722 4105/5314/4704
f 33/33/33 4132/5341/4731 4079/5288/4678
f 4118/5327/4717 58/58/58 4098/5307/4697
f 4090/5299/4689 3/3/3 4133/5342/4732
f 4104/5313/4703 4132/5341/4731 33/33/33
f 4095/5304/4694 4110/5319/4709 4134/5343/4733
f 4117/5326/4716 4092/5301/4691 4131/5340/4730
f 4123/5332/4722 17/17/17 4106/5315/4705
f 4115/5324/4714 4100/5309/4699 4135/5344/4734
f 4113/5322/4712 4120/5329/4719 4119/5328/4718
f 4093/5302/4692 4085/5294/4684 4136/5345/4735
f 4130/5339/4729 54/54/54 4102/5311/4701
f 4100/5309/4699 4112/5321/4711 4135/5344/4734
f 4125/5334/4724 4078/5287/4677 4116/5325/4715
f 4115/5324/4714 4119/5328/4718 4120/5329/4719
f 4122/5331/4721 4091/5300/4690 4125/5334/4724
f 4094/5303/4693 4137/5346/4736 4081/5290/4680
f 4108/5317/4707 4093/5302/4692 4136/5345/4735
f 4103/5312/4702 4095/5304/4694 4138/5347/4737
f 4135/5344/4734 4119/5328/4718 4115/5324/4714
f 4121/5330/4720 4101/5310/4700 4139/5348/4738
f 4133/5342/4732 3/3/3 4118/5327/4717
f 4097/5306/4696 4140/5349/4739 4124/5333/4723
f 4139/5348/4738 4101/5310/4700 4119/5328/4718
f 4098/5307/4697 4077/5286/4676 4141/5350/4740
f 4097/5306/4696 4128/5337/4727 4140/5349/4739
f 4110/5319/4709 4121/5330/4720 4142/5351/4741
f 4102/5311/4701 4082/5291/4681 4143/5352/4742
f 4109/5318/4708 4122/5331/4721 4144/5353/4743
f 4141/5350/4740 4077/5286/4676 4124/5333/4723
f 4081/5290/4680 4137/5346/4736 4128/5337/4727
f 4105/5314/4704 4145/5354/4744 4129/5338/4728
f 4138/5347/4737 4095/5304/4694 4134/5343/4733
f 4106/5315/4705 4084/5293/4683 4146/5355/4745
f 4131/5340/4730 4109/5318/4708 4144/5353/4743
f 4105/5314/4704 4123/5332/4722 4145/5354/4744
f 4112/5321/4711 4117/5326/4716 4147/5356/4746
f 4143/5352/4742 4082/5291/4681 4129/5338/4728
f 4104/5313/4703 4107/5316/4706 4148/5357/4747
f 4136/5345/4735 4085/5294/4684 4130/5339/4729
f 4135/5344/4734 4112/5321/4711 4147/5356/4746
f 4146/5355/4745 4084/5293/4683 4114/5323/4713
f 4107/5316/4706 4108/5317/4707 4149/5358/4748
f 4147/5356/4746 4119/5328/4718 4135/5344/4734
f 4134/5343/4733 4110/5319/4709 4150/5359/4749
f 4131/5340/4730 4151/5360/4750 4117/5326/4716
f 4116/5325/4715 4103/5312/4702 4152/5361/4751
f 4150/5359/4749 4110/5319/4709 4142/5351/4741
f 4094/5303/4693 4126/5335/4725 4137/5346/4736
f 4114/5323/4713 4090/5299/4689 4153/5362/4752
f 4121/5330/4720 4139/5348/4738 4142/5351/4741
f 4139/5348/4738 4119/5328/4718 4147/5356/4746
f 4108/5317/4707 4136/5345/4735 4149/5358/4748
f 4153/5362/4752 4090/5299/4689 4133/5342/4732
f 4147/5356/4746 4117/5326/4716 4154/5363/4753
f 4122/5331/4721 4125/5334/4724 4155/5364/4754
f 4131/5340/4730 4144/5353/4743 4151/5360/4750
f 4125/5334/4724 4116/5325/4715 4156/5365/4755
f 4118/5327/4717 4098/5307/4697 4157/5366/4756
f 4117/5326/4716 4151/5360/4750 4154/5363/4753
f 4152/5361/4751 4103/5312/4702 4138/5347/4737
f 4107/5316/4706 4149/5358/4748 4148/5357/4747
f 4144/5353/4743 4122/5331/4721 4155/5364/4754
f 4123/5332/4722 4106/5315/4705 4158/5367/4757
f 4134/5343/4733 4150/5359/4749 4138/5347/4737
f 4147/5356/4746 4154/5363/4753 4139/5348/4738
f 4124/5333/4723 4140/5349/4739 4159/5368/4758
f 4080/5289/4679 4160/5369/4759 4126/5335/4725
f 4127/5336/4726 4160/5369/4759 4080/5289/4679
f 4118/5327/4717 4157/5366/4756 4133/5342/4732
f 4129/5338/4728 4145/5354/4744 4161/5370/4760
f 4130/5339/4729 4102/5311/4701 4162/5371/4761
f 4123/5332/4722 4158/5367/4757 4145/5354/4744
f 4128/5337/4727 4163/5372/4762 4140/5349/4739
f 4079/5288/4678 4164/5373/4763 4127/5336/4726
f 4157/5366/4756 4098/5307/4697 4141/5350/4740
f 4156/5365/4755 4116/5325/4715 4152/5361/4751
f 4132/5341/4731 4164/5373/4763 4079/5288/4678
f 4142/5351/4741 4139/5348/4738 4165/5374/4764
f 4155/5364/4754 4125/5334/4724 4156/5365/4755
f 4158/5367/4757 4106/5315/4705 4146/5355/4745
f 4124/5333/4723 4159/5368/4758 4141/5350/4740
f 4104/5313/4703 4166/5375/4765 4132/5341/4731
f 4128/5337/4727 4137/5346/4736 4163/5372/4762
f 4151/5360/4750 4144/5353/4743 4167/5376/4766
f 4148/5357/4747 4166/5375/4765 4104/5313/4703
f 4142/5351/4741 4165/5374/4764 4150/5359/4749
f 4139/5348/4738 4154/5363/4753 4165/5374/4764
f 4136/5345/4735 4130/5339/4729 4168/5377/4767
f 4162/5371/4761 4102/5311/4701 4143/5352/4742
f 4151/5360/4750 4167/5376/4766 4154/5363/4753
f 4138/5347/4737 4150/5359/4749 4169/5378/4768
f 4149/5358/4748 4136/5345/4735 4168/5377/4767
f 4155/5364/4754 4170/5379/4769 4144/5353/4743
f 4137/5346/4736 4126/5335/4725 4171/5380/4770
f 4144/5353/4743 4170/5379/4769 4167/5376/4766
f 4154/5363/4753 4167/5376/4766 4165/5374/4764
f 4152/5361/4751 4138/5347/4737 4172/5381/4771
f 4140/5349/4739 4173/5382/4772 4159/5368/4758
f 4150/5359/4749 4165/5374/4764 4169/5378/4768
f 4143/5352/4742 4129/5338/4728 4174/5383/4773
f 4133/5342/4732 4175/5384/4774 4153/5362/4752
f 4133/5342/4732 4157/5366/4756 4175/5384/4774
f 4145/5354/4744 4176/5385/4775 4161/5370/4760
f 4146/5355/4745 4114/5323/4713 4177/5386/4776
f 4145/5354/4744 4158/5367/4757 4176/5385/4775
f 4140/5349/4739 4163/5372/4762 4173/5382/4772
f 4172/5381/4771 4138/5347/4737 4169/5378/4768
f 4155/5364/4754 4156/5365/4755 4170/5379/4769
f 4174/5383/4773 4129/5338/4728 4161/5370/4760
f 4168/5377/4767 4130/5339/4729 4162/5371/4761
f 4177/5386/4776 4114/5323/4713 4153/5362/4752
f 4152/5361/4751 4172/5381/4771 4156/5365/4755
f 4148/5357/4747 4149/5358/4748 4178/5387/4777
f 4126/5335/4725 4160/5369/4759 4171/5380/4770
f 4163/5372/4762 4137/5346/4736 4179/5388/4778
f 4167/5376/4766 4180/5389/4779 4165/5374/4764
f 4170/5379/4769 4156/5365/4755 4180/5389/4779
f 4180/5389/4779 4169/5378/4768 4165/5374/4764
f 4156/5365/4755 4172/5381/4771 4180/5389/4779
f 4170/5379/4769 4180/5389/4779 4167/5376/4766
f 4137/5346/4736 4171/5380/4770 4179/5388/4778
f 4127/5336/4726 4164/5373/4763 4160/5369/4759
f 4149/5358/4748 4168/5377/4767 4178/5387/4777
f 4141/5350/4740 4159/5368/4758 4181/5390/4780
f 4141/5350/4740 4181/5390/4780 4157/5366/4756
f 4172/5381/4771 4169/5378/4768 4180/5389/4779
f 4148/5357/4747 4178/5387/4777 4166/5375/4765
f 4158/5367/4757 4146/5355/4745 4182/5391/4781
f 4161/5370/4760 4176/5385/4775 4183/5392/4782
f 4162/5371/4761 4143/5352/4742 4184/5393/4783
f 4153/5362/4752 4175/5384/4774 4185/5394/4784
f 4158/5367/4757 4182/5391/4781 4176/5385/4775
f 4159/5368/4758 4173/5382/4772 4186/5395/4785
f 4157/5366/4756 4187/5396/4786 4175/5384/4774
f 4182/5391/4781 4146/5355/4745 4177/5386/4776
f 4132/5341/4731 4188/5397/4787 4164/5373/4763
f 4163/5372/4762 4189/5398/4788 4173/5382/4772
f 4166/5375/4765 4188/5397/4787 4132/5341/4731
f 4168/5377/4767 4162/5371/4761 4190/5399/4789
f 4184/5393/4783 4143/5352/4742 4174/5383/4773
f 4153/5362/4752 4185/5394/4784 4177/5386/4776
f 4159/5368/4758 4186/5395/4785 4181/5390/4780
f 4157/5366/4756 4181/5390/4780 4187/5396/4786
f 4163/5372/4762 4179/5388/4778 4189/5398/4788
f 4178/5387/4777 4168/5377/4767 4190/5399/4789
f 4171/5380/4770 4160/5369/4759 4191/5400/4790
f 4179/5388/4778 4171/5380/4770 4192/5401/4791
f 4174/5383/4773 4161/5370/4760 4193/5402/4792
f 4176/5385/4775 4194/5403/4793 4183/5392/4782
f 4176/5385/4775 4182/5391/4781 4194/5403/4793
f 4160/5369/4759 4164/5373/4763 4195/5404/4794
f 4175/5384/4774 4196/5405/4795 4185/5394/4784
f 4175/5384/4774 4187/5396/4786 4196/5405/4795
f 4193/5402/4792 4161/5370/4760 4183/5392/4782
f 4190/5399/4789 4162/5371/4761 4184/5393/4783
f 4166/5375/4765 4178/5387/4777 4197/5406/4796
f 4173/5382/4772 4198/5407/4797 4186/5395/4785
f 4173/5382/4772 4189/5398/4788 4198/5407/4797
f 4171/5380/4770 4191/5400/4790 4192/5401/4791
f 4178/5387/4777 4190/5399/4789 4197/5406/4796
f 4189/5398/4788 4179/5388/4778 4199/5408/4798
f 4160/5369/4759 4195/5404/4794 4191/5400/4790
f 4177/5386/4776 4200/5409/4799 4182/5391/4781
f 4177/5386/4776 4185/5394/4784 4200/5409/4799
f 4164/5373/4763 4188/5397/4787 4195/5404/4794
f 4179/5388/4778 4192/5401/4791 4199/5408/4798
f 4166/5375/4765 4197/5406/4796 4188/5397/4787
f 4181/5390/4780 4186/5395/4785 4201/5410/4800
f 4181/5390/4780 4201/5410/4800 4187/5396/4786
f 4183/5392/4782 4194/5403/4793 4202/5411/4801
f 4184/5393/4783 4174/5383/4773 4203/5412/4802
f 4182/5391/4781 4204/5413/4803 4194/5403/4793
f 4185/5394/4784 4196/5405/4795 4205/5414/4804
f 4187/5396/4786 4206/5415/4805 4196/5405/4795
f 4186/5395/4785 4198/5407/4797 4207/5416/4806
f 4190/5399/4789 4184/5393/4783 4208/5417/4807
f 4203/5412/4802 4174/5383/4773 4193/5402/4792
f 4182/5391/4781 4200/5409/4799 4204/5413/4803
f 4185/5394/4784 4205/5414/4804 4200/5409/4799
f 4189/5398/4788 4209/5418/4808 4198/5407/4797
f 4197/5406/4796 4190/5399/4789 4208/5417/4807
f 4187/5396/4786 4201/5410/4800 4206/5415/4805
f 4186/5395/4785 4207/5416/4806 4201/5410/4800
f 4189/5398/4788 4199/5408/4798 4209/5418/4808
f 4193/5402/4792 4183/5392/4782 4210/5419/4809
f 4194/5403/4793 4211/5420/4810 4202/5411/4801
f 4194/5403/4793 4204/5413/4803 4211/5420/4810
f 4192/5401/4791 4191/5400/4790 4212/5421/4811
f 4210/5419/4809 4183/5392/4782 4202/5411/4801
f 4191/5400/4790 4195/5404/4794 4213/5422/4812
f 4208/5417/4807 4184/5393/4783 4203/5412/4802
f 4199/5408/4798 4192/5401/4791 4214/5423/4813
f 4195/5404/4794 4188/5397/4787 4215/5424/4814
f 4188/5397/4787 4197/5406/4796 4216/5425/4815
f 4196/5405/4795 4217/5426/4816 4205/5414/4804
f 4196/5405/4795 4206/5415/4805 4217/5426/4816
f 4198/5407/4797 4218/5427/4817 4207/5416/4806
f 4198/5407/4797 4209/5418/4808 4218/5427/4817
f 4197/5406/4796 4208/5417/4807 4216/5425/4815
f 4192/5401/4791 4212/5421/4811 4214/5423/4813
f 4200/5409/4799 4219/5428/4818 4204/5413/4803
f 4191/5400/4790 4213/5422/4812 4212/5421/4811
f 4200/5409/4799 4205/5414/4804 4219/5428/4818
f 4188/5397/4787 4216/5425/4815 4215/5424/4814
f 4195/5404/4794 4215/5424/4814 4213/5422/4812
f 4209/5418/4808 4199/5408/4798 4220/5429/4819
f 4199/5408/4798 4214/5423/4813 4220/5429/4819
f 4201/5410/4800 4221/5430/4820 4206/5415/4805
f 4201/5410/4800 4207/5416/4806 4221/5430/4820
f 4203/5412/4802 4193/5402/4792 4222/5431/4821
f 4202/5411/4801 4211/5420/4810 4223/5432/4822
f 4204/5413/4803 4224/5433/4823 4211/5420/4810
f 4202/5411/4801 4223/5432/4822 4210/5419/4809
f 4208/5417/4807 4203/5412/4802 4225/5434/4824
f 4222/5431/4821 4193/5402/4792 4210/5419/4809
f 4205/5414/4804 4217/5426/4816 4226/5435/4825
f 4206/5415/4805 4227/5436/4826 4217/5426/4816
f 4204/5413/4803 4219/5428/4818 4224/5433/4823
f 4207/5416/4806 4218/5427/4817 4228/5437/4827
f 4216/5425/4815 4208/5417/4807 4225/5434/4824
f 4205/5414/4804 4226/5435/4825 4219/5428/4818
f 4209/5418/4808 4229/5438/4828 4218/5427/4817
f 4206/5415/4805 4221/5430/4820 4227/5436/4826
f 4207/5416/4806 4228/5437/4827 4221/5430/4820
f 4211/5420/4810 4230/5439/4829 4223/5432/4822
f 4209/5418/4808 4220/5429/4819 4229/5438/4828
f 4225/5434/4824 4203/5412/4802 4222/5431/4821
f 4211/5420/4810 4224/5433/4823 4230/5439/4829
f 4215/5424/4814 4216/5425/4815 4231/5440/4830
f 4213/5422/4812 4215/5424/4814 4232/5441/4831
f 4214/5423/4813 4212/5421/4811 4233/5442/4832
f 4212/5421/4811 4213/5422/4812 4234/5443/4833
f 4220/5429/4819 4214/5423/4813 4235/5444/4834
f 4217/5426/4816 4236/5445/4835 4226/5435/4825
f 4217/5426/4816 4227/5436/4826 4236/5445/4835
f 4216/5425/4815 4225/5434/4824 4231/5440/4830
f 4218/5427/4817 4237/5446/4836 4228/5437/4827
f 4210/5419/4809 4223/5432/4822 4238/5447/4837
f 4218/5427/4817 4229/5438/4828 4237/5446/4836
f 4215/5424/4814 4231/5440/4830 4232/5441/4831
f 4219/5428/4818 4239/5448/4838 4224/5433/4823
f 4213/5422/4812 4232/5441/4831 4234/5443/4833
f 4214/5423/4813 4233/5442/4832 4235/5444/4834
f 4219/5428/4818 4226/5435/4825 4239/5448/4838
f 4212/5421/4811 4234/5443/4833 4233/5442/4832
f 4229/5438/4828 4220/5429/4819 4240/5449/4839
f 4222/5431/4821 4210/5419/4809 4241/5450/4840
f 4220/5429/4819 4235/5444/4834 4240/5449/4839
f 4223/5432/4822 4230/5439/4829 4242/5451/4841
f 4221/5430/4820 4243/5452/4842 4227/5436/4826
f 4221/5430/4820 4228/5437/4827 4243/5452/4842
f 4224/5433/4823 4244/5453/4843 4230/5439/4829
f 4225/5434/4824 4222/5431/4821 4245/5454/4844
f 4241/5450/4840 4210/5419/4809 4238/5447/4837
f 4223/5432/4822 4242/5451/4841 4238/5447/4837
f 4226/5435/4825 4236/5445/4835 4246/5455/4845
f 4231/5440/4830 4225/5434/4824 4245/5454/4844
f 4227/5436/4826 4247/5456/4846 4236/5445/4835
f 4224/5433/4823 4239/5448/4838 4244/5453/4843
f 4228/5437/4827 4237/5446/4836 4248/5457/4847
f 4226/5435/4825 4246/5455/4845 4239/5448/4838
f 4229/5438/4828 4249/5458/4848 4237/5446/4836
f 4245/5454/4844 4222/5431/4821 4241/5450/4840
f 4227/5436/4826 4243/5452/4842 4247/5456/4846
f 4230/5439/4829 4250/5459/4849 4242/5451/4841
f 4228/5437/4827 4248/5457/4847 4243/5452/4842
f 4232/5441/4831 4231/5440/4830 4251/5460/4850
f 4230/5439/4829 4244/5453/4843 4250/5459/4849
f 4234/5443/4833 4232/5441/4831 4252/5461/4851
f 4233/5442/4832 4234/5443/4833 4253/5462/4852
f 4235/5444/4834 4233/5442/4832 4254/5463/4853
f 4240/5449/4839 4255/5464/4854 4229/5438/4828
f 4240/5449/4839 4235/5444/4834 4256/5465/4855
f 4231/5440/4830 4245/5454/4844 4251/5460/4850
f 4236/5445/4835 4257/5466/4856 4246/5455/4845
f 4236/5445/4835 4247/5456/4846 4257/5466/4856
f 4238/5447/4837 4242/5451/4841 4258/5467/4857
f 4237/5446/4836 4259/5468/4858 4248/5457/4847
f 4237/5446/4836 4249/5458/4848 4259/5468/4858
f 4229/5438/4828 4255/5464/4854 4249/5458/4848
f 4232/5441/4831 4251/5460/4850 4252/5461/4851
f 4234/5443/4833 4252/5461/4851 4253/5462/4852
f 4239/5448/4838 4260/5469/4859 4244/5453/4843
f 4235/5444/4834 4254/5463/4853 4256/5465/4855
f 4241/5450/4840 4238/5447/4837 4261/5470/4860
f 4233/5442/4832 4253/5462/4852 4254/5463/4853
f 4239/5448/4838 4246/5455/4845 4260/5469/4859
f 4242/5451/4841 4250/5459/4849 4262/5471/4861
f 4243/5452/4842 4248/5457/4847 4263/5472/4862
f 4243/5452/4842 4263/5472/4862 4247/5456/4846
f 4245/5454/4844 4241/5450/4840 4264/5473/4863
f 4261/5470/4860 4238/5447/4837 4258/5467/4857
f 4244/5453/4843 4265/5474/4864 4250/5459/4849
f 4242/5451/4841 4262/5471/4861 4258/5467/4857
f 4251/5460/4850 4245/5454/4844 4264/5473/4863
f 4246/5455/4845 4257/5466/4856 4266/5475/4865
f 4256/5465/4855 4267/5476/4866 4240/5449/4839
f 4248/5457/4847 4259/5468/4858 4268/5477/4867
f 4247/5456/4846 4269/5478/4868 4257/5466/4856
f 4240/5449/4839 4267/5476/4866 4255/5464/4854
f 4249/5458/4848 4270/5479/4869 4259/5468/4858
f 4244/5453/4843 4260/5469/4859 4265/5474/4864
f 4246/5455/4845 4266/5475/4865 4260/5469/4859
f 4264/5473/4863 4241/5450/4840 4261/5470/4860
f 4247/5456/4846 4263/5472/4862 4269/5478/4868
f 4252/5461/4851 4251/5460/4850 4271/5480/4870
f 4250/5459/4849 4272/5481/4871 4262/5471/4861
f 4255/5464/4854 4273/5482/4872 4249/5458/4848
f 4250/5459/4849 4265/5474/4864 4272/5481/4871
f 4253/5462/4852 4252/5461/4851 4274/5483/4873
f 4256/5465/4855 4254/5463/4853 4275/5484/4874
f 4254/5463/4853 4253/5462/4852 4276/5485/4875
f 4259/5468/4858 4270/5479/4869 4277/5486/4876
f 4251/5460/4850 4264/5473/4863 4271/5480/4870
f 4249/5458/4848 4273/5482/4872 4270/5479/4869
f 4257/5466/4856 4278/5487/4877 4266/5475/4865
f 4263/5472/4862 4248/5457/4847 4279/5488/4878
f 4258/5467/4857 4262/5471/4861 4280/5489/4879
f 4257/5466/4856 4269/5478/4868 4278/5487/4877
f 4258/5467/4857 4280/5489/4879 4261/5470/4860
f 4279/5488/4878 4248/5457/4847 4268/5477/4867
f 4252/5461/4851 4271/5480/4870 4274/5483/4873
f 4268/5477/4867 4259/5468/4858 4281/5490/4880
f 4256/5465/4855 4275/5484/4874 4267/5476/4866
f 4253/5462/4852 4274/5483/4873 4276/5485/4875
f 4260/5469/4859 4282/5491/4881 4265/5474/4864
f 4281/5490/4880 4259/5468/4858 4277/5486/4876
f 4254/5463/4853 4276/5485/4875 4275/5484/4874
f 4260/5469/4859 4266/5475/4865 4282/5491/4881
f 4262/5471/4861 4272/5481/4871 4283/5492/4882
f 4264/5473/4863 4261/5470/4860 4284/5493/4883
f 4269/5478/4868 4263/5472/4862 4285/5494/4884
f 4262/5471/4861 4283/5492/4882 4280/5489/4879
f 4265/5474/4864 4286/5495/4885 4272/5481/4871
f 4270/5479/4869 4287/5496/4886 4277/5486/4876
f 4271/5480/4870 4264/5473/4863 4284/5493/4883
f 4267/5476/4866 4288/5497/4887 4255/5464/4854
f 4255/5464/4854 4288/5497/4887 4273/5482/4872
f 4261/5470/4860 4280/5489/4879 4289/5498/4888
f 4266/5475/4865 4278/5487/4877 4290/5499/4889
f 4269/5478/4868 4285/5494/4884 4278/5487/4877
f 4265/5474/4864 4282/5491/4881 4286/5495/4885
f 4285/5494/4884 4263/5472/4862 4279/5488/4878
f 4273/5482/4872 4291/5500/4890 4270/5479/4869
f 4284/5493/4883 4261/5470/4860 4289/5498/4888
f 4266/5475/4865 4290/5499/4889 4282/5491/4881
f 4277/5486/4876 4287/5496/4886 4292/5501/4891
f 4274/5483/4873 4271/5480/4870 4293/5502/4892
f 4270/5479/4869 4291/5500/4890 4287/5496/4886
f 4272/5481/4871 4294/5503/4893 4283/5492/4882
f 4267/5476/4866 4275/5484/4874 4295/5504/4894
f 4272/5481/4871 4286/5495/4885 4294/5503/4893
f 4276/5485/4875 4274/5483/4873 4296/5505/4895
f 4275/5484/4874 4276/5485/4875 4297/5506/4896
f 4279/5488/4878 4268/5477/4867 4298/5507/4897
f 4298/5507/4897 4268/5477/4867 4281/5490/4880
f 4271/5480/4870 4284/5493/4883 4293/5502/4892
f 4278/5487/4877 4299/5508/4898 4290/5499/4889
f 4278/5487/4877 4285/5494/4884 4299/5508/4898
f 4281/5490/4880 4277/5486/4876 4300/5509/4899
f 4280/5489/4879 4283/5492/4882 4301/5510/4900
f 4300/5509/4899 4277/5486/4876 4292/5501/4891
f 4280/5489/4879 4301/5510/4900 4289/5498/4888
f 4274/5483/4873 4293/5502/4892 4296/5505/4895
f 4275/5484/4874 4297/5506/4896 4295/5504/4894
f 4276/5485/4875 4296/5505/4895 4297/5506/4896
f 4287/5496/4886 4302/5511/4901 4292/5501/4891
f 4282/5491/4881 4303/5512/4902 4286/5495/4885
f 4282/5491/4881 4290/5499/4889 4303/5512/4902
f 4285/5494/4884 4279/5488/4878 4304/5513/4903
f 4273/5482/4872 4305/5514/4904 4291/5500/4890
f 4288/5497/4887 4305/5514/4904 4273/5482/4872
f 4284/5493/4883 4289/5498/4888 4306/5515/4905
f 4283/5492/4882 4294/5503/4893 4307/5516/4906
f 4267/5476/4866 4308/5517/4907 4288/5497/4887
f 4291/5500/4890 4309/5518/4908 4287/5496/4886
f 4295/5504/4894 4308/5517/4907 4267/5476/4866
f 4286/5495/4885 4310/5519/4909 4294/5503/4893
f 4283/5492/4882 4307/5516/4906 4301/5510/4900
f 4293/5502/4892 4284/5493/4883 4306/5515/4905
f 4292/5501/4891 4302/5511/4901 4311/5520/4910
f 4290/5499/4889 4299/5508/4898 4312/5521/4911
f 4304/5513/4903 4279/5488/4878 4298/5507/4897
f 4289/5498/4888 4301/5510/4900 4313/5522/4912
f 4287/5496/4886 4309/5518/4908 4302/5511/4901
f 4299/5508/4898 4285/5494/4884 4314/5523/4913
f 4286/5495/4885 4303/5512/4902 4310/5519/4909
f 4290/5499/4889 4312/5521/4911 4303/5512/4902
f 4306/5515/4905 4289/5498/4888 4313/5522/4912
f 4298/5507/4897 4281/5490/4880 4315/5524/4914
f 4315/5524/4914 4281/5490/4880 4300/5509/4899
f 4314/5523/4913 4285/5494/4884 4304/5513/4903
f 4300/5509/4899 4292/5501/4891 4316/5525/4915
f 4316/5525/4915 4292/5501/4891 4311/5520/4910
f 4296/5505/4895 4293/5502/4892 4317/5526/4916
f 4294/5503/4893 4318/5527/4917 4307/5516/4906
f 4295/5504/4894 4297/5506/4896 4319/5528/4918
f 4297/5506/4896 4296/5505/4895 4320/5529/4919
f 4294/5503/4893 4310/5519/4909 4318/5527/4917
f 4302/5511/4901 4321/5530/4920 4311/5520/4910
f 4293/5502/4892 4306/5515/4905 4317/5526/4916
f 4301/5510/4900 4307/5516/4906 4322/5531/4921
f 4301/5510/4900 4322/5531/4921 4313/5522/4912
f 4291/5500/4890 4323/5532/4922 4309/5518/4908
f 4312/5521/4911 4299/5508/4898 4324/5533/4923
f 4305/5514/4904 4323/5532/4922 4291/5500/4890
f 4296/5505/4895 4317/5526/4916 4320/5529/4919
f 4309/5518/4908 4325/5534/4924 4302/5511/4901
f 4304/5513/4903 4298/5507/4897 4326/5535/4925
f 4324/5533/4923 4299/5508/4898 4314/5523/4913
f 4297/5506/4896 4320/5529/4919 4319/5528/4918
f 4303/5512/4902 4327/5536/4926 4310/5519/4909
f 4303/5512/4902 4312/5521/4911 4327/5536/4926
f 4311/5520/4910 4321/5530/4920 4328/5537/4927
f 4288/5497/4887 4329/5538/4928 4305/5514/4904
f 4302/5511/4901 4325/5534/4924 4321/5530/4920
f 4308/5517/4907 4329/5538/4928 4288/5497/4887
f 4326/5535/4925 4298/5507/4897 4315/5524/4914
f 4306/5515/4905 4313/5522/4912 4330/5539/4929
f 4307/5516/4906 4318/5527/4917 4331/5540/4930
f 4314/5523/4913 4304/5513/4903 4332/5541/4931
f 4295/5504/4894 4333/5542/4932 4308/5517/4907
f 4310/5519/4909 4334/5543/4933 4318/5527/4917
f 4319/5528/4918 4333/5542/4932 4295/5504/4894
f 4307/5516/4906 4331/5540/4930 4322/5531/4921
f 4317/5526/4916 4306/5515/4905 4330/5539/4929
f 4316/5525/4915 4311/5520/4910 4335/5544/4934
f 4335/5544/4934 4311/5520/4910 4328/5537/4927
f 4336/5545/4935 4300/5509/4899 4316/5525/4915
f 4315/5524/4914 4300/5509/4899 4336/5545/4935
f 4313/5522/4912 4322/5531/4921 4337/5546/4936
f 4332/5541/4931 4304/5513/4903 4326/5535/4925
f 4310/5519/4909 4327/5536/4926 4334/5543/4933
f 4321/5530/4920 4338/5547/4937 4328/5537/4927
f 4330/5539/4929 4313/5522/4912 4337/5546/4936
f 4320/5529/4919 4317/5526/4916 4339/5548/4938
f 4318/5527/4917 4340/5549/4939 4331/5540/4930
f 4309/5518/4908 4341/5550/4940 4325/5534/4924
f 4327/5536/4926 4312/5521/4911 4342/5551/4941
f 4318/5527/4917 4334/5543/4933 4340/5549/4939
f 4319/5528/4918 4320/5529/4919 4343/5552/4942
f 4323/5532/4922 4341/5550/4940 4309/5518/4908
f 4342/5551/4941 4312/5521/4911 4324/5533/4923
f 4325/5534/4924 4344/5553/4943 4321/5530/4920
f 4326/5535/4925 4315/5524/4914 4345/5554/4944
f 4324/5533/4923 4314/5523/4913 4346/5555/4945
f 4317/5526/4916 4330/5539/4929 4339/5548/4938
f 4328/5537/4927 4338/5547/4937 4347/5556/4946
f 4346/5555/4945 4314/5523/4913 4332/5541/4931
f 4305/5514/4904 4348/5557/4947 4323/5532/4922
f 4321/5530/4920 4344/5553/4943 4338/5547/4937
f 4322/5531/4921 4331/5540/4930 4349/5558/4948
f 4329/5538/4928 4348/5557/4947 4305/5514/4904
f 4345/5554/4944 4315/5524/4914 4336/5545/4935
f 4322/5531/4921 4349/5558/4948 4337/5546/4936
f 4320/5529/4919 4339/5548/4938 4343/5552/4942
f 4332/5541/4931 4326/5535/4925 4350/5559/4949
f 4334/5543/4933 4327/5536/4926 4351/5560/4950
f 4352/5561/4951 4316/5525/4915 4335/5544/4934
f 4335/5544/4934 4328/5537/4927 4353/5562/4952
f 4336/5545/4935 4316/5525/4915 4352/5561/4951
f 4308/5517/4907 4354/5563/4953 4329/5538/4928
f 4353/5562/4952 4328/5537/4927 4347/5556/4946
f 4333/5542/4932 4354/5563/4953 4308/5517/4907
f 4331/5540/4930 4340/5549/4939 4355/5564/4954
f 4350/5559/4949 4326/5535/4925 4345/5554/4944
f 4330/5539/4929 4337/5546/4936 4356/5565/4955
f 4319/5528/4918 4357/5566/4956 4333/5542/4932
f 4351/5560/4950 4327/5536/4926 4342/5551/4941
f 4340/5549/4939 4334/5543/4933 4358/5567/4957
f 4343/5552/4942 4357/5566/4956 4319/5528/4918
f 4338/5547/4937 4359/5568/4958 4347/5556/4946
f 4331/5540/4930 4355/5564/4954 4349/5558/4948
f 4339/5548/4938 4330/5539/4929 4356/5565/4955
f 4325/5534/4924 4360/5569/4959 4344/5553/4943
f 4337/5546/4936 4349/5558/4948 4361/5570/4960
f 4341/5550/4940 4360/5569/4959 4325/5534/4924
f 4358/5567/4957 4334/5543/4933 4351/5560/4950
f 4342/5551/4941 4324/5533/4923 4362/5571/4961
f 4345/5554/4944 4336/5545/4935 4363/5572/4962
f 4344/5553/4943 4364/5573/4963 4338/5547/4937
f 4362/5571/4961 4324/5533/4923 4346/5555/4945
f 4323/5532/4922 4365/5574/4964 4341/5550/4940
f 4356/5565/4955 4337/5546/4936 4361/5570/4960
f 4346/5555/4945 4332/5541/4931 4366/5575/4965
f 4366/5575/4965 4332/5541/4931 4350/5559/4949
f 4343/5552/4942 4339/5548/4938 4367/5576/4966
f 4347/5556/4946 4359/5568/4958 4368/5577/4967
f 4348/5557/4947 4365/5574/4964 4323/5532/4922
f 4338/5547/4937 4364/5573/4963 4359/5568/4958
f 4363/5572/4962 4336/5545/4935 4352/5561/4951
f 4350/5559/4949 4345/5554/4944 4369/5578/4968
f 4355/5564/4954 4340/5549/4939 4370/5579/4969
f 4339/5548/4938 4356/5565/4955 4367/5576/4966
f 4352/5561/4951 4335/5544/4934 4371/5580/4970
f 4371/5580/4970 4335/5544/4934 4353/5562/4952
f 4370/5579/4969 4340/5549/4939 4358/5567/4957
f 4329/5538/4928 4372/5581/4971 4348/5557/4947
f 4349/5558/4948 4355/5564/4954 4373/5582/4972
f 4353/5562/4952 4347/5556/4946 4374/5583/4973
f 4351/5560/4950 4342/5551/4941 4375/5584/4974
f 4374/5583/4973 4347/5556/4946 4368/5577/4967
f 4369/5578/4968 4345/5554/4944 4363/5572/4962
f 4354/5563/4953 4372/5581/4971 4329/5538/4928
f 4361/5570/4960 4349/5558/4948 4376/5585/4975
f 4375/5584/4974 4342/5551/4941 4362/5571/4961
f 4333/5542/4932 4377/5586/4976 4354/5563/4953
f 4358/5567/4957 4351/5560/4950 4378/5587/4977
f 4359/5568/4958 4379/5588/4978 4368/5577/4967
f 4357/5566/4956 4377/5586/4976 4333/5542/4932
f 4344/5553/4943 4380/5589/4979 4364/5573/4963
f 4356/5565/4955 4361/5570/4960 4381/5590/4980
f 4360/5569/4959 4380/5589/4979 4344/5553/4943
f 4343/5552/4942 4382/5591/4981 4357/5566/4956
f 4367/5576/4966 4382/5591/4981 4343/5552/4942
f 4376/5585/4975 4349/5558/4948 4373/5582/4972
f 4363/5572/4962 4352/5561/4951 4383/5592/4982
f 4362/5571/4961 4346/5555/4945 4384/5593/4983
f 4384/5593/4983 4346/5555/4945 4366/5575/4965
f 4366/5575/4965 4350/5559/4949 4385/5594/4984
f 4385/5594/4984 4350/5559/4949 4369/5578/4968
f 4341/5550/4940 4386/5595/4985 4360/5569/4959
f 4378/5587/4977 4351/5560/4950 4375/5584/4974
f 4367/5576/4966 4356/5565/4955 4381/5590/4980
f 4364/5573/4963 4387/5596/4986 4359/5568/4958
f 4365/5574/4964 4386/5595/4985 4341/5550/4940
f 4383/5592/4982 4352/5561/4951 4371/5580/4970
f 4373/5582/4972 4355/5564/4954 4388/5597/4987
f 4368/5577/4967 4379/5588/4978 4389/5598/4988
f 4369/5578/4968 4363/5572/4962 4390/5599/4989
f 4359/5568/4958 4387/5596/4986 4379/5588/4978
f 4388/5597/4987 4355/5564/4954 4370/5579/4969
f 4381/5590/4980 4361/5570/4960 4376/5585/4975
f 4348/5557/4947 4391/5600/4990 4365/5574/4964
f 4371/5580/4970 4353/5562/4952 4392/5601/4991
f 4370/5579/4969 4358/5567/4957 4393/5602/4992
f 4392/5601/4991 4353/5562/4952 4374/5583/4973
f 4393/5602/4992 4358/5567/4957 4378/5587/4977
f 4375/5584/4974 4362/5571/4961 4394/5603/4993
f 4390/5599/4989 4363/5572/4962 4383/5592/4982
f 4372/5581/4971 4391/5600/4990 4348/5557/4947
f 4374/5583/4973 4368/5577/4967 4395/5604/4994
f 4367/5576/4966 4381/5590/4980 4382/5591/4981
f 4395/5604/4994 4368/5577/4967 4389/5598/4988
f 4394/5603/4993 4362/5571/4961 4384/5593/4983
f 4354/5563/4953 4396/5605/4995 4372/5581/4971
f 4378/5587/4977 4375/5584/4974 4397/5606/4996
f 4377/5586/4976 4396/5605/4995 4354/5563/4953
f 4376/5585/4975 4373/5582/4972 4398/5607/4997
f 4384/5593/4983 4366/5575/4965 4399/5608/4998
f 4399/5608/4998 4366/5575/4965 4385/5594/4984
f 4379/5588/4978 4400/5609/4999 4389/5598/4988
f 4383/5592/4982 4371/5580/4970 4401/5610/5000
f 4385/5594/4984 4369/5578/4968 4402/5611/5001
f 4357/5566/4956 4403/5612/5002 4377/5586/4976
f 4380/5589/4979 4404/5613/5003 4364/5573/4963
f 4364/5573/4963 4404/5613/5003 4387/5596/4986
f 4402/5611/5001 4369/5578/4968 4390/5599/4989
f 4397/5606/4996 4375/5584/4974 4394/5603/4993
f 4382/5591/4981 4403/5612/5002 4357/5566/4956
f 4360/5569/4959 4405/5614/5004 4380/5589/4979
f 4381/5590/4980 4376/5585/4975 4406/5615/5005
f 4398/5607/4997 4373/5582/4972 4388/5597/4987
f 4386/5595/4985 4405/5614/5004 4360/5569/4959
f 4382/5591/4981 4381/5590/4980 4406/5615/5005
f 4401/5610/5000 4371/5580/4970 4392/5601/4991
f 4387/5596/4986 4407/5616/5006 4379/5588/4978
f 4390/5599/4989 4383/5592/4982 4408/5617/5007
f 4388/5597/4987 4370/5579/4969 4409/5618/5008
f 4409/5618/5008 4370/5579/4969 4393/5602/4992
f 4365/5574/4964 4410/5619/5009 4386/5595/4985
f 4389/5598/4988 4400/5609/4999 4411/5620/5010
f 4393/5602/4992 4378/5587/4977 4412/5621/5011
f 4394/5603/4993 4384/5593/4983 4413/5622/5012
f 4391/5600/4990 4410/5619/5009 4365/5574/4964
f 4412/5621/5011 4378/5587/4977 4397/5606/4996
f 4379/5588/4978 4407/5616/5006 4400/5609/4999
f 4406/5615/5005 4376/5585/4975 4398/5607/4997
f 4392/5601/4991 4374/5583/4973 4414/5623/5013
f 4408/5617/5007 4383/5592/4982 4401/5610/5000
f 4414/5623/5013 4374/5583/4973 4395/5604/4994
f 4413/5622/5012 4384/5593/4983 4399/5608/4998
f 4372/5581/4971 4415/5624/5014 4391/5600/4990
f 4382/5591/4981 4406/5615/5005 4403/5612/5002
f 4395/5604/4994 4389/5598/4988 4416/5625/5015
f 4397/5606/4996 4394/5603/4993 4417/5626/5016
f 4396/5605/4995 4415/5624/5014 4372/5581/4971
f 4416/5625/5015 4389/5598/4988 4411/5620/5010
f 4399/5608/4998 4385/5594/4984 4418/5627/5017
f 4418/5627/5017 4385/5594/4984 4402/5611/5001
f 4417/5626/5016 4394/5603/4993 4413/5622/5012
f 4377/5586/4976 4419/5628/5018 4396/5605/4995
f 4402/5611/5001 4390/5599/4989 4420/5629/5019
f 4398/5607/4997 4388/5597/4987 4421/5630/5020
f 4403/5612/5002 4419/5628/5018 4377/5586/4976
f 4420/5629/5019 4390/5599/4989 4408/5617/5007
f 4401/5610/5000 4392/5601/4991 4422/5631/5021
f 4404/5613/5003 4423/5632/5022 4387/5596/4986
f 4421/5630/5020 4388/5597/4987 4409/5618/5008
f 4387/5596/4986 4423/5632/5022 4407/5616/5006
f 4380/5589/4979 4424/5633/5023 4404/5613/5003
f 4400/5609/4999 4425/5634/5024 4411/5620/5010
f 4406/5615/5005 4398/5607/4997 4426/5635/5025
f 4405/5614/5004 4424/5633/5023 4380/5589/4979
f 4403/5612/5002 4406/5615/5005 4426/5635/5025
f 4422/5631/5021 4392/5601/4991 4414/5623/5013
f 4409/5618/5008 4393/5602/4992 4427/5636/5026
f 4427/5636/5026 4393/5602/4992 4412/5621/5011
f 4408/5617/5007 4401/5610/5000 4428/5637/5027
f 4412/5621/5011 4397/5606/4996 4429/5638/5028
f 4413/5622/5012 4399/5608/4998 4430/5639/5029
f 4386/5595/4985 4431/5640/5030 4405/5614/5004
f 4429/5638/5028 4397/5606/4996 4417/5626/5016
f 4407/5616/5006 4432/5641/5031 4400/5609/4999
f 4410/5619/5009 4431/5640/5030 4386/5595/4985
f 4426/5635/5025 4398/5607/4997 4421/5630/5020
f 4411/5620/5010 4433/5642/5032 4416/5625/5015
f 4430/5639/5029 4399/5608/4998 4418/5627/5017
f 4428/5637/5027 4401/5610/5000 4422/5631/5021
f 4391/5600/4990 4434/5643/5033 4410/5619/5009
f 4411/5620/5010 4425/5634/5024 4433/5642/5032
f 4414/5623/5013 4395/5604/4994 4435/5644/5034
f 4417/5626/5016 4413/5622/5012 4436/5645/5035
f 4403/5612/5002 4426/5635/5025 4419/5628/5018
f 4400/5609/4999 4432/5641/5031 4425/5634/5024
f 4435/5644/5034 4395/5604/4994 4416/5625/5015
f 4415/5624/5014 4434/5643/5033 4391/5600/4990
f 4396/5605/4995 4437/5646/5036 4415/5624/5014
f 4418/5627/5017 4402/5611/5001 4438/5647/5037
f 4436/5645/5035 4413/5622/5012 4430/5639/5029
f 4438/5647/5037 4402/5611/5001 4420/5629/5019
f 4419/5628/5018 4437/5646/5036 4396/5605/4995
f 4407/5616/5006 4423/5632/5022 4432/5641/5031
f 4421/5630/5020 4409/5618/5008 4439/5648/5038
f 4420/5629/5019 4408/5617/5007 4440/5649/5039
f 4439/5648/5038 4409/5618/5008 4427/5636/5026
f 4440/5649/5039 4408/5617/5007 4428/5637/5027
f 4422/5631/5021 4414/5623/5013 4441/5650/5040
f 4426/5635/5025 4421/5630/5020 4442/5651/5041
f 4427/5636/5026 4412/5621/5011 4443/5652/5042
f 4419/5628/5018 4426/5635/5025 4442/5651/5041
f 4443/5652/5042 4412/5621/5011 4429/5638/5028
f 4416/5625/5015 4433/5642/5032 4444/5653/5043
f 4429/5638/5028 4417/5626/5016 4445/5654/5044
f 4404/5613/5003 4446/5655/5045 4423/5632/5022
f 4445/5654/5044 4417/5626/5016 4436/5645/5035
f 4424/5633/5023 4446/5655/5045 4404/5613/5003
f 4433/5642/5032 4425/5634/5024 4447/5656/5046
f 4430/5639/5029 4418/5627/5017 4448/5657/5047
f 4441/5650/5040 4414/5623/5013 4435/5644/5034
f 4405/5614/5004 4449/5658/5048 4424/5633/5023
f 4428/5637/5027 4422/5631/5021 4450/5659/5049
f 4442/5651/5041 4421/5630/5020 4439/5648/5038
f 4416/5625/5015 4444/5653/5043 4435/5644/5034
f 4431/5640/5030 4449/5658/5048 4405/5614/5004
f 4432/5641/5031 4451/5660/5050 4425/5634/5024
f 4419/5628/5018 4442/5651/5041 4437/5646/5036
f 4448/5657/5047 4418/5627/5017 4438/5647/5037
f 4410/5619/5009 4452/5661/5051 4431/5640/5030
f 4436/5645/5035 4430/5639/5029 4453/5662/5052
f 4434/5643/5033 4452/5661/5051 4410/5619/5009
f 4432/5641/5031 4423/5632/5022 4454/5663/5053
f 4433/5642/5032 4447/5656/5046 4444/5653/5043
f 4450/5659/5049 4422/5631/5021 4441/5650/5040
f 4447/5656/5046 4425/5634/5024 4455/5664/5054
f 4415/5624/5014 4456/5665/5055 4434/5643/5033
f 4425/5634/5024 4451/5660/5050 4455/5664/5054
f 4437/5646/5036 4456/5665/5055 4415/5624/5014
f 4439/5648/5038 4427/5636/5026 4457/5666/5056
f 4453/5662/5052 4430/5639/5029 4448/5657/5047
f 4438/5647/5037 4420/5629/5019 4458/5667/5057
f 4458/5667/5057 4420/5629/5019 4440/5649/5039
f 4457/5666/5056 4427/5636/5026 4443/5652/5042
f 4432/5641/5031 4454/5663/5053 4451/5660/5050
f 4442/5651/5041 4439/5648/5038 4459/5668/5058
f 4423/5632/5022 4446/5655/5045 4454/5663/5053
f 4437/5646/5036 4442/5651/5041 4459/5668/5058
f 4440/5649/5039 4428/5637/5027 4460/5669/5059
f 4443/5652/5042 4429/5638/5028 4461/5670/5060
f 4461/5670/5060 4429/5638/5028 4445/5654/5044
f 4435/5644/5034 4444/5653/5043 4462/5671/5061
f 4435/5644/5034 4462/5671/5061 4441/5650/5040
f 4460/5669/5059 4428/5637/5027 4450/5659/5049
f 4445/5654/5044 4436/5645/5035 4463/5672/5062
f 4463/5672/5062 4436/5645/5035 4453/5662/5052
f 4444/5653/5043 4447/5656/5046 4464/5673/5063
f 4459/5668/5058 4439/5648/5038 4457/5666/5056
f 4448/5657/5047 4438/5647/5037 4465/5674/5064
f 4447/5656/5046 4455/5664/5054 4464/5673/5063
f 4437/5646/5036 4459/5668/5058 4456/5665/5055
f 4441/5650/5040 4466/5675/5065 4450/5659/5049
f 4424/5633/5023 4467/5676/5066 4446/5655/5045
f 4449/5658/5048 4467/5676/5066 4424/5633/5023
f 4451/5660/5050 4468/5677/5067 4455/5664/5054
f 4465/5674/5064 4438/5647/5037 4458/5667/5057
f 4453/5662/5052 4448/5657/5047 4469/5678/5068
f 4431/5640/5030 4470/5679/5069 4449/5658/5048
f 4452/5661/5051 4470/5679/5069 4431/5640/5030
f 4441/5650/5040 4462/5671/5061 4466/5675/5065
f 4451/5660/5050 4454/5663/5053 4468/5677/5067
f 4462/5671/5061 4444/5653/5043 4471/5680/5070
f 4471/5680/5070 4444/5653/5043 4464/5673/5063
f 4434/5643/5033 4472/5681/5071 4452/5661/5051
f 4457/5666/5056 4443/5652/5042 4473/5682/5072
f 4456/5665/5055 4472/5681/5071 4434/5643/5033
f 4454/5663/5053 4446/5655/5045 4474/5683/5073
f 4473/5682/5072 4443/5652/5042 4461/5670/5060
f 4469/5678/5068 4448/5657/5047 4465/5674/5064
f 4464/5673/5063 4455/5664/5054 4475/5684/5074
f 4459/5668/5058 4457/5666/5056 4476/5685/5075
f 4450/5659/5049 4477/5686/5076 4460/5669/5059
f 4458/5667/5057 4440/5649/5039 4478/5687/5077
f 4450/5659/5049 4466/5675/5065 4477/5686/5076
f 4456/5665/5055 4459/5668/5058 4476/5685/5075
f 4455/5664/5054 4468/5677/5067 4475/5684/5074
f 4478/5687/5077 4440/5649/5039 4460/5669/5059
f 4461/5670/5060 4445/5654/5044 4479/5688/5078
f 4479/5688/5078 4445/5654/5044 4463/5672/5062
f 4462/5671/5061 4471/5680/5070 4466/5675/5065
f 4454/5663/5053 4474/5683/5073 4468/5677/5067
f 4463/5672/5062 4453/5662/5052 4480/5689/5079
f 4476/5685/5075 4457/5666/5056 4473/5682/5072
f 4464/5673/5063 4475/5684/5074 4471/5680/5070
f 4446/5655/5045 4467/5676/5066 4474/5683/5073
f 4480/5689/5079 4453/5662/5052 4469/5678/5068
f 4456/5665/5055 4476/5685/5075 4472/5681/5071
f 4465/5674/5064 4458/5667/5057 4481/5690/5080
f 4466/5675/5065 4471/5680/5070 4482/5691/5081
f 4471/5680/5070 4475/5684/5074 4482/5691/5081
f 4465/5674/5064 4481/5690/5080 4469/5678/5068
f 4460/5669/5059 4477/5686/5076 4483/5692/5082
f 4477/5686/5076 4466/5675/5065 4484/5693/5083
f 4473/5682/5072 4461/5670/5060 4485/5694/5084
f 4481/5690/5080 4458/5667/5057 4478/5687/5077
f 4449/5658/5048 4486/5695/5085 4467/5676/5066
f 4470/5679/5069 4486/5695/5085 4449/5658/5048
f 4452/5661/5051 4487/5696/5086 4470/5679/5069
f 4484/5693/5083 4466/5675/5065 4482/5691/5081
f 4472/5681/5071 4487/5696/5086 4452/5661/5051
f 4460/5669/5059 4483/5692/5082 4478/5687/5077
f 4488/5697/5087 4475/5684/5074 4468/5677/5067
f 4468/5677/5067 4474/5683/5073 4488/5697/5087
f 4485/5694/5084 4461/5670/5060 4479/5688/5078
f 4476/5685/5075 4473/5682/5072 4489/5698/5088
f 4472/5681/5071 4476/5685/5075 4489/5698/5088
f 4477/5686/5076 4484/5693/5083 4483/5692/5082
f 4469/5678/5068 4490/5699/5089 4480/5689/5079
f 4491/5700/5090 4482/5691/5081 4475/5684/5074
f 4479/5688/5078 4463/5672/5062 4492/5701/5091
f 4469/5678/5068 4481/5690/5080 4490/5699/5089
f 4474/5683/5073 4467/5676/5066 4493/5702/5092
f 4492/5701/5091 4463/5672/5062 4480/5689/5079
f 4489/5698/5088 4473/5682/5072 4485/5694/5084
f 4491/5700/5090 4475/5684/5074 4488/5697/5087
f 4484/5693/5083 4482/5691/5081 4491/5700/5090
f 4474/5683/5073 4493/5702/5092 4488/5697/5087
f 4472/5681/5071 4489/5698/5088 4487/5696/5086
f 4478/5687/5077 4494/5703/5093 4481/5690/5080
f 4478/5687/5077 4483/5692/5082 4494/5703/5093
f 4467/5676/5066 4486/5695/5085 4493/5702/5092
f 4470/5679/5069 4487/5696/5086 4486/5695/5085
f 4483/5692/5082 4484/5693/5083 4495/5704/5094
f 4480/5689/5079 4490/5699/5089 4496/5705/5095
f 4485/5694/5084 4479/5688/5078 4497/5706/5096
f 4481/5690/5080 4498/5707/5097 4490/5699/5089
f 4497/5706/5096 4479/5688/5078 4492/5701/5091
f 4489/5698/5088 4485/5694/5084 4499/5708/5098
f 4481/5690/5080 4494/5703/5093 4498/5707/5097
f 4488/5697/5087 4500/5709/5099 4491/5700/5090
f 4487/5696/5086 4489/5698/5088 4499/5708/5098
f 4491/5700/5090 4501/5710/5100 4484/5693/5083
f 4494/5703/5093 4483/5692/5082 4502/5711/5101
f 4488/5697/5087 4493/5702/5092 4500/5709/5099
f 4502/5711/5101 4483/5692/5082 4495/5704/5094
f 4492/5701/5091 4480/5689/5079 4503/5712/5102
f 4490/5699/5089 4504/5713/5103 4496/5705/5095
f 4484/5693/5083 4501/5710/5100 4495/5704/5094
f 4503/5712/5102 4480/5689/5079 4496/5705/5095
f 4490/5699/5089 4498/5707/5097 4504/5713/5103
f 4499/5708/5098 4485/5694/5084 4497/5706/5096
f 4486/5695/5085 4487/5696/5086 4505/5714/5104
f 4493/5702/5092 4486/5695/5085 4506/5715/5105
f 4494/5703/5093 4502/5711/5101 4498/5707/5097
f 4491/5700/5090 4500/5709/5099 4501/5710/5100
f 4487/5696/5086 4499/5708/5098 4505/5714/5104
f 4493/5702/5092 4506/5715/5105 4500/5709/5099
f 4486/5695/5085 4505/5714/5104 4506/5715/5105
f 4495/5704/5094 4501/5710/5100 4502/5711/5101
f 4498/5707/5097 4502/5711/5101 4507/5716/5106
f 4497/5706/5096 4492/5701/5091 4508/5717/5107
f 4496/5705/5095 4504/5713/5103 4509/5718/5108
f 4504/5713/5103 4498/5707/5097 4510/5719/5109
f 4502/5711/5101 4501/5710/5100 4507/5716/5106
f 4499/5708/5098 4497/5706/5096 4511/5720/5110
f 4508/5717/5107 4492/5701/5091 4503/5712/5102
f 4496/5705/5095 4509/5718/5108 4503/5712/5102
f 4510/5719/5109 4498/5707/5097 4507/5716/5106
f 4505/5714/5104 4499/5708/5098 4511/5720/5110
f 4512/5721/5111 4501/5710/5100 4500/5709/5099
f 4500/5709/5099 4506/5715/5105 4512/5721/5111
f 4511/5720/5110 4497/5706/5096 4508/5717/5107
f 4513/5722/5112 4507/5716/5106 4501/5710/5100
f 4506/5715/5105 4505/5714/5104 4514/5723/5113
f 4509/5718/5108 4504/5713/5103 4515/5724/5114
f 4510/5719/5109 4507/5716/5106 4513/5722/5112
f 4515/5724/5114 4504/5713/5103 4510/5719/5109
f 4513/5722/5112 4501/5710/5100 4512/5721/5111
f 4505/5714/5104 4511/5720/5110 4514/5723/5113
f 4503/5712/5102 4509/5718/5108 4516/5725/5115
f 4506/5715/5105 4514/5723/5113 4512/5721/5111
f 4508/5717/5107 4503/5712/5102 4517/5726/5116
f 4511/5720/5110 4508/5717/5107 4518/5727/5117
f 4517/5726/5116 4503/5712/5102 4516/5725/5115
f 4513/5722/5112 4519/5728/5118 4510/5719/5109
f 4516/5725/5115 4509/5718/5108 4520/5729/5119
f 4514/5723/5113 4511/5720/5110 4518/5727/5117
f 4520/5729/5119 4509/5718/5108 4515/5724/5114
f 4512/5721/5111 4521/5730/5120 4513/5722/5112
f 4512/5721/5111 4514/5723/5113 4521/5730/5120
f 4510/5719/5109 4519/5728/5118 4515/5724/5114
f 4518/5727/5117 4508/5717/5107 4517/5726/5116
f 4513/5722/5112 4521/5730/5120 4519/5728/5118
f 4516/5725/5115 4520/5729/5119 4517/5726/5116
f 4518/5727/5117 4522/5731/5121 4514/5723/5113
f 4515/5724/5114 4519/5728/5118 4520/5729/5119
f 4514/5723/5113 4522/5731/5121 4521/5730/5120
f 4518/5727/5117 4517/5726/5116 4522/5731/5121
f 4517/5726/5116 4520/5729/5119 4523/5732/5122
f 4521/5730/5120 4522/5731/5121 4519/5728/5118
f 4520/5729/5119 4519/5728/5118 4523/5732/5122
f 4522/5731/5121 4517/5726/5116 4523/5732/5122
f 4519/5728/5118 4522/5731/5121 4523/5732/5122
